# https://github.com/mikedh/trimesh
v -1.71105087 1.82492614 -1.88923442
v -1.72120667 1.81750584 -1.89931905
v -1.71961129 1.80845654 -1.88835442
v -1.70853162 1.81143641 -1.87861300
v -1.72782576 1.80437684 -1.89511549
v -1.72899961 1.81062770 -1.90538287
v -1.71719837 1.79736495 -1.88155627
v -1.70584059 1.79762745 -1.87316906
v -1.72871721 1.76224661 -1.88176525
v -1.72441852 1.75283027 -1.87749922
v -1.71924710 1.76273084 -1.87580025
v -1.72425032 1.76929140 -1.88152039
v -1.73882246 1.73882890 -1.88867748
v -1.74841046 1.73660326 -1.89795232
v -1.74555135 1.72348428 -1.89680481
v -1.73532271 1.72541308 -1.88861477
v -1.75127470 1.76351357 -1.92817318
v -1.75490522 1.75701046 -1.92456484
v -1.75179625 1.76169014 -1.91926575
v -1.74796450 1.76749468 -1.92373466
v -1.74912953 1.77519679 -1.93559194
v -1.74373484 1.77796698 -1.93275023
v -1.74467361 1.78431511 -1.93717146
v -1.75137413 1.78144407 -1.93973339
v -1.75290406 1.75957870 -1.93433881
v -1.75611186 1.75255275 -1.93039632
v -1.74868834 1.76949859 -1.93138134
v -1.75215745 1.76646292 -1.93488610
v -1.76265669 1.76697206 -1.94132030
v -1.75946891 1.77004266 -1.93877327
v -1.76349723 1.77521014 -1.94278109
v -1.76545405 1.77014399 -1.94486773
v -1.75637388 1.76135516 -1.93686509
v -1.75721765 1.76517630 -1.93662667
v -1.76041269 1.76344121 -1.94000161
v -1.75860429 1.76005411 -1.94087660
v -1.75332355 1.77303219 -1.93809021
v -1.75728536 1.77878380 -1.94157326
v -1.76107609 1.78406310 -1.94612074
v -1.76813543 1.77892399 -1.94779730
v -1.75868177 1.74113727 -1.91695702
v -1.75760770 1.74995065 -1.92033231
v -1.75888133 1.74610472 -1.92643583
v -1.76015711 1.73941612 -1.92304885
v -1.75732410 1.75568008 -1.93976629
v -1.76491427 1.74201775 -1.94018030
v -1.76348758 1.74522758 -1.93917763
v -1.76439047 1.74862027 -1.94515371
v -1.76581037 1.74552333 -1.94548464
v -1.75927651 1.72370791 -1.91462505
v -1.76146936 1.72556281 -1.92091370
v -1.76252675 1.71834922 -1.92163742
v -1.76026070 1.71446967 -1.91602361
v -1.76400757 1.71268392 -1.92483783
v -1.76098502 1.70559382 -1.91858459
v -1.76469278 1.69420409 -1.92923856
v -1.76321030 1.69892335 -1.92391443
v -1.76605630 1.70837140 -1.92933512
v -1.76970041 1.70605445 -1.93539453
v -1.77126718 1.71682000 -1.94611847
v -1.77279246 1.71775985 -1.95203280
v -1.77730870 1.70526385 -1.95028639
v -1.77443671 1.70518136 -1.94323862
v -1.76444602 1.73540282 -1.94070220
v -1.76297855 1.73356962 -1.93682373
v -1.76421940 1.73605466 -1.93658972
v -1.76543188 1.73920727 -1.94047308
v -1.76196420 1.73203373 -1.93362224
v -1.76187527 1.73125911 -1.93218207
v -1.76239514 1.73298764 -1.93218911
v -1.76222634 1.73326492 -1.93346429
v -1.76247942 1.73347759 -1.93533254
v -1.76349437 1.73224568 -1.93659687
v -1.76253712 1.73175669 -1.93461001
v -1.76527524 1.73345804 -1.94027114
v -1.76944220 1.73620486 -1.95356584
v -1.76901889 1.73601961 -1.94956326
v -1.76628709 1.73932004 -1.94977105
v -1.76630330 1.73959160 -1.95321417
v -1.76265097 1.73538041 -1.93354285
v -1.76215494 1.73634982 -1.93090522
v -1.76285303 1.74090338 -1.93403888
v -1.76346707 1.73836923 -1.93559623
v -1.76186788 1.73792124 -1.92796218
v -1.76178455 1.73339891 -1.92991698
v -1.76161015 1.73285675 -1.92707908
v -1.76234746 1.72988367 -1.93303168
v -1.76237798 1.72736669 -1.93088043
v -1.76230574 1.73006654 -1.92991543
v -1.76370585 1.72517896 -1.93326724
v -1.76366603 1.72922516 -1.93555176
v -1.76584077 1.72958994 -1.93934453
v -1.76830029 1.73060250 -1.94431412
v -1.76846504 1.72466242 -1.94263291
v -1.76613283 1.72434640 -1.93730295
v -1.76101613 1.74304914 -1.93135345
v -1.76186156 1.72805071 -1.92609179
v -1.76025689 1.73303699 -1.92144680
v -1.76280677 1.72342920 -1.92709267
v -1.76413941 1.71970558 -1.92979312
v -1.76632738 1.71690035 -1.93438637
v -1.76894760 1.71670151 -1.94000053
v -1.77210164 1.69116640 -1.94782507
v -1.76941955 1.69190216 -1.93898070
v -1.73119414 1.80337167 -1.90799034
v -1.73171377 1.80004120 -1.89979684
v -1.73281574 1.79102015 -1.89973354
v -1.73172379 1.79334021 -1.89733613
v -1.73193753 1.79604220 -1.90277314
v -1.73295188 1.79363012 -1.90359652
v -1.72688341 1.77542710 -1.88695085
v -1.72924078 1.78004336 -1.89124751
v -1.72960985 1.77590799 -1.89187729
v -1.72953224 1.76923156 -1.88713109
v -1.73686564 1.77424788 -1.90161812
v -1.73459923 1.77295613 -1.89696825
v -1.73282754 1.78071761 -1.89896262
v -1.73443091 1.78163028 -1.90242660
v -1.73557484 1.78287029 -1.90626955
v -1.73545265 1.78363132 -1.91057456
v -1.73775589 1.77908206 -1.91164565
v -1.73797810 1.77687168 -1.90672767
v -1.73085380 1.79867029 -1.90871668
v -1.72953296 1.79828215 -1.91595888
v -1.73076439 1.79552293 -1.91502857
v -1.73242247 1.79582787 -1.90899765
v -1.72784519 1.78801441 -1.92545915
v -1.72782743 1.79051304 -1.92387640
v -1.72772574 1.79284525 -1.92698658
v -1.72877204 1.78873444 -1.92878091
v -1.73056173 1.78603649 -1.92738390
v -1.72911823 1.78673744 -1.92469358
v -1.69451058 1.84276056 -1.89239919
v -1.71166420 1.83431363 -1.90276015
v -1.69298184 1.82824540 -1.87764883
v -1.69316220 1.81296360 -1.86877334
v -1.69329405 1.79571462 -1.86479390
v -1.75381994 1.72289705 -1.90624416
v -1.75342858 1.71169400 -1.90634835
v -1.74281824 1.71071815 -1.89608324
v -1.74280787 1.69951940 -1.89972806
v -1.75434959 1.70046687 -1.90973651
v -1.75434840 1.68440878 -1.92519855
v -1.75505197 1.69080615 -1.91625595
v -1.74043310 1.68883562 -1.90628707
v -1.72483349 1.69209504 -1.89498019
v -1.72945559 1.70118308 -1.89129782
v -1.70927989 1.69831419 -1.88616741
v -1.71561933 1.68179131 -1.90053523
v -1.70273483 1.69398928 -1.88779414
v -1.72136021 1.64976215 -1.91919053
v -1.71978319 1.63603497 -1.91651714
v -1.71294940 1.63835096 -1.90209532
v -1.71440303 1.65087914 -1.90370393
v -1.73215115 1.71263552 -1.88873661
v -1.70750737 1.76810312 -1.87007034
v -1.71529782 1.77389169 -1.87637961
v -1.71193480 1.75480294 -1.87154627
v -1.66105223 1.80508137 -1.84973896
v -1.67681861 1.81189632 -1.85972667
v -1.68101454 1.79394722 -1.85529840
v -1.66628754 1.78964400 -1.84779620
v -1.64198840 1.84012294 -1.86892807
v -1.66846275 1.84431219 -1.87888110
v -1.67249727 1.82947469 -1.86910474
v -1.65105391 1.82535005 -1.85856295
v -1.65537512 1.78278160 -1.84335530
v -1.63999987 1.77250171 -1.83971024
v -1.62443435 1.78015780 -1.83975363
v -1.64073455 1.79557419 -1.84481943
v -1.60598731 1.79277182 -1.84600306
v -1.62576997 1.81143141 -1.85073054
v -1.69953322 1.67987776 -1.88819277
v -1.69107807 1.69236851 -1.88394344
v -1.71557367 1.66616595 -1.90566933
v -1.70431125 1.66620469 -1.89194250
v -1.59113514 1.80280852 -1.85933018
v -1.61295712 1.82513928 -1.86288917
v -1.61168039 1.72873688 -1.84896123
v -1.60829902 1.74673390 -1.84355259
v -1.62972581 1.74538302 -1.84238660
v -1.62943327 1.72917223 -1.84729660
v -1.59148371 1.72913575 -1.85510075
v -1.58733487 1.74956203 -1.84977806
v -1.63813889 1.68852878 -1.87207818
v -1.65024805 1.68127632 -1.88164008
v -1.63662851 1.67697191 -1.88607955
v -1.62262583 1.68339038 -1.87740386
v -1.72554862 1.79716444 -1.88792193
v -1.73094666 1.79481053 -1.89344764
v -1.72906137 1.78872824 -1.88934994
v -1.72351646 1.78866625 -1.88381302
v -1.71504200 1.78593755 -1.87789524
v -1.70510340 1.78281879 -1.87089574
v -1.68340909 1.77870703 -1.85625243
v -1.67006516 1.77659130 -1.84884942
v -1.65036130 1.76310849 -1.84217465
v -1.66165900 1.77073002 -1.84534538
v -1.64405739 1.73961425 -1.84553277
v -1.64379787 1.72950220 -1.84882808
v -1.67562675 1.69227147 -1.87785780
v -1.68372416 1.67795825 -1.88536692
v -1.67059708 1.67563367 -1.88851595
v -1.66195917 1.68646741 -1.87912035
v -1.64776564 1.66767836 -1.89406347
v -1.65914178 1.67228878 -1.89108968
v -1.69127393 1.65109420 -1.89161789
v -1.68875694 1.63838160 -1.89092910
v -1.67506814 1.63957119 -1.89092731
v -1.67821503 1.65002966 -1.89312649
v -1.66214406 1.63862777 -1.89330041
v -1.65180457 1.63849664 -1.89978158
v -1.65425909 1.64880395 -1.90110135
v -1.66455007 1.65064144 -1.89624202
v -1.72993505 1.63344646 -1.94049776
v -1.72549129 1.62139750 -1.93982291
v -1.72164536 1.62263298 -1.92784572
v -1.72434986 1.63442421 -1.93029106
v -1.68434656 1.62864423 -1.88796151
v -1.67062604 1.63269615 -1.88634014
v -1.65291595 1.69523358 -1.86894333
v -1.66245711 1.70149016 -1.86818731
v -1.65754986 1.63191748 -1.88826919
v -1.66501415 1.66090822 -1.89544654
v -1.67765689 1.66274023 -1.89230657
v -1.63741302 1.66570044 -1.90115941
v -1.62544715 1.67396545 -1.89453733
v -1.74489295 1.77203941 -1.92838037
v -1.73451769 1.78241730 -1.92081416
v -1.73262680 1.78567863 -1.91903567
v -1.73079014 1.78609371 -1.92253506
v -1.73247743 1.78394675 -1.92461479
v -1.72221553 1.82600355 -1.92566288
v -1.73090255 1.81163788 -1.93052268
v -1.73022449 1.81328082 -1.91710150
v -1.72179198 1.82368827 -1.91229236
v -1.74995780 1.75190139 -1.90049386
v -1.74992347 1.76082206 -1.90910220
v -1.75485349 1.75461268 -1.91431463
v -1.75568652 1.74505305 -1.90978920
v -1.73055995 1.78256440 -1.89415157
v -1.73000360 1.78479314 -1.89187098
v -1.73152184 1.78532529 -1.89514840
v -1.75897813 1.73295307 -1.91558313
v -1.75495160 1.73418808 -1.90729845
v -1.71806097 1.74182820 -1.87553537
v -1.72256529 1.77896357 -1.88215888
v -1.63346899 1.85245466 -1.88736832
v -1.66538262 1.85654187 -1.89705980
v -1.57989991 1.81314158 -1.87524176
v -1.60342634 1.83575177 -1.87949622
v -1.56987929 1.75174356 -1.86170614
v -1.57221925 1.73026061 -1.86692905
v -1.55917323 1.73030210 -1.87826979
v -1.55723786 1.75974441 -1.87642252
v -1.61081493 1.68003511 -1.88657510
v -1.64375138 1.63698339 -1.90710127
v -1.64547133 1.64752150 -1.90783656
v -1.69181955 1.84968829 -1.90740800
v -1.71025372 1.83980513 -1.91644323
v -1.69342470 1.77990603 -1.86279655
v -1.73547006 1.75546098 -1.88521850
v -1.73491502 1.76466894 -1.88888514
v -1.73967481 1.76407957 -1.89242697
v -1.74166393 1.75242114 -1.88986659
v -1.73211372 1.74415350 -1.88298333
v -1.72489750 1.73160839 -1.88185239
v -1.71655524 1.71824479 -1.88035476
v -1.71408641 1.70566225 -1.88341677
v -1.63000882 1.76018691 -1.83900344
v -1.60880601 1.76426160 -1.84038341
v -1.59144783 1.77169251 -1.84646261
v -1.57661545 1.77798152 -1.85966361
v -1.64059746 1.75391126 -1.84151876
v -1.56615853 1.78583825 -1.87599146
v -1.76185775 1.75252748 -1.94450486
v -1.75991929 1.74942827 -1.93717325
v -1.76024044 1.75622511 -1.94506717
v -1.77005982 1.73131156 -1.94922507
v -1.77073574 1.73196626 -1.95340741
v -1.77063680 1.72571301 -1.95302522
v -1.77002513 1.72512317 -1.94810402
v -1.75824034 1.68098712 -1.94473636
v -1.75575197 1.68189073 -1.93512559
v -1.73434711 1.64588571 -1.94051802
v -1.72852337 1.64706206 -1.93128681
v -1.76104021 1.76539195 -1.94475853
v -1.76076210 1.76592278 -1.94618118
v -1.75927269 1.76384020 -1.94607568
v -1.75954175 1.76369989 -1.94420040
v -1.76312208 1.73430943 -1.93497336
v -1.76635373 1.74697399 -1.95032263
v -1.76618242 1.74741960 -1.95321858
v -1.76656342 1.74359512 -1.95337069
v -1.76692080 1.74309731 -1.95034266
v -1.73515344 1.67736125 -1.91750371
v -1.72582316 1.66427803 -1.91989994
v -1.70278287 1.63687325 -1.89450920
v -1.70463574 1.65102506 -1.89381146
v -1.68974745 1.66510177 -1.88898695
v -1.65297973 1.65951419 -1.89847672
v -1.64356887 1.65577197 -1.90500987
v -1.63067317 1.65612948 -1.92468703
v -1.62199724 1.66471267 -1.92329383
v -1.62776375 1.66387105 -1.91110194
v -1.63552797 1.65644884 -1.91469109
v -1.74212396 1.67193425 -1.93226671
v -1.74579942 1.67153788 -1.94183624
v -1.73847222 1.66035795 -1.94076324
v -1.73371434 1.66110349 -1.93183637
v -1.76173186 1.76372051 -1.95028174
v -1.76303518 1.76384306 -1.95209551
v -1.76145327 1.76060057 -1.95135331
v -1.76070082 1.76179099 -1.94915128
v -1.75891364 1.76127148 -1.94344056
v -1.75886703 1.76046228 -1.94572163
v -1.75944710 1.75879228 -1.94557893
v -1.76201677 1.76541185 -1.94371295
v -1.76027620 1.76309514 -1.94286430
v -1.76459014 1.76866055 -1.94877064
v -1.76381183 1.76769686 -1.94593799
v -1.76871896 1.77120948 -1.94978988
v -1.76050997 1.76392794 -1.94835556
v -1.75966561 1.76212454 -1.94766700
v -1.75866699 1.76234818 -1.94438910
v -1.75848603 1.76220512 -1.94598258
v -1.76275289 1.76786923 -1.94797421
v -1.76220942 1.76687598 -1.94614387
v -1.75379825 1.78722620 -1.94388199
v -1.75382745 1.78960609 -1.94971180
v -1.76132452 1.78605437 -1.95239198
v -1.76865721 1.78102398 -1.95515215
v -1.76977825 1.77296400 -1.95622134
v -1.74024928 1.65906286 -1.94779110
v -1.73609471 1.64514709 -1.94806755
v -1.70783329 1.84189939 -1.93351531
v -1.72047412 1.82638860 -1.93841910
v -1.76207590 1.73249698 -1.93432403
v -1.73046660 1.80322266 -1.91663969
v -1.74343681 1.76560044 -1.89933717
v -1.74349034 1.77145982 -1.92080224
v -1.74685800 1.76749873 -1.91527510
v -1.74186945 1.77317953 -1.91337812
v -1.73959196 1.77629685 -1.91849864
v -1.72993898 1.80210710 -1.92584586
v -1.73374581 1.80201483 -1.93596339
v -1.73001647 1.79690123 -1.93132257
v -1.73185802 1.79075408 -1.93340600
v -1.73811734 1.79410303 -1.93798769
v -1.73844218 1.78560352 -1.93473434
v -1.73323202 1.78519154 -1.93155122
v -1.73222971 1.78853703 -1.89699197
v -1.73097134 1.78866196 -1.89432740
v -1.73885882 1.77975321 -1.93033195
v -1.74068141 1.77522469 -1.92577982
v -1.73716474 1.77870393 -1.92328286
v -1.73490119 1.78144741 -1.92768610
v -1.74348271 1.76901007 -1.90725076
v -1.72750890 1.78217757 -1.88759804
v -1.73189378 1.77351546 -1.89368963
v -1.66770673 1.70885372 -1.86609757
v -1.67727888 1.70244002 -1.87256527
v -1.69872403 1.70168591 -1.87286842
v -1.70171022 1.70043826 -1.87694943
v -1.69598663 1.70207131 -1.88055766
v -1.69323039 1.70146847 -1.87365830
v -1.66456783 1.73791552 -1.85069633
v -1.65838957 1.74280190 -1.84813488
v -1.66351283 1.74660504 -1.84976053
v -1.66608036 1.73953128 -1.85153639
v -1.66958714 1.74568343 -1.85204005
v -1.67041039 1.74985719 -1.85173500
v -1.67447305 1.74362636 -1.85467303
v -1.67186236 1.74186134 -1.85357988
v -1.66663599 1.75933480 -1.84881508
v -1.67507827 1.76290119 -1.85270047
v -1.67738152 1.75114703 -1.85538924
v -1.69641793 1.76074672 -1.86499310
v -1.69086957 1.74521852 -1.86421835
v -1.68379569 1.74895835 -1.85966527
v -1.68461132 1.76330149 -1.85922348
v -1.70295691 1.70639443 -1.87661016
v -1.70277083 1.71510458 -1.87541807
v -1.68720806 1.70077252 -1.87864804
v -1.54897261 1.74409592 -1.89404297
v -1.55075049 1.77205348 -1.89339399
v -1.61687458 1.71286106 -1.85553610
v -1.59955859 1.71056032 -1.86170578
v -1.63407874 1.71604848 -1.85382283
v -1.64823294 1.71891451 -1.85353410
v -1.58270884 1.71220660 -1.86942065
v -1.57168794 1.70800519 -1.88009191
v -1.70432401 1.74502516 -1.86831260
v -1.69630837 1.73497748 -1.86879408
v -1.62641108 1.70001042 -1.86411226
v -1.61052263 1.69664478 -1.86955285
v -1.64198267 1.70400858 -1.86084068
v -1.65406454 1.70945168 -1.85997784
v -1.59300280 1.69654799 -1.87738693
v -1.60003316 1.67980289 -1.89952993
v -1.58410108 1.69214845 -1.89374733
v -1.69296741 1.71116209 -1.86975539
v -1.69704831 1.71217251 -1.87247860
v -1.69868267 1.70587301 -1.87376595
v -1.69708788 1.70649290 -1.86983824
v -1.70936608 1.73253679 -1.87383378
v -1.69987285 1.72500753 -1.87155771
v -1.74674308 1.79056859 -1.94109154
v -1.73910701 1.79767597 -1.94475305
v -1.74663615 1.79346251 -1.94711185
v -1.73293555 1.80403423 -1.94294763
v -1.60160565 1.84524035 -1.90137732
v -1.62808216 1.85801291 -1.90868413
v -1.56182337 1.79992223 -1.89421535
v -1.57921529 1.82451177 -1.89669096
v -1.77320719 1.71752954 -1.95740318
v -1.77822566 1.70585060 -1.95689964
v -1.76295078 1.75374818 -1.94954813
v -1.76294315 1.75372219 -1.95241868
v -1.76465881 1.75049543 -1.95284104
v -1.76465821 1.75034213 -1.94991696
v -1.72808552 1.79630947 -1.92242658
v -1.61592448 1.67313433 -1.90652740
v -1.63912833 1.64669156 -1.91668856
v -1.63774681 1.63616538 -1.91637373
v -1.64637578 1.63002849 -1.89433026
v -1.63846886 1.62791872 -1.90294719
v -1.76171565 1.75717187 -1.95201337
v -1.76138198 1.75698638 -1.94930875
v -1.76153898 1.76662230 -1.94845533
v -1.76666367 1.74227571 -1.94545496
v -1.76038742 1.75950265 -1.94879878
v -1.75982523 1.76105309 -1.94769418
v -1.76150417 1.76069999 -1.95347583
v -1.76146722 1.75713897 -1.95349634
v -1.73654354 1.78098774 -1.91641045
v -1.73424280 1.78552365 -1.91461718
v -1.76583254 1.76715612 -1.95190918
v -1.76340520 1.76676655 -1.95035803
v -1.76570642 1.76699853 -1.95539379
v -1.71811259 1.62329292 -1.91313267
v -1.71012628 1.62496114 -1.90049267
v -1.76584005 1.74751878 -1.95511842
v -1.76640677 1.74367356 -1.95544827
v -1.66115355 1.86183810 -1.91820157
v -1.59654844 1.67669797 -1.91600275
v -1.58126295 1.68890846 -1.91057730
v -1.68754613 1.73533320 -1.86395419
v -1.68577886 1.72980261 -1.86287045
v -1.68112469 1.73478150 -1.85959101
v -1.68309879 1.74035239 -1.86114967
v -1.73221362 1.63287592 -1.94852924
v -1.69767272 1.62578487 -1.89249575
v -1.63183522 1.62593031 -1.91334903
v -1.73067987 1.78089499 -1.89466512
v -1.73147988 1.78016174 -1.89639556
v -1.72879303 1.79341459 -1.92020273
v -1.56289673 1.70950770 -1.90401888
v -1.76775050 1.73445797 -1.94513130
v -1.76582551 1.73746753 -1.94567728
v -1.63539505 1.64730597 -1.92653155
v -1.74758029 1.67035007 -1.94953275
v -1.76349044 1.76406324 -1.95374370
v -1.61147904 1.67285013 -1.92000496
v -1.67243612 1.73590982 -1.85430956
v -1.67615950 1.73559618 -1.85429227
v -1.67729592 1.73286533 -1.85542834
v -1.67560172 1.73282695 -1.85625398
v -1.67888987 1.73995566 -1.85344458
v -1.67865384 1.73622489 -1.85308492
v -1.67716706 1.73818588 -1.85048652
v -1.67658556 1.74141550 -1.85092759
v -1.67902744 1.74256611 -1.85752773
v -1.68045509 1.73736668 -1.85643399
v -1.67540884 1.73808932 -1.84872878
v -1.67546034 1.74087930 -1.84828234
v -1.67290962 1.74206829 -1.85001457
v -1.66882062 1.74073911 -1.85232496
v -1.67256689 1.73980188 -1.84529722
v -1.66922653 1.74107647 -1.84763503
v -1.66926134 1.73717952 -1.84208596
v -1.66535628 1.73857188 -1.84538496
v -1.66646087 1.73209190 -1.84008276
v -1.66294634 1.73288977 -1.84465361
v -1.69482827 1.71908617 -1.86971760
v -1.68949938 1.71632957 -1.86736333
v -1.66657591 1.72623587 -1.84023833
v -1.66340792 1.72623587 -1.84610450
v -1.66734874 1.71955872 -1.84202576
v -1.66421330 1.71932042 -1.84713173
v -1.66999519 1.71367931 -1.84508204
v -1.66729128 1.71295714 -1.84904242
v -1.67382455 1.70828855 -1.84840846
v -1.67163014 1.70658779 -1.85260844
v -1.67899728 1.70394826 -1.85283411
v -1.67776501 1.70079362 -1.85766852
v -1.66839623 1.73511314 -1.84537590
v -1.66695249 1.73080635 -1.84417677
v -1.66470444 1.73409271 -1.85347593
v -1.67179310 1.73824930 -1.84696496
v -1.67349076 1.72560668 -1.85606313
v -1.67092836 1.72815478 -1.85714722
v -1.67190742 1.72733235 -1.85726404
v -1.67077804 1.72485900 -1.85755169
v -1.68844008 1.72347641 -1.86521125
v -1.68583441 1.72174716 -1.86294818
v -1.68429089 1.72699118 -1.86164713
v -1.68651736 1.71784163 -1.86496460
v -1.68488026 1.71879220 -1.86520684
v -1.68372416 1.72229505 -1.86480093
v -1.68213785 1.72593141 -1.86460805
v -1.68400717 1.71652293 -1.86459899
v -1.68534458 1.71424437 -1.86456490
v -1.68295729 1.71707249 -1.86566710
v -1.68349755 1.71841717 -1.86608279
v -1.68172491 1.72040081 -1.86628175
v -1.67854762 1.72224832 -1.86440122
v -1.69196332 1.72790504 -1.86692953
v -1.67294121 1.71349454 -1.86295199
v -1.67856693 1.70746756 -1.86770034
v -1.68440938 1.70259142 -1.85822177
v -1.68631542 1.69682121 -1.86208212
v -1.69757104 1.70140910 -1.86682761
v -1.69374490 1.69632363 -1.86466014
v -1.66496408 1.72864258 -1.85518479
v -1.66548455 1.72296941 -1.85588300
v -1.68638229 1.70354176 -1.87182117
v -1.66771829 1.71721077 -1.85772753
v -1.67741108 1.70828962 -1.85403931
v -1.68087590 1.70696473 -1.85872710
v -1.67377043 1.71061420 -1.85052514
v -1.68772423 1.71196508 -1.86495340
v -1.69203198 1.70713353 -1.86528611
v -1.68897676 1.70387340 -1.86185265
v -1.68439806 1.70889974 -1.86242282
v -1.67748427 1.71220660 -1.85507953
v -1.67956018 1.71181655 -1.85916603
v -1.67594922 1.71533871 -1.85705221
v -1.67786121 1.71548080 -1.86072636
v -1.68131161 1.71501327 -1.86350799
v -1.68237245 1.71273518 -1.86261344
v -1.67591786 1.71843982 -1.86328530
v -1.67407846 1.71876574 -1.85968876
v -1.68039811 1.71707010 -1.86536169
v -1.67465711 1.71710539 -1.85415244
v -1.67325115 1.71981239 -1.85103941
v -1.67406440 1.72298217 -1.85303068
v -1.67367125 1.72067714 -1.85616219
v -1.67015350 1.71492362 -1.84823036
v -1.67261899 1.71718907 -1.84854960
v -1.67487121 1.71405458 -1.85164821
v -1.67006278 1.72086978 -1.84680736
v -1.66721225 1.72049546 -1.84607410
v -1.67150211 1.72207701 -1.84905493
v -1.67238116 1.72422433 -1.85047305
v -1.66913736 1.72994065 -1.84564960
v -1.66906595 1.72569394 -1.84589589
v -1.66683269 1.72606969 -1.84402859
v -1.67105401 1.72555637 -1.84776437
v -1.67065549 1.72882891 -1.84795606
v -1.67122340 1.72871590 -1.84937489
v -1.67118919 1.72606838 -1.84909022
v -1.67357123 1.73808122 -1.85018170
v -1.67511892 1.73796344 -1.85212815
v -1.67167437 1.73611140 -1.84878218
v -1.67061293 1.73828745 -1.85047889
v -1.67154300 1.73463154 -1.85052240
v -1.67092943 1.73786783 -1.85211670
v -1.67221022 1.73396206 -1.85178113
v -1.67333651 1.73203385 -1.85430932
v -1.71848691 1.59400594 -1.93517601
v -1.72134936 1.60828137 -1.93767548
v -1.72220755 1.60616589 -1.94827485
v -1.71694219 1.59241235 -1.94677794
v -1.67201471 1.73104572 -1.85058630
v -1.67088425 1.73180819 -1.84910381
v -1.66962349 1.73379278 -1.84698355
v -1.67338431 1.72769928 -1.85368514
v -1.67340946 1.72621202 -1.85245657
v -1.67266560 1.72726345 -1.85113430
v -1.67291379 1.72935128 -1.85260773
v -1.68192661 1.72921729 -1.86055768
v -1.67937684 1.72711778 -1.86130130
v -1.67663908 1.72267008 -1.86101723
v -1.71473241 1.57487810 -1.89828920
v -1.71051061 1.58187222 -1.88097024
v -1.70627141 1.59172070 -1.88648677
v -1.71141601 1.58635449 -1.90178359
v -1.73043323 1.54684508 -1.89516079
v -1.73637259 1.52575445 -1.89851379
v -1.73781443 1.52854872 -1.87772048
v -1.72784197 1.55345869 -1.86850345
v -1.74746072 1.50856638 -1.88557017
v -1.74447274 1.50655675 -1.90313375
v -1.77408183 1.45532906 -1.90189171
v -1.76478291 1.47215664 -1.89692700
v -1.76268971 1.47171545 -1.91279137
v -1.77189267 1.45437431 -1.91721356
v -1.80873406 1.37180150 -1.88936257
v -1.81046534 1.37336516 -1.90249979
v -1.80539644 1.35690784 -1.90905285
v -1.80254340 1.35250533 -1.89422429
v -1.75599170 1.47153223 -1.83178353
v -1.75406492 1.46135211 -1.82513392
v -1.74895978 1.47592378 -1.81978405
v -1.75042629 1.48759961 -1.82624424
v -1.70641351 1.59420502 -1.83521342
v -1.69918275 1.59893024 -1.84479284
v -1.70989299 1.58429646 -1.85838747
v -1.71942151 1.57767892 -1.84973383
v -1.77286243 1.39275873 -1.83769596
v -1.78048635 1.40108585 -1.84548783
v -1.78577375 1.38774240 -1.84896946
v -1.77861667 1.37859261 -1.84260070
v -1.75212872 1.30499125 -1.86841285
v -1.75970829 1.30324566 -1.88499832
v -1.75866723 1.28550482 -1.88799191
v -1.75029826 1.28716838 -1.87068832
v -1.71221673 1.33217120 -1.82257748
v -1.71010268 1.31535244 -1.82389915
v -1.68968844 1.31832027 -1.81601012
v -1.69118595 1.33405328 -1.81486201
v -1.77456188 1.45360684 -1.87421370
v -1.76667666 1.46973085 -1.86825633
v -1.76617265 1.47129166 -1.88201296
v -1.77500653 1.45509243 -1.88738465
v -1.72079217 1.34514713 -1.72653532
v -1.72538543 1.36921585 -1.73675835
v -1.71630096 1.36177683 -1.74739575
v -1.71140885 1.33887494 -1.73722017
v -1.72126663 1.22762954 -1.82958734
v -1.72425556 1.21160066 -1.83010769
v -1.70439398 1.21407568 -1.81965005
v -1.70205045 1.23103929 -1.82008088
v -1.75010884 1.49040174 -1.76699090
v -1.74719274 1.50272655 -1.75068998
v -1.74862909 1.51975179 -1.75753558
v -1.75376141 1.50614977 -1.77410674
v -1.76278055 1.43881512 -1.83517027
v -1.75896358 1.44962835 -1.83011091
v -1.76223385 1.45806146 -1.83718622
v -1.76679647 1.44522274 -1.84287667
v -1.69388723 1.36441600 -1.80544114
v -1.69448388 1.38006437 -1.80173707
v -1.71079791 1.37881422 -1.80627418
v -1.71241045 1.36310196 -1.81103992
v -1.71266627 1.34739959 -1.81645274
v -1.69271362 1.34906638 -1.81022179
v -1.77057374 1.44886410 -1.85178638
v -1.76435411 1.46494997 -1.84530008
v -1.76590335 1.46762645 -1.85613561
v -1.77310896 1.45170665 -1.86236465
v -1.79416323 1.34339380 -1.91569209
v -1.79021716 1.33853352 -1.89808810
v -1.74296761 1.20888662 -1.84524131
v -1.73937368 1.22469270 -1.84423530
v -1.75302052 1.22149622 -1.86295879
v -1.75688326 1.20622921 -1.86439037
v -1.76472735 1.31849062 -1.90076077
v -1.76078951 1.31918836 -1.88422334
v -1.77194750 1.32960057 -1.88373864
v -1.77529752 1.32970095 -1.89982474
v -1.76698124 1.20442498 -1.88651216
v -1.76186323 1.21881199 -1.88375711
v -1.76905191 1.21681523 -1.90316737
v -1.77428627 1.20030189 -1.90468740
v -1.75636625 1.48997474 -1.89183009
v -1.75362837 1.48893642 -1.90779901
v -1.79916096 1.37350869 -1.86604595
v -1.80466318 1.37207520 -1.87687004
v -1.79854441 1.35232806 -1.88020647
v -1.79361784 1.35479093 -1.86758173
v -1.74083602 1.43715858 -1.81293559
v -1.73416722 1.44569480 -1.80710006
v -1.74402320 1.46143878 -1.81155515
v -1.74945879 1.44940162 -1.81851709
v -1.70712125 1.19788039 -1.81603336
v -1.72843444 1.19673908 -1.82706976
v -1.77051270 1.18949127 -1.88387406
v -1.77833819 1.18504572 -1.90306020
v -1.68693125 1.45029449 -1.77987945
v -1.69467556 1.45218539 -1.78488529
v -1.69596148 1.44558990 -1.78900349
v -1.68807721 1.44481516 -1.78354061
v -1.80042398 1.37733233 -1.94059610
v -1.79864514 1.35597229 -1.93164563
v -1.80732775 1.36835122 -1.92084777
v -1.80588794 1.38624763 -1.92668891
v -1.78174138 1.34083450 -1.86869216
v -1.78625917 1.33822536 -1.88224959
v -1.76801276 1.33181930 -1.86880219
v -1.78997850 1.36874843 -1.95382845
v -1.78105211 1.34330165 -1.94174397
v -1.74997962 1.48567224 -1.92430246
v -1.75929749 1.46916175 -1.92897713
v -1.74232566 1.50399315 -1.92119598
v -1.73546958 1.52297759 -1.91844082
v -1.73366165 1.52043676 -1.93696439
v -1.73958242 1.50105929 -1.93892467
v -1.73065603 1.54293990 -1.91681075
v -1.72956288 1.53953826 -1.93557537
v -1.71707249 1.57095563 -1.91659307
v -1.71504569 1.58307338 -1.91837144
v -1.75328398 1.43923235 -1.82352006
v -1.75683701 1.42937553 -1.82779682
v -1.76022124 1.19245398 -1.86255741
v -1.62216544 1.53595579 -1.80017138
v -1.63668633 1.53713083 -1.79034793
v -1.62815607 1.52138400 -1.79218113
v -1.61497200 1.51842570 -1.80136466
v -1.72850513 1.57558107 -1.83788657
v -1.71281111 1.59333563 -1.82556951
v -1.65708733 1.46208906 -1.77051377
v -1.65957117 1.45474875 -1.77378535
v -1.65587938 1.45016742 -1.77980196
v -1.65263569 1.45967364 -1.77571785
v -1.67220747 1.44933748 -1.77149022
v -1.66684914 1.45126009 -1.76748335
v -1.66140687 1.44327140 -1.76357806
v -1.66587842 1.44054747 -1.76730943
v -1.68385208 1.21745563 -1.81523335
v -1.68085456 1.23482394 -1.81725419
v -1.63440812 1.35396111 -1.81248462
v -1.63864326 1.37074029 -1.80580759
v -1.65562665 1.36080170 -1.80471432
v -1.65236712 1.34457934 -1.81029356
v -1.58139217 1.51050675 -1.88840926
v -1.58548725 1.51375937 -1.86947691
v -1.58180642 1.49831080 -1.86951315
v -1.57772458 1.49485624 -1.88817286
v -1.60417485 1.54163039 -1.82790279
v -1.59521377 1.53463423 -1.84786999
v -1.60054016 1.54864442 -1.84810567
v -1.61079836 1.55680943 -1.82795763
v -1.60902560 1.53113592 -1.81398237
v -1.60222507 1.51388669 -1.81447780
v -1.67643070 1.36940157 -1.80221844
v -1.67959821 1.38408279 -1.79894960
v -1.68098843 1.40603423 -1.79256630
v -1.68149006 1.41550660 -1.79059184
v -1.69257295 1.41321075 -1.79320192
v -1.69353187 1.40349269 -1.79507864
v -1.69228327 1.60532010 -1.85374725
v -1.68148160 1.60711610 -1.83539462
v -1.67409539 1.61287093 -1.84647644
v -1.62025571 1.59401107 -1.86454165
v -1.62852740 1.59800291 -1.85680318
v -1.62601614 1.59301960 -1.84994340
v -1.61631215 1.58825684 -1.86210787
v -1.57115948 1.42790258 -1.86606026
v -1.57369995 1.40338933 -1.86597228
v -1.56467128 1.40535212 -1.88484323
v -1.56305528 1.42834282 -1.88411331
v -1.67257881 1.42859983 -1.78608680
v -1.66540360 1.43428028 -1.78439009
v -1.66640365 1.44232237 -1.78003883
v -1.67241538 1.43686342 -1.78219140
v -1.66278660 1.42555690 -1.78729653
v -1.67164755 1.41959095 -1.78880835
v -1.67004907 1.41055906 -1.79100025
v -1.66025007 1.41716111 -1.79005146
v -1.64522648 1.38544393 -1.80074203
v -1.65252423 1.39929652 -1.79721653
v -1.66577768 1.39175665 -1.79775929
v -1.66040897 1.37659526 -1.80046761
v -1.57804596 1.33222914 -1.89227843
v -1.57140851 1.35419405 -1.88912916
v -1.57949364 1.35312247 -1.87245107
v -1.58340240 1.32988524 -1.87533021
v -1.70750558 1.44856143 -1.78751457
v -1.70197237 1.43458772 -1.78341305
v -1.71323800 1.43535852 -1.78895509
v -1.71789169 1.44701958 -1.79237270
v -1.65780270 1.45017052 -1.74762750
v -1.65928900 1.45469916 -1.74351037
v -1.65921164 1.44778562 -1.73661053
v -1.65694809 1.44406569 -1.74087870
v -1.68583655 1.41164827 -1.77314866
v -1.67986476 1.39091861 -1.76671970
v -1.69160509 1.39351463 -1.77189517
v -1.69681823 1.41515303 -1.77890062
v -1.69613934 1.59732938 -1.80452073
v -1.69200969 1.60083938 -1.81414998
v -1.71914041 1.59103847 -1.81562424
v -1.67407823 1.42676175 -1.77120614
v -1.66570067 1.42780757 -1.76751232
v -1.65930891 1.41371632 -1.76047611
v -1.66646850 1.41033936 -1.76552081
v -1.72507429 1.35287607 -1.71216702
v -1.72874522 1.37652683 -1.72259212
v -1.66509950 1.37008369 -1.75238585
v -1.66944993 1.38959301 -1.76252389
v -1.66098011 1.39191008 -1.75715077
v -1.65674794 1.37264895 -1.74506283
v -1.65037513 1.32838070 -1.81513894
v -1.63228953 1.33674133 -1.81915164
v -1.64273107 1.22456253 -1.82166803
v -1.64025950 1.24437594 -1.82556880
v -1.65949810 1.24016666 -1.81924248
v -1.66258430 1.22172987 -1.81600833
v -1.68545234 1.20048666 -1.81251383
v -1.64445972 1.20410049 -1.81952822
v -1.66442144 1.20235896 -1.81347442
v -1.66835618 1.62248206 -1.86850774
v -1.67038298 1.61750007 -1.85740042
v -1.65156257 1.61578846 -1.86243904
v -1.65205407 1.62156868 -1.87218702
v -1.69998789 1.08966720 -1.78715897
v -1.72765386 1.09412646 -1.79444098
v -1.73380375 1.06602442 -1.79370379
v -1.70288074 1.05973470 -1.78777146
v -1.62195957 1.60684490 -1.88450062
v -1.62698269 1.61393285 -1.89148581
v -1.63761735 1.61794615 -1.88054788
v -1.63498545 1.61122227 -1.87225544
v -1.69741488 1.11612928 -1.78761077
v -1.72301161 1.11774302 -1.79524314
v -1.68363225 1.61574674 -1.87310910
v -1.68733990 1.61058962 -1.86284363
v -1.69502592 1.60663247 -1.88166547
v -1.69755816 1.59939051 -1.87336326
v -1.70505166 1.60156417 -1.89241421
v -1.75075293 1.09403968 -1.80747449
v -1.75949371 1.06872940 -1.80567515
v -1.65348506 1.62689424 -1.88114154
v -1.64094305 1.62380266 -1.88854325
v -1.63215542 1.62099457 -1.89780176
v -1.62555134 1.61945331 -1.90942967
v -1.62065625 1.61822152 -1.92280543
v -1.62539220 1.62453377 -1.92436671
v -1.71159482 1.18302011 -1.81198096
v -1.68816447 1.18366754 -1.80644798
v -1.65273368 0.94471109 -1.82155144
v -1.67266417 0.93059587 -1.82606149
v -1.64966261 0.92787135 -1.85069621
v -1.63207281 0.94018805 -1.84299076
v -1.59629142 0.95377100 -1.90303731
v -1.61289620 0.94324696 -1.87013006
v -1.62925851 0.93397820 -1.88018668
v -1.61346698 0.94662988 -1.91364682
v -1.56370831 1.07416105 -1.87599730
v -1.56724107 1.09778225 -1.87625444
v -1.57883227 1.09609818 -1.85065019
v -1.57477629 1.07292366 -1.84948623
v -1.66586351 1.18451548 -1.80780685
v -1.64521670 1.18460751 -1.81396186
v -1.73196721 1.18323922 -1.82397950
v -1.80886734 0.94466823 -1.82419348
v -1.81446195 0.91401565 -1.82836103
v -1.78368640 0.90436953 -1.81326509
v -1.77955842 0.93605649 -1.80583513
v -1.72067440 0.89271796 -1.82084692
v -1.69459641 0.89076996 -1.84173703
v -1.68449736 0.91173887 -1.83362091
v -1.71006751 0.91696650 -1.81167853
v -1.78342092 1.18101227 -1.92316210
v -1.78530335 1.16510665 -1.92276180
v -1.78033984 1.17029810 -1.90213430
v -1.78011060 1.17252040 -1.97936559
v -1.78153729 1.15715849 -1.98048925
v -1.78546250 1.15889263 -1.96256042
v -1.78412032 1.17455435 -1.96101677
v -1.76874745 1.06366718 -1.97141588
v -1.77396393 1.08683980 -1.96798444
v -1.76921248 1.08730209 -1.98205709
v -1.76459849 1.06747961 -1.98250437
v -1.76873302 1.09385300 -1.82591259
v -1.76191330 1.11500049 -1.82771897
v -1.77426803 1.11048651 -1.85157180
v -1.78303170 1.09002304 -1.85062933
v -1.64727604 0.92691565 -1.89170301
v -1.63407815 0.94351923 -1.92355168
v -1.82871318 0.95785815 -1.85062659
v -1.83690727 0.92421532 -1.85324121
v -1.84685171 0.93391156 -1.88553226
v -1.83574057 0.96548736 -1.88106465
v -1.82922971 0.96695656 -1.91145170
v -1.83998394 0.93651724 -1.91627514
v -1.74127913 0.97898579 -1.97146332
v -1.73853540 0.97113991 -1.97007298
v -1.76010871 0.99167907 -1.96138024
v -1.76008713 1.00409269 -1.96803927
v -1.57161736 0.98517776 -1.88953817
v -1.58539462 0.97797251 -1.86027288
v -1.59701347 0.95879626 -1.86458182
v -1.58188844 0.96814972 -1.89514029
v -1.62689269 1.18383014 -1.82398105
v -1.62741315 1.20468748 -1.82959414
v -1.61350000 1.20597088 -1.84257376
v -1.61268187 1.22965574 -1.84494627
v -1.62607312 1.22679007 -1.83165872
v -1.60061026 1.35929894 -1.83706653
v -1.60172558 1.37800145 -1.82806933
v -1.61767542 1.36426067 -1.81855619
v -1.61582446 1.34753418 -1.82588780
v -1.58981276 1.51925611 -1.84866309
v -1.58505952 1.50285816 -1.84964883
v -1.67335808 0.89611769 -1.86952674
v -1.68821824 0.86976349 -1.87025797
v -1.67896175 0.87782711 -1.90155864
v -1.66293168 0.91452473 -1.90870917
v -1.73030162 0.86638439 -1.82883692
v -1.75026417 0.89841658 -1.81047690
v -1.75734651 0.86999547 -1.81925809
v -1.82245946 0.88414586 -1.83620512
v -1.79059386 0.87534076 -1.82202482
v -1.85702848 0.90212655 -1.89170194
v -1.84949768 0.90529841 -1.92215919
v -1.76747286 0.92384803 -1.96811521
v -1.77190018 0.89690840 -1.96839881
v -1.79984784 0.90108806 -1.95973635
v -1.79382288 0.92840731 -1.95781827
v -1.78474462 1.05300498 -1.93819952
v -1.78972280 1.03551269 -1.92899323
v -1.79526806 1.05341542 -1.90288019
v -1.78989792 1.07089496 -1.90510166
v -1.78125775 1.19176161 -1.95927739
v -1.77841949 1.18897629 -1.97446895
v -1.77975512 1.19725204 -1.92336297
v -1.78212678 1.19460094 -1.94237983
v -1.78521383 1.17745066 -1.94306719
v -1.77325737 1.26762736 -1.95039630
v -1.77498519 1.24980950 -1.95430934
v -1.77413523 1.24965680 -1.93474138
v -1.77266490 1.26699448 -1.92996752
v -1.77093017 1.28597069 -1.92521346
v -1.77141857 1.28707969 -1.94590974
v -1.76449394 1.32564044 -1.93911076
v -1.76632059 1.32073116 -1.91900933
v -1.77801728 1.33296084 -1.91921461
v -1.74632704 1.48232603 -1.94165730
v -1.75453889 1.46531701 -1.94516397
v -1.78233433 1.06633437 -1.82520759
v -1.67714846 0.91856778 -1.94097912
v -1.68551993 0.88558853 -1.93328249
v -1.70276046 0.88996476 -1.95427024
v -1.69678688 0.91856825 -1.95868182
v -1.74353862 1.11639249 -1.80953240
v -1.74648321 1.19505858 -1.84289765
v -1.74971342 1.18162668 -1.83948112
v -1.73505783 1.33386040 -1.83636034
v -1.72829616 1.31333876 -1.83668423
v -1.80985057 1.37802839 -1.91242802
v -1.80824924 1.39090109 -1.91332424
v -1.74259603 0.92586499 -1.80094576
v -1.86599088 0.87023550 -1.89847100
v -1.85871458 0.87272972 -1.92708063
v -1.86627197 0.83958638 -1.93236899
v -1.87443674 0.83695865 -1.90496886
v -1.75343108 0.86427844 -1.96708059
v -1.76250076 0.83183056 -1.96418810
v -1.78549850 0.83707917 -1.96640325
v -1.77809179 0.86786801 -1.96771407
v -1.77321565 0.80051982 -1.96288288
v -1.78167892 0.76881850 -1.96308100
v -1.80429924 0.77131176 -1.96905971
v -1.79644370 0.80487943 -1.96751308
v -1.84590161 0.89394855 -1.86040401
v -1.84283614 0.82589370 -1.85470617
v -1.83292985 0.85589993 -1.84676421
v -1.85497558 0.86328506 -1.86894357
v -1.86424518 0.83102906 -1.87635040
v -1.70610976 0.86575329 -1.84663856
v -1.74218392 0.92006564 -1.97205710
v -1.74689531 0.89436644 -1.96973598
v -1.72607827 0.82373977 -1.94296765
v -1.71293867 0.85698354 -1.94857466
v -1.69768667 0.85091090 -1.92693055
v -1.71320057 0.81818914 -1.92166150
v -1.75782347 0.81438279 -1.84024084
v -1.74369705 0.84004927 -1.83528602
v -1.77148008 0.84416795 -1.82792544
v -1.78497005 0.81817096 -1.83460712
v -1.80238426 0.84919715 -1.83200753
v -1.81470287 0.82088494 -1.84061563
v -1.86325288 0.76554883 -1.87169731
v -1.85288167 0.79580116 -1.86332345
v -1.87322390 0.79945135 -1.88474309
v -1.88273311 0.76793730 -1.89282084
v -1.83789885 0.76380789 -1.85536742
v -1.82645726 0.79243124 -1.84796429
v -1.81107211 0.76415896 -1.84945440
v -1.79860544 0.79114366 -1.84132969
v -1.78632045 0.76373768 -1.85442388
v -1.77256405 0.78940427 -1.84654427
v -1.76707232 0.76310194 -1.86335254
v -1.75132191 0.78724611 -1.85828829
v -1.73499227 0.78610730 -1.87624300
v -1.75212753 0.76231551 -1.87879336
v -1.74390662 0.76260924 -1.89833903
v -1.72762096 0.78813791 -1.89738345
v -1.75053787 0.76522350 -1.93724430
v -1.73939753 0.79338431 -1.93949425
v -1.72842515 0.79012084 -1.91998255
v -1.74286103 0.76358485 -1.91887057
v -1.76779079 0.67328835 -1.92957866
v -1.76533842 0.69232309 -1.93303573
v -1.76933837 0.69588554 -1.91530859
v -1.77253306 0.67741907 -1.91275716
v -1.77991092 0.68139982 -1.89761317
v -1.77778697 0.69883275 -1.89993036
v -1.78653693 0.70016706 -1.88548303
v -1.78930128 0.68333876 -1.88283753
v -1.81598186 0.69596124 -1.86665392
v -1.81716228 0.67734611 -1.86350858
v -1.80084169 0.68201256 -1.87075269
v -1.79895854 0.69932055 -1.87277019
v -1.83709872 0.69116294 -1.86495268
v -1.83734131 0.66931975 -1.86267078
v -1.86005235 0.68277717 -1.87150502
v -1.85565996 0.65797663 -1.87250400
v -1.87861252 0.67294455 -1.88943017
v -1.86937392 0.64679563 -1.89113629
v -1.80456913 0.68252718 -1.96640468
v -1.78489625 0.68602097 -1.96155381
v -1.78097606 0.66477680 -1.95570087
v -1.79781222 0.65931582 -1.96154523
v -1.85345936 0.66861236 -1.97031569
v -1.83741987 0.64242506 -1.95894825
v -1.86407351 0.63719571 -1.95753813
v -1.88154423 0.66280258 -1.96332204
v -1.87384832 0.73429453 -1.87833810
v -1.84771490 0.73618150 -1.86307251
v -1.82212138 0.73862243 -1.85741556
v -1.79944003 0.74023521 -1.86144173
v -1.75803304 0.73835766 -1.93636918
v -1.75421762 0.73817527 -1.91744018
v -1.80856895 0.73858869 -1.97014928
v -1.78682065 0.73879611 -1.96422029
v -1.90120912 0.69699204 -1.93504083
v -1.89705455 0.69854367 -1.90845144
v -1.89197946 0.73324394 -1.90010631
v -1.89548612 0.73414350 -1.92759347
v -1.85617805 0.70923686 -1.86909974
v -1.83130360 0.71455657 -1.86318064
v -1.80995011 0.71771109 -1.86569726
v -1.77917016 0.71891499 -1.88404608
v -1.79254544 0.71934354 -1.87179005
v -1.76957345 0.71750152 -1.89904511
v -1.76248622 0.71397436 -1.93465197
v -1.76260185 0.71567881 -1.91612482
v -1.80866814 0.70862091 -1.96879160
v -1.78788674 0.71140492 -1.96364117
v -1.88422906 0.63421202 -1.93557465
v -1.88501287 0.63667715 -1.91008401
v -1.89549851 0.66463256 -1.91084254
v -1.89973307 0.66128051 -1.93805182
v -1.86023831 0.61378920 -1.92850506
v -1.84481525 0.61632001 -1.94507515
v -1.78470743 0.67360079 -1.87639487
v -1.77483344 0.67252064 -1.89133990
v -1.79700232 0.67024958 -1.86465549
v -1.84442937 0.63459766 -1.87046432
v -1.83112800 0.65007794 -1.85658991
v -1.85693789 0.62089670 -1.88802159
v -1.86634588 0.61510682 -1.90820849
v -1.76196074 0.63441598 -1.93546462
v -1.77487671 0.62422585 -1.94080842
v -1.78952992 0.64239812 -1.95235884
v -1.77596414 0.64937019 -1.94765055
v -1.75101697 0.65379584 -1.91329825
v -1.76560283 0.66207576 -1.92406571
v -1.76895142 0.66732800 -1.90801585
v -1.75161028 0.66225469 -1.89715660
v -1.76799572 0.66563785 -1.86338806
v -1.75764692 0.66617775 -1.87938821
v -1.78211296 0.66052520 -1.85040963
v -1.81382442 0.63061786 -1.84949338
v -1.79902124 0.64794958 -1.84305370
v -1.81306541 0.66317594 -1.85594833
v -1.82680964 0.61161280 -1.86404097
v -1.80412829 0.57679600 -1.87643242
v -1.80418622 0.58888859 -1.85261321
v -1.83188498 0.59665799 -1.88765919
v -1.70503330 0.52303904 -1.86275506
v -1.67357731 0.50539500 -1.85111606
v -1.68419111 0.50582367 -1.83421314
v -1.71630907 0.52272457 -1.84261250
v -1.73870349 0.62107408 -1.92680991
v -1.75275671 0.60814559 -1.93100226
v -1.72753251 0.65447927 -1.88417804
v -1.72625017 0.64496469 -1.90238583
v -1.76605463 0.59353906 -1.82304120
v -1.75158894 0.61404634 -1.81654322
v -1.77707839 0.63063705 -1.82932007
v -1.79204845 0.61113000 -1.83672607
v -1.66570067 0.55744499 -1.90226376
v -1.69438887 0.57505041 -1.91400671
v -1.68153191 0.59074885 -1.90812862
v -1.65362954 0.57268912 -1.89680326
v -1.70053029 0.64108825 -1.87361753
v -1.67364025 0.62412655 -1.86311233
v -1.67194510 0.61557043 -1.88213313
v -1.69919896 0.63182533 -1.89254332
v -1.70688438 0.55500132 -1.80537713
v -1.69349182 0.57357019 -1.79878676
v -1.72359729 0.59519440 -1.80583429
v -1.73766708 0.57501823 -1.81270325
v -1.77686489 0.55815977 -1.86335742
v -1.74767387 0.54041547 -1.85145533
v -1.74816883 0.55454868 -1.82947290
v -1.77706790 0.57170755 -1.83942938
v -1.76599836 0.55810171 -1.88561213
v -1.73657727 0.54058486 -1.87330508
v -1.60421157 0.52951890 -1.86412823
v -1.61036921 0.51561528 -1.86790848
v -1.63805890 0.53737956 -1.88575304
v -1.62902391 0.55203003 -1.88160312
v -1.64796162 0.60294259 -1.85207903
v -1.62402725 0.57765359 -1.84062004
v -1.62179482 0.57211906 -1.85742199
v -1.64530921 0.59607118 -1.87085497
v -1.64227760 0.51291901 -1.79342139
v -1.63060939 0.52783018 -1.78970253
v -1.66265535 0.55045408 -1.79414642
v -1.67485404 0.53471071 -1.79913580
v -1.65089393 0.48759872 -1.82400429
v -1.65122867 0.49724132 -1.80523384
v -1.68517399 0.51703733 -1.81338501
v -1.64163709 0.48690397 -1.83968866
v -1.61145115 0.46690112 -1.82874858
v -1.61928785 0.46721226 -1.81565022
v -1.57799673 0.50667065 -1.84912586
v -1.58485126 0.49454874 -1.85142481
v -1.57257664 0.52250153 -1.83344316
v -1.59764409 0.54658610 -1.84400356
v -1.59989703 0.55220050 -1.83025873
v -1.57418251 0.52821690 -1.82110345
v -1.61013412 0.54674560 -1.80106914
v -1.58430386 0.52263051 -1.79488075
v -1.57832658 0.52814692 -1.80709636
v -1.60385466 0.55212706 -1.81420779
v -1.60155559 0.50633293 -1.78679252
v -1.59184837 0.51611441 -1.78919709
v -1.61944103 0.53923219 -1.79213500
v -1.61353397 0.49242228 -1.78901458
v -1.62032652 0.47723907 -1.79937589
v -1.67480242 0.94591939 -1.95717824
v -1.67444742 0.94044089 -1.94814920
v -1.69479048 0.93724072 -1.96226823
v -1.69484842 0.94589561 -1.96745765
v -1.81678188 0.83903056 -1.96283329
v -1.80801749 0.87115347 -1.96071053
v -1.83100855 0.77196479 -1.96957922
v -1.82537484 0.80581677 -1.96640539
v -1.83457124 0.73737776 -1.97134650
v -1.82683170 0.67533100 -1.96725571
v -1.83350492 0.70443881 -1.97030842
v -1.81703925 0.65076077 -1.95913470
v -1.80591381 0.63094056 -1.94967544
v -1.78891802 0.61182714 -1.93898392
v -1.74217606 0.57770973 -1.91841733
v -1.76788688 0.59510201 -1.92737877
v -1.72437453 0.59150308 -1.92314589
v -1.68107986 0.54074579 -1.89640212
v -1.71212792 0.55926770 -1.90845644
v -1.61994791 0.50175375 -1.86344349
v -1.65013647 0.52132422 -1.88018501
v -1.59390545 0.48240620 -1.84720206
v -1.80319881 0.98439640 -1.93134153
v -1.79738927 1.00559688 -1.92718625
v -1.78075314 0.98995280 -1.94775307
v -1.78450155 0.97336471 -1.95127106
v -1.71814287 0.96187210 -1.97227728
v -1.71324456 0.95926285 -1.97204590
v -1.72436428 0.96259946 -1.97181022
v -1.72751725 0.96699429 -1.97201586
v -1.88043451 0.70249200 -1.88467193
v -1.78125429 0.74039793 -1.86864054
v -1.75832570 0.73895562 -1.89905465
v -1.76743925 0.73958087 -1.88190544
v -1.86222410 0.70042586 -1.97171032
v -1.88892269 0.69724691 -1.96041155
v -1.88432372 0.73526490 -1.95309174
v -1.86126816 0.73522246 -1.96749496
v -1.79134226 0.57371360 -1.89663243
v -1.78126347 0.58186263 -1.91557658
v -1.75489783 0.56568176 -1.90369570
v -1.81695390 0.58792776 -1.90724814
v -1.76140141 0.64713943 -1.83388698
v -1.74683487 0.65585113 -1.84727705
v -1.70921063 0.64465082 -1.85291302
v -1.73517346 0.65790999 -1.86474264
v -1.72109592 0.64192426 -1.83365655
v -1.85314298 0.80446875 -1.95787191
v -1.85777116 0.77054894 -1.96269476
v -1.87938595 0.77086425 -1.94561899
v -1.87311053 0.80573475 -1.93866575
v -1.63802576 1.26382649 -1.82966185
v -1.65616751 1.25858223 -1.82413316
v -1.77188599 1.35554552 -1.84603512
v -1.77695596 1.34622836 -1.85659587
v -1.76196635 1.33679843 -1.85514009
v -1.75545144 1.34589696 -1.84247446
v -1.75193393 1.35817313 -1.83293319
v -1.76749587 1.36765718 -1.83770669
v -1.74847674 1.37199712 -1.82589495
v -1.76267672 1.38177466 -1.83148563
v -1.72797644 1.43148172 -1.80744803
v -1.72322118 1.43995762 -1.80400658
v -1.75984550 1.32540524 -1.95988762
v -1.76422536 1.30667639 -1.96271336
v -1.76823854 1.30576432 -1.94237363
v -1.78710580 1.16124964 -1.94353020
v -1.78284836 1.08843207 -1.93033969
v -1.77875280 1.08676624 -1.95111585
v -1.77421379 1.06198931 -1.95662141
v -1.74966180 1.00237644 -1.97981203
v -1.73747003 0.98798835 -1.98252726
v -1.72527957 0.97145903 -1.97769988
v -1.71858680 0.96374822 -1.97562897
v -1.59294653 1.32501268 -1.86006355
v -1.58989644 1.34781337 -1.85695899
v -1.58542848 1.52471220 -1.88878477
v -1.59038043 1.52841878 -1.86875105
v -1.59856522 1.55438542 -1.86973059
v -1.59337258 1.55026197 -1.88955748
v -1.59647059 1.56214690 -1.89138305
v -1.60171962 1.56572080 -1.87197578
v -1.61806893 1.61263680 -1.90550482
v -1.61280608 1.60341156 -1.90104866
v -1.69928885 0.95764107 -1.96936417
v -1.69151258 0.95463735 -1.96780765
v -1.70733321 0.95638388 -1.97224975
v -1.76339507 0.94583482 -1.96768653
v -1.76123166 0.96311611 -1.96634257
v -1.73730075 0.95398170 -1.97375274
v -1.73941255 0.94005197 -1.97345579
v -1.77602923 0.96975166 -1.80105257
v -1.80541074 0.97885847 -1.82200241
v -1.66300082 0.91495824 -1.86085033
v -1.65016139 1.33131361 -1.71748126
v -1.65345442 1.35279608 -1.73173869
v -1.64769363 1.35663104 -1.72050250
v -1.64585102 1.33459651 -1.70603979
v -1.58005750 1.42719305 -1.84611797
v -1.58636427 1.39903975 -1.84295022
v -1.70260417 1.59235263 -1.86599803
v -1.73559630 1.57978499 -1.79330349
v -1.72728825 1.58685267 -1.80507147
v -1.74261880 1.56866670 -1.81508911
v -1.74940419 1.56276298 -1.80609930
v -1.65878797 1.55094516 -1.78043890
v -1.64649892 1.55318522 -1.78869510
v -1.66062844 1.56959105 -1.78732324
v -1.67222357 1.56539774 -1.77923322
v -1.57178175 1.04772699 -1.85067546
v -1.56106615 1.05072236 -1.87759531
v -1.59241295 1.26112568 -1.87923098
v -1.58915997 1.28426158 -1.87907052
v -1.59751737 1.27885115 -1.86343837
v -1.60056007 1.25578070 -1.86236537
v -1.59610629 1.41194534 -1.82439303
v -1.60822475 1.39351797 -1.81655180
v -1.78896332 1.39430547 -1.95727968
v -1.79586983 1.39949393 -1.94256830
v -1.78810918 1.41904163 -1.94107258
v -1.78225243 1.41538823 -1.95722413
v -1.65349507 1.39827347 -1.71594799
v -1.64883256 1.38466358 -1.72375977
v -1.65110874 1.40297341 -1.73976719
v -1.65189505 1.41287231 -1.73439693
v -1.69716930 0.93934453 -1.80464256
v -1.73245931 0.95988476 -1.79258156
v -1.67031813 1.28834498 -1.81946564
v -1.67272294 1.27054381 -1.82137418
v -1.65248919 1.27722037 -1.82469344
v -1.65015924 1.29486322 -1.82242846
v -1.67143643 1.33828282 -1.81111848
v -1.66967154 1.32239580 -1.81380963
v -1.67372787 1.35365629 -1.80607879
v -1.67836499 1.44876933 -1.77536929
v -1.68028533 1.44619954 -1.77962160
v -1.67392254 1.44908237 -1.77666378
v -1.78919339 0.95344555 -1.95485616
v -1.77871811 1.01352632 -1.94839919
v -1.77494395 1.02520180 -1.95618093
v -1.70720625 0.95965326 -1.97110009
v -1.70980084 0.96025467 -1.97296131
v -1.70675862 1.61327136 -1.89728928
v -1.69496119 1.61559772 -1.88859665
v -1.67565942 1.40953040 -1.76904547
v -1.68297625 1.42809534 -1.77457988
v -1.69165528 1.42280459 -1.79110539
v -1.68907797 1.43220282 -1.78723860
v -1.69973934 1.43324316 -1.79296100
v -1.70309699 1.42375016 -1.79619408
v -1.68155730 1.42431736 -1.78783929
v -1.67991483 1.43337083 -1.78381169
v -1.75747681 1.47989655 -1.83994198
v -1.75177264 1.49702048 -1.83432448
v -1.75153780 1.50329494 -1.84343326
v -1.75882220 1.48528194 -1.84945285
v -1.75829768 1.48703933 -1.86166704
v -1.75087786 1.50606692 -1.85491455
v -1.74908102 1.50788486 -1.86865306
v -1.75758576 1.48889804 -1.87591863
v -1.71913910 1.57260311 -1.87567985
v -1.72387898 1.56473327 -1.89561152
v -1.72443092 1.55965960 -1.91618454
v -1.72445309 1.55542302 -1.93473911
v -1.60929239 1.59296227 -1.89667356
v -1.61782765 1.59698975 -1.87610340
v -1.61056185 1.58532774 -1.87677670
v -1.60516310 1.58213985 -1.89484382
v -1.59920371 1.58074045 -1.91232741
v -1.60370648 1.59142530 -1.91442633
v -1.71283519 1.59927678 -1.90546203
v -1.71739817 1.59653747 -1.92084587
v -1.71661758 1.58046937 -1.93361592
v -1.72193635 1.35852695 -1.69725835
v -1.72509480 1.38145173 -1.70712125
v -1.66808295 1.62729955 -1.87928629
v -1.68249393 1.62192583 -1.88225007
v -1.71187079 1.36177111 -1.68406498
v -1.71516502 1.38552046 -1.69435132
v -1.74182808 1.54913664 -1.83703196
v -1.74711049 1.54635561 -1.82568502
v -1.73569584 1.57270861 -1.82603037
v -1.71555400 1.61145604 -1.90941024
v -1.71995485 1.60990286 -1.92406738
v -1.77405286 1.00144875 -1.80155885
v -1.80106521 1.01013374 -1.82256389
v -1.71753526 1.24394381 -1.82957053
v -1.73529160 1.24057913 -1.84244311
v -1.76355660 1.26925504 -1.98824656
v -1.76498795 1.25187111 -1.99023938
v -1.77189517 1.25051796 -1.97274148
v -1.77009296 1.26860547 -1.96969187
v -1.75247073 1.32466388 -1.98006487
v -1.75640714 1.30678463 -1.98255301
v -1.72756171 1.61999750 -1.94874561
v -1.77770913 1.21212173 -1.95831251
v -1.77644432 1.23211789 -1.95681059
v -1.77282524 1.23165238 -1.97469497
v -1.77251947 1.20895600 -1.97663164
v -1.77471590 1.18701649 -1.98621142
v -1.77636719 1.17828262 -1.98806393
v -1.76600850 1.04527211 -1.97466838
v -1.76163828 1.04768360 -1.98307192
v -1.73849058 1.43261492 -1.76207113
v -1.74175501 1.44122267 -1.74738216
v -1.74477971 1.45923388 -1.75422430
v -1.74171615 1.44902158 -1.76815248
v -1.77549434 1.21553612 -1.92172170
v -1.77846432 1.21427667 -1.94065833
v -1.74396324 1.42810285 -1.81816471
v -1.73129690 1.42191064 -1.81163085
v -1.76863837 1.34282565 -1.96189678
v -1.80022836 1.40473735 -1.92723417
v -1.79194582 1.42169309 -1.92523980
v -1.80236876 1.40732455 -1.91218948
v -1.79367352 1.42321062 -1.90985572
v -1.70065582 0.95765078 -1.97033346
v -1.69634378 0.96018064 -1.96797645
v -1.67820871 1.46806550 -1.72412837
v -1.67257833 1.46233964 -1.72656286
v -1.67113006 1.47286355 -1.73294532
v -1.67705154 1.47905779 -1.72964704
v -1.72025633 0.91954541 -1.96949077
v -1.71686339 0.93683290 -1.97172785
v -1.65564072 0.94517863 -1.93433189
v -1.65997636 0.94885069 -1.95069885
v -1.64930344 0.95664728 -1.95117176
v -1.64122629 0.95886302 -1.94852674
v -1.82813489 0.90253961 -1.94510043
v -1.81979108 0.93306512 -1.93996143
v -1.83712649 0.87064230 -1.94826412
v -1.84508789 0.83722973 -1.95265710
v -1.82311606 0.62140644 -1.94598198
v -1.80814981 0.59971869 -1.92922783
v -1.72491598 0.54849368 -1.89135873
v -1.69398427 0.53089732 -1.87895930
v -1.66180277 0.51175636 -1.86559260
v -1.60292721 0.47261745 -1.83921111
v -1.62988496 0.49210495 -1.85219157
v -1.69977307 1.36161399 -1.67609060
v -1.68613732 1.35797930 -1.67143834
v -1.68670130 1.38405371 -1.68298829
v -1.70193493 1.38804781 -1.68709135
v -1.67554569 1.37046170 -1.75776410
v -1.67139983 1.35061359 -1.74698400
v -1.68231714 1.35078108 -1.75246489
v -1.68687010 1.37190771 -1.76238286
v -1.66688550 1.32983458 -1.73554790
v -1.66171360 1.35128760 -1.74059081
v -1.65774715 1.33022928 -1.72717297
v -1.64655030 1.34009922 -1.69395232
v -1.64715815 1.36238122 -1.70851839
v -1.65235865 1.37064552 -1.69783139
v -1.65248251 1.34540248 -1.68314421
v -1.67302370 1.35353255 -1.67116845
v -1.66139293 1.34936452 -1.67530811
v -1.66170299 1.37459350 -1.68841302
v -1.67377830 1.37899041 -1.68371975
v -1.70002353 1.33399546 -1.74309814
v -1.70501196 1.35605216 -1.75363743
v -1.69370401 1.35212660 -1.75505674
v -1.68875313 1.33124626 -1.74431658
v -1.73806310 1.44881845 -1.73140609
v -1.74254405 1.46840334 -1.73896205
v -1.72806895 1.45256770 -1.80272603
v -1.72149360 1.45508122 -1.79741740
v -1.73336077 1.45540905 -1.79700434
v -1.73813188 1.45972717 -1.80304992
v -1.73300958 1.40080893 -1.73319578
v -1.72907519 1.40518606 -1.71677101
v -1.73373437 1.42823744 -1.72549164
v -1.73783362 1.42211723 -1.74124897
v -1.70956981 1.37845516 -1.76381707
v -1.71482277 1.40048981 -1.77457166
v -1.70363641 1.39569569 -1.77571642
v -1.69850576 1.37382770 -1.76529646
v -1.65470088 1.39692259 -1.74939036
v -1.65068364 1.37755156 -1.73547792
v -1.73351753 1.44047213 -1.78015053
v -1.73030305 1.42537212 -1.77446747
v -1.74714434 1.41868293 -1.82120192
v -1.70554280 1.41408527 -1.79822314
v -1.70725441 1.40370417 -1.80051231
v -1.78841019 1.35955811 -1.85752499
v -1.79340243 1.37521648 -1.85782886
v -1.72770846 1.38111830 -1.81379497
v -1.73065364 1.36582875 -1.81903601
v -1.78854036 1.37722743 -1.85191822
v -1.78338146 1.36713254 -1.84924734
v -1.76508355 1.30281711 -1.90241635
v -1.71809697 1.56772792 -1.93344033
v -1.72599399 1.40777850 -1.76718092
v -1.73444831 1.41442394 -1.75538468
v -1.65346789 1.42480898 -1.74699235
v -1.65479469 1.41851306 -1.75345373
v -1.65986502 1.43124795 -1.76299977
v -1.65697050 1.43494177 -1.75708985
v -1.62059510 1.43407261 -1.80181706
v -1.62957025 1.42090583 -1.79963124
v -1.61851275 1.40749526 -1.80727422
v -1.60781491 1.42251992 -1.81132054
v -1.69139314 1.47097874 -1.71784496
v -1.69195807 1.48514700 -1.72305989
v -1.70353544 1.48460889 -1.72071719
v -1.70147955 1.46795082 -1.71524489
v -1.71727121 1.48217630 -1.72108316
v -1.73182440 1.47615731 -1.72560954
v -1.72768331 1.45663941 -1.72024572
v -1.71372223 1.46349669 -1.71553230
v -1.73811388 1.03230476 -1.79233980
v -1.70561099 1.03211141 -1.78743780
v -1.77269924 1.17480612 -1.88132918
v -1.76334929 1.17809796 -1.85935307
v -1.78530455 1.09464216 -1.90453017
v -1.73714352 0.96609360 -1.97137010
v -1.76071203 0.98205799 -1.96238768
v -1.72437346 0.89195883 -1.96620417
v -1.76646149 1.03524780 -1.80377388
v -1.74377263 0.82798898 -1.95664370
v -1.73242116 0.86078203 -1.96089387
v -1.71081781 0.81406963 -1.89644754
v -1.69409847 0.84361815 -1.89762700
v -1.70306230 0.83998787 -1.87150943
v -1.71872437 0.81214130 -1.87349498
v -1.72000337 0.83878815 -1.85078728
v -1.73533309 0.81188798 -1.85458040
v -1.88917291 0.77110434 -1.92062068
v -1.68103671 0.62671924 -1.84195626
v -1.66510987 0.59970677 -1.81479764
v -1.65464830 0.60392344 -1.83243883
v -1.69329906 0.62304008 -1.82288015
v -1.73614001 0.63103342 -1.82031155
v -1.70846498 0.61250746 -1.81035578
v -1.71773243 0.53595001 -1.82173896
v -1.62949252 0.57826585 -1.82307374
v -1.63747907 0.57287508 -1.80746877
v -1.67943597 0.58920473 -1.80300009
v -1.64966750 0.56407601 -1.79723787
v -1.71586311 0.94882751 -1.97332585
v -1.62778294 0.95760345 -1.94393241
v -1.81482553 1.01882601 -1.84900701
v -1.82093430 0.98954701 -1.84822118
v -1.79234171 1.02192414 -1.92548227
v -1.80217445 1.03470063 -1.90246809
v -1.75803053 1.23393226 -1.87993872
v -1.76487589 1.23260057 -1.89955866
v -1.75104344 1.26830900 -1.87319279
v -1.75378919 1.25074816 -1.87621605
v -1.74457216 1.25429690 -1.85763264
v -1.74077892 1.27112198 -1.85586631
v -1.71108544 1.27851129 -1.82750332
v -1.71373487 1.26058054 -1.82908237
v -1.69385779 1.26476729 -1.82227373
v -1.69104981 1.28306818 -1.82058358
v -1.67650092 1.25270557 -1.82049417
v -1.69765306 1.24729693 -1.82170200
v -1.60696912 1.29602599 -1.84955192
v -1.60453844 1.31811106 -1.84693384
v -1.61740875 1.31066060 -1.83642519
v -1.62014830 1.28988838 -1.83888841
v -1.77051318 1.03723645 -1.96516466
v -1.72045577 0.95950878 -1.97326469
v -1.81181097 0.96079898 -1.93544436
v -1.81745756 0.99411249 -1.90588009
v -1.82453704 0.99414909 -1.87666023
v -1.69221318 1.43145680 -1.77835977
v -1.65088737 1.44366813 -1.78442526
v -1.64678955 1.45497108 -1.78229868
v -1.72310662 1.43508887 -1.71393025
v -1.70903289 1.44266593 -1.70963907
v -1.72025537 1.41957736 -1.78336608
v -1.74727547 1.47496343 -1.76068246
v -1.74636233 1.47772861 -1.78124332
v -1.74359465 1.46416783 -1.77428234
v -1.78862333 1.08359027 -1.87684333
v -1.79842472 1.06250834 -1.87661970
v -1.79578888 1.06589282 -1.84920454
v -1.66854572 0.95108068 -1.95800054
v -1.66257429 0.95505863 -1.95594239
v -1.78039777 1.00337887 -1.94598460
v -1.76383722 0.76704955 -1.95283091
v -1.75487006 0.79688644 -1.95448530
v -1.76948345 0.73920667 -1.95270467
v -1.77162755 0.71352279 -1.95155048
v -1.77044880 0.68931448 -1.94943666
v -1.77068007 0.67005801 -1.94446778
v -1.76717901 0.65627742 -1.93758202
v -1.75430989 0.64457738 -1.92623925
v -1.71058893 0.60675633 -1.91793370
v -1.73107004 0.63339126 -1.91688693
v -1.70302963 0.62006915 -1.90729225
v -1.67469954 0.60421169 -1.89682448
v -1.62351871 0.56356627 -1.87092686
v -1.64738464 0.58602899 -1.88518286
v -1.59979010 0.53988546 -1.85520375
v -1.57447433 0.51490217 -1.84178412
v -1.68985319 0.95617986 -1.96649528
v -1.67918575 0.95336312 -1.96272981
v -1.73543024 1.55099976 -1.84995222
v -1.71508729 1.42775321 -1.80230808
v -1.71120477 1.43622231 -1.79940176
v -1.72519636 1.43515301 -1.78893983
v -1.61068296 0.96119589 -1.93799794
v -1.59393573 0.96842515 -1.93053055
v -1.67260313 1.40095782 -1.69623172
v -1.68513942 1.40828145 -1.69460571
v -1.70830202 1.41738462 -1.78411627
v -1.71533406 1.45027018 -1.79898405
v -1.70991385 1.45599401 -1.79402399
v -1.76765621 1.28768575 -1.74227107
v -1.77823019 1.28424478 -1.75817430
v -1.78413355 1.27833009 -1.75183308
v -1.77333736 1.28115821 -1.73510993
v -1.75983989 1.29003036 -1.74975133
v -1.77004623 1.28581262 -1.76481068
v -1.72846222 1.24947751 -1.76611531
v -1.74444985 1.24448490 -1.77831316
v -1.74528956 1.25614619 -1.77831304
v -1.73034668 1.26164818 -1.76600134
v -1.77224779 1.27808237 -1.78450859
v -1.76150370 1.28306139 -1.77038848
v -1.75397515 1.27599597 -1.77390933
v -1.76630569 1.27056170 -1.78734183
v -1.73644876 1.22851253 -1.75489283
v -1.71879411 1.23220372 -1.74378657
v -1.72646737 1.22787368 -1.73445117
v -1.74394631 1.22553968 -1.74620783
v -1.67535496 1.27600074 -1.72027457
v -1.67164159 1.28057408 -1.71279609
v -1.66510868 1.27056968 -1.71334934
v -1.67040479 1.26491201 -1.72024333
v -1.74609256 1.29588914 -1.70976329
v -1.75694060 1.29155028 -1.72605193
v -1.76137352 1.28404510 -1.71803164
v -1.74897778 1.28679180 -1.70104945
v -1.71729755 1.29353285 -1.73425567
v -1.70592940 1.29822397 -1.71982896
v -1.69606638 1.28993738 -1.72538364
v -1.70762134 1.28398526 -1.73868895
v -1.73551154 1.28892255 -1.68419969
v -1.73531199 1.29942346 -1.69342649
v -1.74171209 1.28164113 -1.76059783
v -1.72935891 1.28773284 -1.74768400
v -1.72081232 1.27867174 -1.75135434
v -1.73482943 1.27240181 -1.76378953
v -1.76879644 1.22471797 -1.77910364
v -1.75314963 1.22620010 -1.76672804
v -1.76051986 1.22434258 -1.75843501
v -1.77604997 1.22402215 -1.77168500
v -1.76253963 1.26145983 -1.78917062
v -1.74870765 1.26683235 -1.77632737
v -1.76009953 1.25100303 -1.79074228
v -1.79936612 1.25600767 -1.75978589
v -1.78702092 1.25658154 -1.74264240
v -1.78635383 1.26864195 -1.74658477
v -1.79785442 1.26725900 -1.76352525
v -1.69719779 1.26175213 -1.74224460
v -1.71224225 1.25554943 -1.75423872
v -1.71525133 1.26751447 -1.75348246
v -1.70101702 1.27306020 -1.74145353
v -1.73837054 1.29960299 -1.71911824
v -1.74879968 1.29461598 -1.73445821
v -1.77403557 1.25684547 -1.72536576
v -1.76000082 1.25717735 -1.70829535
v -1.76193666 1.27210569 -1.71174467
v -1.77456212 1.27042043 -1.72920227
v -1.73647964 1.24357510 -1.69473732
v -1.75375271 1.24343157 -1.70978630
v -1.74463868 1.23384297 -1.71600783
v -1.72616243 1.23468637 -1.70243418
v -1.68140531 1.25722802 -1.72918999
v -1.68413877 1.26905251 -1.73018849
v -1.70062840 1.23786664 -1.73268187
v -1.68277109 1.24461710 -1.72266376
v -1.68872881 1.23701942 -1.71171200
v -1.70771384 1.23177934 -1.72275698
v -1.70533597 1.31059098 -1.68731892
v -1.70938742 1.30857050 -1.69831812
v -1.71876144 1.30900741 -1.68767381
v -1.71205378 1.31053424 -1.67527127
v -1.72333026 1.30216229 -1.67691076
v -1.71294904 1.30458689 -1.66443551
v -1.69328165 1.30189872 -1.64693105
v -1.69870651 1.29770112 -1.64883721
v -1.68831170 1.28880596 -1.64676058
v -1.68256509 1.29496908 -1.64651632
v -1.69740283 1.24443305 -1.66689372
v -1.71758616 1.24337316 -1.68039203
v -1.70604539 1.23601532 -1.68971205
v -1.68449402 1.23873079 -1.67697513
v -1.65921211 1.24599838 -1.68346691
v -1.67576408 1.23912287 -1.68910217
v -1.67065012 1.24348283 -1.70286345
v -1.65816617 1.25056767 -1.69762766
v -1.64896190 1.29134703 -1.70232606
v -1.64698017 1.27682984 -1.69461095
v -1.65296185 1.27796602 -1.70560086
v -1.65610671 1.29091144 -1.71206021
v -1.67332447 1.28646600 -1.71678531
v -1.68362570 1.29150379 -1.71569598
v -1.68875682 1.30006421 -1.72274387
v -1.67773938 1.29619849 -1.72370565
v -1.71312380 1.31962252 -1.67811537
v -1.70990646 1.31422448 -1.67500985
v -1.70740592 1.31589341 -1.66177189
v -1.70704365 1.32322741 -1.66497993
v -1.67940211 1.24737811 -1.65707409
v -1.66349852 1.24350846 -1.66814005
v -1.66850924 1.27991676 -1.71163881
v -1.66478848 1.27516329 -1.71061885
v -1.67291343 1.28410184 -1.71010065
v -1.67801952 1.28676045 -1.71043098
v -1.69613028 1.29962730 -1.69866359
v -1.69001424 1.29859340 -1.69862521
v -1.69745851 1.30537796 -1.68994093
v -1.70155764 1.30608845 -1.68778157
v -1.70729637 1.31120205 -1.67444313
v -1.70498061 1.31074452 -1.67830014
v -1.70860434 1.31088519 -1.66551161
v -1.70769739 1.31213117 -1.66112483
v -1.66894853 1.25421643 -1.65345764
v -1.65988410 1.26245737 -1.65460265
v -1.66887426 1.27163839 -1.64903891
v -1.67837012 1.26503301 -1.64809430
v -1.65191770 1.25820041 -1.69672704
v -1.65040255 1.25488567 -1.68406093
v -1.68715930 1.29822445 -1.70567405
v -1.68172848 1.29249370 -1.70631909
v -1.67911041 1.28993881 -1.71078968
v -1.70633531 1.30631638 -1.65536916
v -1.64458752 1.29228592 -1.69244373
v -1.64659524 1.30941367 -1.70300066
v -1.64365399 1.31223333 -1.69216955
v -1.64280295 1.29475570 -1.68191528
v -1.65288150 1.30798244 -1.71271062
v -1.66106999 1.30780578 -1.72172034
v -1.69452000 1.31435728 -1.73210406
v -1.68347132 1.31131124 -1.73308504
v -1.70500183 1.31881094 -1.72641408
v -1.69941819 1.30456638 -1.71720183
v -1.70862353 1.30955029 -1.70901060
v -1.71440792 1.32418275 -1.71746480
v -1.71670783 1.33643198 -1.68694699
v -1.70870948 1.33954334 -1.67379832
v -1.69723296 1.32145858 -1.65724039
v -1.69746757 1.33812702 -1.66548181
v -1.66281056 1.28157949 -1.71356094
v -1.65923822 1.27299488 -1.70849407
v -1.76921129 1.24346352 -1.72565699
v -1.78386307 1.24392247 -1.74200988
v -1.77660942 1.23419714 -1.74536395
v -1.76120377 1.23383307 -1.73021019
v -1.76844478 1.22751439 -1.75105202
v -1.78355074 1.22778630 -1.76526415
v -1.73938215 1.29348052 -1.74181402
v -1.75060201 1.28815043 -1.75626135
v -1.78034282 1.28211963 -1.77979004
v -1.69581676 1.30502272 -1.69792652
v -1.69831014 1.30273318 -1.70734036
v -1.67242718 1.28761816 -1.64856255
v -1.66837907 1.29648423 -1.65141976
v -1.67884254 1.30259228 -1.64890993
v -1.69176102 1.26183093 -1.65195549
v -1.69767654 1.28090370 -1.65045619
v -1.71569288 1.27752244 -1.66345215
v -1.70870602 1.25998449 -1.66150725
v -1.65293539 1.27247024 -1.65825045
v -1.64859486 1.28430927 -1.66360927
v -1.65741944 1.29033637 -1.65564334
v -1.66220212 1.27970028 -1.65153444
v -1.71339524 1.31404352 -1.69504821
v -1.70747936 1.30814326 -1.69018757
v -1.67323101 1.33021605 -1.66025126
v -1.68545032 1.33344543 -1.66049707
v -1.68689752 1.31755996 -1.65312386
v -1.67613935 1.31378472 -1.65330160
v -1.68965423 1.30808640 -1.64901161
v -1.66222203 1.32662153 -1.66422367
v -1.66504633 1.30913460 -1.65610588
v -1.71922815 1.33035910 -1.70365405
v -1.64656472 1.29941571 -1.67141211
v -1.64597583 1.31722140 -1.68126464
v -1.65289938 1.32231045 -1.67105758
v -1.65459871 1.30437636 -1.66210234
v -1.75232923 1.22794139 -1.73737156
v -1.73515880 1.22897351 -1.72457039
v -1.65971589 1.25922918 -1.70904601
v -1.66804230 1.25233376 -1.71453655
v -1.65728164 1.26574230 -1.70668578
v -1.73059952 1.23689353 -1.76229894
v -1.74741447 1.23330331 -1.77399909
v -1.69656301 1.24914074 -1.73991668
v -1.71336293 1.24239826 -1.75107574
v -1.74417400 1.25752330 -1.69190323
v -1.64585686 1.26457942 -1.67767036
v -1.65038872 1.25399172 -1.67228043
v -1.64713085 1.26469088 -1.68822503
v -1.67222059 1.30921245 -1.72939360
v -1.66629219 1.29267693 -1.71971285
v -1.65952325 1.25023150 -1.65979230
v -1.67756891 1.32993102 -1.74140346
v -1.70750284 1.29370904 -1.65592563
v -1.69964635 1.31290627 -1.65325606
v -1.70252419 1.30812478 -1.65179467
v -1.79497051 1.27650547 -1.76779830
v -1.72821617 1.29896724 -1.72763824
v -1.68892086 1.29454994 -1.71391046
v -1.68162704 1.28584480 -1.71813273
v -1.64435863 1.27693403 -1.68426573
v -1.64406478 1.27914655 -1.67419851
v -1.64745057 1.26716256 -1.66802990
v -1.69392931 1.29684734 -1.71066952
v -1.70309460 1.30231929 -1.70385659
v -1.76315558 1.23044431 -1.78567946
v -1.68745852 1.29329777 -1.70582056
v -1.72078705 1.29079711 -1.66846871
v -1.58950198 1.53806698 -1.88918269
v -1.58044779 1.52360272 -1.90586615
v -1.58442652 1.53695166 -1.90684891
v -1.73277509 1.35066116 -1.82618439
v -1.75543547 1.32166278 -1.86859453
v -1.74745560 1.32519460 -1.85295725
v -1.71835124 1.41787338 -1.80483210
v -1.72072768 1.40660071 -1.80789053
v -1.70159996 1.45394588 -1.79045522
v -1.70516658 1.44781590 -1.79492581
v -1.74373972 1.38619471 -1.82026231
v -1.65527666 1.73624802 -1.84904313
v -1.65501785 1.72941399 -1.85078764
v -1.64935911 1.74820566 -1.84441602
v -1.77135563 1.19761062 -1.98627794
v -1.77099252 1.17749012 -1.99783981
v -1.77303648 1.16913354 -1.99844515
v -1.67385697 1.72884035 -1.85590184
v -1.67146993 1.72217894 -1.85796118
v -1.67348588 1.72565639 -1.85431194
v -1.67497206 1.73145700 -1.85597384
v -1.67505944 1.73048759 -1.85645616
v -1.65806949 1.75482535 -1.84560764
v -1.65712392 1.72231221 -1.85496056
v -1.66138768 1.71533370 -1.85966241
v -1.66764724 1.74488688 -1.85126710
v -1.59032452 1.18410158 -1.86983979
v -1.58840692 1.16301942 -1.86503351
v -1.57811463 1.16467166 -1.88693893
v -1.58172083 1.18626809 -1.89052713
v -1.56439948 1.14829564 -1.90914822
v -1.56807148 1.16791713 -1.91131449
v -1.57460976 1.14261448 -1.88353944
v -1.64552999 1.10502744 -1.79311383
v -1.64450073 1.12821388 -1.79489553
v -1.66948390 1.13304615 -1.78915823
v -1.67089605 1.11017060 -1.78715289
v -1.69391990 1.15317333 -1.79391444
v -1.69612694 1.13586259 -1.78977919
v -1.66860271 1.15180659 -1.79368258
v -1.71810460 1.15374279 -1.80171812
v -1.71982503 1.13700795 -1.79800069
v -1.73800218 1.15305734 -1.81525493
v -1.74009836 1.13546181 -1.81219637
v -1.75664508 1.13360763 -1.82995760
v -1.76886201 1.13046932 -1.85261548
v -1.78176081 1.10458970 -1.87749052
v -1.77678895 1.12404180 -1.87838674
v -1.78190708 1.11663413 -1.90314078
v -1.78342104 1.11047101 -1.92796314
v -1.78265238 1.10753500 -1.94875824
v -1.77917182 1.10789764 -1.96653986
v -1.77438939 1.10746908 -1.98218822
v -1.76787519 1.10736442 -1.99508667
v -1.76394272 1.08677185 -1.99330759
v -1.74113131 1.52846658 -1.86074829
v -1.65905774 1.60511446 -1.83565533
v -1.68757570 1.60310745 -1.82470202
v -1.66386616 1.60078049 -1.82415998
v -1.63106835 1.55282271 -1.79853237
v -1.61590040 1.54773450 -1.81197894
v -1.62546325 1.56422830 -1.81140172
v -1.64470005 1.57043362 -1.79717946
v -1.64044428 1.59870601 -1.84060359
v -1.63911533 1.60165119 -1.84882450
v -1.64100659 1.59480619 -1.83052337
v -1.62421918 1.58733857 -1.84224236
v -1.61309087 1.58088422 -1.85725188
v -1.71325469 1.58531225 -1.78418994
v -1.72194874 1.57551217 -1.77250493
v -1.69893169 1.57110167 -1.77079999
v -1.69042087 1.57840526 -1.77987564
v -1.64838088 1.53627491 -1.78169751
v -1.65799379 1.53363526 -1.77432799
v -1.64954472 1.52045012 -1.77546835
v -1.63989663 1.52154112 -1.78321099
v -1.73435140 1.52947831 -1.74631238
v -1.73531246 1.51249921 -1.73929584
v -1.71832311 1.51710701 -1.73466706
v -1.71692383 1.53323889 -1.74321592
v -1.66956127 1.54741979 -1.77394128
v -1.58884394 1.43316126 -1.82842875
v -1.59970927 1.43983364 -1.81532288
v -1.61327767 1.44771969 -1.80421579
v -1.64365864 1.46674776 -1.77951860
v -1.63890767 1.44784069 -1.78783512
v -1.63558459 1.46203375 -1.78608239
v -1.65005624 1.47045314 -1.77292645
v -1.65507114 1.47166371 -1.76803470
v -1.74973857 1.48977304 -1.78827333
v -1.74515820 1.47319555 -1.79878390
v -1.73998260 1.46540976 -1.79125893
v -1.66231227 1.46337306 -1.76038337
v -1.66257763 1.45914602 -1.76245487
v -1.66249049 1.46171236 -1.76669836
v -1.66134048 1.46625364 -1.76483595
v -1.70355439 1.59209192 -1.79558086
v -1.70288968 1.51568174 -1.73457956
v -1.69053662 1.51117074 -1.73729134
v -1.68825316 1.52266026 -1.74638951
v -1.70106268 1.52972651 -1.74430990
v -1.68077338 1.50616574 -1.74017513
v -1.67348826 1.50020814 -1.74362814
v -1.67055082 1.50830805 -1.75195944
v -1.67821252 1.51602626 -1.74943995
v -1.66259825 1.46811569 -1.75737000
v -1.66041076 1.47263885 -1.76323807
v -1.74508357 1.48550427 -1.74439645
v -1.74944377 1.55475712 -1.77359951
v -1.74430263 1.56930661 -1.78307068
v -1.75649118 1.55292499 -1.79818594
v -1.75729311 1.53851223 -1.78948915
v -1.69841468 1.44723105 -1.78315055
v -1.69008482 1.44405079 -1.77880061
v -1.68071413 1.44094801 -1.77479255
v -1.66804457 1.45302892 -1.77312171
v -1.67238343 1.43939400 -1.77100635
v -1.72916675 1.44709992 -1.79289353
v -1.73743033 1.45388341 -1.78561413
v -1.75443387 1.53015327 -1.81090629
v -1.75475812 1.51784611 -1.80353212
v -1.73476708 1.49379742 -1.73204017
v -1.71891081 1.49934459 -1.72726321
v -1.65689993 1.44539201 -1.75057387
v -1.65966785 1.45113480 -1.75711381
v -1.65993941 1.45593357 -1.75422323
v -1.66222525 1.44853425 -1.77741456
v -1.66417205 1.45688117 -1.76969779
v -1.72891593 1.56270194 -1.76209259
v -1.69178045 1.49836648 -1.72930813
v -1.70418835 1.50003266 -1.72708297
v -1.67388713 1.52365220 -1.75784564
v -1.66639078 1.52967417 -1.76617682
v -1.67713535 1.54085159 -1.76482630
v -1.68335581 1.53234959 -1.75596750
v -1.66933048 1.48277426 -1.73944974
v -1.67483270 1.48995137 -1.73554766
v -1.65859580 1.51835847 -1.76821876
v -1.66567659 1.51412582 -1.76024377
v -1.66068673 1.46141410 -1.75093067
v -1.75223196 1.54024577 -1.81781971
v -1.74763989 1.52369356 -1.83534157
v -1.74907100 1.51729500 -1.82633603
v -1.74960315 1.50780821 -1.81978881
v -1.74907589 1.49601865 -1.81300032
v -1.74795580 1.48304725 -1.80653083
v -1.74529934 1.52667260 -1.84703541
v -1.65202856 1.25746870 -1.66319573
v -1.65617132 1.43993616 -1.75323045
v -1.65530121 1.43840384 -1.74264753
v -1.65426683 1.43185329 -1.74410641
v -1.66217601 1.39849126 -1.70312953
v -1.77054882 1.73238087 -1.95649993
v -1.77051115 1.72625661 -1.95669353
v -1.76263571 1.75354123 -1.95397031
v -1.76424563 1.75052404 -1.95456159
v -1.67823577 1.28076303 -1.64700866
v -1.68483078 1.27501130 -1.64777255
v -1.72718823 1.25862241 -1.67614305
v -1.73240721 1.27553642 -1.67867887
v -1.74794698 1.27372384 -1.69486201
v -1.72825468 1.30445540 -1.70291364
v -1.71757889 1.30415821 -1.71243656
v -1.68936682 1.27972150 -1.72882724
v -1.69672811 1.23453879 -1.70023119
v -1.80835533 1.27712989 -1.80496037
v -1.81782520 1.27469885 -1.82108080
v -1.82572961 1.27319241 -1.81559515
v -1.81587648 1.27412784 -1.79942405
v -1.82675099 1.27364421 -1.83659327
v -1.81073523 1.27181184 -1.82570422
v -1.81986606 1.26929903 -1.84021926
v -1.80538249 1.26540875 -1.82785594
v -1.81536007 1.26252174 -1.84164488
v -1.81282818 1.25433671 -1.84196174
v -1.80228579 1.25724208 -1.82872093
v -1.80121303 1.24875271 -1.82920551
v -1.81246686 1.24582469 -1.84204495
v -1.78828740 1.24299788 -1.81572652
v -1.78946245 1.23395681 -1.81398559
v -1.80409563 1.23258519 -1.82611108
v -1.80203986 1.24018383 -1.82862723
v -1.82725167 1.22365403 -1.82948506
v -1.81341290 1.22295117 -1.81717956
v -1.82014346 1.22503459 -1.81163919
v -1.83352196 1.22567463 -1.82452333
v -1.81925571 1.23681331 -1.79079115
v -1.83315766 1.23727238 -1.80424476
v -1.82717073 1.23011053 -1.80703008
v -1.81275678 1.22939134 -1.79368365
v -1.84628010 1.23738420 -1.81664300
v -1.83492529 1.24627876 -1.80439293
v -1.84697354 1.24702501 -1.81766331
v -1.79038107 1.27896655 -1.79507291
v -1.79853153 1.27942646 -1.78931391
v -1.78870261 1.28181553 -1.77374136
v -1.79054570 1.26136136 -1.81498516
v -1.79424107 1.26955462 -1.81357253
v -1.78335261 1.27387142 -1.79917157
v -1.77860379 1.26594174 -1.80119944
v -1.76002932 1.24002457 -1.78983712
v -1.77497697 1.23650503 -1.80176795
v -1.77441597 1.24677253 -1.80301714
v -1.78880394 1.25250363 -1.81558335
v -1.77602994 1.25676465 -1.80229044
v -1.79279113 1.22631240 -1.81002820
v -1.80771148 1.22567141 -1.82224143
v -1.81986678 1.26561785 -1.79537630
v -1.83085668 1.26566613 -1.81093013
v -1.83373511 1.25621867 -1.80755556
v -1.82240283 1.25620317 -1.79221570
v -1.77794027 1.22813296 -1.79781163
v -1.80903029 1.26657987 -1.77974749
v -1.81094992 1.25609982 -1.77635872
v -1.82246280 1.24588823 -1.78979969
v -1.81012893 1.24524164 -1.77458417
v -1.84109879 1.26598120 -1.82524800
v -1.83513224 1.27278185 -1.83048511
v -1.80530381 1.27510059 -1.78358054
v -1.79874539 1.22274041 -1.80420065
v -1.78393269 1.22371268 -1.79168952
v -1.79101574 1.22389615 -1.78488040
v -1.80560303 1.22425747 -1.79823935
v -1.79090345 1.23515821 -1.76050746
v -1.80521381 1.23583913 -1.77622402
v -1.79810286 1.22862017 -1.77979541
v -1.84041393 1.22998762 -1.81936777
v -1.79709244 1.24464965 -1.75870955
v -1.86624026 1.25023699 -1.90336859
v -1.86477733 1.25648177 -1.91117918
v -1.85575151 1.25521028 -1.90765727
v -1.85754418 1.24882269 -1.89889944
v -1.83448076 1.25487423 -1.89985204
v -1.83670020 1.26289248 -1.90934813
v -1.83155775 1.26970553 -1.90486586
v -1.82820988 1.26233339 -1.89467943
v -1.86428356 1.26382196 -1.91628325
v -1.85504293 1.26177251 -1.91371846
v -1.86376822 1.27102256 -1.91530335
v -1.87253058 1.26629293 -1.91915548
v -1.87455106 1.27308798 -1.91686475
v -1.88265014 1.27392554 -1.92036366
v -1.88828635 1.27546000 -1.91318953
v -1.87782419 1.27756000 -1.90644693
v -1.88975453 1.26475656 -1.88758552
v -1.89812899 1.26347256 -1.89942658
v -1.90155923 1.25561011 -1.89295232
v -1.89233160 1.25689220 -1.88173699
v -1.89961672 1.23899078 -1.88327157
v -1.89076996 1.24154425 -1.87325108
v -1.89171183 1.24918425 -1.87770045
v -1.90101790 1.24728322 -1.88901782
v -1.86962569 1.24078357 -1.89218640
v -1.86807036 1.24487782 -1.89587653
v -1.86039162 1.24319911 -1.89040983
v -1.86205482 1.23892188 -1.88614678
v -1.85948658 1.27961469 -1.91623163
v -1.85890424 1.27671683 -1.91824198
v -1.86641026 1.27611458 -1.91170347
v -1.86400759 1.27879810 -1.90635097
v -1.84454823 1.22533309 -1.86963987
v -1.84165490 1.23117054 -1.87158215
v -1.83445346 1.23387730 -1.86392975
v -1.83722186 1.22726202 -1.86096919
v -1.82617879 1.25210965 -1.87684619
v -1.82681131 1.26412690 -1.87119591
v -1.82519889 1.26076555 -1.86416900
v -1.82720065 1.24831414 -1.86918068
v -1.82646751 1.25632834 -1.88517642
v -1.83015966 1.27150595 -1.88857794
v -1.82776427 1.26735473 -1.87906349
v -1.83358550 1.27711713 -1.90004492
v -1.84176135 1.22113442 -1.85508549
v -1.84745359 1.21745849 -1.86028397
v -1.91292953 1.26471448 -1.95824230
v -1.90928757 1.26542640 -1.95423257
v -1.91100478 1.26054227 -1.95353365
v -1.91491425 1.25990844 -1.95747554
v -1.85987246 1.22215509 -1.84687436
v -1.85394311 1.22231257 -1.84342170
v -1.85972798 1.22841728 -1.84017944
v -1.86490726 1.22957873 -1.84458053
v -1.86718130 1.22100961 -1.85169089
v -1.87177336 1.23007035 -1.85063112
v -1.92276073 1.27222145 -1.95386326
v -1.91963387 1.27272213 -1.94887483
v -1.91509378 1.27226532 -1.95135617
v -1.91813374 1.27161014 -1.95617664
v -1.87304461 1.25204420 -1.90929663
v -1.87166548 1.25831652 -1.91613150
v -1.88550699 1.25762534 -1.92826879
v -1.88317263 1.26327705 -1.92859745
v -1.87753248 1.26080632 -1.92248952
v -1.87992370 1.25351274 -1.91770136
v -1.88398683 1.23936248 -1.90439129
v -1.88377380 1.24444449 -1.91031468
v -1.87705231 1.24453759 -1.90197456
v -1.87748909 1.23921275 -1.89650011
v -1.87741542 1.22888780 -1.89264476
v -1.87816477 1.22322464 -1.89197528
v -1.88435864 1.22279501 -1.89788961
v -1.88438392 1.22897148 -1.89950716
v -1.89730382 1.23328245 -1.91499639
v -1.89813590 1.22896218 -1.91257608
v -1.90599215 1.23002172 -1.91737139
v -1.90533352 1.23377132 -1.91984570
v -1.84902084 1.22246122 -1.83898342
v -1.85503912 1.22814596 -1.83520651
v -1.89500546 1.22241569 -1.87509310
v -1.90162206 1.21923566 -1.88172710
v -1.89661634 1.21065831 -1.88082635
v -1.88964975 1.21372223 -1.87386370
v -1.86823523 1.23836303 -1.84576690
v -1.86345744 1.23737693 -1.84040868
v -1.92716670 1.26953959 -1.95175159
v -1.92417073 1.27013803 -1.94657660
v -1.84148479 1.28209174 -1.89597988
v -1.83876181 1.27682376 -1.88323176
v -1.83634996 1.27229548 -1.87289250
v -1.83417296 1.27007484 -1.86556971
v -1.83159733 1.26935470 -1.85958695
v -1.88536346 1.24976134 -1.91996634
v -1.87289500 1.24691606 -1.90175951
v -1.87000668 1.23754251 -1.88976204
v -1.87187505 1.21201825 -1.88179266
v -1.87172580 1.21811891 -1.88562691
v -1.86516762 1.21914220 -1.88195574
v -1.86571646 1.21160686 -1.87569964
v -1.88406980 1.20837474 -1.87746584
v -1.89103007 1.20633805 -1.88418019
v -1.88694215 1.20717132 -1.88933504
v -1.88031602 1.20835900 -1.88327587
v -1.85850143 1.28381872 -1.91480076
v -1.85916686 1.28213906 -1.90333951
v -1.85395384 1.21716559 -1.85215771
v -1.84794426 1.21918070 -1.84825778
v -1.84278369 1.22169328 -1.84459269
v -1.85178792 1.23444545 -1.87877023
v -1.85131776 1.23716879 -1.88115776
v -1.83786619 1.23815048 -1.87620163
v -1.83999419 1.23474884 -1.87297785
v -1.84660089 1.24614036 -1.89532077
v -1.84547007 1.25321388 -1.90464056
v -1.83441412 1.24727631 -1.89011312
v -1.83150768 1.23982263 -1.86617982
v -1.82690644 1.24314392 -1.85945094
v -1.83008039 1.23628855 -1.85711920
v -1.83325028 1.22934365 -1.85394204
v -1.83751035 1.22353697 -1.84930468
v -1.82152343 1.24419403 -1.85246599
v -1.82439899 1.23696399 -1.85045493
v -1.82812095 1.23006010 -1.84710538
v -1.83242989 1.22489095 -1.84317255
v -1.85426378 1.23746967 -1.82645559
v -1.85891080 1.23715401 -1.83414280
v -1.84956956 1.22889924 -1.82888627
v -1.82244968 1.26149678 -1.85431778
v -1.82095397 1.25254655 -1.85336733
v -1.82501316 1.25128067 -1.86143529
v -1.82711005 1.26888275 -1.85224497
v -1.83892250 1.26917326 -1.91575110
v -1.84666765 1.26709175 -1.91662383
v -1.84765840 1.27106571 -1.92239583
v -1.84128881 1.27332938 -1.92243278
v -1.87889397 1.26839304 -1.92301404
v -1.88506317 1.26951420 -1.92781675
v -1.88963354 1.27383184 -1.92494082
v -1.85421121 1.21436501 -1.86504662
v -1.85185158 1.22145176 -1.87308824
v -1.88974643 1.25340557 -1.92796600
v -1.91549051 1.27308702 -1.94310510
v -1.90772510 1.27363229 -1.93357968
v -1.90194511 1.27281380 -1.93666923
v -1.91063178 1.27255237 -1.94604003
v -1.90020347 1.25311077 -1.93083441
v -1.90637565 1.25497103 -1.93584239
v -1.90034032 1.25660324 -1.93759859
v -1.89469159 1.25577319 -1.93233836
v -1.89813781 1.22329688 -1.90976143
v -1.90459776 1.22415936 -1.91359174
v -1.90532076 1.26022553 -1.91222990
v -1.89439809 1.27188385 -1.90463591
v -1.90158606 1.26987720 -1.91431344
v -1.88435507 1.23418999 -1.90123916
v -1.89113021 1.22880018 -1.90640748
v -1.89059281 1.23345852 -1.90849698
v -1.88899219 1.24804246 -1.92152858
v -1.88868272 1.24443960 -1.91664934
v -1.89394701 1.24572062 -1.92242217
v -1.89318609 1.25020778 -1.92645240
v -1.87510478 1.20934260 -1.87039149
v -1.88216043 1.21681869 -1.86581349
v -1.91118968 1.26966095 -1.95327091
v -1.91449666 1.26888454 -1.95765579
v -1.84342837 1.22400606 -1.83353674
v -1.83739519 1.22252440 -1.83851349
v -1.87738109 1.23430884 -1.89399850
v -1.88550973 1.27233982 -1.89488971
v -1.86966598 1.23353457 -1.88784730
v -1.91012394 1.22644329 -1.89704192
v -1.91567183 1.22583878 -1.90186667
v -1.91190815 1.22125340 -1.90454090
v -1.90705895 1.22058094 -1.89937413
v -1.91525340 1.25607979 -1.94373620
v -1.92062104 1.25640893 -1.94861758
v -1.91549015 1.25715017 -1.95137191
v -1.90967381 1.25721812 -1.94642317
v -1.89068484 1.25949955 -1.93294382
v -1.89625847 1.26015961 -1.93898737
v -1.89492238 1.26516950 -1.93937445
v -1.88859761 1.26465487 -1.93308544
v -1.89088798 1.26975858 -1.93217480
v -1.89743483 1.26984096 -1.93849456
v -1.92064428 1.25859499 -1.94094026
v -1.91243422 1.25773871 -1.93300009
v -1.91470706 1.26409376 -1.93001175
v -1.92248392 1.26476693 -1.93943679
v -1.88210297 1.24398053 -1.86348486
v -1.88947487 1.23311782 -1.86968076
v -1.88113809 1.23596048 -1.86032677
v -1.90785801 1.23619556 -1.89266217
v -1.90381598 1.22645748 -1.88932073
v -1.89748359 1.23024333 -1.87908876
v -1.88714671 1.22570360 -1.86694491
v -1.90690064 1.25319481 -1.92293525
v -1.91035748 1.25513875 -1.91863251
v -1.90798914 1.26119828 -1.92232537
v -1.86922860 1.22718000 -1.88636410
v -1.90638351 1.27008462 -1.94813716
v -1.85233724 1.27256691 -1.85692787
v -1.85670757 1.27316034 -1.86347115
v -1.86633229 1.26602793 -1.85741055
v -1.86019087 1.26675606 -1.85117364
v -1.90543771 1.26092517 -1.94856405
v -1.90405726 1.26567113 -1.94940948
v -1.90010107 1.21832037 -1.90720975
v -1.90454495 1.21594572 -1.90527630
v -1.90878797 1.21817482 -1.90791988
v -1.90588117 1.22023392 -1.91046417
v -1.87937999 1.22862339 -1.85805809
v -1.90618563 1.21612167 -1.88614094
v -1.90200472 1.20768869 -1.88623881
v -1.87403047 1.23795414 -1.85185111
v -1.86906731 1.24768710 -1.84817350
v -1.87475348 1.24629045 -1.85471940
v -1.90959787 1.24425197 -1.90199625
v -1.88281953 1.25090528 -1.86731791
v -1.87485802 1.25330591 -1.85843527
v -1.86853468 1.25624597 -1.85152137
v -1.86361432 1.25727057 -1.84588921
v -1.86456323 1.24806881 -1.84295547
v -1.92018640 1.27054858 -1.94049084
v -1.92663419 1.26472461 -1.94527447
v -1.85447717 1.24786508 -1.82798707
v -1.85964978 1.24802482 -1.83626807
v -1.85263109 1.25725234 -1.83129442
v -1.85853231 1.25744271 -1.83943474
v -1.87196171 1.26702702 -1.86711490
v -1.87415433 1.26020598 -1.86237037
v -1.88082516 1.26542878 -1.87700319
v -1.88280118 1.25792813 -1.87138033
v -1.90943491 1.25392580 -1.90406013
v -1.93350005 1.25967336 -1.95818651
v -1.93057370 1.25652361 -1.95947719
v -1.92501938 1.25631714 -1.95322442
v -1.92877495 1.25953603 -1.95161617
v -1.92500567 1.25919735 -1.94636977
v -1.92992711 1.26459563 -1.95058298
v -1.87584770 1.27238393 -1.88473058
v -1.90049410 1.24769235 -1.92673719
v -1.86314404 1.27386689 -1.87529290
v -1.86151767 1.27975547 -1.89064646
v -1.87076890 1.27849865 -1.89601338
v -1.84960651 1.27847493 -1.87858570
v -1.84607458 1.27514040 -1.86777401
v -1.83950269 1.27274811 -1.85572124
v -1.84276593 1.27314913 -1.86090648
v -1.83454037 1.27295303 -1.84890246
v -1.85112429 1.28280306 -1.89176059
v -1.92019892 1.25851417 -1.96282995
v -1.91777372 1.26324344 -1.96408629
v -1.84815168 1.27231669 -1.85088813
v -1.84268332 1.27199054 -1.84280121
v -1.84588408 1.26064467 -1.91206014
v -1.86152983 1.23283970 -1.88259399
v -1.86035919 1.22781765 -1.88126993
v -1.85874915 1.22011471 -1.87791479
v -1.86036766 1.21235394 -1.87072885
v -1.84931493 1.26649034 -1.83624852
v -1.81449044 1.23809791 -1.84086001
v -1.81799972 1.23124814 -1.83752668
v -1.84479678 1.25651264 -1.82088697
v -1.91878033 1.26753330 -1.96382678
v -1.91213083 1.23416674 -1.91650283
v -1.91207218 1.23530257 -1.91838217
v -1.83475995 1.27427351 -1.91248441
v -1.83837771 1.27817464 -1.92032957
v -1.84701061 1.28747559 -1.91657686
v -1.84364986 1.28562903 -1.90667093
v -1.83657157 1.28105915 -1.90928471
v -1.84086204 1.28355384 -1.91833651
v -1.85188103 1.23167431 -1.87760568
v -1.85219216 1.22759247 -1.87625825
v -1.87457120 1.21943724 -1.85806155
v -1.86788154 1.21195650 -1.86256111
v -1.89561474 1.27313435 -1.92980504
v -1.90147185 1.27340484 -1.92612565
v -1.89600325 1.27418876 -1.91993725
v -1.91259563 1.27038419 -1.93021977
v -1.90641856 1.25586033 -1.92807901
v -1.90479636 1.25159431 -1.92668021
v -1.84933329 1.24095583 -1.88639987
v -1.83578277 1.24171293 -1.88181627
v -1.85515547 1.27225709 -1.91996908
v -1.85440576 1.26784217 -1.91645789
v -1.88935864 1.23903239 -1.91171157
v -1.91677535 1.24541259 -1.91147196
v -1.91539860 1.25293946 -1.91261089
v -1.89507437 1.23940742 -1.91784847
v -1.92232239 1.27018917 -1.96279204
v -1.92705286 1.27107358 -1.96065605
v -1.90676594 1.26969528 -1.92205751
v -1.89109063 1.22259212 -1.90438151
v -1.91565394 1.23966920 -1.91480076
v -1.91378963 1.23873758 -1.90781736
v -1.89596331 1.20535064 -1.88890219
v -1.85527623 1.26667333 -1.84442627
v -1.91957259 1.25647891 -1.95547295
v -1.92490971 1.25559950 -1.96099448
v -1.93382525 1.26385784 -1.95731223
v -1.93139195 1.26843131 -1.95803022
v -1.86069226 1.21492457 -1.85687578
v -1.86228228 1.23602724 -1.88408792
v -1.82202089 1.22595501 -1.83364999
v -1.85207438 1.28582096 -1.90337229
v -1.85417867 1.28748012 -1.91467237
v -1.90144312 1.24000788 -1.92251027
v -1.90651226 1.22047067 -1.89260089
v -1.91794014 1.23722339 -1.90896463
v -1.91873682 1.23319721 -1.90298188
v -1.91396236 1.23433113 -1.89864349
v -1.91622090 1.23570538 -1.91433597
v -1.93529320 1.26773834 -1.96356666
v -1.93746912 1.26331270 -1.96276009
v -1.93108320 1.27035856 -1.96630132
v -1.92622924 1.26923037 -1.96784627
v -1.92266107 1.26664066 -1.96822584
v -1.93719864 1.25944090 -1.96333659
v -1.93434024 1.25662315 -1.96427572
v -1.92868972 1.25557458 -1.96523011
v -1.94029868 1.25872445 -1.96772921
v -1.94115245 1.26257098 -1.96821713
v -1.93760049 1.26844168 -1.97725213
v -1.94066083 1.26789486 -1.97661340
v -1.93899441 1.26826787 -1.97350311
v -1.93571007 1.26945615 -1.97203243
v -1.94027781 1.26703429 -1.98108828
v -1.94343138 1.26700091 -1.98018539
v -1.94353807 1.26597440 -1.97479284
v -1.94063044 1.26663089 -1.97146738
v -1.94662607 1.26501489 -1.97852242
v -1.94760430 1.26171803 -1.97720504
v -1.94442654 1.26263130 -1.97379458
v -1.94201291 1.26395214 -1.97105157
v -1.93865228 1.26711941 -1.96845543
v -1.94354665 1.26508260 -1.98364818
v -1.94739485 1.26196337 -1.98354173
v -1.94876504 1.26390004 -1.98179424
v -1.94547617 1.26594329 -1.98248959
v -1.93009400 1.26838136 -1.97245550
v -1.93406594 1.26696038 -1.97765541
v -1.93755341 1.26525497 -1.98162234
v -1.94125557 1.26301062 -1.98394847
v -1.93177986 1.26422787 -1.97831392
v -1.93629611 1.26260042 -1.98173666
v -1.93964744 1.26080847 -1.98329031
v -1.93157721 1.26063311 -1.97813642
v -1.93650770 1.25979555 -1.98129404
v -1.92642522 1.26581621 -1.97258413
v -1.92529798 1.26204157 -1.97214162
v -1.93905902 1.25937116 -1.98236322
v -1.94512701 1.26001477 -1.98346198
v -1.94434631 1.25996494 -1.97259152
v -1.94711685 1.25894916 -1.97666550
v -1.94336212 1.25749743 -1.97244942
v -1.94589281 1.25695896 -1.97685897
v -1.94962323 1.26137149 -1.97981870
v -1.94892597 1.25914180 -1.98038375
v -1.92139733 1.26265907 -1.96792567
v -1.92405283 1.25807500 -1.96645820
v -1.92764449 1.25766158 -1.97068202
v -1.93355751 1.25652099 -1.97664464
v -1.93228662 1.25542819 -1.96920621
v -1.93770289 1.25610471 -1.96849597
v -1.94127095 1.25562131 -1.97320056
v -1.93748868 1.25469255 -1.97453272
v -1.94367981 1.25552595 -1.97743452
v -1.94090211 1.25521624 -1.97852433
v -1.93828785 1.25688291 -1.98010767
v -1.94436383 1.25635886 -1.98058236
v -1.94687319 1.25742698 -1.98049903
v -1.94275475 1.25850534 -1.98269451
v -1.94078445 1.25753319 -1.98169720
v -1.94225430 1.25615764 -1.98050725
v -1.93082905 1.23996758 -1.95089853
v -1.92587018 1.24182117 -1.94568121
v -1.92710030 1.23742676 -1.94395530
v -1.93248749 1.23553491 -1.94901252
v -1.93775201 1.24925637 -1.94606555
v -1.93386674 1.25081539 -1.94065404
v -1.92965674 1.24925399 -1.94384730
v -1.93361950 1.24728227 -1.94935966
v -1.94163966 1.24604321 -1.94209492
v -1.93792117 1.24767160 -1.93659699
v -1.92867637 1.25265050 -1.93467271
v -1.91830266 1.25403953 -1.92529047
v -1.91396666 1.25147760 -1.92885482
v -1.92432487 1.25065303 -1.93816292
v -1.91780949 1.23507452 -1.92376828
v -1.91282594 1.23609495 -1.92589486
v -1.92703664 1.24569106 -1.94543064
v -1.93132484 1.24383175 -1.95095503
v -1.92811620 1.23414969 -1.93289578
v -1.93456197 1.23294663 -1.93863761
v -1.93030393 1.23403811 -1.94143343
v -1.92363775 1.23512590 -1.93581915
v -1.90932715 1.24035513 -1.92836750
v -1.90806293 1.24544084 -1.93099225
v -1.91041780 1.24903834 -1.93091464
v -1.93260121 1.23644829 -1.93020141
v -1.92297554 1.23821378 -1.92102027
v -1.92510772 1.24434650 -1.91915357
v -1.93469441 1.24220037 -1.92901278
v -1.92096519 1.24741781 -1.94000649
v -1.92033005 1.23894024 -1.93824422
v -1.91926742 1.24347889 -1.94019449
v -1.93277192 1.24914885 -1.93057203
v -1.93967772 1.24079633 -1.93517411
v -1.94901180 1.23364747 -1.94879758
v -1.94672990 1.23053324 -1.95074499
v -1.93983507 1.23150885 -1.94373453
v -1.94290912 1.23442614 -1.94173717
v -1.93808675 1.23541272 -1.93644917
v -1.94367778 1.23980546 -1.94065213
v -1.94018328 1.23299503 -1.95648062
v -1.93785024 1.23743105 -1.95829308
v -1.93791974 1.24125075 -1.95861161
v -1.92341387 1.25153732 -1.92057228
v -1.93978083 1.24451864 -1.95696247
v -1.94345188 1.24673414 -1.95358777
v -1.93580246 1.23218060 -1.94651592
v -1.94306302 1.23016095 -1.95364428
v -1.94930172 1.23830843 -1.94787014
v -1.94721818 1.24402404 -1.94922817
v -1.95220113 1.24192894 -1.95542657
v -1.95402348 1.23676682 -1.95385110
v -1.94875216 1.24484038 -1.95950377
v -1.94467843 1.24292028 -1.96208084
v -1.94255853 1.23990750 -1.96296155
v -1.95390069 1.23299444 -1.95434248
v -1.95162284 1.23016489 -1.95576215
v -1.94758654 1.22951245 -1.95800006
v -1.95847213 1.23189604 -1.95953357
v -1.95948839 1.23514462 -1.95998335
v -1.96141720 1.23899376 -1.97403252
v -1.96414089 1.23915792 -1.97234547
v -1.96054816 1.24022019 -1.96890271
v -1.95766723 1.24098909 -1.97013676
v -1.95849609 1.24087882 -1.96599162
v -1.95475948 1.24270093 -1.96513283
v -1.96346354 1.23841643 -1.96735299
v -1.95983255 1.23887014 -1.96391594
v -1.96743131 1.23723793 -1.97021198
v -1.96783400 1.23388433 -1.96876347
v -1.96338105 1.23515868 -1.96525025
v -1.96079552 1.23614693 -1.96290791
v -1.96564400 1.23693645 -1.97646832
v -1.96709359 1.23821473 -1.97484183
v -1.95712888 1.24005723 -1.96075022
v -1.94942367 1.24148774 -1.96622086
v -1.95433402 1.23963535 -1.97125256
v -1.95925260 1.23731685 -1.97515762
v -1.96364748 1.23496187 -1.97717583
v -1.95202422 1.23678362 -1.97184551
v -1.95757997 1.23496127 -1.97540665
v -1.96173990 1.23299968 -1.97646093
v -1.95166886 1.23286474 -1.97121990
v -1.95744836 1.23183656 -1.97455668
v -1.94657111 1.23858666 -1.96668959
v -1.94589472 1.23484004 -1.96580875
v -1.96069980 1.23152876 -1.97545040
v -1.96736312 1.23235750 -1.97613418
v -1.96978354 1.23423350 -1.97579300
v -1.97108626 1.23650861 -1.97374022
v -1.96304047 1.23292398 -1.96469021
v -1.96703768 1.23174024 -1.96901655
v -1.96287441 1.23062515 -1.96444714
v -1.96647263 1.22995985 -1.96905696
v -1.97092164 1.23338199 -1.97154713
v -1.97016692 1.23175192 -1.97249162
v -1.94244301 1.23609591 -1.96237385
v -1.94431329 1.23213768 -1.96052516
v -1.94762433 1.23090315 -1.96397948
v -1.95357537 1.22903240 -1.96915007
v -1.95124149 1.22849059 -1.96154392
v -1.95593250 1.22936773 -1.96008742
v -1.96074569 1.22867453 -1.96489227
v -1.95714664 1.22761059 -1.96641695
v -1.96439326 1.22876859 -1.96929371
v -1.96167850 1.22791708 -1.97036803
v -1.95890534 1.22890794 -1.97261441
v -1.96604407 1.22925436 -1.97273409
v -1.96847057 1.23016191 -1.97294390
v -1.96474934 1.23092651 -1.97535980
v -1.96228051 1.22976863 -1.97434449
v -1.96364474 1.22873807 -1.97252822
v -1.93167281 1.22228467 -1.93478525
v -1.92767501 1.22412419 -1.93083918
v -1.92683244 1.21960115 -1.92923045
v -1.93084550 1.21753573 -1.93335164
v -1.93978071 1.22801340 -1.92912054
v -1.93550825 1.23088944 -1.92430186
v -1.93289399 1.23022377 -1.92803121
v -1.93711698 1.22775745 -1.93215740
v -1.94164705 1.22489655 -1.92589235
v -1.93723392 1.22730756 -1.92043841
v -1.93071508 1.23308754 -1.91970241
v -1.92341805 1.23526788 -1.91332281
v -1.92039824 1.23392117 -1.91792953
v -1.92799723 1.23221111 -1.92410219
v -1.93013000 1.22783315 -1.93030643
v -1.93431008 1.22585225 -1.93427384
v -1.92458034 1.21562362 -1.91943586
v -1.93045664 1.21450138 -1.92366827
v -1.92804265 1.21603751 -1.92653120
v -1.92216825 1.21754777 -1.92229378
v -1.91152108 1.22344708 -1.91785467
v -1.91293764 1.22794068 -1.92016602
v -1.91651356 1.23111916 -1.92005360
v -1.92844307 1.21715403 -1.91615200
v -1.91919804 1.21960616 -1.90944016
v -1.92324722 1.22443175 -1.90704477
v -1.93153381 1.22255719 -1.91395962
v -1.92504168 1.22937346 -1.92669249
v -1.92095232 1.22098827 -1.92533326
v -1.92219090 1.22564328 -1.92715156
v -1.93212450 1.22923541 -1.91533411
v -1.93649340 1.22101140 -1.91907489
v -1.94633436 1.21282315 -1.93209159
v -1.94342911 1.21042621 -1.93408334
v -1.93535876 1.21242046 -1.92761362
v -1.93877447 1.21455395 -1.92519343
v -1.93369842 1.21583545 -1.92071497
v -1.94137585 1.21937704 -1.92436230
v -1.93776500 1.21465492 -1.93933547
v -1.93774962 1.21914864 -1.94100368
v -1.94017184 1.22264528 -1.94038701
v -1.92494047 1.23150992 -1.90851426
v -1.91494918 1.21792769 -1.91255617
v -1.94279170 1.22435188 -1.93877947
v -1.94559371 1.22465575 -1.93630278
v -1.93244314 1.21387100 -1.93041408
v -1.93981290 1.21114314 -1.93648922
v -1.94803572 1.21717739 -1.93149245
v -1.94781637 1.22218525 -1.93283260
v -1.95230031 1.22020996 -1.93781912
v -1.95286536 1.21550655 -1.93595898
v -1.95024490 1.22273505 -1.94133914
v -1.94711292 1.22211909 -1.94342089
v -1.94427037 1.22050703 -1.94442213
v -1.95111644 1.21145475 -1.93662202
v -1.94845760 1.20950568 -1.93834198
v -1.94431174 1.21006513 -1.94014025
v -1.95459330 1.21001244 -1.94000363
v -1.95672274 1.21374083 -1.94056404
v -1.96077561 1.21752119 -1.95403373
v -1.96251440 1.21687019 -1.95261741
v -1.95907843 1.21797466 -1.94966018
v -1.95750165 1.21916962 -1.95086503
v -1.95722032 1.21902132 -1.94686687
v -1.95466685 1.22078717 -1.94587100
v -1.96126974 1.21629167 -1.94701469
v -1.95814133 1.21744061 -1.94441378
v -1.96478426 1.21487594 -1.95002067
v -1.96416759 1.21133661 -1.94809401
v -1.96055532 1.21279144 -1.94529641
v -1.95853138 1.21462250 -1.94310379
v -1.96423006 1.21535635 -1.95589173
v -1.96528387 1.21578932 -1.95432770
v -1.95570648 1.21848261 -1.94186628
v -1.95082486 1.22063589 -1.94712186
v -1.95473838 1.21866655 -1.95183575
v -1.95845103 1.21669078 -1.95518601
v -1.96169996 1.21408844 -1.95672190
v -1.95211804 1.21677697 -1.95231318
v -1.95632303 1.21477127 -1.95540738
v -1.95927632 1.21269417 -1.95642006
v -1.95024347 1.21402204 -1.95200574
v -1.95500565 1.21243525 -1.95493829
v -1.94779325 1.21878338 -1.94780922
v -1.94549370 1.21599698 -1.94731748
v -1.95774937 1.21152484 -1.95565045
v -1.96416354 1.21040165 -1.95536470
v -1.96695793 1.21200418 -1.95455444
v -1.96793723 1.21369886 -1.95261204
v -1.95984447 1.21051276 -1.94418490
v -1.96314776 1.20916677 -1.94779384
v -1.95786953 1.20838249 -1.94416511
v -1.96142125 1.20755172 -1.94815624
v -1.96676385 1.21101117 -1.95039058
v -1.96602166 1.20939314 -1.95094240
v -1.94206047 1.21755338 -1.94428217
v -1.94192600 1.21349204 -1.94256270
v -1.94525576 1.21233535 -1.94556987
v -1.95043349 1.21031475 -1.95021164
v -1.94757533 1.20911503 -1.94298887
v -1.95145750 1.20861030 -1.94127309
v -1.95522153 1.20729446 -1.94519663
v -1.95226598 1.20774710 -1.94728220
v -1.95907271 1.20677280 -1.94923913
v -1.95665431 1.20713425 -1.95087421
v -1.95515621 1.20933223 -1.95330703
v -1.96112108 1.20747399 -1.95216072
v -1.96378434 1.20808005 -1.95148242
v -1.96097147 1.20973706 -1.95509958
v -1.95838642 1.20935082 -1.95451415
v -1.95891058 1.20756567 -1.95271504
v -1.91246653 1.22022736 -1.91497636
v -1.92087352 1.20296574 -1.91272056
v -1.91757405 1.20538712 -1.91016054
v -1.91612971 1.20197845 -1.90867805
v -1.91932189 1.19952786 -1.91118395
v -1.92903328 1.20637167 -1.90650880
v -1.92557490 1.20930433 -1.90333998
v -1.92324018 1.21003985 -1.90720117
v -1.92680252 1.20721674 -1.91026402
v -1.92921138 1.20269787 -1.90297329
v -1.92567444 1.20542526 -1.89953554
v -1.92067337 1.21223438 -1.90027082
v -1.91253603 1.21702492 -1.89549267
v -1.91094482 1.21645296 -1.90027738
v -1.91835678 1.21285415 -1.90426826
v -1.89959562 1.20452857 -1.89240277
v -1.90484428 1.20262313 -1.89604259
v -1.90394640 1.20447528 -1.89964747
v -1.89755964 1.20628119 -1.89623284
v -1.92018116 1.20842099 -1.90966690
v -1.92373025 1.20570159 -1.91236794
v -1.91258812 1.19930673 -1.90049481
v -1.91719079 1.19701612 -1.90300739
v -1.91599810 1.19896495 -1.90626025
v -1.91154075 1.20109224 -1.90405691
v -1.89776158 1.20920753 -1.90005887
v -1.90428364 1.20724404 -1.90253842
v -1.90568948 1.21068096 -1.90378881
v -1.89967132 1.21264219 -1.90334654
v -1.90816975 1.21348822 -1.90337300
v -1.91499257 1.19990993 -1.89704621
v -1.90690053 1.20326138 -1.89249277
v -1.90973234 1.20642173 -1.88933551
v -1.91834331 1.20297468 -1.89499617
v -1.91568685 1.21073389 -1.90699518
v -1.91167259 1.20403552 -1.90640557
v -1.91318870 1.20755851 -1.90765476
v -1.92071295 1.20854557 -1.89627123
v -1.92322874 1.20051455 -1.89838314
v -1.92832828 1.19171202 -1.90640938
v -1.92578948 1.19135070 -1.90873992
v -1.92082584 1.19448018 -1.90547037
v -1.92364240 1.19480729 -1.90249276
v -1.91994154 1.19739294 -1.89984560
v -1.92693138 1.19787705 -1.90135753
v -1.92391980 1.19637752 -1.91448963
v -1.92544317 1.19960988 -1.91634667
v -1.92811012 1.20228934 -1.91605842
v -1.91241789 1.21338654 -1.89040601
v -1.93110180 1.20354319 -1.91441715
v -1.93324482 1.20273256 -1.91116047
v -1.91935909 1.19645119 -1.90867341
v -1.92416859 1.19328034 -1.91180718
v -1.93138146 1.19454372 -1.90562403
v -1.93332088 1.19929838 -1.90739691
v -1.93705487 1.19687533 -1.91075480
v -1.93528521 1.19229913 -1.90895307
v -1.93657279 1.20021451 -1.91447175
v -1.93439615 1.20106912 -1.91727006
v -1.93121076 1.19978487 -1.91840804
v -1.93179488 1.18957150 -1.90962446
v -1.92947531 1.18957794 -1.91145217
v -1.92790580 1.19145703 -1.91375005
v -1.93553674 1.18790543 -1.91256833
v -1.93918300 1.19043684 -1.91250873
v -1.94440055 1.19429624 -1.92441547
v -1.94542742 1.19381940 -1.92254913
v -1.94315743 1.19506145 -1.92055380
v -1.94187176 1.19628811 -1.92191827
v -1.94147038 1.19598961 -1.91802990
v -1.93958521 1.19786608 -1.91770661
v -1.94396472 1.19299078 -1.91771996
v -1.94146669 1.19410598 -1.91563666
v -1.94683552 1.19137764 -1.91993630
v -1.94534659 1.18756711 -1.91860330
v -1.94298446 1.18914449 -1.91612327
v -1.94134164 1.19110441 -1.91443098
v -1.94692647 1.19181967 -1.92566407
v -1.94757569 1.19230390 -1.92392766
v -1.93967140 1.19519496 -1.91364014
v -1.93710124 1.19895887 -1.91975141
v -1.94006693 1.19662631 -1.92317986
v -1.94318962 1.19385684 -1.92628074
v -1.94534039 1.19045722 -1.92687142
v -1.93765962 1.19552875 -1.92371476
v -1.94092762 1.19255662 -1.92624605
v -1.94306636 1.18959022 -1.92665184
v -1.93506980 1.19390941 -1.92306745
v -1.93879831 1.19131184 -1.92556405
v -1.93415380 1.19812632 -1.92041230
v -1.93138051 1.19635081 -1.91987348
v -1.94105649 1.18965483 -1.92633975
v -1.94582605 1.18754792 -1.92529976
v -1.94792390 1.18832946 -1.92412174
v -1.94903493 1.18973351 -1.92204607
v -1.94145298 1.18719053 -1.91558433
v -1.94403744 1.18560433 -1.91880977
v -1.93878818 1.18612409 -1.91590536
v -1.94218719 1.18490553 -1.91993392
v -1.94751215 1.18714881 -1.92048752
v -1.94646120 1.18596435 -1.92162919
v -1.92860746 1.19745529 -1.91829860
v -1.92735398 1.19462574 -1.91673410
v -1.92984390 1.19318235 -1.91842186
v -1.93365443 1.19113362 -1.92154837
v -1.93049681 1.19008136 -1.91602337
v -1.93246162 1.18818533 -1.91383421
v -1.93631232 1.18632650 -1.91732299
v -1.93418384 1.18802679 -1.91934061
v -1.94003892 1.18538141 -1.92115796
v -1.93837786 1.18683815 -1.92263615
v -1.93781734 1.18914247 -1.92435992
v -1.94255304 1.18597543 -1.92385530
v -1.94457531 1.18549514 -1.92294204
v -1.94340456 1.18754005 -1.92567897
v -1.94106543 1.18806744 -1.92547309
v -1.94091797 1.18675983 -1.92424572
v -1.90214896 1.20475936 -1.88985682
v -1.86108100 1.28628206 -1.92557395
v -1.86175466 1.28202629 -1.92651141
v -1.85583830 1.27461791 -1.92973995
v -1.84957206 1.27418423 -1.93139613
v -1.84413040 1.27731967 -1.93161023
v -1.84304845 1.28236127 -1.93054867
v -1.84558618 1.28697968 -1.92919695
v -1.86057103 1.27777898 -1.92784095
v -1.85747397 1.28999496 -1.92524564
v -1.85089087 1.28996897 -1.92698908
v -1.85439324 1.29278088 -1.93648767
v -1.86085141 1.29262972 -1.93402362
v -1.84837294 1.28996289 -1.93860090
v -1.84549904 1.28483129 -1.93919754
v -1.84596801 1.27938080 -1.93885934
v -1.86438382 1.28867972 -1.93328643
v -1.86493945 1.28370285 -1.93332088
v -1.86218691 1.27884459 -1.93434346
v -1.86728799 1.29097033 -1.94094670
v -1.86527312 1.29565334 -1.94484925
v -1.85562277 1.29369879 -1.95895314
v -1.85756803 1.29707575 -1.95783412
v -1.85598779 1.29567146 -1.95388007
v -1.85329020 1.29252148 -1.95446014
v -1.85602438 1.29482532 -1.95085037
v -1.85277295 1.29249513 -1.94852066
v -1.86074495 1.29870152 -1.95243704
v -1.86018085 1.29690862 -1.94992626
v -1.86624885 1.29864740 -1.95155585
v -1.86415768 1.29786074 -1.94896257
v -1.86206520 1.30054879 -1.95640540
v -1.85955095 1.29831433 -1.96083844
v -1.86345172 1.30061746 -1.96022677
v -1.85917890 1.29586005 -1.96249056
v -1.85845065 1.29530454 -1.94591296
v -1.84851646 1.28692913 -1.94729328
v -1.85149920 1.28858602 -1.95447814
v -1.85502946 1.29031014 -1.95989716
v -1.85990798 1.29229760 -1.96310866
v -1.85230887 1.28378773 -1.95420408
v -1.85693288 1.28681874 -1.95950341
v -1.86125875 1.28934228 -1.96181631
v -1.85637712 1.28101528 -1.95226133
v -1.86015832 1.28513193 -1.95780039
v -1.84824467 1.28105724 -1.94586897
v -1.85232973 1.27730978 -1.94338977
v -1.86251664 1.28774011 -1.96021509
v -1.86552227 1.29437137 -1.96315062
v -1.86476552 1.29819918 -1.96329141
v -1.86887956 1.29642379 -1.95028174
v -1.86715460 1.30032897 -1.95514619
v -1.86997390 1.29765940 -1.95509529
v -1.87016559 1.29274392 -1.94855487
v -1.87105131 1.29416037 -1.95498860
v -1.86725914 1.30102074 -1.95858896
v -1.86914384 1.29867685 -1.95969212
v -1.85061610 1.27572989 -1.93745375
v -1.85671997 1.27580726 -1.93590033
v -1.85839415 1.27758169 -1.94125462
v -1.86187315 1.28135180 -1.94956028
v -1.86436820 1.28074956 -1.94019938
v -1.86762738 1.28599167 -1.93977916
v -1.86978281 1.28857875 -1.94809806
v -1.86709714 1.28413475 -1.94831693
v -1.87022471 1.29068565 -1.95488155
v -1.86800921 1.28759980 -1.95503831
v -1.86430717 1.28551579 -1.95625365
v -1.86872303 1.29163885 -1.95907283
v -1.86957848 1.29498398 -1.95997465
v -1.86550128 1.29114318 -1.96152365
v -1.86525905 1.28862333 -1.95950758
v -1.86760831 1.28945482 -1.95817649
v -1.89229083 1.20648158 -1.89351881
v -1.89169741 1.21038198 -1.89793980
v -1.88579726 1.21121943 -1.89319801
v -1.87878275 1.21165633 -1.88762283
v -1.87480366 1.20882273 -1.87870824
v -1.87848926 1.21733832 -1.89058781
v -1.88535869 1.21639919 -1.89624083
v -1.89324272 1.21572900 -1.90228295
v -1.87305784 1.22295904 -1.88799918
v -1.73281717 1.79210472 -1.90379870
v -1.73254347 1.79057419 -1.90032291
v -1.73252809 1.78353500 -1.89993513
v -1.73342121 1.78424931 -1.90282393
v -1.73394942 1.78582144 -1.90591407
v -1.73359358 1.78667068 -1.90977228
v -1.73076046 1.79427552 -1.91399908
v -1.73232162 1.79423547 -1.90847123
v -1.72780144 1.78765893 -1.92388356
v -1.72790265 1.78880882 -1.92190790
v -1.72852767 1.78693247 -1.92343557
v -1.73119617 1.78676724 -1.91797769
v -1.72929561 1.78685999 -1.92127991
v -1.73133254 1.78578901 -1.89668405
v -1.73090613 1.78423572 -1.89584124
v -1.73192608 1.78846693 -1.89808095
v -1.73269975 1.78744054 -1.91384900
v -1.73083162 1.78330088 -1.89618278
v -1.73136806 1.78309321 -1.89763713
v -1.72893727 1.79151273 -1.91880834
v -1.73335516 1.78779721 -1.90512526
v -1.73312044 1.78876364 -1.90913665
v -1.73158336 1.79201102 -1.91350889
v -1.73274064 1.79155970 -1.90857995
v -1.73089099 1.78866172 -1.91728520
v -1.72964084 1.78834510 -1.91956973
v -1.73309886 1.78594637 -1.90228081
v -1.73218060 1.78944039 -1.91337883
v -1.73317969 1.78951740 -1.90442610
v -1.72919846 1.78891850 -1.91996932
v -1.73019433 1.79051805 -1.91776252
v -1.73119795 1.78465331 -1.89654660
v -1.73122072 1.78362751 -1.89700580
v -1.73062468 1.51735806 -1.95335913
v -1.73660266 1.49768567 -1.95563734
v -1.73279190 1.78755140 -1.90142739
v -1.73173320 1.78390837 -1.89818239
v -1.73246324 1.78465080 -1.89999151
v -1.73219180 1.78603435 -1.89936280
v -1.73162365 1.78480959 -1.89776146
v -1.72953260 1.39327860 -1.74717700
v -1.72088182 1.38559866 -1.75750887
v -1.71884191 1.41121948 -1.70504010
v -1.70174420 1.41876721 -1.69943655
v -1.77640152 1.23296726 -1.93829536
v -1.63509011 1.28371000 -1.83063042
v -1.63232386 1.30249059 -1.82833898
v -1.58638072 1.30709934 -1.87760270
v -1.59545434 1.30225492 -1.86241984
v -1.72798026 1.27504969 -1.83971667
v -1.73093677 1.25750113 -1.84152126
v -1.75968671 1.26721549 -1.89110267
v -1.76143765 1.24901700 -1.89503670
v -1.74902737 1.23742843 -1.85989749
v -1.61113942 1.25187838 -1.84741974
v -1.60871065 1.27366638 -1.84964108
v -1.62235999 1.26893091 -1.83836329
v -1.62359917 1.24840188 -1.83520186
v -1.58555400 1.28872550 -1.89689028
v -1.58173823 1.31063581 -1.89510846
v -1.70990169 1.29661965 -1.82520270
v -1.68943930 1.30098867 -1.81799507
v -1.64932418 1.31206727 -1.81918418
v -1.63126719 1.32013047 -1.82441771
v -1.60246372 1.33879280 -1.84350479
v -1.61601055 1.32956004 -1.83232033
v -1.76627696 1.28542805 -1.90553069
v -1.76808989 1.30400681 -1.92147720
v -1.72746933 1.29328954 -1.83772814
v -1.76765025 1.28765142 -1.96597505
v -1.57621801 1.37784231 -1.86959147
v -1.58705592 1.37187469 -1.85167956
v -1.66896713 1.30590689 -1.81702006
v -1.76434565 1.45001602 -1.94956744
v -1.77339017 1.43270743 -1.95332086
v -1.77827001 1.43601143 -1.93736589
v -1.76851428 1.45292985 -1.93322194
v -1.78202152 1.43809485 -1.92165017
v -1.78409600 1.43912160 -1.90625656
v -1.78421783 1.43913984 -1.89187706
v -1.77772486 1.43441105 -1.85707319
v -1.78097677 1.43679881 -1.86738145
v -1.76789212 1.42722869 -1.83920944
v -1.77331507 1.43157768 -1.84781158
v -1.76110017 1.41836643 -1.83093941
v -1.75140929 1.40813828 -1.82334042
v -1.73935592 1.39877975 -1.81689274
v -1.73459744 1.41115093 -1.81436443
v -1.75649619 1.39584541 -1.82659173
v -1.76641631 1.40645182 -1.83392572
v -1.77444267 1.41376376 -1.84242988
v -1.78096509 1.38925600 -1.97158039
v -1.77861631 1.36448121 -1.96837604
v -1.72565258 1.53626621 -1.95124841
v -1.71650219 1.23108292 -1.71215379
v -1.80032015 1.27556515 -1.81031322
v -1.60611784 1.57582057 -1.87477183
v -1.59957540 1.57288098 -1.89404333
v -1.59280074 1.56046116 -1.90880406
v -1.59630299 1.57106829 -1.91002822
v -1.66601825 1.59567297 -1.81324542
v -1.64052474 1.58858919 -1.82150936
v -1.62109077 1.58026886 -1.83520448
v -1.60888791 1.57192612 -1.85355973
v -1.74231577 1.30813825 -1.85216630
v -1.59401906 1.54194808 -1.86876738
v -1.60495770 1.56122136 -1.85034144
v -1.61667132 1.57004762 -1.83042991
v -1.63585806 1.57922673 -1.81398785
v -1.66532993 1.58842063 -1.80030525
v -1.67996800 1.58402503 -1.78912234
v -1.68166780 1.55993307 -1.77192426
v -1.69008327 1.55167556 -1.76344168
v -1.70714545 1.56070352 -1.76061022
v -1.71264052 1.54791176 -1.75172579
v -1.69636726 1.54152560 -1.75402665
v -1.69709611 1.45185328 -1.71063864
v -1.69078445 1.43690348 -1.70601952
v -1.68086421 1.42700577 -1.70441961
v -1.67124510 1.41989923 -1.70668113
v -1.66293800 1.41701877 -1.71287274
v -1.65695167 1.41808915 -1.72241712
v -1.65416384 1.42407107 -1.73358512
v -1.65932536 1.44685459 -1.76007068
v -1.66290474 1.45463610 -1.76498580
v -1.65989995 1.44150925 -1.78248250
v -1.65646005 1.43394518 -1.78595877
v -1.63123310 1.39499784 -1.80339444
v -1.64033866 1.40900922 -1.79825747
v -1.62256670 1.38014865 -1.80947065
v -1.60919940 1.14282680 -1.82405424
v -1.61067355 1.16296887 -1.83054614
v -1.62682498 1.16489506 -1.81714714
v -1.62485230 1.14512956 -1.81021440
v -1.58757484 1.20991182 -1.89433706
v -1.59385824 1.20815146 -1.87458360
v -1.71637213 1.16857350 -1.80684602
v -1.69129670 1.16860402 -1.80034947
v -1.66723323 1.16799283 -1.80067289
v -1.64546418 1.16705453 -1.80665100
v -1.73586106 1.16901517 -1.81932747
v -1.78610623 1.14966536 -1.92337477
v -1.78114867 1.15448761 -1.90196729
v -1.78106904 1.14302540 -1.98138893
v -1.78544521 1.14383852 -1.96407616
v -1.75222361 1.16711855 -1.83615077
v -1.78758049 1.14603424 -1.94467437
v -1.77370346 1.15944517 -1.87988973
v -1.76470435 1.16348612 -1.85687554
v -1.61176884 1.18354607 -1.83702636
v -1.60013843 1.18419087 -1.85265613
v -1.60275447 1.20716333 -1.85759926
v -1.56814206 1.44914055 -1.86724377
v -1.57622838 1.44994795 -1.84924638
v -1.58450866 1.45279586 -1.83217490
v -1.59644210 1.47683024 -1.81775844
v -1.60830522 1.48253274 -1.80399370
v -1.60923707 1.46435595 -1.80488670
v -1.59682810 1.45864940 -1.81699729
v -1.63256109 1.49121022 -1.78390586
v -1.64120138 1.49292910 -1.77700734
v -1.64161992 1.47930622 -1.77809143
v -1.63307774 1.47613263 -1.78480124
v -1.64806259 1.48147821 -1.77133310
v -1.65490568 1.48181748 -1.76535833
v -1.66102779 1.47987366 -1.76142454
v -1.66319692 1.47484982 -1.75432801
v -1.66830468 1.49205935 -1.74728394
v -1.66512716 1.49936581 -1.75505280
v -1.63452029 1.50639343 -1.78349698
v -1.62263942 1.50455999 -1.79260314
v -1.57724702 1.48131347 -1.86920977
v -1.57370448 1.47751665 -1.88715219
v -1.72432899 1.39395928 -1.81029761
v -1.70874488 1.39135051 -1.80319679
v -1.69378996 1.39238143 -1.79876578
v -1.68036628 1.39569092 -1.79600322
v -1.66813684 1.40130794 -1.79384613
v -1.65663040 1.40842760 -1.79298055
v -1.64620602 1.41758060 -1.79311299
v -1.65171719 1.42627871 -1.78931510
v -1.63730514 1.42845178 -1.79361975
v -1.64425445 1.43606782 -1.78880966
v -1.62969172 1.44066060 -1.79451406
v -1.62428522 1.45482278 -1.79422057
v -1.62137127 1.47105348 -1.79411781
v -1.62101269 1.48738980 -1.79260075
v -1.59815979 1.49527860 -1.81623757
v -1.61043334 1.50016940 -1.80258882
v -1.59206986 1.50875211 -1.83014429
v -1.59841704 1.52566826 -1.82857084
v -1.58367372 1.47110963 -1.83321011
v -1.58698595 1.49021125 -1.83178222
v -1.65068507 1.60898423 -1.84994805
v -1.63240862 1.60429502 -1.86348975
v -1.65963972 1.44002569 -1.73005557
v -1.65879095 1.43068445 -1.72613859
v -1.65581965 1.43319654 -1.73416412
v -1.65715635 1.43927622 -1.73514247
v -1.66312814 1.43101382 -1.71973264
v -1.66809678 1.44593537 -1.72184825
v -1.66956949 1.43433475 -1.71521842
v -1.66320205 1.44173980 -1.72538769
v -1.67704177 1.44048285 -1.71280515
v -1.67397094 1.45123935 -1.71964169
v -1.68363225 1.44849539 -1.71246314
v -1.67972589 1.45736909 -1.71817219
v -1.68430328 1.46220613 -1.71756375
v -1.68913901 1.45807528 -1.71421695
v -1.68219137 1.49547780 -1.73241007
v -1.68344486 1.48346472 -1.72605395
v -1.68389952 1.47134161 -1.72079575
v -1.66235685 1.46766508 -1.74684703
v -1.66206384 1.45977497 -1.73876643
v -1.66275728 1.45119119 -1.73157942
v -1.66689324 1.45607209 -1.72829092
v -1.66580391 1.46560740 -1.73532701
v -1.66521561 1.47488570 -1.74303174
v -1.57151270 1.46506834 -1.86828339
v -1.57563961 1.46799207 -1.85091627
v -1.64863777 1.49367023 -1.76984406
v -1.65586090 1.49291229 -1.76456928
v -1.66229713 1.48965931 -1.75886178
v -1.66502678 1.48304582 -1.75125110
v -1.65936315 1.50366616 -1.76215494
v -1.65193784 1.50620162 -1.76917160
v -1.64404249 1.50652003 -1.77656102
v -1.57963538 1.48584676 -1.85058713
v -1.56718087 1.46238625 -1.88572478
v -1.75183403 1.50367653 -1.79553640
v -1.75549746 1.52217269 -1.78104985
v -1.74903786 1.53699064 -1.76485324
v -1.73305857 1.54659367 -1.75422966
v -1.60771120 1.60229492 -1.91725576
v -1.65083671 1.26741636 -1.70000589
v -1.55665970 1.40678251 -1.90174246
v -1.55463314 1.42864728 -1.90126765
v -1.57476377 1.33561778 -1.90974581
v -1.56467021 1.35590959 -1.90547180
v -1.59435785 1.23594737 -1.87738860
v -1.58883750 1.24078619 -1.89615917
v -1.58731651 1.26603806 -1.89716554
v -1.57230103 1.18908918 -1.91278970
v -1.58271980 1.21326637 -1.91664827
v -1.58457994 1.26976013 -1.91593182
v -1.58384383 1.29249179 -1.91513765
v -1.56699395 1.38011146 -1.88655472
v -1.56083584 1.44803834 -1.88373244
v -1.56102252 1.46210456 -1.90212893
v -1.56749511 1.47633123 -1.90391719
v -1.57188988 1.49378407 -1.90472710
v -1.80079150 1.40769362 -1.88507557
v -1.79222810 1.42310357 -1.88250589
v -1.79360259 1.42351890 -1.89557874
v -1.80256784 1.40790796 -1.89809668
v -1.79215825 1.40677834 -1.86342669
v -1.78514230 1.42088652 -1.86072004
v -1.78912616 1.42227125 -1.87098968
v -1.79715455 1.40723467 -1.87335873
v -1.78025901 1.41823125 -1.85144758
v -1.78670621 1.40505266 -1.85406256
v -1.80702257 1.39080524 -1.88704693
v -1.80307221 1.39067042 -1.87526524
v -1.80895412 1.39098239 -1.90011859
v -1.79184306 1.39026654 -1.85639489
v -1.79779553 1.39068985 -1.86528838
v -1.75922716 1.68084335 -1.95208132
v -1.77262843 1.69113421 -1.95543587
v -1.76947403 1.73633778 -1.95637167
v -1.76618266 1.73962331 -1.95556903
v -1.73925900 1.65796387 -1.95368838
v -1.73531568 1.64615703 -1.95441663
v -1.77218580 1.71941304 -1.96111357
v -1.77731156 1.70633316 -1.96288836
v -1.76125717 1.76061893 -1.95449233
v -1.76102901 1.75693774 -1.95469260
v -1.76552236 1.74759841 -1.95663345
v -1.76609683 1.74370027 -1.95704460
v -1.73103428 1.63274741 -1.95522285
v -1.74589586 1.66881514 -1.95484185
v -1.72039104 1.60453784 -1.95649970
v -1.71405470 1.59105861 -1.95620418
v -1.71264207 1.57864356 -1.94560552
v -1.71312594 1.56466508 -1.94588721
v -1.77589655 1.41051364 -1.97125649
v -1.74854374 1.45922041 -1.96077299
v -1.75950468 1.44568563 -1.96587229
v -1.74145484 1.47759867 -1.95830762
v -1.71935523 1.55119956 -1.94830418
v -1.72591102 1.61824358 -1.95607173
v -1.77024591 1.73203516 -1.95920074
v -1.76995468 1.72667742 -1.95967436
v -1.76221800 1.75354123 -1.95528448
v -1.76384282 1.75063372 -1.95594883
v -1.72658277 1.51513338 -1.96773553
v -1.73207045 1.49518371 -1.97064519
v -1.76834285 1.42849386 -1.96886957
v -1.77351296 1.38696849 -1.98523188
v -1.77031386 1.36219084 -1.98472416
v -1.72144341 1.53375673 -1.96491849
v -1.75859725 1.34249771 -1.98202395
v -1.69327140 0.97485739 -1.79339373
v -1.67423952 0.95506608 -1.80438125
v -1.65300798 0.96965814 -1.80481005
v -1.66677022 0.98432267 -1.79555213
v -1.67526793 1.03020704 -1.78979433
v -1.67390442 1.05600262 -1.78843188
v -1.67208505 1.08312392 -1.78708065
v -1.63517058 0.96027404 -1.81903589
v -1.60268605 0.97576791 -1.83623302
v -1.61619997 0.95621616 -1.83870173
v -1.64698696 1.07825482 -1.79247618
v -1.64827907 1.05104387 -1.79345310
v -1.65148580 0.98984754 -1.79884505
v -1.65095270 1.00413454 -1.79638493
v -1.67335892 1.00494099 -1.79081905
v -1.62200737 0.97758889 -1.81771588
v -1.63924551 0.98313016 -1.80565083
v -1.58636498 1.14096880 -1.85854876
v -1.58350527 1.11889982 -1.85336268
v -1.57095814 1.12059104 -1.87799966
v -1.64489853 1.14891613 -1.79942691
v -1.62409222 1.12439048 -1.80546403
v -1.57993126 0.97995889 -1.92320800
v -1.63231790 1.00037789 -1.80469644
v -1.59428215 0.99749553 -1.83395481
v -1.61348748 0.99822974 -1.81659019
v -1.58937919 1.07204735 -1.82878935
v -1.60628939 1.07215440 -1.81328464
v -1.60547960 1.04657447 -1.81394982
v -1.58757079 1.04704762 -1.82958853
v -1.62515986 1.07376802 -1.80114388
v -1.62421799 1.10051870 -1.80274296
v -1.59206617 1.09613633 -1.83070695
v -1.60721421 1.09782469 -1.81502581
v -1.60797846 1.12191927 -1.81884861
v -1.62595510 1.04682827 -1.80237257
v -1.58832383 1.02146018 -1.83176494
v -1.57147563 1.02291608 -1.85455215
v -1.56133986 1.02742934 -1.88168371
v -1.55444646 1.02905488 -1.90985870
v -1.55149567 1.05238950 -1.90816295
v -1.59494770 1.11952734 -1.83453894
v -1.59878433 1.16295683 -1.84700978
v -1.59771991 1.14188266 -1.83991528
v -1.60261583 1.23294103 -1.86042571
v -1.88114190 0.80345559 -1.91222298
v -1.68232071 0.95011073 -1.96381569
v -1.70073521 0.95216691 -1.97143698
v -1.79235327 1.04079580 -1.82302701
v -1.73887885 0.99975419 -1.79040039
v -1.70403981 1.00349140 -1.78793609
v -1.73634565 0.96157765 -1.97271609
v -1.75984335 0.97418207 -1.96436214
v -1.80806959 1.04245210 -1.84974623
v -1.80964589 1.01559711 -1.90325558
v -1.71692109 0.95496428 -1.97393334
v -1.64923835 1.02677202 -1.79488170
v -1.62789595 1.02204001 -1.80369937
v -1.60793316 1.02077317 -1.81519449
v -1.57594907 0.99935818 -1.85708237
v -1.56430173 1.00467753 -1.88545799
v -1.56029379 1.00981772 -1.91392016
v -1.76316488 1.02346683 -1.97284794
v -1.75962341 1.03452992 -1.98244691
v -1.76242101 1.03496385 -1.97702920
v -1.75720572 1.04865897 -1.99035585
v -1.75526023 1.03325820 -1.98918271
v -1.75731754 1.01939547 -1.98101974
v -1.75175524 1.01796484 -1.98772585
v -1.74472237 1.00384378 -1.98522735
v -1.78453720 1.13308001 -1.92479408
v -1.78050399 1.13727784 -1.90242302
v -1.77865422 1.12688792 -1.98225987
v -1.78316677 1.12752485 -1.96544659
v -1.75412047 1.15105784 -1.83323610
v -1.78522420 1.12944627 -1.94636881
v -1.77413285 1.14274693 -1.87967384
v -1.76606131 1.14751267 -1.85515654
v -1.55420995 1.10017300 -1.90748227
v -1.55849934 1.12517810 -1.90816998
v -1.77174687 1.12664771 -1.99693680
v -1.77161860 1.69225764 -1.96180201
v -1.75763237 1.68085098 -1.95782161
v -1.68735611 1.85387325 -1.92659104
v -1.63420320 1.63578987 -1.92674220
v -1.72844136 1.81389666 -1.94155109
v -1.76604092 1.73962426 -1.95727706
v -1.76318407 1.76389647 -1.95474613
v -1.70820212 1.57689941 -1.95570195
v -1.70751405 1.56186259 -1.95657611
v -1.68760204 0.95695484 -1.96594810
v -1.71436238 1.54878354 -1.96050668
v -1.67587864 0.95543635 -1.96110630
v -1.57954764 1.31361723 -1.91251874
v -1.56354713 0.47414023 -1.83910489
v -1.55579317 0.48548311 -1.83705461
v -1.53748369 0.46499664 -1.82795656
v -1.54570842 0.45467538 -1.83193684
v -1.55090570 0.50631112 -1.81358981
v -1.54976714 0.50049692 -1.82530153
v -1.55501270 0.50688356 -1.80116761
v -1.56128812 0.50193483 -1.79106927
v -1.53899658 0.48217386 -1.78808641
v -1.53250694 0.48750597 -1.79593706
v -1.56828761 0.49453300 -1.78635418
v -1.55339026 0.46764880 -1.78050494
v -1.57612276 0.48637873 -1.78451204
v -1.58769798 0.47347087 -1.78651369
v -1.56514013 0.45636493 -1.78340089
v -1.59375072 0.45842093 -1.79576564
v -1.57210541 0.44219011 -1.79267275
v -1.59377551 0.44844991 -1.81043935
v -1.57359314 0.46178120 -1.83665264
v -1.55622435 0.44269282 -1.83186626
v -1.52931499 0.48661441 -1.80715168
v -1.52964687 0.48005325 -1.81722736
v -1.53305864 0.47220618 -1.82344520
v -1.55165482 0.49374086 -1.83227706
v -1.52079368 0.44432610 -1.82296205
v -1.52915728 0.43451685 -1.82949018
v -1.50738192 0.46838790 -1.80139470
v -1.51140034 0.45880741 -1.81073618
v -1.51761520 0.46395010 -1.78448606
v -1.51035428 0.47052723 -1.78988290
v -1.53472292 0.44941837 -1.77248371
v -1.52623391 0.45645446 -1.77837276
v -1.54564142 0.47498673 -1.78396428
v -1.54507399 0.43890566 -1.77679253
v -1.55571854 0.42409784 -1.78801990
v -1.54241753 0.42266876 -1.82888699
v -1.51600707 0.45106453 -1.81658328
v -1.59977138 0.25457984 -1.79869795
v -1.60235798 0.25848836 -1.79994249
v -1.60222232 0.25847572 -1.80448067
v -1.59903622 0.25401825 -1.80539274
v -1.60007989 0.24996537 -1.83739269
v -1.60796988 0.25655538 -1.84006488
v -1.60392082 0.25739521 -1.84777284
v -1.59490848 0.25000614 -1.84777701
v -1.60139382 0.24962741 -1.82092369
v -1.59694541 0.24891728 -1.81892037
v -1.59730840 0.24885613 -1.81413043
v -1.60227728 0.24954897 -1.81350160
v -1.58473277 0.27377409 -1.77506077
v -1.58000767 0.27178365 -1.77463865
v -1.57953453 0.27269763 -1.77016163
v -1.58322644 0.27476746 -1.76909471
v -1.59324598 0.26115221 -1.79032922
v -1.58814692 0.25939375 -1.78964710
v -1.58820081 0.26060766 -1.78542972
v -1.59204817 0.26197845 -1.78394437
v -1.59399438 0.27388245 -1.83466613
v -1.59095788 0.27757484 -1.84744501
v -1.59792376 0.26505357 -1.84852862
v -1.60256827 0.26416212 -1.83689535
v -1.58850491 0.26108831 -1.85318542
v -1.57945228 0.27319330 -1.85181260
v -1.57454610 0.26732332 -1.84428084
v -1.58475447 0.25847417 -1.84557962
v -1.57862353 0.26396805 -1.83293152
v -1.58764958 0.25623256 -1.83476758
v -1.58727169 0.26611227 -1.82765305
v -1.59747863 0.25762063 -1.82819915
v -1.59203398 0.26498336 -1.80953312
v -1.59681702 0.27069288 -1.81492126
v -1.60311723 0.26051039 -1.81464434
v -1.59906054 0.25570410 -1.80816591
v -1.59595740 0.26992017 -1.82579052
v -1.60234356 0.25998145 -1.82279742
v -1.58805037 0.26259190 -1.82841086
v -1.58284807 0.26086348 -1.82236528
v -1.59180975 0.25296515 -1.82083440
v -1.59691095 0.25458044 -1.82708919
v -1.58457708 0.26138288 -1.81326771
v -1.59257412 0.25316292 -1.81208515
v -1.59531164 0.27438039 -1.79735446
v -1.59431422 0.27249283 -1.80750144
v -1.59895980 0.26323396 -1.80594003
v -1.59990954 0.26390630 -1.79864323
v -1.59301734 0.25756115 -1.80969274
v -1.58719754 0.26523584 -1.81025147
v -1.58310795 0.26326746 -1.80445147
v -1.59029663 0.25617701 -1.80387366
v -1.58443403 0.26406938 -1.79528725
v -1.59108913 0.25612503 -1.79678607
v -1.59156418 0.26882142 -1.79191637
v -1.59647918 0.25944227 -1.79376554
v -1.58472586 0.27632099 -1.77613926
v -1.58928156 0.28204983 -1.78058076
v -1.59303999 0.27200514 -1.78272796
v -1.58866191 0.26740521 -1.77924800
v -1.58988047 0.27951807 -1.78853154
v -1.59354198 0.27154797 -1.78887069
v -1.59043837 0.26753765 -1.79339182
v -1.58708215 0.27381867 -1.79152489
v -1.57923079 0.26944357 -1.78839648
v -1.58383203 0.26302165 -1.79063177
v -1.57829952 0.27126950 -1.78013229
v -1.58397317 0.26368254 -1.78308272
v -1.57979321 0.29122549 -1.76512635
v -1.58399391 0.28355819 -1.76717615
v -1.57924557 0.28003508 -1.76517689
v -1.57339001 0.28815573 -1.76399851
v -1.58257902 0.28890175 -1.77203250
v -1.58536339 0.28244203 -1.77272952
v -1.58167589 0.27862960 -1.77647018
v -1.57962418 0.28383464 -1.77481544
v -1.57151639 0.27928323 -1.77409446
v -1.57535172 0.27459925 -1.77570117
v -1.56975460 0.28240532 -1.76777720
v -1.57491398 0.27545351 -1.76849091
v -1.58605468 0.28385776 -1.82922792
v -1.58367014 0.29000562 -1.84506881
v -1.59174275 0.25277978 -1.84475958
v -1.57091558 0.28408283 -1.84831369
v -1.59337676 0.25162607 -1.83870614
v -1.57125974 0.27140266 -1.82752573
v -1.56531739 0.27709347 -1.84052694
v -1.58364654 0.27017313 -1.82824326
v -1.60564280 0.25454074 -1.81565559
v -1.57368338 0.27111703 -1.80872452
v -1.58442354 0.27023453 -1.81029499
v -1.60519803 0.25454551 -1.82073712
v -1.58793402 0.28312129 -1.81164086
v -1.58456624 0.28713459 -1.79391909
v -1.59488010 0.25259238 -1.80341327
v -1.59523916 0.25226372 -1.79950333
v -1.57254517 0.27412850 -1.79035008
v -1.58622730 0.27595788 -1.79070520
v -1.59500897 0.26612979 -1.78494561
v -1.56792998 0.28091604 -1.77530706
v -1.57981062 0.28396255 -1.77394903
v -1.59523475 0.26559085 -1.78831351
v -1.58022738 0.29424995 -1.77697444
v -1.58489239 0.27797896 -1.76928794
v -1.56220961 0.28903478 -1.76512897
v -1.56641436 0.29734689 -1.76046503
v -1.58625913 0.27742022 -1.77251017
v -1.57424140 0.30067497 -1.76447439
v -1.56570148 0.43328065 -1.82612288
v -1.58190918 0.45208520 -1.83126616
v -1.58836126 0.44680601 -1.82227027
v -1.57147133 0.42862827 -1.81704068
v -1.57388270 0.43141693 -1.80548918
v -1.55446863 0.41404730 -1.82365048
v -1.56092763 0.41030961 -1.81306577
v -1.56042624 0.41398960 -1.80131936
v -1.52989936 0.42415196 -1.77032542
v -1.51924086 0.43619686 -1.76524699
v -1.50937152 0.44344038 -1.77371204
v -1.50024128 0.45145220 -1.77873981
v -1.49166048 0.45789367 -1.78517091
v -1.53159714 0.40346521 -1.82635403
v -1.54813159 0.39432865 -1.82251656
v -1.55686617 0.39093059 -1.81106007
v -1.55589390 0.39484864 -1.79673612
v -1.57503521 0.30460852 -1.84488297
v -1.58098853 0.30472475 -1.82963979
v -1.57389688 0.32349247 -1.82867658
v -1.56205690 0.31885964 -1.83978570
v -1.57970810 0.30307776 -1.81262505
v -1.57472277 0.32422107 -1.81195104
v -1.57675660 0.30610460 -1.79569709
v -1.57024789 0.32599193 -1.79550993
v -1.57198608 0.31045300 -1.77906632
v -1.56422782 0.32831806 -1.77987707
v -1.56678975 0.31338340 -1.76425374
v -1.55690634 0.32869738 -1.76502061
v -1.55933797 0.30932301 -1.75604439
v -1.54897666 0.32418531 -1.75500071
v -1.55984402 0.29603416 -1.84752524
v -1.54766953 0.31064075 -1.84019005
v -1.55149007 0.28767401 -1.83739436
v -1.53890228 0.30098623 -1.82969379
v -1.55315804 0.28604871 -1.82274771
v -1.53981829 0.30042678 -1.81616879
v -1.54096198 0.31357306 -1.75716269
v -1.55192029 0.29909593 -1.76095903
v -1.55413747 0.28750616 -1.80517781
v -1.54127884 0.30303186 -1.79989660
v -1.55283642 0.28968710 -1.78789949
v -1.53980160 0.30519396 -1.78329110
v -1.55146360 0.29370362 -1.77314794
v -1.53890228 0.30836171 -1.76863682
v -1.56124783 0.34435099 -1.82626200
v -1.56935167 0.34794813 -1.81091130
v -1.56402612 0.34956664 -1.79502571
v -1.55591917 0.35037524 -1.77939582
v -1.54491389 0.34803730 -1.76480317
v -1.53618693 0.34221154 -1.75402915
v -1.54641438 0.37803799 -1.77492261
v -1.52935386 0.36801964 -1.76203632
v -1.52029049 0.35919017 -1.75399673
v -1.50450301 0.37655383 -1.75341630
v -1.51362693 0.38721949 -1.75911486
v -1.48468697 0.41488498 -1.75640762
v -1.49802649 0.40338546 -1.75764775
v -1.48902333 0.39311284 -1.75060511
v -1.47371221 0.40420300 -1.74844861
v -1.52842593 0.39698738 -1.76716149
v -1.51310182 0.41387051 -1.76490295
v -1.50157833 0.42557770 -1.76537645
v -1.45396364 0.41942424 -1.75744987
v -1.46550345 0.43161458 -1.76177108
v -1.47451186 0.42327458 -1.75735247
v -1.46281338 0.41226989 -1.75040162
v -1.44437957 0.42217356 -1.77083433
v -1.45480037 0.43633467 -1.77379191
v -1.45467448 0.42824346 -1.79049921
v -1.44356108 0.41612738 -1.78785944
v -1.48333621 0.44206792 -1.77112615
v -1.49216247 0.43374377 -1.76828218
v -1.47362614 0.44815010 -1.77977777
v -1.47380233 0.44134003 -1.79464793
v -1.46499610 0.41534835 -1.80067301
v -1.48158324 0.42915708 -1.80353487
v -1.45300293 0.40448982 -1.79913676
v -1.54676080 0.33567888 -1.83218312
v -1.53595686 0.32874542 -1.82851863
v -1.55938005 0.37375277 -1.79446363
v -1.56231642 0.37085515 -1.81099355
v -1.54770803 0.37112552 -1.82454288
v -1.53054011 0.35584992 -1.82666743
v -1.51992774 0.34747595 -1.81872880
v -1.51197672 0.37186700 -1.82092130
v -1.50349665 0.36382288 -1.81274295
v -1.52935731 0.32216388 -1.81956887
v -1.51562500 0.34331113 -1.81011748
v -1.49911618 0.36020833 -1.80467582
v -1.49584770 0.38566738 -1.81669831
v -1.48712850 0.37726277 -1.80990875
v -1.48474920 0.39713782 -1.81105530
v -1.47449756 0.38744217 -1.80661261
v -1.46381414 0.39556938 -1.80376160
v -1.47576582 0.40578884 -1.80567586
v -1.49628949 0.41137081 -1.81419563
v -1.48906446 0.41994613 -1.80886090
v -1.50740874 0.39964885 -1.82004511
v -1.52379394 0.38609463 -1.82518315
v -1.52825618 0.33182281 -1.75430822
v -1.51381254 0.35037869 -1.75317991
v -1.49805474 0.36791378 -1.75349569
v -1.48086309 0.38273484 -1.75097144
v -1.46561718 0.39330047 -1.75096929
v -1.45612276 0.40081066 -1.75324571
v -1.44837928 0.40738863 -1.75926185
v -1.44239450 0.40984708 -1.77123821
v -1.44190669 0.40599853 -1.78383613
v -1.44886374 0.39600545 -1.79214168
v -1.45740891 0.38751644 -1.79659867
v -1.48174429 0.37195235 -1.80195463
v -1.46768737 0.38015336 -1.79958105
v -1.51640987 0.41528016 -1.82611215
v -1.50640893 0.42666680 -1.81962180
v -1.50102878 0.43456346 -1.81332266
v -1.49094296 0.45274073 -1.79785013
v -1.49661779 0.44239408 -1.80682683
v -1.52762902 0.32074434 -1.80762672
v -1.52791905 0.32254201 -1.79228377
v -1.52601469 0.32388741 -1.77674997
v -1.52528298 0.32631010 -1.76357532
v -1.51058435 0.34510463 -1.76030529
v -1.51006651 0.34294194 -1.77172363
v -1.51069665 0.34151810 -1.78588152
v -1.51270103 0.34118670 -1.79995990
v -1.49464333 0.36200017 -1.75974643
v -1.49382865 0.35927755 -1.76964045
v -1.49277866 0.35827655 -1.78264940
v -1.49530482 0.35781139 -1.79491651
v -1.47756374 0.36962122 -1.79264474
v -1.47530329 0.37116402 -1.78169477
v -1.47706485 0.37256593 -1.76964521
v -1.47756791 0.37616378 -1.75974762
v -1.46419835 0.38721865 -1.76022184
v -1.46425688 0.38335985 -1.77004886
v -1.46304893 0.38121122 -1.78111029
v -1.46458888 0.37916702 -1.79048383
v -1.45619166 0.39403218 -1.76150763
v -1.44544101 0.40210122 -1.77199519
v -1.45000792 0.39920062 -1.76489305
v -1.44453025 0.39985842 -1.78011072
v -1.44966745 0.39288634 -1.78517044
v -1.45635772 0.38604027 -1.78825617
v -1.45132709 0.39281934 -1.77879667
v -1.45634484 0.38755375 -1.77998173
v -1.45698225 0.38994521 -1.77015054
v -1.45187402 0.39486080 -1.77114642
v -1.44795942 0.39707714 -1.77735031
v -1.44833040 0.39805228 -1.77341354
v -1.54408360 0.40527111 -1.78196943
v -1.61328459 1.61195207 -1.92069769
v -1.58855152 1.54914987 -1.90786469
v -1.83097970 0.60485375 -1.92999935
v -1.83826351 0.60009921 -1.91788089
v -1.84611058 0.60157514 -1.90523672
v -1.81014335 1.04249179 -1.87669909
v -1.77203381 1.23275769 -1.91867840
v -1.76762593 1.26689136 -1.90956771
v -1.76905239 1.24909449 -1.91431534
v -1.81800890 1.01940334 -1.87646639
v -1.74049902 1.28968990 -1.85342896
v -1.56890380 0.99414480 -1.91775036
v -1.57631159 1.50916302 -1.90511322
v -1.78313506 1.43837285 -1.87893677
v -1.55146837 1.07624590 -1.90711570
v -1.67927241 1.73489571 -1.85536361
v -1.67790556 1.73303390 -1.85742617
v -1.67876601 1.72960496 -1.85850370
v -1.67517829 1.72689891 -1.85876536
v -1.67290008 1.72390819 -1.85894537
v -1.67170584 1.72201121 -1.85858250
v -1.67665565 1.72861624 -1.85700417
v -1.67261314 1.72957969 -1.85729754
v -1.67604148 1.73081791 -1.85692465
v -1.67742634 1.73077965 -1.85644281
v -1.73612285 1.47416162 -1.97301006
v -1.74322200 1.45578384 -1.97576296
v -1.75532436 1.44310164 -1.97984195
v -1.76390994 1.42624712 -1.98286355
v -1.76909244 1.73649549 -1.95844376
v -1.76971877 1.18713450 -1.99757481
v -1.76613379 1.19839394 -1.99584186
v -1.58617342 1.24656129 -1.91626310
v -1.77426636 1.15714097 -1.99788332
v -1.76451147 1.21349537 -1.99395108
v -1.55912077 1.38221931 -1.90269864
v -1.77028191 1.40800405 -1.98421955
v -1.77395344 1.14285862 -1.99731445
v -1.55362391 1.44808912 -1.89989078
v -1.76539314 1.23284364 -1.99250948
v -1.76044869 1.06670082 -1.99154627
v -1.76012528 1.28787255 -1.98531401
v -1.68423533 1.83028913 -1.97250342
v -1.67661333 1.81916380 -1.98180830
v -1.69140399 1.81654692 -1.98085022
v -1.69916093 1.82393146 -1.97179282
v -1.70202792 1.81216812 -1.98042274
v -1.70942652 1.81666899 -1.97257638
v -1.67229068 1.80542779 -1.98793590
v -1.68541360 1.80585337 -1.98636830
v -1.69519770 1.77201843 -1.99747133
v -1.69137704 1.77978516 -1.99431932
v -1.68392897 1.77310741 -1.99701607
v -1.68899441 1.76275873 -2.00016499
v -1.70738876 1.74728990 -2.00130701
v -1.70181298 1.73375940 -2.00167203
v -1.71584344 1.73171532 -2.00083184
v -1.71949565 1.74478340 -1.99891984
v -1.73914528 1.76712084 -1.97147965
v -1.73405719 1.77171350 -1.97297037
v -1.73469448 1.76701832 -1.97933137
v -1.73992991 1.76139116 -1.97710109
v -1.74077582 1.77780950 -1.96163070
v -1.74518406 1.78315806 -1.95800614
v -1.73846352 1.78580379 -1.95639050
v -1.73524141 1.78044760 -1.96108890
v -1.74345255 1.76204824 -1.96764195
v -1.74362361 1.75590968 -1.97301507
v -1.74323130 1.76944304 -1.96562207
v -1.73866796 1.77226067 -1.96631229
v -1.75502694 1.76965237 -1.96529722
v -1.75937068 1.77231193 -1.96349859
v -1.75691736 1.77723086 -1.96312237
v -1.75137973 1.77304864 -1.96508956
v -1.74737406 1.76427364 -1.96698356
v -1.75121474 1.76225352 -1.96475828
v -1.75218582 1.76604462 -1.96593344
v -1.74816167 1.76851034 -1.96673393
v -1.74629796 1.77516842 -1.96269965
v -1.75147724 1.78051829 -1.96022379
v -1.75713778 1.78463769 -1.95751822
v -1.76336932 1.78007555 -1.96066034
v -1.73847854 1.74705529 -1.98762584
v -1.74284685 1.74434495 -1.98333943
v -1.74356091 1.75037515 -1.97866273
v -1.73977232 1.75473547 -1.98281741
v -1.74965417 1.75821972 -1.96569610
v -1.75647128 1.74539590 -1.97108376
v -1.76026869 1.74776912 -1.96646106
v -1.75823200 1.75100982 -1.96565664
v -1.75424778 1.74886250 -1.97072947
v -1.73697245 1.73033690 -1.99311638
v -1.73813701 1.72073817 -1.99420094
v -1.74384952 1.72433376 -1.98881769
v -1.74227262 1.73139977 -1.98819673
v -1.74710345 1.71774244 -1.98770368
v -1.74142599 1.71142888 -1.99281013
v -1.75229454 1.69924784 -1.98687947
v -1.75832260 1.71034217 -1.98335040
v -1.75181222 1.71341729 -1.98561299
v -1.74605989 1.70438457 -1.99038410
v -1.76450026 1.71988988 -1.97342217
v -1.76553869 1.70863485 -1.97995377
v -1.77170813 1.70774770 -1.97467220
v -1.76835871 1.71968222 -1.96875334
v -1.75651646 1.73905683 -1.97084272
v -1.75717139 1.74248862 -1.97093356
v -1.75378609 1.74022460 -1.97398186
v -1.75350106 1.73768449 -1.97373617
v -1.75008726 1.73611665 -1.97669792
v -1.75049734 1.73704243 -1.97661686
v -1.74953830 1.73769450 -1.97767663
v -1.74900579 1.73575735 -1.97794104
v -1.75149441 1.73682499 -1.97539961
v -1.75119078 1.73553061 -1.97619140
v -1.75347388 1.73561311 -1.97490275
v -1.75709140 1.73633802 -1.97276866
v -1.76705539 1.73719525 -1.96262777
v -1.76444077 1.74025059 -1.96082878
v -1.76284993 1.74008250 -1.96350753
v -1.76494408 1.73752654 -1.96569812
v -1.75076866 1.74005246 -1.97654212
v -1.75299478 1.74280071 -1.97437322
v -1.75114036 1.74556279 -1.97487533
v -1.74917865 1.74177837 -1.97791624
v -1.74641395 1.74352622 -1.97992694
v -1.74533868 1.73849535 -1.98218513
v -1.74787784 1.73828840 -1.97944379
v -1.75002980 1.73387432 -1.97753000
v -1.74746323 1.73472142 -1.98016417
v -1.74846923 1.73146105 -1.97989738
v -1.75139260 1.72940731 -1.97902989
v -1.75273705 1.73309660 -1.97658241
v -1.75666976 1.73310995 -1.97471106
v -1.75555491 1.72830510 -1.97724450
v -1.76038957 1.72790241 -1.97412241
v -1.76149416 1.73342204 -1.97162139
v -1.74796760 1.74775934 -1.97626042
v -1.74518299 1.73326373 -1.98347139
v -1.74202824 1.73869944 -1.98589730
v -1.74656379 1.72792006 -1.98381686
v -1.74970877 1.72340894 -1.98297024
v -1.75954902 1.71957946 -1.97802317
v -1.75431359 1.72086811 -1.98114765
v -1.75981700 1.69564033 -1.98217750
v -1.76616979 1.69352603 -1.97565246
v -1.70776057 1.80695987 -1.97961509
v -1.71297634 1.80891836 -1.97234893
v -1.70895386 1.79891157 -1.98061121
v -1.71176517 1.80056834 -1.97731984
v -1.71038413 1.80315876 -1.97783101
v -1.70661867 1.80031729 -1.98184633
v -1.69653642 1.78493643 -1.99025321
v -1.69905615 1.77893758 -1.99281597
v -1.70154309 1.78472185 -1.98760056
v -1.70076191 1.78889394 -1.98673487
v -1.71350670 1.78165376 -1.98411584
v -1.71203852 1.78844905 -1.98049760
v -1.70887434 1.78733850 -1.98296189
v -1.70911741 1.78107810 -1.98697007
v -1.71500778 1.78835273 -1.97790086
v -1.71691608 1.78247261 -1.98055613
v -1.71946371 1.78419161 -1.97620237
v -1.71723294 1.78899217 -1.97436082
v -1.71356571 1.80439115 -1.97151518
v -1.71466553 1.80125189 -1.97260308
v -1.71630394 1.80044806 -1.96644473
v -1.71562195 1.80339479 -1.96442902
v -1.71880257 1.79117203 -1.95730495
v -1.72100377 1.79132640 -1.95465577
v -1.71925592 1.79545856 -1.95473433
v -1.71797502 1.79365659 -1.95794261
v -1.71961403 1.79009283 -1.95909214
v -1.72180402 1.78908134 -1.95767558
v -1.67179143 1.84641838 -1.95980299
v -1.66471839 1.83552361 -1.97270370
v -1.69229007 1.83930254 -1.96083868
v -1.65939260 1.82127905 -1.98234439
v -1.65744090 1.80490232 -1.98939383
v -1.71387148 1.71948791 -2.00199080
v -1.72806060 1.71904087 -1.99881434
v -1.72798133 1.73039651 -1.99753964
v -1.71505153 1.70661449 -2.00045109
v -1.73070180 1.70705509 -1.99796903
v -1.73897946 1.68913615 -1.98573458
v -1.73447013 1.69667530 -1.99345207
v -1.69619536 1.70851493 -1.99988365
v -1.69587338 1.69831944 -1.99462652
v -1.71634281 1.69473362 -1.99399793
v -1.67777145 1.70493627 -1.99332857
v -1.67374420 1.69941354 -1.99042821
v -1.69190502 1.68691611 -1.98804331
v -1.70544672 1.65186644 -1.98018956
v -1.69188249 1.65436459 -1.98931086
v -1.68738675 1.64124298 -1.99140418
v -1.70118618 1.63816357 -1.98277748
v -1.69700003 1.72019386 -2.00192499
v -1.67113125 1.77765656 -1.99363279
v -1.67478752 1.76456451 -1.99811971
v -1.68156374 1.78366065 -1.99267435
v -1.61948931 1.81745076 -1.98127162
v -1.62494111 1.80065536 -1.98949397
v -1.64131320 1.80381775 -1.99024415
v -1.63955307 1.82094622 -1.98293221
v -1.61650372 1.84709072 -1.94902730
v -1.61631048 1.83341241 -1.96740675
v -1.64123535 1.83733940 -1.97126722
v -1.64560223 1.85181069 -1.95560074
v -1.60925162 1.79465604 -1.98706686
v -1.59982431 1.80751991 -1.97773576
v -1.58417416 1.79112482 -1.97552097
v -1.59700394 1.78464723 -1.98516321
v -1.59257996 1.82014561 -1.96252251
v -1.57311165 1.80218315 -1.95867646
v -1.66273808 1.69892097 -1.98939490
v -1.67204428 1.68586922 -1.99151981
v -1.67705655 1.67129111 -1.99283874
v -1.69386542 1.66980290 -1.98702514
v -1.56775522 1.80773759 -1.93904507
v -1.58851409 1.83062696 -1.94321084
v -1.57755637 1.73909712 -1.96984136
v -1.59244561 1.74055433 -1.98003805
v -1.58988214 1.75647843 -1.98249698
v -1.57308865 1.75775194 -1.96997786
v -1.56329226 1.73715472 -1.95505929
v -1.55882025 1.75828314 -1.95363533
v -1.61180604 1.69858646 -1.97126746
v -1.60094142 1.69205666 -1.96053696
v -1.61729145 1.68430901 -1.96005440
v -1.62494481 1.68857741 -1.97090983
v -1.69666493 1.80518031 -1.98648715
v -1.69246829 1.79705405 -1.98956013
v -1.70003092 1.79724503 -1.98736525
v -1.70347929 1.80243051 -1.98446894
v -1.67058980 1.79100609 -1.99111474
v -1.68230486 1.79425573 -1.98982346
v -1.64299047 1.78778744 -1.99277127
v -1.63005686 1.78603053 -1.99300253
v -1.60715711 1.77517486 -1.99021053
v -1.61758506 1.78181458 -1.99201763
v -1.60443413 1.74080253 -1.98650002
v -1.60336649 1.75079966 -1.98758245
v -1.64686167 1.70105386 -1.98476255
v -1.63566113 1.69508243 -1.97716343
v -1.64650238 1.68239951 -1.97907436
v -1.65628088 1.68544352 -1.98722315
v -1.62814319 1.67457104 -1.96070313
v -1.63691926 1.67968237 -1.96853876
v -1.66219115 1.65603352 -1.98938966
v -1.65152037 1.65557742 -1.98059726
v -1.64750683 1.64322400 -1.98228621
v -1.65866590 1.64291263 -1.98930383
v -1.63895237 1.64234161 -1.97150075
v -1.64293027 1.65490997 -1.96988463
v -1.63638330 1.65430832 -1.95940220
v -1.63232768 1.64166379 -1.96086252
v -1.72225702 1.63456321 -1.96826887
v -1.71245372 1.63599777 -1.97423744
v -1.70752287 1.62299991 -1.97652757
v -1.71704876 1.62139058 -1.96928418
v -1.65312445 1.63123322 -1.99019778
v -1.64088118 1.63494754 -1.98384416
v -1.62266266 1.70533180 -1.97829461
v -1.63093531 1.71199989 -1.98364794
v -1.63071573 1.63507366 -1.97409594
v -1.65150225 1.66988873 -1.97880602
v -1.64295816 1.66735816 -1.96847129
v -1.62320983 1.67033350 -1.95072579
v -1.61101532 1.67944789 -1.94809830
v -1.73379433 1.77561712 -1.96684539
v -1.72184920 1.78727961 -1.96620905
v -1.72210038 1.78790689 -1.96169424
v -1.71993518 1.79021001 -1.96203732
v -1.71974576 1.79029155 -1.96591759
v -1.71565425 1.82828760 -1.94994593
v -1.70805871 1.82863617 -1.96129429
v -1.71761024 1.81766391 -1.96319425
v -1.72427702 1.81374359 -1.95153189
v -1.72284818 1.75978446 -1.99505734
v -1.73228860 1.75228238 -1.99185979
v -1.73448563 1.76105952 -1.98587871
v -1.72756112 1.76768923 -1.98668790
v -1.70358646 1.79116106 -1.98471451
v -1.70497739 1.79338896 -1.98439109
v -1.70203698 1.79259872 -1.98605800
v -1.73732054 1.73926902 -1.99070609
v -1.72973883 1.74143314 -1.99527228
v -1.68069041 1.75146794 -2.00030470
v -1.69055045 1.78860676 -1.99131095
v -1.62084997 1.85491061 -1.92894840
v -1.65268397 1.85878611 -1.93777120
v -1.59059572 1.83879447 -1.92166734
v -1.56922317 1.81445622 -1.91697681
v -1.55091345 1.75903106 -1.93471694
v -1.54721355 1.76018715 -1.91509402
v -1.54858482 1.73546696 -1.91686916
v -1.55442071 1.73475122 -1.93642509
v -1.59249294 1.68503475 -1.94585359
v -1.63241172 1.65131426 -1.94905984
v -1.63024247 1.63996696 -1.94986582
v -1.68018687 1.85302210 -1.94431210
v -1.70152414 1.84288812 -1.94779170
v -1.65736139 1.78817630 -1.99202311
v -1.70176888 1.76561832 -1.99973655
v -1.71120238 1.76147270 -1.99923229
v -1.71097720 1.77274990 -1.99425483
v -1.70395958 1.77474070 -1.99461639
v -1.69652104 1.75297475 -2.00151205
v -1.68901348 1.73924875 -2.00077581
v -1.68019485 1.72555447 -1.99927425
v -1.67943549 1.71273446 -1.99698853
v -1.57238495 1.77472830 -1.96924424
v -1.58920550 1.77210546 -1.98216343
v -1.55418313 1.78349125 -1.93614411
v -1.56102920 1.78088284 -1.95541775
v -1.59897482 1.76584601 -1.98717010
v -1.55264878 1.78902662 -1.91548228
v -1.75612164 1.75443840 -1.96454906
v -1.75489199 1.75801921 -1.96252441
v -1.75037718 1.75276041 -1.97013235
v -1.76548374 1.73325920 -1.96783507
v -1.76462996 1.72645140 -1.97041178
v -1.76712823 1.72709179 -1.96561491
v -1.76790524 1.73305678 -1.96402776
v -1.75307655 1.68256998 -1.97088766
v -1.74636233 1.68484664 -1.97791994
v -1.72804761 1.64856029 -1.96730411
v -1.71816528 1.64980221 -1.97346556
v -1.75572014 1.76702988 -1.96197450
v -1.75400174 1.76608777 -1.96175551
v -1.75474346 1.76602697 -1.96030486
v -1.75626278 1.76743197 -1.96068454
v -1.75160325 1.73791146 -1.97590268
v -1.76295614 1.74897194 -1.96233022
v -1.76347256 1.74442506 -1.96316814
v -1.76487935 1.74418390 -1.96057534
v -1.76441622 1.74804783 -1.95993888
v -1.71823335 1.68090451 -1.98381436
v -1.71046233 1.66616488 -1.97983527
v -1.67223704 1.64111114 -1.99312198
v -1.67607951 1.65627933 -1.99356902
v -1.66194427 1.67107606 -1.98915923
v -1.63548493 1.66556501 -1.95901406
v -1.63037848 1.66226435 -1.94919717
v -1.62903321 1.65872264 -1.93741214
v -1.62078547 1.66703606 -1.93709373
v -1.73250675 1.67428231 -1.97451031
v -1.72431898 1.66217303 -1.97352779
v -1.73347902 1.66081834 -1.96658349
v -1.74090683 1.67200017 -1.96710598
v -1.75946629 1.76481390 -1.95793176
v -1.75773072 1.76302910 -1.95842791
v -1.75976431 1.76126027 -1.95719194
v -1.76147091 1.76440310 -1.95704722
v -1.75302732 1.76333213 -1.96269691
v -1.75443685 1.76056123 -1.96141195
v -1.75383937 1.76216555 -1.96081579
v -1.75387621 1.76511526 -1.96352613
v -1.75576830 1.76750159 -1.96334779
v -1.76075900 1.76972365 -1.96011376
v -1.76477778 1.77247190 -1.96083736
v -1.75855017 1.76936841 -1.96228647
v -1.75723994 1.76560700 -1.95902634
v -1.75586331 1.76379728 -1.95898485
v -1.75360036 1.76390052 -1.96017337
v -1.75335121 1.76416373 -1.96169388
v -1.75900424 1.76871324 -1.95993757
v -1.75747538 1.76817536 -1.96126842
v -1.75014591 1.78763223 -1.95452714
v -1.73316169 1.64721632 -1.96057630
v -1.73786116 1.65947247 -1.96014178
v -1.75071025 1.73656130 -1.97621846
v -1.71725523 1.80900025 -1.96341896
v -1.71777534 1.77279449 -1.99069536
v -1.72892642 1.77606010 -1.97315311
v -1.72470379 1.78139877 -1.97227609
v -1.72341728 1.77822328 -1.97828853
v -1.72869575 1.77215838 -1.97951472
v -1.72060406 1.80452454 -1.95572937
v -1.72326255 1.79838252 -1.95113647
v -1.72853851 1.80173087 -1.94822598
v -1.72563159 1.79158521 -1.95180547
v -1.72585225 1.78690016 -1.95571041
v -1.73188293 1.78674603 -1.95538533
v -1.73355043 1.79376554 -1.95033979
v -1.70416307 1.79672623 -1.98437536
v -1.70674849 1.79609680 -1.98290300
v -1.73005986 1.78214908 -1.96069109
v -1.72559297 1.78447807 -1.96090484
v -1.72526789 1.78280640 -1.96653688
v -1.72910094 1.77883363 -1.96673226
v -1.72137594 1.77540088 -1.98429990
v -1.69730318 1.79119062 -1.98874271
v -1.70462525 1.78135180 -1.98810840
v -1.64522970 1.71289062 -1.98793924
v -1.63360035 1.71909952 -1.98806190
v -1.66211987 1.71364427 -1.99336898
v -1.65855205 1.71328998 -1.99193084
v -1.66382599 1.70857310 -1.98878586
v -1.66691947 1.71067762 -1.99170518
v -1.62077475 1.75033069 -1.99386191
v -1.62451482 1.75224805 -1.99435973
v -1.62187004 1.75792837 -1.99402630
v -1.61577272 1.75382733 -1.99171281
v -1.62880790 1.75753331 -1.99544263
v -1.63074374 1.75461936 -1.99516106
v -1.63357234 1.75551152 -1.99638855
v -1.62902546 1.76083827 -1.99530959
v -1.63657951 1.76211381 -1.99593854
v -1.63431275 1.77324367 -1.99489772
v -1.62452066 1.77033532 -1.99398625
v -1.65861189 1.76902056 -1.99460566
v -1.64499998 1.77242994 -1.99377036
v -1.64463413 1.75983763 -1.99517739
v -1.65229011 1.75440073 -1.99414647
v -1.66744304 1.72292733 -1.99581659
v -1.66856682 1.71494317 -1.99555564
v -1.65610170 1.70893431 -1.98780429
v -1.57368839 1.71945167 -1.95650196
v -1.58599663 1.72324443 -1.97049356
v -1.59853625 1.72624874 -1.98085594
v -1.61038733 1.72982979 -1.98518884
v -1.56309712 1.71757722 -1.94086277
v -1.56108570 1.71258235 -1.92594182
v -1.66580224 1.75417554 -1.99791563
v -1.65831673 1.74451447 -1.99598598
v -1.59696317 1.70892501 -1.97209024
v -1.58556545 1.70308924 -1.95857477
v -1.60973310 1.71445954 -1.98003650
v -1.61927176 1.72035837 -1.98425531
v -1.57457459 1.70113373 -1.94199264
v -1.57394743 1.69446826 -1.92588508
v -1.59055948 1.67813730 -1.93123865
v -1.65745306 1.72145367 -1.99826789
v -1.66061485 1.71654701 -1.99962497
v -1.66325021 1.71571994 -1.99707079
v -1.66185904 1.72134352 -1.99694967
v -1.66332245 1.73361444 -1.99669886
v -1.67193127 1.74029613 -1.99839282
v -1.74265897 1.79072499 -1.95242035
v -1.77540946 1.70704961 -1.96885538
v -1.77075350 1.71975005 -1.96489322
v -1.75965512 1.75538182 -1.96032906
v -1.76132512 1.75161529 -1.96165895
v -1.76288056 1.75106716 -1.95905685
v -1.76126587 1.75421119 -1.95803142
v -1.71763003 1.79948640 -1.95851648
v -1.60895371 1.67415023 -1.93493724
v -1.63235688 1.64896572 -1.93767941
v -1.63115060 1.63794279 -1.93834162
v -1.62483871 1.63258100 -1.96250904
v -1.62303519 1.63005042 -1.95047188
v -1.76012659 1.75776768 -1.95716023
v -1.75839901 1.75873160 -1.95929766
v -1.75822461 1.76771283 -1.95929885
v -1.76095736 1.74371600 -1.96699452
v -1.75599813 1.76244140 -1.95926213
v -1.75729465 1.76066828 -1.95900607
v -1.76103985 1.76094365 -1.95545316
v -1.76090705 1.75734508 -1.95581377
v -1.72105408 1.78552866 -1.97139978
v -1.71886706 1.78931093 -1.97042239
v -1.76084816 1.76752067 -1.95860195
v -1.76368880 1.76769805 -1.95828772
v -1.69591486 1.62463117 -1.98621404
v -1.68162894 1.62693071 -1.99266732
v -1.76565933 1.74390459 -1.95869303
v -1.76520300 1.74765837 -1.95819259
v -1.64865363 1.74477363 -1.99465501
v -1.64337945 1.75042272 -1.99485934
v -1.64106762 1.74405766 -1.99627411
v -1.64524853 1.73936200 -1.99570906
v -1.72831118 1.63375616 -1.96162951
v -1.66658413 1.62840128 -1.99270821
v -1.62315238 1.62785482 -1.93774664
v -1.70597935 1.78786635 -1.98428869
v -1.70391488 1.78902173 -1.98471093
v -1.71698987 1.79725409 -1.96115565
v -1.76163661 1.73650050 -1.96972728
v -1.76023734 1.73934746 -1.96720648
v -1.74520004 1.67098236 -1.96099901
v -1.76286304 1.76423132 -1.95576537
v -1.63168645 1.74717236 -1.99364650
v -1.63343251 1.74446011 -1.99382925
v -1.63448274 1.74480247 -1.99735618
v -1.63384271 1.74788213 -1.99725866
v -1.63558924 1.75332499 -1.99960744
v -1.63290334 1.75555587 -1.99965286
v -1.63263309 1.75192094 -2.00129414
v -1.63445663 1.74963152 -2.00029325
v -1.63797748 1.75458515 -1.99693382
v -1.63780928 1.74976945 -1.99763572
v -1.63017523 1.75656199 -2.00113273
v -1.63037360 1.75358748 -2.00119972
v -1.62820470 1.75395036 -1.99529684
v -1.62913728 1.75643611 -1.99788404
v -1.62440979 1.75626302 -1.99752152
v -1.62606680 1.75596738 -2.00216579
v -1.61884856 1.75340152 -1.99825323
v -1.62153244 1.75286937 -2.00330687
v -1.61619198 1.74720407 -1.99843609
v -1.61827517 1.74746275 -2.00347757
v -1.65766656 1.72864771 -1.99657643
v -1.65228188 1.72713161 -1.99399114
v -1.61707783 1.74087739 -1.99894369
v -1.61795330 1.74153781 -2.00416613
v -1.61940885 1.73376489 -1.99884236
v -1.61978590 1.73493981 -2.00405169
v -1.62337494 1.72692370 -1.99922085
v -1.62324929 1.72838998 -2.00368357
v -1.62891972 1.72127056 -1.99920368
v -1.62868130 1.72329068 -2.00365210
v -1.63789558 1.71558022 -1.99971354
v -1.63608682 1.71922040 -2.00327611
v -1.62071157 1.74599528 -2.00051880
v -1.62299967 1.75030398 -2.00023890
v -1.62125981 1.74588609 -1.99300945
v -1.62694156 1.75304317 -2.00055456
v -1.63018346 1.73663950 -1.99195409
v -1.63275373 1.73492825 -1.99233198
v -1.63396573 1.73742604 -1.99559915
v -1.63246799 1.73818517 -1.99264598
v -1.64268482 1.73682046 -1.99609160
v -1.64523697 1.73213053 -1.99683845
v -1.64880097 1.73350096 -1.99646723
v -1.64725637 1.72842455 -1.99524820
v -1.64420736 1.73171091 -1.99386334
v -1.64558887 1.72895718 -1.99448705
v -1.64255595 1.73492861 -1.99209642
v -1.64527655 1.72714829 -1.99476242
v -1.64699936 1.72640920 -1.99572968
v -1.64450336 1.72752213 -1.99366570
v -1.64467037 1.72859812 -1.99341512
v -1.64364171 1.72961354 -1.99196911
v -1.64066863 1.73107934 -1.99074376
v -1.65332150 1.73715389 -1.99621069
v -1.64311373 1.71928263 -1.99131560
v -1.63521254 1.72478819 -1.99236763
v -1.64415181 1.71740985 -2.00322866
v -1.64746702 1.71221304 -2.00055957
v -1.65977383 1.71403742 -2.00073910
v -1.65518749 1.71192408 -2.00161982
v -1.62298775 1.74125624 -1.99249840
v -1.62504375 1.73520064 -1.99286187
v -1.65227222 1.71639705 -1.99102819
v -1.62904012 1.73006034 -1.99263167
v -1.63584423 1.72279954 -2.00141263
v -1.64181852 1.72165513 -2.00073647
v -1.63034511 1.72582698 -2.00189018
v -1.65042734 1.72468793 -1.99734664
v -1.64686728 1.72272468 -1.99993002
v -1.65050757 1.71886587 -2.00225520
v -1.65484846 1.72022700 -2.00073051
v -1.64105225 1.72505498 -1.99839866
v -1.63677609 1.72640395 -2.00034595
v -1.63976991 1.72600746 -1.99465930
v -1.63576579 1.72742295 -1.99656177
v -1.64331663 1.72630775 -1.99471509
v -1.64477885 1.72525668 -1.99687481
v -1.63935375 1.72709131 -1.99098468
v -1.63449383 1.72933793 -1.99206769
v -1.64294839 1.72720337 -1.99261212
v -1.63312829 1.73008418 -1.99874735
v -1.63221288 1.73217702 -1.99518931
v -1.63169754 1.73621464 -1.99836457
v -1.63133466 1.73363352 -2.00066423
v -1.63246083 1.72836876 -2.00165701
v -1.62905335 1.73175287 -2.00233889
v -1.62590218 1.73003054 -2.00129843
v -1.62580156 1.73605442 -2.00180387
v -1.62234747 1.73560405 -2.00086188
v -1.62858844 1.73711371 -2.00110817
v -1.63038683 1.73882914 -2.00014830
v -1.62032580 1.74139190 -2.00098610
v -1.62386703 1.74086928 -2.00129294
v -1.62365568 1.74516487 -2.00074339
v -1.62708116 1.74072170 -2.00117207
v -1.62694013 1.74405575 -2.00061727
v -1.62909937 1.74072027 -2.00058842
v -1.62954450 1.74277651 -2.00015330
v -1.63048351 1.75150847 -1.99838948
v -1.63262284 1.75023699 -1.99787390
v -1.62795234 1.75060511 -1.99927485
v -1.62953734 1.74834669 -1.99847329
v -1.63051152 1.74947786 -1.99750805
v -1.63157618 1.74846482 -1.99626350
v -1.63119006 1.74648547 -1.99785292
v -1.63111079 1.74404025 -1.99559712
v -1.70723784 1.59412110 -1.97331119
v -1.71170437 1.59270096 -1.96440804
v -1.71758115 1.60620618 -1.96355140
v -1.71172273 1.60801435 -1.97103369
v -1.62825596 1.74646902 -1.99971879
v -1.63068628 1.74465549 -1.99937499
v -1.62540674 1.74831343 -1.99984133
v -1.63055074 1.73998618 -1.99676025
v -1.63108182 1.74226022 -1.99801326
v -1.63102102 1.74065900 -1.99936152
v -1.63111162 1.73907590 -1.99828327
v -1.64048278 1.73922062 -1.99486709
v -1.63862491 1.73689985 -1.99199700
v -1.63691211 1.73291469 -1.99146628
v -1.67829978 1.57597339 -1.99998963
v -1.67955458 1.58705759 -1.99391198
v -1.66495478 1.59320974 -2.00335169
v -1.66312122 1.58472025 -2.01111317
v -1.68470299 1.54947138 -2.01721048
v -1.66427875 1.55780005 -2.03415251
v -1.67806685 1.53184032 -2.03649521
v -1.69006097 1.52801752 -2.02118540
v -1.68989372 1.51107025 -2.03903580
v -1.69810748 1.50849032 -2.02481318
v -1.71845627 1.45802641 -2.04716396
v -1.72646439 1.45722485 -2.03497410
v -1.71695626 1.47346210 -2.03119898
v -1.70909047 1.47472453 -2.04387569
v -1.73508132 1.37948394 -2.08025551
v -1.73381281 1.36126184 -2.07376289
v -1.74500608 1.36461663 -2.06446934
v -1.74452722 1.38122368 -2.07185984
v -1.65729034 1.47508574 -2.08464003
v -1.65020740 1.49324667 -2.08346558
v -1.64380586 1.48290181 -2.08797550
v -1.65062881 1.46597123 -2.08800650
v -1.62709665 1.60017896 -2.04151011
v -1.64641249 1.58281660 -2.04097271
v -1.64547431 1.58886564 -2.02683783
v -1.62840128 1.60366142 -2.02938080
v -1.67523384 1.39988852 -2.09566641
v -1.68276179 1.38640523 -2.09607267
v -1.69191253 1.39471889 -2.09539413
v -1.68577576 1.40766370 -2.09401083
v -1.67623830 1.31447184 -2.05948830
v -1.67328668 1.29654264 -2.06052828
v -1.69108438 1.29403090 -2.05324984
v -1.69304502 1.31121445 -2.05268335
v -1.61636698 1.34445250 -2.06952429
v -1.59415627 1.34658766 -2.06450319
v -1.59185457 1.33140934 -2.06366444
v -1.61352801 1.32843614 -2.07016277
v -1.70021224 1.45635295 -2.06759071
v -1.70923054 1.45761275 -2.05828285
v -1.70030916 1.47380924 -2.05553389
v -1.69107795 1.47190642 -2.06554890
v -1.56731188 1.35882831 -2.13434172
v -1.56959856 1.35276961 -2.12087297
v -1.57795262 1.37514675 -2.11681747
v -1.57520008 1.38170099 -2.12923431
v -1.61157358 1.24219048 -2.07625437
v -1.59327769 1.24608970 -2.06751108
v -1.59490895 1.22986734 -2.07139874
v -1.61422157 1.22581124 -2.07909155
v -1.60984147 1.51038647 -2.12215233
v -1.61614001 1.52567601 -2.11839914
v -1.60177147 1.54182804 -2.12347507
v -1.59544325 1.52572238 -2.12857437
v -1.66488957 1.44132090 -2.08722878
v -1.67314887 1.44737053 -2.08442068
v -1.66539776 1.46043825 -2.08523273
v -1.65814543 1.45273638 -2.08773232
v -1.59192860 1.37500310 -2.07163000
v -1.60976601 1.37360930 -2.07722139
v -1.60533178 1.38796949 -2.07812881
v -1.58890021 1.38969374 -2.07232141
v -1.61331582 1.35837674 -2.07456732
v -1.59319091 1.35975313 -2.06875610
v -1.68150604 1.45164347 -2.08079624
v -1.69074130 1.45423448 -2.07495642
v -1.68188667 1.46945500 -2.07413864
v -1.67275262 1.46648622 -2.08057356
v -1.72649276 1.34615314 -2.06389523
v -1.74045062 1.35049272 -2.05295134
v -1.63540649 1.22172272 -2.08113718
v -1.65679538 1.21677625 -2.07945442
v -1.65460753 1.23350310 -2.07764769
v -1.63282478 1.23807895 -2.07959318
v -1.70863450 1.32484818 -2.04363585
v -1.71622801 1.33603990 -2.05190706
v -1.70253301 1.33582973 -2.06083155
v -1.69482005 1.32556963 -2.05267572
v -1.67772746 1.21172822 -2.07325935
v -1.69790697 1.20728588 -2.06422186
v -1.69517958 1.22447717 -2.06032991
v -1.67583144 1.22863984 -2.07041931
v -1.69972634 1.49215412 -2.04111862
v -1.70776892 1.49067891 -2.02802753
v -1.71315730 1.38062811 -2.09133053
v -1.71012020 1.36325502 -2.08752918
v -1.72194815 1.36117268 -2.08157301
v -1.72404063 1.37949932 -2.08668041
v -1.63239217 1.44343591 -2.08650923
v -1.64248908 1.45471787 -2.08896208
v -1.63426924 1.47015858 -2.09111261
v -1.62522292 1.45263779 -2.08602190
v -1.59586275 1.21274185 -2.07589149
v -1.61528492 1.21007204 -2.08364391
v -1.67933428 1.19617081 -2.07752037
v -1.69994140 1.19131327 -2.06799412
v -1.57073748 1.45702791 -2.07168341
v -1.57511997 1.45224512 -2.07082033
v -1.58663952 1.45131588 -2.07410526
v -1.58186817 1.45866466 -2.07403612
v -1.76137722 1.38241410 -2.03720331
v -1.75639474 1.39186502 -2.05159569
v -1.75357842 1.37475550 -2.05675983
v -1.75370610 1.36204338 -2.04310417
v -1.70159066 1.34834027 -2.07988119
v -1.69032562 1.33876753 -2.06980562
v -1.71356225 1.34579575 -2.07293892
v -1.76289022 1.37275338 -2.02008486
v -1.74810219 1.34756970 -2.02484274
v -1.71488225 1.48733163 -2.01427555
v -1.72439742 1.47098076 -2.01813650
v -1.70798123 1.50548744 -2.01086473
v -1.71693480 1.50177026 -1.99736154
v -1.71229744 1.52108347 -1.99260008
v -1.70234871 1.52468371 -2.00621533
v -1.71019053 1.54030371 -1.98813653
v -1.69958043 1.54405344 -2.00154781
v -1.69218063 1.57114649 -1.98785245
v -1.69301999 1.58330631 -1.98352695
v -1.64948487 1.44318938 -2.08802271
v -1.65512478 1.43305945 -2.08867836
v -1.65780711 1.20143116 -2.08401823
v -1.54169893 1.54759872 -2.00546026
v -1.53595734 1.53132701 -1.99993753
v -1.53741717 1.53336704 -2.01618576
v -1.54312646 1.54873967 -2.02167082
v -1.62607467 1.59895658 -2.05322266
v -1.64479256 1.58084309 -2.05550766
v -1.53938305 1.47582865 -2.05454636
v -1.53887391 1.47336709 -2.04762602
v -1.54416788 1.46287000 -2.05003595
v -1.54374146 1.46786332 -2.05501270
v -1.55492616 1.45812368 -2.06555939
v -1.54987097 1.45004988 -2.06430531
v -1.54383397 1.45317650 -2.06426477
v -1.54999948 1.46203220 -2.06444407
v -1.57909763 1.23205495 -2.05974436
v -1.57758141 1.24912763 -2.05449820
v -1.54588473 1.36748898 -2.02601671
v -1.55981219 1.35784006 -2.04146290
v -1.55976224 1.37326336 -2.04796982
v -1.54639983 1.38409913 -2.03464746
v -1.56895339 1.51323628 -1.92152321
v -1.56467938 1.49752188 -1.92077351
v -1.55635118 1.50366235 -1.93643248
v -1.56036258 1.51951456 -1.93780136
v -1.55052495 1.55311823 -1.97368217
v -1.55696118 1.56812894 -1.97715640
v -1.56151521 1.55716681 -1.95839179
v -1.55604255 1.54316330 -1.95582342
v -1.54238296 1.54375041 -1.98801005
v -1.53713107 1.52704978 -1.98398077
v -1.57479548 1.39461076 -2.06485701
v -1.57573032 1.38023734 -2.06266212
v -1.57053089 1.41545272 -2.06747103
v -1.58282638 1.41225863 -2.07336140
v -1.58071423 1.42130995 -2.07338142
v -1.56945109 1.42467213 -2.06668186
v -1.63047588 1.60858250 -2.01923800
v -1.61345816 1.61543822 -2.01225996
v -1.60977590 1.61112380 -2.02397346
v -1.58620858 1.59945488 -1.96252525
v -1.58178055 1.59388483 -1.96133375
v -1.58174002 1.59952283 -1.97609293
v -1.58710682 1.60383868 -1.97364140
v -1.54176724 1.43272972 -1.93649161
v -1.54826581 1.43012464 -1.91820514
v -1.54928970 1.40676081 -1.91868508
v -1.54254150 1.40811872 -1.93836999
v -1.56108236 1.43768668 -2.06123209
v -1.56027210 1.44571614 -2.06188679
v -1.55432081 1.45257139 -2.05780315
v -1.55483699 1.44470310 -2.05651426
v -1.55426633 1.43691957 -2.05547523
v -1.55362332 1.42901540 -2.05337763
v -1.56113744 1.42120576 -2.06042576
v -1.56110787 1.42977929 -2.06137276
v -1.55020618 1.39838862 -2.04119015
v -1.56185150 1.38860428 -2.05292892
v -1.56269777 1.40178883 -2.05587435
v -1.55152845 1.41099203 -2.04662943
v -1.56284857 1.33479047 -1.92335868
v -1.55400860 1.33501959 -1.93860364
v -1.54969752 1.35813379 -1.93764079
v -1.55649531 1.35733032 -1.92065465
v -1.59728742 1.45534849 -2.08357716
v -1.60760391 1.45421362 -2.08726215
v -1.60221791 1.44389284 -2.08673620
v -1.58919263 1.44321156 -2.08213472
v -1.52799034 1.45884132 -2.07324696
v -1.52337801 1.45156050 -2.07764435
v -1.52191567 1.45515275 -2.08155966
v -1.52610385 1.46344256 -2.07695961
v -1.57062626 1.42279840 -2.07660818
v -1.58230400 1.42666292 -2.08115244
v -1.57490289 1.40628123 -2.08172369
v -1.56238794 1.40336871 -2.07621813
v -1.59974957 1.60415030 -2.05352354
v -1.62353599 1.59699488 -2.06428814
v -1.60359371 1.60642409 -2.04496384
v -1.55959344 1.43547630 -2.06821108
v -1.55154920 1.42140341 -2.06679010
v -1.54278398 1.42357957 -2.06488609
v -1.55055308 1.43712163 -2.06408548
v -1.55820084 1.36621022 -2.14604139
v -1.56646812 1.38898766 -2.14044189
v -1.54337978 1.38291752 -2.07509851
v -1.53301203 1.38405895 -2.07430458
v -1.54251742 1.40262592 -2.06834507
v -1.55195034 1.40171814 -2.07099676
v -1.54753852 1.35017037 -2.01908255
v -1.55955124 1.34226012 -2.03628922
v -1.55648828 1.23544419 -2.02529097
v -1.56552017 1.23410165 -2.04349756
v -1.56548142 1.25215185 -2.03719091
v -1.55701065 1.25490713 -2.01925087
v -1.57958925 1.21465433 -2.06356192
v -1.55779171 1.21534443 -2.02995443
v -1.56697202 1.21484435 -2.04783869
v -1.62470913 1.62527013 -1.99446642
v -1.61368275 1.62518871 -1.98165786
v -1.60717368 1.61977363 -1.98671901
v -1.61826634 1.61964774 -2.00236607
v -1.57668686 1.09484410 -2.10081625
v -1.57800949 1.06274855 -2.10511589
v -1.60304832 1.06397474 -2.12106705
v -1.60033774 1.09771228 -2.11384010
v -1.59903514 1.60963249 -1.95103443
v -1.60120976 1.61489153 -1.96913064
v -1.60852194 1.62066746 -1.96621501
v -1.60728014 1.61637044 -1.95011151
v -1.59771717 1.12562287 -2.10814619
v -1.57416129 1.12559044 -2.09639263
v -1.63929391 1.61783481 -2.00090313
v -1.63433528 1.61327338 -2.01019716
v -1.64948571 1.60284686 -2.00821638
v -1.65421712 1.60865068 -2.00069141
v -1.66934717 1.60279989 -1.99729526
v -1.62838757 1.06531322 -2.12849760
v -1.62518227 1.09439540 -2.12071466
v -1.62198222 1.63018727 -1.97667921
v -1.61639047 1.62631893 -1.96319103
v -1.61477733 1.62269020 -1.94983292
v -1.61627901 1.62013173 -1.93664026
v -1.57790065 1.19737744 -2.07012415
v -1.59546530 1.19629455 -2.08230782
v -1.55866599 0.94459355 -2.04496765
v -1.55870509 0.94192487 -2.01573229
v -1.57694829 0.92735153 -2.02190065
v -1.57512057 0.92797685 -2.05378485
v -1.57684970 0.95651597 -1.95061755
v -1.59643006 0.94706392 -1.95647395
v -1.58425701 0.93465960 -1.98806322
v -1.56531930 0.94534045 -1.98462439
v -1.53865206 1.07691360 -1.93848908
v -1.52751911 1.07688546 -1.96675420
v -1.53195763 1.10116637 -1.96786797
v -1.54193056 1.10101104 -1.93956912
v -1.55357587 1.19660819 -2.03577805
v -1.56368911 1.19714057 -2.05390215
v -1.61581898 1.19467747 -2.08942461
v -1.67299139 0.94135141 -2.14259624
v -1.63770378 0.93233621 -2.13733292
v -1.64812505 0.90093213 -2.13331223
v -1.68089533 0.90892661 -2.14029169
v -1.60668671 0.88713986 -2.08714151
v -1.59307718 0.91291738 -2.08812666
v -1.58902168 0.90658176 -2.05564642
v -1.60315549 0.88559169 -2.05567074
v -1.71914124 1.18663704 -2.05750608
v -1.70156956 1.17536736 -2.07051945
v -1.72086656 1.17012453 -2.05958605
v -1.76209188 1.17462623 -2.01728582
v -1.74933958 1.17841148 -2.03356647
v -1.75309408 1.16195822 -2.03319883
v -1.76508904 1.15888047 -2.01674080
v -1.74867010 1.06537366 -2.01338768
v -1.75499606 1.06691992 -2.00174236
v -1.75722814 1.08672464 -2.00483513
v -1.74876142 1.08623660 -2.01820087
v -1.65040421 1.09239316 -2.12147570
v -1.67526150 1.09228039 -2.11313105
v -1.66970599 1.11220372 -2.10709381
v -1.64548981 1.11600029 -2.11393738
v -1.61696267 0.94364733 -1.96425378
v -1.60428941 0.92706263 -1.99097729
v -1.71482527 0.91734946 -2.13737679
v -1.70623493 0.95141083 -2.13692760
v -1.74552274 0.92579198 -2.12076092
v -1.76218557 0.93171763 -2.09275055
v -1.75310147 0.96257061 -2.09182310
v -1.73525727 0.95768261 -2.11958170
v -1.72898400 0.98109913 -1.99123156
v -1.73804617 1.00652730 -2.00594997
v -1.73546731 0.99556112 -2.01013422
v -1.72603965 0.97627187 -1.99081361
v -1.55150342 0.98916507 -1.94117963
v -1.56160557 0.97198623 -1.94500411
v -1.55006552 0.96117663 -1.97700942
v -1.53979516 0.98148608 -1.97164381
v -1.55293643 1.21500492 -2.01070547
v -1.54789948 1.19459152 -2.01552439
v -1.55186462 1.21467090 -1.99153912
v -1.55168128 1.23671961 -2.00597715
v -1.55143285 1.23795390 -1.98696887
v -1.53718758 1.36973727 -1.98061585
v -1.53965771 1.35924780 -2.00026250
v -1.53657019 1.37768960 -2.00712824
v -1.53296769 1.39071798 -1.98735309
v -1.54703867 1.51151371 -1.95112336
v -1.55157578 1.52793813 -1.95353258
v -1.60678470 0.89265561 -2.02019119
v -1.62506962 0.91164011 -1.98633587
v -1.63224924 0.87564409 -2.00005388
v -1.61783528 0.86711526 -2.02831268
v -1.61866295 0.86156154 -2.08600044
v -1.63246310 0.86494696 -2.11023188
v -1.62078881 0.89339840 -2.11428976
v -1.65847039 0.87058771 -2.12933636
v -1.69220090 0.87817490 -2.13844967
v -1.75643110 0.89501953 -2.12042332
v -1.77140653 0.90059459 -2.09226561
v -1.74367607 0.92490959 -2.00619602
v -1.75724864 0.92762101 -2.03102589
v -1.76069355 0.90073109 -2.03120184
v -1.74448466 0.89833188 -2.00737572
v -1.73496318 1.05761456 -2.04716969
v -1.71715689 1.07335699 -2.07612514
v -1.72106397 1.05406284 -2.08144808
v -1.73356032 1.03889513 -2.05596209
v -1.75722075 1.19179475 -2.01971292
v -1.74653947 1.19579065 -2.03230286
v -1.73604989 1.18212581 -2.04594803
v -1.73363376 1.19926918 -2.04366302
v -1.71681345 1.20311034 -2.05433273
v -1.74241221 1.27151370 -2.02271461
v -1.72742045 1.27247143 -2.03666878
v -1.72934937 1.25473225 -2.03735161
v -1.74493980 1.25341392 -2.02436161
v -1.73978019 1.29072678 -2.02107763
v -1.72592402 1.29153752 -2.03544950
v -1.73451316 1.32908273 -2.01707172
v -1.73096561 1.33877921 -2.04025507
v -1.72205472 1.32626534 -2.03210258
v -1.72314811 1.48350906 -2.00088930
v -1.73147511 1.46667814 -2.00433159
v -1.65662265 1.06582963 -2.13033676
v -1.65665877 0.91585279 -1.97194195
v -1.68275762 0.91742730 -1.96992135
v -1.68207264 0.88881201 -1.97582066
v -1.65626717 0.88312721 -1.98144972
v -1.62148476 1.12089300 -2.11437178
v -1.63658667 1.20666194 -2.08622694
v -1.63740706 1.19131756 -2.09158182
v -1.64355814 1.34432960 -2.07303953
v -1.63689137 1.32540894 -2.07035923
v -1.74941373 1.39779568 -2.06304550
v -1.74989414 1.38496590 -2.06497431
v -1.60828066 0.92272317 -2.11785126
v -1.76495457 0.86351353 -2.11868334
v -1.77336991 0.83122623 -2.11655903
v -1.78588378 0.83533585 -2.09006834
v -1.77896619 0.86869764 -2.09129620
v -1.72712767 0.86473989 -1.99583399
v -1.74656749 0.86879623 -2.01057100
v -1.74929273 0.83704996 -2.01451302
v -1.72957802 0.83307886 -2.00236177
v -1.73460114 0.80176973 -2.00801682
v -1.75515580 0.80510986 -2.01873446
v -1.75973225 0.77311063 -2.01969719
v -1.73951292 0.77134788 -2.01147723
v -1.72654235 0.88586700 -2.13582659
v -1.71549368 0.81798518 -2.13277340
v -1.74695146 0.82381481 -2.13177395
v -1.73660803 0.85463178 -2.13350964
v -1.70408511 0.84845626 -2.13465452
v -1.61490548 0.86097717 -2.05917501
v -1.72683454 0.89509511 -1.99068081
v -1.72752130 0.92093658 -1.98810148
v -1.69017494 0.82284087 -1.99777508
v -1.66881907 0.81757200 -2.00516653
v -1.66099656 0.84946620 -1.99391687
v -1.68514824 0.85550100 -1.98632538
v -1.64469218 0.80818224 -2.09151268
v -1.66063154 0.81079102 -2.11162233
v -1.64732361 0.83796847 -2.11124372
v -1.63225257 0.83492142 -2.08896923
v -1.67292500 0.84296763 -2.12645197
v -1.68560791 0.81414807 -2.12461090
v -1.73864734 0.76011515 -2.13034058
v -1.76722479 0.76415086 -2.12686825
v -1.75709236 0.79397345 -2.12935305
v -1.72708666 0.78862512 -2.13143539
v -1.70930099 0.75773716 -2.12513113
v -1.69764221 0.78548825 -2.12498236
v -1.67313457 0.78323746 -2.11256647
v -1.68589330 0.75690782 -2.11340809
v -1.67064846 0.75645304 -2.09520054
v -1.65713656 0.78175461 -2.09352493
v -1.64962935 0.78076196 -2.07137156
v -1.66267252 0.75616455 -2.07512522
v -1.65124249 0.78178799 -2.04865789
v -1.66093314 0.78465652 -2.02884865
v -1.67134869 0.75869775 -2.03654623
v -1.66386747 0.75693655 -2.05491686
v -1.70093489 0.76443160 -2.01275635
v -1.68374658 0.76120675 -2.02165127
v -1.67614138 0.78813660 -2.01372766
v -1.69582319 0.79232717 -2.00666237
v -1.71279275 0.65892720 -2.02641249
v -1.70409369 0.65963376 -2.04127932
v -1.70000899 0.68524337 -2.03667593
v -1.71012104 0.68549407 -2.02232456
v -1.69703948 0.66097522 -2.05583048
v -1.69202411 0.66234148 -2.07173586
v -1.68967903 0.68639493 -2.06768179
v -1.69383121 0.68599868 -2.05237722
v -1.69956386 0.68479502 -2.10099411
v -1.69022083 0.68591630 -2.08482456
v -1.69374824 0.66235662 -2.08868742
v -1.70307624 0.66041541 -2.10459805
v -1.71792841 0.65785778 -2.11980486
v -1.71404159 0.68307269 -2.11829329
v -1.73939788 0.65448916 -2.12669182
v -1.73606634 0.68038225 -2.12871361
v -1.76332760 0.67829883 -2.12488508
v -1.76564252 0.65167272 -2.12133121
v -1.76060998 0.68505943 -2.01932812
v -1.75996792 0.65670359 -2.01960611
v -1.74249232 0.65864432 -2.01332140
v -1.74353719 0.68580532 -2.01128340
v -1.79729807 0.68306708 -2.05130005
v -1.81583834 0.68255281 -2.07297850
v -1.80980504 0.65387332 -2.06982708
v -1.79092693 0.65334547 -2.05129290
v -1.72011173 0.73144746 -2.12553167
v -1.74974787 0.73247230 -2.12989140
v -1.68336463 0.73266029 -2.09641647
v -1.69781637 0.73185384 -2.11412573
v -1.70521474 0.73810637 -2.01684380
v -1.69051719 0.73595667 -2.02775764
v -1.76249635 0.74264824 -2.02040052
v -1.74283326 0.74194884 -2.01220584
v -1.80888653 0.70880258 -2.10410547
v -1.79861057 0.73857355 -2.10634947
v -1.77844667 0.73515773 -2.12454128
v -1.78768015 0.70625019 -2.12128782
v -1.72949719 0.70585418 -2.12739420
v -1.70707381 0.70783639 -2.11552334
v -1.69301164 0.70904303 -2.09848738
v -1.68384695 0.70902812 -2.08192730
v -1.68365860 0.70931411 -2.06457710
v -1.68856430 0.70980346 -2.04816151
v -1.69574964 0.71078360 -2.03256702
v -1.70809627 0.71165252 -2.01970339
v -1.74366379 0.71357441 -2.01207638
v -1.76194978 0.71305752 -2.02058029
v -1.80945742 0.65313041 -2.09651756
v -1.81435943 0.67986691 -2.10098934
v -1.79250562 0.67797005 -2.11928272
v -1.79250896 0.65105569 -2.11667299
v -1.79991972 0.62730634 -2.09205723
v -1.79969358 0.62728250 -2.06943655
v -1.69612527 0.63905144 -2.05841446
v -1.69255769 0.63993251 -2.07456732
v -1.69439363 0.63922548 -2.09088516
v -1.71750617 0.63328135 -2.12179995
v -1.74078107 0.62789893 -2.12466764
v -1.76669180 0.62408984 -2.11921740
v -1.78852975 0.62647319 -2.11110258
v -1.73821115 0.60741985 -2.02355957
v -1.74230802 0.63406742 -2.01962757
v -1.75792027 0.63117290 -2.02500343
v -1.75349343 0.60379028 -2.02884531
v -1.70881605 0.61111557 -2.03269863
v -1.69591177 0.61373341 -2.04327679
v -1.70571887 0.63728273 -2.04525423
v -1.71527112 0.63615286 -2.03244448
v -1.68683815 0.61544025 -2.05828476
v -1.68423533 0.61548305 -2.07566738
v -1.68632281 0.61477757 -2.09313202
v -1.71428144 0.60516918 -2.12221622
v -1.70243764 0.63765240 -2.10802746
v -1.69568563 0.61116266 -2.11095858
v -1.74137926 0.59822094 -2.12449932
v -1.76191187 0.56123835 -2.11035490
v -1.76854324 0.59329754 -2.11192751
v -1.73700547 0.56662446 -2.12497234
v -1.74428809 0.46071237 -2.07476139
v -1.73622489 0.46185309 -2.09798956
v -1.72680748 0.42808288 -2.08949232
v -1.73325133 0.42655021 -2.06990719
v -1.74598145 0.57542688 -2.02852297
v -1.72959673 0.57852489 -2.02156591
v -1.69774079 0.58406979 -2.02785444
v -1.68344128 0.58734292 -2.03999615
v -1.69936430 0.54314607 -2.12224627
v -1.70920908 0.57469577 -2.12331390
v -1.68813586 0.58139998 -2.11231709
v -1.67836487 0.55038899 -2.11075783
v -1.72284186 0.47821873 -2.01212382
v -1.70597088 0.48108500 -2.00512123
v -1.71355283 0.51578397 -2.00884175
v -1.73083186 0.51196235 -2.01606417
v -1.67335844 0.55672961 -2.03432703
v -1.68825853 0.55353492 -2.02168560
v -1.67993557 0.52129644 -2.01702547
v -1.66489995 0.52355105 -2.02981520
v -1.68622172 0.47381955 -2.11058664
v -1.69141781 0.50959021 -2.11805439
v -1.67055857 0.51625854 -2.10814524
v -1.66558862 0.47930449 -2.10230064
v -1.75358081 0.52902192 -2.10857534
v -1.72794008 0.53518289 -2.12331676
v -1.71945798 0.50272185 -2.11835623
v -1.74436235 0.49568528 -2.10489464
v -1.76182985 0.52897006 -2.08347416
v -1.75298059 0.49582320 -2.08013821
v -1.69242227 0.40631634 -2.01007318
v -1.69874620 0.44440025 -2.00652552
v -1.71409154 0.44067758 -2.01311541
v -1.70475650 0.40112942 -2.01544428
v -1.65934813 0.48784834 -2.02773237
v -1.67304134 0.48624712 -2.01410198
v -1.66919327 0.44835764 -2.01463318
v -1.65717459 0.44952041 -2.02745008
v -1.67721200 0.39784533 -2.09149551
v -1.68106902 0.43645805 -2.10162783
v -1.66197538 0.44068235 -2.09348392
v -1.65926099 0.40229541 -2.08299208
v -1.71650946 0.39101607 -2.08181763
v -1.70633245 0.43189925 -2.10244083
v -1.69856179 0.39387184 -2.09324789
v -1.71028721 0.35400611 -2.07266474
v -1.71580672 0.35261029 -2.05758238
v -1.72313213 0.38981217 -2.06372261
v -1.69722974 0.36444288 -2.01783228
v -1.68676054 0.36843938 -2.01200461
v -1.66541946 0.37252194 -2.01511955
v -1.65480387 0.37527221 -2.02426863
v -1.65647972 0.41217643 -2.02726412
v -1.66752899 0.41010040 -2.01661134
v -1.64576375 0.40753096 -2.05686617
v -1.64879215 0.41099149 -2.04153252
v -1.64759326 0.37445050 -2.03710938
v -1.64531338 0.37129742 -2.05074930
v -1.65855420 0.36701137 -2.07245636
v -1.64902794 0.40540808 -2.07111979
v -1.64884210 0.36971647 -2.06264353
v -1.67401934 0.36351472 -2.08178806
v -1.69383442 0.35778040 -2.08396959
v -1.66973281 0.94756365 -1.96446288
v -1.69252849 0.94763637 -1.96855569
v -1.68651390 0.93724728 -1.96951997
v -1.66059124 0.94035977 -1.96835279
v -1.76970780 0.83744252 -2.03490257
v -1.76438034 0.87088418 -2.03341675
v -1.77954817 0.77368367 -2.03597164
v -1.77611303 0.80478156 -2.03719568
v -1.78174865 0.74281597 -2.03619576
v -1.78148007 0.71298373 -2.03593254
v -1.77895689 0.68284106 -2.03346348
v -1.77562463 0.65381825 -2.03418922
v -1.77171457 0.62714744 -2.03806973
v -1.76766717 0.59913921 -2.04116011
v -1.75310850 0.54084235 -2.03861856
v -1.73818266 0.54450816 -2.02296638
v -1.76062787 0.57047909 -2.04207611
v -1.73794127 0.47256178 -2.02950811
v -1.74611509 0.50810236 -2.03350878
v -1.72711396 0.43391389 -2.02786732
v -1.71584034 0.39542955 -2.02813339
v -1.70713079 0.35933071 -2.02894735
v -1.74991930 0.98493731 -2.06096125
v -1.74876523 0.97424614 -2.03226280
v -1.74458790 0.99114841 -2.03396893
v -1.74272406 1.00577843 -2.06024599
v -1.71431744 0.96440256 -1.97829473
v -1.72034681 0.96988547 -1.98298073
v -1.71693885 0.96781325 -1.98192811
v -1.70903242 0.96326536 -1.97616756
v -1.75870132 0.70529413 -2.12928772
v -1.67512798 0.73266315 -2.07880402
v -1.67561197 0.73317897 -2.06041336
v -1.68104589 0.73429024 -2.04307985
v -1.80029869 0.71175826 -2.05325031
v -1.79762089 0.74210000 -2.05590725
v -1.80534327 0.74163592 -2.07999611
v -1.81367326 0.71176863 -2.07677794
v -1.76967049 0.55711311 -2.08492184
v -1.75984585 0.53419465 -2.05967426
v -1.76903117 0.56348532 -2.06144381
v -1.77849007 0.58356673 -2.08704805
v -1.67238319 0.58829755 -2.07640076
v -1.67554617 0.58641642 -2.09562063
v -1.66377687 0.55869740 -2.05318737
v -1.65990353 0.55818945 -2.07405901
v -1.67489517 0.58880645 -2.05723238
v -1.79042721 0.80333245 -2.06159687
v -1.79282355 0.80291128 -2.08793354
v -1.79869175 0.77202201 -2.08385801
v -1.79489791 0.77311289 -2.05860186
v -1.56526721 1.27005959 -2.03116894
v -1.55831313 1.27431023 -2.01359487
v -1.67980528 1.36351693 -2.09038496
v -1.66396046 1.35456872 -2.08183146
v -1.67747736 1.34446406 -2.07707405
v -1.69035304 1.35421443 -2.08584881
v -1.65520024 1.36659050 -2.08643675
v -1.67150068 1.37529445 -2.09344196
v -1.66347337 1.38977754 -2.09420776
v -1.64830685 1.38094962 -2.08895731
v -1.61874688 1.43807697 -2.08208656
v -1.61352909 1.44618356 -2.07995367
v -1.73741591 1.31024063 -2.01898146
v -1.74851704 1.30884767 -2.00153708
v -1.74474490 1.32710648 -1.99949288
v -1.73834503 1.16524827 -2.04753542
v -1.72642231 1.08802009 -2.05160666
v -1.74090993 1.06198454 -2.02671480
v -1.73852324 1.08605027 -2.03365803
v -1.74229741 1.00346231 -1.99220037
v -1.54859841 1.33102167 -1.95683289
v -1.54503775 1.35480928 -1.95703065
v -1.56456649 1.53372526 -1.93907344
v -1.57320166 1.52784383 -1.92249990
v -1.57366693 1.55962157 -1.94223619
v -1.57768583 1.57116175 -1.94246852
v -1.58537567 1.56426954 -1.92626452
v -1.58134985 1.55326545 -1.92489064
v -1.60879135 1.61298680 -1.93459928
v -1.60264504 1.60479808 -1.93341327
v -1.69880009 0.95952749 -1.97124445
v -1.70526445 0.96038592 -1.97343469
v -1.69138610 0.95656163 -1.96808290
v -1.74230075 0.94759864 -2.00643158
v -1.72754514 0.94174409 -1.98844647
v -1.72763097 0.95633423 -1.98873293
v -1.74081731 0.96365857 -2.00755358
v -1.66823912 0.97403276 -2.14352608
v -1.63187695 0.96656036 -2.14009190
v -1.59221709 0.91110778 -2.02127934
v -1.51167071 1.34296513 -2.08945990
v -1.50009525 1.34490061 -2.09351110
v -1.51075268 1.36625099 -2.08465481
v -1.52256072 1.36412823 -2.08112955
v -1.53450179 1.43583274 -1.95615745
v -1.53413665 1.40847158 -1.96430480
v -1.64650285 1.59617484 -2.01680803
v -1.61857677 1.58873844 -2.08712292
v -1.63614190 1.57148600 -2.08996296
v -1.63811219 1.57545185 -2.07900381
v -1.62112224 1.59352505 -2.07565069
v -1.55258667 1.56222498 -2.04366779
v -1.56329286 1.57584643 -2.05270386
v -1.56154478 1.57995903 -2.03900433
v -1.55076694 1.56452775 -2.02938509
v -1.53815365 1.05342388 -1.93682015
v -1.52561772 1.05268931 -1.96507740
v -1.56161880 1.26375270 -1.94522798
v -1.55488265 1.26170969 -1.96312308
v -1.55311632 1.28368926 -1.95900750
v -1.56025553 1.28667819 -1.94190025
v -1.52883589 1.42483699 -1.98465943
v -1.53082395 1.40749717 -2.00071907
v -1.76498675 1.39750719 -2.01717091
v -1.75949049 1.41796768 -2.01405573
v -1.75306964 1.42246306 -2.02967691
v -1.75954819 1.40401602 -2.03331280
v -1.50729334 1.40649116 -2.09086800
v -1.51890337 1.42128873 -2.07723188
v -1.52342904 1.41155148 -2.07279921
v -1.51135516 1.39345074 -2.08267784
v -1.59569776 0.95861661 -2.11949730
v -1.57892525 0.93726951 -2.08686543
v -1.57146573 1.30265892 -2.04813814
v -1.55813789 1.30790782 -2.03053856
v -1.56163132 1.28918982 -2.02923059
v -1.57395113 1.28422034 -2.04665613
v -1.57625008 1.35098159 -2.05441713
v -1.57431090 1.33618748 -2.05143881
v -1.57587850 1.36481833 -2.05918217
v -1.56034100 1.45868349 -2.06461143
v -1.56673634 1.45428240 -2.06730556
v -1.56258774 1.45628560 -2.06795120
v -1.75283980 0.95371395 -2.03126621
v -1.73816144 1.01873660 -2.03320360
v -1.74130094 1.03013086 -2.02712154
v -1.70595396 0.96133745 -1.97395575
v -1.66025233 1.61749244 -1.99499524
v -1.67521822 1.61436141 -1.99400508
v -1.56907189 1.43667102 -2.07343578
v -1.56061912 1.42099094 -2.07132530
v -1.57946229 1.42992115 -2.07242918
v -1.59203839 1.43064642 -2.07589149
v -1.58904469 1.43864286 -2.07394934
v -1.57664025 1.43844461 -2.07029629
v -1.56715596 1.44119632 -2.06600857
v -1.56885386 1.43227649 -2.06738234
v -1.66394460 1.48200417 -2.07971954
v -1.67265356 1.48660326 -2.07336235
v -1.66393471 1.50620151 -2.07138729
v -1.65663302 1.50084591 -2.07820415
v -1.68176425 1.48914576 -2.06426954
v -1.69092488 1.49103880 -2.05349255
v -1.68093801 1.51037896 -2.05159760
v -1.67250979 1.50867081 -2.06275797
v -1.66405427 1.57560945 -2.02159834
v -1.68201864 1.56674147 -2.00981331
v -1.69638145 1.55993915 -1.99535072
v -1.70720899 1.55489826 -1.98405957
v -1.59670985 1.59509265 -1.93194163
v -1.59256291 1.58416748 -1.92928803
v -1.58625436 1.58969223 -1.94681656
v -1.59115708 1.60118079 -1.95200181
v -1.68401420 1.59944630 -1.99079573
v -1.69733405 1.59650707 -1.98215890
v -1.70391917 1.58031976 -1.97515786
v -1.54460394 1.37108886 -2.15334320
v -1.55219007 1.39417815 -2.14784193
v -1.63269460 1.62995720 -1.98735273
v -1.64633727 1.62385917 -1.99361432
v -1.53611505 1.39800048 -2.14952374
v -1.52878511 1.37408137 -2.15525866
v -1.65272295 1.55474818 -2.06552076
v -1.64125192 1.57835376 -2.06768990
v -1.64823842 1.55273688 -2.07611513
v -1.68978226 1.61172724 -1.98879862
v -1.70245779 1.60963583 -1.98019636
v -1.63105321 0.99985349 -2.14028406
v -1.66480100 1.00609493 -2.14157248
v -1.63084459 1.25465429 -2.07668400
v -1.61052096 1.25848567 -2.07249689
v -1.75439382 1.27026844 -2.00642633
v -1.75698996 1.25227690 -2.00804210
v -1.72322392 1.62003803 -1.96270216
v -1.74560595 1.21556675 -2.02817678
v -1.75760353 1.21097863 -2.01266193
v -1.75763834 1.23336816 -2.00969601
v -1.74593687 1.23512483 -2.02606726
v -1.76401198 1.18827868 -2.00912189
v -1.76627529 1.17945147 -2.00857544
v -1.74734962 1.04747367 -2.00855350
v -1.75236440 1.04926813 -1.99906766
v -1.59811366 1.44406843 -2.12073040
v -1.60530984 1.46251178 -2.11844444
v -1.59786248 1.47564936 -2.12793875
v -1.59020698 1.45528328 -2.13102531
v -1.73169136 1.21856475 -2.04056549
v -1.71398091 1.22127748 -2.05105495
v -1.63803446 1.43399072 -2.08652020
v -1.62394619 1.42827511 -2.08351469
v -1.75357699 1.34517622 -2.00238514
v -1.75262690 1.40955114 -2.04744244
v -1.74546814 1.42583895 -2.04349422
v -1.73679078 1.42786336 -2.05549765
v -1.74454427 1.41298032 -2.05970287
v -1.69706833 0.96152425 -1.97011733
v -1.52581453 1.48000884 -2.10322142
v -1.52852011 1.49232960 -2.09808779
v -1.52605581 1.48460639 -2.09194326
v -1.52292132 1.47286129 -2.09761190
v -1.70970976 0.93757612 -1.97587287
v -1.70723593 0.91860986 -1.97705197
v -1.63799810 0.94495231 -1.96907973
v -1.65354896 0.94891763 -1.96016943
v -1.77179277 0.90066755 -2.06082153
v -1.76542342 0.93129194 -2.06129360
v -1.77880800 0.86973000 -2.06118774
v -1.78494930 0.83575839 -2.06162691
v -1.78422761 0.62517524 -2.05420351
v -1.77946389 0.59471601 -2.06252766
v -1.75047362 0.50157720 -2.05655527
v -1.74112225 0.46646398 -2.05230331
v -1.73053300 0.42896312 -2.04899454
v -1.72045910 0.39073664 -2.04521656
v -1.71377850 0.35424584 -2.04249763
v -1.51379228 1.37319136 -2.15216494
v -1.52028453 1.39921784 -2.14541149
v -1.50752258 1.39413261 -2.13718843
v -1.50101745 1.36873794 -2.14499855
v -1.55365300 1.38324761 -2.07852983
v -1.56551647 1.38508654 -2.08427382
v -1.55579710 1.36467683 -2.08861589
v -1.54434419 1.36375928 -2.08414078
v -1.53433561 1.34346342 -2.08994865
v -1.52297342 1.34270287 -2.08851624
v -1.53391027 1.36350846 -2.08125019
v -1.49093783 1.34967196 -2.10162210
v -1.48627782 1.35524583 -2.11291361
v -1.49525595 1.37915945 -2.10295010
v -1.50039423 1.37090874 -2.09240198
v -1.49149752 1.36391926 -2.13612032
v -1.49853408 1.38808537 -2.12783670
v -1.49408209 1.38356149 -2.11616516
v -1.48606884 1.35949755 -2.12500286
v -1.56549025 1.34810483 -2.10844040
v -1.55694127 1.34560394 -2.09889889
v -1.56693518 1.36655152 -2.09516668
v -1.57470691 1.36985278 -2.10477734
v -1.58450079 1.48719561 -2.13579798
v -1.57631624 1.46518302 -2.13772678
v -1.61802351 1.46216869 -2.08548117
v -1.62439477 1.47027826 -2.09235048
v -1.61972630 1.46491599 -2.09377289
v -1.61267853 1.46274710 -2.08598804
v -1.57470906 1.41221452 -2.13572407
v -1.58281922 1.43423796 -2.13309002
v -1.56887305 1.44172907 -2.14004040
v -1.56045938 1.41763496 -2.14298201
v -1.58390868 1.39136219 -2.10092115
v -1.57684493 1.38732004 -2.09128952
v -1.58655727 1.40898252 -2.08802938
v -1.59386718 1.41230154 -2.09761190
v -1.52193272 1.38699913 -2.07599640
v -1.53288770 1.40589702 -2.06864500
v -1.60837185 1.45088983 -2.10675430
v -1.60090256 1.43471694 -2.10858631
v -1.64268172 1.42421293 -2.08829308
v -1.59786785 1.41184843 -2.07701874
v -1.59472489 1.42170238 -2.07671499
v -1.69968402 1.36792970 -2.09176874
v -1.70337796 1.38295698 -2.09405231
v -1.62956846 1.37572193 -2.08252716
v -1.62354469 1.38944817 -2.08372068
v -1.69052505 1.37547493 -2.09448671
v -1.69572258 1.38482726 -2.09523153
v -1.70893013 1.30991900 -2.04415131
v -1.70308447 1.56739688 -1.97780573
v -1.59053123 1.42508483 -2.12215328
v -1.59416676 1.41787827 -2.10956287
v -1.52855229 1.43352449 -2.06996059
v -1.53649318 1.44436240 -2.06523275
v -1.54273844 1.44047403 -2.06354094
v -1.53436744 1.42760694 -2.06659365
v -1.53179204 1.44833064 -2.01567483
v -1.52841723 1.43735981 -2.00078845
v -1.53257751 1.42228198 -2.01374865
v -1.53680205 1.43490422 -2.02587700
v -1.53227854 1.48513484 -2.11598015
v -1.53740478 1.48284101 -2.12415981
v -1.54316497 1.50176549 -2.12055397
v -1.53635013 1.50048709 -2.11175632
v -1.55306804 1.50112700 -2.12964773
v -1.54624605 1.47936451 -2.13280964
v -1.56014693 1.47306824 -2.13849401
v -1.56717157 1.49604058 -2.13638067
v -1.57765234 1.03219199 -2.10661554
v -1.60236847 1.03285313 -2.12512350
v -1.65921926 1.18599224 -2.08842087
v -1.68067956 1.18068171 -2.08067703
v -1.71012866 1.09609485 -2.07346821
v -1.73781264 0.98561084 -2.01005793
v -1.72641659 0.97051418 -1.98940158
v -1.70598137 0.89195818 -1.98033488
v -1.63155091 1.03433800 -2.13582468
v -1.70718658 0.86082339 -1.98832715
v -1.71079051 0.82869279 -1.99694729
v -1.65033662 0.81213403 -2.02088690
v -1.63922739 0.80793643 -2.04266024
v -1.62774611 0.83674735 -2.03606319
v -1.64005828 0.84237218 -2.01152372
v -1.63745654 0.80674887 -2.06736565
v -1.62564898 0.83415699 -2.06322908
v -1.78920698 0.76898205 -2.10964727
v -1.65471518 0.52428621 -2.04886198
v -1.64648402 0.48569983 -2.06596184
v -1.65105450 0.52411085 -2.07050467
v -1.64987302 0.48723346 -2.04566813
v -1.65621448 0.52110344 -2.09111214
v -1.66451204 0.55593413 -2.09426260
v -1.71292090 0.46840912 -2.11100578
v -1.64887154 0.44915754 -2.04436064
v -1.64623046 0.44690925 -2.06216955
v -1.65203440 0.48384184 -2.08617163
v -1.65049434 0.44457179 -2.07939196
v -1.71209872 0.95067692 -1.97587156
v -1.70025682 0.98311317 -2.13516760
v -1.69527006 1.01354408 -2.13120127
v -1.72765994 1.03567994 -2.08515930
v -1.73735297 1.02336204 -2.05945778
v -1.69283879 1.24081731 -2.05813932
v -1.67368352 1.24486923 -2.06849957
v -1.67136884 1.27887249 -2.06135702
v -1.65230799 1.28322804 -2.06819296
v -1.65166533 1.26640558 -2.07171392
v -1.67201173 1.26198626 -2.06538343
v -1.60996234 1.29277396 -2.06924438
v -1.58832753 1.29794562 -2.06163645
v -1.58998489 1.27949190 -2.06081152
v -1.60981131 1.27528477 -2.06978941
v -1.59208977 1.26221430 -2.06275702
v -1.57663131 1.26635456 -2.04870319
v -1.54802310 1.30338240 -1.97559369
v -1.54870641 1.29919696 -1.99388027
v -1.54523087 1.32058716 -1.99351835
v -1.54547107 1.32615089 -1.97517598
v -1.74412513 1.04182076 -2.01724339
v -1.71580362 0.96396142 -1.97939718
v -1.75776291 0.96025443 -2.06176519
v -1.74303722 0.99006552 -2.09047413
v -1.72641480 0.98813117 -2.11702585
v -1.57843184 1.43956208 -2.07807398
v -1.53888333 1.46862364 -2.04140186
v -1.54337108 1.45657754 -2.04536057
v -1.53889799 1.45612526 -2.13497066
v -1.55247343 1.44901752 -2.14067793
v -1.60215795 1.42963982 -2.09623861
v -1.60436976 1.49356699 -2.12487507
v -1.61166060 1.47949386 -2.11468410
v -1.61827886 1.49389112 -2.11191559
v -1.69717193 1.08317924 -2.09804726
v -1.68388712 1.06502533 -2.12219858
v -1.70489430 1.06168270 -2.10422421
v -1.66793907 0.95171589 -1.96120059
v -1.74155283 1.00421500 -2.03530407
v -1.71566474 0.79769802 -2.00427771
v -1.72031176 0.76813328 -2.00905848
v -1.72329938 0.74032962 -2.01138210
v -1.72492564 0.71325397 -2.01260233
v -1.72525704 0.68580377 -2.01324630
v -1.72555840 0.65934634 -2.01658869
v -1.72670388 0.63561618 -2.02262974
v -1.72229266 0.60959339 -2.02554369
v -1.72112489 0.54788345 -2.01549959
v -1.70411193 0.55091113 -2.01568747
v -1.71317828 0.58112973 -2.02164745
v -1.69616580 0.51856130 -2.01025820
v -1.68871570 0.48356849 -2.00655031
v -1.68329060 0.44672090 -2.00783157
v -1.67956758 0.40920705 -2.01126766
v -1.67628062 0.37129146 -2.01140833
v -1.69125509 0.95770764 -1.96815765
v -1.68036222 0.95500720 -1.96465707
v -1.65815341 1.55600905 -2.05255508
v -1.60534024 1.43434918 -2.07795429
v -1.60151601 1.44235909 -2.07649660
v -1.60892868 1.44435835 -2.09518385
v -1.50596321 1.41044760 -2.11849689
v -1.51289034 1.41802073 -2.12806320
v -1.59511435 1.42854261 -2.08652735
v -1.60883021 1.45848346 -2.07890797
v -1.60309529 1.46483636 -2.08067942
v -1.56698871 1.21282804 -2.20827818
v -1.55547750 1.20957851 -2.21393251
v -1.56756973 1.19283223 -2.21712875
v -1.57795215 1.19604456 -2.21115875
v -1.57497239 1.21349263 -2.19838428
v -1.58464324 1.19660175 -2.20111752
v -1.55694473 1.18445516 -2.15478039
v -1.56566119 1.19307733 -2.15861797
v -1.57276237 1.17576623 -2.16658306
v -1.56407237 1.16762149 -2.16392326
v -1.59567308 1.17732286 -2.19325638
v -1.59286106 1.17267954 -2.18446922
v -1.58487117 1.18980145 -2.17992210
v -1.58696854 1.19424403 -2.19024420
v -1.53501987 1.17361248 -2.16193104
v -1.52664876 1.17349052 -2.17038298
v -1.51808143 1.18859351 -2.15919924
v -1.52763402 1.18899906 -2.15125418
v -1.53649867 1.25639951 -2.12725353
v -1.52733040 1.24772739 -2.12125969
v -1.52809107 1.26145971 -2.11784029
v -1.53826582 1.26930690 -2.12458229
v -1.54538226 1.24740016 -2.20172977
v -1.53161097 1.24420071 -2.20464325
v -1.54339099 1.22689795 -2.20974398
v -1.55628562 1.23026812 -2.20497274
v -1.56122124 1.24388313 -2.16709661
v -1.55802608 1.23782039 -2.15475178
v -1.55024672 1.25596738 -2.15058470
v -1.55293775 1.26155293 -2.16342926
v -1.53413737 1.26441133 -2.19748592
v -1.52004635 1.26081777 -2.19767094
v -1.57771778 1.20754206 -2.17562866
v -1.57259476 1.20113826 -2.16566133
v -1.56583369 1.21942735 -2.15986538
v -1.56986928 1.22566104 -2.17135143
v -1.55347943 1.14408946 -2.18145752
v -1.54752195 1.14492035 -2.19012070
v -1.53667545 1.15907347 -2.18076086
v -1.54376769 1.15840328 -2.17220116
v -1.58745551 1.16639853 -2.17810249
v -1.58050203 1.15906596 -2.17419910
v -1.57959890 1.18342185 -2.17190170
v -1.55972075 1.16630864 -2.22303581
v -1.56944501 1.17204058 -2.22360754
v -1.55644298 1.18849516 -2.21948814
v -1.54626966 1.18216801 -2.21770573
v -1.54420543 1.22067642 -2.13817692
v -1.55219436 1.22946072 -2.14443398
v -1.55890191 1.21125627 -2.15101528
v -1.55045104 1.20234847 -2.14618349
v -1.55666792 1.24912000 -2.19231462
v -1.56573355 1.23145330 -2.19521999
v -1.53215671 1.19804525 -2.21236086
v -1.54364455 1.20494723 -2.21474600
v -1.53073704 1.22169399 -2.20907021
v -1.51952076 1.21424246 -2.20482683
v -1.49988484 1.22034764 -2.18459797
v -1.49920297 1.21305263 -2.17072821
v -1.51022220 1.19798219 -2.18222046
v -1.51216459 1.20524943 -2.19495440
v -1.53880048 1.23971951 -2.13153219
v -1.52901566 1.23078489 -2.12742233
v -1.52133667 1.20600712 -2.14068031
v -1.51068640 1.20496154 -2.14789438
v -1.50458872 1.22166109 -2.13690042
v -1.51645851 1.22356439 -2.12964535
v -1.54306126 1.29449773 -2.17236662
v -1.52992511 1.29549670 -2.18299961
v -1.53604460 1.28257227 -2.18668032
v -1.54515338 1.28139305 -2.17512751
v -1.52308106 1.28039157 -2.19145632
v -1.51534319 1.29421616 -2.18512249
v -1.49299479 1.31047690 -2.16805601
v -1.48260450 1.30489576 -2.16019678
v -1.48392260 1.29532385 -2.16660404
v -1.49559343 1.30053771 -2.17506027
v -1.47640061 1.24914312 -2.16091204
v -1.47897339 1.24477744 -2.14530420
v -1.48907351 1.22850168 -2.15821171
v -1.48775339 1.23453069 -2.17342901
v -1.48413801 1.25508761 -2.12329102
v -1.49881220 1.25191224 -2.11768627
v -1.49998415 1.23771286 -2.12612772
v -1.48768735 1.24038696 -2.13404608
v -1.50352693 1.30614722 -2.09997940
v -1.51531363 1.30601847 -2.09898806
v -1.51029372 1.29156494 -2.10269833
v -1.49745631 1.29091787 -2.10522366
v -1.53664386 1.29844415 -2.10836363
v -1.54076457 1.31054354 -2.10588264
v -1.54953969 1.31324303 -2.11460066
v -1.54576731 1.30260253 -2.11701250
v -1.53311872 1.33259654 -2.16272545
v -1.51614356 1.33456993 -2.16561222
v -1.51771426 1.32656217 -2.16938305
v -1.53436852 1.32488406 -2.16516399
v -1.46685731 1.26263547 -2.14945269
v -1.46988857 1.26089108 -2.13197374
v -1.53470302 1.28692436 -2.11165857
v -1.54492998 1.29241323 -2.11932421
v -1.54224885 1.28063107 -2.12207794
v -1.53154206 1.27433729 -2.11480331
v -1.55037546 1.30621541 -2.14150715
v -1.54830027 1.31118476 -2.15557384
v -1.55007303 1.30186558 -2.15714788
v -1.55123675 1.29504824 -2.14410353
v -1.53844380 1.31706715 -2.16726255
v -1.52204955 1.31815648 -2.17412329
v -1.52720666 1.30757940 -2.17835474
v -1.54217577 1.30593657 -2.17039871
v -1.46218121 1.27238023 -2.14223433
v -1.46753025 1.27857614 -2.15457678
v -1.46592557 1.28596151 -2.14709663
v -1.46290755 1.28024435 -2.13539553
v -1.48642468 1.26723433 -2.11566830
v -1.50068092 1.26484060 -2.11157608
v -1.54769003 1.28344750 -2.14600563
v -1.54501200 1.27623141 -2.13419294
v -1.54914641 1.28757489 -2.13237381
v -1.51078999 1.30544460 -2.17916775
v -1.49291873 1.30670738 -2.10290670
v -1.48304129 1.30853879 -2.10798645
v -1.49068880 1.32431340 -2.10151815
v -1.50075817 1.32246244 -2.09708261
v -1.51133966 1.32184649 -2.09529161
v -1.52303696 1.32218039 -2.09537745
v -1.54781342 1.32595479 -2.10301828
v -1.55654585 1.32869613 -2.11197662
v -1.56073642 1.33249474 -2.12408352
v -1.55893672 1.33777571 -2.13721323
v -1.55227518 1.32281959 -2.13968420
v -1.55381191 1.31770670 -2.12651443
v -1.53812814 1.34958196 -2.15796709
v -1.52183998 1.35201693 -2.16043282
v -1.50275183 1.33245587 -2.16286469
v -1.50713539 1.34938276 -2.15765715
v -1.52103567 1.28162122 -2.10690212
v -1.52414179 1.29445946 -2.10343218
v -1.52510488 1.19021201 -2.20407581
v -1.52170610 1.18288803 -2.19266415
v -1.53440845 1.16845596 -2.20175600
v -1.53892827 1.17510140 -2.21134377
v -1.54553318 1.14877582 -2.19967604
v -1.53367937 1.16282392 -2.19095278
v -1.57845175 1.21181035 -2.18693495
v -1.56988072 1.22957516 -2.18356562
v -1.59460795 1.18029606 -2.20375633
v -1.54796517 1.28979528 -2.15880442
v -1.54763067 1.27736676 -2.16042089
v -1.47292376 1.29936850 -2.15132952
v -1.48174143 1.31408048 -2.15462399
v -1.47372282 1.30861902 -2.14559555
v -1.47316599 1.27024794 -2.16432190
v -1.48273325 1.25840127 -2.17582703
v -1.49619055 1.26861560 -2.18367815
v -1.48456812 1.28178310 -2.17284060
v -1.46661711 1.28769946 -2.13003540
v -1.46713233 1.29313469 -2.14113092
v -1.47012794 1.30317521 -2.13525295
v -1.47085905 1.29843926 -2.12403107
v -1.54608440 1.32754230 -2.15248537
v -1.54581285 1.31925201 -2.15366030
v -1.48516655 1.34107971 -2.14293242
v -1.48282826 1.32552803 -2.14898300
v -1.49157584 1.32904387 -2.15679312
v -1.49471283 1.34442163 -2.15158844
v -1.49128151 1.31892741 -2.16214418
v -1.47974277 1.33790684 -2.13277245
v -1.47623944 1.32143307 -2.13964415
v -1.55154753 1.34425807 -2.14991236
v -1.47576964 1.31280065 -2.11728477
v -1.47387064 1.31713903 -2.12878847
v -1.47885108 1.33376133 -2.12143707
v -1.48254848 1.32894790 -2.10995293
v -1.52256823 1.17730093 -2.18082285
v -1.51214480 1.19214070 -2.16992807
v -1.51411569 1.25363326 -2.11506319
v -1.51384795 1.23979127 -2.12069654
v -1.51704025 1.26741028 -2.11101723
v -1.54572082 1.17687309 -2.15616035
v -1.55329525 1.16118789 -2.16586065
v -1.53355944 1.21194696 -2.13673449
v -1.53916645 1.19384885 -2.14602327
v -1.50639987 1.22987318 -2.19659472
v -1.47983742 1.28019118 -2.11473227
v -1.49196267 1.27789307 -2.11055660
v -1.47372866 1.27086985 -2.12049532
v -1.53627837 1.32385182 -2.09775352
v -1.52872324 1.30785966 -2.10079861
v -1.46340716 1.26960063 -2.13181019
v -1.54608333 1.34407806 -2.09311676
v -1.50047815 1.28966105 -2.18099785
v -1.50609457 1.31557941 -2.17351961
v -1.50305152 1.32359242 -2.16771460
v -1.57955122 1.17692447 -2.22024727
v -1.56136954 1.24749136 -2.18006706
v -1.54569554 1.27130759 -2.14772129
v -1.54268336 1.26444364 -2.13595581
v -1.47090173 1.28326344 -2.12061119
v -1.47651446 1.29420602 -2.11453342
v -1.48660707 1.29185605 -2.10930634
v -1.54947317 1.31364620 -2.14014578
v -1.55044436 1.30771410 -2.12830544
v -1.56204891 1.14642930 -2.17519665
v -1.54985702 1.29903078 -2.13031006
v -1.50779533 1.27566838 -2.19008970
v -1.57702494 1.54111993 -1.92397809
v -1.63548529 1.36045313 -2.07914543
v -1.68029690 1.32980013 -2.06103563
v -1.66378772 1.33514667 -2.06759691
v -1.61355412 1.41400099 -2.08096027
v -1.60930789 1.42472136 -2.07975006
v -1.59870529 1.45317400 -2.07654095
v -1.59365582 1.46187186 -2.07693529
v -1.64079916 1.39364421 -2.08888102
v -1.61386263 1.74804592 -1.99022317
v -1.61544240 1.74099135 -1.98903358
v -1.60742390 1.75955307 -1.99018800
v -1.76244700 1.19893825 -2.00604296
v -1.62970650 1.74113989 -1.99284124
v -1.63196146 1.73297572 -1.99148691
v -1.63061500 1.73736715 -1.99603987
v -1.63075709 1.74275088 -1.99246383
v -1.63082898 1.74391723 -1.99258041
v -1.61526620 1.76607299 -1.99306059
v -1.61926806 1.73336124 -1.98851073
v -1.62506771 1.72624230 -1.98838770
v -1.62676990 1.75653327 -1.99498415
v -1.55474186 1.18873703 -1.95679390
v -1.56202066 1.18767536 -1.93515360
v -1.55730391 1.16617298 -1.93614495
v -1.54953837 1.16718554 -1.96020269
v -1.55292892 1.14561653 -1.93611336
v -1.54031718 1.11385703 -2.05798483
v -1.55476487 1.11997771 -2.07910156
v -1.55489457 1.14316559 -2.07361937
v -1.54148817 1.13804924 -2.05333948
v -1.57317066 1.16438365 -2.08498478
v -1.55664742 1.16244149 -2.06768751
v -1.57362926 1.14709616 -2.09096050
v -1.59584439 1.14674854 -2.10254097
v -1.59458053 1.16432178 -2.09658051
v -1.61934114 1.14309323 -2.10806084
v -1.61766219 1.16195893 -2.10241652
v -1.64225197 1.13761377 -2.10771799
v -1.66516018 1.13236487 -2.10182619
v -1.69121790 1.10564005 -2.09206963
v -1.70695031 1.12006128 -2.07208967
v -1.68714249 1.12683439 -2.08861923
v -1.73834229 1.11077988 -2.03832626
v -1.72395515 1.11401129 -2.05460453
v -1.76028752 1.10779607 -2.00842953
v -1.75062478 1.10886478 -2.02255154
v -1.66960907 1.53264201 -2.05006981
v -1.59570861 1.61019278 -2.00819826
v -1.59129596 1.60676789 -2.01827860
v -1.60730922 1.60810518 -2.03542662
v -1.54952514 1.56405354 -2.01252890
v -1.55943871 1.58045745 -2.02200031
v -1.55709505 1.57560194 -1.99950469
v -1.54939711 1.55996561 -1.99337065
v -1.58627486 1.60489869 -1.99182260
v -1.59025002 1.60754323 -1.98600399
v -1.58093131 1.60168433 -1.99829185
v -1.57636273 1.58727980 -1.96109271
v -1.57580256 1.59523571 -1.97872674
v -1.59661317 1.59398901 -2.07635260
v -1.57773161 1.58813262 -2.06355619
v -1.57671225 1.58297682 -2.07507133
v -1.59468246 1.58789814 -2.08895254
v -1.54463851 1.54816377 -2.03621626
v -1.53882635 1.53347611 -2.03041792
v -1.53935730 1.53268993 -2.04206038
v -1.54500890 1.54601789 -2.04796553
v -1.58471739 1.55278802 -2.11957979
v -1.56916738 1.55450058 -2.10848570
v -1.56391954 1.53909779 -2.11740398
v -1.57859051 1.53585267 -2.12667561
v -1.55304241 1.55902469 -2.05528641
v -1.52863431 1.44533575 -1.97395611
v -1.52676594 1.45424950 -1.99087775
v -1.52854097 1.46246397 -2.00643659
v -1.53527033 1.48095822 -2.03826523
v -1.53368533 1.47638226 -2.03101349
v -1.53716993 1.46243644 -2.03493452
v -1.53516948 1.48427188 -2.04532433
v -1.53569973 1.48463798 -2.05409575
v -1.62088299 1.47854567 -2.10176802
v -1.62790966 1.48626590 -2.09884262
v -1.62440836 1.50626969 -2.10839605
v -1.53941870 1.47434831 -2.06616640
v -1.54007268 1.47916579 -2.06157780
v -1.54353130 1.47357607 -2.06142664
v -1.54203594 1.46992445 -2.06529856
v -1.59825432 1.59903097 -2.06423044
v -1.55337441 1.53523421 -2.10726213
v -1.55813205 1.54832411 -2.09744024
v -1.54913557 1.53904986 -2.08882046
v -1.54496503 1.52760506 -2.09857464
v -1.53936923 1.52152681 -2.09065533
v -1.54221141 1.53125215 -2.08111429
v -1.53732872 1.52269769 -2.07432890
v -1.53514922 1.51503360 -2.08371401
v -1.53639102 1.47958362 -2.06792307
v -1.53767979 1.48596168 -2.06168032
v -1.59087610 1.50644422 -2.13302898
v -1.61375272 1.57189488 -2.10852194
v -1.63043511 1.55404806 -2.10756350
v -1.63454986 1.56427014 -2.09934473
v -1.61664140 1.58188355 -2.09817028
v -1.57647157 1.45063913 -2.07536173
v -1.58676195 1.45386410 -2.07989168
v -1.56677914 1.44808948 -2.07081032
v -1.55392349 1.46390831 -2.06292820
v -1.55735421 1.44759512 -2.06658936
v -1.61444962 1.45645249 -2.09432411
v -1.61474454 1.46605766 -2.10481215
v -1.63656521 1.52980661 -2.09903765
v -1.64176083 1.53999949 -2.09279013
v -1.57378411 1.51666319 -2.13258982
v -1.55913389 1.52073884 -2.12498665
v -1.53381109 1.46618760 -2.06951237
v -1.53648198 1.46146226 -2.06727362
v -1.53035080 1.45425868 -2.07019711
v -1.54909909 1.45999575 -2.05617762
v -1.54756200 1.46905899 -2.06157351
v -1.59255350 1.57948136 -2.09984112
v -1.54823256 1.51932025 -2.11496305
v -1.54025543 1.51439869 -2.10580587
v -1.54368186 1.53820205 -2.07049036
v -1.55148518 1.54811907 -2.07779121
v -1.55250299 1.55456138 -2.06655025
v -1.54413474 1.54304051 -2.05944633
v -1.53151035 1.50528848 -2.09104776
v -1.52919090 1.49578524 -2.08590269
v -1.53833771 1.53123069 -2.05385733
v -1.53799760 1.52791202 -2.06440639
v -1.53094757 1.47154200 -2.07234907
v -1.64513290 1.54792118 -2.08534622
v -1.64921749 1.52328074 -2.07994938
v -1.65500784 1.52873468 -2.07214022
v -1.63927603 1.50555706 -2.09146309
v -1.64400315 1.51557422 -2.08542967
v -1.63416684 1.49420536 -2.09618521
v -1.66278112 1.53066278 -2.06281805
v -1.46638000 1.27465236 -2.12624264
v -1.53254366 1.44905257 -2.06774378
v -1.52559495 1.44047046 -2.07281733
v -1.52436638 1.44639874 -2.07501459
v -1.50308466 1.40699697 -2.10649252
v -1.76893449 1.72632670 -1.96259511
v -1.76935768 1.73237252 -1.96146703
v -1.76347518 1.75093985 -1.95733023
v -1.76185811 1.75392962 -1.95651639
v -1.47345352 1.29145169 -2.15748358
v -1.47441840 1.28447616 -2.16189528
v -1.49454737 1.24477816 -2.18662453
v -1.51862752 1.23860884 -2.20190954
v -1.50668252 1.25440097 -2.19341707
v -1.54704964 1.26674497 -2.18940163
v -1.55316222 1.26572430 -2.17681456
v -1.54551995 1.24794531 -2.13949919
v -1.49513292 1.22414947 -2.14573145
v -1.61294150 1.14961600 -2.21802425
v -1.60511768 1.14699817 -2.22635937
v -1.61873460 1.13233030 -2.22914886
v -1.62502885 1.13439810 -2.21975374
v -1.63715947 1.11959851 -2.22208643
v -1.63727224 1.11684859 -2.21235323
v -1.62695432 1.13228226 -2.21010494
v -1.63272715 1.11259532 -2.20579720
v -1.62374759 1.12819910 -2.20279980
v -1.62549245 1.10758042 -2.20196772
v -1.61911058 1.10202920 -2.20095205
v -1.61171365 1.11744785 -2.19584990
v -1.61776972 1.12324214 -2.19802284
v -1.59673166 1.12743223 -2.18881083
v -1.60486758 1.11143303 -2.19593859
v -1.59773684 1.10636675 -2.19773579
v -1.58883679 1.12126458 -2.18925762
v -1.59516549 1.08826542 -2.21671963
v -1.59350395 1.08948517 -2.22420120
v -1.58186316 1.10293317 -2.21609211
v -1.58426106 1.10147977 -2.20809889
v -1.57304740 1.12464201 -2.22457886
v -1.57026947 1.12021530 -2.21614075
v -1.58270550 1.10637617 -2.22461128
v -1.58549035 1.11085939 -2.23262024
v -1.59670377 1.09800148 -2.24096155
v -1.60382891 1.10362387 -2.24509430
v -1.59104705 1.11592817 -2.23788786
v -1.58860445 1.17999566 -2.21380281
v -1.60094368 1.16457498 -2.21616268
v -1.60528874 1.16426039 -2.20573711
v -1.60963356 1.13957727 -2.19342470
v -1.60101116 1.15619349 -2.18896151
v -1.60471177 1.16134548 -2.19617605
v -1.61431241 1.14479911 -2.19945908
v -1.57186651 1.15165114 -2.17266083
v -1.58837163 1.14333522 -2.18170691
v -1.58010304 1.13661313 -2.18109989
v -1.60371518 1.13365948 -2.19020271
v -1.59524834 1.14994311 -2.18440199
v -1.58032870 1.11695921 -2.19267988
v -1.59011817 1.10275900 -2.20160770
v -1.59629679 1.14166749 -2.23133373
v -1.58676350 1.13613427 -2.23334169
v -1.60021472 1.12163377 -2.23864746
v -1.60983062 1.12722182 -2.23554802
v -1.57132351 1.13168859 -2.18404818
v -1.57330143 1.15082908 -2.22838306
v -1.58277535 1.15657103 -2.22748184
v -1.57857525 1.13027549 -2.23066998
v -1.56560290 1.14461184 -2.22428274
v -1.62290025 1.11391139 -2.23918247
v -1.63179588 1.11819220 -2.23208141
v -1.59274197 1.16144621 -2.22336483
v -1.57354021 1.11541545 -2.19906712
v -1.57010722 1.11684954 -2.20743608
v -1.55888927 1.13067985 -2.19897938
v -1.56356609 1.12972140 -2.19034624
v -1.54774618 1.15364826 -2.20919609
v -1.55859232 1.13433623 -2.20784521
v -1.56079972 1.13885617 -2.21659470
v -1.59365594 1.09234297 -2.23240662
v -1.55188191 1.15965378 -2.21796131
v -1.66734767 1.03887928 -2.22721338
v -1.66315043 1.04465210 -2.22089767
v -1.67336500 1.04358506 -2.21722221
v -1.67697072 1.03821754 -2.22405720
v -1.66704822 1.05652356 -2.20069647
v -1.66934049 1.06733966 -2.19782495
v -1.68119609 1.06309509 -2.19824505
v -1.67932820 1.05394936 -2.20072794
v -1.68564844 1.03976107 -2.22312021
v -1.68210125 1.04365146 -2.21562243
v -1.69040656 1.04440796 -2.22355652
v -1.69382191 1.04077399 -2.23293066
v -1.69013584 1.03606653 -2.22924948
v -1.69773984 1.03620923 -2.23881388
v -1.69055748 1.04930544 -2.24028301
v -1.69498420 1.03982854 -2.24710178
v -1.67108107 1.04950559 -2.25763750
v -1.66158283 1.04745317 -2.26156378
v -1.66878676 1.03583097 -2.26582861
v -1.67839670 1.03786349 -2.26079464
v -1.64889741 1.03249741 -2.26656342
v -1.65935636 1.03342080 -2.26684189
v -1.65314519 1.04575837 -2.26270723
v -1.64397013 1.04435015 -2.26288033
v -1.65319562 1.03924131 -2.23285961
v -1.64739609 1.04541898 -2.22804594
v -1.65359902 1.04580307 -2.22551823
v -1.65860856 1.03982389 -2.23082924
v -1.69649005 1.05071974 -2.22020197
v -1.69054842 1.05552864 -2.22788286
v -1.69218445 1.04912055 -2.22809887
v -1.69583082 1.04736018 -2.21895027
v -1.62461603 1.05517054 -2.21795177
v -1.61999094 1.06559944 -2.21484232
v -1.62679672 1.06900644 -2.21196890
v -1.63016689 1.05908310 -2.21540451
v -1.64951372 1.07442141 -2.20037270
v -1.64144480 1.07730424 -2.20405340
v -1.64747262 1.09011865 -2.20597410
v -1.65549827 1.08592868 -2.20508432
v -1.65858030 1.07111263 -2.19835520
v -1.66326845 1.08206820 -2.20384264
v -1.67278242 1.07638693 -2.20323229
v -1.68424296 1.07007778 -2.20270348
v -1.61191344 1.06307960 -2.22076178
v -1.61330771 1.05474532 -2.22326374
v -1.71682858 0.99219406 -2.24993086
v -1.71248937 0.98878562 -2.25062370
v -1.71037602 0.99368596 -2.24926233
v -1.71466780 0.99712837 -2.24853039
v -1.60949147 1.06036687 -2.24048090
v -1.61388648 1.06466806 -2.24774647
v -1.61006832 1.06920385 -2.24400091
v -1.60692430 1.06513095 -2.23609829
v -1.61202121 1.05354297 -2.24549532
v -1.61848593 1.05869758 -2.25224590
v -1.72135401 0.99588740 -2.26124334
v -1.72196484 0.99611485 -2.25603724
v -1.71929657 1.00116587 -2.25552797
v -1.71831489 1.00101304 -2.26087570
v -1.68190110 1.03327322 -2.22888613
v -1.67275572 1.03306746 -2.23150730
v -1.68954384 1.01910281 -2.23676205
v -1.67946982 1.02560008 -2.23475981
v -1.68809974 1.02828646 -2.23198700
v -1.69436157 1.02348197 -2.23517895
v -1.66026425 1.02385950 -2.24120569
v -1.65492117 1.03172016 -2.23797798
v -1.66250443 1.03166473 -2.23650455
v -1.66802013 1.02347600 -2.23950863
v -1.64360261 1.02740681 -2.23877954
v -1.64843404 1.02010512 -2.24270010
v -1.64220607 1.01755452 -2.24308729
v -1.63844490 1.02428722 -2.23942375
v -1.66312242 1.00773740 -2.24935722
v -1.66762745 1.00213945 -2.25524092
v -1.66285467 1.00122368 -2.25659323
v -1.65816510 1.00637293 -2.25059032
v -1.60629630 1.07349539 -2.24158096
v -1.60411632 1.07055628 -2.23309755
v -1.62939501 1.02836180 -2.26357174
v -1.62197256 1.02622020 -2.25762844
v -1.62327826 1.01663685 -2.26102114
v -1.63119912 1.01933193 -2.26675272
v -1.62170923 1.06917977 -2.25229502
v -1.61709499 1.07431459 -2.24979115
v -1.71824980 0.99389637 -2.26570225
v -1.71518731 0.99909961 -2.26549482
v -1.67339921 1.07986546 -2.21354008
v -1.68538773 1.07251358 -2.21146774
v -1.66386843 1.08603096 -2.21488953
v -1.65732861 1.09070730 -2.21559286
v -1.65186954 1.09691942 -2.21510077
v -1.67831945 1.01978052 -2.23845148
v -1.66399813 1.03494382 -2.23340845
v -1.64892316 1.03849447 -2.23348379
v -1.62308216 1.02645957 -2.23711872
v -1.61936903 1.03223896 -2.23429012
v -1.62863660 1.03336298 -2.23152781
v -1.63020086 1.02791595 -2.23560810
v -1.61845446 1.02245700 -2.25018215
v -1.62167108 1.02003813 -2.24458122
v -1.62465382 1.01303005 -2.24814129
v -1.62090170 1.01417553 -2.25361824
v -1.69876289 1.05496573 -2.21986723
v -1.69043255 1.06168795 -2.22455168
v -1.60813868 1.05647361 -2.23181009
v -1.60721755 1.06302702 -2.22797346
v -1.60569882 1.06968021 -2.22533417
v -1.63814580 1.05193532 -2.22150898
v -1.63366973 1.06118143 -2.21351814
v -1.63872528 1.06202722 -2.21028471
v -1.64216328 1.05251479 -2.22016287
v -1.65824103 1.05010176 -2.21170330
v -1.65521884 1.05903161 -2.20272017
v -1.66949201 1.04831779 -2.20865345
v -1.63251936 1.07237089 -2.20842934
v -1.62335885 1.07743239 -2.21038961
v -1.62996948 1.08134723 -2.20698738
v -1.61653340 1.07367563 -2.21431971
v -1.61011374 1.07075548 -2.21935892
v -1.61890090 1.08519578 -2.20778084
v -1.62529373 1.08981180 -2.20486736
v -1.61221015 1.08157516 -2.21247101
v -1.60667586 1.07870221 -2.21734858
v -1.60560322 1.08812952 -2.24639702
v -1.60116565 1.08210611 -2.23849201
v -1.61193061 1.08013630 -2.24818373
v -1.64112556 1.09987569 -2.20697308
v -1.63780510 1.08614707 -2.20540190
v -1.63251281 1.09463465 -2.20482016
v -1.64592457 1.10509050 -2.21415138
v -1.68737948 1.05223322 -2.20110750
v -1.69455087 1.04964828 -2.20126629
v -1.69351614 1.04505205 -2.20658016
v -1.68727922 1.04748416 -2.20754957
v -1.70133471 1.03038335 -2.24369860
v -1.69938302 1.02735448 -2.23758030
v -1.69475889 1.03219712 -2.23347378
v -1.62453020 1.04622948 -2.22286224
v -1.61424887 1.04601336 -2.22720480
v -1.68654490 1.01513100 -2.24014330
v -1.71467543 1.00709093 -2.25957346
v -1.71584249 1.00698006 -2.25389051
v -1.70938706 1.01707697 -2.25004864
v -1.70826745 1.01694202 -2.25656748
v -1.68927062 1.00884151 -2.24848938
v -1.69167233 1.01153922 -2.24321508
v -1.69622254 1.00565505 -2.24578238
v -1.69455385 1.00375593 -2.25173378
v -1.65549147 1.00072765 -2.25592375
v -1.65157533 1.00489438 -2.25121593
v -1.68436277 1.02407515 -2.26114082
v -1.69303608 1.03078294 -2.25825024
v -1.68773341 1.04118156 -2.25549269
v -1.65395832 1.02224553 -2.24225903
v -1.65857601 1.01469851 -2.24549627
v -1.65339375 1.01277494 -2.24632263
v -1.67817783 1.01655948 -2.24099016
v -1.68338585 1.01279771 -2.24312925
v -1.67732763 1.01253068 -2.24470997
v -1.67220223 1.01759470 -2.24188185
v -1.61900568 1.03639495 -2.25441694
v -1.61459804 1.03114831 -2.24458027
v -1.72016609 0.99482107 -2.25207996
v -1.71796334 0.99977028 -2.25104856
v -1.60025656 1.07791114 -2.22960806
v -1.60269845 1.07733107 -2.22258425
v -1.64919436 1.03021300 -2.23841333
v -1.68071902 1.05148613 -2.25119543
v -1.64432621 1.03705847 -2.23350477
v -1.64817703 1.01135242 -2.26798677
v -1.64309263 1.00732934 -2.26438332
v -1.64871943 1.00247121 -2.26553440
v -1.65153646 1.00547624 -2.27049923
v -1.70108688 0.99560666 -2.25638628
v -1.70326662 0.99670351 -2.25041199
v -1.70671356 0.99111885 -2.25329781
v -1.70481682 0.99029362 -2.25893974
v -1.69464147 1.01517391 -2.24002171
v -1.69880188 1.01904464 -2.23879910
v -1.70383549 1.01242125 -2.24191189
v -1.69958770 1.00875235 -2.24244452
v -1.70276678 1.02216697 -2.24168253
v -1.70760632 1.01544642 -2.24492168
v -1.70189428 0.99693775 -2.26292896
v -1.70603120 1.00111806 -2.26617432
v -1.69913459 1.01027322 -2.26322222
v -1.69571543 1.00514281 -2.25900221
v -1.63890290 1.05531752 -2.25876999
v -1.63067806 1.05290222 -2.25842476
v -1.63480926 1.04153955 -2.26196957
v -1.63850784 1.03007007 -2.26552773
v -1.64224589 1.01864159 -2.26633549
v -1.65343547 1.02162933 -2.26960182
v -1.62699926 1.03949738 -2.26018858
v -1.68587446 1.01164353 -2.25781965
v -1.69180095 1.01653659 -2.25978327
v -1.68525136 1.01450634 -2.26272678
v -1.63773024 1.03398752 -2.23362589
v -1.71461844 1.00553286 -2.24912930
v -1.65316844 1.09089494 -2.23650789
v -1.64537621 1.08789253 -2.24513435
v -1.65004945 1.07906306 -2.24743080
v -1.65837562 1.08393550 -2.23740911
v -1.70684516 0.99930632 -2.24679089
v -1.71116161 1.00249684 -2.24612856
v -1.64588809 1.00318897 -2.25397873
v -1.65042281 1.00000787 -2.25785208
v -1.64747429 0.99943173 -2.26114511
v -1.64261913 1.00189471 -2.25909805
v -1.62326741 1.05029857 -2.25663662
v -1.62432599 1.00990450 -2.26362324
v -1.63141918 1.01329398 -2.26947117
v -1.62614846 1.06252003 -2.25522184
v -1.63451922 1.06550407 -2.25566959
v -1.63099265 1.07345665 -2.25314331
v -1.66603005 1.01927769 -2.26829481
v -1.64698958 1.05702782 -2.25846529
v -1.64192843 1.06722450 -2.25488615
v -1.63907516 1.07670832 -2.25183105
v -1.63569772 1.08397818 -2.24977875
v -1.62708676 1.07987452 -2.25126171
v -1.71129060 1.00507450 -2.26456118
v -1.71015954 0.99537289 -2.26720190
v -1.62170148 1.08719707 -2.24967670
v -1.61427140 1.09490144 -2.24876404
v -1.62323236 1.09956419 -2.24655485
v -1.63040316 1.09152031 -2.24823666
v -1.65029836 1.06921327 -2.25277853
v -1.65805352 1.07100475 -2.24917650
v -1.65504992 1.05851460 -2.25699425
v -1.66393840 1.06013751 -2.25365400
v -1.67514169 1.02417898 -2.26783991
v -1.71429992 0.98021829 -2.26669359
v -1.70963526 0.98698080 -2.26523018
v -1.70774364 0.98525327 -2.26065302
v -1.71225023 0.97850704 -2.26299191
v -1.70600522 0.99182284 -2.26437283
v -1.71351445 0.99034512 -2.26754761
v -1.67359650 1.06198907 -2.24645519
v -1.68232083 1.00844252 -2.24994707
v -1.66754830 1.07418001 -2.23860216
v -1.68427968 1.06046236 -2.23808336
v -1.68088865 1.06882620 -2.23144960
v -1.66315246 1.08696795 -2.22624159
v -1.67146778 1.08069718 -2.22489834
v -1.65174806 1.09907591 -2.22544813
v -1.65707159 1.09253311 -2.22612715
v -1.64585257 1.10756397 -2.22414827
v -1.68325114 1.07293475 -2.22164154
v -1.71977532 0.98494887 -2.25125122
v -1.71524262 0.98172855 -2.25263214
v -1.64793789 1.09802055 -2.23546410
v -1.64149201 1.10657644 -2.23409176
v -1.67979372 1.04759717 -2.20775843
v -1.63465524 1.04134250 -2.22808647
v -1.63974571 1.04358876 -2.22844696
v -1.61646557 1.03821611 -2.23121309
v -1.62681484 1.03884494 -2.22747707
v -1.63299227 1.10374308 -2.24181986
v -1.61271322 1.09653628 -2.20243073
v -1.60584104 1.09265971 -2.20614624
v -1.61299086 1.10911870 -2.24382114
v -1.72351301 0.98743212 -2.25319910
v -1.66882253 1.00148773 -2.26188803
v -1.66681969 1.00213516 -2.26285458
v -1.68979824 1.05956626 -2.19881010
v -1.69735289 1.05520666 -2.20001745
v -1.70187879 1.06018710 -2.20888376
v -1.70011950 1.05859137 -2.20320129
v -1.69302368 1.06474900 -2.20255709
v -1.69442499 1.06670499 -2.20975780
v -1.63500643 1.05052984 -2.22197962
v -1.63095307 1.04814339 -2.22255754
v -1.61548126 1.04558480 -2.25015688
v -1.61143398 1.04039776 -2.24103069
v -1.70439887 1.02431488 -2.24717474
v -1.69871521 1.03139400 -2.25116682
v -1.70255291 1.02451146 -2.25397921
v -1.70431554 1.01515043 -2.26184082
v -1.68623483 1.00902522 -2.25442839
v -1.69071794 1.00971627 -2.25548124
v -1.64575720 1.06105924 -2.20646000
v -1.64887786 1.05189228 -2.21668768
v -1.68823838 1.04519463 -2.21484613
v -1.69374013 1.04480398 -2.21446180
v -1.66490710 1.01692855 -2.24370384
v -1.67350912 1.01064765 -2.27021742
v -1.68017280 1.01531065 -2.26949501
v -1.66962838 1.01092076 -2.24694204
v -1.72518468 0.98830044 -2.26208258
v -1.72555232 0.98841822 -2.25688267
v -1.69814241 1.02268898 -2.25978518
v -1.64672303 1.01056898 -2.24692583
v -1.66559303 1.01028943 -2.26845741
v -1.67059612 1.00541675 -2.26724291
v -1.62320268 1.00926065 -2.25637817
v -1.64005744 1.09529448 -2.24350500
v -1.70868015 0.98592007 -2.25479412
v -1.71186614 0.97899258 -2.25705338
v -1.71754026 0.98333180 -2.26812077
v -1.72193551 0.98668021 -2.26652718
v -1.60939932 1.04875326 -2.23673773
v -1.64357829 1.04480898 -2.22858429
v -1.59943902 1.08958066 -2.21113920
v -1.69315624 1.06619632 -2.21820974
v -1.70128512 1.05882251 -2.21567774
v -1.67382872 1.00572026 -2.25113821
v -1.63864207 1.01162100 -2.26742411
v -1.65634680 1.01384199 -2.27178144
v -1.65840244 1.00811684 -2.27404118
v -1.66559553 1.00706494 -2.27143383
v -1.66758275 1.00321710 -2.26761007
v -1.72055650 0.97783339 -2.26892900
v -1.72499597 0.98087645 -2.26739502
v -1.72840750 0.98225868 -2.26323271
v -1.72839856 0.98265290 -2.25809956
v -1.72583818 0.98211181 -2.25445747
v -1.71753871 0.97511405 -2.26764107
v -1.71543598 0.97376609 -2.26404858
v -1.71484208 0.97447014 -2.25841951
v -1.71993124 0.97044319 -2.26826000
v -1.72358513 0.97212291 -2.26966763
v -1.73424506 0.97105229 -2.26368475
v -1.73154175 0.97601503 -2.26452255
v -1.73139822 0.97275031 -2.26657009
v -1.73323750 0.96971297 -2.26664209
v -1.73485792 0.96590447 -2.26723099
v -1.73550546 0.96646249 -2.26406717
v -1.72883534 0.97267270 -2.26850891
v -1.73051381 0.96884596 -2.26942635
v -1.72703731 0.96721005 -2.27020931
v -1.72890735 0.96327674 -2.27115107
v -1.73227394 0.96472776 -2.27028561
v -1.72632623 0.97074544 -2.26951313
v -1.72744238 0.97603738 -2.26811075
v -1.73570561 0.96227348 -2.26562786
v -1.73560309 0.96304333 -2.26792812
v -1.73378611 0.96122289 -2.27046967
v -1.73346400 0.95917332 -2.26845646
v -1.73077655 0.97772181 -2.25937366
v -1.73308611 0.97159231 -2.26034832
v -1.73425543 0.96603608 -2.26133776
v -1.73420548 0.96156174 -2.26314688
v -1.73078656 0.97032022 -2.25783539
v -1.73188639 0.96487904 -2.25977135
v -1.73176289 0.96118790 -2.26165438
v -1.72758937 0.96796393 -2.25678968
v -1.72938895 0.96323556 -2.25943470
v -1.72437751 0.97525030 -2.25423336
v -1.72812033 0.97734034 -2.25588608
v -1.73003292 0.96102774 -2.26114464
v -1.73192716 0.95852637 -2.26607227
v -1.72425461 0.96649289 -2.27010250
v -1.72634614 0.96207315 -2.27062368
v -1.72217572 0.96533287 -2.26875877
v -1.72464120 0.96092230 -2.26904535
v -1.72934878 0.95884502 -2.27054071
v -1.73060548 0.96050513 -2.27155209
v -1.72188187 0.98002815 -2.25268412
v -1.71749115 0.97698259 -2.25439835
v -1.72011518 0.97222900 -2.25571489
v -1.72357094 0.96539783 -2.25807714
v -1.71745825 0.97026956 -2.25972271
v -1.71794057 0.96939862 -2.26486778
v -1.72086918 0.96454197 -2.26599360
v -1.72079015 0.96445006 -2.26199484
v -1.72369862 0.96052670 -2.26646662
v -1.72415686 0.96068871 -2.26354170
v -1.72648740 0.96160316 -2.26082706
v -1.72680533 0.95843625 -2.26596165
v -1.72797537 0.95821333 -2.26840734
v -1.72992277 0.95902514 -2.26411533
v -1.72640467 0.95929199 -2.26413918
v -1.72830427 0.95999253 -2.26259184
v -1.69540954 0.97534788 -2.26551676
v -1.69070137 0.97291064 -2.26633883
v -1.68860757 0.97970212 -2.26487064
v -1.69312978 0.98189354 -2.26389122
v -1.70066667 0.98129761 -2.27503681
v -1.70115852 0.97973609 -2.26957464
v -1.69910097 0.98611462 -2.26860142
v -1.69836056 0.98759878 -2.27417374
v -1.69617414 0.98062038 -2.27951050
v -1.69359219 0.98678207 -2.27888918
v -1.69556427 0.99475753 -2.27222776
v -1.69626665 0.99309695 -2.26655054
v -1.68967772 1.00410807 -2.26137924
v -1.68978763 1.00632596 -2.26691246
v -1.67416167 0.99609995 -2.25892591
v -1.67294431 0.99566495 -2.26417351
v -1.69908941 0.97747266 -2.26639605
v -1.69680655 0.98390877 -2.26508713
v -1.67951059 0.98491383 -2.26928473
v -1.68144476 0.98491836 -2.26455498
v -1.68477380 0.97812116 -2.26755810
v -1.68279982 0.97791529 -2.27195644
v -1.68415534 1.00076282 -2.25498343
v -1.67867255 0.99839103 -2.25573158
v -1.68774426 1.00232601 -2.25749350
v -1.68002129 0.98657823 -2.27462816
v -1.68390405 0.98993647 -2.27805185
v -1.67858195 1.00203240 -2.27396536
v -1.67443061 0.99783361 -2.27038145
v -1.69394600 0.99095094 -2.26268768
v -1.68547297 0.98669660 -2.26160812
v -1.69014060 0.98882318 -2.26087093
v -1.69054878 0.99389279 -2.27718973
v -1.68693936 0.98281807 -2.27948427
v -1.69082272 0.96574318 -2.28011417
v -1.68647003 0.97362292 -2.27798891
v -1.68521166 0.97156906 -2.27389622
v -1.68936217 0.96331948 -2.27661324
v -1.68353057 0.97958791 -2.27638531
v -1.69003713 0.97698140 -2.28052044
v -1.69899631 0.96572161 -2.26791477
v -1.69426060 0.96339977 -2.26912642
v -1.70254517 0.96807623 -2.26870251
v -1.68519115 1.00613010 -2.27316093
v -1.70407903 0.97227836 -2.27653837
v -1.70434439 0.97035086 -2.27148914
v -1.68682849 0.97132182 -2.26928329
v -1.69032967 0.96239078 -2.27199459
v -1.69428182 0.96890128 -2.28213978
v -1.69983411 0.97215456 -2.28092957
v -1.69733775 0.96203101 -2.28334618
v -1.70259297 0.96474791 -2.28218985
v -1.70689571 0.96503180 -2.27828693
v -1.70673323 0.96378434 -2.27326488
v -1.70459759 0.96221387 -2.27055168
v -1.69399619 0.95946503 -2.28164911
v -1.69236922 0.95785546 -2.27838135
v -1.69279397 0.95740652 -2.27386808
v -1.69655323 0.95334113 -2.28325605
v -1.70007491 0.95485067 -2.28513956
v -1.71264100 0.94702518 -2.28163195
v -1.71146560 0.95237207 -2.28035212
v -1.71010602 0.95140320 -2.28331995
v -1.71209288 0.94714022 -2.28476095
v -1.70930827 0.95784622 -2.28048706
v -1.70854437 0.95462251 -2.28300571
v -1.70584416 0.95429486 -2.28472900
v -1.70726490 0.95054746 -2.28624868
v -1.70348573 0.94908726 -2.28668022
v -1.70504498 0.94495058 -2.28829956
v -1.70922589 0.94622779 -2.28814745
v -1.70289528 0.95279372 -2.28560257
v -1.71299553 0.94366467 -2.28623867
v -1.71240509 0.94239295 -2.28417015
v -1.70470083 0.95834053 -2.28381252
v -1.70892835 0.95837730 -2.27514029
v -1.71079552 0.95212793 -2.27683115
v -1.71134818 0.94616425 -2.27894163
v -1.71047676 0.94144070 -2.28171396
v -1.70842540 0.95053172 -2.27426195
v -1.70914662 0.94478422 -2.27706480
v -1.70851946 0.94109499 -2.28004932
v -1.70474720 0.94847548 -2.27323341
v -1.70630145 0.94332671 -2.27655554
v -1.70242023 0.95583057 -2.27084064
v -1.70627308 0.95750588 -2.27203178
v -1.70674002 0.94124234 -2.27909708
v -1.71013212 0.93960202 -2.28760862
v -1.70827842 0.93896246 -2.28490686
v -1.71127284 0.94191086 -2.28968525
v -1.70113027 0.94837248 -2.28577757
v -1.70287883 0.94387162 -2.28725481
v -1.69877732 0.94754899 -2.28499174
v -1.70106626 0.94271684 -2.28647566
v -1.70572090 0.94037223 -2.28876066
v -1.70696568 0.94182599 -2.28978014
v -1.70093322 0.96040070 -2.26963663
v -1.69630527 0.95849562 -2.27071095
v -1.69784999 0.95377171 -2.27188826
v -1.70024455 0.94653177 -2.27442074
v -1.69451547 0.95305288 -2.27522707
v -1.69462800 0.95266187 -2.28003597
v -1.69738388 0.94673336 -2.28216791
v -1.69740975 0.94619036 -2.27811766
v -1.70019877 0.94213188 -2.28388786
v -1.70032728 0.94182074 -2.28050470
v -1.70282471 0.94212180 -2.27771473
v -1.70319927 0.93938839 -2.28415203
v -1.70426941 0.93934160 -2.28688574
v -1.70643342 0.93926340 -2.28240395
v -1.70268011 0.93992335 -2.28174829
v -1.70479143 0.94020116 -2.28036785
v -1.67078149 0.97471046 -2.27084684
v -1.66582417 0.97302908 -2.26983309
v -1.66433358 0.97862875 -2.26864958
v -1.66936517 0.98003805 -2.26946783
v -1.67291439 0.97886276 -2.28091812
v -1.67425823 0.97782886 -2.27784872
v -1.67324018 0.98361647 -2.27600527
v -1.67183542 0.98549408 -2.27948189
v -1.66856766 0.97857559 -2.28348112
v -1.66670263 0.98538828 -2.28212881
v -1.67046916 0.99174833 -2.27776337
v -1.67201853 0.98927021 -2.27357817
v -1.66874230 0.99792409 -2.26945877
v -1.66747367 1.00076115 -2.27420044
v -1.67357326 0.97622484 -2.27422094
v -1.67229080 0.98172009 -2.27241611
v -1.65535104 0.98379242 -2.26947784
v -1.65791309 0.98350525 -2.26670742
v -1.65999806 0.97780907 -2.26982832
v -1.65780532 0.97813594 -2.27249479
v -1.66359448 0.99544257 -2.26139021
v -1.65828502 0.99454045 -2.26026821
v -1.66708612 0.99623632 -2.26489115
v -1.65535128 0.98556840 -2.27450466
v -1.65821350 0.98896313 -2.27939081
v -1.65457487 0.99831688 -2.27462196
v -1.65184665 0.99538219 -2.26925659
v -1.67090702 0.98700082 -2.26970816
v -1.66236818 0.98413372 -2.26534510
v -1.66767764 0.98547906 -2.26647091
v -1.66454840 0.99187547 -2.28037882
v -1.66055965 0.98288298 -2.28120804
v -1.66314495 0.96496361 -2.28236341
v -1.65954578 0.97410786 -2.27896976
v -1.65896523 0.97228670 -2.27447176
v -1.66214824 0.96327591 -2.27843237
v -1.65743577 0.97977108 -2.27695227
v -1.66296089 0.97652686 -2.28297567
v -1.67293000 0.96569800 -2.27334547
v -1.66813612 0.96416271 -2.27274847
v -1.67554259 0.96725106 -2.27649403
v -1.66121078 1.00104904 -2.27695894
v -1.65114915 0.99357939 -2.26404715
v -1.67542720 0.96926796 -2.28307867
v -1.67649138 0.96851325 -2.28004503
v -1.66110992 0.97210467 -2.27117157
v -1.66371000 0.96318495 -2.27465057
v -1.66633081 0.96721375 -2.28554821
v -1.67155099 0.96930277 -2.28579044
v -1.66834998 0.96101344 -2.28746462
v -1.67351198 0.96284521 -2.28743458
v -1.67751920 0.96281815 -2.28504848
v -1.67813790 0.96216691 -2.28148460
v -1.67681861 0.96137559 -2.27798414
v -1.66549611 0.95881093 -2.28445482
v -1.66467905 0.95779991 -2.28088093
v -1.66567600 0.95824850 -2.27680397
v -1.66678953 0.95426267 -2.28592348
v -1.67028451 0.95550072 -2.28879929
v -1.68268061 0.94673067 -2.28847551
v -1.68154383 0.95120013 -2.28705978
v -1.67989016 0.95082307 -2.28866625
v -1.68142176 0.94701368 -2.29037380
v -1.67923331 0.95672631 -2.28676844
v -1.67859602 0.95413136 -2.28830624
v -1.67579055 0.95445371 -2.28961325
v -1.67701781 0.95077360 -2.29109669
v -1.67291832 0.95021152 -2.29029989
v -1.67424941 0.94635797 -2.29171181
v -1.67838764 0.94679850 -2.29248762
v -1.67271471 0.95356143 -2.28984594
v -1.68197322 0.94431043 -2.29169321
v -1.68250358 0.94320261 -2.29019547
v -1.67491424 0.95778292 -2.28873873
v -1.67979956 0.95695519 -2.28263807
v -1.68156493 0.95131439 -2.28385973
v -1.68244028 0.94613624 -2.28564835
v -1.68155646 0.94267309 -2.28736401
v -1.67966163 0.95082998 -2.28079557
v -1.68055475 0.94574124 -2.28277254
v -1.67978454 0.94274426 -2.28458214
v -1.67665911 0.95019102 -2.27868462
v -1.67787969 0.94530821 -2.28119278
v -1.67495048 0.95617169 -2.27687025
v -1.67803526 0.95666480 -2.27916479
v -1.67812848 0.94322896 -2.28314114
v -1.67924905 0.94149929 -2.29178953
v -1.67803454 0.94080591 -2.28886414
v -1.67949486 0.94341767 -2.29350328
v -1.67046046 0.94999278 -2.28921270
v -1.67210793 0.94578183 -2.29035807
v -1.66860175 0.94930202 -2.28698111
v -1.67082715 0.94490123 -2.28839922
v -1.67476833 0.94274855 -2.29161119
v -1.67583537 0.94375408 -2.29279900
v -1.67394423 0.96051776 -2.27546740
v -1.66959310 0.95952737 -2.27490711
v -1.67092729 0.95535541 -2.27641773
v -1.67270601 0.94912159 -2.27847719
v -1.66716838 0.95431340 -2.27816343
v -1.66624880 0.95367599 -2.28218079
v -1.66804481 0.94868279 -2.28394270
v -1.66908956 0.94857526 -2.28047895
v -1.67035854 0.94440317 -2.28575325
v -1.67129159 0.94414824 -2.28293896
v -1.67449164 0.94451118 -2.28123951
v -1.67321515 0.94187230 -2.28669786
v -1.67370999 0.94200480 -2.28930473
v -1.67683244 0.94131196 -2.28604412
v -1.67316437 0.94238031 -2.28450537
v -1.67585611 0.94242787 -2.28373051
v -1.65385818 0.99402332 -2.26153994
v -1.63704479 0.98251951 -2.27063990
v -1.63334036 0.98228037 -2.26911879
v -1.63336778 0.98656797 -2.26761913
v -1.63677549 0.98686850 -2.26901388
v -1.63748002 0.98522985 -2.28070307
v -1.63995743 0.98418105 -2.27747631
v -1.64001095 0.98894751 -2.27558756
v -1.63755572 0.99033046 -2.27916241
v -1.63211977 0.98551130 -2.28154230
v -1.63193095 0.99066579 -2.28014803
v -1.63784742 0.99575758 -2.27625942
v -1.64047551 0.99408942 -2.27267265
v -1.64030612 1.00233161 -2.26781511
v -1.63811815 1.00497651 -2.27141714
v -1.62472844 1.00527942 -2.25847483
v -1.62813556 1.00459170 -2.25555897
v -1.62876320 0.99869215 -2.25941277
v -1.62509429 0.99957204 -2.26129627
v -1.63944829 0.98315644 -2.27375412
v -1.63943338 0.98767364 -2.27180910
v -1.62592423 0.99123549 -2.26610804
v -1.62951267 0.99052989 -2.26451826
v -1.62960219 0.98648953 -2.26746511
v -1.62626195 0.98685932 -2.26894569
v -1.63264143 1.00387454 -2.25460863
v -1.63772082 1.00297332 -2.25552130
v -1.63694263 0.99913239 -2.26069069
v -1.63292491 0.99842978 -2.25939560
v -1.63918948 0.99999487 -2.26366425
v -1.62452888 0.99278557 -2.26969576
v -1.62668419 0.99467117 -2.27441025
v -1.62546003 1.00401425 -2.26937294
v -1.62390947 1.00139832 -2.26490641
v -1.63947797 0.99225211 -2.26902103
v -1.63339305 0.99071229 -2.26477385
v -1.63718534 0.99115580 -2.26623869
v -1.63205278 0.99630010 -2.27758932
v -1.62698865 0.98935747 -2.27707958
v -1.62529731 0.97700489 -2.27669239
v -1.62475300 0.98359895 -2.27439213
v -1.62565184 0.98266160 -2.27065945
v -1.62582922 0.97638905 -2.27325010
v -1.62498760 0.98792922 -2.27253199
v -1.62710190 0.98466611 -2.27867842
v -1.63752079 0.97611535 -2.27293396
v -1.63357973 0.97613716 -2.27111197
v -1.63968468 0.97672009 -2.27596378
v -1.63208866 1.00617075 -2.27333164
v -1.63801432 0.97844732 -2.28256464
v -1.64015317 0.97742367 -2.27944803
v -1.62932062 0.98225629 -2.26901293
v -1.62919939 0.97614145 -2.27138662
v -1.62773180 0.97795010 -2.28064442
v -1.63282478 0.97882855 -2.28324890
v -1.62832832 0.97260630 -2.28264666
v -1.63338029 0.97357225 -2.28515768
v -1.63857996 0.97327548 -2.28410244
v -1.64066577 0.97275090 -2.28092861
v -1.63987148 0.97237581 -2.27753687
v -1.62609553 0.97174382 -2.27870655
v -1.62683594 0.97156441 -2.27543116
v -1.62979662 0.97192299 -2.27351522
v -1.62755919 0.96758831 -2.28038406
v -1.62996089 0.96779394 -2.28453636
v -1.64146328 0.95931852 -2.28635740
v -1.64098549 0.96332049 -2.28544950
v -1.63909733 0.96320045 -2.28672171
v -1.64007258 0.95991111 -2.28780079
v -1.63908720 0.96819711 -2.28531837
v -1.63809717 0.96652460 -2.28648186
v -1.63510811 0.96713674 -2.28693390
v -1.63594234 0.96374834 -2.28798532
v -1.63234782 0.96355021 -2.28684998
v -1.63299525 0.95959616 -2.28768015
v -1.63668740 0.96029246 -2.28933430
v -1.63218331 0.96614861 -2.28640699
v -1.64013922 0.95763659 -2.28897858
v -1.64072871 0.95637107 -2.28763819
v -1.63430452 0.96951228 -2.28624010
v -1.64088309 0.96851122 -2.28225517
v -1.64182496 0.96334147 -2.28336000
v -1.64191818 0.95855618 -2.28452778
v -1.64032364 0.95552886 -2.28530693
v -1.64092445 0.96362102 -2.28074026
v -1.64096355 0.95858264 -2.28225088
v -1.63941610 0.95574486 -2.28323174
v -1.63859916 0.96391094 -2.27821779
v -1.63899434 0.95892620 -2.28025103
v -1.63764858 0.96867239 -2.27626896
v -1.64008522 0.96853578 -2.27910328
v -1.63855875 0.95640939 -2.28173923
v -1.63721728 0.95514643 -2.28816891
v -1.63716435 0.95455217 -2.28558636
v -1.63710153 0.95715666 -2.29012918
v -1.63016343 0.96308917 -2.28488874
v -1.63137400 0.95866656 -2.28590012
v -1.62900603 0.96306574 -2.28190947
v -1.63097298 0.95815945 -2.28336334
v -1.63364851 0.95600665 -2.28717041
v -1.63395059 0.95725071 -2.28874445
v -1.63764501 0.97217655 -2.27469778
v -1.63376808 0.97215366 -2.27313089
v -1.63417697 0.96868026 -2.27471685
v -1.63531661 0.96381235 -2.27673054
v -1.63054299 0.96824276 -2.27506924
v -1.62804818 0.96779048 -2.27704144
v -1.62956893 0.96283567 -2.27913141
v -1.63181496 0.96314824 -2.27699518
v -1.63184738 0.95820475 -2.28109121
v -1.63362253 0.95842373 -2.27950954
v -1.63632846 0.95890903 -2.27919769
v -1.63457310 0.95567656 -2.28272390
v -1.63391972 0.95541453 -2.28479624
v -1.63712323 0.95503664 -2.28331757
v -1.63516521 0.95631158 -2.28128386
v -1.63696623 0.95618534 -2.28148270
v -1.62379384 1.00596452 -2.26188564
v -1.70798242 1.04857051 -2.21856451
v -1.70562148 1.04451084 -2.21905947
v -1.70119143 1.04060149 -2.20510626
v -1.70182312 1.03957403 -2.21140242
v -1.70302951 1.04472923 -2.20087385
v -1.70864558 1.05229247 -2.20278692
v -1.70618391 1.04892123 -2.20047522
v -1.70372880 1.04108989 -2.21693897
v -1.71016371 1.05239534 -2.21473217
v -1.71047568 1.05411649 -2.20819092
v -1.71851027 1.04696226 -2.21448994
v -1.71930623 1.04859960 -2.20770025
v -1.71712041 1.04679942 -2.20164776
v -1.71317506 1.04368854 -2.19934034
v -1.70905042 1.04024529 -2.19996500
v -1.71576297 1.04400635 -2.21877384
v -1.71226811 1.04036105 -2.21931553
v -1.70889306 1.03735268 -2.21592712
v -1.72314095 1.03934085 -2.21872616
v -1.72855520 1.04062521 -2.21483994
v -1.73449230 1.03384542 -2.20092869
v -1.73015451 1.03663218 -2.20087719
v -1.73263693 1.03795123 -2.20361996
v -1.73646808 1.03645778 -2.20313978
v -1.72618139 1.04056144 -2.20181227
v -1.73035932 1.03958476 -2.20446777
v -1.73167765 1.03992140 -2.20863962
v -1.73472118 1.03925693 -2.20849180
v -1.73237205 1.03957069 -2.21259356
v -1.73516750 1.03858936 -2.21368313
v -1.73857713 1.03796816 -2.20796871
v -1.73972738 1.03482807 -2.20364857
v -1.74150503 1.03542900 -2.20744133
v -1.73882353 1.03195739 -2.20259714
v -1.72772205 1.04209888 -2.20829344
v -1.72026098 1.03893828 -2.19892836
v -1.72673392 1.03460348 -2.19915771
v -1.73229814 1.03085101 -2.20024872
v -1.73654771 1.02860498 -2.20306921
v -1.72286558 1.03131914 -2.20017481
v -1.72935748 1.02792037 -2.20215559
v -1.73349798 1.02685845 -2.20491982
v -1.72050369 1.02890873 -2.20422316
v -1.72760129 1.02676642 -2.20567274
v -1.71183240 1.03352976 -2.20356750
v -1.71520257 1.03601646 -2.19935417
v -1.73127842 1.02622676 -2.20665216
v -1.74170780 1.03129184 -2.20742321
v -1.73867464 1.02805138 -2.20819473
v -1.73311472 1.03684080 -2.21672106
v -1.73848212 1.03691685 -2.21333027
v -1.73691237 1.03407347 -2.21587467
v -1.72954595 1.03464115 -2.21860313
v -1.73434281 1.03115046 -2.21674490
v -1.74034405 1.03226376 -2.21323538
v -1.74127936 1.03559911 -2.21191072
v -1.70651031 1.03742170 -2.20385265
v -1.70687425 1.03635001 -2.20990658
v -1.71199930 1.03274429 -2.21003962
v -1.72016573 1.02860093 -2.21005297
v -1.71442986 1.03419352 -2.21611452
v -1.71847486 1.03643000 -2.21942282
v -1.72581828 1.03161633 -2.21842909
v -1.72232759 1.02937746 -2.21555996
v -1.73146772 1.02854645 -2.21610498
v -1.72883344 1.02712202 -2.21361971
v -1.72757792 1.02655077 -2.20973110
v -1.73446655 1.02718699 -2.21278763
v -1.73769677 1.02903402 -2.21339083
v -1.73515773 1.02660036 -2.20880127
v -1.73203969 1.02657485 -2.21195364
v -1.73185992 1.02616155 -2.20927811
v -1.62664104 1.00811291 -2.25144005
v -1.63238168 1.00772333 -2.24967384
v -1.63006234 1.01329982 -2.24587393
v -1.62663341 1.01995790 -2.24144936
v -1.61902869 1.02546406 -2.24119043
v -1.63278627 1.02172208 -2.24012709
v -1.63603818 1.01472938 -2.24458790
v -1.63972068 1.00738227 -2.24961615
v -1.63541889 1.02878833 -2.23596191
v -1.70920670 1.79706991 -1.97944629
v -1.71145582 1.79861236 -1.97659254
v -1.71114278 1.79112053 -1.97893357
v -1.70885754 1.79027152 -1.98123598
v -1.71565485 1.79146218 -1.97313046
v -1.71360362 1.79120922 -1.97638154
v -1.71389771 1.79946661 -1.97242343
v -1.71563196 1.79858708 -1.96737766
v -1.71697617 1.79265594 -1.96010411
v -1.71806526 1.79061580 -1.95893729
v -1.71855152 1.78999496 -1.95995200
v -1.71808660 1.79042768 -1.96216238
v -1.71791947 1.79099226 -1.96592915
v -1.70499039 1.79164171 -1.98341978
v -1.70574749 1.79367757 -1.98260415
v -1.70729411 1.79501295 -1.98142278
v -1.71724927 1.79129529 -1.96970570
v -1.70676887 1.79019427 -1.98255014
v -1.70533490 1.79056716 -1.98325324
v -1.71622372 1.79558039 -1.96316123
v -1.71499336 1.79387808 -1.97305310
v -1.71277595 1.79313135 -1.97660923
v -1.71421182 1.79620242 -1.97302186
v -1.71587503 1.79587841 -1.96868575
v -1.71753645 1.79242396 -1.96341407
v -1.71731102 1.79273415 -1.96606684
v -1.71054602 1.79248571 -1.97913265
v -1.71652186 1.79346299 -1.96955490
v -1.71187031 1.79555249 -1.97667575
v -1.71675408 1.79445529 -1.96501398
v -1.71722662 1.79308105 -1.96273577
v -1.70583582 1.79167390 -1.98282313
v -1.70601344 1.79125857 -1.98277473
v -1.72024167 1.51746583 -1.98022664
v -1.72522497 1.49775338 -1.98423576
v -1.70981646 1.79445434 -1.97919178
v -1.70703101 1.79152727 -1.98212087
v -1.70856655 1.79190898 -1.98085833
v -1.70795310 1.79341114 -1.98098195
v -1.70658338 1.79244101 -1.98217082
v -1.58603430 1.39717352 -2.11228228
v -1.58292913 1.40428376 -2.12437582
v -1.54381478 1.42394090 -2.14405632
v -1.52687287 1.43051016 -2.13665581
v -1.73061931 1.23725724 -2.03861237
v -1.55319333 1.29421651 -2.01134300
v -1.54889834 1.31423461 -2.01197243
v -1.55698180 1.31107366 -1.93995893
v -1.55055118 1.30725658 -1.95753300
v -1.63077474 1.27111840 -2.07384777
v -1.63145697 1.28774357 -2.07149696
v -1.69096708 1.25825810 -2.05649090
v -1.68983126 1.27576244 -2.05417442
v -1.65247512 1.24978948 -2.07536793
v -1.55160129 1.25939965 -1.98154390
v -1.55258012 1.25718737 -2.00041389
v -1.55240250 1.27780890 -1.99580920
v -1.55041480 1.28071821 -1.97765172
v -1.56719685 1.31250548 -1.92547476
v -1.57137179 1.28999424 -1.92795420
v -1.61133504 1.31109786 -2.07060623
v -1.58918810 1.31523705 -2.06333399
v -1.55805492 1.32584631 -2.03253126
v -1.54827845 1.33270121 -2.01403522
v -1.54355776 1.34068727 -1.99536252
v -1.54272854 1.34820604 -1.97652245
v -1.70908403 1.29223871 -2.04611111
v -1.72420144 1.31003761 -2.03374100
v -1.63414025 1.30618858 -2.07156515
v -1.75142598 1.28920484 -2.00423646
v -1.53980398 1.37984991 -1.95897365
v -1.54584789 1.38256800 -1.93762195
v -1.57183516 1.32011104 -2.04989576
v -1.74152780 1.45161176 -2.00676966
v -1.73394573 1.45515847 -2.02143908
v -1.74384296 1.43907046 -2.02523422
v -1.75069833 1.43465829 -2.01028919
v -1.73638964 1.44156253 -2.03892851
v -1.72784185 1.44244492 -2.05128288
v -1.71881080 1.44266891 -2.06184864
v -1.69055176 1.43888378 -2.08244228
v -1.69991815 1.44053125 -2.07740736
v -1.67135859 1.43117392 -2.08900785
v -1.68111312 1.43603754 -2.08608913
v -1.66065407 1.42315125 -2.09098721
v -1.64815342 1.41432595 -2.09084272
v -1.62889004 1.41729271 -2.08525658
v -1.63484740 1.40559030 -2.08793879
v -1.65510213 1.40303922 -2.09298706
v -1.66737843 1.41301870 -2.09332323
v -1.67844677 1.42072260 -2.09111261
v -1.76559794 1.36702216 -2.00238752
v -1.76890409 1.39144790 -2.00038099
v -1.71658778 1.53657103 -1.97592723
v -1.50327492 1.20789504 -2.15795994
v -1.61585355 1.14876592 -2.20779276
v -1.58924592 1.57428980 -1.92759204
v -1.58155298 1.58039963 -1.94398355
v -1.57452893 1.59785414 -2.00323486
v -1.58614576 1.60316443 -2.02605820
v -1.57009983 1.58962595 -1.98017800
v -1.57191575 1.57976055 -1.96027637
v -1.65777624 1.31950927 -2.06608009
v -1.56920481 1.54786360 -1.94127429
v -1.56671286 1.56949532 -1.95938122
v -1.56407559 1.58021259 -1.97964859
v -1.56645215 1.58907914 -2.00503254
v -1.57633424 1.59664845 -2.03358650
v -1.57740104 1.59310770 -2.05049276
v -1.56340230 1.57172716 -2.06389332
v -1.56284237 1.56570065 -2.07506943
v -1.56115365 1.55795860 -2.08628654
v -1.57291806 1.56656730 -2.09806824
v -1.57525957 1.57565403 -2.08672810
v -1.53140211 1.46409559 -2.12605381
v -1.52360201 1.44742775 -2.12471008
v -1.51567018 1.43594813 -2.11897993
v -1.51068926 1.42818201 -2.11062622
v -1.50962782 1.42488146 -2.10011339
v -1.51241457 1.42554021 -2.08893156
v -1.51861680 1.43194532 -2.07994556
v -1.53918624 1.45669866 -2.06503057
v -1.54494321 1.46552658 -2.06420946
v -1.54966021 1.45338392 -2.05315876
v -1.54859233 1.44586647 -2.05017853
v -1.54343617 1.42251933 -2.03620720
v -1.54016447 1.40952051 -2.02766132
v -1.53632236 1.39454901 -2.01819611
v -1.53723431 1.15165377 -2.00568938
v -1.53805947 1.15459824 -2.02636099
v -1.54260564 1.17464614 -2.02125835
v -1.54103649 1.17167854 -2.00044060
v -1.56076491 1.21261609 -1.95392227
v -1.56977820 1.21186972 -1.93469691
v -1.57521248 1.18094933 -2.07805490
v -1.59494317 1.18009222 -2.08963442
v -1.54865766 1.17758846 -2.04172897
v -1.55966723 1.18004847 -2.06134176
v -1.61653984 1.17844629 -2.09628677
v -1.70338964 1.15926909 -2.07161331
v -1.72280097 1.15391278 -2.05966330
v -1.75482035 1.14545882 -2.03104401
v -1.76601470 1.14334774 -2.01449013
v -1.63854766 1.17486250 -2.09766722
v -1.74021578 1.14900613 -2.04627895
v -1.66076303 1.16963458 -2.09316444
v -1.68231618 1.16430533 -2.08347178
v -1.55487096 1.21341050 -1.97310472
v -1.54943848 1.19077897 -1.97671497
v -1.54693389 1.19264126 -1.99568474
v -1.54175806 1.45319009 -1.93387890
v -1.53555346 1.45813322 -1.95024240
v -1.52918911 1.46370268 -1.96650648
v -1.52925134 1.49018693 -1.98007858
v -1.52719629 1.47162437 -1.98299706
v -1.52763474 1.47904241 -1.99988031
v -1.52839351 1.49710679 -1.99686456
v -1.53246379 1.50473750 -2.02556801
v -1.53183651 1.49078166 -2.02738190
v -1.53354967 1.49364161 -2.03611803
v -1.53353119 1.50612998 -2.03581095
v -1.53357136 1.49540651 -2.04449177
v -1.53370965 1.49548566 -2.05411768
v -1.53642321 1.49335635 -2.06290436
v -1.53383422 1.48699307 -2.07006264
v -1.53256941 1.50594175 -2.07776260
v -1.53473186 1.51350534 -2.06882715
v -1.53485847 1.51917648 -2.02679586
v -1.53257978 1.51756215 -2.01262474
v -1.55228198 1.48582220 -1.93525517
v -1.56068528 1.48010731 -1.91952264
v -1.61862910 1.40170264 -2.08269501
v -1.60150015 1.40033150 -2.07738018
v -1.58614886 1.40175009 -2.07218790
v -1.57305443 1.40581083 -2.06569195
v -1.56183195 1.41206741 -2.05859470
v -1.55267262 1.42050517 -2.05031681
v -1.54696214 1.43853068 -2.04647732
v -1.54549360 1.43096030 -2.04188204
v -1.54145551 1.44999754 -2.04010677
v -1.53969824 1.44288862 -2.03401518
v -1.53442597 1.45540988 -2.02701139
v -1.53082609 1.46904993 -2.02047777
v -1.52948201 1.48558021 -2.01538897
v -1.52990639 1.50188267 -2.01260448
v -1.53122401 1.51494861 -1.99703658
v -1.53240860 1.50898933 -1.98130322
v -1.54008365 1.52008283 -1.96687245
v -1.54517972 1.53701377 -1.97003138
v -1.53537560 1.50216627 -1.96411276
v -1.53126204 1.48293948 -1.96270585
v -1.59928095 1.61339378 -1.99336290
v -1.59381199 1.60908270 -1.97141457
v -1.51816034 1.44685221 -2.08503771
v -1.51998198 1.44606686 -2.08097649
v -1.51909041 1.44010901 -2.08071852
v -1.51546717 1.43757176 -2.08745289
v -1.51360762 1.43865788 -2.09521770
v -1.51752973 1.45481718 -2.09704208
v -1.51700008 1.44899249 -2.09109116
v -1.51425672 1.44278526 -2.10332918
v -1.51744843 1.45018661 -2.11025572
v -1.51977980 1.46169686 -2.10315275
v -1.52250278 1.45952201 -2.11529684
v -1.52326882 1.46922278 -2.10825825
v -1.52786350 1.47078919 -2.11755848
v -1.52666318 1.47528076 -2.11170912
v -1.53541553 1.51101339 -2.09794903
v -1.53178370 1.49892271 -2.10388565
v -1.52872348 1.48591423 -2.10869026
v -1.52901268 1.47833586 -2.07560921
v -1.52457023 1.46925211 -2.08092499
v -1.52047420 1.45910597 -2.08598280
v -1.52078259 1.46609235 -2.09109259
v -1.52456474 1.47632539 -2.08604527
v -1.52831936 1.48672485 -2.08044910
v -1.54605246 1.46951091 -1.93369889
v -1.53804433 1.47621298 -1.94829595
v -1.53357136 1.50700736 -2.04586315
v -1.53384030 1.50672996 -2.05533504
v -1.53500915 1.50336599 -2.06489944
v -1.53258705 1.49607193 -2.07379055
v -1.53512919 1.51738191 -2.05930328
v -1.53508925 1.51919472 -2.04903269
v -1.53554928 1.51934314 -2.03793859
v -1.54237866 1.49371171 -1.94921827
v -1.55373263 1.46445847 -1.91777599
v -1.63019955 1.51857805 -2.10369968
v -1.62368786 1.54024136 -2.11390162
v -1.60844612 1.55782521 -2.11720467
v -1.58934891 1.56769776 -2.11105680
v -1.50584507 1.27801847 -2.10687113
v -1.57226646 1.26665449 -1.92966211
v -1.57233882 1.24212956 -1.93213975
v -1.56179011 1.23991823 -1.94952333
v -1.55214608 1.38226771 -1.91915452
v -1.54770052 1.44996142 -1.91651428
v -1.72617948 1.41348553 -2.07829475
v -1.73583591 1.41393161 -2.07026815
v -1.72769809 1.42830706 -2.06605196
v -1.71817327 1.42796385 -2.07429218
v -1.70605326 1.41292560 -2.08852577
v -1.71613467 1.41317475 -2.08439779
v -1.70822489 1.42722845 -2.08050489
v -1.69869900 1.42631578 -2.08513260
v -1.69598305 1.41166961 -2.09155464
v -1.68879342 1.42482710 -2.08854103
v -1.72201574 1.39713287 -2.08708858
v -1.73225129 1.39724255 -2.08074808
v -1.74180150 1.39796603 -2.07272720
v -1.70154798 1.39723444 -2.09370804
v -1.71139312 1.39750266 -2.09097433
v -1.75688386 1.68183112 -1.96453607
v -1.76971269 1.69267774 -1.96846998
v -1.76842332 1.73662734 -1.96042979
v -1.76561356 1.73975182 -1.95913470
v -1.70697343 1.56526315 -1.96751106
v -1.70717263 1.57920229 -1.96526647
v -1.76460969 1.41171873 -1.99875784
v -1.74815917 1.44609773 -1.99290323
v -1.73684978 1.45991731 -1.99017465
v -1.73016250 1.47820091 -1.98732245
v -1.71167386 1.55217791 -1.97185481
v -1.75701594 1.42930138 -1.99627578
v -1.57015395 0.97435665 -2.09452868
v -1.56258214 0.95485258 -2.07261276
v -1.55407619 0.98450148 -2.07469177
v -1.54928756 0.97048944 -2.05857992
v -1.55821431 1.06099510 -2.08564854
v -1.55820274 1.03145432 -2.08514309
v -1.55657327 1.09114027 -2.08263445
v -1.54491043 0.96195233 -2.03558636
v -1.54563951 0.95835453 -2.00878096
v -1.53457034 0.97865045 -2.00208712
v -1.54185140 1.08640122 -2.06162214
v -1.54276931 1.05825961 -2.06339979
v -1.54547501 0.99144733 -2.06228304
v -1.55631506 1.00541222 -2.08262157
v -1.54401743 1.00649095 -2.06371784
v -1.53563607 0.98078763 -2.02819777
v -1.54048741 0.98540103 -2.04883528
v -1.54382110 1.14605951 -1.96371126
v -1.54680896 1.12459326 -1.94030941
v -1.53874028 1.12466264 -1.96736169
v -1.54466546 1.15965223 -2.04793453
v -1.53576112 1.13430715 -2.03155756
v -1.53527296 1.00387788 -2.04513073
v -1.52955687 1.00199270 -2.02295685
v -1.52836394 1.00138736 -1.99667096
v -1.52394342 1.07784772 -1.99335814
v -1.52207124 1.05279303 -1.99249303
v -1.52478504 1.05289578 -2.01745701
v -1.52610421 1.07996917 -2.01765490
v -1.53254366 1.10958982 -2.03637552
v -1.53225088 1.08238804 -2.03952169
v -1.52814531 1.10336947 -1.99227250
v -1.52859640 1.10611939 -2.01481628
v -1.53263497 1.13015652 -2.01036835
v -1.53231514 1.05446792 -2.04137373
v -1.52748954 1.02743447 -1.96378005
v -1.52324057 1.02644265 -1.99295592
v -1.54021800 1.03036523 -1.93561220
v -1.53381312 1.12711287 -1.98927009
v -1.53961825 1.14890826 -1.98518813
v -1.54486120 1.16970491 -1.98038340
v -1.55543828 1.23868775 -1.96846783
v -1.78108847 0.79961705 -2.11372614
v -1.70017326 0.95563197 -1.97044230
v -1.68141794 0.95245194 -1.96505749
v -1.66078579 1.03821874 -2.13667631
v -1.59910858 0.99860030 -2.12610531
v -1.57440555 1.00201261 -2.10421658
v -1.73891687 0.97687429 -2.00849771
v -1.72742677 0.96511853 -1.98875284
v -1.69037914 1.03990436 -2.12764311
v -1.73479843 1.01543593 -2.08748055
v -1.71467471 0.95943832 -1.97711945
v -1.54333448 1.03109789 -2.06423712
v -1.53315723 1.02779424 -2.04280710
v -1.52678812 1.02680445 -2.01922464
v -1.53175831 1.00302958 -1.96713352
v -1.54450822 1.00906384 -1.93818021
v -1.74578750 1.02676296 -2.00616360
v -1.74823248 1.03719354 -2.00404453
v -1.75081539 1.03488839 -1.99634969
v -1.74809074 1.02003312 -1.99553990
v -1.70501351 1.14069211 -2.07198763
v -1.72289777 1.13516390 -2.05735588
v -1.75342393 1.12853312 -2.02698803
v -1.76386058 1.12701821 -2.01154709
v -1.64007449 1.15696549 -2.10257101
v -1.73973536 1.13129652 -2.04243231
v -1.66259396 1.15196526 -2.09756184
v -1.68423939 1.14611340 -2.08574867
v -1.69327688 0.33135694 -2.01973534
v -1.69358385 0.30196065 -2.01911974
v -1.68082035 0.30507630 -2.01558685
v -1.68219781 0.33439201 -2.01378870
v -1.65313327 0.34107322 -2.02054834
v -1.66378462 0.33841103 -2.01294708
v -1.64610767 0.34160906 -2.03194904
v -1.64451802 0.31008357 -2.02740240
v -1.64515603 0.30864459 -2.03894138
v -1.64458132 0.33966357 -2.04446173
v -1.64942920 0.33777040 -2.05502748
v -1.65741491 0.30555421 -2.05825710
v -1.67266226 0.30424303 -2.06625128
v -1.67298806 0.33236736 -2.07319212
v -1.65832460 0.33567744 -2.06390381
v -1.69148779 0.32617396 -2.07488346
v -1.69085050 0.29973227 -2.06786776
v -1.70649230 0.32289976 -2.06504202
v -1.70455587 0.32763165 -2.02955532
v -1.70679104 0.29917723 -2.02757406
v -1.65144992 0.30965811 -2.01680470
v -1.66288972 0.30719310 -2.01199389
v -1.67391300 0.33594543 -2.01090741
v -1.67203689 0.30634683 -2.01360893
v -1.68380570 0.27504367 -2.01338625
v -1.69839478 0.27462739 -2.01499104
v -1.64931726 0.27894861 -2.01351690
v -1.66211009 0.27691478 -2.01329613
v -1.64610922 0.27939290 -2.03439713
v -1.64144170 0.28025550 -2.02327681
v -1.65472829 0.27728683 -2.05742931
v -1.65058339 0.30717963 -2.04850101
v -1.65040565 0.27819997 -2.04582071
v -1.67063951 0.27786261 -2.06438923
v -1.69248295 0.27663726 -2.06607485
v -1.71189284 0.27399200 -2.02537918
v -1.67301333 0.27676576 -2.01408005
v -1.83255279 0.19857818 -2.13953543
v -1.83679795 0.19746906 -2.13423300
v -1.83478439 0.20250267 -2.13446474
v -1.83209205 0.20244569 -2.13811302
v -1.85671043 0.19963676 -2.11170912
v -1.86002469 0.19597763 -2.10101700
v -1.86000776 0.20787817 -2.10212803
v -1.85783720 0.20982057 -2.10984850
v -1.84920800 0.19858307 -2.12602186
v -1.84547567 0.19859606 -2.13247585
v -1.84384632 0.19451922 -2.12969303
v -1.84631526 0.19470412 -2.12550640
v -1.79839361 0.19956344 -2.14487648
v -1.79366100 0.19831246 -2.14890814
v -1.79346097 0.19505543 -2.14691687
v -1.79651260 0.19465643 -2.14404917
v -1.81981564 0.19726759 -2.14154387
v -1.81517208 0.19673258 -2.14543295
v -1.81485319 0.19290167 -2.14338160
v -1.81767702 0.19251567 -2.14083576
v -1.83703005 0.21283203 -2.10254002
v -1.84943688 0.21244234 -2.10803032
v -1.85309768 0.21032089 -2.09619522
v -1.84146547 0.21413904 -2.08851242
v -1.85325897 0.20041353 -2.08980417
v -1.84884262 0.19466823 -2.09597063
v -1.83768511 0.19315618 -2.08847380
v -1.84100401 0.20179003 -2.08201170
v -1.84529507 0.19443947 -2.10802650
v -1.83431089 0.19326717 -2.10175276
v -1.83304536 0.20158273 -2.10924673
v -1.84569359 0.20320028 -2.11676073
v -1.82682633 0.20229000 -2.12575579
v -1.83647585 0.20028108 -2.13334846
v -1.83919156 0.20706028 -2.12818575
v -1.82916451 0.21045166 -2.12103558
v -1.84369993 0.20708543 -2.12150288
v -1.83512902 0.20990127 -2.11191368
v -1.83601439 0.19930142 -2.10896254
v -1.84713972 0.19992536 -2.11698914
v -1.84209859 0.19440550 -2.11968327
v -1.83177364 0.19346958 -2.11194420
v -1.82805777 0.19392723 -2.11995029
v -1.83746815 0.19403023 -2.12743139
v -1.81642842 0.20827335 -2.13238907
v -1.82650673 0.20400673 -2.13647795
v -1.83061075 0.20410448 -2.13030720
v -1.82264519 0.20802075 -2.12441015
v -1.83368731 0.19625348 -2.12725115
v -1.82998562 0.19285375 -2.13117743
v -1.82197332 0.19331616 -2.12505054
v -1.82547390 0.19772416 -2.12184715
v -1.81689346 0.19414431 -2.13275433
v -1.82621956 0.19240683 -2.13722610
v -1.81590819 0.20208794 -2.13706255
v -1.82485616 0.19839960 -2.14084578
v -1.79819155 0.20111340 -2.14349174
v -1.80786157 0.19701046 -2.14588213
v -1.80961084 0.20273250 -2.14387846
v -1.79929841 0.20763916 -2.14077282
v -1.81343400 0.20361251 -2.13941240
v -1.80603313 0.20740229 -2.13573551
v -1.81636941 0.19913501 -2.13611889
v -1.81379628 0.19214624 -2.13719034
v -1.80643690 0.19345719 -2.13449430
v -1.81005406 0.20129246 -2.13404989
v -1.80939853 0.19195169 -2.14227724
v -1.79998136 0.19361180 -2.13968992
v -1.77893460 0.20698267 -2.14466524
v -1.77636671 0.19985920 -2.14541101
v -1.78598392 0.19964999 -2.14843845
v -1.78740692 0.20511657 -2.14680338
v -1.79199457 0.20535868 -2.14369011
v -1.78587770 0.20807928 -2.14135933
v -1.79459834 0.20091373 -2.14049101
v -1.79293108 0.19377488 -2.14050102
v -1.78723192 0.19393092 -2.13870192
v -1.78914821 0.20227367 -2.13998413
v -1.78827071 0.19388717 -2.14553404
v -1.78058863 0.19445735 -2.14243364
v -1.82920778 0.21588773 -2.08219528
v -1.82363784 0.21246248 -2.09928894
v -1.85531187 0.19543988 -2.10172701
v -1.82867575 0.20175928 -2.07617521
v -1.85340703 0.19539362 -2.10832262
v -1.82298231 0.19223756 -2.09936285
v -1.82547295 0.19213527 -2.08296728
v -1.82830429 0.20059806 -2.10476780
v -1.84485734 0.20395929 -2.13058615
v -1.82029080 0.19993240 -2.11911964
v -1.81402159 0.19248384 -2.11541748
v -1.84714103 0.20410496 -2.12669039
v -1.81460690 0.21175355 -2.11449671
v -1.80021119 0.21090347 -2.12582064
v -1.83423376 0.19364351 -2.13490438
v -1.83203542 0.19350582 -2.13795900
v -1.80089664 0.19272393 -2.12827206
v -1.80754399 0.20228130 -2.13372612
v -1.81495130 0.20041806 -2.14482260
v -1.78879380 0.20221251 -2.14101505
v -1.78522825 0.19255251 -2.13598394
v -1.81717753 0.20147949 -2.14215565
v -1.78363812 0.21138960 -2.13504314
v -1.79277301 0.20182270 -2.14726877
v -1.76466262 0.20097357 -2.14200020
v -1.77064383 0.19270736 -2.13933802
v -1.79549348 0.20268112 -2.14562368
v -1.76871109 0.20997745 -2.14067936
v -1.71217132 0.32311839 -2.04060459
v -1.71378827 0.29721838 -2.03867292
v -1.71244252 0.32090408 -2.05227232
v -1.70567822 0.29727584 -2.05969048
v -1.71299934 0.29562742 -2.04979706
v -1.71988964 0.27451462 -2.03893471
v -1.70888233 0.27450317 -2.05940390
v -1.71777689 0.27456993 -2.05119705
v -1.65038705 0.25655323 -2.05643940
v -1.66720676 0.25727087 -2.06551123
v -1.64761770 0.25699466 -2.04312706
v -1.63703179 0.25686187 -2.02004814
v -1.64163494 0.25765175 -2.03207493
v -1.72970152 0.25656551 -2.04245853
v -1.71794951 0.25303990 -2.02733326
v -1.72872496 0.25823659 -2.05677032
v -1.71702158 0.25815612 -2.06681681
v -1.81633902 0.21846789 -2.07153034
v -1.79806900 0.21778327 -2.06226444
v -1.79299521 0.22814614 -2.07580185
v -1.80873406 0.22093743 -2.08724689
v -1.78064752 0.22708529 -2.09040260
v -1.79769897 0.21861976 -2.10155487
v -1.76687801 0.22421318 -2.10237932
v -1.78382206 0.21718067 -2.11380577
v -1.75322402 0.22107536 -2.11257696
v -1.76887870 0.21567661 -2.12416697
v -1.74047613 0.21430749 -2.12120867
v -1.75573111 0.21250635 -2.13293886
v -1.73383236 0.20384771 -2.12708855
v -1.74987364 0.20229810 -2.13777590
v -1.81622970 0.20099574 -2.06604433
v -1.79850888 0.20068508 -2.05861521
v -1.81127167 0.18911844 -2.07449722
v -1.79238343 0.18661100 -2.06693983
v -1.80291581 0.18929845 -2.08851576
v -1.78345406 0.18674153 -2.08020926
v -1.73878336 0.19124228 -2.12504530
v -1.75623977 0.19044465 -2.13386011
v -1.79134321 0.18920320 -2.10310411
v -1.77199841 0.18851835 -2.09423542
v -1.77885747 0.18801075 -2.11567116
v -1.75970268 0.18800873 -2.10662699
v -1.76685762 0.18778020 -2.12568092
v -1.74833715 0.18771952 -2.11689425
v -1.77276242 0.23308212 -2.06293821
v -1.76284230 0.23811585 -2.07860661
v -1.74847138 0.23486024 -2.08988142
v -1.73448050 0.22775382 -2.09839058
v -1.72243297 0.21668512 -2.10576534
v -1.71602166 0.20652002 -2.11270237
v -1.71003604 0.23784310 -2.08490086
v -1.70140922 0.21802515 -2.09041882
v -1.69737566 0.20607382 -2.09714174
v -1.67873096 0.21907133 -2.07718611
v -1.67834270 0.20562428 -2.08185816
v -1.64416051 0.21748978 -2.05350256
v -1.64092541 0.20154864 -2.05866671
v -1.65784240 0.20504850 -2.06909895
v -1.65909421 0.21903628 -2.06383419
v -1.68502355 0.23687130 -2.07216883
v -1.66282141 0.23801750 -2.06147432
v -1.64934456 0.23793048 -2.05114079
v -1.62606502 0.19878179 -2.03542137
v -1.63102305 0.19936579 -2.04819441
v -1.63432896 0.21625024 -2.04409122
v -1.62682617 0.21596187 -2.03294706
v -1.62641203 0.21317929 -2.01650143
v -1.62914908 0.19555193 -2.01921797
v -1.64262295 0.21024412 -2.00656605
v -1.64327383 0.19318789 -2.00820684
v -1.63422108 0.23760539 -2.03162050
v -1.64168453 0.23737651 -2.04127121
v -1.63080025 0.23617882 -2.01741600
v -1.64539170 0.23368412 -2.00890732
v -1.66282773 0.23291606 -2.01239109
v -1.66216397 0.21043473 -2.01035833
v -1.66255593 0.19369012 -2.00909567
v -1.77486491 0.21707910 -2.05438709
v -1.77326727 0.20353478 -2.05435276
v -1.73091578 0.24711043 -2.07870436
v -1.74523675 0.24911159 -2.06636190
v -1.74709046 0.24082333 -2.04779196
v -1.75013256 0.21864647 -2.04324102
v -1.74601293 0.20437235 -2.04755259
v -1.72265851 0.20356768 -2.03938484
v -1.72661483 0.21585995 -2.03303862
v -1.76751864 0.19241816 -2.06071234
v -1.74074030 0.19731170 -2.05443525
v -1.71810150 0.19726473 -2.04555321
v -1.70416772 0.20097154 -2.02901840
v -1.70705330 0.21332628 -2.02398920
v -1.68949831 0.19851750 -2.02120829
v -1.69098556 0.21276408 -2.01878119
v -1.67758358 0.21187633 -2.01509070
v -1.67698085 0.19627577 -2.01494598
v -1.68992341 0.23223919 -2.01703358
v -1.67734492 0.23279899 -2.01464224
v -1.70608354 0.23192316 -2.02153349
v -1.72559476 0.23484391 -2.03063107
v -1.71914065 0.19401973 -2.11240339
v -1.69993067 0.19550401 -2.09755421
v -1.68046117 0.19589823 -2.08232212
v -1.66036260 0.19336861 -2.06951046
v -1.64595008 0.18958157 -2.05692911
v -1.63794470 0.18782681 -2.04695797
v -1.63661122 0.18620223 -2.02295017
v -1.63337708 0.18713683 -2.03594112
v -1.64673269 0.18499440 -2.01491356
v -1.66190910 0.18447357 -2.01610112
v -1.67465091 0.18554121 -2.02092361
v -1.70013034 0.19272536 -2.03495455
v -1.68634522 0.18819064 -2.02700710
v -1.70256233 0.25119382 -2.01592398
v -1.68631482 0.25185388 -2.01217961
v -1.67457247 0.25384003 -2.01239586
v -1.64778709 0.25634116 -2.01151848
v -1.66289866 0.25481516 -2.01249599
v -1.75956440 0.18956131 -2.07173586
v -1.74867320 0.19080418 -2.08478975
v -1.73714662 0.19017512 -2.09652185
v -1.72712791 0.19018108 -2.10573673
v -1.70595229 0.19132739 -2.09273148
v -1.71396065 0.19097322 -2.08443499
v -1.72400928 0.19114977 -2.07355022
v -1.73396528 0.19327742 -2.06269026
v -1.68672311 0.19089478 -2.07779789
v -1.69416749 0.18969685 -2.07075071
v -1.70244145 0.18935186 -2.06087637
v -1.71179235 0.19192141 -2.05249834
v -1.69392121 0.18726367 -2.04130840
v -1.68476546 0.18616456 -2.04802227
v -1.67709494 0.18683797 -2.05688620
v -1.66859770 0.18843025 -2.06346560
v -1.65508831 0.18621486 -2.05176497
v -1.66397893 0.18526977 -2.04582262
v -1.67167139 0.18439907 -2.03808212
v -1.67971671 0.18471712 -2.03283072
v -1.64798927 0.18507999 -2.04354620
v -1.64380324 0.18360966 -2.02709389
v -1.64396095 0.18466002 -2.03557730
v -1.64982355 0.18264955 -2.02149677
v -1.66018653 0.18257159 -2.02317905
v -1.66980720 0.18329185 -2.02730656
v -1.66377234 0.18364733 -2.03278685
v -1.65718949 0.18327171 -2.02883911
v -1.65641010 0.18455011 -2.03923464
v -1.65149856 0.18423587 -2.03381348
v -1.65174282 0.18336672 -2.02646017
v -1.64891815 0.18378574 -2.02902603
v -1.69582903 0.25521785 -2.06890392
v -1.78824914 0.60617328 -2.08938456
v -1.78865671 0.60993028 -2.07437325
v -1.78275728 0.60818624 -2.10415697
v -1.71220076 1.03932381 -2.10968018
v -1.71188140 1.23885989 -2.04877615
v -1.70902932 1.27364993 -2.04683542
v -1.71034098 1.25575769 -2.04752445
v -1.71913505 1.01511061 -2.11345387
v -1.65488541 1.30108404 -2.06740522
v -1.70927310 1.44204021 -2.07052708
v -1.63655663 1.74642873 -1.99875510
v -1.63775766 1.74300861 -1.99695003
v -1.63739729 1.73981166 -1.99553764
v -1.63678992 1.73665452 -1.99501324
v -1.63544393 1.73380947 -1.99382067
v -1.63335979 1.73211122 -1.99119055
v -1.63446605 1.73989320 -1.99660659
v -1.63220489 1.74049520 -1.99308741
v -1.63243890 1.74265885 -1.99332666
v -1.63473523 1.74236465 -1.99701023
f 2 3 1
f 1 3 4
f 3 2 5
f 5 2 6
f 3 7 4
f 4 7 8
f 10 11 9
f 9 11 12
f 14 15 13
f 13 15 16
f 18 19 17
f 17 19 20
f 22 23 21
f 21 23 24
f 26 18 25
f 25 18 17
f 27 28 17
f 17 28 25
f 30 31 29
f 29 31 32
f 34 35 33
f 33 35 36
f 21 24 37
f 37 24 38
f 40 31 39
f 39 31 38
f 34 33 28
f 28 33 25
f 41 42 44
f 44 42 43
f 36 45 33
f 33 45 25
f 46 47 49
f 49 47 48
f 51 52 50
f 50 52 53
f 55 53 54
f 54 53 52
f 57 58 56
f 56 58 59
f 61 62 60
f 60 62 63
f 65 66 64
f 64 66 67
f 69 70 68
f 68 70 71
f 65 73 72
f 72 73 74
f 64 75 65
f 65 75 73
f 77 78 76
f 76 78 79
f 80 81 83
f 83 81 82
f 81 85 84
f 84 85 86
f 88 89 87
f 87 89 69
f 88 87 90
f 90 87 91
f 93 94 92
f 92 94 95
f 96 84 43
f 43 84 44
f 51 98 97
f 97 98 86
f 97 99 51
f 51 99 52
f 54 52 100
f 100 52 99
f 58 101 59
f 59 101 102
f 62 103 63
f 63 103 104
f 105 106 6
f 6 106 5
f 108 109 107
f 107 109 110
f 112 113 111
f 111 113 114
f 116 117 115
f 115 117 118
f 120 121 119
f 119 121 122
f 124 125 123
f 123 125 126
f 128 129 127
f 127 129 130
f 130 131 127
f 127 131 132
f 134 1 133
f 133 1 135
f 1 4 135
f 135 4 136
f 4 8 136
f 136 8 137
f 138 139 15
f 15 139 140
f 140 139 141
f 141 139 142
f 144 57 143
f 143 57 56
f 145 146 141
f 141 146 147
f 146 149 148
f 148 149 150
f 152 153 151
f 151 153 154
f 141 147 140
f 140 147 155
f 157 11 156
f 156 11 158
f 160 161 159
f 159 161 162
f 164 165 163
f 163 165 166
f 165 160 166
f 166 160 159
f 168 169 167
f 167 169 170
f 169 171 170
f 170 171 172
f 149 173 150
f 150 173 174
f 175 176 149
f 149 176 173
f 178 172 177
f 177 172 171
f 180 181 179
f 179 181 182
f 184 180 183
f 183 180 179
f 186 187 185
f 185 187 188
f 190 191 189
f 189 191 192
f 7 193 8
f 8 193 194
f 196 162 195
f 195 162 161
f 197 168 198
f 198 168 167
f 181 199 182
f 182 199 200
f 202 203 201
f 201 203 204
f 187 186 205
f 205 186 206
f 208 209 207
f 207 209 210
f 212 213 211
f 211 213 214
f 215 216 218
f 218 216 217
f 220 209 219
f 219 209 208
f 204 186 221
f 221 186 185
f 201 204 222
f 222 204 221
f 223 211 220
f 220 211 209
f 224 225 214
f 214 225 210
f 203 206 204
f 204 206 186
f 227 187 226
f 226 187 205
f 27 228 21
f 21 228 22
f 230 231 229
f 229 231 232
f 234 235 233
f 233 235 236
f 238 239 237
f 237 239 240
f 119 122 118
f 118 122 115
f 112 242 241
f 241 242 243
f 98 51 244
f 244 51 50
f 245 138 14
f 14 138 15
f 11 10 158
f 158 10 246
f 89 85 69
f 69 85 70
f 11 157 12
f 12 157 247
f 249 164 248
f 248 164 163
f 177 250 178
f 178 250 251
f 253 254 252
f 252 254 255
f 187 227 188
f 188 227 256
f 212 257 213
f 213 257 258
f 260 134 259
f 259 134 133
f 165 164 135
f 135 164 133
f 160 165 136
f 136 165 135
f 136 137 160
f 160 137 161
f 137 261 161
f 161 261 195
f 263 264 262
f 262 264 265
f 13 16 266
f 266 16 267
f 268 267 155
f 155 267 16
f 147 269 155
f 155 269 268
f 162 196 167
f 167 196 198
f 167 170 162
f 162 170 159
f 170 172 159
f 159 172 166
f 172 178 166
f 166 178 163
f 178 251 163
f 163 251 248
f 168 270 169
f 169 270 271
f 272 273 171
f 171 273 177
f 271 272 169
f 169 272 171
f 168 197 270
f 270 197 274
f 250 177 275
f 275 177 273
f 277 45 276
f 276 45 278
f 280 281 279
f 279 281 282
f 284 104 283
f 283 104 103
f 285 215 286
f 286 215 218
f 288 289 287
f 287 289 290
f 291 80 66
f 66 80 83
f 293 294 292
f 292 294 295
f 73 91 74
f 74 91 87
f 91 73 92
f 92 73 75
f 279 77 280
f 280 77 76
f 80 291 70
f 70 291 71
f 277 47 96
f 96 47 82
f 297 175 296
f 296 175 149
f 299 154 298
f 298 154 153
f 225 300 210
f 210 300 207
f 224 301 206
f 206 301 205
f 210 209 214
f 214 209 211
f 226 205 302
f 302 205 301
f 304 305 303
f 303 305 306
f 308 309 307
f 307 309 310
f 72 291 65
f 65 291 66
f 66 83 67
f 67 83 46
f 312 313 311
f 311 313 314
f 316 317 315
f 315 317 36
f 29 318 35
f 35 318 319
f 321 32 320
f 320 32 322
f 311 314 323
f 323 314 324
f 315 325 316
f 316 325 326
f 318 287 319
f 319 287 290
f 328 321 327
f 327 321 320
f 329 330 39
f 39 330 331
f 332 333 40
f 40 333 322
f 309 334 285
f 285 334 335
f 236 2 134
f 134 2 1
f 260 336 233
f 233 336 337
f 237 14 265
f 265 14 13
f 84 86 44
f 44 86 98
f 189 192 7
f 7 192 193
f 44 98 41
f 41 98 244
f 237 240 14
f 14 240 245
f 7 3 189
f 189 3 5
f 338 71 72
f 72 71 291
f 262 265 266
f 266 265 13
f 124 123 339
f 339 123 105
f 123 109 105
f 105 109 106
f 189 5 190
f 190 5 106
f 111 114 12
f 12 114 9
f 264 340 265
f 265 340 237
f 342 343 341
f 341 343 344
f 6 235 105
f 105 235 339
f 234 346 345
f 345 346 347
f 349 350 348
f 348 350 351
f 107 352 108
f 108 352 353
f 355 356 354
f 354 356 357
f 237 340 238
f 238 340 358
f 12 247 111
f 111 247 359
f 264 263 116
f 116 263 360
f 361 362 222
f 222 362 201
f 364 365 363
f 363 365 366
f 368 369 367
f 367 369 370
f 372 373 371
f 371 373 374
f 375 376 372
f 372 376 377
f 378 379 381
f 381 379 380
f 382 383 269
f 269 383 268
f 150 174 365
f 365 174 384
f 380 377 381
f 381 377 376
f 271 270 180
f 180 270 181
f 273 272 252
f 252 272 184
f 272 271 184
f 184 271 180
f 181 270 274
f 252 255 273
f 273 255 275
f 254 385 255
f 255 385 386
f 387 388 179
f 179 388 183
f 389 387 182
f 182 387 179
f 182 200 389
f 389 200 390
f 388 391 183
f 183 391 253
f 391 392 253
f 253 392 254
f 394 379 393
f 393 379 378
f 185 188 395
f 395 188 396
f 221 185 397
f 397 185 395
f 222 221 398
f 398 221 397
f 188 256 396
f 396 256 399
f 400 401 256
f 256 401 399
f 402 403 405
f 405 403 404
f 148 150 364
f 364 150 365
f 393 406 394
f 394 406 407
f 158 246 393
f 393 246 406
f 342 19 238
f 238 19 239
f 23 22 350
f 350 22 354
f 244 50 245
f 245 50 138
f 55 142 53
f 53 142 139
f 145 144 296
f 296 144 143
f 355 228 341
f 341 228 20
f 41 240 42
f 42 240 239
f 283 308 284
f 284 308 307
f 349 409 408
f 408 409 410
f 244 245 41
f 41 245 240
f 268 383 406
f 406 383 407
f 346 411 349
f 349 411 409
f 251 412 248
f 248 412 413
f 275 414 250
f 250 414 415
f 25 45 26
f 26 45 277
f 43 26 96
f 96 26 277
f 416 417 61
f 61 417 62
f 329 24 408
f 408 24 23
f 31 40 32
f 32 40 322
f 39 38 329
f 329 38 24
f 37 38 30
f 30 38 31
f 418 419 421
f 421 419 420
f 78 295 79
f 79 295 294
f 124 339 422
f 422 339 345
f 232 131 357
f 357 131 351
f 2 236 6
f 6 236 235
f 252 184 253
f 253 184 183
f 227 423 256
f 256 423 400
f 423 227 305
f 305 227 226
f 424 258 425
f 425 258 257
f 426 427 212
f 212 427 257
f 259 133 249
f 249 133 164
f 419 418 428
f 428 418 429
f 327 430 328
f 328 430 288
f 49 431 46
f 46 431 67
f 306 302 424
f 424 302 258
f 313 432 314
f 314 432 433
f 32 321 29
f 29 321 318
f 324 314 433
f 287 318 328
f 328 318 321
f 134 260 236
f 236 260 233
f 345 339 234
f 234 339 235
f 357 351 354
f 354 351 350
f 408 23 349
f 349 23 350
f 317 278 36
f 36 278 45
f 432 313 429
f 429 313 428
f 435 428 434
f 434 428 313
f 42 239 18
f 18 239 19
f 43 42 26
f 26 42 18
f 121 120 436
f 436 120 437
f 302 301 258
f 258 301 213
f 110 109 126
f 126 109 123
f 238 358 342
f 342 358 343
f 341 20 342
f 342 20 19
f 322 438 320
f 320 438 439
f 320 439 327
f 327 439 430
f 333 440 322
f 322 440 438
f 289 288 323
f 323 288 430
f 115 340 116
f 116 340 264
f 146 145 149
f 149 145 296
f 15 140 16
f 16 140 155
f 441 442 152
f 152 442 153
f 225 224 203
f 203 224 206
f 175 297 154
f 154 297 151
f 293 443 294
f 294 443 444
f 248 413 249
f 249 413 445
f 446 447 400
f 400 447 401
f 388 387 396
f 396 387 395
f 387 389 395
f 395 389 397
f 391 388 399
f 399 388 396
f 401 392 399
f 399 392 391
f 255 386 275
f 275 386 414
f 449 450 448
f 448 450 451
f 335 452 285
f 285 452 215
f 453 298 442
f 442 298 153
f 211 223 212
f 212 223 426
f 425 257 454
f 454 257 427
f 266 10 262
f 262 10 9
f 360 113 456
f 456 113 455
f 8 194 137
f 137 194 261
f 10 266 246
f 246 266 267
f 203 202 225
f 225 202 300
f 262 9 263
f 263 9 114
f 108 353 190
f 190 353 191
f 389 390 397
f 397 390 398
f 457 422 128
f 128 422 129
f 156 158 378
f 378 158 393
f 347 346 348
f 348 346 349
f 447 458 401
f 401 458 392
f 364 382 148
f 148 382 269
f 55 54 57
f 57 54 58
f 75 64 459
f 459 64 460
f 100 90 101
f 101 90 95
f 101 58 100
f 100 58 54
f 142 55 144
f 144 55 57
f 147 146 269
f 269 146 148
f 459 93 75
f 75 93 92
f 144 145 142
f 142 145 141
f 228 27 20
f 20 27 17
f 154 299 175
f 175 299 176
f 214 213 224
f 224 213 301
f 424 461 306
f 306 461 303
f 285 286 309
f 309 286 310
f 462 334 308
f 308 334 309
f 302 306 226
f 226 306 305
f 37 28 21
f 21 28 27
f 29 35 30
f 30 35 34
f 30 34 37
f 37 34 28
f 344 436 356
f 356 436 229
f 325 290 326
f 326 290 289
f 311 439 312
f 312 439 438
f 35 319 36
f 36 319 315
f 439 311 430
f 430 311 323
f 315 319 325
f 325 319 290
f 440 463 438
f 438 463 312
f 341 344 355
f 355 344 356
f 360 456 116
f 116 456 117
f 354 22 355
f 355 22 228
f 326 289 324
f 324 289 323
f 74 87 68
f 68 87 69
f 50 53 138
f 138 53 139
f 268 406 267
f 267 406 246
f 190 106 108
f 108 106 109
f 241 455 112
f 112 455 113
f 358 122 343
f 343 122 121
f 129 347 130
f 130 347 348
f 348 351 130
f 130 351 131
f 229 232 356
f 356 232 357
f 340 115 358
f 358 115 122
f 111 359 112
f 112 359 242
f 125 124 457
f 457 124 422
f 231 132 232
f 232 132 131
f 343 121 344
f 344 121 436
f 263 114 360
f 360 114 113
f 347 129 345
f 345 129 422
f 230 229 437
f 437 229 436
f 464 446 423
f 423 446 400
f 465 466 468
f 468 466 467
f 470 471 469
f 469 471 472
f 469 472 373
f 373 472 374
f 474 469 473
f 473 469 373
f 471 475 472
f 472 475 476
f 472 477 374
f 374 477 478
f 477 472 476
f 479 480 476
f 476 480 477
f 473 373 377
f 377 373 372
f 481 482 479
f 479 482 480
f 483 484 481
f 481 484 482
f 403 402 485
f 485 402 486
f 487 488 483
f 483 488 484
f 487 489 488
f 488 489 490
f 489 491 490
f 490 491 492
f 491 493 492
f 492 493 494
f 493 495 494
f 494 495 496
f 497 498 481
f 481 498 483
f 484 499 482
f 482 499 367
f 370 480 367
f 367 480 482
f 480 370 477
f 477 370 478
f 500 497 479
f 479 497 481
f 451 473 380
f 380 473 377
f 448 451 379
f 379 451 380
f 501 502 504
f 504 502 503
f 449 505 507
f 507 505 506
f 486 508 505
f 505 508 506
f 508 509 506
f 506 509 510
f 511 507 510
f 510 507 506
f 509 508 512
f 512 508 513
f 515 509 514
f 514 509 512
f 509 515 510
f 510 515 516
f 510 516 511
f 511 516 517
f 486 505 485
f 485 505 518
f 505 449 518
f 518 449 448
f 383 382 403
f 403 382 404
f 363 404 364
f 364 404 382
f 403 485 383
f 383 485 407
f 519 520 361
f 361 520 362
f 522 496 521
f 521 496 495
f 450 474 451
f 451 474 473
f 363 366 523
f 523 366 524
f 525 499 488
f 488 499 484
f 488 490 525
f 525 490 526
f 496 522 520
f 520 522 527
f 494 496 519
f 519 496 520
f 492 494 528
f 528 494 519
f 529 530 495
f 495 530 521
f 490 492 526
f 526 492 528
f 529 495 531
f 531 495 493
f 533 534 532
f 532 534 535
f 523 524 533
f 533 524 534
f 486 402 532
f 532 402 533
f 529 536 530
f 530 536 537
f 536 538 537
f 537 538 539
f 540 541 539
f 539 541 537
f 530 537 535
f 535 537 541
f 542 539 543
f 543 539 538
f 539 542 540
f 540 542 544
f 541 540 513
f 513 540 512
f 540 544 512
f 512 544 514
f 546 547 545
f 545 547 548
f 549 550 531
f 531 550 551
f 550 549 552
f 552 549 553
f 546 550 554
f 554 550 552
f 547 546 555
f 555 546 554
f 498 556 558
f 558 556 557
f 559 557 560
f 560 557 556
f 561 562 560
f 560 562 559
f 557 559 552
f 552 559 554
f 559 562 554
f 554 562 555
f 558 557 553
f 553 557 552
f 475 471 563
f 563 471 564
f 565 563 567
f 567 563 566
f 471 470 564
f 564 470 466
f 564 466 568
f 568 466 465
f 568 465 569
f 569 465 570
f 572 573 571
f 571 573 574
f 569 575 567
f 567 575 576
f 577 565 576
f 576 565 567
f 578 579 581
f 581 579 580
f 575 561 576
f 576 561 560
f 556 577 560
f 560 577 576
f 577 556 497
f 497 556 498
f 565 577 500
f 500 577 497
f 563 565 475
f 475 565 500
f 553 489 558
f 558 489 487
f 531 493 549
f 549 493 491
f 489 553 491
f 491 553 549
f 394 407 518
f 518 407 485
f 518 448 394
f 394 448 379
f 545 548 538
f 538 548 543
f 551 545 536
f 536 545 538
f 536 529 551
f 551 529 531
f 507 582 449
f 449 582 450
f 511 583 507
f 507 583 582
f 511 517 583
f 583 517 584
f 585 586 588
f 588 586 587
f 590 591 589
f 589 591 592
f 591 590 593
f 593 590 594
f 596 597 595
f 595 597 598
f 599 600 602
f 602 600 601
f 604 605 603
f 603 605 606
f 608 609 607
f 607 609 610
f 612 613 611
f 611 613 614
f 615 616 618
f 618 616 617
f 620 621 619
f 619 621 622
f 624 625 623
f 623 625 626
f 628 629 627
f 627 629 630
f 632 633 631
f 631 633 634
f 635 636 638
f 638 636 637
f 639 640 642
f 642 640 641
f 644 645 643
f 643 645 646
f 619 622 647
f 647 622 648
f 650 651 649
f 649 651 652
f 601 653 602
f 602 653 654
f 656 657 655
f 655 657 658
f 660 661 659
f 659 661 662
f 664 665 663
f 663 665 666
f 593 594 667
f 667 594 668
f 669 670 672
f 672 670 671
f 673 674 676
f 676 674 675
f 633 632 677
f 677 632 678
f 663 666 679
f 679 666 680
f 681 682 684
f 684 682 683
f 686 687 685
f 685 687 688
f 690 661 689
f 689 661 691
f 693 686 692
f 692 686 685
f 695 597 694
f 694 597 668
f 594 696 668
f 668 696 694
f 697 698 696
f 696 698 699
f 700 701 697
f 697 701 698
f 702 585 703
f 703 585 588
f 671 690 672
f 672 690 689
f 640 639 704
f 704 639 705
f 679 706 663
f 663 706 658
f 708 709 707
f 707 709 710
f 711 712 610
f 610 712 607
f 713 714 716
f 716 714 715
f 717 718 720
f 720 718 719
f 722 634 721
f 721 634 633
f 724 725 723
f 723 725 726
f 728 729 727
f 727 729 730
f 732 733 731
f 731 733 734
f 707 710 735
f 735 710 736
f 643 737 644
f 644 737 738
f 740 741 739
f 739 741 742
f 608 744 743
f 743 744 745
f 747 748 746
f 746 748 749
f 751 752 750
f 750 752 753
f 754 755 757
f 757 755 756
f 758 759 761
f 761 759 760
f 763 764 762
f 762 764 765
f 767 768 766
f 766 768 769
f 771 772 770
f 770 772 773
f 775 776 774
f 774 776 777
f 779 780 778
f 778 780 781
f 783 712 782
f 782 712 784
f 785 786 788
f 788 786 787
f 790 628 789
f 789 628 627
f 792 793 791
f 791 793 794
f 795 796 726
f 726 796 723
f 798 799 797
f 797 799 800
f 721 633 801
f 801 633 677
f 797 800 802
f 802 800 803
f 805 806 804
f 804 806 807
f 809 810 808
f 808 810 811
f 813 814 812
f 812 814 815
f 809 808 817
f 817 808 816
f 818 819 804
f 804 819 805
f 820 821 818
f 818 821 819
f 821 820 587
f 587 820 822
f 809 823 810
f 810 823 824
f 814 807 815
f 815 807 806
f 826 426 825
f 825 426 223
f 426 826 427
f 427 826 827
f 828 829 454
f 454 829 830
f 831 832 677
f 677 832 801
f 834 835 833
f 833 835 836
f 838 839 837
f 837 839 840
f 841 842 844
f 844 842 843
f 845 846 803
f 803 846 802
f 847 831 678
f 678 831 677
f 848 849 851
f 851 849 850
f 853 854 852
f 852 854 855
f 857 858 856
f 856 858 680
f 860 861 859
f 859 861 862
f 864 865 863
f 863 865 866
f 868 869 867
f 867 869 870
f 839 871 840
f 840 871 872
f 849 848 874
f 874 848 873
f 876 877 875
f 875 877 878
f 880 881 879
f 879 881 882
f 883 884 886
f 886 884 885
f 846 887 802
f 802 887 888
f 890 891 889
f 889 891 888
f 893 894 892
f 892 894 895
f 896 897 728
f 728 897 729
f 899 900 898
f 898 900 901
f 902 852 904
f 904 852 903
f 849 905 850
f 850 905 906
f 875 878 907
f 907 878 908
f 910 911 909
f 909 911 912
f 914 915 913
f 913 915 916
f 917 918 862
f 862 918 859
f 919 920 856
f 856 920 921
f 923 924 922
f 922 924 925
f 926 927 925
f 925 927 922
f 929 930 928
f 928 930 693
f 932 695 931
f 931 695 694
f 823 867 824
f 824 867 933
f 935 936 934
f 934 936 937
f 938 868 823
f 823 868 867
f 940 847 939
f 939 847 678
f 632 655 678
f 678 655 939
f 941 942 619
f 619 942 620
f 687 943 688
f 688 943 944
f 851 850 945
f 945 850 903
f 850 906 903
f 903 906 904
f 946 947 949
f 949 947 948
f 951 952 950
f 950 952 953
f 955 956 954
f 954 956 957
f 907 958 875
f 875 958 874
f 960 961 959
f 959 961 962
f 963 853 902
f 902 853 852
f 909 964 910
f 910 964 965
f 967 968 966
f 966 968 969
f 971 972 970
f 970 972 973
f 974 960 975
f 975 960 959
f 977 978 976
f 976 978 979
f 981 977 980
f 980 977 976
f 980 982 981
f 981 982 983
f 985 983 984
f 984 983 982
f 984 986 985
f 985 986 987
f 989 990 988
f 988 990 991
f 993 994 992
f 992 994 995
f 997 998 996
f 996 998 999
f 1001 1002 1000
f 1000 1002 1003
f 1005 1006 1004
f 1004 1006 1007
f 1004 1008 1005
f 1005 1008 1009
f 1008 1010 1009
f 1009 1010 1011
f 1013 1011 1012
f 1012 1011 1010
f 1014 1015 1017
f 1017 1015 1016
f 1019 1020 1018
f 1018 1020 1021
f 1022 1023 976
f 976 1023 980
f 1024 1025 982
f 982 1025 984
f 992 995 1026
f 1026 995 1027
f 956 955 1028
f 1028 955 1029
f 1030 1031 1033
f 1033 1031 1032
f 1010 1008 1034
f 1034 1008 1035
f 1008 1004 1035
f 1035 1004 1036
f 1037 1038 1002
f 1002 1038 1007
f 1002 1001 1037
f 1037 1001 1039
f 1040 1041 997
f 997 1041 998
f 1015 1014 1043
f 1043 1014 1042
f 1044 1045 1047
f 1047 1045 1046
f 1044 1020 1048
f 1048 1020 1049
f 1050 1051 1003
f 1003 1051 1000
f 1052 1050 1006
f 1006 1050 1003
f 1053 1054 1011
f 1011 1054 1009
f 1013 1045 1055
f 1055 1045 1056
f 1058 1059 1057
f 1057 1059 1060
f 1062 1063 1061
f 1061 1063 1064
f 1065 1066 1050
f 1050 1066 1051
f 1067 1065 1052
f 1052 1065 1050
f 1068 1069 1054
f 1054 1069 1070
f 1071 1068 1053
f 1053 1068 1054
f 1073 1071 1072
f 1072 1071 1074
f 1074 1071 1055
f 1055 1071 1053
f 1076 1077 1075
f 1075 1077 1078
f 1079 1080 1057
f 1057 1080 1058
f 1081 1082 1064
f 1064 1082 1061
f 1084 1085 1083
f 1083 1085 1086
f 1088 1089 1087
f 1087 1089 1090
f 1092 1093 1091
f 1091 1093 1094
f 1096 1097 1095
f 1095 1097 1098
f 1099 1100 1102
f 1102 1100 1101
f 1103 1104 1099
f 1099 1104 1100
f 1106 1107 1105
f 1105 1107 1108
f 1110 1111 1109
f 1109 1111 1112
f 1114 1115 1113
f 1113 1115 1116
f 1118 1119 1117
f 1117 1119 1077
f 1117 1120 1122
f 1122 1120 1121
f 1105 1123 1106
f 1106 1123 1124
f 1125 1126 1128
f 1128 1126 1127
f 1130 1131 1129
f 1129 1131 1132
f 1134 1135 1133
f 1133 1135 1114
f 1113 1136 1114
f 1114 1136 1133
f 1118 1137 1113
f 1113 1137 1136
f 1118 1117 1137
f 1137 1117 1122
f 1139 1140 1138
f 1138 1140 1141
f 1143 953 1142
f 1142 953 952
f 1145 957 1144
f 1144 957 956
f 1028 1146 956
f 956 1146 1144
f 1014 1147 1042
f 1042 1147 1148
f 1014 1017 1147
f 1147 1017 1149
f 1059 1058 1150
f 1150 1058 1151
f 1153 1080 1152
f 1152 1080 1154
f 1156 1088 1155
f 1155 1088 1087
f 1157 1158 1106
f 1106 1158 1107
f 1106 1124 1157
f 1157 1124 1159
f 1161 1162 1160
f 1160 1162 1163
f 1165 1166 1164
f 1164 1166 1167
f 1168 1031 1012
f 1012 1031 1046
f 1024 1023 1035
f 1035 1023 1034
f 1036 1038 1025
f 1025 1038 1169
f 1170 1171 1039
f 1039 1171 1037
f 1028 1029 1042
f 1042 1029 1043
f 1172 1173 1175
f 1175 1173 1174
f 1055 1053 1013
f 1013 1053 1011
f 1005 1009 1070
f 1070 1009 1054
f 996 999 1062
f 1062 999 1063
f 1016 1060 1017
f 1017 1060 1059
f 1017 1059 1149
f 1149 1059 1150
f 1177 1178 1176
f 1176 1178 1103
f 1176 1072 1179
f 1179 1072 1074
f 1073 1102 1086
f 1086 1102 1083
f 1180 1181 1067
f 1067 1181 1065
f 1182 1183 1184
f 1184 1183 1181
f 1186 1187 1185
f 1185 1187 1188
f 1189 1190 798
f 798 1190 799
f 1192 1193 1191
f 1191 1193 1194
f 1195 1196 1194
f 1194 1196 1191
f 1196 1195 1198
f 1198 1195 1197
f 1200 674 1199
f 1199 674 673
f 928 1201 1203
f 1203 1201 1202
f 861 1204 862
f 862 1204 921
f 1205 1206 913
f 913 1206 1207
f 882 1208 879
f 879 1208 1209
f 1210 1211 1167
f 1167 1211 1164
f 1212 769 1213
f 1213 769 768
f 727 1214 728
f 728 1214 1215
f 1217 1218 1216
f 1216 1218 1219
f 1220 813 1221
f 1221 813 812
f 827 828 427
f 427 828 454
f 1223 1224 1222
f 1222 1224 1165
f 1226 1227 1225
f 1225 1227 1228
f 851 1229 848
f 848 1229 1230
f 834 854 835
f 835 854 1231
f 1233 1234 1232
f 1232 1234 1235
f 1237 751 1236
f 1236 751 750
f 743 819 1238
f 1238 819 821
f 1240 1241 1239
f 1239 1241 1242
f 1244 1245 1243
f 1243 1245 1246
f 844 1247 841
f 841 1247 1248
f 1250 1251 1249
f 1249 1251 1252
f 1254 893 1253
f 1253 893 1237
f 1255 1256 1258
f 1258 1256 1257
f 1260 1261 1259
f 1259 1261 1262
f 945 903 855
f 855 903 852
f 855 1263 945
f 945 1263 1264
f 832 845 801
f 801 845 803
f 800 721 803
f 803 721 801
f 721 800 722
f 722 800 799
f 1266 1267 1265
f 1265 1267 1268
f 1270 795 1269
f 1269 795 726
f 725 1271 726
f 726 1271 1269
f 737 765 738
f 738 765 764
f 759 740 760
f 760 740 739
f 717 1272 1274
f 1274 1272 1273
f 1163 1226 1275
f 1275 1226 1225
f 1277 882 1276
f 1276 882 881
f 1041 1040 1027
f 1027 1040 1026
f 900 935 901
f 901 935 934
f 1164 1278 1165
f 1165 1278 1222
f 1211 1279 1164
f 1164 1279 1278
f 442 1280 453
f 453 1280 1281
f 788 1282 785
f 785 1282 1283
f 1285 1286 1284
f 1284 1286 1287
f 1284 1288 1285
f 1285 1288 1289
f 757 1289 754
f 754 1289 1288
f 605 604 675
f 675 604 676
f 1290 1291 1293
f 1293 1291 1292
f 1295 1296 1294
f 1294 1296 1297
f 696 699 694
f 694 699 931
f 1298 1299 592
f 592 1299 589
f 1299 1300 589
f 589 1300 700
f 1300 1301 700
f 700 1301 701
f 743 745 819
f 819 745 805
f 1303 1304 1302
f 1302 1304 1305
f 1306 1307 1305
f 1305 1307 1302
f 609 1298 610
f 610 1298 592
f 587 822 588
f 588 822 1308
f 703 588 1309
f 1309 588 1308
f 1310 703 571
f 571 703 1309
f 1311 1312 789
f 789 1312 790
f 825 223 1313
f 1313 223 220
f 219 1314 220
f 220 1314 1313
f 1315 1316 1311
f 1311 1316 1312
f 1317 1318 1319
f 1319 1318 1241
f 441 1320 442
f 442 1320 1280
f 1321 217 572
f 572 217 216
f 1323 1230 1322
f 1322 1230 1229
f 1324 1325 631
f 631 1325 656
f 1034 1168 1010
f 1010 1168 1012
f 1327 1328 1326
f 1326 1328 1329
f 1331 1202 1330
f 1330 1202 1201
f 571 1309 572
f 572 1309 1321
f 573 572 1332
f 1332 572 216
f 1334 1335 1333
f 1333 1335 1336
f 1337 1338 918
f 918 1338 859
f 1339 863 1340
f 1340 863 866
f 1341 1342 1344
f 1344 1342 1343
f 1345 1346 919
f 919 1346 920
f 1347 1348 673
f 673 1348 1199
f 693 1349 928
f 928 1349 1201
f 1351 1257 1350
f 1350 1257 1256
f 1350 1352 1351
f 1351 1352 1353
f 653 930 654
f 654 930 662
f 1279 1354 1278
f 1278 1354 1355
f 1357 1358 1356
f 1356 1358 1359
f 937 1360 1140
f 1140 1360 1361
f 1225 1228 909
f 909 1228 964
f 901 934 1362
f 1362 934 1139
f 1364 1365 1363
f 1363 1365 1362
f 1367 912 1366
f 1366 912 911
f 1143 1142 1368
f 1368 1142 1369
f 1144 1186 1145
f 1145 1186 1185
f 1146 1175 1144
f 1144 1175 1186
f 1175 1146 1172
f 1172 1146 1148
f 1147 1018 1148
f 1148 1018 1172
f 1018 1147 1019
f 1019 1147 1149
f 1149 1150 1019
f 1019 1150 1370
f 1150 1151 1370
f 1370 1151 1371
f 1151 1153 1371
f 1371 1153 1177
f 1152 1156 1178
f 1178 1156 1372
f 1155 1158 1373
f 1373 1158 1374
f 1157 1159 1376
f 1376 1159 1375
f 1378 1379 1377
f 1377 1379 1380
f 1382 1383 1381
f 1381 1383 1384
f 1382 1386 1385
f 1385 1386 1387
f 1386 1233 1387
f 1387 1233 1232
f 1389 1390 1388
f 1388 1390 1391
f 1393 1394 1392
f 1392 1394 1395
f 1397 1398 1396
f 1396 1398 1399
f 629 1397 630
f 630 1397 1396
f 1342 1400 1343
f 1343 1400 1401
f 1403 1404 1402
f 1402 1404 1405
f 1407 1408 1406
f 1406 1408 1409
f 1411 1412 1410
f 1410 1412 1413
f 793 1414 794
f 794 1414 1415
f 1417 1341 1416
f 1416 1341 1344
f 704 705 1347
f 1347 705 1418
f 741 1419 742
f 742 1419 1420
f 1422 669 1421
f 1421 669 672
f 645 1423 646
f 646 1423 1424
f 1196 1198 614
f 614 1198 611
f 613 1425 614
f 614 1425 1426
f 1427 616 659
f 659 616 660
f 614 1426 1196
f 1196 1426 1191
f 696 594 697
f 697 594 590
f 697 590 700
f 700 590 589
f 703 1310 702
f 702 1310 1428
f 1421 672 1192
f 1192 672 689
f 1271 648 1269
f 1269 648 622
f 621 1270 622
f 622 1270 1269
f 1429 1430 1417
f 1417 1430 1341
f 1431 1432 1434
f 1434 1432 1433
f 1436 1437 1435
f 1435 1437 1438
f 1440 1441 1439
f 1439 1441 1442
f 1443 1444 1446
f 1446 1444 1445
f 823 809 938
f 938 809 817
f 810 1447 811
f 811 1447 1448
f 1449 1450 679
f 679 1450 706
f 913 916 1205
f 1205 916 1451
f 1275 1225 912
f 912 1225 909
f 1452 1453 880
f 880 1453 881
f 1444 1401 1445
f 1445 1401 1400
f 936 1454 937
f 937 1454 1360
f 824 1455 810
f 810 1455 1447
f 631 656 632
f 632 656 655
f 966 1456 967
f 967 1456 1457
f 1459 1460 1458
f 1458 1460 1461
f 1460 1462 1461
f 1461 1462 1463
f 972 974 973
f 973 974 975
f 990 995 991
f 991 995 994
f 1464 1187 1033
f 1033 1187 1174
f 1018 1021 1172
f 1172 1021 1173
f 1000 999 1001
f 1001 999 998
f 976 979 1022
f 1022 979 1032
f 1023 1024 980
f 980 1024 982
f 989 986 1171
f 1171 986 1169
f 1171 1170 989
f 989 1170 990
f 1170 1027 990
f 990 1027 995
f 1041 1039 998
f 998 1039 1001
f 1051 1063 1000
f 1000 1063 999
f 1066 1064 1051
f 1051 1064 1063
f 1183 1081 1066
f 1066 1081 1064
f 1178 1372 1103
f 1103 1372 1104
f 1092 1091 1465
f 1465 1091 1182
f 1467 1465 1466
f 1466 1465 1468
f 1469 1470 1184
f 1184 1470 1468
f 1095 1098 1471
f 1471 1098 1101
f 1076 1374 1120
f 1120 1374 1376
f 1110 1472 1127
f 1127 1472 1132
f 1472 1473 1132
f 1132 1473 1129
f 1474 1475 1466
f 1466 1475 1473
f 1119 1118 1116
f 1116 1118 1113
f 1375 1121 1376
f 1376 1121 1120
f 1127 1132 1128
f 1128 1132 1131
f 1227 1476 1228
f 1228 1476 1361
f 1365 1477 1362
f 1362 1477 872
f 1478 1479 1323
f 1323 1479 1230
f 1480 1481 914
f 914 1481 915
f 913 1277 914
f 914 1277 1276
f 1168 1034 1022
f 1022 1034 1023
f 1035 1036 1024
f 1024 1036 1025
f 1039 1041 1170
f 1170 1041 1027
f 1042 1148 1028
f 1028 1148 1146
f 968 1459 969
f 969 1459 1458
f 1482 1483 664
f 664 1483 665
f 1485 1486 1484
f 1484 1486 1487
f 1489 1490 1488
f 1488 1490 1491
f 1492 1493 722
f 722 1493 634
f 1495 1496 1494
f 1494 1496 1497
f 1498 1207 1339
f 1339 1207 863
f 1224 1499 1165
f 1165 1499 1166
f 1160 1163 1500
f 1500 1163 1275
f 1500 877 1160
f 1160 877 1501
f 876 873 1502
f 1502 873 1479
f 945 1264 851
f 851 1264 1229
f 835 1231 839
f 839 1231 871
f 1503 1283 778
f 778 1283 1282
f 716 715 1505
f 1505 715 1504
f 1446 1445 1507
f 1507 1445 1506
f 779 792 1381
f 1381 792 791
f 1430 1409 1341
f 1341 1409 1342
f 1411 1429 1508
f 1508 1429 1417
f 635 1510 1509
f 1509 1510 1511
f 1377 1380 1315
f 1315 1380 1316
f 1445 1400 1506
f 1506 1400 1408
f 918 917 1336
f 1336 917 1333
f 1513 1514 1512
f 1512 1514 870
f 1515 1516 1363
f 1363 1516 1364
f 1453 1517 881
f 881 1517 1276
f 992 1518 993
f 993 1518 1519
f 1520 1029 1518
f 1518 1029 955
f 1520 1026 1521
f 1521 1026 1040
f 1522 1015 1521
f 1521 1015 1043
f 996 1523 997
f 997 1523 1522
f 1060 1016 1524
f 1524 1016 1523
f 1061 1525 1062
f 1062 1525 1524
f 1079 1527 1526
f 1526 1527 1528
f 1093 1529 1094
f 1094 1529 1528
f 1111 1530 1112
f 1112 1530 1531
f 1532 1533 1105
f 1105 1533 1123
f 934 937 1139
f 1139 937 1140
f 1138 1363 1139
f 1139 1363 1362
f 1534 1222 1355
f 1355 1222 1278
f 1535 1223 1534
f 1534 1223 1222
f 821 587 1238
f 1238 587 586
f 1319 711 1317
f 1317 711 1536
f 1538 1200 1537
f 1537 1200 1199
f 1508 1417 1539
f 1539 1417 1416
f 1540 1541 840
f 840 1541 837
f 1231 898 871
f 871 898 901
f 1500 1275 1367
f 1367 1275 912
f 1543 1379 1542
f 1542 1379 1395
f 1539 772 1508
f 1508 772 1544
f 1546 1403 1545
f 1545 1403 1402
f 1548 1549 1547
f 1547 1549 1550
f 1552 1548 1551
f 1551 1548 1547
f 1554 1555 1553
f 1553 1555 1556
f 1558 1559 1557
f 1557 1559 1560
f 1562 1563 1561
f 1561 1563 1564
f 1566 1567 1565
f 1565 1567 1568
f 1570 1571 1569
f 1569 1571 1572
f 1574 1575 1573
f 1573 1575 1576
f 1577 1578 1572
f 1572 1578 1569
f 1580 1581 1579
f 1579 1581 1582
f 1584 1585 1583
f 1583 1585 1586
f 1588 1555 1587
f 1587 1555 1589
f 1591 1592 1590
f 1590 1592 1593
f 1595 1596 1594
f 1594 1596 1597
f 1596 1581 1597
f 1597 1581 1576
f 1599 1570 1598
f 1598 1570 1569
f 1601 1602 1600
f 1600 1602 1603
f 1605 1606 1604
f 1604 1606 1607
f 1608 1609 1568
f 1568 1609 1565
f 1611 1612 1610
f 1610 1612 1613
f 1615 1616 1614
f 1614 1616 1617
f 1619 1617 1618
f 1618 1617 1616
f 1621 1622 1620
f 1620 1622 1623
f 1625 1626 1624
f 1624 1626 1627
f 1629 1630 1628
f 1628 1630 1631
f 1633 1634 1632
f 1632 1634 1635
f 1636 1637 1639
f 1639 1637 1638
f 1641 1642 1640
f 1640 1642 1643
f 1624 1627 1644
f 1644 1627 1645
f 1647 1648 1646
f 1646 1648 1649
f 1651 1652 1650
f 1650 1652 1653
f 1655 1656 1654
f 1654 1656 1657
f 1659 1660 1658
f 1658 1660 1661
f 1662 1663 1631
f 1631 1663 1628
f 1651 1665 1664
f 1664 1665 1666
f 1667 1656 1619
f 1619 1656 1617
f 1669 1670 1668
f 1668 1670 1671
f 1632 1635 1672
f 1672 1635 1673
f 1674 1675 1638
f 1638 1675 1639
f 1677 1678 1676
f 1676 1678 1679
f 1680 1640 1681
f 1681 1640 1643
f 1682 1683 1643
f 1643 1683 1681
f 1670 1669 1235
f 1235 1669 1232
f 1396 1399 1674
f 1674 1399 1675
f 627 630 1679
f 1679 630 1676
f 1681 1315 1680
f 1680 1315 1311
f 1683 1377 1681
f 1681 1377 1315
f 1672 1673 1387
f 1387 1673 1385
f 1636 1684 1646
f 1646 1684 1685
f 1687 1688 1686
f 1686 1688 1689
f 1585 1690 1586
f 1586 1690 1691
f 1599 1692 1551
f 1551 1692 1693
f 1552 1558 1694
f 1694 1558 1557
f 1696 1615 1695
f 1695 1615 1614
f 1698 1699 1697
f 1697 1699 1623
f 1700 1701 1703
f 1703 1701 1702
f 1705 1706 1704
f 1704 1706 1707
f 1708 1709 1640
f 1640 1709 1641
f 1710 1711 1713
f 1713 1711 1712
f 1652 1655 1653
f 1653 1655 1654
f 1714 1699 1712
f 1712 1699 1713
f 1715 1710 1716
f 1716 1710 1713
f 1717 1708 1680
f 1680 1708 1640
f 1393 1392 1715
f 1715 1392 1710
f 1719 1720 1718
f 1718 1720 1721
f 1680 1311 1717
f 1717 1311 789
f 1378 1711 1392
f 1392 1711 1710
f 1388 1391 1719
f 1719 1391 1720
f 1723 1606 1722
f 1722 1606 1689
f 1725 1568 1724
f 1724 1568 1567
f 1726 1647 1685
f 1685 1647 1646
f 1728 1554 1727
f 1727 1554 1553
f 1591 1687 1600
f 1600 1687 1686
f 1730 1595 1729
f 1729 1595 1594
f 1601 1605 1731
f 1731 1605 1604
f 1733 1663 1732
f 1732 1663 1734
f 1736 1639 1735
f 1735 1639 1675
f 1658 1644 1737
f 1737 1644 1645
f 1726 1662 1724
f 1724 1662 1631
f 1399 1738 1675
f 1675 1738 1735
f 1621 1667 1739
f 1739 1667 1619
f 1714 1740 1620
f 1620 1740 1741
f 1592 1549 1593
f 1593 1549 1742
f 1602 1571 1603
f 1603 1571 1550
f 1688 1690 1689
f 1689 1690 1722
f 1588 1559 1582
f 1582 1559 1579
f 1673 1735 1385
f 1385 1735 1738
f 1387 1232 1672
f 1672 1232 1669
f 1580 1692 1573
f 1573 1692 1743
f 1377 1683 1378
f 1378 1683 1711
f 1664 1666 1744
f 1744 1666 1745
f 1744 1696 1664
f 1664 1696 1695
f 1746 1747 1732
f 1732 1747 1748
f 1749 1750 1677
f 1677 1750 1678
f 1709 1708 1750
f 1750 1708 1678
f 1668 1632 1669
f 1669 1632 1672
f 1633 1746 1734
f 1734 1746 1732
f 1679 1678 1717
f 1717 1678 1708
f 789 627 1717
f 1717 627 1679
f 1563 1723 1564
f 1564 1723 1722
f 1728 1584 1751
f 1751 1584 1583
f 1674 1676 1396
f 1396 1676 630
f 1666 1566 1745
f 1745 1566 1565
f 1627 1629 1645
f 1645 1629 1628
f 1637 1749 1638
f 1638 1749 1677
f 1648 1665 1649
f 1649 1665 1752
f 1740 1642 1741
f 1741 1642 1657
f 1676 1674 1677
f 1677 1674 1638
f 1683 1682 1711
f 1711 1682 1712
f 1618 1753 1619
f 1619 1753 1739
f 1701 1739 1702
f 1702 1739 1753
f 1754 1214 1756
f 1756 1214 1755
f 647 1757 619
f 619 1757 941
f 1759 1193 1758
f 1758 1193 691
f 1419 1760 1420
f 1420 1760 1761
f 682 1762 683
f 683 1762 1763
f 1412 780 1413
f 1413 780 1384
f 1383 1398 1384
f 1384 1398 1413
f 1197 1424 1764
f 1764 1424 1423
f 1537 1287 1538
f 1538 1287 1286
f 1634 1684 1635
f 1635 1684 1736
f 1724 1631 1725
f 1725 1631 1630
f 1562 1730 1610
f 1610 1730 1729
f 1735 1673 1736
f 1736 1673 1635
f 1757 1195 941
f 941 1195 1194
f 1766 200 1765
f 1765 200 199
f 475 500 476
f 476 500 479
f 498 558 483
f 483 558 487
f 545 551 546
f 546 551 550
f 453 1281 219
f 219 1281 1314
f 298 453 208
f 208 453 219
f 368 1765 1767
f 1767 1765 199
f 523 405 363
f 363 405 404
f 523 533 405
f 405 533 402
f 298 208 299
f 299 208 207
f 299 207 176
f 176 207 300
f 176 300 173
f 173 300 202
f 173 202 174
f 174 202 201
f 1337 918 1768
f 1768 918 1336
f 1769 1770 1338
f 1338 1770 859
f 581 570 578
f 578 570 1771
f 555 562 580
f 580 562 561
f 504 1772 501
f 501 1772 548
f 517 542 584
f 584 542 543
f 515 514 516
f 516 514 544
f 542 517 544
f 544 517 516
f 561 575 580
f 580 575 581
f 575 569 581
f 581 569 570
f 501 548 1773
f 1773 548 547
f 1774 1775 570
f 570 1775 1771
f 369 368 1776
f 1776 368 1767
f 372 369 375
f 375 369 1776
f 822 1280 1308
f 1308 1280 1320
f 820 1281 822
f 822 1281 1280
f 818 1314 820
f 820 1314 1281
f 1314 818 1313
f 1313 818 804
f 807 814 825
f 825 814 826
f 814 813 826
f 826 813 827
f 813 1220 827
f 827 1220 828
f 580 579 555
f 555 579 547
f 1477 1540 872
f 872 1540 840
f 367 499 368
f 368 499 1765
f 1766 1765 525
f 525 1765 499
f 1777 1766 526
f 526 1766 525
f 520 527 362
f 362 527 384
f 361 1778 519
f 519 1778 528
f 371 1779 372
f 372 1779 369
f 369 1779 370
f 370 1779 478
f 1779 371 478
f 478 371 374
f 1778 1777 528
f 528 1777 526
f 1781 1782 1780
f 1780 1782 1783
f 431 460 67
f 67 460 64
f 68 338 74
f 74 338 72
f 1785 1782 1784
f 1784 1782 1786
f 1787 1788 1790
f 1790 1788 1789
f 1792 1789 1791
f 1791 1789 1793
f 1791 1794 1792
f 1792 1794 1795
f 1794 1796 1795
f 1795 1796 1797
f 1797 1798 938
f 938 1798 868
f 1798 1799 868
f 868 1799 869
f 1801 1802 1800
f 1800 1802 1451
f 1803 1804 1205
f 1205 1804 1206
f 1805 1806 864
f 864 1806 865
f 1806 1807 865
f 865 1807 1808
f 68 71 338
f 287 328 288
f 1320 1321 1308
f 1308 1321 1309
f 1320 441 1321
f 1321 441 217
f 441 152 217
f 217 152 218
f 151 286 152
f 152 286 218
f 297 310 151
f 151 310 286
f 296 307 297
f 297 307 310
f 296 143 307
f 307 143 284
f 143 56 284
f 284 56 104
f 56 59 104
f 104 59 63
f 59 102 63
f 63 102 60
f 102 94 60
f 60 94 282
f 93 459 279
f 279 459 77
f 459 460 77
f 77 460 78
f 460 431 78
f 78 431 295
f 431 49 295
f 295 49 292
f 48 421 49
f 49 421 292
f 276 278 418
f 418 278 429
f 317 432 278
f 278 432 429
f 432 317 433
f 433 317 316
f 326 324 316
f 316 324 433
f 1536 592 1809
f 1809 592 591
f 1810 744 1812
f 1812 744 1811
f 1814 1815 1813
f 1813 1815 1816
f 1817 748 1818
f 1818 748 747
f 1812 1819 1810
f 1810 1819 1817
f 1820 1821 748
f 748 1821 749
f 1823 1824 1822
f 1822 1824 1825
f 1827 1828 1826
f 1826 1828 1829
f 1831 1832 1830
f 1830 1832 1833
f 1834 1827 1243
f 1243 1827 1826
f 1313 804 825
f 825 804 807
f 1835 1253 1236
f 1236 1253 1237
f 1836 1837 1438
f 1438 1837 1435
f 1838 1505 1840
f 1840 1505 1839
f 1841 1842 716
f 716 1842 713
f 1843 1844 1510
f 1510 1844 1845
f 1847 1848 1846
f 1846 1848 1849
f 1850 1240 1822
f 1822 1240 1239
f 636 1831 637
f 637 1831 1830
f 1852 1853 1851
f 1851 1853 1854
f 1855 1856 1858
f 1858 1856 1857
f 1846 1849 1859
f 1859 1849 1860
f 1343 1401 1509
f 1509 1401 1861
f 1509 1861 635
f 635 1861 636
f 1863 1864 1862
f 1862 1864 1865
f 1283 1503 1867
f 1867 1503 1866
f 1868 1867 681
f 681 1867 682
f 1286 1285 683
f 683 1285 684
f 757 756 1274
f 1274 756 1869
f 1274 1869 717
f 717 1869 718
f 1434 1433 719
f 719 1433 720
f 1200 1538 1545
f 1545 1538 1763
f 1285 1289 684
f 684 1289 1273
f 684 1273 681
f 681 1273 1272
f 785 1283 1868
f 1868 1283 1867
f 786 785 1870
f 1870 785 1868
f 1289 757 1273
f 1273 757 1274
f 1539 1416 1871
f 1871 1416 1872
f 773 1871 1403
f 1403 1871 1404
f 675 674 1405
f 1405 674 1402
f 1864 1873 1865
f 1865 1873 1874
f 638 1843 635
f 635 1843 1510
f 1344 1343 1511
f 1511 1343 1509
f 772 1539 773
f 773 1539 1871
f 674 1200 1402
f 1402 1200 1545
f 1538 1286 1763
f 1763 1286 683
f 1444 1443 1875
f 1875 1443 1876
f 1875 1876 1831
f 1831 1876 1832
f 1416 1344 1872
f 1872 1344 1511
f 1877 1878 774
f 774 1878 1879
f 1878 1847 1879
f 1879 1847 1846
f 1880 714 1881
f 1881 714 1848
f 1401 1444 1861
f 1861 1444 1875
f 1861 1875 636
f 636 1875 1831
f 1823 1863 1882
f 1882 1863 1862
f 1441 1440 1884
f 1884 1440 1883
f 1883 1852 1884
f 1884 1852 1851
f 1886 1887 1885
f 1885 1887 1888
f 1358 1889 1359
f 1359 1889 1890
f 1891 1886 1892
f 1892 1886 1885
f 774 1879 775
f 775 1879 1893
f 1859 1893 1846
f 1846 1893 1879
f 713 1842 1849
f 1849 1842 1860
f 1318 1895 1894
f 1894 1895 1896
f 1873 1897 1874
f 1874 1897 1898
f 1898 605 1899
f 1899 605 675
f 1405 1844 675
f 675 1844 1899
f 1404 1845 1405
f 1405 1845 1844
f 593 1296 591
f 591 1296 1809
f 1295 1292 1900
f 1900 1292 1895
f 606 1897 1291
f 1291 1897 1896
f 1510 1845 1511
f 1511 1845 1872
f 1871 1872 1404
f 1404 1872 1845
f 1866 770 1762
f 1762 770 1546
f 1762 682 1866
f 1866 682 1867
f 1870 1868 1272
f 1272 1868 681
f 1272 717 1870
f 1870 717 720
f 1870 720 786
f 786 720 1433
f 786 1433 787
f 787 1433 1432
f 1261 1414 1432
f 1432 1414 787
f 1389 1234 1260
f 1260 1234 1415
f 1719 1670 1388
f 1388 1670 1235
f 1718 1671 1719
f 1719 1671 1670
f 1705 1747 1718
f 1718 1747 1671
f 1659 1901 1704
f 1704 1901 1748
f 1877 1903 1902
f 1902 1903 1904
f 1259 1905 1390
f 1390 1905 1394
f 1715 1720 1393
f 1393 1720 1391
f 1716 1721 1715
f 1715 1721 1720
f 1698 1706 1716
f 1716 1706 1721
f 277 276 47
f 47 276 48
f 84 96 81
f 81 96 82
f 80 70 81
f 81 70 85
f 99 97 88
f 88 97 89
f 90 100 88
f 88 100 99
f 101 95 102
f 102 95 94
f 1906 1907 280
f 280 1907 281
f 97 86 89
f 89 86 85
f 60 282 61
f 61 282 281
f 83 82 46
f 46 82 47
f 293 292 420
f 420 292 421
f 419 1908 420
f 420 1908 1909
f 92 95 91
f 91 95 90
f 279 282 93
f 93 282 94
f 276 418 48
f 48 418 421
f 1910 1660 1697
f 1697 1660 1707
f 1703 1624 1700
f 1700 1624 1644
f 1622 1910 1623
f 1623 1910 1697
f 1701 1700 1911
f 1911 1700 1661
f 1700 1644 1661
f 1661 1644 1658
f 1901 1737 1733
f 1733 1737 1645
f 1625 1912 1604
f 1604 1912 1731
f 1912 1913 1731
f 1731 1913 1914
f 1913 1577 1914
f 1914 1577 1572
f 1915 1578 1616
f 1616 1578 1618
f 1915 1916 1598
f 1598 1916 1743
f 1916 1574 1743
f 1743 1574 1573
f 1575 1917 1576
f 1576 1917 1597
f 1917 1609 1597
f 1597 1609 1594
f 1608 1611 1729
f 1729 1611 1610
f 1918 1612 1629
f 1629 1612 1630
f 1626 1918 1627
f 1627 1918 1629
f 1920 1921 1919
f 1919 1921 1922
f 1920 1924 1923
f 1923 1924 1925
f 1926 1927 1924
f 1924 1927 1925
f 1929 1930 1928
f 1928 1930 1931
f 1932 1933 1935
f 1935 1933 1934
f 1937 1938 1936
f 1936 1938 1939
f 1941 1942 1940
f 1940 1942 1943
f 1941 1945 1944
f 1944 1945 1946
f 1947 1948 1694
f 1694 1948 1949
f 1950 1951 1953
f 1953 1951 1952
f 1955 1956 1954
f 1954 1956 1589
f 1958 1956 1957
f 1957 1956 1932
f 1960 1934 1959
f 1959 1934 1933
f 1962 1963 1961
f 1961 1963 1964
f 1965 1955 1751
f 1751 1955 1954
f 1935 1930 1932
f 1932 1930 1957
f 1951 1950 1926
f 1926 1950 1929
f 1966 1967 1593
f 1593 1967 1590
f 1969 1967 1968
f 1968 1967 1964
f 1962 1921 1970
f 1970 1921 1971
f 1963 1945 1964
f 1964 1945 1968
f 1972 1948 1922
f 1922 1948 1919
f 1966 1972 1961
f 1961 1972 1922
f 1958 1953 1587
f 1587 1953 1560
f 1974 1975 1973
f 1973 1975 1976
f 1978 1979 1977
f 1977 1979 1691
f 1979 1975 1691
f 1691 1975 1586
f 1938 1942 1939
f 1939 1942 1980
f 1952 1947 1557
f 1557 1947 1694
f 1969 1978 1981
f 1981 1978 1977
f 1983 1984 1982
f 1982 1984 1985
f 1986 1987 1989
f 1989 1987 1988
f 1990 1991 1983
f 1983 1991 1984
f 1990 1993 1992
f 1992 1993 1994
f 1995 1996 1994
f 1994 1996 1997
f 1999 2000 1998
f 1998 2000 2001
f 2003 2004 2002
f 2002 2004 2005
f 2007 2008 2006
f 2006 2008 2009
f 2011 2012 2010
f 2010 2012 2013
f 2014 2015 2017
f 2017 2015 2016
f 2018 2019 2021
f 2021 2019 2020
f 2022 1989 2024
f 2024 1989 2023
f 1989 1988 2023
f 2023 1988 2025
f 2026 2027 2017
f 2017 2027 2014
f 2029 2030 2028
f 2028 2030 2031
f 2033 2034 2032
f 2032 2034 2035
f 2032 2035 2036
f 2036 2035 2037
f 2039 2040 2038
f 2038 2040 2041
f 1982 2042 1983
f 1983 2042 2043
f 2045 2046 2044
f 2044 2046 2047
f 2049 2050 2048
f 2048 2050 2051
f 2053 2054 2052
f 2052 2054 2055
f 2057 2058 2056
f 2056 2058 2059
f 2060 2061 2033
f 2033 2061 2034
f 2063 2064 2062
f 2062 2064 2065
f 2066 2035 2067
f 2067 2035 2034
f 2069 2039 2068
f 2068 2039 2038
f 2025 2070 2023
f 2023 2070 2071
f 2072 2024 2071
f 2071 2024 2023
f 2074 2020 2073
f 2073 2020 2019
f 2050 2049 2047
f 2047 2049 2075
f 1983 2043 1990
f 1990 2043 1993
f 2006 2050 2007
f 2007 2050 2076
f 2050 2006 2051
f 2051 2006 2077
f 2079 2080 2078
f 2078 2080 2081
f 2082 2083 2085
f 2085 2083 2084
f 2010 2013 2086
f 2086 2013 2087
f 2089 2033 2088
f 2088 2033 2032
f 2090 2060 2089
f 2089 2060 2033
f 2092 2093 2091
f 2091 2093 2094
f 2096 1986 2095
f 2095 1986 2097
f 2097 1986 2022
f 2022 1986 1989
f 2015 2094 2016
f 2016 2094 2098
f 2016 2098 2100
f 2100 2098 2099
f 2017 2016 2101
f 2101 2016 2100
f 2017 2101 2026
f 2026 2101 2102
f 2100 2099 2104
f 2104 2099 2103
f 2104 2105 2100
f 2100 2105 2101
f 2105 2106 2101
f 2101 2106 2102
f 2108 2061 2107
f 2107 2061 2109
f 2111 2112 2110
f 2110 2112 2020
f 2020 2074 2110
f 2110 2074 2113
f 2115 2116 2114
f 2114 2116 2117
f 2118 2119 1995
f 1995 2119 2120
f 2121 2122 2027
f 2027 2122 2014
f 2047 2075 2044
f 2044 2075 2123
f 2124 2125 2127
f 2127 2125 2126
f 2129 2130 2128
f 2128 2130 2131
f 2132 2133 2057
f 2057 2133 2058
f 2134 1999 2136
f 2136 1999 2135
f 2055 2138 2137
f 2137 2138 2139
f 2141 2142 2140
f 2140 2142 2143
f 2083 2082 2064
f 2064 2082 2065
f 2082 2144 2065
f 2065 2144 2145
f 2040 2146 2041
f 2041 2146 2147
f 2060 2090 2148
f 2148 2090 2149
f 2048 2051 2137
f 2137 2051 2150
f 2151 1997 2135
f 2135 1997 1996
f 2152 2150 2077
f 2077 2150 2051
f 2046 2045 2118
f 2118 2045 2119
f 2154 2155 2153
f 2153 2155 2156
f 2158 2159 2157
f 2157 2159 2160
f 2162 2163 2161
f 2161 2163 2164
f 2164 2163 2165
f 2165 2163 2166
f 2168 2169 2167
f 2167 2169 2170
f 2003 2172 2171
f 2171 2172 2173
f 2174 2175 2002
f 2002 2175 2176
f 2145 2177 2065
f 2065 2177 2062
f 2178 2179 2180
f 2180 2179 2134
f 2181 2052 2152
f 2152 2052 2150
f 2040 2127 2146
f 2146 2127 2182
f 2130 2162 2131
f 2131 2162 2161
f 2052 2055 2150
f 2150 2055 2137
f 2184 2185 2183
f 2183 2185 2186
f 2159 2030 2160
f 2160 2030 2187
f 2146 2182 2029
f 2029 2182 2188
f 2189 2190 2192
f 2192 2190 2191
f 2172 2003 2176
f 2176 2003 2002
f 1998 2151 1999
f 1999 2151 2135
f 2177 2172 2062
f 2062 2172 2176
f 2172 2177 2173
f 2173 2177 2193
f 2063 2194 2064
f 2064 2194 2195
f 2066 2197 2196
f 2196 2197 2198
f 2002 2005 2174
f 2174 2005 2199
f 2004 2003 2200
f 2200 2003 2171
f 2198 2201 2171
f 2171 2201 2200
f 2197 2202 2198
f 2198 2202 2201
f 2202 2197 2203
f 2203 2197 2204
f 2196 2198 2173
f 2173 2198 2171
f 2205 2069 2170
f 2170 2069 2206
f 2197 2066 2204
f 2204 2066 2067
f 2107 2207 2108
f 2108 2207 2208
f 2210 2208 2209
f 2209 2208 2207
f 2185 2211 2212
f 2213 2214 2211
f 2211 2214 2212
f 1998 2001 2213
f 2213 2001 2214
f 2134 2215 1999
f 1999 2215 2000
f 2216 2217 2219
f 2219 2217 2218
f 2206 2220 2170
f 2170 2220 2167
f 2069 2068 2206
f 2206 2068 2221
f 2151 1998 2222
f 2222 1998 2213
f 2124 2039 2205
f 2205 2039 2069
f 2142 2223 2143
f 2143 2223 2128
f 2203 2186 2202
f 2202 2186 2185
f 2185 2184 2211
f 2211 2184 2224
f 2224 2225 2222
f 2222 2225 2226
f 2071 2227 2072
f 2072 2227 2228
f 2229 2074 2230
f 2230 2074 2073
f 2074 2229 2113
f 2113 2229 2231
f 2232 2225 2227
f 2227 2225 2224
f 2233 2234 2031
f 2031 2234 2028
f 2236 2231 2235
f 2235 2231 2229
f 2230 2183 2229
f 2229 2183 2235
f 2237 1987 2096
f 2096 1987 1986
f 2152 2238 2181
f 2181 2238 2239
f 2080 2240 2081
f 2081 2240 2241
f 2236 2242 1971
f 1971 2242 1970
f 1925 2113 1923
f 1923 2113 2231
f 2110 1927 2111
f 2111 1927 1928
f 2103 2111 1931
f 1931 2111 1928
f 1931 2243 2103
f 2103 2243 2104
f 2105 2104 2244
f 2244 2104 2243
f 1939 1980 2148
f 2148 1980 2109
f 1980 1944 2109
f 2109 1944 2107
f 1946 2245 2207
f 2207 2245 2209
f 2245 1970 2209
f 2209 1970 2242
f 2231 2236 1923
f 1923 2236 1971
f 2113 1925 2110
f 2110 1925 1927
f 2234 2246 2028
f 2028 2246 2147
f 2247 2248 2058
f 2058 2248 2059
f 2114 2117 2249
f 2249 2117 2250
f 2252 2253 2251
f 2251 2253 2254
f 2094 2015 2091
f 2091 2015 2255
f 2256 2255 2014
f 2014 2255 2015
f 2257 2145 2258
f 2258 2145 2144
f 2131 2161 2123
f 2123 2161 2044
f 2045 2044 2164
f 2164 2044 2161
f 2045 2164 2119
f 2119 2164 2165
f 2259 2120 2165
f 2165 2120 2119
f 2260 2261 2259
f 2259 2261 2120
f 2205 2262 2124
f 2124 2262 2125
f 2180 2263 2178
f 2178 2263 2264
f 2265 2266 2092
f 2092 2266 2093
f 1992 2267 2268
f 2184 2228 2224
f 2224 2228 2227
f 2048 2269 2049
f 2049 2269 2141
f 2129 2168 2157
f 2157 2168 2167
f 2049 2141 2075
f 2075 2141 2140
f 2199 2215 2270
f 2270 2215 2271
f 2142 2141 2272
f 2272 2141 2269
f 2089 2026 2090
f 2090 2026 2102
f 2146 2029 2147
f 2147 2029 2028
f 2111 2103 2112
f 2112 2103 2099
f 2061 2060 2109
f 2109 2060 2148
f 2273 2274 2041
f 2041 2274 2038
f 2260 2275 2261
f 2261 2275 2136
f 2057 2138 2132
f 2132 2138 2276
f 2272 2269 2056
f 2056 2269 2139
f 2277 2278 2270
f 2270 2278 2199
f 2029 2188 2030
f 2030 2188 2187
f 2040 2039 2127
f 2127 2039 2124
f 2064 2195 2083
f 2083 2195 2279
f 2056 2139 2057
f 2057 2139 2138
f 2278 2277 2247
f 2247 2277 2248
f 2062 2176 2063
f 2063 2176 2175
f 2280 2210 2242
f 2242 2210 2209
f 2282 2233 2281
f 2281 2233 2031
f 2216 2219 2283
f 2283 2219 2221
f 2158 2220 2218
f 2218 2220 2219
f 2217 2282 2218
f 2218 2282 2281
f 2220 2158 2167
f 2167 2158 2157
f 2223 2264 2128
f 2128 2264 2263
f 2261 1996 2120
f 2120 1996 1995
f 2213 2211 2222
f 2222 2211 2224
f 2283 2221 2284
f 2284 2221 2068
f 2135 1996 2136
f 2136 1996 2261
f 2144 2081 2258
f 2258 2081 2241
f 2235 2280 2236
f 2236 2280 2242
f 2246 2273 2147
f 2147 2273 2041
f 2036 2285 2032
f 2032 2285 2088
f 2077 2286 2152
f 2152 2286 2238
f 1937 1960 1973
f 1973 1960 1959
f 2070 2232 2071
f 2071 2232 2227
f 2244 2287 2105
f 2105 2287 2106
f 1936 1939 2149
f 2149 1939 2148
f 1944 1946 2107
f 2107 1946 2207
f 2285 2121 2088
f 2088 2121 2027
f 2253 2249 2254
f 2254 2249 2250
f 2006 2009 2077
f 2077 2009 2286
f 2289 2086 2288
f 2288 2086 2087
f 2223 2142 2290
f 2290 2142 2272
f 2128 2131 2143
f 2143 2131 2123
f 2156 2291 2153
f 2153 2291 2175
f 2292 2293 2278
f 2278 2293 2294
f 2075 2140 2123
f 2123 2140 2143
f 2262 2169 2275
f 2275 2169 2180
f 2275 2180 2136
f 2136 2180 2134
f 2274 2284 2038
f 2038 2284 2068
f 2127 2126 2182
f 2182 2126 2166
f 2094 2093 2098
f 2098 2093 2021
f 2098 2021 2099
f 2099 2021 2112
f 2018 2021 2266
f 2266 2021 2093
f 2251 2289 2252
f 2252 2289 2288
f 1997 2151 2226
f 2226 2151 2222
f 2206 2221 2220
f 2220 2221 2219
f 2269 2048 2139
f 2139 2048 2137
f 2159 2158 2281
f 2281 2158 2218
f 2156 2155 2190
f 2190 2155 2191
f 1974 1965 1583
f 1583 1965 1751
f 2088 2027 2089
f 2089 2027 2026
f 2030 2159 2031
f 2031 2159 2281
f 2106 2149 2102
f 2102 2149 2090
f 2287 1936 2106
f 2106 1936 2149
f 2293 2154 2294
f 2294 2154 2153
f 2021 2020 2112
f 2247 2295 2278
f 2278 2295 2292
f 2284 2296 2283
f 2283 2296 2297
f 2298 2296 2274
f 2274 2296 2284
f 2273 2299 2274
f 2274 2299 2298
f 2246 2300 2273
f 2273 2300 2299
f 2283 2297 2216
f 2216 2297 2301
f 2216 2301 2217
f 2217 2301 2302
f 2302 2303 2217
f 2217 2303 2282
f 2304 2301 2305
f 2305 2301 2297
f 2307 2308 2306
f 2306 2308 2309
f 2306 2310 2307
f 2307 2310 2311
f 2307 2312 2308
f 2308 2312 2313
f 2314 2315 2312
f 2312 2315 2316
f 2316 2317 2312
f 2312 2317 2313
f 2317 2305 2313
f 2313 2305 2318
f 2314 2312 2311
f 2311 2312 2307
f 2319 2320 2322
f 2322 2320 2321
f 2322 2311 2319
f 2319 2311 2310
f 2313 2318 2308
f 2308 2318 2309
f 2296 2298 2318
f 2318 2298 2309
f 2309 2298 2323
f 2323 2298 2299
f 2306 2309 2324
f 2324 2309 2323
f 2310 2306 2325
f 2325 2306 2324
f 2296 2318 2297
f 2297 2318 2305
f 2319 2310 2326
f 2326 2310 2325
f 2328 2325 2327
f 2327 2325 2324
f 2325 2328 2326
f 2326 2328 2329
f 2331 2328 2330
f 2330 2328 2327
f 2332 2333 2327
f 2327 2333 2330
f 2328 2331 2329
f 2329 2331 2334
f 2324 2323 2327
f 2327 2323 2332
f 2300 2332 2299
f 2299 2332 2323
f 2326 2335 2319
f 2319 2335 2320
f 2305 2317 2336
f 2336 2317 2316
f 2336 2316 2337
f 2337 2316 2315
f 2338 2304 2336
f 2336 2304 2305
f 2337 2339 2336
f 2336 2339 2338
f 2337 2315 2341
f 2341 2315 2340
f 2342 2300 2234
f 2234 2300 2246
f 2303 2343 2282
f 2282 2343 2233
f 2234 2233 2342
f 2342 2233 2343
f 2342 2343 2333
f 2333 2343 2344
f 2333 2344 2330
f 2330 2344 2345
f 2346 2344 2303
f 2303 2344 2343
f 2332 2300 2333
f 2333 2300 2342
f 2347 2346 2302
f 2302 2346 2303
f 2301 2304 2302
f 2302 2304 2347
f 2304 2338 2347
f 2347 2338 2348
f 2348 2349 2347
f 2347 2349 2346
f 2350 2351 2348
f 2348 2351 2349
f 2349 2345 2346
f 2346 2345 2344
f 2345 2349 2352
f 2352 2349 2351
f 2338 2339 2348
f 2348 2339 2350
f 2350 2339 2353
f 2353 2339 2354
f 2356 2357 2355
f 2355 2357 2353
f 2351 2350 2357
f 2357 2350 2353
f 2353 2354 2355
f 2355 2354 2335
f 2320 2335 2341
f 2341 2335 2354
f 2339 2337 2354
f 2354 2337 2341
f 2352 2331 2345
f 2345 2331 2330
f 2356 2334 2352
f 2352 2334 2331
f 2356 2352 2357
f 2357 2352 2351
f 2355 2329 2356
f 2356 2329 2334
f 2335 2326 2355
f 2355 2326 2329
f 2321 2314 2322
f 2322 2314 2311
f 2321 2320 2340
f 2340 2320 2341
f 2315 2314 2340
f 2340 2314 2321
f 2125 2260 2126
f 2126 2260 2259
f 2157 2160 2129
f 2129 2160 2130
f 2188 2163 2187
f 2187 2163 2162
f 2182 2166 2188
f 2188 2166 2163
f 2180 2169 2263
f 2263 2169 2168
f 2160 2187 2130
f 2130 2187 2162
f 2275 2260 2262
f 2262 2260 2125
f 2128 2263 2129
f 2129 2263 2168
f 2262 2205 2169
f 2169 2205 2170
f 2165 2166 2259
f 2259 2166 2126
f 2359 2360 2358
f 2358 2360 2361
f 2363 2364 2362
f 2362 2364 2365
f 2367 2363 2366
f 2366 2363 2362
f 2368 2369 2371
f 2371 2369 2370
f 2372 2373 2248
f 2248 2373 2059
f 2364 2374 2365
f 2365 2374 2375
f 2377 2378 2376
f 2376 2378 2379
f 2290 2380 2223
f 2223 2380 2381
f 2223 2381 2264
f 2264 2381 2382
f 2384 2385 2383
f 2383 2385 2386
f 2364 2371 2374
f 2374 2371 2387
f 2059 2373 2290
f 2290 2373 2380
f 2378 2360 2379
f 2379 2360 2388
f 2374 2387 2359
f 2359 2387 2389
f 2390 2367 2386
f 2386 2367 2391
f 2393 2394 2392
f 2392 2394 2395
f 2386 2391 2383
f 2383 2391 2396
f 2367 2366 2391
f 2391 2366 2397
f 2363 2367 2368
f 2368 2367 2390
f 2398 2399 2361
f 2361 2399 2358
f 2399 2400 2358
f 2358 2400 2375
f 2390 2401 2368
f 2368 2401 2369
f 2372 2384 2376
f 2376 2384 2383
f 2374 2359 2375
f 2375 2359 2358
f 2402 2403 2365
f 2365 2403 2362
f 2359 2389 2360
f 2360 2389 2388
f 2364 2363 2371
f 2371 2363 2368
f 2405 2398 2404
f 2404 2398 2361
f 2392 2395 2406
f 2406 2395 2397
f 2377 2396 2394
f 2394 2396 2395
f 2394 2393 2404
f 2404 2393 2405
f 2396 2377 2383
f 2383 2377 2376
f 2406 2397 2407
f 2407 2397 2366
f 2400 2402 2375
f 2375 2402 2365
f 2385 2270 2401
f 2401 2270 2271
f 2403 2407 2362
f 2362 2407 2366
f 2371 2370 2387
f 2387 2370 2382
f 2391 2397 2396
f 2396 2397 2395
f 2378 2377 2404
f 2404 2377 2394
f 2360 2378 2361
f 2361 2378 2404
f 2407 2408 2406
f 2406 2408 2409
f 2410 2408 2403
f 2403 2408 2407
f 2411 2410 2402
f 2402 2410 2403
f 2412 2411 2400
f 2400 2411 2402
f 2406 2409 2392
f 2392 2409 2413
f 2392 2413 2393
f 2393 2413 2414
f 2415 2405 2414
f 2414 2405 2393
f 2416 2413 2417
f 2417 2413 2409
f 2419 2420 2418
f 2418 2420 2421
f 2420 2422 2421
f 2421 2422 2423
f 2420 2424 2422
f 2422 2424 2425
f 2426 2427 2424
f 2424 2427 2428
f 2428 2429 2424
f 2424 2429 2425
f 2426 2424 2419
f 2419 2424 2420
f 2419 2418 2431
f 2431 2418 2430
f 2425 2432 2422
f 2422 2432 2423
f 2408 2410 2432
f 2432 2410 2423
f 2423 2410 2433
f 2433 2410 2411
f 2421 2423 2434
f 2434 2423 2433
f 2435 2418 2434
f 2434 2418 2421
f 2429 2417 2425
f 2425 2417 2432
f 2408 2432 2409
f 2409 2432 2417
f 2418 2435 2430
f 2430 2435 2436
f 2438 2435 2437
f 2437 2435 2434
f 2435 2438 2436
f 2436 2438 2439
f 2441 2438 2440
f 2440 2438 2437
f 2442 2443 2437
f 2437 2443 2440
f 2439 2438 2444
f 2444 2438 2441
f 2433 2442 2434
f 2434 2442 2437
f 2412 2442 2411
f 2411 2442 2433
f 2436 2445 2430
f 2430 2445 2446
f 2430 2446 2431
f 2431 2446 2447
f 2417 2429 2448
f 2448 2429 2428
f 2427 2449 2428
f 2428 2449 2448
f 2450 2416 2448
f 2448 2416 2417
f 2451 2450 2449
f 2449 2450 2448
f 2427 2452 2449
f 2449 2452 2453
f 2447 2446 2452
f 2452 2446 2453
f 2454 2412 2399
f 2399 2412 2400
f 2415 2455 2405
f 2405 2455 2398
f 2399 2398 2454
f 2454 2398 2455
f 2454 2455 2443
f 2443 2455 2456
f 2443 2456 2440
f 2440 2456 2457
f 2458 2456 2415
f 2415 2456 2455
f 2443 2442 2454
f 2454 2442 2412
f 2459 2458 2414
f 2414 2458 2415
f 2413 2416 2414
f 2414 2416 2459
f 2459 2416 2460
f 2460 2416 2450
f 2460 2461 2459
f 2459 2461 2458
f 2462 2463 2460
f 2460 2463 2461
f 2461 2457 2458
f 2458 2457 2456
f 2457 2461 2464
f 2464 2461 2463
f 2451 2462 2450
f 2450 2462 2460
f 2462 2451 2465
f 2465 2451 2466
f 2468 2469 2467
f 2467 2469 2465
f 2463 2462 2469
f 2469 2462 2465
f 2465 2466 2467
f 2467 2466 2445
f 2446 2445 2453
f 2453 2445 2466
f 2451 2449 2466
f 2466 2449 2453
f 2464 2441 2457
f 2457 2441 2440
f 2468 2444 2464
f 2464 2444 2441
f 2468 2464 2469
f 2469 2464 2463
f 2467 2439 2468
f 2468 2439 2444
f 2445 2436 2467
f 2467 2436 2439
f 2447 2426 2431
f 2431 2426 2419
f 2427 2426 2452
f 2452 2426 2447
f 2369 2179 2370
f 2370 2179 2178
f 2376 2379 2372
f 2372 2379 2373
f 2389 2381 2388
f 2388 2381 2380
f 2387 2382 2389
f 2389 2382 2381
f 2270 2385 2277
f 2277 2385 2384
f 2379 2388 2373
f 2373 2388 2380
f 2401 2271 2369
f 2369 2271 2179
f 2248 2277 2372
f 2372 2277 2384
f 2401 2390 2385
f 2385 2390 2386
f 2264 2382 2178
f 2178 2382 2370
f 2215 2134 2271
f 2271 2134 2179
f 2005 2000 2199
f 2199 2000 2215
f 2004 2001 2005
f 2005 2001 2000
f 2200 2214 2004
f 2004 2214 2001
f 2470 2471 2473
f 2473 2471 2472
f 2475 2476 2474
f 2474 2476 2477
f 2479 2475 2478
f 2478 2475 2474
f 2481 2482 2480
f 2480 2482 2483
f 2476 2484 2477
f 2477 2484 2485
f 2487 2488 2486
f 2486 2488 2489
f 2133 2490 2058
f 2058 2490 2491
f 2058 2491 2247
f 2247 2491 2492
f 2494 2495 2493
f 2493 2495 2496
f 2476 2483 2484
f 2484 2483 2497
f 2472 2498 2488
f 2488 2498 2489
f 2484 2497 2471
f 2471 2497 2499
f 2500 2479 2496
f 2496 2479 2501
f 2502 2503 2505
f 2505 2503 2504
f 2496 2501 2493
f 2493 2501 2506
f 2479 2478 2501
f 2501 2478 2507
f 2475 2479 2480
f 2480 2479 2500
f 2508 2509 2473
f 2473 2509 2470
f 2509 2510 2470
f 2470 2510 2485
f 2511 2481 2500
f 2500 2481 2480
f 2512 2494 2486
f 2486 2494 2493
f 2485 2484 2470
f 2470 2484 2471
f 2513 2514 2477
f 2477 2514 2474
f 2471 2499 2472
f 2472 2499 2498
f 2476 2475 2483
f 2483 2475 2480
f 2516 2508 2515
f 2515 2508 2473
f 2502 2505 2517
f 2517 2505 2507
f 2504 2487 2505
f 2505 2487 2506
f 2503 2516 2504
f 2504 2516 2515
f 2506 2487 2493
f 2493 2487 2486
f 2517 2507 2518
f 2518 2507 2478
f 2510 2513 2485
f 2485 2513 2477
f 2511 2495 2293
f 2293 2495 2154
f 2514 2518 2474
f 2474 2518 2478
f 2483 2482 2497
f 2497 2482 2492
f 2501 2507 2506
f 2506 2507 2505
f 2488 2487 2515
f 2515 2487 2504
f 2472 2488 2473
f 2473 2488 2515
f 2518 2519 2517
f 2517 2519 2520
f 2521 2519 2514
f 2514 2519 2518
f 2522 2521 2513
f 2513 2521 2514
f 2523 2522 2510
f 2510 2522 2513
f 2517 2520 2502
f 2502 2520 2524
f 2502 2524 2503
f 2503 2524 2525
f 2525 2526 2503
f 2503 2526 2516
f 2527 2524 2528
f 2528 2524 2520
f 2530 2531 2529
f 2529 2531 2532
f 2531 2533 2532
f 2532 2533 2534
f 2531 2535 2533
f 2533 2535 2536
f 2537 2538 2535
f 2535 2538 2539
f 2539 2540 2535
f 2535 2540 2536
f 2537 2535 2530
f 2530 2535 2531
f 2529 2541 2530
f 2530 2541 2542
f 2543 2534 2536
f 2536 2534 2533
f 2519 2521 2543
f 2543 2521 2534
f 2534 2521 2544
f 2544 2521 2522
f 2532 2534 2545
f 2545 2534 2544
f 2529 2532 2546
f 2546 2532 2545
f 2536 2540 2543
f 2543 2540 2528
f 2519 2543 2520
f 2520 2543 2528
f 2541 2529 2547
f 2547 2529 2546
f 2548 2549 2545
f 2545 2549 2546
f 2549 2550 2546
f 2546 2550 2547
f 2551 2552 2548
f 2548 2552 2549
f 2548 2553 2551
f 2551 2553 2554
f 2550 2549 2555
f 2555 2549 2552
f 2545 2544 2548
f 2548 2544 2553
f 2523 2553 2522
f 2522 2553 2544
f 2547 2556 2541
f 2541 2556 2557
f 2541 2557 2542
f 2542 2557 2558
f 2528 2540 2559
f 2559 2540 2539
f 2538 2560 2539
f 2539 2560 2559
f 2561 2527 2559
f 2559 2527 2528
f 2560 2562 2559
f 2559 2562 2561
f 2560 2538 2564
f 2564 2538 2563
f 2558 2557 2563
f 2563 2557 2564
f 2565 2523 2509
f 2509 2523 2510
f 2526 2566 2516
f 2516 2566 2508
f 2509 2508 2565
f 2565 2508 2566
f 2565 2566 2554
f 2554 2566 2567
f 2554 2567 2551
f 2551 2567 2568
f 2569 2567 2526
f 2526 2567 2566
f 2553 2523 2554
f 2554 2523 2565
f 2570 2569 2525
f 2525 2569 2526
f 2524 2527 2525
f 2525 2527 2570
f 2527 2561 2570
f 2570 2561 2571
f 2571 2572 2570
f 2570 2572 2569
f 2573 2574 2571
f 2571 2574 2572
f 2572 2568 2569
f 2569 2568 2567
f 2568 2572 2575
f 2575 2572 2574
f 2562 2573 2561
f 2561 2573 2571
f 2573 2562 2576
f 2576 2562 2577
f 2579 2580 2578
f 2578 2580 2576
f 2574 2573 2580
f 2580 2573 2576
f 2576 2577 2578
f 2578 2577 2556
f 2557 2556 2564
f 2564 2556 2577
f 2562 2560 2577
f 2577 2560 2564
f 2575 2552 2568
f 2568 2552 2551
f 2579 2555 2575
f 2575 2555 2552
f 2579 2575 2580
f 2580 2575 2574
f 2550 2555 2578
f 2578 2555 2579
f 2556 2547 2578
f 2578 2547 2550
f 2558 2537 2542
f 2542 2537 2530
f 2538 2537 2563
f 2563 2537 2558
f 2292 2295 2481
f 2481 2295 2482
f 2486 2489 2512
f 2512 2489 2581
f 2499 2491 2498
f 2498 2491 2490
f 2497 2492 2499
f 2499 2492 2491
f 2155 2154 2494
f 2494 2154 2495
f 2581 2489 2490
f 2490 2489 2498
f 2293 2292 2511
f 2511 2292 2481
f 2191 2155 2512
f 2512 2155 2494
f 2500 2496 2511
f 2511 2496 2495
f 2247 2492 2295
f 2295 2492 2482
f 2583 2584 2582
f 2582 2584 2585
f 2587 2588 2586
f 2586 2588 2589
f 2591 2587 2590
f 2590 2587 2586
f 2593 2594 2592
f 2592 2594 2595
f 2596 2597 2599
f 2599 2597 2598
f 2588 2600 2589
f 2589 2600 2601
f 2602 2603 2605
f 2605 2603 2604
f 2606 2607 2609
f 2609 2607 2608
f 2609 2608 2190
f 2190 2608 2610
f 2611 2612 2614
f 2614 2612 2613
f 2600 2588 2615
f 2615 2588 2595
f 2599 2598 2606
f 2606 2598 2607
f 2584 2616 2604
f 2604 2616 2605
f 2600 2615 2583
f 2583 2615 2617
f 2591 2619 2618
f 2618 2619 2614
f 2621 2622 2620
f 2620 2622 2623
f 2619 2624 2614
f 2614 2624 2611
f 2591 2590 2619
f 2619 2590 2625
f 2587 2591 2592
f 2592 2591 2618
f 2626 2627 2585
f 2585 2627 2582
f 2627 2628 2582
f 2582 2628 2601
f 2629 2593 2618
f 2618 2593 2592
f 2602 2597 2611
f 2611 2597 2612
f 2600 2583 2601
f 2601 2583 2582
f 2630 2631 2589
f 2589 2631 2586
f 2583 2617 2584
f 2584 2617 2616
f 2588 2587 2595
f 2595 2587 2592
f 2633 2626 2632
f 2632 2626 2585
f 2620 2623 2634
f 2634 2623 2625
f 2622 2603 2623
f 2623 2603 2624
f 2621 2633 2622
f 2622 2633 2632
f 2611 2624 2602
f 2602 2624 2603
f 2634 2625 2635
f 2635 2625 2590
f 2628 2630 2601
f 2601 2630 2589
f 2613 2195 2629
f 2629 2195 2194
f 2631 2635 2586
f 2586 2635 2590
f 2595 2594 2615
f 2615 2594 2610
f 2619 2625 2624
f 2624 2625 2623
f 2632 2604 2622
f 2622 2604 2603
f 2585 2584 2632
f 2632 2584 2604
f 2635 2636 2634
f 2634 2636 2637
f 2638 2636 2631
f 2631 2636 2635
f 2639 2638 2630
f 2630 2638 2631
f 2640 2639 2628
f 2628 2639 2630
f 2634 2637 2620
f 2620 2637 2641
f 2620 2641 2621
f 2621 2641 2642
f 2642 2643 2621
f 2621 2643 2633
f 2641 2637 2644
f 2644 2637 2645
f 2646 2647 2649
f 2649 2647 2648
f 2648 2650 2649
f 2649 2650 2651
f 2648 2652 2650
f 2650 2652 2653
f 2652 2654 2656
f 2656 2654 2655
f 2656 2657 2652
f 2652 2657 2653
f 2654 2652 2647
f 2647 2652 2648
f 2647 2646 2659
f 2659 2646 2658
f 2660 2651 2653
f 2653 2651 2650
f 2636 2638 2660
f 2660 2638 2651
f 2651 2638 2661
f 2661 2638 2639
f 2651 2661 2649
f 2649 2661 2662
f 2663 2646 2662
f 2662 2646 2649
f 2653 2657 2660
f 2660 2657 2645
f 2636 2660 2637
f 2637 2660 2645
f 2646 2663 2658
f 2658 2663 2664
f 2665 2666 2662
f 2662 2666 2663
f 2666 2667 2663
f 2663 2667 2664
f 2668 2669 2665
f 2665 2669 2666
f 2665 2670 2668
f 2668 2670 2671
f 2667 2666 2672
f 2672 2666 2669
f 2662 2661 2665
f 2665 2661 2670
f 2640 2670 2639
f 2639 2670 2661
f 2673 2674 2664
f 2664 2674 2658
f 2658 2674 2659
f 2659 2674 2675
f 2645 2657 2676
f 2676 2657 2656
f 2677 2676 2655
f 2655 2676 2656
f 2676 2678 2645
f 2645 2678 2644
f 2677 2679 2676
f 2676 2679 2678
f 2655 2680 2677
f 2677 2680 2681
f 2675 2674 2680
f 2680 2674 2681
f 2682 2640 2627
f 2627 2640 2628
f 2643 2683 2633
f 2633 2683 2626
f 2682 2627 2683
f 2683 2627 2626
f 2683 2684 2682
f 2682 2684 2671
f 2684 2685 2671
f 2671 2685 2668
f 2686 2684 2643
f 2643 2684 2683
f 2670 2640 2671
f 2671 2640 2682
f 2687 2686 2642
f 2642 2686 2643
f 2642 2641 2687
f 2687 2641 2644
f 2687 2644 2688
f 2688 2644 2678
f 2688 2689 2687
f 2687 2689 2686
f 2690 2691 2688
f 2688 2691 2689
f 2689 2685 2686
f 2686 2685 2684
f 2685 2689 2692
f 2692 2689 2691
f 2679 2690 2678
f 2678 2690 2688
f 2690 2679 2693
f 2693 2679 2694
f 2696 2697 2695
f 2695 2697 2693
f 2691 2690 2697
f 2697 2690 2693
f 2693 2694 2695
f 2695 2694 2673
f 2674 2673 2681
f 2681 2673 2694
f 2679 2677 2694
f 2694 2677 2681
f 2685 2692 2668
f 2668 2692 2669
f 2696 2672 2692
f 2692 2672 2669
f 2696 2692 2697
f 2697 2692 2691
f 2695 2667 2696
f 2696 2667 2672
f 2673 2664 2695
f 2695 2664 2667
f 2675 2654 2659
f 2659 2654 2647
f 2655 2654 2680
f 2680 2654 2675
f 2291 2156 2593
f 2593 2156 2594
f 2597 2602 2598
f 2598 2602 2605
f 2616 2617 2607
f 2607 2617 2608
f 2615 2610 2617
f 2617 2610 2608
f 2597 2596 2612
f 2612 2596 2698
f 2598 2605 2607
f 2607 2605 2616
f 2194 2291 2629
f 2629 2291 2593
f 2629 2618 2613
f 2613 2618 2614
f 2190 2610 2156
f 2156 2610 2594
f 2700 2010 2699
f 2699 2010 2086
f 2267 2701 2116
f 2116 2701 2702
f 2116 2702 2117
f 2117 2702 2703
f 2704 2705 2250
f 2250 2705 2254
f 2011 2706 2267
f 2267 2706 2701
f 2699 2086 2707
f 2707 2086 2289
f 2010 2700 2011
f 2011 2700 2706
f 2708 2707 2251
f 2251 2707 2289
f 2703 2704 2117
f 2117 2704 2250
f 2705 2708 2254
f 2254 2708 2251
f 2709 2710 2708
f 2708 2710 2707
f 2711 2709 2705
f 2705 2709 2708
f 2712 2711 2704
f 2704 2711 2705
f 2713 2712 2703
f 2703 2712 2704
f 2707 2710 2699
f 2699 2710 2714
f 2699 2714 2700
f 2700 2714 2715
f 2716 2706 2715
f 2715 2706 2700
f 2714 2710 2717
f 2717 2710 2718
f 2720 2721 2719
f 2719 2721 2722
f 2721 2723 2722
f 2722 2723 2724
f 2721 2725 2723
f 2723 2725 2726
f 2727 2728 2725
f 2725 2728 2726
f 2729 2725 2720
f 2720 2725 2721
f 2731 2729 2730
f 2730 2729 2720
f 2719 2732 2720
f 2720 2732 2730
f 2726 2733 2723
f 2723 2733 2724
f 2709 2711 2733
f 2733 2711 2724
f 2724 2711 2734
f 2734 2711 2712
f 2722 2724 2735
f 2735 2724 2734
f 2719 2722 2736
f 2736 2722 2735
f 2726 2728 2733
f 2733 2728 2718
f 2709 2733 2710
f 2710 2733 2718
f 2732 2719 2737
f 2737 2719 2736
f 2738 2739 2735
f 2735 2739 2736
f 2739 2740 2736
f 2736 2740 2737
f 2741 2742 2738
f 2738 2742 2739
f 2738 2743 2741
f 2741 2743 2744
f 2740 2739 2745
f 2745 2739 2742
f 2735 2734 2738
f 2738 2734 2743
f 2713 2743 2712
f 2712 2743 2734
f 2737 2746 2732
f 2732 2746 2747
f 2732 2747 2730
f 2730 2747 2731
f 2718 2728 2748
f 2748 2728 2727
f 2749 2750 2727
f 2727 2750 2748
f 2748 2751 2718
f 2718 2751 2717
f 2750 2752 2748
f 2748 2752 2751
f 2750 2749 2754
f 2754 2749 2753
f 2731 2747 2753
f 2753 2747 2754
f 2727 2725 2749
f 2749 2725 2729
f 2749 2729 2753
f 2753 2729 2731
f 2702 2755 2703
f 2703 2755 2713
f 2706 2716 2701
f 2701 2716 2756
f 2755 2702 2756
f 2756 2702 2701
f 2756 2757 2755
f 2755 2757 2744
f 2757 2758 2744
f 2744 2758 2741
f 2759 2757 2716
f 2716 2757 2756
f 2743 2713 2744
f 2744 2713 2755
f 2760 2759 2715
f 2715 2759 2716
f 2715 2714 2760
f 2760 2714 2717
f 2760 2717 2761
f 2761 2717 2751
f 2761 2762 2760
f 2760 2762 2759
f 2763 2764 2761
f 2761 2764 2762
f 2762 2758 2759
f 2759 2758 2757
f 2758 2762 2765
f 2765 2762 2764
f 2752 2763 2751
f 2751 2763 2761
f 2763 2752 2766
f 2766 2752 2767
f 2768 2769 2766
f 2766 2769 2770
f 2764 2763 2770
f 2770 2763 2766
f 2766 2767 2768
f 2768 2767 2746
f 2747 2746 2754
f 2754 2746 2767
f 2752 2750 2767
f 2767 2750 2754
f 2758 2765 2741
f 2741 2765 2742
f 2769 2745 2765
f 2765 2745 2742
f 2769 2765 2770
f 2770 2765 2764
f 2768 2740 2769
f 2769 2740 2745
f 2746 2737 2768
f 2768 2737 2740
f 2201 2212 2200
f 2200 2212 2214
f 2201 2202 2212
f 2212 2202 2185
f 2512 2581 2191
f 2191 2581 2192
f 2059 2290 2056
f 2056 2290 2272
f 2174 2199 2294
f 2294 2199 2278
f 2063 2175 2194
f 2194 2175 2291
f 2192 2581 2133
f 2133 2581 2490
f 2133 2132 2192
f 2192 2132 2189
f 2054 2276 2055
f 2055 2276 2138
f 2083 2279 2084
f 2084 2279 2771
f 2771 2279 2599
f 2599 2279 2596
f 2606 2772 2599
f 2599 2772 2771
f 2772 2773 2771
f 2771 2773 2084
f 2773 2774 2084
f 2084 2774 2085
f 2085 2775 2082
f 2082 2775 2144
f 2774 2078 2085
f 2085 2078 2775
f 2078 2774 2079
f 2079 2774 2776
f 2774 2773 2776
f 2776 2773 2777
f 2773 2772 2777
f 2777 2772 2778
f 2190 2189 2609
f 2609 2189 2778
f 2053 2052 2779
f 2779 2052 2181
f 2144 2775 2081
f 2081 2775 2078
f 2294 2153 2174
f 2174 2153 2175
f 2132 2276 2189
f 2189 2276 2778
f 2606 2609 2772
f 2772 2609 2778
f 2195 2613 2698
f 2698 2613 2612
f 2596 2279 2698
f 2698 2279 2195
f 2054 2777 2276
f 2276 2777 2778
f 2777 2054 2776
f 2776 2054 2053
f 2053 2779 2776
f 2776 2779 2079
f 2779 2181 2079
f 2079 2181 2080
f 2181 2239 2080
f 2080 2239 2240
f 2122 2256 2014
f 2042 1982 2076
f 2076 1982 2007
f 1982 1985 2007
f 2007 1985 2008
f 2095 2097 2265
f 2265 2097 2266
f 2076 2050 2042
f 2042 2050 2047
f 2046 2043 2047
f 2047 2043 2042
f 2118 1993 2046
f 2046 1993 2043
f 1995 1994 2118
f 2118 1994 1993
f 2267 1992 2011
f 2011 1992 2012
f 1997 2012 1994
f 1994 2012 1992
f 2226 2013 1997
f 1997 2013 2012
f 2225 2087 2226
f 2226 2087 2013
f 2225 2232 2087
f 2087 2232 2288
f 2232 2070 2288
f 2288 2070 2252
f 2070 2025 2252
f 2252 2025 2253
f 1988 2249 2025
f 2025 2249 2253
f 2116 2115 2267
f 2267 2115 2268
f 2096 1984 2237
f 2237 1984 1991
f 2095 1985 2096
f 2096 1985 1984
f 2265 2008 2095
f 2095 2008 1985
f 2092 2009 2265
f 2265 2009 2008
f 2091 2286 2092
f 2092 2286 2009
f 2255 2238 2091
f 2091 2238 2286
f 2256 2239 2255
f 2255 2239 2238
f 2122 2240 2256
f 2256 2240 2239
f 2121 2241 2122
f 2122 2241 2240
f 2022 2018 2097
f 2097 2018 2266
f 2022 2024 2018
f 2018 2024 2019
f 2024 2072 2019
f 2019 2072 2073
f 2072 2228 2073
f 2073 2228 2230
f 2228 2184 2230
f 2230 2184 2183
f 2121 2285 2241
f 2241 2285 2258
f 2285 2036 2258
f 2258 2036 2257
f 2177 2145 2193
f 2193 2145 2257
f 2173 2193 2196
f 2196 2193 2037
f 2036 2037 2257
f 2257 2037 2193
f 2196 2037 2066
f 2066 2037 2035
f 2061 2108 2034
f 2034 2108 2067
f 2108 2208 2067
f 2067 2208 2204
f 2208 2210 2204
f 2204 2210 2203
f 2210 2280 2203
f 2203 2280 2186
f 2183 2186 2235
f 2235 2186 2280
f 1987 2114 1988
f 1988 2114 2249
f 2237 2115 1987
f 1987 2115 2114
f 1991 2268 2237
f 2237 2268 2115
f 1991 1990 2268
f 2268 1990 1992
f 107 110 2781
f 2781 110 2780
f 117 2782 118
f 118 2782 2783
f 119 2784 120
f 120 2784 2785
f 125 2786 126
f 126 2786 2787
f 127 2788 128
f 128 2788 2789
f 127 132 2788
f 2788 132 2790
f 231 230 2792
f 2792 230 2791
f 118 2783 119
f 119 2783 2784
f 241 243 2794
f 2794 243 2793
f 2781 2795 107
f 107 2795 352
f 120 2785 437
f 437 2785 2796
f 126 2787 110
f 110 2787 2780
f 455 2797 456
f 456 2797 2798
f 128 2789 457
f 457 2789 2799
f 456 2798 117
f 117 2798 2782
f 2794 2797 241
f 241 2797 455
f 457 2799 125
f 125 2799 2786
f 132 231 2790
f 2790 231 2792
f 230 437 2791
f 2791 437 2796
f 2792 2789 2790
f 2790 2789 2788
f 2785 2784 2801
f 2801 2784 2800
f 2786 2802 2787
f 2787 2802 2803
f 2792 2791 2805
f 2805 2791 2804
f 2784 2783 2800
f 2800 2783 2806
f 2785 2801 2796
f 2796 2801 2807
f 2787 2803 2780
f 2780 2803 2808
f 2789 2809 2799
f 2799 2809 2810
f 2799 2810 2786
f 2786 2810 2802
f 2791 2796 2804
f 2804 2796 2807
f 2789 2792 2809
f 2809 2792 2805
f 2812 2797 2811
f 2811 2797 2794
f 2809 2805 2810
f 2810 2805 2804
f 2810 2804 2802
f 2802 2804 2807
f 2802 2807 2803
f 2803 2807 2801
f 2808 2803 2800
f 2800 2803 2801
f 2814 699 2813
f 2813 699 698
f 2808 2815 2780
f 2780 2815 2781
f 2817 2782 2816
f 2816 2782 2798
f 2815 2818 2781
f 2781 2818 2795
f 2797 2812 2798
f 2798 2812 2816
f 2783 2782 2806
f 2806 2782 2817
f 2800 2806 2808
f 2808 2806 2815
f 2794 2793 2811
f 2811 2793 2819
f 174 201 384
f 384 201 362
f 200 1766 390
f 390 1766 1777
f 1777 1778 390
f 390 1778 398
f 1778 361 398
f 398 361 222
f 2820 2821 628
f 628 2821 629
f 1406 2820 790
f 790 2820 628
f 794 1415 1233
f 1233 1415 1234
f 1406 790 1407
f 1407 790 1312
f 1407 1312 2822
f 2822 1312 1316
f 2823 1380 1543
f 1543 1380 1379
f 1385 1738 1382
f 1382 1738 1383
f 1381 791 1382
f 1382 791 1386
f 791 794 1386
f 1386 794 1233
f 1259 1390 1260
f 1260 1390 1389
f 1905 1542 1394
f 1394 1542 1395
f 1410 1413 1397
f 1397 1413 1398
f 2821 1410 629
f 629 1410 1397
f 2823 2822 1380
f 1380 2822 1316
f 1392 1395 1378
f 1378 1395 1379
f 1738 1399 1383
f 1383 1399 1398
f 1388 1235 1389
f 1389 1235 1234
f 1393 1391 1394
f 1394 1391 1390
f 1381 1384 779
f 779 1384 780
f 1282 788 792
f 792 788 793
f 1431 1262 1432
f 1432 1262 1261
f 1400 1342 1408
f 1408 1342 1409
f 1508 1544 1411
f 1411 1544 1412
f 788 787 793
f 793 787 1414
f 2821 2820 1429
f 1429 2820 1430
f 2822 2823 1506
f 1506 2823 1507
f 778 1282 779
f 779 1282 792
f 2820 1406 1430
f 1430 1406 1409
f 1410 2821 1411
f 1411 2821 1429
f 1407 2822 1408
f 1408 2822 1506
f 1544 781 1412
f 1412 781 780
f 1260 1415 1261
f 1261 1415 1414
f 1334 2824 923
f 923 2824 924
f 2826 1268 2825
f 2825 1268 1267
f 769 1212 2827
f 2827 1212 2828
f 1492 1190 1266
f 1266 1190 1267
f 1488 2829 1489
f 1489 2829 2830
f 922 1329 923
f 923 1329 1328
f 1484 2831 1485
f 1485 2831 2832
f 1482 2833 1485
f 1485 2833 1486
f 1324 1493 1489
f 1489 1493 1490
f 1265 1491 1266
f 1266 1491 1490
f 2835 2836 2834
f 2834 2836 2837
f 1250 2838 2827
f 2827 2838 2839
f 1488 1491 2840
f 2840 1491 2841
f 1268 2826 2842
f 2842 2826 2843
f 2844 2845 1495
f 1495 2845 1496
f 1427 2847 2846
f 2846 2847 926
f 2829 1488 2848
f 2848 1488 2840
f 1329 922 2849
f 2849 922 927
f 2850 2851 768
f 768 2851 1213
f 1265 1268 2852
f 2852 1268 2842
f 1491 1265 2841
f 2841 1265 2852
f 2854 2855 2853
f 2853 2855 2856
f 2855 2857 2856
f 2856 2857 598
f 2857 2858 598
f 598 2858 595
f 2858 2859 595
f 595 2859 626
f 649 652 2860
f 2860 652 2861
f 639 642 2862
f 2862 642 2863
f 2864 705 2862
f 2862 705 639
f 2865 1418 2864
f 2864 1418 705
f 2866 2867 2865
f 2865 2867 1418
f 1760 1348 1761
f 1761 1348 2867
f 1764 2868 1197
f 1197 2868 1198
f 2869 611 2868
f 2868 611 1198
f 2870 612 2869
f 2869 612 611
f 1352 1350 944
f 944 1350 688
f 1350 1256 688
f 688 1256 685
f 1256 1255 685
f 685 1255 692
f 1255 2871 692
f 692 2871 2872
f 701 2873 698
f 698 2873 2813
f 2872 1349 692
f 692 1349 693
f 1696 1744 1574
f 1574 1744 1575
f 1753 1618 1577
f 1577 1618 1578
f 1729 1594 1608
f 1608 1594 1609
f 1725 1630 1611
f 1611 1630 1612
f 1604 1607 1625
f 1625 1607 1626
f 1624 1703 1625
f 1625 1703 1912
f 1703 1702 1912
f 1912 1702 1913
f 1702 1753 1913
f 1913 1753 1577
f 1598 1569 1915
f 1915 1569 1578
f 1616 1615 1915
f 1915 1615 1916
f 1615 1696 1916
f 1916 1696 1574
f 1744 1745 1575
f 1575 1745 1917
f 1745 1565 1917
f 1917 1565 1609
f 1568 1725 1608
f 1608 1725 1611
f 2874 1613 1918
f 1918 1613 1612
f 1607 2874 1626
f 1626 2874 1918
f 1610 1613 1562
f 1562 1613 1563
f 1547 1550 1570
f 1570 1550 1571
f 1573 1576 1580
f 1580 1576 1581
f 1553 1556 1595
f 1595 1556 1596
f 1556 1582 1596
f 1596 1582 1581
f 1551 1547 1599
f 1599 1547 1570
f 1731 1914 1601
f 1601 1914 1602
f 1686 1689 1605
f 1605 1689 1606
f 1598 1743 1599
f 1599 1743 1692
f 2874 1607 1723
f 1723 1607 1606
f 1727 1553 1730
f 1730 1553 1595
f 1600 1686 1601
f 1601 1686 1605
f 1914 1572 1602
f 1602 1572 1571
f 1579 1693 1580
f 1580 1693 1692
f 1613 2874 1563
f 1563 2874 1723
f 1561 1727 1562
f 1562 1727 1730
f 1949 1742 1548
f 1548 1742 1549
f 1694 1949 1552
f 1552 1949 1548
f 1954 1589 1554
f 1554 1589 1555
f 1693 1579 1558
f 1558 1579 1559
f 1561 1564 1584
f 1584 1564 1585
f 1582 1556 1588
f 1588 1556 1555
f 1600 1603 1591
f 1591 1603 1592
f 1981 1977 1687
f 1687 1977 1688
f 1564 1722 1585
f 1585 1722 1690
f 1551 1693 1552
f 1552 1693 1558
f 1751 1954 1728
f 1728 1954 1554
f 1590 1981 1591
f 1591 1981 1687
f 1603 1550 1592
f 1592 1550 1549
f 1977 1691 1688
f 1688 1691 1690
f 1587 1560 1588
f 1588 1560 1559
f 1727 1561 1728
f 1728 1561 1584
f 2875 1919 1947
f 1947 1919 1948
f 1557 1560 1952
f 1952 1560 1953
f 1933 1932 1955
f 1955 1932 1956
f 1587 1589 1958
f 1958 1589 1956
f 1959 1933 1965
f 1965 1933 1955
f 1961 1964 1966
f 1966 1964 1967
f 1981 1590 1969
f 1969 1590 1967
f 1742 1949 1972
f 1972 1949 1948
f 1593 1742 1966
f 1966 1742 1972
f 1957 1950 1958
f 1958 1950 1953
f 1583 1586 1974
f 1974 1586 1975
f 1940 1943 1978
f 1978 1943 1979
f 1943 1976 1979
f 1979 1976 1975
f 1951 2875 1952
f 1952 2875 1947
f 1968 1940 1969
f 1969 1940 1978
f 1973 1959 1974
f 1974 1959 1965
f 1923 1971 1920
f 1920 1971 1921
f 1919 2875 1920
f 1920 2875 1924
f 2875 1951 1924
f 1924 1951 1926
f 1950 1957 1929
f 1929 1957 1930
f 2244 2243 1934
f 1934 2243 1935
f 1973 1976 1937
f 1937 1976 1938
f 1944 1980 1941
f 1941 1980 1942
f 1940 1968 1941
f 1941 1968 1945
f 2287 2244 1960
f 1960 2244 1934
f 1970 2245 1962
f 1962 2245 1963
f 2243 1931 1935
f 1935 1931 1930
f 1927 1926 1928
f 1928 1926 1929
f 1961 1922 1962
f 1962 1922 1921
f 2245 1946 1963
f 1963 1946 1945
f 1976 1943 1938
f 1938 1943 1942
f 1936 2287 1937
f 1937 2287 1960
f 743 1238 608
f 608 1238 609
f 607 1811 608
f 608 1811 744
f 1304 2876 1305
f 1305 2876 2877
f 586 585 1298
f 1298 585 1299
f 585 702 1299
f 1299 702 1300
f 702 1428 1300
f 1300 1428 1301
f 1238 586 609
f 609 586 1298
f 2878 2879 1218
f 1218 2879 2877
f 2880 2881 1812
f 1812 2881 1819
f 2883 1821 2882
f 2882 1821 1820
f 2840 2841 620
f 620 2841 621
f 2842 2843 795
f 795 2843 796
f 892 895 2844
f 2844 895 2845
f 2848 2840 942
f 942 2840 620
f 2849 927 1202
f 1202 927 1203
f 2852 2842 1270
f 1270 2842 795
f 2841 2852 621
f 621 2852 1270
f 941 1759 942
f 942 1759 2884
f 659 929 1427
f 1427 929 2847
f 1237 2851 751
f 751 2851 2850
f 1216 2885 1217
f 1217 2885 1754
f 2887 734 2886
f 2886 734 733
f 2889 1816 2888
f 2888 1816 1815
f 2890 1245 2889
f 2889 1245 1816
f 1824 2891 1825
f 1825 2891 1246
f 2892 2893 2895
f 2895 2893 2894
f 1854 1833 1851
f 1851 1833 1832
f 1851 1832 1884
f 1884 1832 1876
f 1884 1876 1441
f 1441 1876 1443
f 1441 1443 1442
f 1442 1443 1446
f 1442 1446 2896
f 2896 1446 1507
f 2897 2823 2898
f 2898 2823 1543
f 1542 2899 1543
f 1543 2899 2898
f 1542 1905 2899
f 2899 1905 2900
f 1905 1259 2900
f 2900 1259 2901
f 1262 1431 2902
f 2902 1431 1904
f 1431 1434 1904
f 1904 1434 1902
f 1902 1434 2903
f 2903 1434 719
f 2903 719 2904
f 2904 719 718
f 1869 1881 718
f 718 1881 2904
f 1881 1869 1880
f 1880 1869 756
f 1880 756 2905
f 2905 756 755
f 2905 755 2906
f 2906 755 758
f 762 2907 763
f 763 2907 2908
f 724 723 2909
f 2909 723 894
f 796 895 723
f 723 895 894
f 2843 2845 796
f 796 2845 895
f 2826 1496 2843
f 2843 1496 2845
f 2825 1497 2826
f 2826 1497 1496
f 1189 2836 2825
f 2825 2836 1497
f 797 891 798
f 798 891 2837
f 802 888 797
f 797 888 891
f 2910 2911 2913
f 2913 2911 2912
f 1780 1783 2915
f 2915 1783 2914
f 2916 2917 831
f 831 2917 832
f 2918 2919 845
f 845 2919 846
f 2920 2916 847
f 847 2916 831
f 2921 2922 857
f 857 2922 858
f 2923 2924 860
f 860 2924 861
f 2919 2912 846
f 846 2912 887
f 2925 2920 940
f 940 2920 847
f 2924 2926 861
f 861 2926 1204
f 2917 2918 832
f 832 2918 845
f 2927 2928 1449
f 1449 2928 1450
f 2929 2930 889
f 889 2930 2931
f 2896 1507 2897
f 2897 1507 2823
f 2902 2901 1262
f 1262 2901 1259
f 2932 2933 750
f 750 2933 1236
f 2933 2934 1236
f 1236 2934 1835
f 2936 2937 2935
f 2935 2937 2938
f 2940 2941 2939
f 2939 2941 2942
f 2943 2944 1841
f 1841 2944 1842
f 2945 1860 2944
f 2944 1860 1842
f 2945 2946 1860
f 1860 2946 1859
f 1889 2947 1890
f 1890 2947 1856
f 1856 2947 1857
f 1857 2947 2948
f 2950 709 2949
f 2949 709 1829
f 2952 730 2951
f 2951 730 729
f 2866 2953 2867
f 2867 2953 1761
f 2953 2954 1761
f 1761 2954 1420
f 2954 2955 1420
f 1420 2955 742
f 2955 2956 742
f 742 2956 739
f 2956 2957 739
f 739 2957 760
f 2957 2958 760
f 760 2958 761
f 2958 2959 761
f 761 2959 2960
f 2959 2961 2960
f 2960 2961 2962
f 2963 2964 1839
f 1839 2964 1840
f 2964 2965 1840
f 1840 2965 2942
f 2966 2950 2939
f 2939 2950 2949
f 2935 2967 2936
f 2936 2967 2968
f 2969 2970 736
f 736 2970 735
f 734 2887 1815
f 1815 2887 2888
f 2887 2882 2888
f 2888 2882 2881
f 1819 1820 1817
f 1817 1820 748
f 1195 1757 1197
f 1197 1757 1424
f 1757 647 1424
f 1424 647 646
f 647 648 646
f 646 648 643
f 648 1271 643
f 643 1271 737
f 1271 725 737
f 737 725 765
f 725 724 765
f 765 724 762
f 762 724 2907
f 2907 724 2909
f 1254 1437 2909
f 2909 1437 2907
f 1438 1253 1836
f 1836 1253 1835
f 1836 1835 2938
f 2938 1835 2934
f 2971 2972 2935
f 2935 2972 2967
f 897 896 2969
f 2969 896 2970
f 1815 1814 734
f 734 1814 731
f 728 1215 896
f 896 1215 732
f 2885 1216 733
f 733 1216 2886
f 1216 1219 2886
f 2886 1219 2883
f 2876 1304 1821
f 1821 1304 749
f 1304 1303 749
f 749 1303 746
f 1818 2973 1817
f 1817 2973 1810
f 747 2974 1818
f 1818 2974 2973
f 747 746 2974
f 2974 746 1303
f 2976 2977 2975
f 2975 2977 2978
f 2976 2979 2901
f 2901 2979 2900
f 2980 2981 2982
f 2982 2981 2979
f 2981 2980 2983
f 2983 2980 2984
f 2985 2897 2983
f 2983 2897 2898
f 2987 2988 2986
f 2986 2988 2985
f 2896 2988 1442
f 1442 2988 1439
f 1903 2977 1904
f 1904 2977 2902
f 1856 1855 1890
f 1890 1855 2989
f 2989 2990 1890
f 1890 2990 1359
f 2990 2991 1359
f 1359 2991 1356
f 2946 2992 1859
f 1859 2992 1893
f 2992 2993 1893
f 1893 2993 775
f 2993 2994 775
f 775 2994 776
f 2986 1356 2987
f 2987 1356 2991
f 2975 2978 776
f 776 2978 777
f 2982 2994 2980
f 2980 2994 2995
f 1357 2984 2995
f 2995 2984 2980
f 2995 2996 1357
f 1357 2996 1358
f 2996 2997 1358
f 1358 2997 1889
f 2998 2999 2932
f 2932 2999 2933
f 2999 2971 2933
f 2933 2971 2934
f 1837 1836 2937
f 2937 1836 2938
f 2943 1841 2941
f 2941 1841 1838
f 3001 2944 3000
f 3000 2944 2943
f 3001 3002 2944
f 2944 3002 2945
f 3002 3003 2945
f 2945 3003 2946
f 2997 3003 1889
f 1889 3003 2947
f 2947 3003 2948
f 2948 3003 3002
f 3001 3004 3002
f 3002 3004 2948
f 3000 3005 3001
f 3001 3005 3004
f 2940 3006 3000
f 3000 3006 3005
f 2999 3007 2971
f 2971 3007 2972
f 2998 2951 2999
f 2999 2951 3007
f 3008 2952 2998
f 2998 2952 2951
f 2966 2965 2936
f 2936 2965 2937
f 2935 2938 2971
f 2971 2938 2934
f 3003 2997 2946
f 2946 2997 2992
f 2997 2996 2992
f 2992 2996 2993
f 2996 2995 2993
f 2993 2995 2994
f 1356 2986 1357
f 1357 2986 2984
f 2982 2975 2994
f 2994 2975 776
f 1844 1843 1899
f 1899 1843 3009
f 1843 638 3009
f 3009 638 3010
f 638 637 3010
f 3010 637 3011
f 637 1830 3011
f 3011 1830 3012
f 1830 1833 3012
f 3012 1833 2894
f 1833 1854 2894
f 2894 1854 2895
f 1854 1853 2895
f 2895 1853 1888
f 1858 1857 1885
f 1885 1857 1892
f 1899 3009 1898
f 1898 3009 1874
f 3009 3010 1874
f 1874 3010 1865
f 3010 3011 1865
f 1865 3011 1862
f 3011 3012 1862
f 1862 3012 1882
f 3012 2894 1882
f 1882 2894 2893
f 1850 2890 782
f 782 2890 2889
f 783 2880 1811
f 1811 2880 1812
f 744 1810 745
f 745 1810 2973
f 745 2973 805
f 805 2973 806
f 2973 2974 806
f 806 2974 815
f 1303 812 2974
f 2974 812 815
f 1303 1302 812
f 812 1302 1221
f 1307 3013 1302
f 1302 3013 1221
f 1734 3014 1633
f 1633 3014 1634
f 1646 1649 1636
f 1636 1649 1637
f 1654 1657 1641
f 1641 1657 1642
f 1639 1736 1636
f 1636 1736 1684
f 1716 1713 1698
f 1698 1713 1699
f 1718 1721 1705
f 1705 1721 1706
f 1653 1654 1709
f 1709 1654 1641
f 1620 1623 1714
f 1714 1623 1699
f 1712 1682 1714
f 1714 1682 1740
f 1668 1671 1746
f 1746 1671 1747
f 1752 1650 1749
f 1749 1650 1750
f 1750 1650 1709
f 1709 1650 1653
f 1632 1668 1633
f 1633 1668 1746
f 1649 1752 1637
f 1637 1752 1749
f 1682 1643 1740
f 1740 1643 1642
f 3014 1685 1634
f 1634 1685 1684
f 1704 1748 1705
f 1705 1748 1747
f 1697 1707 1698
f 1698 1707 1706
f 1739 1701 1621
f 1621 1701 1622
f 1567 1566 1647
f 1647 1566 1648
f 1664 1695 1651
f 1651 1695 1652
f 1614 1617 1655
f 1655 1617 1656
f 1704 1707 1659
f 1659 1707 1660
f 3014 1734 1662
f 1662 1734 1663
f 1650 1752 1651
f 1651 1752 1665
f 1741 1657 1667
f 1667 1657 1656
f 1695 1614 1652
f 1652 1614 1655
f 1724 1567 1726
f 1726 1567 1647
f 1645 1628 1733
f 1733 1628 1663
f 1685 3014 1726
f 1726 3014 1662
f 1620 1741 1621
f 1621 1741 1667
f 1566 1666 1648
f 1648 1666 1665
f 1658 1737 1659
f 1659 1737 1901
f 1911 1661 1910
f 1910 1661 1660
f 1701 1911 1622
f 1622 1911 1910
f 1732 1748 1733
f 1733 1748 1901
f 1857 2948 1892
f 1892 2948 3004
f 1892 3004 1891
f 1891 3004 3005
f 1828 3006 1829
f 1829 3006 2949
f 2967 736 2968
f 2968 736 710
f 2972 2969 2967
f 2967 2969 736
f 2969 2972 897
f 897 2972 3007
f 897 3007 729
f 729 3007 2951
f 3016 753 3015
f 3015 753 752
f 3018 767 3017
f 3017 767 766
f 3019 3020 1249
f 1249 3020 3021
f 2915 2914 3019
f 3019 2914 3020
f 3023 2914 3022
f 3022 2914 1783
f 2827 2839 769
f 769 2839 766
f 3025 2838 3024
f 3024 2838 3021
f 768 767 2850
f 2850 767 3026
f 2850 3026 751
f 751 3026 752
f 750 753 2932
f 2932 753 3027
f 3008 2998 3027
f 3027 2998 2932
f 3028 3029 3008
f 3008 3029 2952
f 3029 3030 2952
f 2952 3030 730
f 3032 3033 3031
f 3031 3033 3034
f 3036 3037 3035
f 3035 3037 3038
f 2870 3039 612
f 612 3039 3040
f 3041 3042 3031
f 3031 3042 3038
f 3034 1352 3043
f 3043 1352 944
f 612 3040 613
f 613 3040 3044
f 613 3044 1425
f 1425 3044 1422
f 3045 3042 669
f 669 3042 670
f 3041 3043 599
f 599 3043 600
f 772 771 1544
f 1544 771 781
f 1503 771 1866
f 1866 771 770
f 771 1503 781
f 781 1503 778
f 61 281 416
f 416 281 1907
f 283 103 3046
f 3046 103 3047
f 76 79 3048
f 3048 79 3049
f 280 76 1906
f 1906 76 3048
f 3051 335 3050
f 3050 335 334
f 3053 417 3052
f 3052 417 416
f 3055 435 3054
f 3054 435 434
f 428 435 419
f 419 435 1908
f 420 1909 293
f 293 1909 443
f 79 294 3049
f 3049 294 444
f 3057 444 3056
f 3056 444 443
f 3051 3058 335
f 335 3058 452
f 216 215 1332
f 1332 215 452
f 308 283 462
f 462 283 3046
f 3050 334 3059
f 3059 334 462
f 103 62 3047
f 3047 62 417
f 313 312 434
f 434 312 463
f 3061 574 3060
f 3060 574 573
f 1310 3062 1428
f 1428 3062 3063
f 1258 3064 1255
f 1255 3064 2871
f 932 3065 2853
f 2853 3065 3066
f 699 2814 931
f 931 2814 3067
f 3068 1301 3063
f 3063 1301 1428
f 571 574 1310
f 1310 574 3062
f 3060 573 3069
f 3069 573 1332
f 3070 3071 1906
f 1906 3071 1907
f 3072 3073 1908
f 1908 3073 1909
f 3075 2814 3074
f 3074 2814 2813
f 2854 3076 1258
f 1258 3076 3064
f 2871 3077 2872
f 2872 3077 3078
f 3074 2813 3079
f 3079 2813 2873
f 2872 3078 1349
f 1349 3078 3080
f 2873 701 3068
f 3068 701 1301
f 1330 1201 3080
f 3080 1201 1349
f 1264 1263 3081
f 3081 1263 3082
f 3083 3084 3082
f 3082 3084 3081
f 811 1448 3086
f 3086 1448 3085
f 808 811 3087
f 3087 811 3086
f 3088 3083 833
f 833 3083 3082
f 884 3089 885
f 885 3089 3090
f 3087 1790 808
f 808 1790 816
f 1790 3087 1787
f 1787 3087 3091
f 3092 3091 3086
f 3086 3091 3087
f 3093 3094 3084
f 3084 3094 3095
f 3089 3096 3090
f 3090 3096 3088
f 3097 3093 3083
f 3083 3093 3084
f 3099 3100 3098
f 3098 3100 1786
f 3101 1788 2913
f 2913 1788 3102
f 838 837 885
f 885 837 886
f 886 837 3103
f 3103 837 1541
f 3094 3093 3104
f 3104 3093 3097
f 3105 3106 3089
f 3089 3106 3096
f 3108 3109 3107
f 3107 3109 3110
f 3111 3112 3091
f 3091 3112 1787
f 3114 3108 3113
f 3113 3108 3107
f 3114 3115 3112
f 3112 3115 3102
f 3091 3092 3111
f 3111 3092 3116
f 839 838 835
f 835 838 836
f 885 3090 838
f 838 3090 836
f 3110 3117 1247
f 1247 3117 3118
f 1247 3118 1248
f 1248 3118 3119
f 3120 3121 3119
f 3119 3121 1248
f 1247 844 3110
f 3110 844 3107
f 844 843 3107
f 3107 843 3113
f 843 3099 3113
f 3113 3099 3122
f 1781 3123 3098
f 3098 3123 3124
f 2915 2931 1780
f 1780 2931 2930
f 3019 3125 2915
f 2915 3125 2931
f 890 3125 2834
f 2834 3125 1252
f 3125 3019 1252
f 1252 3019 1249
f 907 908 946
f 946 908 947
f 1185 1188 1369
f 1369 1188 948
f 954 957 951
f 951 957 952
f 910 965 953
f 953 965 950
f 905 958 960
f 960 958 961
f 3126 978 949
f 949 978 962
f 936 935 967
f 967 935 968
f 994 993 969
f 969 993 966
f 902 904 971
f 971 904 972
f 983 985 973
f 973 985 970
f 906 905 974
f 974 905 960
f 977 981 959
f 959 981 975
f 911 910 1143
f 1143 910 953
f 952 957 1142
f 1142 957 1145
f 911 1143 1366
f 1366 1143 1368
f 1185 1369 1145
f 1145 1369 1142
f 993 1519 966
f 966 1519 1456
f 965 1454 950
f 950 1454 1457
f 900 899 1459
f 1459 899 1460
f 988 991 1461
f 1461 991 1458
f 899 963 1460
f 1460 963 1462
f 985 987 970
f 970 987 1463
f 904 906 972
f 972 906 974
f 981 983 975
f 975 983 973
f 935 900 968
f 968 900 1459
f 991 994 1458
f 1458 994 969
f 1154 1526 1088
f 1088 1526 1089
f 1109 1112 1092
f 1092 1112 1093
f 1083 1098 1084
f 1084 1098 1097
f 1078 1471 1100
f 1100 1471 1101
f 1075 1078 1104
f 1104 1078 1100
f 1152 1154 1156
f 1156 1154 1088
f 1156 1155 1372
f 1372 1155 1373
f 1372 1373 1104
f 1104 1373 1075
f 1467 1109 1465
f 1465 1109 1092
f 1465 1182 1468
f 1468 1182 1184
f 1474 1470 1096
f 1096 1470 1097
f 1102 1101 1083
f 1083 1101 1098
f 1112 1531 1093
f 1093 1531 1529
f 1102 1073 1099
f 1099 1073 1072
f 1526 1154 1079
f 1079 1154 1080
f 1081 1091 1082
f 1082 1091 1094
f 1069 1068 1085
f 1085 1068 1086
f 1153 1151 1080
f 1080 1151 1058
f 1371 1177 1179
f 1179 1177 1176
f 1099 1072 1103
f 1103 1072 1176
f 1068 1071 1086
f 1086 1071 1073
f 1085 1084 1180
f 1180 1084 1469
f 1066 1065 1183
f 1183 1065 1181
f 1153 1152 1177
f 1177 1152 1178
f 1091 1081 1182
f 1182 1081 1183
f 1057 1525 1079
f 1079 1525 1527
f 1120 1117 1076
f 1076 1117 1077
f 1087 1090 1107
f 1107 1090 1108
f 1127 1126 1110
f 1110 1126 1111
f 1095 1116 1096
f 1096 1116 1115
f 1471 1078 1119
f 1119 1078 1077
f 1087 1107 1155
f 1155 1107 1158
f 1376 1374 1157
f 1157 1374 1158
f 1076 1075 1374
f 1374 1075 1373
f 1109 1467 1110
f 1110 1467 1472
f 1467 1466 1472
f 1472 1466 1473
f 1135 1475 1114
f 1114 1475 1115
f 1471 1119 1095
f 1095 1119 1116
f 1126 1532 1111
f 1111 1532 1530
f 914 1276 1480
f 1480 1276 1517
f 3127 3128 1223
f 1223 3128 1224
f 824 933 1455
f 1455 933 3129
f 3131 1448 3130
f 3130 1448 1447
f 3132 3133 1452
f 1452 3133 1453
f 3130 1447 1322
f 1322 1447 1455
f 933 1514 3129
f 3129 1514 3134
f 1161 3135 1480
f 1480 3135 1481
f 3128 3136 1224
f 1224 3136 1499
f 3133 1162 1453
f 1453 1162 1517
f 1515 3127 1535
f 1535 3127 1223
f 3095 3085 3131
f 3131 3085 1448
f 3137 3092 3085
f 3085 3092 3086
f 3138 3116 3137
f 3137 3116 3092
f 3110 3109 3117
f 3117 3109 3139
f 3105 3140 3117
f 3117 3140 3118
f 3140 3141 3118
f 3118 3141 3119
f 3142 3120 3141
f 3141 3120 3119
f 1498 3143 1277
f 1277 3143 882
f 3144 3145 1340
f 1340 3145 1339
f 1340 3146 3144
f 3144 3146 3147
f 3145 3144 3143
f 3143 3144 3148
f 871 901 872
f 872 901 1362
f 3149 3148 3147
f 3147 3148 3144
f 1208 3150 1209
f 3098 1786 1781
f 1781 1786 1782
f 2930 2929 3123
f 3123 2929 2911
f 1794 1791 2916
f 2916 1791 2917
f 1793 3101 2918
f 2918 3101 2919
f 1796 1794 2920
f 2920 1794 2916
f 3151 3152 2921
f 2921 3152 2922
f 3153 3154 2923
f 2923 3154 2924
f 2919 3101 2912
f 2912 3101 2913
f 3155 1796 2925
f 2925 1796 2920
f 3154 3156 2924
f 2924 3156 2926
f 1791 1793 2917
f 2917 1793 2918
f 3157 3158 2927
f 2927 3158 2928
f 1780 2930 1781
f 1781 2930 3123
f 2825 1267 1189
f 1189 1267 1190
f 2827 2828 1250
f 1250 2828 1251
f 1489 2830 1324
f 1324 2830 1325
f 923 1328 1334
f 1334 1328 1335
f 1485 2832 1482
f 1482 2832 1483
f 1266 1490 1492
f 1492 1490 1493
f 1333 1346 1334
f 1334 1346 2824
f 722 799 1492
f 1492 799 1190
f 664 657 1482
f 1482 657 2833
f 631 634 1324
f 1324 634 1493
f 2828 1494 1251
f 1251 1494 2835
f 1249 3021 1250
f 1250 3021 2838
f 798 2837 1189
f 1189 2837 2836
f 3100 842 3160
f 3160 842 3159
f 1788 3101 1789
f 1789 3101 1793
f 1792 816 1789
f 1789 816 1790
f 817 816 1795
f 1795 816 1792
f 938 817 1797
f 1797 817 1795
f 1796 3155 1797
f 1797 3155 1798
f 3155 3158 1798
f 1798 3158 1799
f 3157 3152 1801
f 1801 3152 1802
f 3151 3156 1803
f 1803 3156 1804
f 3154 3153 1805
f 1805 3153 1806
f 3153 3161 1806
f 1806 3161 1807
f 3099 843 3100
f 3100 843 842
f 1788 1787 3102
f 3102 1787 3112
f 2910 3115 3124
f 3124 3115 3122
f 3099 3098 3122
f 3122 3098 3124
f 416 1907 3052
f 3052 1907 3071
f 3046 3047 3163
f 3163 3047 3162
f 249 445 259
f 259 445 3164
f 425 3165 424
f 424 3165 461
f 408 410 329
f 329 410 330
f 39 331 40
f 40 331 332
f 305 304 423
f 423 304 464
f 385 254 458
f 458 254 392
f 250 415 251
f 251 415 412
f 233 337 234
f 234 337 3166
f 435 3055 1908
f 1908 3055 3072
f 443 1909 3056
f 3056 1909 3073
f 3167 3049 3057
f 3057 3049 444
f 452 3058 1332
f 1332 3058 3069
f 234 3166 346
f 346 3166 411
f 3046 3163 462
f 462 3163 3059
f 259 3164 260
f 260 3164 336
f 3047 417 3162
f 3162 417 3053
f 463 3168 434
f 434 3168 3054
f 454 830 425
f 425 830 3165
f 3062 3169 3063
f 3063 3169 3170
f 1355 1354 1534
f 1534 1354 3171
f 3063 3170 3068
f 3068 3170 3172
f 574 3061 3062
f 3062 3061 3169
f 1534 3171 1535
f 1535 3171 3173
f 3079 2873 3172
f 3172 2873 3068
f 2838 3025 2839
f 2839 3025 3174
f 3176 3177 3175
f 3175 3177 3178
f 3180 1125 3179
f 3179 1125 1128
f 3182 3183 3181
f 3181 3183 3184
f 1134 3185 1130
f 1130 3185 3182
f 3186 3187 3189
f 3189 3187 3188
f 3191 3189 3190
f 3190 3189 3188
f 1137 1122 3190
f 3190 1122 3192
f 3175 3178 3193
f 3193 3178 3194
f 3181 3184 3179
f 3179 3184 3195
f 3197 3198 3196
f 3196 3198 3180
f 3200 3178 3199
f 3199 3178 3177
f 3202 3196 3201
f 3201 3196 3195
f 3204 3184 3203
f 3203 3184 3183
f 3206 3207 3205
f 3205 3207 3186
f 3205 3186 3208
f 3208 3186 3189
f 3209 3208 3191
f 3191 3208 3189
f 3210 3194 3200
f 3200 3194 3178
f 3201 3195 3204
f 3204 3195 3184
f 3197 3211 3177
f 3177 3211 3199
f 3213 3214 3212
f 3212 3214 3215
f 3217 3218 3216
f 3216 3218 3219
f 3221 3222 3220
f 3220 3222 3223
f 3225 3226 3224
f 3224 3226 3227
f 3229 3230 3228
f 3228 3230 3231
f 3233 3234 3232
f 3232 3234 3235
f 3237 3238 3236
f 3236 3238 3239
f 3238 3240 3239
f 3239 3240 3241
f 3232 3235 3242
f 3242 3235 3243
f 3245 3246 3244
f 3244 3246 3247
f 3248 3249 3245
f 3245 3249 3246
f 3251 3252 3250
f 3250 3252 3253
f 3255 3252 3254
f 3254 3252 3251
f 3256 3257 3259
f 3259 3257 3258
f 3261 3262 3260
f 3260 3262 3263
f 3265 3263 3264
f 3264 3263 3262
f 3256 3259 3266
f 3266 3259 3267
f 3269 3270 3268
f 3268 3270 3271
f 3269 3272 3270
f 3270 3272 3273
f 3274 3275 3277
f 3277 3275 3276
f 3278 3279 3276
f 3276 3279 3277
f 3281 3282 3280
f 3280 3282 3283
f 3280 3284 3281
f 3281 3284 3285
f 3287 3288 3286
f 3286 3288 3289
f 3290 3291 3288
f 3288 3291 3289
f 3234 3218 3235
f 3235 3218 3217
f 3232 3292 3233
f 3233 3292 3293
f 3239 3294 3236
f 3236 3294 3219
f 3233 3293 3237
f 3237 3293 3295
f 3296 3294 3241
f 3241 3294 3239
f 3240 3238 3297
f 3297 3238 3298
f 3217 3216 3235
f 3235 3216 3243
f 3297 3299 3240
f 3240 3299 3242
f 3246 3300 3247
f 3247 3300 3223
f 3301 3302 3254
f 3254 3302 3244
f 3249 3303 3246
f 3246 3303 3300
f 3245 3304 3248
f 3248 3304 3292
f 3252 3221 3253
f 3253 3221 3220
f 3250 3248 3299
f 3299 3248 3292
f 3222 3221 3255
f 3255 3221 3252
f 3297 3301 3251
f 3251 3301 3254
f 3258 3214 3259
f 3259 3214 3213
f 3257 3256 3304
f 3304 3256 3305
f 3263 3306 3260
f 3260 3306 3215
f 3261 3257 3302
f 3302 3257 3304
f 3307 3306 3265
f 3265 3306 3263
f 3262 3301 3264
f 3264 3301 3308
f 3259 3213 3267
f 3267 3213 3212
f 3308 3309 3264
f 3264 3309 3266
f 3270 3310 3271
f 3271 3310 3231
f 3311 3312 3278
f 3278 3312 3268
f 3270 3273 3310
f 3310 3273 3313
f 3272 3269 3305
f 3305 3269 3314
f 3277 3229 3274
f 3274 3229 3228
f 3275 3272 3309
f 3309 3272 3305
f 3279 3230 3277
f 3277 3230 3229
f 3276 3308 3278
f 3278 3308 3311
f 3281 3315 3282
f 3282 3315 3227
f 3290 3316 3283
f 3283 3316 3317
f 3281 3285 3315
f 3315 3285 3318
f 3284 3280 3314
f 3314 3280 3319
f 3289 3225 3286
f 3286 3225 3224
f 3287 3284 3312
f 3284 3314 3312
f 3291 3226 3289
f 3289 3226 3225
f 3288 3311 3290
f 3290 3311 3316
f 3212 3215 3307
f 3307 3215 3306
f 3294 3296 3219
f 3219 3296 3216
f 3303 3220 3300
f 3300 3220 3223
f 3224 3227 3318
f 3318 3227 3315
f 3228 3231 3313
f 3313 3231 3310
f 3234 3233 3236
f 3236 3233 3237
f 3243 3241 3242
f 3242 3241 3240
f 3247 3255 3244
f 3244 3255 3254
f 3253 3249 3250
f 3250 3249 3248
f 3260 3258 3261
f 3261 3258 3257
f 3266 3267 3264
f 3264 3267 3265
f 3268 3271 3278
f 3278 3271 3279
f 3274 3273 3275
f 3275 3273 3272
f 3283 3282 3290
f 3290 3282 3291
f 3286 3285 3287
f 3287 3285 3284
f 3218 3234 3219
f 3219 3234 3236
f 3295 3298 3237
f 3237 3298 3238
f 3216 3296 3243
f 3243 3296 3241
f 3242 3299 3232
f 3232 3299 3292
f 3223 3222 3247
f 3247 3222 3255
f 3244 3302 3245
f 3245 3302 3304
f 3303 3249 3220
f 3220 3249 3253
f 3297 3251 3299
f 3299 3251 3250
f 3215 3214 3260
f 3260 3214 3258
f 3301 3262 3302
f 3302 3262 3261
f 3212 3307 3267
f 3267 3307 3265
f 3266 3309 3256
f 3256 3309 3305
f 3271 3231 3279
f 3279 3231 3230
f 3268 3312 3269
f 3269 3312 3314
f 3228 3313 3274
f 3274 3313 3273
f 3308 3276 3309
f 3309 3276 3275
f 3282 3227 3291
f 3291 3227 3226
f 3317 3319 3283
f 3283 3319 3280
f 3224 3318 3286
f 3286 3318 3285
f 3312 3311 3287
f 3311 3288 3287
f 3320 3321 3194
f 3194 3321 3193
f 1375 3321 1121
f 1121 3321 3322
f 3323 3324 3322
f 3322 3324 3192
f 3175 1124 3176
f 3176 1124 1123
f 3179 3195 3180
f 3180 3195 3196
f 3181 1131 3182
f 3182 1131 1130
f 3207 3185 3186
f 3186 3185 3187
f 1136 3188 1133
f 1133 3188 3187
f 3190 3188 1137
f 1137 3188 1136
f 3193 1159 3175
f 3175 1159 1124
f 3179 1128 3181
f 3181 1128 1131
f 1533 3198 1123
f 1123 3198 3176
f 3321 1375 3193
f 3193 1375 1159
f 3321 3320 3322
f 3322 3320 3323
f 1122 1121 3192
f 3192 1121 3322
f 3194 3210 3320
f 3320 3210 3325
f 3324 3323 3327
f 3327 3323 3326
f 3320 3325 3323
f 3323 3325 3326
f 3208 3328 3205
f 3205 3328 3329
f 3330 3206 3329
f 3329 3206 3205
f 3203 3331 3204
f 3204 3331 3332
f 3210 3333 3325
f 3325 3333 3334
f 3325 3334 3326
f 3326 3334 3335
f 3327 3326 3336
f 3336 3326 3335
f 3327 3209 3324
f 3324 3209 3191
f 3190 3192 3191
f 3191 3192 3324
f 3338 3339 3337
f 3337 3339 3340
f 3338 3341 3339
f 3339 3341 3342
f 3341 3343 3342
f 3342 3343 3344
f 3343 3345 3344
f 3344 3345 3346
f 3345 3347 3346
f 3346 3347 3348
f 3347 3349 3348
f 3348 3349 3350
f 3337 3340 3351
f 3351 3340 3352
f 3351 3352 3353
f 3353 3352 3354
f 3353 3354 3355
f 3355 3354 3356
f 3350 3349 3357
f 3357 3349 3358
f 3355 3356 3359
f 3359 3356 3360
f 3359 3360 3361
f 3361 3360 3362
f 3361 3362 3363
f 3363 3362 3364
f 3363 3364 3358
f 3358 3364 3357
f 3339 3342 3365
f 3365 3342 3366
f 3342 3344 3366
f 3366 3344 3367
f 3344 3346 3367
f 3367 3346 3368
f 3346 3348 3368
f 3368 3348 3369
f 3348 3350 3369
f 3369 3350 3370
f 3368 3369 3371
f 3371 3369 3372
f 3369 3370 3372
f 3372 3370 3373
f 3373 3374 3372
f 3372 3374 3375
f 3377 3378 3376
f 3376 3378 3379
f 3377 3375 3378
f 3378 3375 3374
f 3375 3380 3372
f 3372 3380 3371
f 3377 3381 3375
f 3375 3381 3380
f 3376 3382 3377
f 3377 3382 3381
f 3384 3385 3383
f 3383 3385 3386
f 3384 3383 3388
f 3388 3383 3387
f 3388 3387 3389
f 3389 3387 3390
f 3392 3385 3391
f 3391 3385 3384
f 3388 3393 3384
f 3384 3393 3391
f 3389 3394 3388
f 3388 3394 3393
f 3389 3395 3394
f 3394 3395 3396
f 3395 3389 3397
f 3397 3389 3390
f 3339 3365 3340
f 3340 3365 3398
f 3340 3398 3352
f 3352 3398 3399
f 3371 3400 3368
f 3368 3400 3367
f 3400 3401 3367
f 3367 3401 3366
f 3366 3401 3365
f 3365 3401 3402
f 3398 3365 3403
f 3403 3365 3402
f 3398 3403 3399
f 3399 3403 3404
f 3403 3405 3404
f 3404 3405 3406
f 3352 3399 3354
f 3354 3399 3407
f 3399 3404 3407
f 3407 3404 3408
f 3404 3406 3408
f 3408 3406 3409
f 3405 3410 3406
f 3406 3410 3411
f 3410 3412 3411
f 3411 3412 3413
f 3397 3414 3395
f 3395 3414 3415
f 3417 3415 3416
f 3416 3415 3412
f 3410 3418 3412
f 3412 3418 3416
f 3410 3405 3418
f 3418 3405 3419
f 3405 3403 3419
f 3419 3403 3402
f 3370 3350 3420
f 3420 3350 3357
f 3373 3370 3421
f 3421 3370 3420
f 3374 3373 3422
f 3422 3373 3421
f 3378 3374 3423
f 3423 3374 3422
f 3378 3423 3379
f 3379 3423 3424
f 3424 3425 3379
f 3379 3425 3386
f 3383 3426 3387
f 3387 3426 3427
f 3387 3427 3390
f 3390 3427 3428
f 3390 3428 3397
f 3397 3428 3429
f 3429 3430 3397
f 3397 3430 3414
f 3411 3413 3431
f 3431 3413 3432
f 3406 3411 3409
f 3409 3411 3431
f 3401 3400 3335
f 3335 3400 3336
f 3401 3335 3402
f 3402 3335 3334
f 3402 3334 3419
f 3419 3334 3333
f 3419 3333 3418
f 3418 3333 3433
f 3418 3433 3416
f 3416 3433 3434
f 3435 3417 3434
f 3434 3417 3416
f 3394 3396 3436
f 3436 3396 3437
f 3393 3394 3332
f 3332 3394 3436
f 3393 3332 3391
f 3391 3332 3331
f 3330 3392 3331
f 3331 3392 3391
f 3382 3329 3381
f 3381 3329 3328
f 3354 3407 3356
f 3356 3407 3438
f 3356 3438 3360
f 3360 3438 3439
f 3360 3439 3362
f 3362 3439 3440
f 3362 3440 3364
f 3364 3440 3441
f 3364 3441 3357
f 3357 3441 3420
f 3421 3420 3442
f 3442 3420 3441
f 3442 3441 3443
f 3443 3441 3440
f 3443 3440 3444
f 3444 3440 3439
f 3444 3439 3445
f 3445 3439 3438
f 3445 3438 3408
f 3408 3438 3407
f 3422 3421 3446
f 3446 3421 3442
f 3446 3442 3447
f 3447 3442 3443
f 3447 3443 3448
f 3448 3443 3444
f 3448 3444 3449
f 3449 3444 3445
f 3449 3445 3409
f 3409 3445 3408
f 3409 3431 3449
f 3449 3431 3450
f 3449 3450 3448
f 3448 3450 3451
f 3451 3452 3448
f 3448 3452 3447
f 3447 3452 3446
f 3446 3452 3453
f 3446 3453 3422
f 3422 3453 3423
f 3424 3423 3454
f 3454 3423 3453
f 3452 3455 3453
f 3453 3455 3454
f 3452 3451 3455
f 3455 3451 3456
f 3450 3457 3451
f 3451 3457 3456
f 3431 3432 3450
f 3450 3432 3457
f 3454 3458 3424
f 3424 3458 3425
f 3427 3426 3459
f 3459 3426 3460
f 3428 3427 3461
f 3461 3427 3459
f 3428 3461 3429
f 3429 3461 3462
f 3462 3463 3429
f 3429 3463 3430
f 3464 3465 3462
f 3462 3465 3463
f 3455 3466 3454
f 3454 3466 3458
f 3465 3464 3466
f 3466 3464 3467
f 3461 3459 3468
f 3468 3459 3469
f 3468 3469 3464
f 3464 3469 3467
f 3464 3462 3468
f 3468 3462 3461
f 3459 3460 3469
f 3469 3460 3467
f 3295 3351 3298
f 3298 3351 3353
f 3353 3355 3298
f 3298 3355 3297
f 3297 3355 3301
f 3301 3355 3359
f 3301 3359 3308
f 3308 3359 3361
f 3308 3361 3311
f 3311 3361 3363
f 3311 3363 3316
f 3316 3363 3358
f 3316 3358 3317
f 3317 3358 3349
f 3349 3347 3317
f 3317 3347 3319
f 3347 3345 3319
f 3319 3345 3314
f 3345 3343 3314
f 3314 3343 3305
f 3343 3341 3305
f 3305 3341 3304
f 3304 3341 3292
f 3292 3341 3338
f 3292 3338 3293
f 3293 3338 3337
f 3293 3337 3295
f 3295 3337 3351
f 3437 3202 3436
f 3436 3202 3201
f 3436 3201 3332
f 3332 3201 3204
f 3433 3200 3434
f 3434 3200 3199
f 3211 3435 3199
f 3199 3435 3434
f 3333 3210 3433
f 3433 3210 3200
f 3380 3470 3371
f 3400 3371 3336
f 3336 3371 3470
f 3381 3328 3380
f 3380 3328 3470
f 3470 3328 3209
f 3209 3328 3208
f 3336 3470 3327
f 3327 3470 3209
f 1545 1763 1546
f 1546 1763 1762
f 1403 1546 773
f 773 1546 770
f 1221 3013 1220
f 1220 3013 3471
f 1305 2877 1306
f 1306 2877 2879
f 1220 3471 828
f 828 3471 829
f 1217 1754 3472
f 3472 1754 1756
f 1049 3473 1048
f 1048 3473 3474
f 1371 1179 3473
f 3473 1179 3474
f 1074 3475 1179
f 1179 3475 3474
f 3474 3475 1048
f 1048 3475 1056
f 919 666 1345
f 1345 666 665
f 856 680 919
f 919 680 666
f 679 680 1449
f 1449 680 858
f 1367 878 1500
f 1500 878 877
f 1366 908 1367
f 1367 908 878
f 1512 916 1513
f 1513 916 915
f 947 1368 948
f 948 1368 1369
f 1047 1021 1044
f 1044 1021 1020
f 1370 1049 1019
f 1019 1049 1020
f 1173 1030 1174
f 1174 1030 1033
f 3126 1188 1464
f 1464 1188 1187
f 1800 1451 1512
f 1512 1451 916
f 1175 1174 1186
f 1186 1174 1187
f 1030 1173 1047
f 1047 1173 1021
f 1513 915 3476
f 3476 915 1481
f 1345 665 3477
f 3477 665 1483
f 1502 1501 876
f 876 1501 877
f 1205 1451 1803
f 1803 1451 1802
f 3479 2832 3478
f 3478 2832 2831
f 1449 858 2927
f 2927 858 2922
f 908 1366 947
f 947 1366 1368
f 949 948 3126
f 3126 948 1188
f 3480 3135 1502
f 1502 3135 1501
f 2927 2922 3157
f 3157 2922 3152
f 3477 1483 3479
f 3479 1483 2832
f 1803 1802 3151
f 3151 1802 3152
f 663 658 664
f 664 658 657
f 655 658 939
f 939 658 706
f 1512 870 1800
f 1800 870 869
f 875 874 876
f 876 874 873
f 849 874 905
f 905 874 958
f 949 962 946
f 946 962 961
f 978 3126 979
f 979 3126 1464
f 1031 1168 1032
f 1032 1168 1022
f 1045 1013 1046
f 1046 1013 1012
f 1045 1044 1056
f 1056 1044 1048
f 1047 1046 1030
f 1030 1046 1031
f 939 706 940
f 940 706 1450
f 979 1464 1032
f 1032 1464 1033
f 3480 1478 3476
f 3476 1478 3134
f 2829 1487 2830
f 2830 1487 1486
f 848 1230 873
f 873 1230 1479
f 867 870 933
f 933 870 1514
f 1800 869 1801
f 1801 869 1799
f 2830 1486 1325
f 1325 1486 2833
f 940 1450 2925
f 2925 1450 2928
f 946 961 907
f 907 961 958
f 959 962 977
f 977 962 978
f 3476 3134 1513
f 1513 3134 1514
f 2925 2928 3155
f 3155 2928 3158
f 1325 2833 656
f 656 2833 657
f 1801 1799 3157
f 3157 1799 3158
f 1074 1055 3475
f 3475 1055 1056
f 1371 3473 1370
f 1370 3473 1049
f 2884 615 3481
f 3481 615 618
f 3478 2831 2846
f 2846 2831 617
f 2831 1484 617
f 617 1484 618
f 1484 1487 618
f 618 1487 3481
f 2848 3481 2829
f 2829 3481 1487
f 1480 1517 1161
f 1161 1517 1162
f 3129 1323 1455
f 1455 1323 1322
f 3129 3134 1323
f 1323 3134 1478
f 1535 3173 1515
f 1515 3173 1516
f 3085 3095 3137
f 3137 3095 3094
f 3137 3094 3138
f 3138 3094 3104
f 3117 3139 3105
f 3105 3139 3106
f 1138 1141 3127
f 3127 1141 3128
f 3081 3131 1264
f 1264 3131 3130
f 1227 1226 3132
f 3132 1226 3133
f 1264 3130 1229
f 1229 3130 1322
f 1160 1501 1161
f 1161 1501 3135
f 1141 1476 3128
f 3128 1476 3136
f 1226 1163 3133
f 3133 1163 1162
f 1363 1138 1515
f 1515 1138 3127
f 3084 3095 3081
f 3081 3095 3131
f 3089 884 3105
f 3105 884 3140
f 884 883 3140
f 3140 883 3141
f 883 3482 3141
f 3141 3482 3142
f 3476 1481 3480
f 3480 1481 3135
f 1502 1479 3480
f 3480 1479 1478
f 3168 463 440
f 714 1880 715
f 715 1880 2905
f 896 732 2970
f 2970 732 731
f 1263 834 3082
f 3082 834 833
f 898 1231 853
f 853 1231 854
f 3125 890 2931
f 2931 890 889
f 1237 893 2851
f 2851 893 892
f 898 853 899
f 899 853 963
f 988 987 989
f 989 987 986
f 1002 1007 1003
f 1003 1007 1006
f 1038 1036 1007
f 1007 1036 1004
f 1070 1052 1005
f 1005 1052 1006
f 1069 1067 1070
f 1070 1067 1052
f 1130 1129 1134
f 1134 1129 1135
f 879 1167 880
f 880 1167 1166
f 1171 1169 1037
f 1037 1169 1038
f 1085 1180 1069
f 1069 1180 1067
f 1209 1210 879
f 879 1210 1167
f 2885 1215 1754
f 1754 1215 1214
f 1263 855 834
f 834 855 854
f 708 1244 1826
f 1826 1244 1243
f 2909 894 1254
f 1254 894 893
f 1228 1361 964
f 964 1361 1360
f 2908 2907 1436
f 1436 2907 1437
f 2990 1440 2991
f 2991 1440 1439
f 964 1360 965
f 965 1360 1454
f 950 1457 951
f 951 1457 1456
f 970 1463 971
f 971 1463 1462
f 1025 1169 984
f 984 1169 986
f 1084 1097 1469
f 1469 1097 1470
f 1096 1115 1474
f 1474 1115 1475
f 1140 1361 1141
f 1141 1361 1476
f 1212 1495 2828
f 2828 1495 1494
f 880 1166 1452
f 1452 1166 1499
f 715 2905 1504
f 1504 2905 2906
f 954 1519 955
f 955 1519 1518
f 1026 1520 992
f 992 1520 1518
f 1029 1520 1043
f 1043 1520 1521
f 997 1522 1040
f 1040 1522 1521
f 1015 1522 1016
f 1016 1522 1523
f 1523 996 1524
f 1524 996 1062
f 1057 1060 1525
f 1525 1060 1524
f 1094 1528 1082
f 1082 1528 1527
f 1526 1528 1089
f 1089 1528 1529
f 1090 1531 1108
f 1108 1531 1530
f 1125 1533 1126
f 1126 1533 1532
f 3483 1755 727
f 727 1755 1214
f 735 1814 707
f 707 1814 1813
f 2891 1834 1246
f 1246 1834 1243
f 2904 1881 1847
f 1847 1881 1848
f 1852 1855 1853
f 1853 1855 1858
f 1902 2903 1877
f 1877 2903 1878
f 2903 2904 1878
f 1878 2904 1847
f 714 713 1848
f 1848 713 1849
f 1440 2990 1883
f 1883 2990 2989
f 1883 2989 1852
f 1852 2989 1855
f 2895 1888 2892
f 2892 1888 1887
f 774 777 1877
f 1877 777 1903
f 1251 2835 1252
f 1252 2835 2834
f 1213 2844 1212
f 1212 2844 1495
f 2851 892 1213
f 1213 892 2844
f 3123 2911 3124
f 3124 2911 2910
f 887 2929 888
f 888 2929 889
f 1435 2963 1436
f 1436 2963 2961
f 1253 1438 1254
f 1254 1438 1437
f 2970 731 735
f 735 731 1814
f 733 732 2885
f 2885 732 1215
f 2901 2902 2976
f 2976 2902 2977
f 2975 2982 2976
f 2976 2982 2979
f 2899 2900 2981
f 2981 2900 2979
f 2899 2981 2898
f 2898 2981 2983
f 2986 2985 2984
f 2984 2985 2983
f 2897 2985 2896
f 2896 2985 2988
f 2991 1439 2987
f 2987 1439 2988
f 777 2978 1903
f 1903 2978 2977
f 1885 1888 1858
f 1858 1888 1853
f 3090 3088 836
f 836 3088 833
f 3083 3088 3097
f 3097 3088 3096
f 3097 3096 3104
f 3104 3096 3106
f 3111 3116 3108
f 3108 3116 3109
f 3112 3111 3114
f 3114 3111 3108
f 3113 3122 3114
f 3114 3122 3115
f 891 890 2837
f 2837 890 2834
f 951 1456 954
f 954 1456 1519
f 967 1457 936
f 936 1457 1454
f 971 1462 902
f 902 1462 963
f 1461 1463 988
f 988 1463 987
f 1466 1468 1474
f 1474 1468 1470
f 1089 1529 1090
f 1090 1529 1531
f 1184 1181 1469
f 1469 1181 1180
f 1082 1527 1061
f 1061 1527 1525
f 1129 1473 1135
f 1135 1473 1475
f 1108 1530 1105
f 1105 1530 1532
f 1452 1499 3132
f 3132 1499 3136
f 3109 3116 3139
f 3139 3116 3138
f 2912 2911 887
f 887 2911 2929
f 2836 2835 1497
f 1497 2835 1494
f 2913 3102 2910
f 2910 3102 3115
f 1133 3187 1134
f 1134 3187 3185
f 3177 3176 3197
f 3197 3176 3198
f 3203 3183 3206
f 3206 3183 3207
f 3196 3202 3197
f 3197 3202 3211
f 3183 3182 3207
f 3207 3182 3185
f 1125 3180 1533
f 1533 3180 3198
f 3331 3203 3330
f 3330 3203 3206
f 3376 3379 3385
f 3385 3379 3386
f 3382 3376 3392
f 3392 3376 3385
f 3412 3415 3413
f 3413 3415 3414
f 3417 3396 3415
f 3415 3396 3395
f 3383 3386 3426
f 3426 3386 3425
f 3413 3414 3432
f 3432 3414 3430
f 3437 3396 3435
f 3435 3396 3417
f 3329 3382 3330
f 3330 3382 3392
f 3426 3425 3460
f 3460 3425 3458
f 3432 3430 3457
f 3457 3430 3463
f 3457 3463 3456
f 3456 3463 3465
f 3460 3458 3467
f 3467 3458 3466
f 3466 3455 3465
f 3465 3455 3456
f 3202 3437 3211
f 3211 3437 3435
f 3104 3106 3138
f 3138 3106 3139
f 3132 3136 1227
f 1227 3136 1476
f 943 687 600
f 600 687 601
f 596 625 667
f 667 625 1297
f 687 686 601
f 601 686 653
f 1319 784 711
f 711 784 712
f 1811 607 783
f 783 607 712
f 862 921 917
f 917 921 920
f 3478 925 3479
f 3479 925 924
f 2846 926 3478
f 3478 926 925
f 659 662 929
f 929 662 930
f 856 921 857
f 857 921 1204
f 1206 864 1207
f 1207 864 863
f 2876 1219 2877
f 2877 1219 1218
f 667 1297 593
f 593 1297 1296
f 917 920 1333
f 1333 920 1346
f 686 693 653
f 653 693 930
f 1277 913 1498
f 1498 913 1207
f 592 1536 610
f 610 1536 711
f 864 1206 1805
f 1805 1206 1804
f 1317 1536 1900
f 1900 1536 1809
f 1900 1809 1295
f 1295 1809 1296
f 3479 924 3477
f 3477 924 2824
f 927 926 1203
f 1203 926 2847
f 3484 2859 3032
f 3032 2859 3033
f 3472 2878 1217
f 1217 2878 1218
f 2889 2888 2880
f 2880 2888 2881
f 2886 2883 2887
f 2887 2883 2882
f 929 928 2847
f 2847 928 1203
f 857 1204 2921
f 2921 1204 2926
f 1820 1819 2882
f 2882 1819 2881
f 1821 2883 2876
f 2876 2883 1219
f 782 2889 783
f 783 2889 2880
f 1352 3034 1353
f 1353 3034 3033
f 3031 3034 3041
f 3041 3034 3043
f 944 943 3043
f 3043 943 600
f 1339 3145 1498
f 1498 3145 3143
f 1208 882 3148
f 3148 882 3143
f 2921 2926 3151
f 3151 2926 3156
f 3477 2824 1345
f 1345 2824 1346
f 1805 1804 3154
f 3154 1804 3156
f 886 3103 883
f 883 3103 3482
f 841 1248 3485
f 3485 1248 3121
f 2811 2819 2812
f 2812 2819 2816
f 2818 2815 2817
f 2817 2815 2806
f 2817 2816 2818
f 2818 2816 2819
f 2793 2795 2819
f 2819 2795 2818
f 243 352 2793
f 2793 352 2795
f 242 353 243
f 243 353 352
f 359 191 242
f 242 191 353
f 247 192 359
f 359 192 191
f 157 193 247
f 247 193 192
f 156 194 157
f 157 194 193
f 378 261 156
f 156 261 194
f 378 381 261
f 261 381 195
f 195 381 196
f 196 381 376
f 196 376 198
f 198 376 375
f 375 1776 198
f 198 1776 197
f 1776 1767 197
f 197 1767 274
f 181 274 199
f 199 274 1767
f 568 566 564
f 564 566 563
f 568 569 566
f 566 569 567
f 501 1773 1771
f 1771 1773 578
f 547 579 1773
f 1773 579 578
f 3486 470 474
f 474 470 469
f 450 582 3487
f 3487 582 3488
f 582 583 3488
f 3488 583 3489
f 583 584 3489
f 3489 584 3490
f 3490 584 3491
f 3491 584 543
f 470 3486 466
f 466 3486 467
f 3489 3490 503
f 503 3490 504
f 503 3492 3489
f 3489 3492 3488
f 3492 503 3493
f 3493 503 502
f 3495 3492 3494
f 3494 3492 3493
f 3487 3488 3495
f 3495 3488 3492
f 468 1774 465
f 465 1774 570
f 3494 3493 1775
f 1775 3493 1771
f 3490 3491 504
f 504 3491 1772
f 3491 543 1772
f 1772 543 548
f 450 3487 474
f 474 3487 3486
f 3495 467 3487
f 3487 467 3486
f 3494 468 3495
f 3495 468 467
f 468 3494 1774
f 1774 3494 1775
f 501 1771 502
f 502 1771 3493
f 527 366 384
f 384 366 365
f 522 524 527
f 527 524 366
f 521 534 522
f 522 534 524
f 530 535 521
f 521 535 534
f 508 486 513
f 513 486 532
f 513 532 541
f 541 532 535
f 667 668 596
f 596 668 597
f 1294 1297 624
f 624 1297 625
f 603 641 604
f 604 641 640
f 1290 1293 650
f 650 1293 651
f 1758 691 660
f 660 691 661
f 602 671 599
f 599 671 670
f 654 662 690
f 690 662 661
f 2856 598 695
f 695 598 597
f 602 654 671
f 671 654 690
f 604 640 676
f 676 640 704
f 1826 1829 708
f 708 1829 709
f 1288 1284 740
f 740 1284 741
f 755 754 758
f 758 754 759
f 2853 2856 932
f 932 2856 695
f 689 691 1192
f 1192 691 1193
f 784 1319 1240
f 1240 1319 1241
f 1813 1816 1244
f 1244 1816 1245
f 754 1288 759
f 759 1288 740
f 1894 1242 1318
f 1318 1242 1241
f 2867 1348 1418
f 1418 1348 1347
f 676 704 673
f 673 704 1347
f 1284 1287 741
f 741 1287 1419
f 1421 1426 1422
f 1422 1426 1425
f 1758 660 615
f 615 660 616
f 1192 1191 1421
f 1421 1191 1426
f 2962 1839 1504
f 1504 1839 1505
f 941 1194 1759
f 1759 1194 1193
f 1287 1537 1419
f 1419 1537 1760
f 1882 2893 1823
f 1823 2893 1824
f 1886 1891 1827
f 1827 1891 1828
f 1887 1886 1834
f 1834 1886 1827
f 1841 716 1838
f 1838 716 1505
f 782 784 1850
f 1850 784 1240
f 1239 1242 1863
f 1863 1242 1864
f 1242 1894 1864
f 1864 1894 1873
f 1822 1239 1823
f 1823 1239 1863
f 1318 1317 1895
f 1895 1317 1900
f 1894 1896 1873
f 1873 1896 1897
f 1291 1896 1292
f 1292 1896 1895
f 605 1898 606
f 606 1898 1897
f 1258 1257 2854
f 2854 1257 2855
f 1257 1351 2855
f 2855 1351 2857
f 1351 1353 2857
f 2857 1353 2858
f 1353 3033 2858
f 2858 3033 2859
f 2860 2861 3036
f 3036 2861 3037
f 2862 2863 2870
f 2870 2863 3039
f 2870 2869 2862
f 2862 2869 2864
f 2868 2865 2869
f 2869 2865 2864
f 1764 2866 2868
f 2868 2866 2865
f 1537 1199 1760
f 1760 1199 1348
f 615 2884 1758
f 1758 2884 1759
f 1825 1246 2890
f 2890 1246 1245
f 2893 2892 1824
f 1824 2892 2891
f 761 2960 758
f 758 2960 2906
f 3000 2943 2940
f 2940 2943 2941
f 2968 710 2950
f 2950 710 709
f 1764 1423 2866
f 2866 1423 2953
f 1423 645 2953
f 2953 645 2954
f 645 644 2954
f 2954 644 2955
f 644 738 2955
f 2955 738 2956
f 738 764 2956
f 2956 764 2957
f 764 763 2957
f 2957 763 2958
f 763 2908 2958
f 2958 2908 2959
f 2908 1436 2959
f 2959 1436 2961
f 1837 2964 1435
f 1435 2964 2963
f 1837 2937 2964
f 2964 2937 2965
f 2936 2968 2966
f 2966 2968 2950
f 1840 2942 1838
f 1838 2942 2941
f 2939 2949 2940
f 2940 2949 3006
f 2939 2942 2966
f 2966 2942 2965
f 1822 1825 1850
f 1850 1825 2890
f 1891 3005 1828
f 1828 3005 3006
f 3035 3038 3045
f 3045 3038 3042
f 3045 3044 3035
f 3035 3044 3040
f 669 1422 3045
f 3045 1422 3044
f 599 670 3041
f 3041 670 3042
f 931 3067 932
f 932 3067 3065
f 2853 3066 2854
f 2854 3066 3076
f 3067 3496 3065
f 3065 3496 3497
f 3066 3498 3076
f 3076 3498 3499
f 707 1813 708
f 708 1813 1244
f 2960 2962 2906
f 2906 2962 1504
f 2892 1887 2891
f 2891 1887 1834
f 1839 2962 2963
f 2963 2962 2961
f 595 626 596
f 596 626 625
f 623 626 3484
f 3484 626 2859
f 1291 1290 606
f 606 1290 603
f 1290 650 603
f 603 650 641
f 641 650 642
f 642 650 649
f 2860 2863 649
f 649 2863 642
f 3036 3039 2860
f 2860 3039 2863
f 3035 3040 3036
f 3036 3040 3039
f 1294 1293 1295
f 1295 1293 1292
f 624 651 1294
f 1294 651 1293
f 623 652 624
f 624 652 651
f 3484 2861 623
f 623 2861 652
f 3032 3037 3484
f 3484 3037 2861
f 3031 3038 3032
f 3032 3038 3037
f 3481 2848 2884
f 2884 2848 942
f 2846 617 1427
f 1427 617 616
f 3049 3167 3048
f 3048 3167 3500
f 1906 3048 3070
f 3070 3048 3500
f 1337 1768 3501
f 3501 1768 3502
f 3020 3503 3021
f 3021 3503 3024
f 2914 3023 3020
f 3020 3023 3503
f 859 1770 860
f 860 1770 3504
f 1336 3505 1768
f 1768 3505 3502
f 3065 3497 3066
f 3066 3497 3498
f 2814 3075 3067
f 3067 3075 3496
f 2839 3174 766
f 766 3174 3017
f 1337 3501 1338
f 1338 3501 1769
f 767 3018 3026
f 3026 3018 3506
f 3076 3499 3064
f 3064 3499 3507
f 727 730 3483
f 3483 730 3030
f 3064 3507 2871
f 2871 3507 3077
f 3100 3160 1786
f 1786 3160 1784
f 3026 3506 752
f 752 3506 3015
f 860 3504 2923
f 2923 3504 3508
f 753 3016 3027
f 3027 3016 3509
f 3027 3509 3008
f 3008 3509 3028
f 1782 1785 1783
f 1783 1785 3022
f 2923 3508 3153
f 3153 3508 3161
f 3148 3149 1208
f 1208 3149 3150
f 1335 1328 3510
f 3510 1328 1327
f 1336 1335 3505
f 3505 1335 3510
f 866 3511 1340
f 1340 3511 3146
f 865 1808 866
f 866 1808 3511
f 842 841 3159
f 3159 841 3485
f 2849 3512 1329
f 1329 3512 1326
f 1202 1331 2849
f 2849 1331 3512
f 3514 3515 3513
f 3513 3515 3516
f 3518 3516 3517
f 3517 3516 3515
f 3519 3520 3514
f 3514 3520 3515
f 3522 3523 3521
f 3521 3523 3524
f 3526 3527 3525
f 3525 3527 3528
f 3530 3531 3529
f 3529 3531 3532
f 3534 3535 3533
f 3533 3535 3536
f 3529 3532 3537
f 3537 3532 3538
f 3537 3539 3529
f 3529 3539 3540
f 3542 3543 3541
f 3541 3543 3544
f 3546 3547 3545
f 3545 3547 3548
f 3550 3534 3549
f 3549 3534 3533
f 3550 3543 3551
f 3551 3543 3552
f 3537 3545 3539
f 3539 3545 3548
f 3553 3554 3556
f 3556 3554 3555
f 3537 3557 3545
f 3545 3557 3546
f 3558 3559 3561
f 3561 3559 3560
f 3563 3564 3562
f 3562 3564 3565
f 3564 3563 3566
f 3566 3563 3567
f 3569 3570 3568
f 3568 3570 3571
f 3573 3574 3572
f 3572 3574 3575
f 3577 3578 3576
f 3576 3578 3579
f 3581 3582 3580
f 3580 3582 3583
f 3585 3586 3584
f 3584 3586 3579
f 3586 3587 3579
f 3579 3587 3576
f 3589 3590 3588
f 3588 3590 3591
f 3592 3593 3595
f 3595 3593 3594
f 3597 3598 3596
f 3596 3598 3595
f 3583 3600 3599
f 3599 3600 3601
f 3603 3599 3602
f 3602 3599 3601
f 3605 3606 3604
f 3604 3606 3607
f 3608 3555 3596
f 3596 3555 3554
f 3597 3610 3609
f 3609 3610 3565
f 3564 3611 3565
f 3565 3611 3609
f 3611 3564 3612
f 3612 3564 3566
f 3613 3614 3569
f 3569 3614 3570
f 3615 3616 3573
f 3573 3616 3574
f 3517 3617 3518
f 3518 3617 3618
f 3620 3621 3619
f 3619 3621 3622
f 3624 3625 3623
f 3623 3625 3626
f 3628 3629 3627
f 3627 3629 3630
f 3632 3633 3631
f 3631 3633 3634
f 3636 3637 3635
f 3635 3637 3638
f 3640 3641 3639
f 3639 3641 3642
f 3643 3644 3639
f 3639 3644 3640
f 3646 3513 3645
f 3645 3513 3647
f 3648 3514 3646
f 3646 3514 3513
f 3649 3519 3648
f 3648 3519 3514
f 3650 3651 3527
f 3527 3651 3652
f 3654 3651 3653
f 3653 3651 3650
f 3568 3571 3655
f 3655 3571 3656
f 3657 3658 3653
f 3653 3658 3659
f 3661 3662 3660
f 3660 3662 3658
f 3664 3665 3663
f 3663 3665 3666
f 3667 3657 3650
f 3650 3657 3653
f 3669 3523 3668
f 3668 3523 3670
f 3672 3673 3671
f 3671 3673 3674
f 3676 3677 3675
f 3675 3677 3678
f 3671 3674 3676
f 3676 3674 3677
f 3680 3681 3679
f 3679 3681 3682
f 3683 3684 3680
f 3680 3684 3681
f 3685 3686 3661
f 3661 3686 3662
f 3686 3687 3662
f 3662 3687 3688
f 3684 3683 3689
f 3689 3683 3690
f 3692 3693 3691
f 3691 3693 3694
f 3691 3694 3695
f 3695 3694 3696
f 3698 3699 3697
f 3697 3699 3700
f 3702 3703 3701
f 3701 3703 3704
f 3705 3706 3519
f 3519 3706 3520
f 3673 3672 3707
f 3707 3672 3708
f 3709 3710 3682
f 3682 3710 3679
f 3711 3712 3692
f 3692 3712 3693
f 3714 3715 3713
f 3713 3715 3716
f 3718 3700 3717
f 3717 3700 3699
f 3720 3721 3719
f 3719 3721 3722
f 3724 3725 3723
f 3723 3725 3726
f 3727 3728 3730
f 3730 3728 3729
f 3722 3721 3731
f 3731 3721 3732
f 3697 3700 3733
f 3733 3700 3714
f 3733 3714 3734
f 3734 3714 3713
f 3721 3723 3732
f 3732 3723 3735
f 3720 3736 3724
f 3724 3736 3737
f 3700 3718 3714
f 3714 3718 3715
f 3717 3699 3738
f 3738 3699 3739
f 3536 3740 3533
f 3533 3740 3540
f 3742 3743 3741
f 3741 3743 3744
f 3746 3747 3745
f 3745 3747 3748
f 3750 3751 3749
f 3749 3751 3752
f 3627 3632 3628
f 3628 3632 3631
f 3754 3755 3753
f 3753 3755 3626
f 3562 3565 3756
f 3756 3565 3610
f 3527 3652 3528
f 3528 3652 3757
f 3758 3524 3669
f 3669 3524 3523
f 3582 3598 3583
f 3583 3598 3600
f 3759 3670 3522
f 3522 3670 3523
f 3675 3678 3760
f 3760 3678 3761
f 3762 3763 3690
f 3690 3763 3689
f 3765 3766 3764
f 3764 3766 3767
f 3768 3739 3698
f 3698 3739 3699
f 3726 3725 3770
f 3770 3725 3769
f 3645 3647 3771
f 3771 3647 3772
f 3645 3678 3646
f 3646 3678 3677
f 3646 3677 3648
f 3648 3677 3674
f 3673 3649 3674
f 3674 3649 3648
f 3707 3773 3673
f 3673 3773 3649
f 3775 3776 3774
f 3774 3776 3777
f 3779 3526 3778
f 3778 3526 3525
f 3526 3779 3667
f 3667 3779 3780
f 3780 3781 3667
f 3667 3781 3657
f 3672 3679 3708
f 3708 3679 3710
f 3671 3680 3672
f 3672 3680 3679
f 3676 3683 3671
f 3671 3683 3680
f 3675 3690 3676
f 3676 3690 3683
f 3760 3762 3675
f 3675 3762 3690
f 3682 3681 3783
f 3783 3681 3782
f 3689 3784 3684
f 3684 3784 3785
f 3684 3785 3681
f 3681 3785 3782
f 3786 3709 3783
f 3783 3709 3682
f 3784 3689 3787
f 3787 3689 3763
f 3789 3557 3788
f 3788 3557 3790
f 3792 3793 3791
f 3791 3793 3794
f 3616 3615 3795
f 3795 3615 3796
f 3797 3798 3727
f 3727 3798 3728
f 3800 3801 3799
f 3799 3801 3802
f 3803 3578 3592
f 3592 3578 3593
f 3805 3806 3804
f 3804 3806 3807
f 3599 3603 3585
f 3585 3603 3586
f 3587 3586 3604
f 3604 3586 3603
f 3588 3591 3794
f 3794 3591 3791
f 3581 3803 3582
f 3582 3803 3592
f 3594 3561 3608
f 3608 3561 3790
f 3662 3688 3808
f 3808 3688 3809
f 3665 3664 3810
f 3810 3664 3811
f 3719 3812 3720
f 3720 3812 3736
f 3717 3813 3718
f 3718 3813 3737
f 3723 3721 3724
f 3724 3721 3720
f 3813 3717 3814
f 3814 3717 3738
f 3815 3816 303
f 303 3816 304
f 3818 3819 3817
f 3817 3819 3820
f 3578 3803 3579
f 3579 3803 3584
f 3558 3593 3577
f 3577 3593 3578
f 3822 3823 3821
f 3821 3823 3824
f 3546 3826 3825
f 3825 3826 3827
f 3828 3829 3547
f 3547 3829 3541
f 3831 3542 3830
f 3830 3542 3832
f 3834 3822 3833
f 3833 3822 3821
f 3835 3836 3827
f 3827 3836 3825
f 3800 3799 3828
f 3828 3799 3829
f 3830 3832 3837
f 3837 3832 3838
f 331 330 3551
f 3551 330 3839
f 3831 333 3552
f 3552 333 332
f 3819 3797 3841
f 3841 3797 3840
f 3513 3516 3647
f 3647 3516 3746
f 337 336 3745
f 3745 336 3772
f 3525 3528 3775
f 3775 3528 3749
f 3610 3597 3554
f 3554 3597 3596
f 3706 3702 3520
f 3520 3702 3701
f 3756 3610 3553
f 3553 3610 3554
f 3757 3750 3528
f 3528 3750 3749
f 3517 3515 3701
f 3701 3515 3520
f 3842 3584 3581
f 3581 3584 3803
f 3525 3775 3778
f 3778 3775 3774
f 3638 3843 3635
f 3635 3843 3618
f 3617 3621 3618
f 3618 3621 3635
f 3617 3517 3704
f 3704 3517 3701
f 3521 3624 3522
f 3522 3624 3623
f 3749 3844 3775
f 3775 3844 3776
f 3846 3847 3845
f 3845 3847 3848
f 3843 3747 3618
f 3618 3747 3518
f 3850 3851 3849
f 3849 3851 3748
f 3853 3854 3852
f 3852 3854 3855
f 3856 3857 3622
f 3622 3857 3619
f 3859 3860 3858
f 3858 3860 3861
f 3862 3844 3752
f 3752 3844 3749
f 3863 3759 3623
f 3623 3759 3522
f 3864 3777 3630
f 3630 3777 3776
f 3713 3865 3734
f 3734 3865 3866
f 3868 3869 3867
f 3867 3869 3870
f 3872 3873 3871
f 3871 3873 3874
f 3876 3877 3875
f 3875 3877 3878
f 3879 3880 3878
f 3878 3880 3881
f 3882 3883 3885
f 3885 3883 3884
f 3780 3886 3781
f 3781 3886 3887
f 3888 3685 3869
f 3869 3685 3661
f 3880 3879 3883
f 3883 3879 3884
f 3693 3783 3694
f 3694 3783 3782
f 3696 3785 3764
f 3764 3785 3784
f 3694 3782 3696
f 3696 3782 3785
f 3693 3786 3783
f 3787 3765 3784
f 3784 3765 3764
f 386 385 3765
f 3765 385 3766
f 3695 3889 3691
f 3691 3889 3890
f 3691 3890 3692
f 3692 3890 3891
f 3892 3711 3891
f 3891 3711 3692
f 3767 3893 3695
f 3695 3893 3889
f 3766 3894 3767
f 3767 3894 3893
f 3882 3885 3895
f 3895 3885 3896
f 3898 3698 3897
f 3897 3698 3697
f 3897 3697 3899
f 3899 3697 3733
f 3899 3733 3900
f 3900 3733 3734
f 3901 3768 3898
f 3898 3768 3698
f 3901 3902 3768
f 3768 3902 3903
f 3904 3905 3907
f 3907 3905 3906
f 3869 3661 3870
f 3870 3661 3660
f 3908 3909 3896
f 3896 3909 3895
f 3909 3758 3895
f 3895 3758 3669
f 3751 3531 3752
f 3752 3531 3848
f 3858 3536 3854
f 3854 3536 3535
f 3652 3562 3757
f 3757 3562 3756
f 3651 3654 3563
f 3563 3654 3567
f 3655 3656 3808
f 3808 3656 3659
f 3530 3740 3845
f 3845 3740 3861
f 3751 3750 3556
f 3556 3750 3553
f 3817 3820 3796
f 3796 3820 3795
f 410 409 3910
f 3910 409 3855
f 3750 3757 3553
f 3553 3757 3756
f 3908 3886 3909
f 3909 3886 3780
f 409 411 3855
f 3855 411 3851
f 413 412 3760
f 3760 412 3762
f 415 414 3763
f 3763 414 3787
f 3790 3557 3538
f 3538 3557 3537
f 3555 3608 3538
f 3538 3608 3790
f 3574 3911 3575
f 3575 3911 3912
f 3535 3534 3910
f 3910 3534 3839
f 3831 3552 3542
f 3542 3552 3543
f 3534 3550 3839
f 3839 3550 3551
f 3543 3550 3544
f 3544 3550 3549
f 3913 3914 3916
f 3916 3914 3915
f 3806 3805 3589
f 3589 3805 3590
f 3849 3843 3917
f 3917 3843 3638
f 3853 3644 3859
f 3859 3644 3742
f 3747 3746 3518
f 3518 3746 3516
f 3695 3696 3767
f 3767 3696 3764
f 3903 3918 3768
f 3768 3918 3739
f 3738 3739 3816
f 3816 3739 3918
f 3919 3920 3769
f 3769 3920 3770
f 3921 3726 3922
f 3922 3726 3770
f 3678 3645 3761
f 3761 3645 3771
f 3924 3913 3923
f 3923 3913 3916
f 3802 3925 3838
f 3838 3925 3837
f 3577 3926 3558
f 3558 3926 3559
f 3815 3919 3814
f 3814 3919 3769
f 3927 3928 3822
f 3822 3928 3823
f 3829 3832 3541
f 3541 3832 3542
f 3834 3927 3822
f 3832 3829 3838
f 3838 3829 3799
f 3745 3772 3746
f 3746 3772 3647
f 3849 3748 3843
f 3843 3748 3747
f 3854 3853 3858
f 3858 3853 3859
f 3854 3535 3855
f 3855 3535 3910
f 3557 3789 3546
f 3546 3789 3826
f 3923 3823 3924
f 3924 3823 3928
f 3823 3923 3929
f 3929 3923 3930
f 3531 3751 3532
f 3532 3751 3556
f 3532 3556 3538
f 3538 3556 3555
f 3932 3634 3931
f 3931 3634 3633
f 3814 3769 3813
f 3813 3769 3725
f 3620 3636 3621
f 3621 3636 3635
f 3847 3862 3848
f 3848 3862 3752
f 3531 3530 3848
f 3848 3530 3845
f 3933 3934 3830
f 3830 3934 3831
f 3925 3933 3837
f 3837 3933 3830
f 3934 440 3831
f 3831 440 333
f 3925 3802 3833
f 3833 3802 3801
f 3776 3844 3630
f 3630 3844 3627
f 3808 3659 3662
f 3662 3659 3658
f 3667 3650 3526
f 3526 3650 3527
f 3935 3666 3936
f 3936 3666 3665
f 3718 3737 3715
f 3715 3737 3736
f 3663 3809 3664
f 3664 3809 3688
f 3807 3806 3938
f 3938 3806 3937
f 445 413 3761
f 3761 413 3760
f 3902 447 3903
f 3903 447 446
f 3897 3890 3898
f 3898 3890 3889
f 3899 3891 3897
f 3897 3891 3890
f 3898 3889 3901
f 3901 3889 3893
f 3893 3894 3901
f 3901 3894 3902
f 414 386 3787
f 3787 386 3765
f 3940 3941 3939
f 3939 3941 3942
f 3840 3797 3943
f 3943 3797 3727
f 3665 3810 3936
f 3936 3810 3944
f 3921 3735 3726
f 3726 3735 3723
f 3920 3945 3770
f 3770 3945 3922
f 3521 3524 3774
f 3774 3524 3778
f 3864 3946 3625
f 3625 3946 3947
f 3773 3705 3649
f 3649 3705 3519
f 3779 3778 3758
f 3758 3778 3524
f 3812 3716 3736
f 3736 3716 3715
f 3624 3521 3777
f 3777 3521 3774
f 3703 3856 3704
f 3704 3856 3622
f 3900 3892 3899
f 3899 3892 3891
f 3641 3917 3642
f 3642 3917 3948
f 3895 3669 3882
f 3882 3669 3668
f 3855 3851 3852
f 3852 3851 3850
f 3894 458 3902
f 3902 458 447
f 3781 3887 3660
f 3660 3887 3870
f 3570 3566 3571
f 3571 3566 3567
f 3950 3576 3949
f 3949 3576 3587
f 3605 3602 3614
f 3614 3602 3612
f 3614 3612 3570
f 3570 3612 3566
f 3571 3567 3656
f 3656 3567 3654
f 3660 3658 3781
f 3781 3658 3657
f 3604 3607 3587
f 3587 3607 3949
f 3653 3659 3654
f 3654 3659 3656
f 3529 3540 3530
f 3530 3540 3740
f 3687 3811 3688
f 3688 3811 3664
f 3813 3725 3737
f 3737 3725 3724
f 3919 3815 461
f 461 3815 303
f 3818 3798 3819
f 3819 3798 3797
f 3819 3841 3820
f 3820 3841 3951
f 3816 3815 3738
f 3738 3815 3814
f 3540 3539 3533
f 3533 3539 3549
f 3548 3547 3544
f 3544 3547 3541
f 3539 3548 3549
f 3549 3548 3544
f 3741 3931 3860
f 3860 3931 3846
f 3801 3800 3835
f 3835 3800 3836
f 3934 3933 3824
f 3824 3933 3821
f 3825 3828 3546
f 3546 3828 3547
f 3833 3821 3925
f 3925 3821 3933
f 3800 3828 3836
f 3836 3828 3825
f 3824 3952 3934
f 3934 3952 440
f 3860 3846 3861
f 3861 3846 3845
f 3629 3946 3630
f 3630 3946 3864
f 3740 3536 3861
f 3861 3536 3858
f 3833 3801 3834
f 3834 3801 3835
f 3583 3599 3580
f 3580 3599 3585
f 3651 3563 3652
f 3652 3563 3562
f 3758 3909 3779
f 3779 3909 3780
f 3621 3617 3622
f 3622 3617 3704
f 3625 3947 3626
f 3626 3947 3753
f 3633 3632 3847
f 3847 3632 3862
f 3852 3850 3640
f 3640 3850 3641
f 3644 3853 3640
f 3640 3853 3852
f 3859 3742 3860
f 3860 3742 3741
f 3632 3627 3862
f 3862 3627 3844
f 3755 3863 3626
f 3626 3863 3623
f 3917 3638 3948
f 3948 3638 3637
f 3644 3643 3742
f 3742 3643 3743
f 3931 3633 3846
f 3846 3633 3847
f 3625 3624 3864
f 3864 3624 3777
f 3917 3641 3849
f 3849 3641 3850
f 3744 3932 3741
f 3741 3932 3931
f 3903 446 3918
f 3918 446 464
f 3953 3954 3956
f 3956 3954 3955
f 3958 3959 3957
f 3957 3959 3960
f 3876 3958 3877
f 3877 3958 3957
f 3877 3957 3961
f 3961 3957 3962
f 3963 3964 3958
f 3958 3964 3959
f 3965 3966 3876
f 3876 3966 3958
f 3966 3963 3958
f 3966 3967 3963
f 3963 3967 3968
f 3878 3877 3879
f 3879 3877 3961
f 3967 3969 3968
f 3968 3969 3970
f 3969 3971 3970
f 3970 3971 3972
f 3974 3904 3973
f 3973 3904 3907
f 3971 3975 3972
f 3972 3975 3976
f 3976 3975 3978
f 3978 3975 3977
f 3979 3980 3977
f 3977 3980 3978
f 3981 3982 3979
f 3979 3982 3980
f 3983 3984 3981
f 3981 3984 3982
f 3972 3985 3970
f 3970 3985 3986
f 3871 3987 3969
f 3969 3987 3971
f 3872 3871 3967
f 3967 3871 3969
f 3965 3872 3966
f 3966 3872 3967
f 3970 3986 3968
f 3968 3986 3988
f 3879 3961 3884
f 3884 3961 3940
f 3884 3940 3885
f 3885 3940 3939
f 3989 3990 3992
f 3992 3990 3991
f 3942 3993 3995
f 3995 3993 3994
f 3994 3996 3995
f 3995 3996 3974
f 3997 3998 3994
f 3994 3998 3996
f 3999 3997 3993
f 3993 3997 3994
f 4001 3996 4000
f 4000 3996 3998
f 4000 3998 4002
f 4002 3998 4003
f 4004 4003 3997
f 3997 4003 3998
f 3997 3999 4004
f 4004 3999 4005
f 4006 3995 3973
f 3973 3995 3974
f 3939 3942 4006
f 4006 3942 3995
f 3906 3887 3907
f 3907 3887 3886
f 3887 3906 3870
f 3870 3906 3867
f 3908 3973 3886
f 3886 3973 3907
f 3865 4007 3866
f 3866 4007 4008
f 3984 3983 4009
f 4009 3983 4010
f 3961 3962 3940
f 3940 3962 3941
f 4012 3868 4011
f 4011 3868 3867
f 4013 3975 3987
f 3987 3975 3971
f 4014 3977 4013
f 4013 3977 3975
f 4015 4010 4007
f 4007 4010 3983
f 4007 3983 4008
f 4008 3983 3981
f 4008 3981 4016
f 4016 3981 3979
f 4017 3984 4018
f 4018 3984 4009
f 3977 4014 3979
f 3979 4014 4016
f 3982 3984 4019
f 4019 3984 4017
f 4021 4022 4020
f 4020 4022 4023
f 4022 4012 4023
f 4023 4012 4011
f 4023 3904 4020
f 4020 3904 3974
f 4024 4025 4018
f 4018 4025 4017
f 4026 4027 4024
f 4024 4027 4025
f 4028 4026 4029
f 4029 4026 4024
f 4018 4021 4024
f 4024 4021 4029
f 4030 4031 4026
f 4026 4031 4027
f 4032 4030 4028
f 4028 4030 4026
f 4029 4001 4028
f 4028 4001 4000
f 4028 4000 4032
f 4032 4000 4002
f 4034 4035 4033
f 4033 4035 4036
f 4037 4038 4019
f 4019 4038 4039
f 4041 4039 4040
f 4040 4039 4038
f 4040 4038 4042
f 4042 4038 4036
f 4042 4036 4043
f 4043 4036 4035
f 3985 4044 4046
f 4046 4044 4045
f 4047 4048 4045
f 4045 4048 4046
f 4047 4049 4048
f 4048 4049 4050
f 4042 4047 4040
f 4040 4047 4045
f 4043 4049 4042
f 4042 4049 4047
f 4040 4045 4041
f 4041 4045 4044
f 4052 3959 4051
f 4051 3959 3964
f 4053 4054 4051
f 4051 4054 4055
f 3956 3960 4052
f 4052 3960 3959
f 3953 3956 4056
f 4056 3956 4052
f 4058 3953 4057
f 4057 3953 4056
f 4060 4061 4059
f 4059 4061 4062
f 4063 4064 4054
f 4054 4064 4057
f 4054 4053 4063
f 4063 4053 4065
f 4066 4067 4069
f 4069 4067 4068
f 4048 4050 4063
f 4063 4050 4064
f 4063 4065 4048
f 4048 4065 4046
f 3985 4046 3986
f 3986 4046 4065
f 3986 4065 3988
f 3988 4065 4053
f 3988 4053 3964
f 3964 4053 4051
f 3976 3978 4044
f 4044 3978 4041
f 3980 3982 4039
f 4039 3982 4019
f 4039 4041 3980
f 3980 4041 3978
f 3973 3908 4006
f 4006 3908 3896
f 3885 3939 3896
f 3896 3939 4006
f 4031 4034 4027
f 4027 4034 4033
f 4027 4033 4025
f 4025 4033 4037
f 4019 4017 4037
f 4037 4017 4025
f 3993 3942 4070
f 4070 3942 3941
f 3999 3993 4071
f 4071 3993 4070
f 3999 4071 4005
f 4005 4071 4072
f 4073 4074 4076
f 4076 4074 4075
f 4078 4079 4077
f 4077 4079 4080
f 4082 4080 4081
f 4081 4080 4079
f 4084 4085 4083
f 4083 4085 4086
f 4087 4088 4090
f 4090 4088 4089
f 4092 4093 4091
f 4091 4093 4094
f 4096 4097 4095
f 4095 4097 4098
f 4100 4101 4099
f 4099 4101 4102
f 4103 4104 4106
f 4106 4104 4105
f 4108 4109 4107
f 4107 4109 4110
f 4112 4113 4111
f 4111 4113 4114
f 4116 4117 4115
f 4115 4117 4118
f 4120 4121 4119
f 4119 4121 4122
f 4123 4124 4126
f 4126 4124 4125
f 4127 4128 4130
f 4130 4128 4129
f 4132 4133 4131
f 4131 4133 4134
f 4136 4108 4135
f 4135 4108 4107
f 4138 4139 4137
f 4137 4139 4140
f 4141 4142 4088
f 4088 4142 4089
f 4144 4145 4143
f 4143 4145 4146
f 4148 4149 4147
f 4147 4149 4150
f 4152 4153 4151
f 4151 4153 4154
f 4156 4082 4155
f 4155 4082 4081
f 4157 4158 4160
f 4160 4158 4159
f 4161 4162 4164
f 4164 4162 4163
f 4166 4122 4165
f 4165 4122 4121
f 4168 4152 4167
f 4167 4152 4151
f 4169 4170 4172
f 4172 4170 4171
f 4174 4175 4173
f 4173 4175 4176
f 4178 4149 4177
f 4177 4149 4179
f 4173 4176 4180
f 4180 4176 4181
f 4156 4085 4182
f 4182 4085 4183
f 4182 4184 4156
f 4156 4184 4082
f 4185 4186 4184
f 4184 4186 4187
f 4186 4188 4187
f 4187 4188 4189
f 4190 4191 4073
f 4073 4191 4074
f 4177 4179 4158
f 4158 4179 4159
f 4193 4127 4192
f 4192 4127 4130
f 4144 4194 4151
f 4151 4194 4167
f 4196 4197 4195
f 4195 4197 4198
f 4095 4199 4096
f 4096 4199 4200
f 4201 4202 4204
f 4204 4202 4203
f 4205 4206 4208
f 4208 4206 4207
f 4121 4120 4209
f 4209 4120 4210
f 4212 4213 4211
f 4211 4213 4214
f 4216 4217 4215
f 4215 4217 4218
f 4220 4221 4219
f 4219 4221 4222
f 4224 4196 4223
f 4223 4196 4195
f 4225 4226 4134
f 4134 4226 4131
f 4228 4229 4227
f 4227 4229 4230
f 4232 4233 4231
f 4231 4233 4098
f 4235 4236 4234
f 4234 4236 4237
f 4239 4240 4238
f 4238 4240 4241
f 4242 4243 4245
f 4245 4243 4244
f 4246 4247 4249
f 4249 4247 4248
f 4251 4252 4250
f 4250 4252 4253
f 4255 4256 4254
f 4254 4256 4257
f 4259 4260 4258
f 4258 4260 4261
f 4263 4264 4262
f 4262 4264 4265
f 4267 4268 4266
f 4266 4268 4269
f 4271 4199 4270
f 4270 4199 4272
f 4273 4274 4276
f 4276 4274 4275
f 4115 4118 4277
f 4277 4118 4278
f 4280 4281 4279
f 4279 4281 4282
f 4211 4283 4212
f 4212 4283 4284
f 4286 4287 4285
f 4285 4287 4288
f 4165 4121 4289
f 4289 4121 4209
f 4291 4286 4290
f 4290 4286 4285
f 4293 4294 4292
f 4292 4294 4295
f 4297 4298 4296
f 4296 4298 4299
f 4301 4302 4300
f 4300 4302 4303
f 4299 4304 4296
f 4296 4304 4305
f 4306 4292 4307
f 4307 4292 4295
f 4307 4308 4306
f 4306 4308 4309
f 4310 4309 4075
f 4075 4309 4308
f 4299 4298 4312
f 4312 4298 4311
f 4302 4301 4293
f 4293 4301 4294
f 3735 3921 4313
f 4313 3921 4314
f 4315 4314 3922
f 3922 4314 3921
f 4316 3945 829
f 829 3945 830
f 4289 4317 4165
f 4165 4317 4318
f 4320 4321 4319
f 4319 4321 4322
f 4324 4325 4323
f 4323 4325 4326
f 4327 4328 4330
f 4330 4328 4329
f 4290 4331 4291
f 4291 4331 4332
f 4165 4318 4166
f 4166 4318 4333
f 4334 4335 4337
f 4337 4335 4336
f 4339 4340 4338
f 4338 4340 4341
f 4168 4343 4342
f 4342 4343 4344
f 4346 4347 4345
f 4345 4347 4348
f 4350 4351 4349
f 4349 4351 4352
f 4354 4355 4353
f 4353 4355 4356
f 4357 4358 4324
f 4324 4358 4325
f 4337 4359 4334
f 4334 4359 4360
f 4362 4363 4361
f 4361 4363 4364
f 4366 4367 4365
f 4365 4367 4368
f 4369 4370 4372
f 4372 4370 4371
f 4331 4290 4374
f 4374 4290 4373
f 4373 4376 4375
f 4375 4376 4377
f 4379 4380 4378
f 4378 4380 4381
f 4217 4382 4218
f 4218 4382 4383
f 4385 4386 4384
f 4384 4386 4387
f 4388 4389 4338
f 4338 4389 4390
f 4337 4336 4392
f 4392 4336 4391
f 4394 4362 4393
f 4393 4362 4361
f 4396 4397 4395
f 4395 4397 4398
f 4400 4401 4399
f 4399 4401 4402
f 4345 4403 4346
f 4346 4403 4404
f 4405 4406 4342
f 4342 4406 4407
f 4409 4410 4408
f 4408 4410 4411
f 4408 4412 4409
f 4409 4412 4413
f 4181 4415 4414
f 4414 4415 4416
f 4182 4183 4417
f 4417 4183 4418
f 4419 4353 4311
f 4311 4353 4312
f 4421 4422 4420
f 4420 4422 4423
f 4353 4356 4312
f 4312 4356 4424
f 4166 4333 4425
f 4425 4333 4426
f 4425 4143 4166
f 4166 4143 4122
f 4427 4107 4428
f 4428 4107 4110
f 4429 4430 4174
f 4174 4430 4175
f 4335 4431 4336
f 4336 4431 4390
f 4336 4390 4391
f 4391 4390 4389
f 4432 4433 4435
f 4435 4433 4434
f 4437 4438 4436
f 4436 4438 4439
f 4441 4442 4440
f 4440 4442 4443
f 4359 4444 4361
f 4361 4444 4393
f 4446 4447 4445
f 4445 4447 4448
f 4338 4341 4388
f 4388 4341 4449
f 4450 4451 4398
f 4398 4451 4395
f 4453 4454 4452
f 4452 4454 4455
f 4457 4458 4456
f 4456 4458 4459
f 4460 4461 4448
f 4448 4461 4445
f 4463 4464 4462
f 4462 4464 4465
f 4462 4465 4466
f 4466 4465 4467
f 4468 4469 4467
f 4467 4469 4466
f 4469 4468 4470
f 4470 4468 4471
f 4472 4473 4471
f 4471 4473 4470
f 4475 4476 4474
f 4474 4476 4477
f 4479 4480 4478
f 4478 4480 4481
f 4483 4484 4482
f 4482 4484 4485
f 4487 4488 4486
f 4486 4488 4489
f 4491 4492 4490
f 4490 4492 4493
f 4494 4495 4493
f 4493 4495 4490
f 4496 4497 4494
f 4494 4497 4495
f 4497 4496 4498
f 4498 4496 4499
f 4500 4501 4503
f 4503 4501 4502
f 4505 4506 4504
f 4504 4506 4507
f 4466 4508 4462
f 4462 4508 4509
f 4470 4510 4469
f 4469 4510 4511
f 4513 4479 4512
f 4512 4479 4478
f 4515 4443 4514
f 4514 4443 4442
f 4516 4517 4519
f 4519 4517 4518
f 4521 4495 4520
f 4520 4495 4497
f 4522 4490 4521
f 4521 4490 4495
f 4491 4523 4488
f 4488 4523 4524
f 4525 4489 4524
f 4524 4489 4488
f 4484 4526 4485
f 4485 4526 4527
f 4503 4528 4500
f 4500 4528 4529
f 4530 4531 4533
f 4533 4531 4532
f 4535 4506 4534
f 4534 4506 4530
f 4486 4536 4487
f 4487 4536 4537
f 4487 4537 4492
f 4492 4537 4538
f 4494 4539 4496
f 4496 4539 4540
f 4542 4533 4541
f 4541 4533 4499
f 4544 4545 4543
f 4543 4545 4546
f 4548 4549 4547
f 4547 4549 4550
f 4536 4551 4537
f 4537 4551 4552
f 4537 4552 4538
f 4538 4552 4553
f 4554 4539 4556
f 4556 4539 4555
f 4557 4540 4554
f 4554 4540 4539
f 4559 4557 4558
f 4558 4557 4560
f 4540 4557 4541
f 4541 4557 4559
f 4562 4563 4561
f 4561 4563 4564
f 4546 4565 4543
f 4543 4565 4566
f 4547 4567 4548
f 4548 4567 4568
f 4570 4571 4569
f 4569 4571 4572
f 4574 4575 4573
f 4573 4575 4576
f 4578 4579 4577
f 4577 4579 4580
f 4582 4583 4581
f 4581 4583 4584
f 4585 4586 4588
f 4588 4586 4587
f 4589 4585 4590
f 4590 4585 4588
f 4592 4593 4591
f 4591 4593 4594
f 4596 4597 4595
f 4595 4597 4598
f 4600 4601 4599
f 4599 4601 4602
f 4563 4604 4603
f 4603 4604 4605
f 4603 4606 4608
f 4608 4606 4607
f 4609 4610 4594
f 4594 4610 4591
f 4611 4612 4614
f 4614 4612 4613
f 4616 4617 4615
f 4615 4617 4618
f 4602 4620 4619
f 4619 4620 4621
f 4619 4622 4602
f 4602 4622 4599
f 4605 4599 4623
f 4623 4599 4622
f 4605 4623 4603
f 4603 4623 4606
f 4625 4626 4624
f 4624 4626 4627
f 4438 4437 4628
f 4628 4437 4629
f 4442 4441 4630
f 4630 4441 4631
f 4630 4632 4442
f 4442 4632 4514
f 4633 4634 4529
f 4529 4634 4500
f 4500 4634 4501
f 4501 4634 4635
f 4637 4546 4636
f 4636 4546 4545
f 4639 4565 4638
f 4638 4565 4640
f 4573 4576 4641
f 4641 4576 4642
f 4593 4643 4594
f 4594 4643 4644
f 4645 4609 4644
f 4644 4609 4594
f 4647 4648 4646
f 4646 4648 4649
f 4651 4652 4650
f 4650 4652 4653
f 4654 4498 4519
f 4519 4498 4532
f 4520 4508 4521
f 4521 4508 4511
f 4522 4510 4523
f 4523 4510 4655
f 4524 4656 4525
f 4525 4656 4657
f 4514 4529 4515
f 4515 4529 4528
f 4658 4659 4661
f 4661 4659 4660
f 4496 4540 4499
f 4499 4540 4541
f 4493 4555 4494
f 4494 4555 4539
f 4549 4483 4550
f 4550 4483 4482
f 4545 4544 4501
f 4501 4544 4502
f 4636 4545 4635
f 4635 4545 4501
f 4589 4663 4662
f 4662 4663 4664
f 4662 4665 4558
f 4558 4665 4559
f 4569 4586 4570
f 4570 4586 4560
f 4552 4666 4553
f 4553 4666 4667
f 4668 4669 4670
f 4670 4669 4666
f 4672 4673 4671
f 4671 4673 4674
f 4287 4675 4288
f 4288 4675 4676
f 4678 4679 4677
f 4677 4679 4680
f 4681 4678 4682
f 4682 4678 4677
f 4682 4683 4681
f 4681 4683 4684
f 4161 4164 4685
f 4685 4164 4686
f 4414 4687 4689
f 4689 4687 4688
f 4405 4690 4346
f 4346 4690 4347
f 4691 4399 4693
f 4693 4399 4692
f 1209 4694 4365
f 4365 4694 4366
f 4650 1211 4651
f 4651 1211 1210
f 4695 4696 4255
f 4255 4696 4256
f 4697 4698 4218
f 4218 4698 4215
f 4700 4701 4699
f 4699 4701 4702
f 4703 4704 4303
f 4303 4704 4300
f 4315 3922 4316
f 4316 3922 3945
f 4653 4706 4705
f 4705 4706 4707
f 4709 4710 4708
f 4708 4710 4711
f 4335 4334 4713
f 4713 4334 4712
f 4714 4340 4321
f 4321 4340 4322
f 4716 4717 4715
f 4715 4717 4718
f 4238 4241 4719
f 4719 4241 4720
f 4231 4721 4307
f 4307 4721 4308
f 4723 4724 4722
f 4722 4724 4725
f 4727 4728 4726
f 4726 4728 4729
f 4730 4731 4327
f 4327 4731 4328
f 4733 4734 4732
f 4732 4734 4735
f 4720 4381 4736
f 4736 4381 4737
f 4738 4739 4741
f 4741 4739 4740
f 4743 4744 4742
f 4742 4744 4745
f 4338 4390 4339
f 4339 4390 4431
f 4746 4747 4431
f 4431 4747 4339
f 4291 4332 4289
f 4289 4332 4317
f 4289 4209 4291
f 4291 4209 4286
f 4287 4286 4210
f 4210 4286 4209
f 4749 4750 4748
f 4748 4750 4751
f 4212 4284 4752
f 4752 4284 4753
f 4752 4754 4212
f 4212 4754 4213
f 4252 4251 4225
f 4225 4251 4226
f 4227 4230 4248
f 4248 4230 4249
f 4205 4755 4757
f 4757 4755 4756
f 4708 4711 4758
f 4758 4711 4647
f 4367 4366 4759
f 4759 4366 4760
f 4526 4513 4527
f 4527 4513 4512
f 4420 4423 4385
f 4385 4423 4386
f 4705 4761 4653
f 4653 4761 4650
f 4761 1279 4650
f 4650 1279 1211
f 4762 4763 3944
f 3944 4763 3936
f 4274 4273 4765
f 4765 4273 4764
f 4767 4768 4766
f 4766 4768 4769
f 4770 4771 4769
f 4769 4771 4766
f 4771 4770 4242
f 4242 4770 4243
f 4093 4163 4094
f 4094 4163 4162
f 4772 4773 4775
f 4775 4773 4774
f 4777 4778 4776
f 4776 4778 4779
f 4417 4185 4182
f 4182 4185 4184
f 4780 4078 4781
f 4781 4078 4077
f 4781 4077 4782
f 4782 4077 4189
f 4188 4783 4189
f 4189 4783 4782
f 4295 4232 4307
f 4307 4232 4231
f 4785 4786 4784
f 4784 4786 4787
f 4784 1307 4785
f 4785 1307 1306
f 4078 4780 4096
f 4096 4780 4097
f 4075 4074 4310
f 4310 4074 4788
f 4788 4074 4789
f 4789 4074 4191
f 4789 4191 4059
f 4059 4191 4790
f 4791 4277 4792
f 4792 4277 4278
f 3732 3735 4793
f 4793 3735 4313
f 4793 4794 3732
f 3732 4794 3731
f 4792 4795 4791
f 4791 4795 4796
f 4797 4798 4799
f 4799 4798 4724
f 4763 4800 3936
f 3936 4800 3935
f 4801 4062 3729
f 3729 4062 3730
f 4713 4712 4802
f 4802 4712 4803
f 4146 4804 4119
f 4119 4804 4805
f 4498 4654 4497
f 4497 4654 4520
f 4806 4807 1326
f 1326 4807 1327
f 4689 4688 1330
f 1330 4688 1331
f 4801 4789 4062
f 4062 4789 4059
f 3730 4062 4808
f 4808 4062 4061
f 4810 4811 4809
f 4809 4811 4812
f 4813 4403 4814
f 4814 4403 4345
f 4815 4816 4349
f 4349 4816 4350
f 4817 4818 4820
f 4820 4818 4819
f 4406 4821 4407
f 4407 4821 4822
f 4823 4161 4824
f 4824 4161 4685
f 4181 4414 4825
f 4825 4414 4689
f 4741 4740 4826
f 4826 4740 4827
f 4828 4829 4827
f 4827 4829 4826
f 4142 4141 4415
f 4415 4141 4148
f 4830 1354 4761
f 4761 1354 1279
f 4832 4833 4831
f 4831 4833 4834
f 4835 4836 4626
f 4626 4836 4421
f 4451 4709 4395
f 4395 4709 4708
f 4627 4420 4837
f 4837 4420 4385
f 4837 1365 4838
f 4838 1365 1364
f 4397 4396 4839
f 4839 4396 4840
f 4842 4628 4841
f 4841 4628 4629
f 4671 4674 4631
f 4631 4674 4630
f 4674 4659 4630
f 4630 4659 4632
f 4633 4632 4658
f 4658 4632 4659
f 4658 4504 4633
f 4633 4504 4634
f 4635 4634 4507
f 4507 4634 4504
f 4843 4636 4507
f 4507 4636 4635
f 4844 4637 4843
f 4843 4637 4636
f 4637 4844 4640
f 4640 4844 4664
f 4638 4663 4642
f 4642 4663 4845
f 4847 4643 4846
f 4846 4643 4641
f 4644 4848 4645
f 4645 4848 4849
f 4851 4852 4850
f 4850 4852 4853
f 4855 4856 4854
f 4854 4856 4857
f 4859 4860 4858
f 4858 4860 4857
f 4715 4718 4859
f 4859 4718 4860
f 4862 4863 4861
f 4861 4863 4864
f 4866 4867 4865
f 4865 4867 4868
f 4870 4871 4869
f 4869 4871 4872
f 4869 4872 4116
f 4116 4872 4117
f 4820 4819 4874
f 4874 4819 4873
f 4876 4877 4875
f 4875 4877 4878
f 4880 4881 4879
f 4879 4881 4882
f 4884 4885 4883
f 4883 4885 4886
f 4887 4888 4280
f 4280 4888 4281
f 4818 4817 4889
f 4889 4817 4890
f 4891 4193 4823
f 4823 4193 4192
f 4892 4893 4228
f 4228 4893 4229
f 4158 4157 4894
f 4894 4157 4895
f 4896 4897 4132
f 4132 4897 4133
f 4099 4683 4100
f 4100 4683 4682
f 4101 4100 4899
f 4899 4100 4898
f 4150 4106 4147
f 4147 4106 4900
f 4100 4682 4898
f 4898 4682 4677
f 4080 4082 4187
f 4187 4082 4184
f 4077 4080 4189
f 4189 4080 4187
f 4191 4190 4790
f 4790 4190 4901
f 4177 4158 4680
f 4680 4158 4894
f 4108 4136 4752
f 4752 4136 4754
f 4752 4753 4108
f 4108 4753 4109
f 4817 4902 4890
f 4890 4902 4903
f 4904 4905 4907
f 4907 4905 4906
f 4909 4910 4908
f 4908 4910 4911
f 4913 4914 4912
f 4912 4914 4915
f 4916 4917 4919
f 4919 4917 4918
f 4312 4424 4299
f 4299 4424 4304
f 4920 4921 4297
f 4297 4921 4298
f 4194 4922 4167
f 4167 4922 4923
f 4924 4400 4691
f 4691 4400 4399
f 4395 4708 4396
f 4396 4708 4758
f 4367 4925 4368
f 4368 4925 4926
f 4919 4918 4873
f 4873 4918 4874
f 4836 4927 4421
f 4421 4927 4422
f 4921 4928 4298
f 4298 4928 4311
f 4143 4146 4122
f 4122 4146 4119
f 4929 4930 4455
f 4455 4930 4452
f 4932 4933 4931
f 4931 4933 4934
f 4935 4936 4932
f 4932 4936 4933
f 4461 4460 4457
f 4457 4460 4458
f 4480 4479 4475
f 4475 4479 4476
f 4660 4673 4517
f 4517 4673 4937
f 4661 4505 4658
f 4658 4505 4504
f 4484 4483 4489
f 4489 4483 4486
f 4462 4509 4463
f 4463 4509 4518
f 4469 4511 4466
f 4466 4511 4508
f 4655 4473 4656
f 4656 4473 4477
f 4476 4657 4477
f 4477 4657 4656
f 4479 4513 4476
f 4476 4513 4657
f 4489 4525 4484
f 4484 4525 4526
f 4483 4549 4486
f 4486 4549 4536
f 4549 4548 4536
f 4536 4548 4551
f 4548 4568 4551
f 4551 4568 4670
f 4663 4589 4845
f 4845 4589 4590
f 4668 4577 4938
f 4938 4577 4580
f 4940 4938 4939
f 4939 4938 4941
f 4940 4942 4669
f 4669 4942 4943
f 4587 4582 4944
f 4944 4582 4581
f 4848 4847 4608
f 4608 4847 4564
f 4616 4945 4613
f 4613 4945 4598
f 4615 4946 4616
f 4616 4946 4945
f 4947 4939 4948
f 4948 4939 4946
f 4599 4605 4600
f 4600 4605 4604
f 4608 4607 4848
f 4848 4607 4849
f 4613 4612 4616
f 4616 4612 4617
f 4835 4949 4709
f 4709 4949 4710
f 4357 1477 4837
f 4837 1477 1365
f 4712 4950 4803
f 4803 4950 4951
f 4401 4952 4402
f 4402 4952 4953
f 4759 4760 4402
f 4402 4760 4399
f 4508 4520 4509
f 4509 4520 4654
f 4510 4522 4511
f 4511 4522 4521
f 4513 4526 4657
f 4657 4526 4525
f 4632 4633 4514
f 4514 4633 4529
f 4931 4934 4453
f 4453 4934 4454
f 4153 4954 4154
f 4154 4954 4955
f 4957 4958 4956
f 4956 4958 4959
f 4961 4962 4960
f 4960 4962 4963
f 4120 4964 4210
f 4210 4964 4965
f 4967 4968 4966
f 4966 4968 4969
f 4349 4692 4815
f 4815 4692 4970
f 4652 4971 4653
f 4653 4971 4706
f 4758 4647 4972
f 4972 4647 4646
f 4973 4363 4646
f 4646 4363 4972
f 4950 4360 4974
f 4974 4360 4364
f 4431 4335 4746
f 4746 4335 4713
f 4358 4714 4325
f 4325 4714 4321
f 4765 4764 4266
f 4266 4764 4975
f 4202 4976 4203
f 4203 4976 4977
f 4917 4978 4918
f 4918 4978 4979
f 4279 4282 4854
f 4854 4282 4269
f 4820 4880 4817
f 4817 4880 4902
f 4890 4903 4980
f 4980 4903 4886
f 4982 4983 4981
f 4981 4983 4123
f 4795 4851 4796
f 4796 4851 4850
f 4918 4979 4874
f 4874 4979 4881
f 4809 4404 4810
f 4810 4404 4403
f 4354 4985 4984
f 4984 4985 4986
f 1364 1516 4838
f 4838 1516 4987
f 4759 4988 4367
f 4367 4988 4925
f 4989 4990 4481
f 4481 4990 4478
f 4443 4515 4990
f 4990 4515 4991
f 4527 4512 4992
f 4992 4512 4991
f 4528 4503 4992
f 4992 4503 4993
f 4993 4994 4485
f 4485 4994 4482
f 4544 4995 4502
f 4502 4995 4994
f 4995 4996 4550
f 4550 4996 4547
f 4998 4999 4997
f 4997 4999 4566
f 4998 5000 4578
f 4578 5000 4579
f 5001 5002 4596
f 4596 5002 4597
f 5003 4591 5004
f 5004 4591 4610
f 4626 4421 4627
f 4627 4421 4420
f 4837 4838 4627
f 4627 4838 4624
f 4761 4705 4830
f 4830 4705 5005
f 4705 4707 5005
f 5005 4707 5006
f 4308 4721 4075
f 4075 4721 4076
f 5007 4200 4797
f 4797 4200 4798
f 4685 4686 5008
f 5008 4686 5009
f 4889 4890 5010
f 5010 4890 4980
f 4323 1541 4324
f 4324 1541 1540
f 4385 4384 4358
f 4358 4384 4714
f 4396 4758 4840
f 4840 4758 4972
f 4866 4852 5011
f 5011 4852 5012
f 5013 4260 4980
f 4980 4260 5010
f 4875 4878 5014
f 5014 4878 5015
f 5017 5018 5016
f 5016 5018 5019
f 5016 5019 5020
f 5020 5019 5021
f 5023 5024 5022
f 5022 5024 5025
f 5027 5028 5026
f 5026 5028 5029
f 5031 5032 5030
f 5030 5032 5033
f 5035 5036 5034
f 5034 5036 5037
f 5039 5040 5038
f 5038 5040 5041
f 5043 5044 5042
f 5042 5044 5045
f 5038 5046 5039
f 5039 5046 5047
f 5049 5050 5048
f 5048 5050 5051
f 5053 5054 5052
f 5052 5054 5055
f 5057 5024 5056
f 5056 5024 5058
f 5060 5061 5059
f 5059 5061 5062
f 5064 5065 5063
f 5063 5065 5066
f 5043 5050 5064
f 5064 5050 5065
f 5038 5041 5067
f 5067 5041 5068
f 5070 5071 5069
f 5069 5071 5072
f 5074 5075 5073
f 5073 5075 5076
f 5034 5077 5035
f 5035 5077 5078
f 5080 5081 5079
f 5079 5081 5082
f 5084 5085 5083
f 5083 5085 5086
f 5085 5084 5087
f 5087 5084 5088
f 5090 5091 5089
f 5089 5091 5092
f 5094 5095 5093
f 5093 5095 5096
f 5098 5099 5097
f 5097 5099 5100
f 5102 5103 5101
f 5101 5103 5104
f 5105 5106 5108
f 5108 5106 5107
f 5110 5111 5109
f 5109 5111 5112
f 5114 5094 5113
f 5113 5094 5093
f 5116 5117 5115
f 5115 5117 5118
f 5120 5121 5119
f 5119 5121 5122
f 5124 5125 5123
f 5123 5125 5126
f 5128 5129 5127
f 5127 5129 5130
f 5097 5131 5098
f 5098 5131 5132
f 5134 5135 5133
f 5133 5135 5122
f 5084 5125 5088
f 5088 5125 5136
f 5138 5139 5137
f 5137 5139 5140
f 5142 5102 5141
f 5141 5102 5101
f 5106 5143 5107
f 5107 5143 5144
f 5146 5147 5145
f 5145 5147 5148
f 5149 5150 5109
f 5109 5150 5110
f 5151 5110 5152
f 5152 5110 5150
f 4715 5140 4716
f 4716 5140 5139
f 5143 4870 5144
f 5144 4870 4869
f 4115 5146 4116
f 4116 5146 5145
f 4791 4796 5149
f 5149 4796 5150
f 4796 4850 5150
f 5150 4850 5152
f 4858 5142 4859
f 4859 5142 5141
f 5153 5154 5115
f 5115 5154 5105
f 5156 5157 5155
f 5155 5157 5158
f 5159 5160 5053
f 5053 5160 5054
f 5161 5162 5020
f 5020 5162 5068
f 5026 5029 5163
f 5163 5029 5021
f 5083 5086 5164
f 5164 5086 5165
f 5090 5167 5166
f 5166 5167 5168
f 5169 5170 5172
f 5172 5170 5171
f 5174 5175 5173
f 5173 5175 5176
f 5177 5109 5178
f 5178 5109 5112
f 5179 5180 5182
f 5182 5180 5181
f 5123 5126 5120
f 5120 5126 5121
f 5180 5167 5181
f 5181 5167 5183
f 5184 5185 5179
f 5179 5185 5180
f 5186 5149 5177
f 5177 5149 5109
f 4868 5184 4865
f 4865 5184 5179
f 5188 5189 5187
f 5187 5189 5190
f 4277 4791 5186
f 5186 4791 5149
f 5179 5182 4865
f 4865 5182 4853
f 5189 4862 5190
f 5190 4862 4861
f 5156 5075 5191
f 5191 5075 5192
f 5036 5035 5193
f 5193 5035 5194
f 5115 5118 5153
f 5153 5118 5195
f 5022 5025 5196
f 5196 5025 5197
f 5155 5158 5069
f 5069 5158 5062
f 5063 5066 5198
f 5198 5066 5199
f 5073 5076 5200
f 5200 5076 5072
f 5202 5131 5201
f 5201 5131 5203
f 5143 5106 5204
f 5204 5106 5205
f 5114 5113 5206
f 5206 5113 5127
f 5098 5132 5193
f 5193 5132 5195
f 5204 5207 5143
f 5143 5207 4870
f 5088 5136 5208
f 5208 5136 5092
f 5209 5210 5089
f 5089 5210 5183
f 5211 5018 5060
f 5060 5018 5061
f 5017 5040 5070
f 5070 5040 5071
f 5191 5160 5156
f 5156 5160 5157
f 5048 5028 5049
f 5049 5028 5058
f 5207 5204 4858
f 4858 5204 5142
f 4859 5141 4715
f 4715 5141 5140
f 5212 5162 5042
f 5042 5162 5051
f 5182 5152 4853
f 4853 5152 4850
f 5214 5134 5213
f 5213 5134 5133
f 5164 5165 5133
f 5133 5165 5213
f 5215 5216 5201
f 5201 5216 5217
f 5147 5218 5148
f 5148 5218 5219
f 5147 5177 5218
f 5218 5177 5178
f 5141 5101 5140
f 5140 5101 5137
f 5201 5217 5202
f 5202 5217 5104
f 5146 5186 5147
f 5147 5186 5177
f 4277 5186 4115
f 4115 5186 5146
f 5191 5192 5031
f 5031 5192 5032
f 5052 5055 5220
f 5220 5055 5197
f 4116 5145 4869
f 4869 5145 5144
f 5034 5037 5214
f 5214 5037 5134
f 5097 5100 5114
f 5114 5100 5094
f 5108 5107 5219
f 5219 5107 5148
f 5221 5135 5116
f 5116 5135 5117
f 5124 5111 5209
f 5209 5111 5210
f 5107 5144 5148
f 5148 5144 5145
f 5152 5182 5151
f 5151 5182 5181
f 5208 5222 5088
f 5088 5222 5087
f 5222 5208 5171
f 5171 5208 5172
f 5223 1756 4698
f 4698 1756 1755
f 4427 5224 4107
f 4107 5224 4135
f 4178 4679 5225
f 5225 4679 5226
f 5227 5228 4892
f 4892 5228 4893
f 5229 5230 4171
f 4171 5230 4172
f 4855 4268 4884
f 4884 4268 4885
f 4884 4871 4855
f 4855 4871 4856
f 4684 5231 4896
f 4896 5231 4897
f 4768 4767 5009
f 5009 4767 5008
f 5205 5154 5102
f 5102 5154 5103
f 5099 5098 5194
f 5194 5098 5193
f 5198 5199 5079
f 5079 5199 5033
f 5102 5142 5205
f 5205 5142 5204
f 5224 4427 4681
f 4681 4427 4678
f 3712 3711 5232
f 5232 3711 5233
f 3968 3988 3963
f 3963 3988 3964
f 3976 4044 3972
f 3972 4044 3985
f 4038 4037 4036
f 4036 4037 4033
f 4794 4762 3731
f 3731 4762 3944
f 3731 3944 3722
f 3722 3944 3810
f 3874 5234 5232
f 5232 5234 3712
f 3906 3905 3867
f 3867 3905 4011
f 3904 4023 3905
f 3905 4023 4011
f 3719 3722 3811
f 3811 3722 3810
f 3812 3719 3687
f 3687 3719 3811
f 3716 3812 3686
f 3686 3812 3687
f 3713 3716 3685
f 3685 3716 3686
f 4810 4403 5235
f 5235 4403 4813
f 4345 1770 4814
f 4814 1770 1769
f 4067 4066 4058
f 4058 4066 5236
f 4043 4068 4049
f 4049 4068 4050
f 4034 5237 3989
f 3989 5237 3990
f 4031 4030 4072
f 4072 4030 4005
f 4003 4004 4002
f 4002 4004 4032
f 4004 4005 4032
f 4032 4005 4030
f 4067 4064 4068
f 4068 4064 4050
f 4058 4057 4067
f 4067 4057 4064
f 4035 4034 5238
f 5238 4034 3989
f 5236 5239 4058
f 4058 5239 5240
f 5234 3874 5241
f 5241 3874 3873
f 5241 3873 3881
f 3881 3873 3878
f 4800 4763 4788
f 4788 4763 4310
f 4763 4762 4310
f 4310 4762 4309
f 4762 4794 4309
f 4309 4794 4306
f 4794 4793 4306
f 4306 4793 4292
f 4293 4313 4302
f 4302 4313 4314
f 4302 4314 4303
f 4303 4314 4315
f 4303 4315 4703
f 4703 4315 4316
f 4035 4069 4043
f 4043 4069 4068
f 4324 1540 4357
f 4357 1540 1477
f 5232 3987 3874
f 3874 3987 3871
f 3987 5232 4013
f 4013 5232 5233
f 4013 5233 4014
f 4014 5233 5242
f 3888 4015 3865
f 3865 4015 4007
f 3866 4008 5243
f 5243 4008 4016
f 3873 5244 3878
f 3878 5244 3875
f 3965 5244 3872
f 3872 5244 3873
f 3876 3875 3965
f 3965 3875 5244
f 5243 4016 5242
f 5242 4016 4014
f 5246 5247 5245
f 5245 5247 5248
f 3576 3950 3577
f 3577 3950 3926
f 3584 3842 3585
f 3585 3842 3580
f 5249 5247 1784
f 1784 5247 1785
f 5250 5251 5253
f 5253 5251 5252
f 5255 5252 5254
f 5254 5252 5256
f 5254 5256 5258
f 5258 5256 5257
f 5258 5257 5260
f 5260 5257 5259
f 4356 5261 4424
f 4424 5261 5259
f 4355 5262 4356
f 4356 5262 5261
f 4924 5264 5263
f 5263 5264 5265
f 4693 5266 4691
f 4691 5266 5267
f 4351 5268 4352
f 4352 5268 5269
f 1808 1807 4351
f 4351 1807 5268
f 3580 3842 3581
f 3799 3802 3838
f 4800 4788 4801
f 4801 4788 4789
f 3729 3935 4801
f 4801 3935 4800
f 3728 3666 3729
f 3729 3666 3935
f 3728 3798 3666
f 3666 3798 3663
f 3798 3818 3663
f 3663 3818 3809
f 3818 3817 3809
f 3809 3817 3808
f 3796 3655 3817
f 3817 3655 3808
f 3615 3568 3796
f 3796 3568 3655
f 3573 3569 3615
f 3615 3569 3568
f 3572 3613 3573
f 3573 3613 3569
f 3792 3606 3572
f 3572 3606 3613
f 3607 3791 3949
f 3949 3791 3591
f 3590 3950 3591
f 3591 3950 3949
f 3805 3926 3590
f 3590 3926 3950
f 3804 3559 3805
f 3805 3559 3926
f 3804 3914 3559
f 3559 3914 3560
f 3924 3789 3913
f 3913 3789 3788
f 3924 3928 3789
f 3789 3928 3826
f 3928 3927 3826
f 3826 3927 3827
f 3927 3834 3827
f 3827 3834 3835
f 4079 4078 5270
f 5270 4078 5007
f 5271 5272 4233
f 4233 5272 5273
f 5275 5276 5274
f 5274 5276 5277
f 5278 5279 4236
f 4236 5279 4237
f 5278 5280 5271
f 5271 5280 5272
f 4235 5281 4236
f 4236 5281 5282
f 5284 5285 5283
f 5283 5285 5286
f 5288 5289 5287
f 5287 5289 5290
f 5292 5293 5291
f 5291 5293 5294
f 5287 5290 4726
f 4726 5290 5295
f 4293 4292 4313
f 4313 4292 4793
f 4720 4736 4719
f 4719 4736 5296
f 5297 4909 5298
f 5298 4909 4908
f 5299 5300 4976
f 4976 5300 5301
f 5302 4202 5303
f 5303 4202 4201
f 5304 5305 4983
f 4983 5305 5306
f 5308 5309 5307
f 5307 5309 5310
f 4722 4725 5283
f 5283 4725 5311
f 5291 5294 4125
f 4125 5294 4126
f 5313 5314 5312
f 5312 5314 5315
f 5316 5317 5319
f 5319 5317 5318
f 5321 5308 5320
f 5320 5308 5307
f 4819 4981 4873
f 4873 4981 5322
f 4981 4123 5322
f 5322 4123 4126
f 5324 5325 5323
f 5323 5325 5326
f 4764 5327 4975
f 4975 5327 5328
f 4172 5327 4169
f 4169 5327 5329
f 4768 4171 4769
f 4769 4171 4170
f 4243 4755 4244
f 4244 4755 5330
f 4755 4205 5330
f 5330 4205 4208
f 4206 4906 4207
f 4207 4906 4905
f 4686 5014 5009
f 5009 5014 5229
f 4756 4770 4170
f 4170 4770 4769
f 4170 4169 4756
f 4756 4169 4757
f 4273 5329 4764
f 4764 5329 5327
f 4276 5331 4273
f 4273 5331 5329
f 4770 4756 4243
f 4243 4756 4755
f 5333 4889 5332
f 5332 4889 5010
f 4877 5332 4878
f 4878 5332 4259
f 4875 4164 4876
f 4876 4164 4163
f 5334 5335 5324
f 5324 5335 5325
f 4983 5306 4123
f 4123 5306 4124
f 4818 4982 4819
f 4819 4982 4981
f 5332 5010 4259
f 4259 5010 4260
f 5014 4686 4875
f 4875 4686 4164
f 4171 4768 5229
f 5229 4768 5009
f 5337 4916 5336
f 5336 4916 4919
f 5293 5337 5294
f 5294 5337 5336
f 4982 4818 5333
f 5333 4818 4889
f 5338 5339 4262
f 4262 5339 5340
f 5307 5310 5338
f 5338 5310 5339
f 5341 5342 4204
f 4204 5342 5309
f 5336 4919 5322
f 5322 4919 4873
f 5294 5336 4126
f 4126 5336 5322
f 5323 5326 5343
f 5343 5326 5286
f 4914 5344 4915
f 4915 5344 5345
f 5312 5315 5344
f 5344 5315 5345
f 5347 5348 5346
f 5346 5348 5349
f 5350 5351 4832
f 4832 5351 4833
f 5352 5353 5349
f 5349 5353 5346
f 5354 5338 4265
f 4265 5338 4262
f 5320 5307 5354
f 5354 5307 5338
f 4201 5308 5303
f 5303 5308 5321
f 5356 5357 5355
f 5355 5357 4799
f 5358 5359 5334
f 5334 5359 5335
f 5358 5360 4093
f 4093 5360 4163
f 5360 5305 4163
f 4163 5305 4876
f 5305 5304 4876
f 4876 5304 4877
f 5270 4778 4079
f 4079 4778 4081
f 4779 5361 4774
f 4774 5361 5357
f 5356 5359 4775
f 4775 5359 4092
f 5333 5304 4982
f 4982 5304 4983
f 5332 4877 5333
f 5333 4877 5304
f 5015 4258 5230
f 5230 4258 5328
f 5327 4172 5328
f 5328 4172 5230
f 4169 5329 4757
f 4757 5329 5331
f 4757 5331 4205
f 4205 5331 4206
f 5331 4276 4206
f 4206 4276 4906
f 4276 4275 4906
f 4906 4275 4907
f 4275 4888 4907
f 4907 4888 4744
f 4887 4717 4745
f 4745 4717 4864
f 4716 5139 4861
f 4861 5139 5190
f 5139 5138 5190
f 5190 5138 5187
f 5138 5216 5187
f 5187 5216 5176
f 5215 5362 5173
f 5173 5362 5130
f 5364 5365 5363
f 5363 5365 5340
f 4742 4863 5366
f 5366 4863 4867
f 4862 5189 4868
f 4868 5189 5184
f 5189 5188 5184
f 5184 5188 5185
f 5188 5175 5185
f 5185 5175 5168
f 3560 3788 3561
f 3561 3788 3790
f 3596 3595 3608
f 3608 3595 3594
f 3598 3582 3595
f 3595 3582 3592
f 3600 3609 3601
f 3601 3609 3611
f 3602 3601 3612
f 3612 3601 3611
f 3606 3605 3613
f 3613 3605 3614
f 3793 5367 3794
f 3794 5367 5368
f 3598 3597 3600
f 3600 3597 3609
f 3793 3792 3575
f 3575 3792 3572
f 3561 3594 3558
f 3558 3594 3593
f 3807 3915 3804
f 3804 3915 3914
f 3916 3915 5370
f 5370 3915 5369
f 3602 3605 3603
f 3603 3605 3604
f 3606 3792 3607
f 3607 3792 3791
f 3914 3913 3560
f 3560 3913 3788
f 5174 5129 5166
f 5166 5129 5371
f 5170 5169 5093
f 5093 5169 5113
f 5166 5371 5090
f 5090 5371 5091
f 5128 5169 5372
f 5372 5169 5172
f 5127 5113 5128
f 5128 5113 5169
f 5114 5206 5203
f 5203 5206 5362
f 5200 5373 5073
f 5073 5373 5096
f 5374 5375 5200
f 5200 5375 5373
f 5039 5047 5374
f 5374 5047 5375
f 5087 5046 5085
f 5085 5046 5376
f 5212 5377 5067
f 5067 5377 5376
f 5042 5045 5212
f 5212 5045 5377
f 5064 5378 5043
f 5043 5378 5044
f 5063 5077 5064
f 5064 5077 5378
f 5079 5082 5198
f 5198 5082 5078
f 5099 5081 5100
f 5100 5081 5379
f 5100 5379 5094
f 5094 5379 5095
f 5381 5382 5380
f 5380 5382 5383
f 5385 5386 5384
f 5384 5386 5383
f 5385 5387 5386
f 5386 5387 5388
f 5390 5391 5389
f 5389 5391 5392
f 5393 5394 5396
f 5396 5394 5395
f 5398 5399 5397
f 5397 5399 5400
f 5402 5403 5401
f 5401 5403 5404
f 5406 5407 5405
f 5405 5407 5404
f 5408 5409 5163
f 5163 5409 5410
f 5411 5412 5414
f 5414 5412 5413
f 5057 5416 5415
f 5415 5416 5417
f 5393 5416 5418
f 5418 5416 5419
f 5396 5395 5420
f 5420 5395 5421
f 5423 5424 5422
f 5422 5424 5425
f 5415 5417 5220
f 5220 5417 5426
f 5418 5391 5393
f 5393 5391 5394
f 5414 5388 5411
f 5411 5388 5392
f 5059 5427 5060
f 5060 5427 5428
f 5423 5427 5429
f 5429 5427 5430
f 5432 5382 5431
f 5431 5382 5425
f 5429 5407 5423
f 5423 5407 5424
f 5380 5409 5381
f 5381 5409 5433
f 5381 5433 5422
f 5422 5433 5428
f 5027 5412 5056
f 5056 5412 5419
f 5435 5436 5434
f 5434 5436 5437
f 5159 5439 5438
f 5438 5439 5440
f 5053 5436 5159
f 5159 5436 5439
f 5441 5403 5398
f 5398 5403 5399
f 5163 5410 5026
f 5026 5410 5413
f 5438 5440 5442
f 5442 5440 5430
f 5444 5445 5443
f 5443 5445 5446
f 5447 5448 5450
f 5450 5448 5449
f 5451 5446 5452
f 5452 5446 5445
f 5454 5455 5453
f 5453 5455 5451
f 5456 5454 5458
f 5458 5454 5457
f 5460 5461 5459
f 5459 5461 5462
f 5464 5465 5463
f 5463 5465 5466
f 5468 5469 5467
f 5467 5469 5470
f 5472 5473 5471
f 5471 5473 5474
f 5475 5476 5478
f 5478 5476 5477
f 5479 5480 5482
f 5482 5480 5481
f 5483 5484 5448
f 5448 5484 5485
f 5448 5485 5449
f 5449 5485 5486
f 5487 5476 5488
f 5488 5476 5475
f 5490 5491 5489
f 5489 5491 5492
f 5494 5495 5493
f 5493 5495 5496
f 5498 5494 5497
f 5497 5494 5493
f 5500 5501 5499
f 5499 5501 5502
f 5503 5504 5446
f 5446 5504 5443
f 5506 5507 5505
f 5505 5507 5508
f 5510 5511 5509
f 5509 5511 5512
f 5514 5515 5513
f 5513 5515 5516
f 5518 5519 5517
f 5517 5519 5520
f 5495 5521 5496
f 5496 5521 5522
f 5524 5525 5523
f 5523 5525 5526
f 5527 5528 5494
f 5494 5528 5495
f 5499 5502 5529
f 5529 5502 5530
f 5531 5532 5485
f 5485 5532 5486
f 5485 5484 5531
f 5531 5484 5533
f 5482 5481 5534
f 5534 5481 5535
f 5536 5512 5506
f 5506 5512 5511
f 5455 5503 5451
f 5451 5503 5446
f 5467 5470 5511
f 5511 5470 5537
f 5538 5467 5510
f 5510 5467 5511
f 5540 5541 5539
f 5539 5541 5542
f 5543 5544 5546
f 5546 5544 5545
f 5548 5472 5547
f 5547 5472 5471
f 5493 5496 5549
f 5549 5496 5550
f 5496 5522 5550
f 5550 5522 5551
f 5553 5554 5552
f 5552 5554 5555
f 5557 5447 5556
f 5556 5447 5558
f 5557 5483 5447
f 5447 5483 5448
f 5478 5477 5553
f 5553 5477 5559
f 5477 5560 5559
f 5559 5560 5561
f 5476 5562 5477
f 5477 5562 5560
f 5476 5487 5562
f 5562 5487 5563
f 5560 5564 5561
f 5561 5564 5565
f 5564 5560 5566
f 5566 5560 5562
f 5563 5567 5562
f 5562 5567 5566
f 5569 5521 5568
f 5568 5521 5570
f 5481 5572 5571
f 5571 5572 5573
f 5574 5535 5571
f 5571 5535 5481
f 5576 5577 5575
f 5575 5577 5578
f 5579 5580 5456
f 5456 5580 5581
f 5475 5582 5488
f 5488 5582 5583
f 5584 5536 5505
f 5505 5536 5506
f 5585 5586 5588
f 5588 5586 5587
f 5590 5591 5589
f 5589 5591 5592
f 5519 5593 5520
f 5520 5593 5594
f 5595 5596 5462
f 5462 5596 5597
f 5599 5600 5598
f 5598 5600 5514
f 5602 5603 5601
f 5601 5603 5604
f 5524 5543 5525
f 5525 5543 5546
f 5543 5524 5606
f 5606 5524 5605
f 5607 5608 5500
f 5500 5608 5501
f 5610 5551 5609
f 5609 5551 5522
f 5611 5510 5598
f 5598 5510 5509
f 5612 5597 5457
f 5457 5597 5458
f 5510 5611 5538
f 5538 5611 5613
f 5580 5508 5581
f 5581 5508 5507
f 5615 5616 5614
f 5614 5616 5617
f 5619 5620 5618
f 5618 5620 5621
f 5623 5624 5622
f 5622 5624 5625
f 5627 5624 5626
f 5626 5624 5623
f 5629 5630 5628
f 5628 5630 5631
f 5633 5634 5632
f 5632 5634 5466
f 5635 5636 5463
f 5463 5636 5637
f 5523 5638 5524
f 5524 5638 5605
f 5639 5640 5641
f 5641 5640 5595
f 5611 5513 5613
f 5613 5513 5642
f 5643 5586 5608
f 5608 5586 5501
f 5622 5625 5590
f 5590 5625 5591
f 5598 5514 5611
f 5611 5514 5513
f 5645 5646 5644
f 5644 5646 5647
f 5620 5619 5491
f 5491 5619 5648
f 5649 5643 5492
f 5492 5643 5608
f 5650 5651 5653
f 5653 5651 5652
f 5463 5466 5635
f 5635 5466 5634
f 5597 5612 5462
f 5462 5612 5459
f 5635 5634 5523
f 5523 5634 5638
f 5654 5638 5633
f 5633 5638 5634
f 5655 5656 5525
f 5525 5656 5526
f 5658 5659 5657
f 5657 5659 5527
f 5660 5464 5637
f 5637 5464 5463
f 5632 5466 5661
f 5661 5466 5465
f 5661 5662 5632
f 5632 5662 5658
f 5662 5663 5658
f 5658 5663 5659
f 5665 5659 5664
f 5664 5659 5663
f 5632 5658 5633
f 5633 5658 5657
f 5666 5629 5530
f 5530 5629 5667
f 5528 5527 5665
f 5665 5527 5659
f 5668 5669 5570
f 5570 5669 5568
f 5669 5668 5670
f 5670 5668 5671
f 5646 5672 5673
f 5672 5674 5673
f 5673 5674 5675
f 5674 5460 5675
f 5675 5460 5459
f 5461 5676 5462
f 5462 5676 5595
f 5677 5678 5680
f 5680 5678 5679
f 5628 5681 5629
f 5629 5681 5667
f 5682 5529 5667
f 5667 5529 5530
f 5675 5459 5683
f 5683 5459 5612
f 5585 5666 5502
f 5502 5666 5530
f 5589 5684 5602
f 5602 5684 5603
f 5646 5645 5663
f 5663 5645 5664
f 5685 5647 5673
f 5673 5647 5646
f 5686 5687 5683
f 5683 5687 5685
f 5688 5689 5533
f 5533 5689 5531
f 5690 5691 5535
f 5535 5691 5534
f 5692 5690 5574
f 5574 5690 5535
f 5685 5687 5689
f 5689 5687 5693
f 5489 5694 5490
f 5490 5694 5695
f 5690 5692 5696
f 5696 5692 5697
f 5696 5644 5690
f 5690 5644 5691
f 5447 5450 5558
f 5558 5450 5698
f 5699 5700 5642
f 5642 5700 5613
f 5701 5702 5540
f 5540 5702 5541
f 5431 5703 5432
f 5432 5703 5697
f 5385 5384 5574
f 5574 5384 5692
f 5389 5387 5573
f 5573 5387 5571
f 5565 5390 5573
f 5573 5390 5389
f 5390 5565 5704
f 5704 5565 5564
f 5566 5705 5564
f 5564 5705 5704
f 5569 5441 5609
f 5609 5441 5398
f 5568 5405 5569
f 5569 5405 5441
f 5670 5706 5669
f 5669 5706 5406
f 5703 5431 5670
f 5670 5431 5706
f 5432 5697 5384
f 5384 5697 5692
f 5574 5571 5385
f 5385 5571 5387
f 5607 5707 5489
f 5489 5707 5694
f 5518 5708 5519
f 5519 5708 5709
f 5711 5576 5710
f 5710 5576 5575
f 5713 5714 5712
f 5712 5714 5715
f 5553 5552 5478
f 5478 5552 5716
f 5717 5475 5716
f 5716 5475 5478
f 5718 5719 5605
f 5605 5719 5606
f 5505 5622 5584
f 5584 5622 5590
f 5508 5623 5505
f 5505 5623 5622
f 5626 5623 5580
f 5580 5623 5508
f 5580 5579 5626
f 5626 5579 5720
f 5579 5721 5720
f 5720 5721 5722
f 5666 5585 5723
f 5723 5585 5588
f 5724 5725 5639
f 5639 5725 5640
f 5554 5726 5555
f 5555 5726 5727
f 5453 5728 5729
f 5689 5688 5685
f 5685 5688 5647
f 5604 5730 5512
f 5512 5730 5509
f 5628 5631 5618
f 5618 5631 5592
f 5601 5604 5536
f 5536 5604 5512
f 5732 5676 5731
f 5731 5676 5660
f 5730 5604 5733
f 5733 5604 5603
f 5563 5487 5551
f 5551 5487 5550
f 5489 5492 5607
f 5607 5492 5608
f 5573 5572 5565
f 5565 5572 5561
f 5609 5522 5569
f 5569 5522 5521
f 5499 5734 5500
f 5500 5734 5735
f 5596 5736 5721
f 5721 5736 5722
f 5737 5600 5594
f 5594 5600 5520
f 5599 5730 5517
f 5517 5730 5733
f 5660 5738 5731
f 5731 5738 5739
f 5648 5649 5491
f 5491 5649 5492
f 5501 5586 5502
f 5502 5586 5585
f 5525 5546 5655
f 5655 5546 5740
f 5600 5599 5520
f 5520 5599 5517
f 5708 5739 5709
f 5709 5739 5738
f 5636 5635 5526
f 5526 5635 5523
f 5670 5671 5703
f 5703 5671 5741
f 5490 5695 5742
f 5742 5695 5743
f 5682 5678 5744
f 5744 5678 5677
f 5678 5681 5679
f 5679 5681 5621
f 5742 5743 5679
f 5679 5743 5680
f 5618 5621 5628
f 5628 5621 5681
f 5725 5724 5589
f 5589 5724 5684
f 5456 5458 5579
f 5579 5458 5721
f 5675 5683 5673
f 5673 5683 5685
f 5529 5682 5745
f 5745 5682 5744
f 5721 5458 5596
f 5596 5458 5597
f 5701 5540 5719
f 5719 5540 5606
f 5703 5741 5697
f 5697 5741 5696
f 5500 5735 5607
f 5607 5735 5707
f 5549 5746 5493
f 5493 5746 5497
f 5700 5747 5613
f 5613 5747 5538
f 5420 5421 5434
f 5434 5421 5400
f 5689 5693 5531
f 5531 5693 5532
f 5705 5566 5748
f 5748 5566 5567
f 5609 5398 5610
f 5610 5398 5397
f 5669 5406 5568
f 5568 5406 5405
f 5488 5583 5549
f 5549 5583 5746
f 5714 5713 5710
f 5710 5713 5711
f 5747 5468 5538
f 5538 5468 5467
f 5548 5547 5749
f 5749 5547 5750
f 5733 5603 5751
f 5751 5603 5684
f 5589 5602 5590
f 5590 5602 5584
f 5636 5752 5614
f 5614 5752 5615
f 5753 5754 5738
f 5738 5754 5755
f 5602 5601 5584
f 5584 5601 5536
f 5723 5736 5630
f 5630 5736 5640
f 5595 5640 5596
f 5596 5640 5736
f 5734 5499 5745
f 5745 5499 5529
f 5627 5587 5643
f 5643 5587 5586
f 5553 5559 5554
f 5554 5559 5480
f 5559 5561 5480
f 5480 5561 5572
f 5554 5480 5726
f 5726 5480 5479
f 5749 5750 5715
f 5715 5750 5712
f 5683 5612 5686
f 5686 5612 5457
f 5678 5682 5681
f 5681 5682 5667
f 5598 5509 5599
f 5599 5509 5730
f 5679 5621 5742
f 5742 5621 5620
f 5652 5616 5653
f 5653 5616 5615
f 5220 5426 5052
f 5052 5426 5437
f 5487 5488 5550
f 5550 5488 5549
f 5742 5620 5490
f 5490 5620 5491
f 5551 5610 5563
f 5563 5610 5567
f 5610 5397 5567
f 5567 5397 5748
f 5614 5617 5753
f 5753 5617 5754
f 5480 5572 5481
f 5755 5756 5738
f 5738 5756 5709
f 5745 5744 5758
f 5758 5744 5757
f 5745 5758 5734
f 5734 5758 5759
f 5735 5734 5760
f 5760 5734 5759
f 5707 5735 5761
f 5761 5735 5760
f 5744 5677 5757
f 5757 5677 5762
f 5677 5680 5762
f 5762 5680 5763
f 5763 5680 5764
f 5764 5680 5743
f 5765 5766 5762
f 5762 5766 5757
f 5768 5769 5767
f 5767 5769 5770
f 5771 5772 5770
f 5770 5772 5767
f 5770 5769 5774
f 5774 5769 5773
f 5775 5776 5774
f 5774 5776 5777
f 5773 5778 5774
f 5774 5778 5775
f 5779 5766 5773
f 5773 5766 5778
f 5777 5771 5774
f 5774 5771 5770
f 5780 5781 5783
f 5783 5781 5782
f 5781 5780 5771
f 5771 5780 5772
f 5773 5769 5779
f 5779 5769 5768
f 5768 5759 5779
f 5779 5759 5758
f 5768 5784 5759
f 5759 5784 5760
f 5767 5785 5768
f 5768 5785 5784
f 5785 5767 5786
f 5786 5767 5772
f 5766 5779 5757
f 5757 5779 5758
f 5780 5787 5772
f 5772 5787 5786
f 5785 5786 5788
f 5788 5786 5789
f 5786 5787 5789
f 5789 5787 5790
f 5788 5789 5791
f 5791 5789 5792
f 5791 5793 5788
f 5788 5793 5794
f 5795 5792 5790
f 5790 5792 5789
f 5785 5788 5784
f 5784 5788 5794
f 5784 5794 5760
f 5760 5794 5761
f 5787 5780 5796
f 5796 5780 5783
f 5775 5778 5797
f 5797 5778 5766
f 5797 5798 5775
f 5775 5798 5776
f 5766 5765 5797
f 5797 5765 5799
f 5798 5797 5800
f 5800 5797 5799
f 5798 5801 5776
f 5776 5801 5802
f 5707 5761 5694
f 5694 5761 5803
f 5695 5804 5743
f 5743 5804 5764
f 5804 5695 5803
f 5803 5695 5694
f 5803 5793 5804
f 5804 5793 5805
f 5793 5791 5805
f 5805 5791 5806
f 5804 5805 5764
f 5764 5805 5807
f 5803 5761 5793
f 5793 5761 5794
f 5808 5763 5807
f 5807 5763 5764
f 5808 5765 5763
f 5763 5765 5762
f 5809 5799 5808
f 5808 5799 5765
f 5809 5808 5810
f 5810 5808 5807
f 5811 5809 5812
f 5812 5809 5810
f 5805 5806 5807
f 5807 5806 5810
f 5806 5813 5810
f 5810 5813 5812
f 5799 5809 5800
f 5800 5809 5811
f 5815 5800 5814
f 5814 5800 5811
f 5814 5817 5816
f 5816 5817 5818
f 5814 5811 5817
f 5817 5811 5812
f 5814 5816 5815
f 5815 5816 5796
f 5815 5796 5801
f 5801 5796 5783
f 5801 5798 5815
f 5815 5798 5800
f 5791 5792 5806
f 5806 5792 5813
f 5818 5813 5795
f 5795 5813 5792
f 5818 5817 5813
f 5813 5817 5812
f 5816 5818 5790
f 5790 5818 5795
f 5790 5787 5816
f 5816 5787 5796
f 5771 5777 5781
f 5781 5777 5782
f 5782 5802 5783
f 5783 5802 5801
f 5782 5777 5802
f 5802 5777 5776
f 5588 5587 5722
f 5722 5587 5720
f 5591 5619 5592
f 5592 5619 5618
f 5625 5624 5648
f 5648 5624 5649
f 5624 5627 5649
f 5649 5627 5643
f 5631 5630 5725
f 5725 5630 5640
f 5625 5648 5591
f 5591 5648 5619
f 5588 5722 5723
f 5723 5722 5736
f 5631 5725 5592
f 5592 5725 5589
f 5723 5630 5666
f 5666 5630 5629
f 5587 5627 5720
f 5720 5627 5626
f 5820 5821 5819
f 5819 5821 5822
f 5824 5825 5823
f 5823 5825 5826
f 5823 5826 5827
f 5827 5826 5828
f 5829 5830 5832
f 5832 5830 5831
f 5518 5833 5708
f 5708 5833 5834
f 5835 5836 5824
f 5824 5836 5825
f 5838 5839 5837
f 5837 5839 5840
f 5751 5684 5842
f 5842 5684 5841
f 5843 5841 5724
f 5724 5841 5684
f 5845 5846 5844
f 5844 5846 5847
f 5848 5830 5836
f 5836 5830 5825
f 5518 5751 5833
f 5833 5751 5842
f 5839 5838 5821
f 5821 5838 5849
f 5850 5848 5822
f 5822 5848 5836
f 5851 5845 5828
f 5828 5845 5852
f 5854 5855 5853
f 5853 5855 5856
f 5845 5844 5852
f 5852 5844 5857
f 5858 5827 5852
f 5852 5827 5828
f 5851 5828 5829
f 5829 5828 5826
f 5819 5859 5820
f 5820 5859 5860
f 5835 5861 5819
f 5819 5861 5859
f 5851 5829 5862
f 5862 5829 5832
f 5844 5847 5837
f 5837 5847 5834
f 5819 5822 5835
f 5835 5822 5836
f 5823 5863 5824
f 5824 5863 5864
f 5849 5850 5821
f 5821 5850 5822
f 5825 5830 5826
f 5826 5830 5829
f 5820 5860 5865
f 5865 5860 5866
f 5858 5854 5867
f 5867 5854 5853
f 5854 5857 5855
f 5855 5857 5840
f 5855 5865 5856
f 5856 5865 5866
f 5837 5840 5844
f 5844 5840 5857
f 5827 5858 5868
f 5868 5858 5867
f 5824 5864 5835
f 5835 5864 5861
f 5732 5731 5862
f 5862 5731 5846
f 5863 5823 5868
f 5868 5823 5827
f 5843 5831 5848
f 5848 5831 5830
f 5854 5858 5857
f 5857 5858 5852
f 5855 5840 5865
f 5865 5840 5839
f 5865 5839 5820
f 5820 5839 5821
f 5868 5867 5870
f 5870 5867 5869
f 5868 5870 5863
f 5863 5870 5871
f 5863 5871 5864
f 5864 5871 5872
f 5864 5872 5861
f 5861 5872 5873
f 5867 5853 5869
f 5869 5853 5874
f 5853 5856 5874
f 5874 5856 5875
f 5856 5866 5875
f 5875 5866 5876
f 5877 5878 5874
f 5874 5878 5869
f 5880 5881 5879
f 5879 5881 5882
f 5883 5884 5880
f 5880 5884 5881
f 5881 5884 5886
f 5886 5884 5885
f 5887 5888 5886
f 5886 5888 5889
f 5885 5890 5886
f 5886 5890 5887
f 5889 5882 5886
f 5886 5882 5881
f 5882 5891 5879
f 5879 5891 5892
f 5885 5884 5893
f 5893 5884 5883
f 5883 5871 5893
f 5893 5871 5870
f 5883 5894 5871
f 5871 5894 5872
f 5880 5895 5883
f 5883 5895 5894
f 5896 5895 5879
f 5879 5895 5880
f 5893 5878 5885
f 5885 5878 5890
f 5878 5893 5869
f 5869 5893 5870
f 5897 5896 5892
f 5892 5896 5879
f 5895 5896 5898
f 5898 5896 5899
f 5896 5897 5899
f 5899 5897 5900
f 5898 5899 5901
f 5901 5899 5902
f 5901 5903 5898
f 5898 5903 5904
f 5900 5905 5899
f 5899 5905 5902
f 5898 5904 5895
f 5895 5904 5894
f 5894 5904 5872
f 5872 5904 5873
f 5897 5892 5907
f 5907 5892 5906
f 5892 5891 5906
f 5906 5891 5908
f 5887 5890 5909
f 5909 5890 5878
f 5888 5887 5910
f 5910 5887 5909
f 5878 5877 5909
f 5909 5877 5911
f 5909 5911 5910
f 5910 5911 5912
f 5913 5914 5910
f 5910 5914 5888
f 5908 5914 5906
f 5906 5914 5913
f 5861 5873 5859
f 5859 5873 5915
f 5860 5916 5866
f 5866 5916 5876
f 5916 5860 5915
f 5915 5860 5859
f 5915 5903 5916
f 5916 5903 5917
f 5903 5901 5917
f 5917 5901 5918
f 5916 5917 5876
f 5876 5917 5919
f 5903 5915 5904
f 5904 5915 5873
f 5920 5875 5919
f 5919 5875 5876
f 5920 5877 5875
f 5875 5877 5874
f 5920 5921 5877
f 5877 5921 5911
f 5921 5920 5922
f 5922 5920 5919
f 5923 5921 5924
f 5924 5921 5922
f 5917 5918 5919
f 5919 5918 5922
f 5918 5925 5922
f 5922 5925 5924
f 5921 5923 5911
f 5911 5923 5912
f 5927 5912 5926
f 5926 5912 5923
f 5926 5929 5928
f 5928 5929 5930
f 5926 5923 5929
f 5929 5923 5924
f 5926 5928 5927
f 5927 5928 5907
f 5927 5907 5913
f 5913 5907 5906
f 5913 5910 5927
f 5927 5910 5912
f 5901 5902 5918
f 5918 5902 5925
f 5930 5925 5905
f 5905 5925 5902
f 5930 5929 5925
f 5925 5929 5924
f 5928 5930 5900
f 5900 5930 5905
f 5900 5897 5928
f 5928 5897 5907
f 5882 5889 5891
f 5891 5889 5908
f 5908 5889 5914
f 5914 5889 5888
f 5832 5831 5641
f 5641 5831 5639
f 5833 5838 5834
f 5834 5838 5837
f 5842 5841 5849
f 5849 5841 5850
f 5841 5843 5850
f 5850 5843 5848
f 5847 5846 5739
f 5739 5846 5731
f 5842 5849 5833
f 5833 5849 5838
f 5862 5832 5732
f 5732 5832 5641
f 5847 5739 5834
f 5834 5739 5708
f 5862 5846 5851
f 5851 5846 5845
f 5831 5843 5639
f 5639 5843 5724
f 5676 5732 5595
f 5595 5732 5641
f 5676 5461 5660
f 5660 5461 5464
f 5461 5460 5464
f 5464 5460 5465
f 5460 5674 5465
f 5465 5674 5661
f 5931 5932 5934
f 5934 5932 5933
f 5936 5937 5935
f 5935 5937 5938
f 5935 5938 5939
f 5939 5938 5940
f 5942 5943 5941
f 5941 5943 5944
f 5945 5946 5936
f 5936 5946 5937
f 5948 5949 5947
f 5947 5949 5950
f 5951 5952 5519
f 5519 5952 5593
f 5953 5951 5709
f 5709 5951 5519
f 5955 5956 5954
f 5954 5956 5957
f 5958 5942 5946
f 5946 5942 5937
f 5948 5959 5949
f 5949 5959 5933
f 5960 5958 5934
f 5934 5958 5946
f 5961 5955 5940
f 5940 5955 5962
f 5963 5964 5966
f 5966 5964 5965
f 5955 5954 5962
f 5962 5954 5967
f 5968 5939 5962
f 5962 5939 5940
f 5961 5940 5941
f 5941 5940 5938
f 5931 5969 5932
f 5932 5969 5970
f 5945 5971 5931
f 5931 5971 5969
f 5941 5944 5961
f 5961 5944 5972
f 5954 5957 5947
f 5947 5957 5973
f 5945 5931 5946
f 5946 5931 5934
f 5935 5974 5936
f 5936 5974 5975
f 5959 5960 5933
f 5933 5960 5934
f 5937 5942 5938
f 5938 5942 5941
f 5932 5970 5976
f 5976 5970 5977
f 5968 5964 5978
f 5978 5964 5963
f 5965 5964 5950
f 5950 5964 5967
f 5976 5977 5965
f 5965 5977 5966
f 5947 5950 5954
f 5954 5950 5967
f 5939 5968 5979
f 5979 5968 5978
f 5936 5975 5945
f 5945 5975 5971
f 5972 5754 5956
f 5956 5754 5617
f 5974 5935 5979
f 5979 5935 5939
f 5953 5943 5958
f 5958 5943 5942
f 5964 5968 5967
f 5967 5968 5962
f 5965 5950 5976
f 5976 5950 5949
f 5976 5949 5932
f 5932 5949 5933
f 5979 5978 5981
f 5981 5978 5980
f 5979 5981 5974
f 5974 5981 5982
f 5974 5982 5975
f 5975 5982 5983
f 5975 5983 5971
f 5971 5983 5984
f 5978 5963 5980
f 5980 5963 5985
f 5963 5966 5985
f 5985 5966 5986
f 5986 5966 5987
f 5987 5966 5977
f 5988 5989 5985
f 5985 5989 5980
f 5991 5992 5990
f 5990 5992 5993
f 5994 5995 5991
f 5991 5995 5992
f 5992 5995 5997
f 5997 5995 5996
f 5998 5999 5997
f 5997 5999 6000
f 5996 6001 5997
f 5997 6001 5998
f 6000 5993 5997
f 5997 5993 5992
f 6002 6003 5993
f 5993 6003 5990
f 5995 5994 5996
f 5996 5994 6004
f 5994 5982 6004
f 6004 5982 5981
f 5994 6005 5982
f 5982 6005 5983
f 5991 6006 5994
f 5994 6006 6005
f 6006 5991 6007
f 6007 5991 5990
f 5996 6004 6001
f 6001 6004 5989
f 5989 6004 5980
f 5980 6004 5981
f 6003 6008 5990
f 5990 6008 6007
f 6009 6006 6010
f 6010 6006 6007
f 6008 6011 6007
f 6007 6011 6010
f 6012 6009 6013
f 6013 6009 6010
f 6009 6012 6015
f 6015 6012 6014
f 6011 6016 6010
f 6010 6016 6013
f 6006 6009 6005
f 6005 6009 6015
f 6005 6015 5983
f 5983 6015 5984
f 6008 6003 6018
f 6018 6003 6017
f 6003 6002 6017
f 6017 6002 6019
f 5998 6001 6020
f 6020 6001 5989
f 5999 5998 6021
f 6021 5998 6020
f 5989 5988 6020
f 6020 5988 6022
f 6021 6020 6023
f 6023 6020 6022
f 6021 6024 5999
f 5999 6024 6025
f 6019 6025 6017
f 6017 6025 6024
f 5971 5984 5969
f 5969 5984 6026
f 5970 6027 5977
f 5977 6027 5987
f 6027 5970 6026
f 6026 5970 5969
f 6026 6014 6027
f 6027 6014 6028
f 6014 6012 6028
f 6028 6012 6029
f 6027 6028 5987
f 5987 6028 6030
f 6026 5984 6014
f 6014 5984 6015
f 6031 5986 6030
f 6030 5986 5987
f 6031 5988 5986
f 5986 5988 5985
f 6032 6022 6031
f 6031 6022 5988
f 6032 6031 6033
f 6033 6031 6030
f 6034 6032 6035
f 6035 6032 6033
f 6028 6029 6030
f 6030 6029 6033
f 6029 6036 6033
f 6033 6036 6035
f 6032 6034 6022
f 6022 6034 6023
f 6038 6023 6037
f 6037 6023 6034
f 6037 6040 6039
f 6039 6040 6041
f 6037 6034 6040
f 6040 6034 6035
f 6037 6039 6038
f 6038 6039 6018
f 6038 6018 6024
f 6024 6018 6017
f 6024 6021 6038
f 6038 6021 6023
f 6012 6013 6029
f 6029 6013 6036
f 6041 6036 6016
f 6016 6036 6013
f 6041 6040 6036
f 6036 6040 6035
f 6041 6016 6039
f 6039 6016 6011
f 6011 6008 6039
f 6039 6008 6018
f 5993 6000 6002
f 6002 6000 6019
f 6019 6000 6025
f 6025 6000 5999
f 5943 5756 5944
f 5944 5756 5755
f 6042 5948 5973
f 5973 5948 5947
f 5952 5951 5959
f 5959 5951 5960
f 5951 5953 5960
f 5960 5953 5958
f 5616 5957 5617
f 5617 5957 5956
f 6042 5952 5948
f 5948 5952 5959
f 5944 5755 5972
f 5972 5755 5754
f 5957 5616 5973
f 5973 5616 5652
f 5956 5955 5972
f 5972 5955 5961
f 5943 5953 5756
f 5756 5953 5709
f 6044 6045 6043
f 6043 6045 6046
f 6048 6049 6047
f 6047 6049 6050
f 6047 6050 6051
f 6051 6050 6052
f 6054 6055 6053
f 6053 6055 6056
f 6057 6058 6060
f 6060 6058 6059
f 6061 6062 6048
f 6048 6062 6049
f 6063 6064 6066
f 6066 6064 6065
f 6067 6068 6070
f 6070 6068 6069
f 6071 6069 5653
f 5653 6069 6068
f 6072 6073 6075
f 6075 6073 6074
f 6062 6076 6049
f 6049 6076 6054
f 6058 6067 6059
f 6059 6067 6070
f 6064 6077 6065
f 6065 6077 6045
f 6078 6076 6046
f 6046 6076 6062
f 6073 6080 6079
f 6079 6080 6052
f 6082 6083 6081
f 6081 6083 6084
f 6072 6085 6073
f 6073 6085 6080
f 6086 6051 6080
f 6080 6051 6052
f 6079 6052 6053
f 6053 6052 6050
f 6043 6087 6044
f 6044 6087 6088
f 6061 6089 6043
f 6043 6089 6087
f 6053 6056 6079
f 6079 6056 6090
f 6063 6072 6060
f 6060 6072 6075
f 6043 6046 6061
f 6061 6046 6062
f 6047 6091 6048
f 6048 6091 6092
f 6077 6078 6045
f 6045 6078 6046
f 6049 6054 6050
f 6050 6054 6053
f 6044 6088 6093
f 6093 6088 6094
f 6086 6082 6095
f 6095 6082 6081
f 6083 6082 6066
f 6066 6082 6085
f 6093 6094 6083
f 6083 6094 6084
f 6072 6063 6085
f 6085 6063 6066
f 6051 6086 6096
f 6096 6086 6095
f 6048 6092 6061
f 6061 6092 6089
f 5656 5655 6090
f 6090 5655 6074
f 6091 6047 6096
f 6096 6047 6051
f 6071 6055 6076
f 6076 6055 6054
f 6082 6086 6085
f 6085 6086 6080
f 6093 6083 6065
f 6065 6083 6066
f 6044 6093 6045
f 6045 6093 6065
f 6096 6095 6098
f 6098 6095 6097
f 6096 6098 6091
f 6091 6098 6099
f 6091 6099 6092
f 6092 6099 6100
f 6092 6100 6089
f 6089 6100 6101
f 6095 6081 6097
f 6097 6081 6102
f 6081 6084 6102
f 6102 6084 6103
f 6103 6084 6104
f 6104 6084 6094
f 6106 6097 6105
f 6105 6097 6102
f 6107 6108 6110
f 6110 6108 6109
f 6111 6112 6108
f 6108 6112 6109
f 6109 6112 6114
f 6114 6112 6113
f 6114 6115 6117
f 6117 6115 6116
f 6113 6118 6114
f 6114 6118 6115
f 6117 6110 6114
f 6114 6110 6109
f 6110 6119 6107
f 6107 6119 6120
f 6112 6111 6113
f 6113 6111 6121
f 6111 6099 6121
f 6121 6099 6098
f 6111 6122 6099
f 6099 6122 6100
f 6123 6122 6108
f 6108 6122 6111
f 6124 6123 6107
f 6107 6123 6108
f 6113 6121 6118
f 6118 6121 6106
f 6106 6121 6097
f 6097 6121 6098
f 6125 6124 6120
f 6120 6124 6107
f 6126 6123 6127
f 6127 6123 6124
f 6125 6128 6124
f 6124 6128 6127
f 6129 6126 6130
f 6130 6126 6127
f 6126 6129 6132
f 6132 6129 6131
f 6128 6133 6127
f 6127 6133 6130
f 6123 6126 6122
f 6122 6126 6132
f 6122 6132 6100
f 6100 6132 6101
f 6120 6134 6125
f 6125 6134 6135
f 6120 6119 6134
f 6134 6119 6136
f 6115 6118 6137
f 6137 6118 6106
f 6115 6137 6116
f 6116 6137 6138
f 6137 6106 6139
f 6139 6106 6105
f 6138 6137 6140
f 6140 6137 6139
f 6141 6142 6138
f 6138 6142 6116
f 6136 6142 6134
f 6134 6142 6141
f 6089 6101 6087
f 6087 6101 6143
f 6088 6144 6094
f 6094 6144 6104
f 6143 6144 6087
f 6087 6144 6088
f 6131 6145 6143
f 6143 6145 6144
f 6129 6146 6131
f 6131 6146 6145
f 6144 6145 6104
f 6104 6145 6147
f 6143 6101 6131
f 6131 6101 6132
f 6148 6103 6147
f 6147 6103 6104
f 6103 6148 6102
f 6102 6148 6105
f 6148 6149 6105
f 6105 6149 6139
f 6149 6148 6150
f 6150 6148 6147
f 6151 6149 6152
f 6152 6149 6150
f 6145 6146 6147
f 6147 6146 6150
f 6146 6153 6150
f 6150 6153 6152
f 6149 6151 6139
f 6139 6151 6140
f 6155 6140 6154
f 6154 6140 6151
f 6154 6157 6156
f 6156 6157 6158
f 6154 6151 6157
f 6157 6151 6152
f 6154 6156 6155
f 6155 6156 6135
f 6155 6135 6141
f 6141 6135 6134
f 6141 6138 6155
f 6155 6138 6140
f 6146 6129 6153
f 6153 6129 6130
f 6158 6153 6133
f 6133 6153 6130
f 6158 6157 6153
f 6153 6157 6152
f 6156 6158 6128
f 6128 6158 6133
f 6128 6125 6156
f 6156 6125 6135
f 6110 6117 6119
f 6119 6117 6136
f 6136 6117 6142
f 6142 6117 6116
f 6055 5615 6056
f 6056 5615 5752
f 6060 6059 6063
f 6063 6059 6064
f 6077 6070 6078
f 6078 6070 6069
f 6069 6071 6078
f 6078 6071 6076
f 6159 6057 6075
f 6075 6057 6060
f 6059 6070 6064
f 6064 6070 6077
f 6056 5752 6090
f 6090 5752 5656
f 6090 6074 6079
f 6079 6074 6073
f 6055 6071 5615
f 5615 6071 5653
f 5547 5471 6160
f 6160 5471 6161
f 5729 5577 6163
f 6163 5577 6162
f 5577 5576 6162
f 6162 5576 6164
f 5713 6165 5711
f 5711 6165 6166
f 5474 5729 6167
f 6167 5729 6163
f 5750 5547 6168
f 6168 5547 6160
f 5471 5474 6161
f 6161 5474 6167
f 6169 5712 6168
f 6168 5712 5750
f 5711 6166 5576
f 5576 6166 6164
f 6165 5713 6169
f 6169 5713 5712
f 6168 6170 6169
f 6169 6170 6171
f 6169 6171 6165
f 6165 6171 6172
f 6165 6172 6166
f 6166 6172 6173
f 6166 6173 6164
f 6164 6173 6174
f 6168 6160 6170
f 6170 6160 6175
f 6160 6161 6175
f 6175 6161 6176
f 6161 6167 6176
f 6176 6167 6177
f 6179 6170 6178
f 6178 6170 6175
f 6181 6182 6180
f 6180 6182 6183
f 6184 6185 6181
f 6181 6185 6182
f 6186 6187 6185
f 6185 6187 6182
f 6186 6188 6187
f 6187 6188 6189
f 6190 6183 6187
f 6187 6183 6182
f 6183 6190 6191
f 6191 6190 6192
f 6191 6193 6183
f 6183 6193 6180
f 6186 6185 6194
f 6194 6185 6184
f 6184 6172 6194
f 6194 6172 6171
f 6184 6195 6172
f 6172 6195 6173
f 6181 6196 6184
f 6184 6196 6195
f 6196 6181 6197
f 6197 6181 6180
f 6186 6194 6188
f 6188 6194 6179
f 6179 6194 6170
f 6170 6194 6171
f 6193 6198 6180
f 6180 6198 6197
f 6199 6196 6200
f 6200 6196 6197
f 6198 6201 6197
f 6197 6201 6200
f 6202 6199 6203
f 6203 6199 6200
f 6199 6202 6205
f 6205 6202 6204
f 6201 6206 6200
f 6200 6206 6203
f 6196 6199 6195
f 6195 6199 6205
f 6195 6205 6173
f 6173 6205 6174
f 6198 6193 6208
f 6208 6193 6207
f 6193 6191 6207
f 6207 6191 6192
f 6189 6188 6209
f 6209 6188 6179
f 6210 6189 6211
f 6211 6189 6209
f 6209 6179 6212
f 6212 6179 6178
f 6211 6209 6213
f 6213 6209 6212
f 6211 6214 6210
f 6210 6214 6215
f 6192 6215 6207
f 6207 6215 6214
f 6190 6187 6210
f 6210 6187 6189
f 6192 6190 6215
f 6215 6190 6210
f 6162 6164 6216
f 6216 6164 6174
f 6167 6163 6177
f 6177 6163 6217
f 6216 6217 6162
f 6162 6217 6163
f 6204 6218 6216
f 6216 6218 6217
f 6202 6219 6204
f 6204 6219 6218
f 6217 6218 6177
f 6177 6218 6220
f 6216 6174 6204
f 6204 6174 6205
f 6221 6176 6220
f 6220 6176 6177
f 6176 6221 6175
f 6175 6221 6178
f 6221 6222 6178
f 6178 6222 6212
f 6222 6221 6223
f 6223 6221 6220
f 6224 6222 6225
f 6225 6222 6223
f 6218 6219 6220
f 6220 6219 6223
f 6219 6226 6223
f 6223 6226 6225
f 6222 6224 6212
f 6212 6224 6213
f 6228 6213 6227
f 6227 6213 6224
f 6229 6227 6231
f 6231 6227 6230
f 6227 6224 6230
f 6230 6224 6225
f 6227 6229 6228
f 6228 6229 6208
f 6228 6208 6214
f 6214 6208 6207
f 6214 6211 6228
f 6228 6211 6213
f 6219 6202 6226
f 6226 6202 6203
f 6231 6226 6206
f 6206 6226 6203
f 6231 6230 6226
f 6226 6230 6225
f 6229 6231 6201
f 6201 6231 6206
f 6201 6198 6229
f 6229 6198 6208
f 5674 5672 5661
f 5661 5672 5662
f 5662 5672 5663
f 5663 5672 5646
f 5651 6042 5652
f 5652 6042 5973
f 5518 5517 5751
f 5751 5517 5733
f 5738 5660 5753
f 5753 5660 5637
f 5752 5636 5656
f 5656 5636 5526
f 5952 6042 5593
f 5593 6042 5651
f 5593 5651 5594
f 5594 5651 5650
f 5600 5737 5514
f 5514 5737 5515
f 5546 5545 5740
f 5740 5545 6232
f 6232 6058 5740
f 5740 6058 6057
f 6067 6058 6233
f 6233 6058 6232
f 6233 6232 6234
f 6234 6232 5545
f 6234 5545 6235
f 6235 5545 5544
f 5606 6236 5543
f 5543 6236 5544
f 6235 5544 5539
f 5539 5544 6236
f 6237 6235 5542
f 5542 6235 5539
f 6235 6237 6234
f 6234 6237 6238
f 6234 6238 6233
f 6233 6238 6239
f 5653 6068 5650
f 5650 6068 6239
f 5642 5513 6240
f 6240 5513 5516
f 5539 6236 5540
f 5540 6236 5606
f 5636 5614 5637
f 5637 5614 5753
f 6239 5737 5650
f 5650 5737 5594
f 6239 6068 6233
f 6233 6068 6067
f 6075 6074 6159
f 6159 6074 5655
f 6057 6159 5740
f 5740 6159 5655
f 5515 5737 6238
f 6238 5737 6239
f 6238 6237 5515
f 5515 6237 5516
f 5542 6240 6237
f 6237 6240 5516
f 6240 5542 5642
f 5642 5542 5541
f 5702 5699 5541
f 5541 5699 5642
f 5582 5475 5717
f 5470 5443 5537
f 5537 5443 5504
f 5469 5444 5470
f 5470 5444 5443
f 5726 5557 5727
f 5727 5557 5556
f 5537 5504 5511
f 5511 5504 5506
f 5504 5503 5506
f 5506 5503 5507
f 5503 5455 5507
f 5507 5455 5581
f 5455 5454 5581
f 5581 5454 5456
f 5473 5453 5474
f 5474 5453 5729
f 5457 5454 5473
f 5473 5454 5453
f 5473 5472 5457
f 5457 5472 5686
f 5472 5548 5686
f 5686 5548 5687
f 5749 5693 5548
f 5548 5693 5687
f 5715 5532 5749
f 5749 5532 5693
f 5714 5486 5715
f 5715 5486 5532
f 5714 5710 5486
f 5486 5710 5449
f 5728 5578 5729
f 5729 5578 5577
f 5452 5445 5698
f 5698 5445 5558
f 5445 5444 5558
f 5558 5444 5556
f 5444 5469 5556
f 5556 5469 5727
f 5469 5468 5727
f 5727 5468 5555
f 5468 5747 5555
f 5555 5747 5552
f 5747 5700 5552
f 5552 5700 5716
f 5700 5699 5716
f 5716 5699 5717
f 5699 5702 5717
f 5717 5702 5582
f 5702 5701 5582
f 5582 5701 5583
f 5726 5479 5557
f 5557 5479 5483
f 5483 5479 5484
f 5484 5479 5482
f 5534 5533 5482
f 5482 5533 5484
f 5691 5688 5534
f 5534 5688 5533
f 5644 5647 5691
f 5691 5647 5688
f 5719 5746 5701
f 5701 5746 5583
f 5718 5497 5719
f 5719 5497 5746
f 5718 5605 5654
f 5654 5605 5638
f 5498 5654 5657
f 5657 5654 5633
f 5497 5718 5498
f 5498 5718 5654
f 5657 5527 5498
f 5498 5527 5494
f 5528 5570 5495
f 5495 5570 5521
f 5665 5668 5528
f 5528 5668 5570
f 5664 5671 5665
f 5665 5671 5668
f 5645 5741 5664
f 5664 5741 5671
f 5644 5696 5645
f 5645 5696 5741
f 5710 5575 5449
f 5449 5575 5450
f 5575 5578 5450
f 5450 5578 5698
f 5578 5728 5698
f 5698 5728 5452
f 5452 5728 5451
f 5451 5728 5453
f 3619 6241 3620
f 3620 6241 6242
f 6243 6244 3628
f 3628 6244 3629
f 6245 6246 3634
f 3634 6246 3631
f 6247 6248 3636
f 3636 6248 3637
f 6249 6250 3642
f 3642 6250 3639
f 3639 6250 3643
f 3643 6250 6251
f 3743 6252 3744
f 3744 6252 6253
f 6246 6243 3631
f 3631 6243 3628
f 3753 6254 3754
f 3754 6254 6255
f 3857 6256 3619
f 3619 6256 6241
f 6257 6245 3932
f 3932 6245 3634
f 6242 6247 3620
f 3620 6247 3636
f 6258 6259 3946
f 3946 6259 3947
f 6260 6249 3948
f 3948 6249 3642
f 6244 6258 3629
f 3629 6258 3946
f 3947 6259 3753
f 3753 6259 6254
f 6248 6260 3637
f 3637 6260 3948
f 3643 6251 3743
f 3743 6251 6252
f 3744 6253 3932
f 3932 6253 6257
f 6250 6249 6251
f 6251 6249 6252
f 6245 6261 6246
f 6246 6261 6262
f 6263 6264 6247
f 6247 6264 6248
f 6252 6265 6253
f 6253 6265 6266
f 6246 6262 6243
f 6243 6262 6267
f 6268 6261 6257
f 6257 6261 6245
f 6269 6263 6242
f 6242 6263 6247
f 6270 6271 6260
f 6260 6271 6249
f 6264 6270 6248
f 6248 6270 6260
f 6253 6266 6257
f 6257 6266 6268
f 6249 6271 6252
f 6252 6271 6265
f 6254 6259 6272
f 6272 6259 6273
f 6266 6265 6270
f 6270 6265 6271
f 6268 6266 6264
f 6264 6266 6270
f 6261 6268 6263
f 6263 6268 6264
f 6269 6262 6263
f 6263 6262 6261
f 4186 4185 6274
f 6274 4185 6275
f 6241 6276 6242
f 6242 6276 6269
f 6258 6244 6277
f 6277 6244 6278
f 6256 6279 6241
f 6241 6279 6276
f 6259 6258 6273
f 6273 6258 6277
f 6243 6267 6244
f 6244 6267 6278
f 6276 6267 6269
f 6269 6267 6262
f 6254 6272 6255
f 6255 6272 6280
f 3865 3713 3888
f 3888 3713 3685
f 5242 5233 3892
f 3892 5233 3711
f 3900 5243 3892
f 3892 5243 5242
f 3734 3866 3900
f 3900 3866 5243
f 4117 6281 4118
f 4118 6281 6282
f 4118 6282 4278
f 4278 6282 4879
f 4717 4887 4718
f 4718 4887 4280
f 4792 4278 4882
f 4882 4278 4879
f 4795 4792 6283
f 6283 4792 4882
f 4852 4851 5012
f 5012 4851 6284
f 4856 5207 4857
f 4857 5207 4858
f 4860 4279 4857
f 4857 4279 4854
f 4718 4280 4860
f 4860 4280 4279
f 4864 4863 4745
f 4745 4863 4742
f 5366 4867 5011
f 5011 4867 4866
f 4871 4884 4872
f 4872 4884 4883
f 4872 4883 4117
f 4117 4883 6281
f 6284 4851 6283
f 6283 4851 4795
f 4852 4866 4853
f 4853 4866 4865
f 4871 4870 4856
f 4856 4870 5207
f 4717 4716 4864
f 4864 4716 4861
f 4868 4867 4862
f 4862 4867 4863
f 4268 4855 4269
f 4269 4855 4854
f 4281 4274 4282
f 4282 4274 4765
f 4744 4743 4907
f 4907 4743 4904
f 4874 4881 4820
f 4820 4881 4880
f 4885 5013 4886
f 4886 5013 4980
f 4888 4275 4281
f 4281 4275 4274
f 4902 6282 4903
f 4903 6282 6281
f 6283 4979 6284
f 6284 4979 4978
f 4282 4765 4269
f 4269 4765 4266
f 4880 4879 4902
f 4902 4879 6282
f 4903 6281 4886
f 4886 6281 4883
f 4882 4881 6283
f 6283 4881 4979
f 5013 4885 4267
f 4267 4885 4268
f 4888 4887 4744
f 4744 4887 4745
f 4410 6285 4411
f 4411 6285 4812
f 4750 4749 6286
f 6286 4749 6287
f 6289 4695 6288
f 6288 4695 4255
f 4750 4675 4751
f 4751 4675 4965
f 6290 6291 4963
f 4963 6291 4960
f 4807 4806 4411
f 4411 4806 4408
f 6292 6293 4959
f 4959 6293 4956
f 4958 6294 4959
f 4959 6294 4955
f 4962 4964 4963
f 4963 4964 4805
f 4962 4961 4751
f 4751 4961 4748
f 6296 6297 6295
f 6295 6297 6298
f 6299 6300 6288
f 6288 6300 4735
f 6302 4961 6301
f 6301 4961 4960
f 6304 6287 6303
f 6303 6287 4749
f 4968 6305 4969
f 4969 6305 6306
f 4413 6308 6307
f 6307 6308 4900
f 6301 4960 6309
f 6309 4960 6291
f 4412 4408 6310
f 6310 4408 4806
f 4696 6311 4256
f 4256 6311 6312
f 6303 4749 6313
f 6313 4749 4748
f 6313 4748 6302
f 6302 4748 4961
f 6315 6316 6314
f 6314 6316 6317
f 4084 6318 6315
f 6315 6318 6316
f 4083 6319 4084
f 4084 6319 6318
f 4112 6320 4083
f 4083 6320 6319
f 6322 4138 6321
f 6321 4138 4137
f 6324 4128 6323
f 6323 4128 4127
f 4127 4193 6323
f 6323 4193 6325
f 4193 4891 6325
f 6325 4891 6326
f 4891 6327 6326
f 6326 6327 6328
f 6327 4824 5227
f 5227 4824 5228
f 5231 4684 6329
f 6329 4684 4683
f 4683 4099 6329
f 6329 4099 6330
f 4099 4102 6330
f 6330 4102 6331
f 4174 4826 4429
f 4429 4826 4829
f 4173 4741 4174
f 4174 4741 4826
f 4180 4738 4173
f 4173 4738 4741
f 6332 6333 4180
f 4180 6333 4738
f 6274 6334 4186
f 4186 6334 4188
f 4181 4825 4180
f 4180 4825 6332
f 5044 5213 5045
f 5045 5213 5165
f 5046 5087 5047
f 5047 5087 5222
f 5077 5063 5078
f 5078 5063 5198
f 5081 5099 5082
f 5082 5099 5194
f 5095 5074 5096
f 5096 5074 5073
f 5373 5170 5096
f 5096 5170 5093
f 5375 5171 5373
f 5373 5171 5170
f 5047 5222 5375
f 5375 5222 5171
f 5046 5038 5376
f 5376 5038 5067
f 5377 5086 5376
f 5376 5086 5085
f 5045 5165 5377
f 5377 5165 5086
f 5378 5214 5044
f 5044 5214 5213
f 5077 5034 5378
f 5378 5034 5214
f 5082 5194 5078
f 5078 5194 5035
f 5081 5080 5379
f 5379 5080 6335
f 5379 6335 5095
f 5095 6335 5074
f 5032 5080 5033
f 5033 5080 5079
f 5040 5017 5041
f 5041 5017 5016
f 5050 5043 5051
f 5051 5043 5042
f 5065 5023 5066
f 5066 5023 5022
f 5050 5049 5065
f 5065 5049 5023
f 5041 5016 5068
f 5068 5016 5020
f 5071 5374 5072
f 5072 5374 5200
f 5075 5156 5076
f 5076 5156 5155
f 5162 5212 5068
f 5068 5212 5067
f 5075 5074 5192
f 5192 5074 6335
f 5066 5022 5199
f 5199 5022 5196
f 5076 5155 5072
f 5072 5155 5069
f 5040 5039 5071
f 5071 5039 5374
f 5162 5161 5051
f 5051 5161 5048
f 5192 6335 5032
f 5032 6335 5080
f 5199 5196 5033
f 5033 5196 5030
f 5018 5211 5019
f 5019 5211 5408
f 5019 5408 5021
f 5021 5408 5163
f 5024 5057 5025
f 5025 5057 5415
f 5028 5048 5029
f 5029 5048 5161
f 5054 5031 5055
f 5055 5031 5030
f 5024 5023 5058
f 5058 5023 5049
f 5061 5070 5062
f 5062 5070 5069
f 5157 5438 5158
f 5158 5438 5442
f 5160 5191 5054
f 5054 5191 5031
f 5029 5161 5021
f 5021 5161 5020
f 5025 5415 5197
f 5197 5415 5220
f 5158 5442 5062
f 5062 5442 5059
f 5018 5017 5061
f 5061 5017 5070
f 5160 5159 5157
f 5157 5159 5438
f 5028 5027 5058
f 5058 5027 5056
f 5055 5030 5197
f 5197 5030 5196
f 5409 5380 5410
f 5410 5380 6336
f 5026 5413 5027
f 5027 5413 5412
f 5396 5417 5393
f 5393 5417 5416
f 5416 5057 5419
f 5419 5057 5056
f 5417 5396 5426
f 5426 5396 5420
f 5427 5423 5428
f 5428 5423 5422
f 5427 5059 5430
f 5430 5059 5442
f 5409 5408 5433
f 5433 5408 5211
f 5433 5211 5428
f 5428 5211 5060
f 5412 5411 5419
f 5419 5411 5418
f 5436 5053 5437
f 5437 5053 5052
f 5439 5402 5440
f 5440 5402 5401
f 5436 5435 5439
f 5439 5435 5402
f 5410 6336 5413
f 5413 6336 5414
f 5440 5401 5430
f 5430 5401 5429
f 5426 5420 5437
f 5437 5420 5434
f 5382 5432 5383
f 5383 5432 5384
f 5386 6336 5383
f 5383 6336 5380
f 6336 5386 5414
f 5414 5386 5388
f 5391 5418 5392
f 5392 5418 5411
f 5705 5395 5704
f 5704 5395 5394
f 5399 5435 5400
f 5400 5435 5434
f 5403 5441 5404
f 5404 5441 5405
f 5407 5429 5404
f 5404 5429 5401
f 5395 5705 5421
f 5421 5705 5748
f 5424 5706 5425
f 5425 5706 5431
f 5391 5390 5394
f 5394 5390 5704
f 5392 5388 5389
f 5389 5388 5387
f 5382 5381 5425
f 5425 5381 5422
f 5407 5406 5424
f 5424 5406 5706
f 5403 5402 5399
f 5399 5402 5435
f 5421 5748 5400
f 5400 5748 5397
f 4097 4721 4098
f 4098 4721 4231
f 4233 5273 4098
f 4098 5273 4095
f 6337 6338 4785
f 4785 6338 4786
f 4076 4780 4073
f 4073 4780 4781
f 4782 4190 4781
f 4781 4190 4073
f 4783 4901 4782
f 4782 4901 4190
f 4780 4076 4097
f 4097 4076 4721
f 6337 2879 4701
f 4701 2879 2878
f 5280 6339 5272
f 5272 6339 6340
f 5282 5281 6341
f 6341 5281 6342
f 4109 6302 4110
f 4110 6302 6301
f 4283 6304 4284
f 4284 6304 6303
f 6305 4379 6306
f 6306 4379 4378
f 4110 6301 4428
f 4428 6301 6309
f 6310 4688 4412
f 4412 4688 4687
f 4284 6303 4753
f 4753 6303 6313
f 4753 6313 4109
f 4109 6313 6302
f 6343 5226 4428
f 4428 5226 4427
f 4147 4900 4416
f 4416 4900 6308
f 6312 6311 4241
f 4241 6311 4720
f 5223 6344 4702
f 4702 6344 4699
f 4221 4220 6345
f 6345 4220 6346
f 5276 5275 6347
f 6347 5275 6348
f 5275 4728 6348
f 6348 4728 6349
f 4727 6350 5284
f 5284 6350 5285
f 6351 6352 6354
f 6354 6352 6353
f 5313 5312 5292
f 5292 5312 5293
f 5312 5344 5293
f 5293 5344 5337
f 5344 4914 5337
f 5337 4914 4916
f 4914 4913 4916
f 4916 4913 4917
f 4913 6355 4917
f 4917 6355 4978
f 6356 6357 6284
f 6284 6357 5012
f 6357 6358 5012
f 5012 6358 5011
f 5011 6358 5366
f 5366 6358 6359
f 6360 4742 6359
f 6359 4742 5366
f 4743 6361 4904
f 4904 6361 5364
f 5363 4905 5364
f 5364 4905 4904
f 5363 6362 4905
f 4905 6362 4207
f 6362 6363 4207
f 4207 6363 4208
f 6363 5342 4208
f 4208 5342 5330
f 5342 5341 5330
f 5330 5341 4244
f 5341 6364 4244
f 4244 6364 4245
f 6364 6365 4245
f 4245 6365 4246
f 6366 6367 4253
f 4253 6367 4250
f 4214 6368 4211
f 4211 6368 4380
f 4380 4379 4211
f 4211 4379 4283
f 4379 6305 4283
f 4283 6305 6304
f 6305 4968 6304
f 6304 4968 6287
f 4968 4967 6287
f 6287 4967 6286
f 4967 6297 6286
f 6286 6297 4676
f 6296 4376 4288
f 4288 4376 4285
f 4376 4373 4285
f 4285 4373 4290
f 6369 6370 6372
f 6372 6370 6371
f 5245 6373 5246
f 5246 6373 6374
f 4317 6375 4318
f 4318 6375 6376
f 4331 6377 4332
f 4332 6377 6378
f 6379 4333 6376
f 6376 4333 4318
f 4343 6380 4344
f 4344 6380 6381
f 4347 6382 4348
f 4348 6382 6383
f 4374 6371 4331
f 4331 6371 6377
f 4333 6379 4426
f 4426 6379 6384
f 4690 6385 4347
f 4347 6385 6382
f 4332 6378 4317
f 4317 6378 6375
f 4922 6386 4923
f 4923 6386 6387
f 6388 6389 4375
f 4375 6389 6390
f 6355 6356 4978
f 4978 6356 6284
f 4742 6360 4743
f 4743 6360 6361
f 6391 4238 6392
f 6392 4238 4719
f 6392 4719 6393
f 6393 4719 5296
f 6395 6396 6394
f 6394 6396 6397
f 6399 6400 6398
f 6398 6400 6401
f 6402 5302 6403
f 6403 5302 5303
f 5303 5321 6403
f 6403 5321 6404
f 5320 6405 5321
f 5321 6405 6404
f 5319 6406 5350
f 5350 6406 5351
f 5319 5318 6406
f 6406 5318 6407
f 5288 4197 6408
f 6408 4197 6409
f 4217 4216 6410
f 6410 4216 6411
f 5227 6412 6327
f 6327 6412 6328
f 4892 6413 5227
f 5227 6413 6412
f 4228 6414 4892
f 4892 6414 6413
f 4227 6415 4228
f 4228 6415 6414
f 4248 6416 4227
f 4227 6416 6415
f 4247 6417 4248
f 4248 6417 6416
f 6417 4247 6419
f 6419 4247 6418
f 6419 6418 6421
f 6421 6418 6420
f 6422 5301 6423
f 6423 5301 5300
f 6423 5300 6424
f 6424 5300 6399
f 6408 6409 6398
f 6398 6409 6425
f 6426 6427 6397
f 6397 6427 6394
f 6428 4224 6429
f 6429 4224 4223
f 6347 6346 5276
f 5276 6346 4220
f 6346 6347 6341
f 6341 6347 6339
f 5280 5278 5282
f 5282 5278 4236
f 4896 5224 4684
f 4684 5224 4681
f 4132 4135 4896
f 4896 4135 5224
f 4131 4136 4132
f 4132 4136 4135
f 4226 4754 4131
f 4131 4754 4136
f 4251 4213 4226
f 4226 4213 4754
f 4250 4214 4251
f 4251 4214 4213
f 4250 6367 4214
f 4214 6367 6368
f 6367 4910 6368
f 6368 4910 4737
f 4909 5297 4736
f 4736 5297 5296
f 5297 6395 5296
f 5296 6395 6393
f 6427 6430 6394
f 6394 6430 6431
f 6429 4383 6428
f 6428 4383 4382
f 4219 5277 4220
f 4220 5277 5276
f 4222 4697 4383
f 4383 4697 4218
f 6345 4699 4221
f 4221 4699 6344
f 6342 4700 6345
f 6345 4700 4699
f 4235 4786 5281
f 5281 4786 6338
f 4234 4787 4235
f 4235 4787 4786
f 5279 5278 6432
f 6432 5278 5271
f 4237 5279 6433
f 6433 5279 6432
f 4787 4234 6433
f 6433 4234 4237
f 6435 6436 6434
f 6434 6436 6437
f 6359 6438 6360
f 6360 6438 6437
f 6439 6440 6441
f 6441 6440 6438
f 6443 6439 6442
f 6442 6439 6441
f 6357 6356 6442
f 6442 6356 6444
f 6444 6446 6445
f 6445 6446 6447
f 4912 6446 4913
f 4913 6446 6355
f 6361 6436 5364
f 5364 6436 5365
f 5319 5350 5316
f 5316 5350 6448
f 4832 6449 5350
f 5350 6449 6448
f 4831 6450 4832
f 4832 6450 6449
f 5354 6451 5320
f 5320 6451 6405
f 4265 6452 5354
f 5354 6452 6451
f 4264 6453 4265
f 4265 6453 6452
f 6450 4831 6447
f 6447 4831 6445
f 4263 6435 4264
f 4264 6435 6434
f 6454 6453 6439
f 6439 6453 6440
f 6439 6443 6454
f 6454 6443 4834
f 4833 6455 4834
f 4834 6455 6454
f 5351 6456 4833
f 4833 6456 6455
f 6457 6391 6458
f 6458 6391 6392
f 6458 6392 6431
f 6431 6392 6393
f 5298 6396 5297
f 5297 6396 6395
f 6402 6400 5302
f 5302 6400 5299
f 6402 6403 6459
f 6459 6403 6460
f 6460 6403 6461
f 6461 6403 6404
f 6405 6462 6404
f 6404 6462 6461
f 6406 6462 5351
f 5351 6462 6456
f 6406 6407 6462
f 6462 6407 6461
f 6407 6463 6461
f 6461 6463 6460
f 6463 6464 6460
f 6460 6464 6459
f 6464 6465 6459
f 6459 6465 6401
f 6430 6466 6431
f 6431 6466 6458
f 6466 6410 6458
f 6458 6410 6457
f 6410 6411 6457
f 6457 6411 6467
f 6396 6424 6397
f 6397 6424 6425
f 6393 6395 6431
f 6431 6395 6394
f 6451 6456 6405
f 6405 6456 6462
f 6452 6455 6451
f 6451 6455 6456
f 6453 6454 6452
f 6452 6454 6455
f 6443 6445 4834
f 4834 6445 4831
f 6440 6453 6434
f 6434 6453 4264
f 6468 5306 5360
f 5360 5306 5305
f 6469 4124 6468
f 6468 4124 5306
f 6470 4125 6469
f 6469 4125 4124
f 6471 5291 6470
f 6470 5291 4125
f 6353 5292 6471
f 6471 5292 5291
f 5292 6353 5313
f 5313 6353 6352
f 5347 5314 6352
f 6352 5314 5313
f 5353 5318 5346
f 5346 5318 5317
f 5334 6468 5358
f 5358 6468 5360
f 5324 6469 5334
f 5334 6469 6468
f 5323 6470 5324
f 5324 6470 6469
f 5343 6471 5323
f 5323 6471 6470
f 6354 6353 5343
f 5343 6353 6471
f 6348 6349 4270
f 4270 6349 5311
f 5272 6340 5273
f 5273 6340 4272
f 6432 5271 4232
f 4232 5271 4233
f 4294 6432 4295
f 4295 6432 4232
f 6432 4294 6433
f 6433 4294 4301
f 4301 4300 6433
f 6433 4300 4787
f 4704 4784 4300
f 4300 4784 4787
f 4704 3013 4784
f 4784 3013 1307
f 5103 6472 5104
f 5104 6472 5202
f 5108 5116 5105
f 5105 5116 5115
f 5111 5124 5112
f 5112 5124 5123
f 5154 5205 5105
f 5105 5205 5106
f 5167 5180 5168
f 5168 5180 5185
f 5175 5188 5176
f 5176 5188 5187
f 5112 5123 5178
f 5178 5123 5120
f 5167 5090 5183
f 5183 5090 5089
f 5210 5151 5183
f 5183 5151 5181
f 5216 5138 5217
f 5217 5138 5137
f 5218 5119 5219
f 5219 5119 5221
f 5218 5178 5119
f 5119 5178 5120
f 5217 5137 5104
f 5104 5137 5101
f 5116 5108 5221
f 5221 5108 5219
f 5111 5110 5210
f 5210 5110 5151
f 5154 5153 5103
f 5103 5153 6472
f 5216 5215 5176
f 5176 5215 5173
f 5175 5174 5168
f 5168 5174 5166
f 5091 5172 5092
f 5092 5172 5208
f 5117 5037 5118
f 5118 5037 5036
f 5121 5164 5122
f 5122 5164 5133
f 5125 5084 5126
f 5126 5084 5083
f 5129 5174 5130
f 5130 5174 5173
f 5131 5202 5132
f 5132 5202 6472
f 5135 5221 5122
f 5122 5221 5119
f 5125 5124 5136
f 5136 5124 5209
f 5126 5083 5121
f 5121 5083 5164
f 5118 5036 5195
f 5195 5036 5193
f 5131 5097 5203
f 5203 5097 5114
f 5132 6472 5195
f 5195 6472 5153
f 5136 5209 5092
f 5092 5209 5089
f 5135 5134 5117
f 5117 5134 5037
f 5362 5206 5130
f 5130 5206 5127
f 5372 5371 5128
f 5128 5371 5129
f 5371 5372 5091
f 5091 5372 5172
f 5362 5215 5203
f 5203 5215 5201
f 6463 6407 5353
f 5353 6407 5318
f 6464 6463 5352
f 5352 6463 5353
f 6408 6465 5288
f 5288 6465 5289
f 4196 4224 6426
f 6426 4224 6427
f 6430 6427 6428
f 6428 6427 4224
f 6466 6430 4382
f 4382 6430 6428
f 6410 6466 4217
f 4217 6466 4382
f 4240 4239 3015
f 3015 4239 3016
f 4254 4257 3017
f 3017 4257 3018
f 6473 6474 4732
f 4732 6474 6475
f 6474 6374 6475
f 6475 6374 6373
f 5246 6374 3022
f 3022 6374 3023
f 4254 6299 4255
f 4255 6299 6288
f 6473 6300 3024
f 3024 6300 3025
f 6476 4257 6312
f 6312 4257 4256
f 4240 6476 4241
f 4241 6476 6312
f 6477 4239 6391
f 6391 4239 4238
f 6467 6477 6457
f 6457 6477 6391
f 6411 3029 6467
f 6467 3029 3028
f 4216 3030 6411
f 6411 3030 3029
f 6479 6480 6478
f 6478 6480 6481
f 6483 6484 6482
f 6482 6484 6485
f 6486 6487 4102
f 4102 6487 6331
f 6483 6488 6478
f 6478 6488 6489
f 4429 4829 6490
f 6490 4829 6479
f 6491 6486 4101
f 4101 6486 4102
f 4895 6491 4899
f 4899 6491 4101
f 4160 6488 4157
f 4157 6488 6492
f 6489 4087 6490
f 6490 4087 4090
f 4267 4261 5013
f 5013 4261 4260
f 4258 4261 5328
f 5328 4261 4975
f 4261 4267 4975
f 4975 4267 4266
f 5367 3793 3912
f 3912 3793 3575
f 6494 3616 6493
f 6493 3616 3795
f 6496 3589 6495
f 6495 3589 3588
f 6495 3588 5368
f 5368 3588 3794
f 3841 3840 3050
f 3050 3840 3051
f 3912 3911 3052
f 3052 3911 3053
f 3929 3930 3054
f 3054 3930 3055
f 5370 3930 3916
f 3916 3930 3923
f 3938 5369 3807
f 3807 5369 3915
f 3589 6496 3806
f 3806 6496 3937
f 3938 3937 3056
f 3056 3937 3057
f 3051 3840 3058
f 3058 3840 3943
f 3730 4808 3727
f 3727 4808 3943
f 3820 3951 3795
f 3795 3951 6493
f 3951 3841 3059
f 3059 3841 3050
f 3911 3574 6494
f 6494 3574 3616
f 3823 3929 3824
f 3824 3929 3952
f 4061 4060 3060
f 3060 4060 3061
f 6497 6498 4901
f 4901 6498 4790
f 6333 6499 4738
f 4738 6499 4739
f 6500 6501 6314
f 6314 6501 4418
f 6502 6275 4417
f 4417 6275 4185
f 6503 6497 4783
f 4783 6497 4901
f 6498 4060 4790
f 4790 4060 4059
f 4808 4061 3069
f 3069 4061 3060
f 5367 3071 5368
f 5368 3071 3070
f 5369 3073 5370
f 5370 3073 3072
f 6274 6275 3074
f 3074 6275 3075
f 6499 6504 4739
f 4739 6504 6317
f 6333 6332 3077
f 3077 6332 3078
f 6334 6274 3079
f 3079 6274 3074
f 6332 4825 3078
f 3078 4825 3080
f 6334 6503 4188
f 4188 6503 4783
f 4825 4689 3080
f 3080 4689 1330
f 6506 4747 6505
f 6505 4747 4746
f 6505 6507 6506
f 6506 6507 6508
f 4297 6509 4920
f 4920 6509 6510
f 4296 6511 4297
f 4297 6511 6509
f 6506 6508 4319
f 4319 6508 6512
f 4372 4371 6514
f 6514 4371 6513
f 6511 4296 5251
f 5251 4296 4305
f 5251 5250 6511
f 6511 5250 6515
f 6516 6509 6515
f 6515 6509 6511
f 6517 6507 6519
f 6519 6507 6518
f 6512 6520 6513
f 6513 6520 6514
f 6507 6517 6508
f 6508 6517 6521
f 5249 6523 6522
f 6522 6523 6524
f 6525 6370 5253
f 5253 6370 6526
f 4370 4323 4371
f 4371 4323 4326
f 4370 3103 4323
f 4323 3103 1541
f 6521 6517 6527
f 6527 6517 6519
f 6520 6528 6514
f 6514 6528 6529
f 6531 6532 6530
f 6530 6532 6533
f 5250 6534 6515
f 6515 6534 6535
f 6530 6533 6536
f 6536 6533 6537
f 6526 6538 6534
f 6534 6538 6537
f 6515 6535 6516
f 6516 6535 6539
f 4325 4321 4326
f 4326 4321 4320
f 4371 4326 6513
f 6513 4326 4320
f 6531 4731 6541
f 6541 4731 6540
f 4731 4730 6540
f 6540 4730 6542
f 4730 3121 6542
f 6542 3121 3120
f 6530 4328 6531
f 6531 4328 4731
f 4328 6530 4329
f 4329 6530 6536
f 4329 6536 6524
f 6524 6536 6543
f 6544 6545 6522
f 6522 6545 5248
f 6389 6388 5245
f 5245 6388 6373
f 6388 6546 6373
f 6373 6546 6475
f 4733 6546 6295
f 6295 6546 4377
f 4732 6475 4733
f 4733 6475 6546
f 4393 4432 4394
f 4394 4432 4435
f 4434 4672 4842
f 4842 4672 4671
f 4440 4439 4441
f 4441 4439 4438
f 4436 4450 4437
f 4437 4450 4398
f 4447 4444 4448
f 4448 4444 4392
f 4446 4464 4433
f 4433 4464 6547
f 4454 4423 4455
f 4455 4423 4422
f 4452 4481 4453
f 4453 4481 4480
f 4458 4389 4459
f 4459 4389 4388
f 4456 4471 4457
f 4457 4471 4468
f 4391 4460 4392
f 4392 4460 4448
f 4461 4467 4445
f 4445 4467 4465
f 4437 4398 4629
f 4629 4398 4397
f 4438 4628 4441
f 4441 4628 4631
f 4841 4629 4839
f 4839 4629 4397
f 4628 4842 4631
f 4631 4842 4671
f 4930 4989 4452
f 4452 4989 4481
f 4929 4927 4436
f 4436 4927 4450
f 4933 4387 4934
f 4934 4387 4386
f 4931 4475 4932
f 4932 4475 4474
f 4936 4449 4933
f 4933 4449 4387
f 4935 4472 4456
f 4456 4472 4471
f 4389 4458 4391
f 4391 4458 4460
f 4457 4468 4461
f 4461 4468 4467
f 4934 4386 4454
f 4454 4386 4423
f 4453 4480 4931
f 4931 4480 4475
f 4575 4997 4576
f 4576 4997 4639
f 4579 4596 4580
f 4580 4596 4595
f 4583 4582 4572
f 4572 4582 4569
f 4587 4944 4588
f 4588 4944 4562
f 4588 4562 4590
f 4590 4562 4561
f 4576 4639 4642
f 4642 4639 4638
f 4642 4845 4641
f 4641 4845 4846
f 4845 4590 4846
f 4846 4590 4561
f 4941 4938 4595
f 4595 4938 4580
f 4938 4940 4668
f 4668 4940 4669
f 4583 4942 4584
f 4584 4942 4947
f 4582 4587 4569
f 4569 4587 4586
f 5000 5001 4579
f 4579 5001 4596
f 4558 4560 4585
f 4585 4560 4586
f 4565 4639 4566
f 4566 4639 4997
f 4568 4567 4577
f 4577 4567 4578
f 4570 4554 4571
f 4571 4554 4556
f 4640 4565 4637
f 4637 4565 4546
f 4662 4664 4665
f 4665 4664 4844
f 4662 4558 4589
f 4589 4558 4585
f 4554 4570 4557
f 4557 4570 4560
f 4571 4667 4572
f 4572 4667 4943
f 4551 4670 4552
f 4552 4670 4666
f 4640 4664 4638
f 4638 4664 4663
f 4670 4568 4668
f 4668 4568 4577
f 4999 4996 4566
f 4566 4996 4543
f 4608 4564 4603
f 4603 4564 4563
f 4573 4593 4574
f 4574 4593 4592
f 4597 4614 4598
f 4598 4614 4613
f 4601 4600 4584
f 4584 4600 4581
f 4563 4562 4604
f 4604 4562 4944
f 4643 4593 4641
f 4641 4593 4573
f 4643 4847 4644
f 4644 4847 4848
f 4564 4847 4561
f 4561 4847 4846
f 4945 4941 4598
f 4598 4941 4595
f 4941 4945 4939
f 4939 4945 4946
f 4601 4948 4602
f 4602 4948 4620
f 4600 4604 4581
f 4581 4604 4944
f 5002 5003 4597
f 4597 5003 4614
f 4988 4759 4953
f 4953 4759 4402
f 4706 6548 4707
f 4707 6548 6549
f 4311 4928 4419
f 4419 4928 6550
f 4921 4920 6551
f 6551 4920 6552
f 4925 6553 4926
f 4926 6553 6554
f 4928 4921 4802
f 4802 4921 6551
f 6555 4985 6550
f 6550 4985 4419
f 4952 6556 4953
f 4953 6556 4649
f 4971 6557 4706
f 4706 6557 6548
f 4988 4648 4925
f 4925 4648 6553
f 4707 6549 5006
f 5006 6549 4987
f 4920 6510 6552
f 6552 6510 6518
f 6558 6510 6516
f 6516 6510 6509
f 6559 6558 6539
f 6539 6558 6516
f 6531 6541 6532
f 6532 6541 6560
f 6540 6561 6541
f 6541 6561 6529
f 6542 6562 6540
f 6540 6562 6561
f 6542 3120 6562
f 6562 3120 3142
f 4366 6563 4760
f 4760 6563 4970
f 4815 6564 4816
f 4816 6564 6565
f 3147 3146 6565
f 6565 3146 4816
f 6564 6563 6565
f 6565 6563 6566
f 4837 4385 4357
f 4357 4385 4358
f 6565 6566 3147
f 3147 6566 3149
f 4694 1209 3150
f 5247 5249 5248
f 5248 5249 6522
f 6372 6390 6545
f 6545 6390 6389
f 6375 5254 6376
f 6376 5254 5258
f 6377 6525 6378
f 6378 6525 5255
f 5260 6379 5258
f 5258 6379 6376
f 6380 6567 6381
f 6381 6567 6568
f 6382 6569 6383
f 6383 6569 6570
f 6377 6371 6525
f 6525 6371 6370
f 6379 5260 6384
f 6384 5260 6571
f 6385 6572 6382
f 6382 6572 6569
f 6378 5255 6375
f 6375 5255 5254
f 6386 6573 6387
f 6387 6573 6574
f 6545 6389 5248
f 5248 6389 5245
f 4675 4750 4676
f 4676 4750 6286
f 4734 6289 4735
f 4735 6289 6288
f 4804 6290 4805
f 4805 6290 4963
f 4811 4807 4812
f 4812 4807 4411
f 4954 6292 4955
f 4955 6292 4959
f 4964 4962 4965
f 4965 4962 4751
f 6285 4821 4812
f 4812 4821 4809
f 4675 4287 4965
f 4965 4287 4210
f 6294 4145 4955
f 4955 4145 4154
f 4964 4120 4805
f 4805 4120 4119
f 6298 4966 4734
f 4734 4966 6289
f 6300 6473 4735
f 4735 6473 4732
f 6297 6296 4676
f 4676 6296 4288
f 6523 3160 4330
f 4330 3160 3159
f 5253 5252 6525
f 6525 5252 5255
f 5256 5252 4305
f 4305 5252 5251
f 4304 5257 4305
f 4305 5257 5256
f 4424 5259 4304
f 4304 5259 5257
f 5261 6571 5259
f 5259 6571 5260
f 5262 6573 5261
f 5261 6573 6571
f 5264 6567 5265
f 5265 6567 6574
f 5266 6572 5267
f 5267 6572 6568
f 5268 6570 5269
f 5269 6570 6569
f 1807 3161 5268
f 5268 3161 6570
f 6524 6523 4329
f 4329 6523 4330
f 5253 6526 5250
f 5250 6526 6534
f 6543 6538 6544
f 6544 6538 6369
f 6524 6543 6522
f 6522 6543 6544
f 3071 5367 3052
f 3052 5367 3912
f 6493 3163 6494
f 6494 3163 3162
f 3164 445 3771
f 3771 445 3761
f 461 3165 3919
f 3919 3165 3920
f 330 410 3839
f 3839 410 3910
f 332 331 3552
f 3552 331 3551
f 464 304 3918
f 3918 304 3816
f 385 458 3766
f 3766 458 3894
f 412 415 3762
f 3762 415 3763
f 3166 337 3748
f 3748 337 3745
f 3072 3055 5370
f 5370 3055 3930
f 3073 5369 3056
f 3056 5369 3938
f 3167 3057 6496
f 6496 3057 3937
f 3069 3058 4808
f 4808 3058 3943
f 411 3166 3851
f 3851 3166 3748
f 3059 3163 3951
f 3951 3163 6493
f 336 3164 3772
f 3772 3164 3771
f 3053 3911 3162
f 3162 3911 6494
f 3054 3168 3929
f 3929 3168 3952
f 3165 830 3920
f 3920 830 3945
f 3170 3169 6497
f 6497 3169 6498
f 3171 1354 5005
f 5005 1354 4830
f 3172 3170 6503
f 6503 3170 6497
f 3169 3061 6498
f 6498 3061 4060
f 3173 3171 5006
f 5006 3171 5005
f 3079 3172 6334
f 6334 3172 6503
f 3174 3025 6299
f 6299 3025 6300
f 6576 6577 6575
f 6575 6577 6578
f 4612 4611 6579
f 6579 4611 6580
f 6582 6583 6581
f 6581 6583 6584
f 6584 6585 4618
f 4618 6585 4621
f 6586 6587 6589
f 6589 6587 6588
f 6588 6587 6590
f 6590 6587 6591
f 6592 4606 6590
f 6590 4606 4623
f 6594 6576 6593
f 6593 6576 6575
f 6595 6582 6579
f 6579 6582 6581
f 6580 6597 6596
f 6596 6597 6598
f 6577 6576 6599
f 6599 6576 6600
f 6595 6596 6601
f 6601 6596 6602
f 6583 6582 6603
f 6603 6582 6604
f 6586 6606 6605
f 6605 6606 6607
f 6587 6586 6608
f 6608 6586 6605
f 6587 6608 6591
f 6591 6608 6609
f 6576 6594 6600
f 6600 6594 6610
f 6582 6595 6604
f 6604 6595 6601
f 6599 6611 6577
f 6577 6611 6598
f 6613 6614 6612
f 6612 6614 6615
f 6617 6618 6616
f 6616 6618 6619
f 6621 6622 6620
f 6620 6622 6623
f 6625 6626 6624
f 6624 6626 6627
f 6629 6630 6628
f 6628 6630 6631
f 6633 6634 6632
f 6632 6634 6635
f 6637 6638 6636
f 6636 6638 6639
f 6640 6641 6637
f 6637 6641 6638
f 6643 6633 6642
f 6642 6633 6632
f 6645 6646 6644
f 6644 6646 6647
f 6646 6648 6647
f 6647 6648 6649
f 6651 6652 6650
f 6650 6652 6653
f 6653 6652 6654
f 6654 6652 6655
f 6656 6657 6659
f 6659 6657 6658
f 6661 6662 6660
f 6660 6662 6663
f 6662 6661 6664
f 6664 6661 6665
f 6667 6657 6666
f 6666 6657 6656
f 6669 6670 6668
f 6668 6670 6671
f 6672 6673 6670
f 6670 6673 6671
f 6674 6675 6677
f 6677 6675 6676
f 6675 6678 6676
f 6676 6678 6679
f 6681 6682 6680
f 6680 6682 6683
f 6684 6685 6683
f 6683 6685 6680
f 6687 6688 6686
f 6686 6688 6689
f 6687 6690 6688
f 6688 6690 6691
f 6619 6618 6633
f 6633 6618 6634
f 6632 6635 6693
f 6693 6635 6692
f 6617 6694 6636
f 6636 6694 6637
f 6695 6692 6639
f 6639 6692 6635
f 6637 6694 6640
f 6640 6694 6696
f 6698 6638 6697
f 6697 6638 6641
f 6643 6616 6633
f 6633 6616 6619
f 6642 6699 6641
f 6641 6699 6697
f 6646 6645 6700
f 6700 6645 6621
f 6644 6701 6654
f 6654 6701 6702
f 6700 6703 6646
f 6646 6703 6648
f 6693 6704 6649
f 6649 6704 6647
f 6620 6623 6651
f 6651 6623 6652
f 6693 6649 6699
f 6699 6649 6650
f 6652 6623 6655
f 6655 6623 6622
f 6654 6702 6653
f 6653 6702 6697
f 6615 6614 6657
f 6657 6614 6658
f 6705 6656 6704
f 6704 6656 6659
f 6613 6706 6660
f 6660 6706 6661
f 6704 6659 6701
f 6701 6659 6663
f 6661 6706 6665
f 6665 6706 6707
f 6708 6702 6664
f 6664 6702 6662
f 6612 6615 6667
f 6667 6615 6657
f 6666 6709 6664
f 6664 6709 6708
f 6629 6710 6669
f 6669 6710 6670
f 6668 6711 6679
f 6679 6711 6712
f 6713 6672 6710
f 6710 6672 6670
f 6714 6671 6705
f 6705 6671 6673
f 6628 6631 6674
f 6674 6631 6675
f 6705 6673 6709
f 6709 6673 6677
f 6631 6630 6675
f 6675 6630 6678
f 6712 6708 6679
f 6679 6708 6676
f 6625 6715 6682
f 6682 6715 6683
f 6716 6717 6681
f 6681 6717 6691
f 6718 6684 6715
f 6715 6684 6683
f 6719 6680 6714
f 6714 6680 6685
f 6624 6627 6686
f 6686 6627 6687
f 6689 6711 6685
f 6685 6711 6714
f 6627 6626 6687
f 6687 6626 6690
f 6717 6712 6691
f 6691 6712 6688
f 6612 6707 6613
f 6613 6707 6706
f 6616 6696 6617
f 6617 6696 6694
f 6703 6700 6620
f 6620 6700 6621
f 6715 6625 6718
f 6718 6625 6624
f 6710 6629 6713
f 6713 6629 6628
f 6639 6635 6636
f 6636 6635 6634
f 6641 6640 6642
f 6642 6640 6643
f 6654 6655 6644
f 6644 6655 6645
f 6651 6650 6648
f 6648 6650 6649
f 6659 6658 6663
f 6663 6658 6660
f 6665 6667 6664
f 6664 6667 6666
f 6678 6669 6679
f 6679 6669 6668
f 6673 6672 6677
f 6677 6672 6674
f 6690 6682 6691
f 6691 6682 6681
f 6685 6684 6689
f 6689 6684 6686
f 6636 6634 6617
f 6617 6634 6618
f 6638 6698 6639
f 6639 6698 6695
f 6640 6696 6643
f 6643 6696 6616
f 6693 6699 6632
f 6632 6699 6642
f 6655 6622 6645
f 6645 6622 6621
f 6704 6701 6647
f 6647 6701 6644
f 6651 6648 6620
f 6620 6648 6703
f 6650 6653 6699
f 6699 6653 6697
f 6613 6660 6614
f 6614 6660 6658
f 6663 6662 6701
f 6701 6662 6702
f 6665 6707 6667
f 6667 6707 6612
f 6705 6709 6656
f 6656 6709 6666
f 6630 6629 6678
f 6678 6629 6669
f 6714 6711 6671
f 6671 6711 6668
f 6672 6713 6674
f 6674 6713 6628
f 6677 6676 6709
f 6709 6676 6708
f 6626 6625 6690
f 6690 6625 6682
f 6680 6719 6681
f 6681 6719 6716
f 6684 6718 6686
f 6686 6718 6624
f 6711 6689 6712
f 6689 6688 6712
f 6593 6720 6594
f 6594 6720 6721
f 6722 6720 4607
f 4607 6720 4849
f 6592 6723 6722
f 6722 6723 6724
f 4610 4609 6578
f 6578 4609 6575
f 6596 6595 6580
f 6580 6595 6579
f 4618 4617 6584
f 6584 4617 6581
f 6589 6585 6586
f 6586 6585 6606
f 4622 4619 6588
f 6588 4619 6589
f 4622 6588 4623
f 4623 6588 6590
f 4609 4645 6575
f 6575 4645 6593
f 4617 4612 6581
f 6581 4612 6579
f 5004 4610 6597
f 6597 4610 6578
f 4645 4849 6593
f 6593 4849 6720
f 6724 6721 6722
f 6722 6721 6720
f 6722 4607 6592
f 6592 4607 4606
f 6725 6610 6721
f 6721 6610 6594
f 6723 6726 6724
f 6724 6726 6727
f 6727 6725 6724
f 6724 6725 6721
f 6728 6729 6605
f 6605 6729 6608
f 6605 6607 6728
f 6728 6607 6730
f 6731 6732 6604
f 6604 6732 6603
f 6733 6734 6725
f 6725 6734 6610
f 6735 6733 6727
f 6727 6733 6725
f 6735 6727 6736
f 6736 6727 6726
f 6591 6609 6723
f 6723 6609 6726
f 6723 6592 6591
f 6591 6592 6590
f 6738 6739 6737
f 6737 6739 6740
f 6740 6739 6742
f 6742 6739 6741
f 6743 6744 6741
f 6741 6744 6742
f 6745 6746 6743
f 6743 6746 6744
f 6747 6748 6745
f 6745 6748 6746
f 6749 6750 6747
f 6747 6750 6748
f 6752 6738 6751
f 6751 6738 6737
f 6754 6752 6753
f 6753 6752 6751
f 6756 6754 6755
f 6755 6754 6753
f 6758 6750 6757
f 6757 6750 6749
f 6760 6756 6759
f 6759 6756 6755
f 6762 6760 6761
f 6761 6760 6759
f 6764 6762 6763
f 6763 6762 6761
f 6757 6764 6758
f 6758 6764 6763
f 6766 6741 6765
f 6765 6741 6739
f 6767 6743 6766
f 6766 6743 6741
f 6768 6745 6767
f 6767 6745 6743
f 6769 6747 6768
f 6768 6747 6745
f 6770 6749 6769
f 6769 6749 6747
f 6772 6769 6771
f 6771 6769 6768
f 6773 6770 6772
f 6772 6770 6769
f 6774 6775 6772
f 6772 6775 6773
f 6777 6778 6776
f 6776 6778 6779
f 6775 6774 6778
f 6778 6774 6779
f 6771 6780 6772
f 6772 6780 6774
f 6780 6781 6774
f 6774 6781 6779
f 6781 6782 6779
f 6779 6782 6776
f 6784 6785 6783
f 6783 6785 6786
f 6786 6787 6783
f 6783 6787 6788
f 6790 6788 6789
f 6789 6788 6787
f 6786 6785 6791
f 6791 6785 6792
f 6791 6793 6786
f 6786 6793 6787
f 6793 6794 6787
f 6787 6794 6789
f 6795 6796 6794
f 6794 6796 6789
f 6790 6789 6797
f 6797 6789 6796
f 6798 6765 6738
f 6738 6765 6739
f 6799 6798 6752
f 6752 6798 6738
f 6767 6800 6768
f 6768 6800 6771
f 6766 6801 6767
f 6767 6801 6800
f 6802 6801 6765
f 6765 6801 6766
f 6798 6803 6765
f 6765 6803 6802
f 6804 6803 6799
f 6799 6803 6798
f 6805 6806 6804
f 6804 6806 6803
f 6807 6799 6754
f 6754 6799 6752
f 6808 6804 6807
f 6807 6804 6799
f 6809 6805 6808
f 6808 6805 6804
f 6810 6811 6805
f 6805 6811 6806
f 6812 6813 6810
f 6810 6813 6811
f 6814 6815 6796
f 6796 6815 6797
f 6813 6814 6816
f 6816 6814 6817
f 6816 6818 6813
f 6813 6818 6811
f 6819 6806 6818
f 6818 6806 6811
f 6802 6803 6819
f 6819 6803 6806
f 6757 6749 6820
f 6820 6749 6770
f 6820 6770 6821
f 6821 6770 6773
f 6821 6773 6822
f 6822 6773 6775
f 6822 6775 6823
f 6823 6775 6778
f 6824 6823 6777
f 6777 6823 6778
f 6784 6825 6777
f 6777 6825 6824
f 6826 6827 6788
f 6788 6827 6783
f 6828 6826 6790
f 6790 6826 6788
f 6829 6828 6797
f 6797 6828 6790
f 6815 6830 6797
f 6797 6830 6829
f 6832 6812 6831
f 6831 6812 6810
f 6831 6810 6809
f 6809 6810 6805
f 6736 6800 6735
f 6735 6800 6801
f 6733 6735 6802
f 6802 6735 6801
f 6734 6733 6819
f 6819 6733 6802
f 6833 6734 6818
f 6818 6734 6819
f 6834 6833 6816
f 6816 6833 6818
f 6816 6817 6834
f 6834 6817 6835
f 6837 6795 6836
f 6836 6795 6794
f 6836 6794 6731
f 6731 6794 6793
f 6732 6731 6791
f 6791 6731 6793
f 6791 6792 6732
f 6732 6792 6730
f 6729 6728 6781
f 6781 6728 6782
f 6838 6807 6756
f 6756 6807 6754
f 6839 6838 6760
f 6760 6838 6756
f 6840 6839 6762
f 6762 6839 6760
f 6841 6840 6764
f 6764 6840 6762
f 6820 6841 6757
f 6757 6841 6764
f 6841 6820 6842
f 6842 6820 6821
f 6840 6841 6843
f 6843 6841 6842
f 6839 6840 6844
f 6844 6840 6843
f 6838 6839 6845
f 6845 6839 6844
f 6807 6838 6808
f 6808 6838 6845
f 6842 6821 6846
f 6846 6821 6822
f 6843 6842 6847
f 6847 6842 6846
f 6844 6843 6848
f 6848 6843 6847
f 6845 6844 6849
f 6849 6844 6848
f 6808 6845 6809
f 6809 6845 6849
f 6850 6831 6849
f 6849 6831 6809
f 6851 6850 6848
f 6848 6850 6849
f 6847 6852 6848
f 6848 6852 6851
f 6853 6852 6846
f 6846 6852 6847
f 6846 6822 6853
f 6853 6822 6823
f 6853 6823 6854
f 6854 6823 6824
f 6854 6855 6853
f 6853 6855 6852
f 6856 6851 6855
f 6855 6851 6852
f 6856 6857 6851
f 6851 6857 6850
f 6857 6832 6850
f 6850 6832 6831
f 6825 6858 6824
f 6824 6858 6854
f 6860 6827 6859
f 6859 6827 6826
f 6859 6826 6861
f 6861 6826 6828
f 6862 6861 6829
f 6829 6861 6828
f 6830 6863 6829
f 6829 6863 6862
f 6863 6864 6862
f 6862 6864 6865
f 6858 6866 6854
f 6854 6866 6855
f 6867 6865 6866
f 6866 6865 6864
f 6869 6859 6868
f 6868 6859 6861
f 6867 6869 6865
f 6865 6869 6868
f 6861 6862 6868
f 6868 6862 6865
f 6867 6860 6869
f 6869 6860 6859
f 6753 6751 6698
f 6698 6751 6695
f 6697 6755 6698
f 6698 6755 6753
f 6759 6755 6702
f 6702 6755 6697
f 6761 6759 6708
f 6708 6759 6702
f 6763 6761 6712
f 6712 6761 6708
f 6758 6763 6717
f 6717 6763 6712
f 6750 6758 6716
f 6716 6758 6717
f 6719 6748 6716
f 6716 6748 6750
f 6714 6746 6719
f 6719 6746 6748
f 6705 6744 6714
f 6714 6744 6746
f 6704 6742 6705
f 6705 6742 6744
f 6740 6742 6693
f 6693 6742 6704
f 6737 6740 6692
f 6692 6740 6693
f 6751 6737 6695
f 6695 6737 6692
f 6601 6602 6836
f 6836 6602 6837
f 6604 6601 6731
f 6731 6601 6836
f 6599 6600 6834
f 6834 6600 6833
f 6834 6835 6599
f 6599 6835 6611
f 6600 6610 6833
f 6833 6610 6734
f 6780 6771 6870
f 6870 6771 6736
f 6736 6771 6800
f 6870 6729 6780
f 6780 6729 6781
f 6608 6729 6609
f 6609 6729 6870
f 6609 6870 6726
f 6726 6870 6736
f 5014 5015 5229
f 5229 5015 5230
f 4258 5015 4259
f 4259 5015 4878
f 3471 3013 4703
f 4703 3013 4704
f 2879 6337 1306
f 1306 6337 4785
f 829 3471 4316
f 4316 3471 4703
f 4702 3472 5223
f 5223 3472 1756
f 6871 6872 4534
f 4534 6872 4535
f 6871 4665 6872
f 6872 4665 4844
f 6871 6873 4665
f 4665 6873 4559
f 6871 4534 6873
f 6873 4534 4542
f 4153 4152 4822
f 4822 4152 4407
f 4152 4168 4407
f 4407 4168 4342
f 4343 4168 4923
f 4923 4168 4167
f 4363 4362 4972
f 4972 4362 4840
f 4362 4394 4840
f 4840 4394 4839
f 4401 4400 4986
f 4986 4400 4984
f 4435 4434 4841
f 4841 4434 4842
f 4506 4505 4530
f 4530 4505 4531
f 4506 4535 4507
f 4507 4535 4843
f 4661 4660 4516
f 4516 4660 4517
f 4673 4672 4937
f 4937 4672 6547
f 4400 4924 4984
f 4984 4924 5263
f 4673 4660 4674
f 4674 4660 4659
f 4505 4661 4531
f 4531 4661 4516
f 4952 4401 6874
f 6874 4401 4986
f 4954 4153 6875
f 6875 4153 4822
f 4363 4973 4364
f 4364 4973 4974
f 5264 4924 5267
f 5267 4924 4691
f 6293 6292 6876
f 6876 6292 6877
f 6380 4343 6387
f 6387 4343 4923
f 4394 4435 4839
f 4839 4435 4841
f 4672 4434 6547
f 6547 4434 4433
f 4973 6556 4974
f 4974 6556 6878
f 6567 6380 6574
f 6574 6380 6387
f 6292 4954 6877
f 6877 4954 6875
f 6567 5264 6568
f 6568 5264 5267
f 4145 4144 4154
f 4154 4144 4151
f 4194 4144 4425
f 4425 4144 4143
f 4355 4354 5263
f 5263 4354 4984
f 4360 4359 4364
f 4364 4359 4361
f 4444 4359 4392
f 4392 4359 4337
f 4447 4446 4432
f 4432 4446 4433
f 4464 4463 6547
f 6547 4463 4937
f 4519 4518 4654
f 4654 4518 4509
f 4533 4532 4499
f 4499 4532 4498
f 4533 4542 4530
f 4530 4542 4534
f 4519 4532 4516
f 4516 4532 4531
f 4922 4194 4426
f 4426 4194 4425
f 4463 4518 4937
f 4937 4518 4517
f 6555 4951 6874
f 6874 4951 6878
f 4958 4957 6290
f 6290 4957 6291
f 4334 4360 4712
f 4712 4360 4950
f 4985 4354 4419
f 4419 4354 4353
f 5262 4355 5265
f 5265 4355 5263
f 6294 4958 4804
f 4804 4958 6290
f 6386 4922 6384
f 6384 4922 4426
f 4444 4447 4393
f 4393 4447 4432
f 4464 4446 4465
f 4465 4446 4445
f 4985 6555 4986
f 4986 6555 6874
f 6573 6386 6571
f 6571 6386 6384
f 4145 6294 4146
f 4146 6294 4804
f 6573 5262 6574
f 6574 5262 5265
f 4542 4541 6873
f 6873 4541 4559
f 4535 6872 4843
f 4843 6872 4844
f 4104 4103 6879
f 6879 4103 6343
f 4105 6293 6307
f 6307 6293 6876
f 4104 4956 4105
f 4105 4956 6293
f 4956 4104 4957
f 4957 4104 6879
f 4957 6879 6291
f 6291 6879 6309
f 4648 4988 4649
f 4649 4988 4953
f 4802 4803 4928
f 4928 4803 6550
f 6550 4803 6555
f 6555 4803 4951
f 1516 3173 4987
f 4987 3173 5006
f 6519 6518 6558
f 6558 6518 6510
f 6527 6519 6559
f 6559 6519 6558
f 6528 6560 6529
f 6529 6560 6541
f 6548 4625 6549
f 6549 4625 4624
f 6551 6552 4746
f 4746 6552 6505
f 6553 4711 6554
f 6554 4711 4710
f 4802 6551 4713
f 4713 6551 4746
f 6556 4973 4649
f 4649 4973 4646
f 6557 4949 6548
f 6548 4949 4625
f 4648 4647 6553
f 6553 4647 4711
f 6549 4624 4987
f 4987 4624 4838
f 6552 6518 6505
f 6505 6518 6507
f 6561 4372 6529
f 6529 4372 6514
f 6562 4369 6561
f 6561 4369 4372
f 3142 3482 6562
f 6562 3482 4369
f 6556 4952 6878
f 6878 4952 6874
f 4951 4950 6878
f 6878 4950 4974
f 3168 440 3952
f 4204 4203 5341
f 5341 4203 6364
f 4219 4222 6429
f 6429 4222 4383
f 4319 4322 6506
f 6506 4322 4747
f 4340 4714 4341
f 4341 4714 4384
f 4375 4377 6388
f 6388 4377 6546
f 4378 4381 6311
f 6311 4381 4720
f 4449 4341 4387
f 4387 4341 4384
f 4473 4472 4477
f 4477 4472 4474
f 4492 4491 4487
f 4487 4491 4488
f 4523 4491 4522
f 4522 4491 4490
f 4492 4538 4493
f 4493 4538 4555
f 4538 4553 4555
f 4555 4553 4556
f 4620 4615 4621
f 4621 4615 4618
f 4652 4651 4368
f 4368 4651 4365
f 4523 4655 4524
f 4524 4655 4656
f 4553 4667 4556
f 4556 4667 4571
f 4651 1210 4365
f 4365 1210 1209
f 4698 4697 5223
f 5223 4697 6344
f 4340 4339 4322
f 4322 4339 4747
f 4726 4729 5287
f 5287 4729 4198
f 4381 4380 4737
f 4737 4380 6368
f 4836 4835 4451
f 4451 4835 4709
f 4910 6367 4911
f 4911 6367 6366
f 4912 4915 6450
f 6450 4915 6449
f 4927 4836 4450
f 4450 4836 4451
f 4930 4929 4439
f 4439 4929 4436
f 4936 4935 4459
f 4459 4935 4456
f 4473 4655 4470
f 4470 4655 4510
f 4942 4583 4943
f 4943 4583 4572
f 4948 4601 4947
f 4947 4601 4584
f 4949 4835 4625
f 4625 4835 4626
f 4966 4969 6289
f 6289 4969 4695
f 4971 4652 4926
f 4926 4652 4368
f 4203 4977 6364
f 6364 4977 6365
f 4990 4989 4443
f 4443 4989 4440
f 4990 4991 4478
f 4478 4991 4512
f 4992 4991 4528
f 4528 4991 4515
f 4992 4993 4527
f 4527 4993 4485
f 4994 4993 4502
f 4502 4993 4503
f 4994 4995 4482
f 4482 4995 4550
f 4543 4996 4544
f 4544 4996 4995
f 4999 4998 4567
f 4567 4998 4578
f 5000 4998 4575
f 4575 4998 4997
f 5002 5001 4592
f 4592 5001 4574
f 5003 5004 4614
f 4614 5004 4611
f 3483 4215 1755
f 1755 4215 4698
f 5274 5277 4195
f 4195 5277 4223
f 4726 5295 4727
f 4727 5295 6350
f 5309 5342 5310
f 5310 5342 6363
f 5315 5314 5316
f 5316 5314 5317
f 5339 6362 5340
f 5340 6362 5363
f 5310 6363 5339
f 5339 6363 6362
f 4204 5309 4201
f 4201 5309 5308
f 4915 5345 6449
f 6449 5345 6448
f 5345 5315 6448
f 6448 5315 5316
f 5348 5347 6351
f 6351 5347 6352
f 5365 4263 5340
f 5340 4263 4262
f 6295 6298 4733
f 4733 6298 4734
f 4969 6306 4695
f 4695 6306 4696
f 6306 4378 4696
f 4696 4378 6311
f 6369 6372 6544
f 6544 6372 6545
f 4375 6390 4373
f 4373 6390 4374
f 6421 6422 4911
f 4911 6422 4908
f 4910 4909 4737
f 4737 4909 4736
f 5277 4219 4223
f 4223 4219 6429
f 4697 4222 6344
f 6344 4222 4221
f 6436 6361 6437
f 6437 6361 6360
f 6438 6440 6437
f 6437 6440 6434
f 6438 6359 6441
f 6441 6359 6358
f 6442 6441 6357
f 6357 6441 6358
f 6442 6444 6443
f 6443 6444 6445
f 6446 6444 6355
f 6355 6444 6356
f 6446 4912 6447
f 6447 4912 6450
f 6436 6435 5365
f 5365 6435 4263
f 5314 5347 5317
f 5317 5347 5346
f 4319 6512 4320
f 4320 6512 6513
f 6520 6512 6521
f 6521 6512 6508
f 6528 6520 6527
f 6527 6520 6521
f 6532 6539 6533
f 6533 6539 6535
f 6533 6535 6537
f 6537 6535 6534
f 6538 6543 6537
f 6537 6543 6536
f 6295 4377 6296
f 6296 4377 4376
f 4989 4930 4440
f 4440 4930 4439
f 4927 4929 4422
f 4422 4929 4455
f 4449 4936 4388
f 4388 4936 4459
f 4472 4935 4474
f 4474 4935 4932
f 4942 4940 4947
f 4947 4940 4939
f 5001 5000 4574
f 4574 5000 4575
f 4669 4943 4666
f 4666 4943 4667
f 4996 4999 4547
f 4547 4999 4567
f 4948 4946 4620
f 4620 4946 4615
f 5003 5002 4591
f 4591 5002 4592
f 6557 4971 6554
f 6554 4971 4926
f 6532 6560 6539
f 6539 6560 6559
f 6390 6372 4374
f 4374 6372 6371
f 4966 6298 4967
f 4967 6298 6297
f 6538 6526 6369
f 6369 6526 6370
f 6585 6589 4621
f 4621 6589 4619
f 6597 6578 6598
f 6598 6578 6577
f 6606 6583 6607
f 6607 6583 6603
f 6611 6602 6598
f 6598 6602 6596
f 6585 6584 6606
f 6606 6584 6583
f 6597 6580 5004
f 5004 6580 4611
f 6607 6603 6730
f 6730 6603 6732
f 6776 6785 6777
f 6777 6785 6784
f 6785 6776 6792
f 6792 6776 6782
f 6815 6814 6812
f 6812 6814 6813
f 6817 6814 6795
f 6795 6814 6796
f 6825 6784 6827
f 6827 6784 6783
f 6830 6815 6832
f 6832 6815 6812
f 6817 6795 6835
f 6835 6795 6837
f 6792 6782 6730
f 6730 6782 6728
f 6858 6825 6860
f 6860 6825 6827
f 6863 6830 6857
f 6857 6830 6832
f 6864 6863 6856
f 6856 6863 6857
f 6866 6858 6867
f 6867 6858 6860
f 6866 6864 6855
f 6855 6864 6856
f 6835 6837 6611
f 6611 6837 6602
f 6560 6528 6559
f 6559 6528 6527
f 4949 6557 4710
f 4710 6557 6554
f 4430 4090 4175
f 4175 4090 4089
f 4777 4113 4155
f 4155 4113 4086
f 4175 4089 4176
f 4176 4089 4142
f 4199 4271 4200
f 4200 4271 4798
f 4199 4095 4272
f 4272 4095 5273
f 4406 4405 4404
f 4404 4405 4346
f 4410 4409 6877
f 6877 4409 6876
f 4409 4413 6876
f 6876 4413 6307
f 4415 4148 4416
f 4416 4148 4147
f 4690 4405 4344
f 4344 4405 4342
f 4693 4692 4352
f 4352 4692 4349
f 4701 4700 6337
f 6337 4700 6338
f 4778 4777 4081
f 4081 4777 4155
f 4821 4406 4809
f 4809 4406 4404
f 4176 4142 4181
f 4181 4142 4415
f 4760 4970 4399
f 4399 4970 4692
f 4200 5007 4096
f 4096 5007 4078
f 5266 4693 5269
f 5269 4693 4352
f 5270 5007 5361
f 5361 5007 4797
f 4778 5270 4779
f 4779 5270 5361
f 6285 4410 6875
f 6875 4410 6877
f 6308 4413 4687
f 4687 4413 4412
f 6480 6320 6481
f 6481 6320 6880
f 4701 2878 4702
f 4702 2878 3472
f 6339 6347 6340
f 6340 6347 6348
f 6341 6342 6346
f 6346 6342 6345
f 4416 6308 4414
f 4414 6308 4687
f 6385 4690 6381
f 6381 4690 4344
f 5282 6341 5280
f 5280 6341 6339
f 4700 6342 6338
f 6338 6342 5281
f 6340 6348 4272
f 4272 6348 4270
f 6480 6479 4828
f 4828 6479 4829
f 6490 6479 6489
f 6489 6479 6478
f 4090 4430 6490
f 6490 4430 4429
f 6563 6564 4970
f 4970 6564 4815
f 4694 6566 4366
f 4366 6566 6563
f 6572 6385 6568
f 6568 6385 6381
f 4821 6285 4822
f 4822 6285 6875
f 6572 5266 6569
f 6569 5266 5269
f 3482 3103 4369
f 4369 3103 4370
f 3121 4730 3485
f 3485 4730 4327
f 6277 6280 6273
f 6273 6280 6272
f 6267 6276 6278
f 6278 6276 6279
f 6278 6279 6277
f 6277 6279 6280
f 6279 6256 6280
f 6280 6256 6255
f 6256 3857 6255
f 6255 3857 3754
f 3857 3856 3754
f 3754 3856 3755
f 3856 3703 3755
f 3755 3703 3863
f 3703 3702 3863
f 3863 3702 3759
f 3702 3706 3759
f 3759 3706 3670
f 3706 3705 3670
f 3670 3705 3668
f 3705 3773 3668
f 3668 3773 3882
f 3882 3773 3883
f 3883 3773 3707
f 3707 3708 3883
f 3883 3708 3880
f 3708 3710 3880
f 3880 3710 3881
f 3709 5241 3710
f 3710 5241 3881
f 5241 3709 5234
f 5234 3709 3786
f 3693 3712 3786
f 3786 3712 5234
f 4051 4055 4052
f 4052 4055 4056
f 4056 4055 4057
f 4057 4055 4054
f 4066 5238 5236
f 5236 5238 3989
f 4066 4069 5238
f 5238 4069 4035
f 6881 3962 3960
f 3960 3962 3957
f 6883 4070 6882
f 6882 4070 3941
f 4070 6883 4071
f 4071 6883 6884
f 4071 6884 4072
f 4072 6884 6885
f 6885 6886 4072
f 4072 6886 4031
f 3955 6881 3956
f 3956 6881 3960
f 6884 3991 6885
f 6885 3991 3990
f 6883 6887 6884
f 6884 6887 3991
f 6887 6888 3991
f 3991 6888 3992
f 6888 6887 6889
f 6889 6887 6890
f 6887 6883 6890
f 6890 6883 6882
f 4058 5240 3953
f 3953 5240 3954
f 5236 6888 5239
f 5239 6888 6889
f 5237 6886 3990
f 3990 6886 6885
f 4034 4031 5237
f 5237 4031 6886
f 6881 6882 3962
f 3962 6882 3941
f 6881 3955 6882
f 6882 3955 6890
f 3955 3954 6890
f 6890 3954 6889
f 5239 6889 5240
f 5240 6889 3954
f 6888 5236 3992
f 3992 5236 3989
f 3869 3868 3888
f 3888 3868 4015
f 3868 4012 4015
f 4015 4012 4010
f 4012 4022 4010
f 4010 4022 4009
f 4022 4021 4009
f 4009 4021 4018
f 4020 3974 4001
f 4001 3974 3996
f 4021 4020 4029
f 4029 4020 4001
f 4085 4156 4086
f 4086 4156 4155
f 4113 4777 4114
f 4114 4777 4776
f 4130 4129 4094
f 4094 4129 4091
f 4139 4773 4140
f 4140 4773 4772
f 4149 4178 4150
f 4150 4178 5225
f 4160 4159 4087
f 4087 4159 4088
f 4149 4148 4179
f 4179 4148 4141
f 4085 4084 4183
f 4183 4084 6315
f 4179 4141 4159
f 4159 4141 4088
f 4192 4130 4162
f 4162 4130 4094
f 4197 5288 4198
f 4198 5288 5287
f 4229 4766 4230
f 4230 4766 4771
f 4245 4246 4242
f 4242 4246 4249
f 4183 6315 4418
f 4418 6315 6314
f 4679 4178 4680
f 4680 4178 4177
f 4724 4798 4725
f 4725 4798 4271
f 4728 5275 4729
f 4729 5275 5274
f 4230 4771 4249
f 4249 4771 4242
f 4724 4723 4799
f 4799 4723 5355
f 4823 4824 4891
f 4891 4824 6327
f 4823 4192 4161
f 4161 4192 4162
f 4893 4767 4229
f 4229 4767 4766
f 4894 4895 4898
f 4898 4895 4899
f 4106 4150 4103
f 4103 4150 5225
f 4680 4894 4677
f 4677 4894 4898
f 6420 4977 5301
f 5301 4977 4976
f 4679 4678 5226
f 5226 4678 4427
f 5228 5008 4893
f 4893 5008 4767
f 5285 6354 5286
f 5286 6354 5343
f 5289 5352 5290
f 5290 5352 5349
f 5290 5349 5295
f 5295 5349 5348
f 5302 5299 4202
f 4202 5299 4976
f 4725 4271 5311
f 5311 4271 4270
f 5325 4723 5326
f 5326 4723 4722
f 5335 5355 5325
f 5325 5355 4723
f 5326 4722 5286
f 5286 4722 5283
f 4799 5357 4797
f 4797 5357 5361
f 5359 5356 5335
f 5335 5356 5355
f 4775 4774 5356
f 5356 4774 5357
f 5359 5358 4092
f 4092 5358 4093
f 6316 4740 6317
f 6317 4740 4739
f 6318 4827 6316
f 6316 4827 4740
f 6319 4828 6318
f 6318 4828 4827
f 6320 6480 6319
f 6319 6480 4828
f 6484 6322 6485
f 6485 6322 6321
f 6487 6324 6331
f 6331 6324 6323
f 6331 6323 6330
f 6330 6323 6325
f 6325 6326 6330
f 6330 6326 6329
f 6326 6328 6329
f 6329 6328 5231
f 4824 4685 5228
f 5228 4685 5008
f 5226 6343 5225
f 5225 6343 4103
f 4728 4727 6349
f 6349 4727 5284
f 6350 6351 5285
f 5285 6351 6354
f 4247 4246 6418
f 6418 4246 6365
f 6400 6402 6401
f 6401 6402 6459
f 4197 4196 6409
f 6409 4196 6426
f 6412 4897 6328
f 6328 4897 5231
f 6413 4133 6412
f 6412 4133 4897
f 6414 4134 6413
f 6413 4134 4133
f 6415 4225 6414
f 6414 4225 4134
f 6416 4252 6415
f 6415 4252 4225
f 6417 4253 6416
f 6416 4253 4252
f 4253 6417 6366
f 6366 6417 6419
f 6366 6419 4911
f 4911 6419 6421
f 6422 6423 4908
f 4908 6423 5298
f 5298 6423 6396
f 6396 6423 6424
f 6409 6426 6425
f 6425 6426 6397
f 5300 5299 6399
f 6399 5299 6400
f 6465 6408 6401
f 6401 6408 6398
f 6424 6399 6425
f 6425 6399 6398
f 6349 5284 5311
f 5311 5284 5283
f 6465 6464 5289
f 5289 6464 5352
f 6488 6483 6492
f 6492 6483 6482
f 6486 6491 6482
f 6482 6491 6492
f 6491 4895 6492
f 6492 4895 4157
f 6488 4160 6489
f 6489 4160 4087
f 6501 6502 4418
f 4418 6502 4417
f 6504 6500 6317
f 6317 6500 6314
f 3497 3496 6501
f 6501 3496 6502
f 3499 3498 6504
f 6504 3498 6500
f 4729 5274 4198
f 4198 5274 4195
f 6418 6365 6420
f 6420 6365 4977
f 5295 5348 6350
f 6350 5348 6351
f 5301 6422 6420
f 6420 6422 6421
f 4113 4112 4086
f 4086 4112 4083
f 6320 4112 6880
f 6880 4112 4111
f 4091 4772 4092
f 4092 4772 4775
f 4129 4140 4091
f 4091 4140 4772
f 4137 4140 4128
f 4128 4140 4129
f 4128 6324 4137
f 4137 6324 6321
f 6324 6487 6321
f 6321 6487 6485
f 6487 6486 6485
f 6485 6486 6482
f 4774 4773 4779
f 4779 4773 4776
f 4773 4139 4776
f 4776 4139 4114
f 4139 4138 4114
f 4114 4138 4111
f 4138 6322 4111
f 4111 6322 6880
f 6322 6484 6880
f 6880 6484 6481
f 6484 6483 6481
f 6481 6483 6478
f 6879 6343 6309
f 6309 6343 4428
f 4106 4105 4900
f 4900 4105 6307
f 3500 3167 6495
f 6495 3167 6496
f 3500 6495 3070
f 3070 6495 5368
f 3502 5235 3501
f 3501 5235 4813
f 3024 3503 6473
f 6473 3503 6474
f 3503 3023 6474
f 6474 3023 6374
f 3504 1770 4348
f 4348 1770 4345
f 3502 3505 5235
f 5235 3505 4810
f 3498 3497 6500
f 6500 3497 6501
f 3496 3075 6502
f 6502 3075 6275
f 6299 4254 3174
f 3174 4254 3017
f 1769 3501 4814
f 4814 3501 4813
f 3506 3018 6476
f 6476 3018 4257
f 3507 3499 6499
f 6499 3499 6504
f 3030 4216 3483
f 3483 4216 4215
f 3077 3507 6333
f 6333 3507 6499
f 1784 3160 5249
f 5249 3160 6523
f 3015 3506 4240
f 4240 3506 6476
f 3508 3504 6383
f 6383 3504 4348
f 3509 3016 6477
f 6477 3016 4239
f 3028 3509 6467
f 6467 3509 6477
f 3022 1785 5246
f 5246 1785 5247
f 3161 3508 6570
f 6570 3508 6383
f 3150 3149 4694
f 4694 3149 6566
f 1327 4807 3510
f 3510 4807 4811
f 3510 4811 3505
f 3505 4811 4810
f 3146 3511 4816
f 4816 3511 4350
f 3511 1808 4350
f 4350 1808 4351
f 3485 4327 3159
f 3159 4327 4330
f 1326 3512 4806
f 4806 3512 6310
f 3512 1331 6310
f 6310 1331 4688

