# https://github.com/mikedh/trimesh
v 0.18434119 1.53409719 -0.20027077
v 0.18809389 1.51826477 -0.20194921
v 0.17418982 1.51859772 -0.20017941
v 0.16789830 1.53112340 -0.19591506
v 0.17720374 1.50834572 -0.20314734
v 0.18904892 1.50642061 -0.20394893
v 0.16199885 1.51580215 -0.19508265
v 0.15474977 1.52540457 -0.18900968
v 0.14175844 1.48510385 -0.18907897
v 0.13264894 1.48309147 -0.18316378
v 0.13684784 1.49413490 -0.18403825
v 0.14582977 1.49313843 -0.18898110
v 0.13408378 1.46033764 -0.18507384
v 0.14047579 1.44876492 -0.18873188
v 0.13151389 1.44216025 -0.18130125
v 0.12562288 1.45327842 -0.17635465
v 0.18098280 1.45062530 -0.19202739
v 0.17435710 1.44584084 -0.19367988
v 0.17274627 1.45342410 -0.19514243
v 0.17952685 1.45736039 -0.19265766
v 0.19373730 1.45671356 -0.19299631
v 0.19278808 1.46287453 -0.19068155
v 0.20012730 1.46454084 -0.19275512
v 0.20079149 1.45770693 -0.19617842
v 0.18379077 1.44405746 -0.18951313
v 0.17661220 1.43918335 -0.19073083
v 0.18695970 1.45463526 -0.19116277
v 0.18822336 1.44934499 -0.19211400
v 0.19409299 1.44093597 -0.19878511
v 0.19356938 1.44604206 -0.19848256
v 0.19985493 1.44523335 -0.20259446
v 0.19881389 1.43982482 -0.20133974
v 0.18693736 1.44258749 -0.19282049
v 0.18894543 1.44504189 -0.19524686
v 0.19087704 1.44046557 -0.19590235
v 0.18961714 1.43853199 -0.19261251
v 0.19456230 1.45168853 -0.19493963
v 0.20084758 1.45171213 -0.19942723
v 0.20765209 1.45094562 -0.20320468
v 0.20633928 1.44277811 -0.20614697
v 0.15896283 1.43645120 -0.19305456
v 0.16679050 1.44129598 -0.19460140
v 0.16963126 1.43518043 -0.19200231
v 0.16298179 1.43144345 -0.19169118
v 0.18619442 1.43662477 -0.19026621
v 0.17880283 1.42272508 -0.19086941
v 0.17976363 1.42631483 -0.19137801
v 0.18655629 1.42522705 -0.19152105
v 0.18508331 1.42200065 -0.19127421
v 0.14669612 1.42544663 -0.18729952
v 0.15304682 1.42225599 -0.18807591
v 0.14946814 1.41643953 -0.18562694
v 0.14250512 1.41828167 -0.18357582
v 0.14906393 1.41059589 -0.18322007
v 0.13980399 1.41090083 -0.17973612
v 0.14281879 1.39569676 -0.17475693
v 0.14073305 1.40264606 -0.17700627
v 0.15063062 1.40433335 -0.18151678
v 0.15459725 1.39786756 -0.18138538
v 0.16935180 1.39855587 -0.18302624
v 0.17463088 1.39569640 -0.18228967
v 0.16639072 1.38563836 -0.18202984
v 0.16054936 1.39081967 -0.18205264
v 0.17540470 1.41773403 -0.18687223
v 0.17116876 1.41909969 -0.18639286
v 0.17238779 1.42025006 -0.18857977
v 0.17737828 1.41983128 -0.18943299
v 0.16740738 1.42005539 -0.18644933
v 0.16571626 1.42030430 -0.18662116
v 0.16681021 1.42123020 -0.18769230
v 0.16795461 1.42069280 -0.18713367
v 0.16962636 1.41980839 -0.18663161
v 0.17008054 1.41780066 -0.18630160
v 0.16811647 1.41906190 -0.18628532
v 0.17380378 1.41582084 -0.18693264
v 0.18628915 1.40968454 -0.18706150
v 0.18296647 1.41121018 -0.18780124
v 0.18495677 1.41498232 -0.18670487
v 0.18785377 1.41402805 -0.18606503
v 0.16935839 1.42237055 -0.18868327
v 0.16780217 1.42442369 -0.18935369
v 0.17303114 1.42570019 -0.19055368
v 0.17290011 1.42282498 -0.18936621
v 0.16613878 1.42708182 -0.19080882
v 0.16510503 1.42299366 -0.18824099
v 0.16244136 1.42449379 -0.18940811
v 0.16566187 1.41863942 -0.18606113
v 0.16231899 1.41800320 -0.18594234
v 0.16309877 1.42036068 -0.18740757
v 0.16319655 1.41458726 -0.18507670
v 0.16748977 1.41624272 -0.18569674
v 0.17086917 1.41339135 -0.18620260
v 0.17554487 1.41032934 -0.18686517
v 0.17080711 1.40696263 -0.18517469
v 0.16621308 1.41071367 -0.18506385
v 0.17213525 1.42986989 -0.19133039
v 0.15875104 1.42107415 -0.18770792
v 0.15785380 1.42772317 -0.18989435
v 0.15691477 1.41691279 -0.18614937
v 0.15710250 1.41239512 -0.18455847
v 0.15956548 1.40742755 -0.18346381
v 0.16425595 1.40270126 -0.18351297
v 0.15653430 1.37998319 -0.17326878
v 0.14989041 1.38690996 -0.17447504
v 0.18732943 1.49884963 -0.20125507
v 0.17861542 1.50042903 -0.20280592
v 0.17352587 1.49372458 -0.19907604
v 0.17282934 1.49648952 -0.19969009
v 0.17889938 1.49633026 -0.20005248
v 0.17813589 1.49332714 -0.19919918
v 0.15372907 1.49261212 -0.19184551
v 0.16013341 1.49227810 -0.19405635
v 0.15822127 1.48897076 -0.19249000
v 0.15041082 1.48681176 -0.19160298
v 0.16526410 1.47897673 -0.19424504
v 0.16072698 1.48162699 -0.19346036
v 0.16673419 1.48678279 -0.19471766
v 0.17007639 1.48478818 -0.19511952
v 0.17387687 1.48315907 -0.19500208
v 0.17791061 1.48184013 -0.19399081
v 0.17598744 1.47697854 -0.19339620
v 0.17079942 1.47762740 -0.19425134
v 0.18516466 1.49550557 -0.19833837
v 0.19103971 1.49250555 -0.19449382
v 0.18828933 1.49042273 -0.19423737
v 0.18370710 1.49243069 -0.19803990
v 0.19233114 1.48228693 -0.18419735
v 0.19266005 1.48472130 -0.18603651
v 0.19658570 1.48505569 -0.18555151
v 0.19542892 1.48076761 -0.18395884
v 0.19259663 1.47849202 -0.18476094
v 0.19085768 1.48098969 -0.18492897
v 0.19701885 1.55262816 -0.19403924
v 0.20032048 1.53427362 -0.19964348
v 0.17734693 1.55146432 -0.19167228
v 0.16012013 1.54536521 -0.18679790
v 0.14690472 1.53528476 -0.18109593
v 0.13911201 1.43244147 -0.18492313
v 0.13265015 1.42515254 -0.17980897
v 0.12330373 1.43589056 -0.17386526
v 0.11970922 1.42649770 -0.16800439
v 0.12935130 1.41565526 -0.17493100
v 0.13355431 1.39665985 -0.16408095
v 0.12949169 1.40552473 -0.16957466
v 0.11894438 1.41722083 -0.15966161
v 0.11014596 1.43339586 -0.15121642
v 0.11287352 1.43958855 -0.16036752
v 0.10627379 1.45101678 -0.14346310
v 0.10761531 1.42758286 -0.13804598
v 0.10442870 1.45059800 -0.13513063
v 0.10827761 1.39237535 -0.12918659
v 0.10029950 1.38413084 -0.12534159
v 0.08851060 1.39475989 -0.12012334
v 0.09539720 1.40305805 -0.12510918
v 0.11755779 1.44648302 -0.16822040
v 0.13556992 1.50593340 -0.17874494
v 0.14401717 1.50342655 -0.18538545
v 0.12874234 1.49450099 -0.17650123
v 0.14048249 1.56602120 -0.16287495
v 0.15208615 1.55718040 -0.17507277
v 0.13874683 1.54519129 -0.17309614
v 0.13036290 1.55405235 -0.16159603
v 0.17612778 1.59127188 -0.15837896
v 0.18697824 1.57443357 -0.17932044
v 0.17004389 1.56777000 -0.17800075
v 0.15928803 1.58162165 -0.16213083
v 0.12197090 1.55805540 -0.15128346
v 0.11311894 1.56152892 -0.13588648
v 0.11773524 1.57517529 -0.12737331
v 0.13018340 1.57367802 -0.14541999
v 0.12988418 1.59237087 -0.11550042
v 0.14426580 1.59056187 -0.13815686
v 0.09691437 1.44032562 -0.12540111
v 0.09975418 1.45706224 -0.12519352
v 0.10377323 1.41331697 -0.13113223
v 0.09308638 1.42497897 -0.12284797
v 0.14573970 1.60215425 -0.10302246
v 0.16236907 1.60153270 -0.12993677
v 0.09427334 1.54493070 -0.08895692
v 0.10100613 1.56069529 -0.09663957
v 0.09908326 1.54831886 -0.11364955
v 0.09315161 1.53559601 -0.10448579
v 0.09942061 1.55363512 -0.07042149
v 0.10679676 1.57232678 -0.07888666
v 0.09033117 1.48981416 -0.08263755
v 0.09297549 1.47177434 -0.08483248
v 0.09538800 1.47380018 -0.07044041
v 0.09168885 1.49260736 -0.06610918
v 0.16709012 1.50787568 -0.20025353
v 0.17043346 1.50063002 -0.20169090
v 0.16367638 1.49936342 -0.19859187
v 0.15880111 1.50522017 -0.19559734
v 0.15225019 1.51074493 -0.18979810
v 0.14416340 1.51701272 -0.18276760
v 0.12991768 1.53361845 -0.16826274
v 0.12234435 1.54325891 -0.15876338
v 0.10902724 1.54893899 -0.13868691
v 0.11596883 1.54631865 -0.15061854
v 0.09721109 1.53546607 -0.12133940
v 0.09455656 1.52720737 -0.11545305
v 0.09585693 1.46869731 -0.11332962
v 0.09381286 1.44793105 -0.11129026
v 0.09437548 1.45191646 -0.09715237
v 0.09450310 1.47121942 -0.09828292
v 0.09612593 1.45517743 -0.07242420
v 0.09568798 1.45421171 -0.08459400
v 0.08412774 1.41830170 -0.10396060
v 0.07666703 1.40763080 -0.09725226
v 0.07512943 1.41310644 -0.08389027
v 0.08349188 1.42216051 -0.09041432
v 0.07573649 1.41486681 -0.07059322
v 0.08040171 1.41437602 -0.05937112
v 0.08754181 1.42629981 -0.06611283
v 0.08477242 1.42572165 -0.07708048
v 0.12112576 1.36778462 -0.12750855
v 0.11515974 1.36092639 -0.12297343
v 0.10479768 1.36809874 -0.12331422
v 0.11209523 1.37510586 -0.12667911
v 0.06782307 1.39990556 -0.09054868
v 0.06594670 1.40739882 -0.07755557
v 0.09160215 1.48749340 -0.09869017
v 0.09425557 1.48795402 -0.11066197
v 0.06589267 1.40890098 -0.06438990
v 0.09165830 1.43782485 -0.08252472
v 0.08988072 1.43535376 -0.09566464
v 0.10035137 1.45614576 -0.06060140
v 0.09984090 1.47441936 -0.05711314
v 0.18582147 1.46042633 -0.19074067
v 0.18526179 1.47693038 -0.18905233
v 0.18568881 1.48087358 -0.18954773
v 0.18877472 1.48077273 -0.18695135
v 0.18918732 1.47738671 -0.18660133
v 0.21417017 1.51041293 -0.19741999
v 0.21006858 1.49388623 -0.19600816
v 0.20017447 1.50147307 -0.20181902
v 0.20197794 1.51536226 -0.20098142
v 0.15177953 1.45729744 -0.19559290
v 0.16395737 1.45924187 -0.19677031
v 0.16457313 1.44928098 -0.19628294
v 0.15523267 1.44468689 -0.19475050
v 0.16406004 1.49202013 -0.19517419
v 0.16350980 1.49451780 -0.19596289
v 0.16645838 1.49292254 -0.19691682
v 0.15294342 1.43140328 -0.19060452
v 0.14679359 1.43870270 -0.19024627
v 0.12450715 1.48094487 -0.17438097
v 0.15182678 1.50032246 -0.19135126
v 0.19838266 1.59462416 -0.15045866
v 0.20920102 1.57551694 -0.17508060
v 0.16530438 1.60674500 -0.09302458
v 0.18242899 1.60552204 -0.12112495
v 0.11707336 1.57907605 -0.06179062
v 0.10786220 1.55871582 -0.05144765
v 0.11971954 1.56274939 -0.03664183
v 0.13444774 1.58341384 -0.04807616
v 0.09641046 1.49369574 -0.05138475
v 0.08534671 1.41288340 -0.05151381
v 0.09206528 1.42647743 -0.05635889
v 0.21364903 1.55176139 -0.18985657
v 0.21529157 1.53037190 -0.19628038
v 0.13651814 1.52491689 -0.17447501
v 0.14087331 1.47531962 -0.19082253
v 0.14931589 1.48014426 -0.19317885
v 0.15185235 1.47474885 -0.19526675
v 0.14313875 1.46705389 -0.19266252
v 0.13221049 1.47023916 -0.18380013
v 0.12359907 1.46627593 -0.17302729
v 0.11357188 1.46279573 -0.16094552
v 0.10872300 1.45457149 -0.15199274
v 0.10500525 1.55913246 -0.12194313
v 0.10815152 1.57318163 -0.10744964
v 0.11675549 1.58625007 -0.09433953
v 0.13090265 1.59395039 -0.07966420
v 0.10341432 1.54828990 -0.12676451
v 0.14896742 1.59800053 -0.06837763
v 0.18825383 1.42948055 -0.19107677
v 0.18060058 1.43212128 -0.19070770
v 0.19097795 1.43289018 -0.19083323
v 0.17995022 1.40764165 -0.18680672
v 0.18372601 1.40580356 -0.18595289
v 0.17977853 1.40181530 -0.18324716
v 0.17555255 1.40393579 -0.18453719
v 0.14783239 1.38146102 -0.15959333
v 0.14039105 1.38840199 -0.16129731
v 0.12734208 1.37433255 -0.13295953
v 0.11894817 1.38194168 -0.13165025
v 0.19621943 1.43925929 -0.19569854
v 0.19775106 1.43907988 -0.19523254
v 0.19649099 1.43864453 -0.19308637
v 0.19476631 1.43916714 -0.19385777
v 0.16994372 1.42049813 -0.18772602
v 0.18983611 1.42043269 -0.19060363
v 0.19244494 1.41938746 -0.18966106
v 0.19029260 1.41658413 -0.18814339
v 0.18764433 1.41750634 -0.18927047
v 0.12133064 1.40537930 -0.14836884
v 0.11568197 1.40002370 -0.13598022
v 0.08041498 1.40022349 -0.11066127
v 0.08713239 1.41162038 -0.11675182
v 0.08954505 1.43213463 -0.10914075
v 0.09348349 1.44102204 -0.07015741
v 0.09682506 1.44027019 -0.05977932
v 0.11303214 1.43930888 -0.04428578
v 0.11678456 1.45431268 -0.04164477
v 0.10713834 1.45592332 -0.04940856
v 0.10536302 1.44065654 -0.05093998
v 0.13205379 1.39042222 -0.14808679
v 0.14024003 1.38321948 -0.14760686
v 0.13382888 1.38087046 -0.13930500
v 0.12576078 1.38828552 -0.13841383
v 0.19974004 1.43504345 -0.19373547
v 0.20125116 1.43340909 -0.19419430
v 0.19876479 1.43232763 -0.19174655
v 0.19770785 1.43485081 -0.19237520
v 0.19250061 1.43814170 -0.19249968
v 0.19400223 1.43669128 -0.19131194
v 0.19288255 1.43514132 -0.19111571
v 0.19529040 1.43920863 -0.19691627
v 0.19322845 1.43893433 -0.19468124
v 0.20140274 1.43757021 -0.19872768
v 0.19832118 1.43850112 -0.19864380
v 0.20357861 1.43635309 -0.20272741
v 0.19825231 1.43677688 -0.19335802
v 0.19663873 1.43628132 -0.19205512
v 0.19393672 1.43859339 -0.19244823
v 0.19519143 1.43784404 -0.19172306
v 0.20014860 1.43822920 -0.19710137
v 0.19808294 1.43883276 -0.19688289
v 0.20766649 1.45825970 -0.19928266
v 0.21380927 1.45705676 -0.19847608
v 0.21402737 1.44904733 -0.20210643
v 0.21350391 1.44035351 -0.20496951
v 0.20980866 1.43387234 -0.20219564
v 0.14022341 1.37608469 -0.13787656
v 0.13403164 1.36945689 -0.13178842
v 0.22895180 1.52499723 -0.18923743
v 0.22429678 1.50549686 -0.19120486
v 0.16829188 1.42006600 -0.18648525
v 0.19448692 1.49547529 -0.19688584
v 0.15854082 1.47026968 -0.19652666
v 0.17918561 1.46424782 -0.19203974
v 0.17256624 1.46193123 -0.19468069
v 0.17404214 1.46987450 -0.19379051
v 0.17995089 1.47082865 -0.19153742
v 0.20087993 1.49052358 -0.19216797
v 0.20915037 1.48318732 -0.19138895
v 0.20247626 1.48426569 -0.18759571
v 0.20048414 1.47802293 -0.18591250
v 0.20621212 1.47438931 -0.19116728
v 0.19861680 1.47012830 -0.18896712
v 0.19562453 1.47440839 -0.18537031
v 0.16974099 1.49368000 -0.19834045
v 0.16777712 1.49581194 -0.19836967
v 0.19164212 1.46801865 -0.18833141
v 0.18530485 1.46612215 -0.18947928
v 0.18512569 1.47175300 -0.18876368
v 0.19029199 1.47274590 -0.18651108
v 0.16690288 1.46913481 -0.19555184
v 0.15837283 1.49680388 -0.19487683
v 0.15834619 1.48521423 -0.19261022
v 0.09658641 1.49120975 -0.11983871
v 0.09870140 1.47826362 -0.12202518
v 0.09823938 1.46598423 -0.14031456
v 0.10109793 1.46157730 -0.14115769
v 0.10421302 1.46374869 -0.13473342
v 0.09878083 1.46836960 -0.13515423
v 0.10092880 1.52061224 -0.13640106
v 0.10178777 1.52837634 -0.13368855
v 0.10512710 1.52763271 -0.13996330
v 0.10276072 1.52064276 -0.13807257
v 0.10716469 1.52214897 -0.14316726
v 0.10901865 1.52464032 -0.14590302
v 0.10796518 1.51678240 -0.14535861
v 0.10604558 1.51762104 -0.14273205
v 0.11200962 1.53451526 -0.14837639
v 0.11715381 1.52977276 -0.15543504
v 0.11328164 1.51970029 -0.15072022
v 0.12624222 1.50990510 -0.16803803
v 0.11648395 1.50342906 -0.15704292
v 0.11580330 1.51282585 -0.15426698
v 0.12247507 1.52182877 -0.16136877
v 0.10357393 1.46487892 -0.14517874
v 0.10792430 1.47096801 -0.14959511
v 0.10170557 1.46844828 -0.12781791
v 0.14067426 1.56501412 -0.02734584
v 0.15544866 1.58608210 -0.04025698
v 0.09016742 1.52809811 -0.08425449
v 0.09458759 1.53345823 -0.06664110
v 0.09068352 1.52093065 -0.09982356
v 0.09295474 1.51507092 -0.11201523
v 0.10009121 1.53907359 -0.04954802
v 0.10824263 1.53856301 -0.03519042
v 0.12014253 1.49372172 -0.16690181
v 0.11423305 1.49164915 -0.15571198
v 0.08928176 1.50908709 -0.08182814
v 0.09166845 1.51336336 -0.06462613
v 0.09000135 1.50432372 -0.09753251
v 0.09229710 1.50240421 -0.11056094
v 0.09848794 1.51831627 -0.04812206
v 0.10623797 1.49302673 -0.03765512
v 0.10774992 1.51379132 -0.03268619
v 0.10048498 1.47740006 -0.14221443
v 0.10314044 1.47420621 -0.14490789
v 0.10081474 1.46872270 -0.14273082
v 0.09802654 1.47182560 -0.14297779
v 0.11661348 1.47964084 -0.16350086
v 0.11051344 1.48093820 -0.15297638
v 0.20711072 1.46581459 -0.19579518
v 0.21400799 1.47291350 -0.19137380
v 0.21378468 1.46496964 -0.19510332
v 0.21599886 1.48138368 -0.18979107
v 0.20494045 1.60219145 -0.11465406
v 0.21859057 1.59147847 -0.14111444
v 0.17223935 1.59927917 -0.06218696
v 0.18889715 1.60476065 -0.08751521
v 0.17879716 1.39375639 -0.18088517
v 0.17200647 1.38232160 -0.18022586
v 0.19311722 1.42748582 -0.19086771
v 0.19543356 1.42606592 -0.18977609
v 0.19391668 1.42261076 -0.18983690
v 0.19145633 1.42390835 -0.19081849
v 0.19510418 1.48927879 -0.18951865
v 0.10773778 1.47409606 -0.04524888
v 0.09967697 1.42534411 -0.04864884
v 0.09264985 1.41145658 -0.04412065
v 0.06987303 1.40671873 -0.05254147
v 0.07727285 1.40348649 -0.04356024
v 0.19715197 1.42927849 -0.19028999
v 0.19482066 1.43070436 -0.19083026
v 0.19985886 1.43788695 -0.19533376
v 0.18316926 1.41885424 -0.18984900
v 0.19587694 1.43329465 -0.19121453
v 0.19592802 1.43535280 -0.19168472
v 0.20039435 1.43108225 -0.19114640
v 0.19828784 1.42862463 -0.18948816
v 0.18094535 1.47678518 -0.19152968
v 0.18205990 1.48129559 -0.19189571
v 0.20292179 1.43407345 -0.19795088
v 0.20146696 1.43592930 -0.19635199
v 0.20563194 1.43232548 -0.19657843
v 0.09198447 1.37635219 -0.12131341
v 0.08068363 1.38541627 -0.11467327
v 0.19401744 1.41876435 -0.18870941
v 0.19196552 1.41581666 -0.18718456
v 0.22895917 1.57162106 -0.16621947
v 0.11785691 1.48634577 -0.02878084
v 0.11938629 1.50634873 -0.02286065
v 0.11027521 1.49883628 -0.14996153
v 0.10526924 1.49682760 -0.14654292
v 0.10547256 1.50423813 -0.14584576
v 0.11051821 1.50660193 -0.14953972
v 0.12819491 1.36274362 -0.12648213
v 0.07228001 1.39273465 -0.10361388
v 0.08557413 1.40085793 -0.03591128
v 0.16348135 1.49054277 -0.19437526
v 0.16444053 1.48865688 -0.19423778
v 0.19136885 1.48778915 -0.18970950
v 0.12807488 1.53372550 -0.02132445
v 0.17846686 1.41314268 -0.18770981
v 0.18078725 1.41626656 -0.18714143
v 0.10846015 1.42493176 -0.04293452
v 0.14689505 1.37825787 -0.14570411
v 0.20259948 1.43226302 -0.19398014
v 0.11870225 1.46992409 -0.03789129
v 0.10200205 1.51246357 -0.14093754
v 0.10162235 1.51051176 -0.14409900
v 0.10088768 1.50750291 -0.14349432
v 0.10161831 1.50813770 -0.14180894
v 0.10402983 1.51248002 -0.14820153
v 0.10119099 1.51023412 -0.14681052
v 0.10044567 1.51340008 -0.14698172
v 0.10312980 1.51600933 -0.14772952
v 0.10909909 1.51255941 -0.14818726
v 0.10478522 1.50847745 -0.14757423
v 0.09939878 1.51559806 -0.14631221
v 0.10082900 1.51760244 -0.14754990
v 0.10294385 1.51896787 -0.14527775
v 0.10414462 1.51944840 -0.14059760
v 0.09784478 1.51974320 -0.14600097
v 0.10039749 1.52146482 -0.14278379
v 0.09362748 1.52122545 -0.14338006
v 0.09705628 1.52296090 -0.13944361
v 0.08919105 1.52028596 -0.13944499
v 0.09326208 1.52093995 -0.13518891
v 0.10533863 1.48133397 -0.14688405
v 0.10140479 1.48366570 -0.14210394
v 0.08571143 1.51633108 -0.13655698
v 0.09029238 1.51586461 -0.13191621
v 0.08320639 1.51054335 -0.13404353
v 0.08746230 1.50972307 -0.13011183
v 0.08260852 1.50367486 -0.13272396
v 0.08551764 1.50293303 -0.12933666
v 0.08227542 1.49649715 -0.13244262
v 0.08497230 1.49456835 -0.12889391
v 0.08323461 1.48867571 -0.13354909
v 0.08574610 1.48475623 -0.12992081
v 0.09500972 1.51901090 -0.14047167
v 0.09149750 1.51755643 -0.13774319
v 0.10074879 1.51699102 -0.13359602
v 0.09806781 1.51824772 -0.14374298
v 0.09746679 1.50459361 -0.13676369
v 0.09953310 1.50693285 -0.13549711
v 0.09895670 1.50552547 -0.13602906
v 0.09795934 1.50461531 -0.13373655
v 0.10341571 1.48997688 -0.14487429
v 0.10024459 1.49143517 -0.14264147
v 0.10221498 1.49636090 -0.14380480
v 0.10012099 1.48746681 -0.14085011
v 0.10067332 1.48903751 -0.13974234
v 0.10220267 1.49213398 -0.14038561
v 0.10401567 1.49598539 -0.14095035
v 0.09915625 1.48834085 -0.13819082
v 0.09804489 1.48644102 -0.13886717
v 0.10023405 1.48923171 -0.13777997
v 0.10121284 1.48961473 -0.13861832
v 0.10231790 1.49181902 -0.13788268
v 0.10177463 1.49547601 -0.13676858
v 0.10805224 1.48995042 -0.14899151
v 0.09653398 1.49321771 -0.12800905
v 0.09750085 1.48333657 -0.12799108
v 0.08689220 1.48228979 -0.13561390
v 0.08728676 1.47564936 -0.13321324
v 0.09363227 1.46981955 -0.14175978
v 0.08909827 1.46977353 -0.13785660
v 0.09860013 1.51250553 -0.13092665
v 0.09628282 1.50770271 -0.12875955
v 0.09861077 1.47483695 -0.13154453
v 0.09503020 1.50145006 -0.12750214
v 0.08639782 1.49177516 -0.13374777
v 0.08953912 1.48727477 -0.13480169
v 0.08502899 1.49738550 -0.13323119
v 0.09714996 1.48320019 -0.13957530
v 0.09526373 1.47722781 -0.14084113
v 0.09062718 1.47874045 -0.13863538
v 0.09338868 1.48458922 -0.13683097
v 0.08916649 1.49390602 -0.13502082
v 0.09239530 1.49055421 -0.13519165
v 0.09231203 1.49594951 -0.13425595
v 0.09543141 1.49307489 -0.13435374
v 0.09750817 1.48993015 -0.13626896
v 0.09567551 1.48792076 -0.13639157
v 0.09893850 1.49470460 -0.13282529
v 0.09632394 1.49837351 -0.13374659
v 0.09975394 1.49103999 -0.13582250
v 0.09122161 1.49902308 -0.13537847
v 0.09045255 1.50312769 -0.13645111
v 0.09409057 1.50418806 -0.13794628
v 0.09491666 1.50115550 -0.13567418
v 0.08565413 1.50340366 -0.13289902
v 0.08709986 1.50297737 -0.13547994
v 0.08777962 1.49813938 -0.13498664
v 0.08766503 1.50816727 -0.13613893
v 0.08705275 1.50949502 -0.13359170
v 0.09019337 1.50720227 -0.13710770
v 0.09261803 1.50737250 -0.13805529
v 0.09221395 1.51507008 -0.13885386
v 0.08979401 1.51234150 -0.13724874
v 0.08874727 1.51448655 -0.13573302
v 0.09117549 1.51046419 -0.13837688
v 0.09319603 1.51266956 -0.13927123
v 0.09422586 1.51085794 -0.13899168
v 0.09259733 1.50967562 -0.13836244
v 0.10015100 1.51550627 -0.14413469
v 0.10132735 1.51344597 -0.14455859
v 0.09808591 1.51632631 -0.14264502
v 0.10029762 1.51686168 -0.14197087
v 0.09845025 1.51442981 -0.14156538
v 0.10128971 1.51560831 -0.14136297
v 0.09891401 1.51246738 -0.14113209
v 0.09970954 1.50939488 -0.14018625
v 0.10137389 1.34350133 -0.11699465
v 0.10817444 1.35278285 -0.11945985
v 0.11693148 1.34711504 -0.11686268
v 0.11127384 1.33845007 -0.11261599
v 0.09639611 1.51153731 -0.14020558
v 0.09573565 1.51386094 -0.14026487
v 0.09537915 1.51663899 -0.14010680
v 0.09695236 1.50688279 -0.13876419
v 0.09530899 1.50662255 -0.13862728
v 0.09482460 1.50844908 -0.13875659
v 0.09705722 1.50890565 -0.13946396
v 0.10287482 1.50015056 -0.14371265
v 0.10209303 1.49954510 -0.14003883
v 0.09939052 1.49859262 -0.13669717
v 0.06210590 1.34396386 -0.11297798
v 0.04843855 1.35746443 -0.10892579
v 0.05499900 1.36394119 -0.10677798
v 0.06798429 1.35260367 -0.11130759
v 0.05396257 1.32141435 -0.12637657
v 0.05118572 1.30231380 -0.13153994
v 0.03405244 1.31360126 -0.13305458
v 0.03259138 1.33830333 -0.12255536
v 0.03571125 1.29300082 -0.14197873
v 0.05098729 1.28354526 -0.13853389
v 0.04027374 1.23716927 -0.16592228
v 0.03864461 1.25512934 -0.15814392
v 0.05419193 1.24904251 -0.15454248
v 0.05514175 1.23117578 -0.16177420
v 0.01624188 1.15518832 -0.19229540
v 0.02860135 1.15335369 -0.19158740
v 0.02999609 1.13634479 -0.18414927
v 0.01584492 1.13617849 -0.18382311
v -0.02393232 1.28714108 -0.15480611
v -0.03457841 1.28094947 -0.15421994
v -0.03429085 1.30067897 -0.15109134
v -0.02305414 1.30646825 -0.15013427
v 0.01786818 1.38449955 -0.09319502
v 0.02425832 1.38540792 -0.08963339
v 0.03047601 1.36682272 -0.10287397
v 0.02477384 1.36486840 -0.10833068
v -0.03411844 1.19264531 -0.17018372
v -0.02478481 1.19931328 -0.17652787
v -0.02266533 1.18386555 -0.18005203
v -0.03040084 1.17625034 -0.17423506
v -0.02622408 1.09348786 -0.14478724
v -0.00948771 1.08743584 -0.14917205
v -0.01034313 1.06772375 -0.14667271
v -0.02814719 1.07353139 -0.14184971
v -0.07165445 1.13709331 -0.11507785
v -0.07385597 1.11732471 -0.11225505
v -0.08413003 1.12440372 -0.09321868
v -0.08198830 1.14273262 -0.09536187
v 0.01271494 1.24594212 -0.16921793
v 0.01037679 1.26467967 -0.16167083
v 0.02395222 1.26027226 -0.16050383
v 0.02613745 1.24210131 -0.16825318
v -0.20874034 1.35782504 -0.18391773
v -0.18327107 1.35602784 -0.17710617
v -0.18614997 1.34105313 -0.17638074
v -0.21150322 1.34285069 -0.18268043
v -0.07749173 1.01772010 -0.11445512
v -0.07671676 0.99996382 -0.11624447
v -0.09020101 1.00621223 -0.09930435
v -0.08977426 1.02478218 -0.09798704
v -0.06999289 1.37109327 -0.15381354
v -0.07325925 1.39049745 -0.14240833
v -0.05853206 1.39241636 -0.13911453
v -0.05477002 1.37293696 -0.15230289
v -0.02951505 1.24858975 -0.16089976
v -0.03204834 1.26388752 -0.15736957
v -0.02249717 1.26946962 -0.15962796
v -0.02011753 1.25211096 -0.16439609
v -0.08268449 1.17825663 -0.09793864
v -0.08256579 1.19702220 -0.09846465
v -0.07578143 1.19343662 -0.11408712
v -0.07505696 1.17402089 -0.11527717
v -0.07367739 1.15543580 -0.11571831
v -0.08254134 1.15998960 -0.09692100
v -0.01046288 1.25110519 -0.16700508
v -0.01229652 1.27143133 -0.16121508
v -0.00174150 1.26854491 -0.16199109
v 0.00055037 1.24895966 -0.16883519
v 0.03176781 1.12241054 -0.17242475
v 0.01489255 1.12240434 -0.17197448
v -0.05913532 0.99260676 -0.13056548
v -0.06066013 1.01022351 -0.12880804
v -0.04090371 1.00225937 -0.13778938
v -0.03868600 0.98525345 -0.13973953
v 0.00937794 1.10035181 -0.15180570
v -0.00680196 1.10515261 -0.15093701
v -0.00264103 1.11668468 -0.16012631
v 0.01274013 1.11270237 -0.16011313
v -0.01640506 0.97869742 -0.14445095
v -0.01991602 0.99540401 -0.14210701
v -0.00009052 0.98977697 -0.14440563
v 0.00232232 0.97156036 -0.14700763
v 0.03740696 1.27368748 -0.15041190
v 0.05235721 1.26617444 -0.14672936
v -0.00539458 1.16283035 -0.18852602
v 0.00473837 1.15853369 -0.19125591
v 0.00326984 1.13942480 -0.18304178
v -0.00790656 1.14486921 -0.18139924
v -0.05369370 1.25904667 -0.14267014
v -0.05999417 1.27426863 -0.13994949
v -0.04987440 1.29159999 -0.14922400
v -0.04537316 1.27118444 -0.15087435
v -0.09283006 0.98895735 -0.10292640
v -0.07811798 0.98346847 -0.12026551
v -0.01686282 0.96266448 -0.14662023
v 0.00317632 0.95509112 -0.14810228
v -0.10110455 1.28583384 -0.10819700
v -0.09467982 1.28660166 -0.11496142
v -0.09122243 1.27310348 -0.11181259
v -0.09784084 1.27343154 -0.10515597
v 0.06167867 1.14835215 -0.17692859
v 0.04876418 1.13022614 -0.17443652
v 0.04269742 1.14427841 -0.18499248
v 0.05171901 1.15992403 -0.18504083
v -0.01159614 1.13167632 -0.17013343
v 0.00048728 1.12609136 -0.17136259
v -0.01642408 1.12251115 -0.15911444
v 0.07083680 1.13682365 -0.16429716
v 0.05401470 1.11624813 -0.15723234
v 0.06716359 1.25758338 -0.14147544
v 0.06873415 1.24132442 -0.14896227
v 0.06721123 1.27480817 -0.13518843
v 0.06879085 1.29180694 -0.12978853
v 0.08529830 1.28350747 -0.12635955
v 0.08337944 1.26634383 -0.13090643
v 0.07231902 1.30918896 -0.12641494
v 0.08854594 1.29969943 -0.12354922
v 0.07791522 1.33262825 -0.11460306
v 0.08243633 1.34214997 -0.11334044
v -0.04135951 1.25535786 -0.15253973
v -0.03880615 1.24136019 -0.15563935
v -0.03898302 0.96982348 -0.14235067
v -0.03972599 1.33993638 -0.01899582
v -0.04789268 1.34636855 -0.03238688
v -0.05274222 1.33117092 -0.02750899
v -0.04553258 1.32399774 -0.01441907
v 0.01682623 1.36820817 -0.11365885
v 0.01227728 1.38724053 -0.09634210
v -0.09757960 1.29202914 -0.07268701
v -0.09745022 1.28251076 -0.07544487
v -0.09068828 1.27408934 -0.06778245
v -0.09027077 1.28533721 -0.06537578
v -0.11067315 1.28924417 -0.09600762
v -0.11272863 1.29513311 -0.09152798
v -0.12459981 1.30358148 -0.09394573
v -0.12328526 1.29760182 -0.09897947
v -0.09834552 1.01242161 -0.08076990
v -0.09617146 1.03146076 -0.07818952
v -0.08646166 1.16778219 -0.03812501
v -0.08747173 1.18670964 -0.04372220
v -0.08973979 1.17612171 -0.06109916
v -0.08890095 1.15734386 -0.05695128
v 0.02583724 1.29241252 0.02685087
v 0.00985578 1.30026197 0.02132930
v 0.00526826 1.28657031 0.02503951
v 0.02083993 1.27890909 0.03048990
v -0.01425729 1.33419466 -0.00019086
v 0.00006020 1.32294273 0.01042913
v 0.00533930 1.33519888 0.00587353
v -0.00874422 1.34747517 -0.00569756
v -0.03024659 1.33021164 -0.00662947
v -0.03615354 1.31475782 -0.00168262
v -0.08717972 1.18526816 -0.08156894
v -0.08621185 1.20302272 -0.08407257
v -0.08777764 1.22954202 -0.08568414
v -0.08954336 1.23963416 -0.08737257
v -0.08588199 1.23692334 -0.09773494
v -0.08413179 1.22607195 -0.09739141
v 0.03155278 1.38829839 -0.08650510
v 0.01825272 1.39762449 -0.07230707
v 0.02665749 1.39922047 -0.06829377
v 0.03157486 1.37463927 -0.01687559
v 0.02639517 1.38080668 -0.02493700
v 0.02021985 1.37688184 -0.02167920
v 0.02785890 1.36944902 -0.01227026
v -0.02067326 1.22412539 0.03332593
v -0.02843623 1.20223212 0.03009605
v -0.00884613 1.19853926 0.04180527
v -0.00267153 1.21953022 0.04379146
v -0.09344713 1.25281131 -0.08181047
v -0.09358419 1.25787640 -0.07540175
v -0.09785006 1.26740503 -0.08149096
v -0.09856808 1.26208711 -0.08677231
v -0.09100053 1.24947774 -0.06999378
v -0.09105381 1.24388444 -0.07843912
v -0.08969975 1.23435855 -0.07542196
v -0.08982529 1.24054289 -0.06608400
v -0.08782436 1.20347023 -0.05092296
v -0.08831672 1.21861076 -0.05757531
v -0.08819015 1.21068168 -0.07048246
v -0.08916552 1.19394338 -0.06629238
v -0.02353171 1.12723112 0.03355617
v -0.02040004 1.15063310 0.03788560
v -0.03732465 1.15279543 0.02703476
v -0.04050798 1.12826610 0.02493092
v -0.09623351 1.29912210 -0.13033544
v -0.11251739 1.30450082 -0.13375477
v -0.10613107 1.30923724 -0.14209592
v -0.09205873 1.30431628 -0.13897319
v -0.13192777 1.32481492 -0.08637461
v -0.13066036 1.33138204 -0.08477464
v -0.13998838 1.33694518 -0.08658457
v -0.14113498 1.33055997 -0.08750056
v -0.14107578 1.30422735 -0.13105176
v -0.16374578 1.30550551 -0.13595596
v -0.15533915 1.30967593 -0.14370903
v -0.13252984 1.30754924 -0.13837677
v -0.00389830 1.39816117 -0.07822397
v 0.00346793 1.39793980 -0.07651240
v 0.00602846 1.38979626 -0.09977350
v -0.13218306 1.29797220 -0.11370820
v -0.13558641 1.29966092 -0.10655342
v -0.15417978 1.30355442 -0.10753030
v -0.15170027 1.30103517 -0.11595444
v -0.20899911 1.37325048 -0.17781809
v -0.18379547 1.37106800 -0.17133763
v -0.19195248 1.30592060 -0.13161658
v -0.16942230 1.30320668 -0.12736791
v -0.17325427 1.30376005 -0.11823210
v -0.19650249 1.30782604 -0.12145112
v -0.08886803 1.13851666 -0.05398127
v -0.08544103 1.14760911 -0.03515047
v -0.09968237 1.02215660 -0.03991719
v -0.09393457 1.04314780 -0.03761829
v -0.09739136 1.03823590 -0.05749142
v -0.10170869 1.01805115 -0.06049792
v -0.10165653 0.99423218 -0.08346226
v -0.10361237 1.00076592 -0.04233348
v -0.10509428 0.99799514 -0.06288108
v 0.04590332 1.40171623 -0.06932221
v 0.03615404 1.40049744 -0.06770995
v 0.03813948 1.39852476 -0.04937031
v 0.04755131 1.40200973 -0.05332493
v -0.12969376 0.88166606 -0.10375939
v -0.11487550 0.88308090 -0.12764920
v -0.11604602 0.85509598 -0.13376901
v -0.13044450 0.85128820 -0.10720070
v 0.05336545 1.38313293 -0.02204564
v 0.06125797 1.38997138 -0.02886758
v 0.05316031 1.39616072 -0.03998224
v 0.04419585 1.39098740 -0.03451875
v -0.12631549 0.90770155 -0.10124533
v -0.11259020 0.90571356 -0.12300278
v 0.04861765 1.39210820 -0.08480121
v 0.03979563 1.39033937 -0.08509687
v 0.05393032 1.38028634 -0.09710893
v 0.04548331 1.37665129 -0.09732549
v 0.06306925 1.37029541 -0.10706730
v -0.09659132 0.88022542 -0.14670311
v -0.09670373 0.85475862 -0.15588801
v 0.05634347 1.40506315 -0.05837702
v 0.06120414 1.40118909 -0.04572065
v 0.06911200 1.39662051 -0.03592632
v 0.07866985 1.39324665 -0.02809814
v 0.08935150 1.38982916 -0.02105649
v 0.09305625 1.39844286 -0.02837913
v -0.09618895 0.97288704 -0.10842809
v -0.10689189 0.97679508 -0.08768566
v -0.11668772 0.73460478 -0.05098483
v -0.10123198 0.71748894 -0.06852353
v -0.09093928 0.71590924 -0.03585500
v -0.10695561 0.73072946 -0.02303644
v -0.07012451 0.74687278 0.03499706
v -0.09188179 0.73481464 0.00629495
v -0.07594117 0.72365451 -0.00425514
v -0.05622209 0.73846173 0.02443929
v -0.08970894 0.87031358 0.05196257
v -0.08342509 0.89409894 0.04764654
v -0.10402750 0.89401650 0.02895164
v -0.11070839 0.86986518 0.03308406
v -0.11090612 0.97981322 -0.06614309
v -0.10993224 0.98094839 -0.04494259
v -0.08020177 0.96851248 -0.12477098
v -0.03969132 0.73333621 -0.19747794
v -0.02521306 0.70235491 -0.20173410
v -0.05080517 0.69054288 -0.17864569
v -0.06873488 0.72242802 -0.17602114
v -0.07143251 0.67582786 -0.11791654
v -0.06502692 0.67407215 -0.08448894
v -0.08352716 0.69681317 -0.07752061
v -0.09067046 0.70150673 -0.11117564
v 0.02315795 0.94815224 -0.14778700
v 0.02414865 0.93158734 -0.14683284
v 0.00393504 0.93984532 -0.14785977
v 0.07598829 0.93313849 -0.12997110
v 0.07764260 0.91624165 -0.12787828
v 0.06137062 0.92002583 -0.13660942
v 0.05917457 0.93721849 -0.13893671
v 0.06090876 0.82965046 -0.11292861
v 0.05974522 0.85128814 -0.11819847
v 0.07190388 0.84703064 -0.11007129
v 0.07060685 0.82765770 -0.10583870
v -0.07411047 0.87773204 -0.15924044
v -0.07300670 0.89709425 -0.15130264
v -0.04849935 0.89188182 -0.15500620
v -0.04770483 0.87378407 -0.16321577
v -0.05771495 0.71568459 -0.01473842
v -0.04126777 0.73419827 0.01086140
v -0.00794380 0.74836576 -0.20599134
v 0.00611167 0.71743143 -0.21161987
v 0.03801351 0.73020494 -0.20523800
v 0.02298621 0.75909990 -0.19853382
v 0.04808387 0.76381314 -0.17780416
v 0.06173806 0.73707837 -0.18371691
v 0.04687587 0.75699145 -0.07454464
v 0.04905014 0.75471044 -0.07250065
v 0.05140630 0.77373159 -0.09847343
v 0.05321292 0.78113842 -0.09833148
v -0.08763749 0.77994567 0.05059325
v -0.10979181 0.77289349 0.02750742
v -0.10260349 0.75271976 0.01815327
v -0.08078670 0.76151371 0.04376975
v -0.10449263 0.98073804 -0.02463880
v -0.09741347 1.00188673 -0.02300398
v -0.08768577 1.00284219 -0.00626259
v -0.08234561 1.02698541 -0.00531114
v -0.09285996 1.02481687 -0.02099152
v -0.06641223 1.16694653 -0.00089677
v -0.06877819 1.18845224 -0.00370304
v -0.07981355 1.17691350 -0.02074179
v -0.07817864 1.15748763 -0.01773555
v -0.00527998 1.30973828 0.01479096
v -0.01073996 1.29553747 0.01874843
v -0.05369012 0.68177366 -0.05071950
v -0.03749239 0.65343666 -0.06668757
v -0.01893966 0.66439050 -0.04410245
v -0.03183139 0.70181787 -0.02261687
v -0.05268969 0.64875782 -0.12418470
v -0.06785337 0.68288291 -0.14932865
v -0.04916295 0.65412712 -0.15236871
v -0.00766696 0.67459619 -0.20587862
v -0.03243358 0.66232604 -0.18154030
v 0.05354119 0.70205760 -0.21053281
v 0.07516881 0.70930266 -0.18919437
v 0.07409994 0.72382879 -0.09432419
v 0.08051036 0.70021015 -0.09817597
v 0.08671474 0.70586121 -0.12737320
v 0.07851049 0.73032302 -0.12340739
v 0.03345028 0.83207834 -0.13404408
v 0.03045679 0.81939107 -0.14007796
v 0.00742881 0.83735025 -0.15519442
v 0.00486796 0.85190046 -0.15048611
v 0.05682777 0.95559174 -0.14000958
v 0.07120551 0.95095819 -0.13321346
v 0.02155912 0.96549141 -0.14719068
v 0.04054173 0.96021938 -0.14503905
v 0.04215078 0.94190681 -0.14448945
v 0.05129557 1.03478098 -0.14457048
v 0.05408943 1.01545310 -0.14315251
v 0.03415427 1.01890731 -0.14648163
v 0.03066044 1.03825176 -0.14845294
v 0.02809856 1.05908751 -0.15043759
v 0.04894569 1.05550635 -0.14652885
v 0.04731593 1.09757042 -0.14486107
v 0.02753111 1.09807932 -0.15005767
v 0.03138618 1.11151290 -0.15877388
v 0.08234873 1.24913704 -0.13576898
v 0.08224642 1.23255885 -0.14162649
v -0.07193853 0.85384011 -0.17100964
v 0.00227037 0.70636934 -0.02288607
v 0.00826735 0.67511153 -0.03613747
v 0.03471338 0.68312824 -0.04280853
v 0.02874686 0.70925313 -0.03477167
v -0.09419988 0.90143853 -0.13947994
v -0.05998045 0.97704196 -0.13380241
v -0.06116235 0.96233189 -0.13672651
v -0.05414727 1.13388729 -0.13474435
v -0.05904370 1.11142993 -0.12786825
v 0.03756819 1.15569806 -0.18977487
v 0.04090659 1.16822648 -0.18993859
v -0.08771054 0.71133721 -0.14441687
v 0.06760537 0.67419076 -0.21426035
v 0.08826850 0.68083549 -0.19316925
v 0.10222461 0.65238059 -0.19627330
v 0.08241569 0.64612222 -0.21732508
v 0.07609022 0.66785622 -0.08250903
v 0.08382178 0.63888276 -0.09215528
v 0.09548459 0.64640754 -0.11146931
v 0.08768342 0.67409629 -0.10395709
v 0.09383256 0.61098504 -0.10306369
v 0.10443393 0.58295929 -0.11170307
v 0.11832897 0.58930564 -0.12782976
v 0.10740262 0.61830842 -0.12113349
v 0.02236946 0.68835109 -0.21618913
v 0.02787443 0.62245393 -0.21472013
v 0.01079339 0.64887428 -0.20980994
v 0.03897046 0.66135275 -0.21994483
v 0.05475815 0.63427615 -0.22367477
v -0.04728359 0.64747953 -0.09432377
v 0.06495599 0.71777761 -0.07070539
v 0.06954829 0.69483763 -0.07538095
v 0.05180810 0.62240303 -0.06996424
v 0.04256233 0.65273881 -0.05515319
v 0.01851978 0.64248657 -0.05152564
v 0.02990184 0.61242455 -0.06795433
v -0.01811149 0.60050154 -0.14202867
v -0.03486092 0.62436545 -0.13306832
v -0.02909135 0.63033509 -0.16053534
v -0.01094278 0.60627949 -0.16869661
v -0.01201401 0.63860452 -0.18783383
v 0.00603184 0.61325890 -0.19350864
v 0.06178474 0.57172781 -0.22362904
v 0.04469087 0.59703147 -0.21908301
v 0.07113341 0.60755086 -0.22672613
v 0.08736147 0.58182091 -0.22974430
v 0.03951517 0.56382400 -0.20571530
v 0.02244723 0.58854520 -0.19957860
v 0.02330368 0.55935133 -0.18407369
v 0.00641877 0.58267909 -0.17720421
v 0.01609660 0.55616319 -0.16089243
v -0.00105032 0.57812458 -0.15214780
v 0.01549457 0.55442095 -0.13911356
v -0.00013673 0.57567757 -0.12834860
v 0.00789825 0.57609648 -0.10641123
v 0.02276115 0.55475622 -0.11956728
v 0.03558505 0.55780607 -0.10532269
v 0.02252052 0.58061659 -0.09128571
v 0.07113601 0.56932336 -0.09538899
v 0.06167559 0.59500301 -0.08397362
v 0.04158213 0.58671701 -0.08291155
v 0.05267610 0.56283098 -0.09649260
v 0.10430603 0.47026926 -0.12517510
v 0.09690460 0.49506766 -0.11701016
v 0.08242161 0.49364710 -0.12583002
v 0.09075262 0.46980190 -0.13414462
v 0.07802200 0.46998489 -0.14296381
v 0.07118108 0.49284428 -0.13678758
v 0.06119930 0.49289894 -0.14815542
v 0.06811923 0.46913415 -0.15459594
v 0.05716231 0.49181432 -0.18159164
v 0.06387496 0.46794856 -0.18714648
v 0.06254992 0.46877974 -0.16906224
v 0.05554534 0.49196565 -0.16342549
v 0.06341782 0.49175966 -0.20310406
v 0.07101399 0.46829861 -0.20850660
v 0.07962713 0.49380010 -0.22258557
v 0.08971144 0.46889216 -0.22498006
v 0.10484302 0.49640441 -0.23452601
v 0.11436311 0.47134590 -0.23528557
v 0.14315087 0.50494021 -0.13882041
v 0.13048580 0.50271422 -0.12362118
v 0.13499524 0.47575015 -0.12767477
v 0.14885929 0.47814375 -0.14135174
v 0.16446041 0.50879735 -0.18395624
v 0.16469464 0.47882289 -0.18332140
v 0.17084444 0.48359179 -0.20815389
v 0.16818817 0.51220000 -0.21049634
v 0.07842774 0.54669267 -0.22862419
v 0.05541209 0.54040140 -0.21105042
v 0.03885584 0.53678781 -0.18987051
v 0.03223825 0.53510958 -0.16818462
v 0.08016891 0.54456210 -0.10340318
v 0.06250196 0.53976107 -0.10758787
v 0.12864131 0.56060940 -0.13335708
v 0.11451714 0.55576557 -0.11734883
v 0.14420176 0.53684640 -0.23145746
v 0.11940538 0.52944833 -0.23930286
v 0.10361701 0.55581665 -0.23402183
v 0.12798244 0.56391615 -0.22540480
v 0.06831925 0.51725650 -0.21661907
v 0.05280309 0.51464933 -0.19634216
v 0.04654015 0.51341730 -0.17527775
v 0.05014745 0.51303321 -0.14064078
v 0.04485544 0.51303196 -0.15682065
v 0.05980399 0.51437420 -0.12796187
v 0.08833792 0.51987171 -0.11042301
v 0.07203037 0.51658708 -0.11645670
v 0.13637286 0.53205305 -0.13725662
v 0.12313312 0.52879959 -0.12105767
v 0.16048656 0.48221421 -0.23335053
v 0.13867368 0.47605163 -0.24322079
v 0.13160850 0.50244975 -0.24323362
v 0.15646179 0.50921524 -0.23587187
v 0.15921856 0.45574450 -0.22606091
v 0.16807584 0.45642436 -0.20567256
v 0.07075043 0.44464886 -0.15705280
v 0.08086404 0.44631857 -0.14488098
v 0.06678043 0.44352037 -0.17242843
v 0.09731899 0.44216692 -0.22612871
v 0.07615747 0.44139981 -0.21137787
v 0.12205232 0.44425607 -0.23563990
v 0.14301422 0.45163655 -0.23755340
v 0.13901320 0.42334223 -0.13645095
v 0.15176587 0.42439163 -0.14816305
v 0.14984329 0.45229858 -0.14490411
v 0.13715586 0.45120168 -0.13411711
v 0.10966240 0.42126435 -0.12959817
v 0.10959705 0.44744378 -0.13207461
v 0.09511857 0.44643986 -0.13771601
v 0.09337507 0.42059058 -0.13209155
v 0.06922366 0.41738743 -0.15478203
v 0.07865389 0.41981757 -0.14088547
v 0.06406193 0.41637623 -0.17196742
v 0.08119729 0.41303980 -0.21184486
v 0.06660630 0.41406459 -0.19312535
v 0.06661075 0.44236940 -0.19103548
v 0.10416231 0.41354328 -0.22743393
v 0.13420983 0.38299441 -0.22662920
v 0.10790842 0.38210493 -0.22794400
v 0.13261010 0.41487998 -0.22924899
v 0.15949550 0.28569567 -0.19639003
v 0.16232634 0.25061220 -0.19037415
v 0.14797825 0.25007308 -0.20322850
v 0.14344123 0.28409523 -0.21145113
v 0.14223979 0.39401132 -0.13223284
v 0.15388358 0.39495617 -0.14666282
v 0.09195378 0.39094275 -0.12506433
v 0.11036388 0.39158601 -0.12145931
v 0.08332583 0.35033143 -0.21041310
v 0.06743831 0.35180676 -0.19039668
v 0.06674089 0.38363206 -0.19320692
v 0.08281805 0.38265669 -0.21299940
v 0.16659692 0.29781920 -0.13143413
v 0.16376872 0.33148521 -0.13502933
v 0.15049946 0.33068871 -0.11962549
v 0.15430199 0.29694211 -0.11677089
v 0.09394871 0.35972500 -0.11794434
v 0.09762678 0.32670665 -0.11319238
v 0.11677452 0.32820344 -0.10937537
v 0.11311470 0.36022574 -0.11427267
v 0.09478305 0.28200614 -0.19993903
v 0.07922694 0.28192377 -0.18206586
v 0.07117961 0.31762660 -0.18667135
v 0.08737309 0.31672794 -0.20604087
v 0.13616595 0.35104102 -0.22359397
v 0.13863192 0.31766742 -0.21864706
v 0.11233250 0.31739193 -0.21889970
v 0.10915275 0.34997457 -0.22455920
v 0.15346982 0.35337567 -0.20682077
v 0.15577376 0.32023674 -0.20278278
v 0.15938289 0.22426230 -0.12206723
v 0.17027687 0.22220576 -0.13329829
v 0.16839047 0.26079345 -0.13203909
v 0.15666091 0.26151085 -0.11889848
v 0.10304493 0.29222804 -0.11254482
v 0.11130018 0.25627893 -0.11568601
v 0.12744409 0.25875115 -0.11122097
v 0.12137160 0.29427963 -0.10754213
v 0.11271433 0.20940346 -0.18553339
v 0.10105498 0.20954436 -0.16963781
v 0.08970659 0.24578840 -0.17629485
v 0.10294355 0.24629718 -0.19252621
v 0.15211356 0.21319437 -0.19535773
v 0.13114126 0.21091765 -0.19680877
v 0.12455998 0.24819690 -0.20521973
v 0.16558157 0.21417034 -0.18376525
v 0.17033015 0.17834538 -0.17894493
v 0.15892811 0.17762101 -0.18902406
v 0.16328104 0.18804747 -0.12416187
v 0.17198898 0.18649679 -0.13541585
v 0.14245167 0.18743074 -0.11635096
v 0.13454294 0.22218794 -0.11505686
v 0.11987489 0.22123992 -0.11840390
v 0.12908618 0.18662721 -0.11859052
v 0.09957133 0.21250713 -0.13982794
v 0.11033396 0.17925179 -0.13831377
v 0.11755184 0.18359679 -0.12652926
v 0.10763307 0.21724182 -0.12715031
v 0.11276697 0.17706937 -0.16409010
v 0.10891757 0.17763960 -0.15028811
v 0.09676496 0.21072668 -0.15428846
v 0.12223386 0.17671394 -0.17972837
v 0.13956852 0.17679888 -0.19000660
v 0.00802817 0.73384583 -0.01518650
v 0.00068194 0.72824371 -0.01778362
v 0.02675304 0.72637206 -0.03256396
v 0.03013485 0.73516440 -0.03199144
v 0.10649969 0.65118277 -0.13913126
v 0.09530608 0.67959237 -0.13287646
v 0.12984011 0.59378880 -0.15018357
v 0.11859318 0.62224102 -0.14564782
v 0.13982141 0.56432194 -0.15497884
v 0.15352190 0.50461084 -0.15958369
v 0.14770935 0.53464144 -0.15841331
v 0.15672749 0.47695005 -0.16090928
v 0.15842456 0.45054710 -0.16405810
v 0.16018003 0.42243755 -0.16677475
v 0.16403811 0.36347091 -0.16264980
v 0.16046350 0.39358854 -0.16638978
v 0.15895754 0.36371541 -0.14112186
v 0.17195289 0.29589158 -0.15370591
v 0.16854428 0.33073348 -0.15779975
v 0.17487325 0.21911621 -0.15026483
v 0.17386729 0.25769144 -0.15156992
v 0.17552680 0.18352479 -0.15059705
v 0.05204070 0.77982283 -0.14688832
v 0.04162012 0.79476357 -0.14529338
v 0.05457893 0.77982408 -0.12083368
v 0.06226551 0.76819414 -0.12044112
v 0.03578556 0.74395639 -0.04832707
v 0.03725762 0.74507654 -0.04503662
v 0.04350936 0.74783391 -0.05697004
v 0.04102305 0.74719155 -0.05916606
v 0.09278673 0.52186304 -0.23274814
v 0.03084995 0.53392160 -0.14852084
v 0.04794963 0.53634733 -0.11761789
v 0.03698382 0.53404719 -0.13124055
v 0.15929779 0.53851509 -0.18276699
v 0.15882236 0.53986669 -0.20981045
v 0.14463489 0.56804776 -0.20529766
v 0.14741644 0.56683171 -0.17978267
v 0.15193883 0.38224745 -0.21008126
v 0.16027647 0.38847613 -0.18889873
v 0.16085169 0.35836411 -0.18507174
v 0.15200458 0.40923005 -0.21499370
v 0.06122339 0.38588476 -0.17139804
v 0.06562302 0.38780081 -0.15190397
v 0.07653449 0.35836494 -0.12981041
v 0.07622369 0.38987768 -0.13623098
v 0.06429321 0.35620636 -0.14694528
v 0.12362535 0.62361276 -0.17322947
v 0.13604030 0.59550589 -0.17641179
v 0.13014568 0.59557498 -0.20214812
v 0.11626878 0.62377632 -0.19931358
v -0.08831660 1.06383371 -0.03513949
v -0.09208220 1.05815887 -0.05398616
v -0.03186724 1.15161872 -0.16671649
v -0.02258284 1.13996005 -0.16861773
v -0.02932735 1.13112640 -0.15620860
v -0.04114988 1.14362216 -0.15278305
v -0.04860526 1.15886188 -0.15083055
v -0.03851769 1.16611588 -0.16483410
v -0.05298619 1.17587614 -0.14833143
v -0.04295687 1.18311071 -0.16164406
v -0.06246642 1.25383639 -0.13174601
v -0.06868519 1.26636577 -0.13096477
v 0.06737886 1.09226060 -0.13697736
v 0.06753042 1.07262397 -0.13818790
v 0.04753690 1.07608151 -0.14633274
v 0.04399588 0.92470992 -0.14306743
v 0.02646441 0.86051911 -0.13683979
v 0.04481100 0.85526103 -0.12694421
v 0.04903723 0.83217120 -0.12170629
v 0.05724532 0.77355552 -0.08423714
v 0.05192623 0.75935531 -0.06901486
v 0.04104504 0.74671811 -0.05559232
v 0.03466233 0.74120778 -0.04665740
v -0.05555923 1.12634218 0.01291943
v -0.05284827 1.15108776 0.01412518
v 0.03036449 1.30474806 0.02272364
v 0.01506139 1.31257081 0.01682568
v 0.02509216 1.33563554 0.00901150
v 0.03957975 1.32718372 0.01436000
v 0.04413360 1.33719409 0.01007703
v 0.03048829 1.34504533 0.00491419
v 0.07112627 1.38555467 -0.01985789
v 0.06417596 1.37648785 -0.01326121
v 0.02722307 0.74373627 -0.03227000
v 0.02355223 0.74217212 -0.02629798
v 0.03743683 0.74476081 -0.04085609
v 0.06846634 0.74309218 -0.09205730
v 0.06448245 0.75677884 -0.09279130
v 0.05879188 0.74730486 -0.06820044
v 0.06151409 0.73543632 -0.06867916
v -0.08220796 0.75695485 -0.17334200
v -0.05138359 0.76680136 -0.19419946
v -0.07208396 0.70075476 -0.04460230
v -0.24590921 1.31912816 -0.13102704
v -0.22065547 1.31308007 -0.12564458
v -0.22487672 1.32067466 -0.11596054
v -0.24972549 1.32698154 -0.12231086
v -0.03944500 1.22976995 0.02116453
v -0.05049186 1.20449901 0.01384479
v 0.03786537 1.37205434 -0.09912892
v -0.01037010 1.39543664 -0.11275491
v -0.00155425 1.39213228 -0.10532950
v 0.00087686 1.37680995 -0.12389095
v -0.00588369 1.37989569 -0.13095547
v -0.04844110 1.36518574 -0.04978443
v -0.04235753 1.36193907 -0.03955956
v -0.03408799 1.37675071 -0.04972005
v -0.04021365 1.37833405 -0.05925868
v -0.11443914 0.84524882 0.03693089
v -0.09311803 0.84692734 0.05570063
v -0.04923966 1.05569553 0.02222671
v -0.04603408 1.07967520 0.02324121
v -0.06073248 1.07698214 0.01166541
v -0.06470656 1.05297232 0.01051010
v -0.06323016 1.22216320 0.00066287
v -0.07400414 1.20676970 -0.01283993
v 0.07922385 1.16036940 -0.16576134
v 0.06767999 1.16940808 -0.17507511
v 0.06954617 1.18907535 -0.16994636
v 0.08274888 1.18119836 -0.16170421
v -0.19223465 1.33895159 -0.09878862
v -0.20021617 1.32569122 -0.10352316
v -0.17573252 1.31824088 -0.10019241
v -0.17125593 1.32613516 -0.09594673
v -0.10994834 0.72764277 -0.09993598
v -0.10897807 0.74949300 -0.13528760
v -0.09036387 1.09207547 -0.07126249
v -0.09084228 1.07142615 -0.07181686
v -0.09017249 1.07910132 -0.05146898
v -0.09024237 1.09947276 -0.05078116
v -0.08729617 1.14938915 -0.07590426
v -0.08844757 1.13125265 -0.07358558
v -0.08769701 1.16729772 -0.07878777
v -0.10717087 1.28580511 -0.10105547
v -0.10148930 1.27446294 -0.09796789
v -0.10305468 1.27775264 -0.09204870
v 0.06932019 0.75225586 -0.12082295
v 0.04501810 0.79747164 -0.12202559
v 0.04834763 0.80408692 -0.11849403
v 0.02860607 0.74342763 -0.03731109
v 0.02739368 0.74021232 -0.03755999
v 0.07198315 1.37753177 -0.10993759
v 0.06322294 1.38542366 -0.09905902
v -0.14760223 1.30143213 -0.12392050
v -0.12692268 1.29861844 -0.12079717
v -0.08887956 1.24690688 -0.09931454
v -0.09402375 1.25821257 -0.10157327
v -0.08692271 1.25883007 -0.11068727
v -0.08164403 1.24700522 -0.10972330
v -0.09294781 1.24879515 -0.09014535
v -0.09777099 1.25931334 -0.09348896
v -0.01356034 1.29009295 -0.15452932
v -0.01323863 1.30884814 -0.14941342
v -0.00279801 1.30862081 -0.14763163
v -0.00304840 1.28937197 -0.15458269
v 0.00853943 1.28478217 -0.15380701
v 0.00799158 1.30533576 -0.14575703
v 0.02066221 1.30014515 -0.14384711
v 0.02203367 1.27960992 -0.15246986
v 0.04260677 1.35059023 -0.11458313
v 0.05838583 1.33585930 -0.12021162
v 0.07534689 1.32338238 -0.12121500
v 0.09133471 1.31352687 -0.11982626
v 0.05852979 1.36642647 -0.00606284
v 0.04312830 1.37448120 -0.01464948
v 0.04046549 1.36294913 -0.00555928
v 0.05403763 1.35585928 0.00024318
v 0.06688758 1.35087085 0.00598428
v 0.07136650 1.36112452 0.00042930
v 0.07565755 1.36124766 -0.11324406
v 0.08906774 1.35160494 -0.11657535
v 0.09601866 1.33372355 -0.11468041
v -0.21365181 1.38415706 -0.16730402
v -0.18926395 1.38226402 -0.16069582
v 0.05584256 1.40330839 -0.07281648
v 0.05836164 1.39491522 -0.08659464
v -0.21976738 1.38927543 -0.15321973
v -0.19502801 1.38778687 -0.14647956
v 0.00823362 1.34997320 -0.13090108
v -0.00008902 1.35486269 -0.13534692
v 0.00865638 1.37254858 -0.11843522
v 0.08371800 1.36881590 -0.11683311
v 0.09640858 1.35992897 -0.12039991
v -0.08981690 0.79147291 -0.17026082
v -0.06018473 0.79936063 -0.18808496
v -0.07781151 1.03636026 -0.11221221
v -0.06259381 1.02851629 -0.12692997
v 0.08751503 1.02949762 -0.12623754
v 0.08808995 1.01210225 -0.12537768
v 0.07217617 1.01309514 -0.13560133
v 0.07030372 1.03210604 -0.13703260
v 0.08595534 1.08738244 -0.12511852
v 0.08599947 1.06856823 -0.12614349
v 0.12258816 1.35535908 -0.12154771
v 0.05651888 0.97616041 -0.13991988
v 0.05565137 0.99644053 -0.14131919
v 0.07257102 0.99347699 -0.13307637
v 0.07360097 0.97064900 -0.13048035
v 0.08094078 0.94807875 -0.12653592
v 0.08288553 0.93860441 -0.12537660
v 0.06227323 0.81321502 -0.10833684
v 0.06859262 0.81136465 -0.10217369
v -0.11781644 1.35249650 -0.16252761
v -0.11853091 1.37111759 -0.15909745
v -0.10046409 1.37070239 -0.15704878
v -0.10128499 1.35127807 -0.16013296
v 0.01935311 0.98527342 -0.14593793
v 0.03886528 0.98075449 -0.14475562
v -0.04932800 1.24559355 -0.14397471
v -0.05802224 1.24042821 -0.13253652
v 0.07251164 1.11035156 -0.14356048
v 0.05580261 1.17789125 -0.18224153
v 0.05640125 1.19592595 -0.17648882
v 0.04284491 1.18475986 -0.18690951
v 0.04294533 1.20194304 -0.18094881
v 0.01970058 0.74169028 -0.02827634
v 0.02279944 0.74433565 -0.03029827
v -0.12958039 1.36746287 -0.08741072
v -0.13335297 1.35997677 -0.08629294
v -0.12299145 1.35566068 -0.08223674
v -0.11939452 1.36433733 -0.08310843
v 0.05093556 0.71400404 -0.05186015
v 0.04795948 0.72945738 -0.04944361
v -0.02384253 0.73396611 -0.00438211
v -0.00909968 0.73667657 -0.00116510
v -0.01594158 0.74472439 0.00833829
v -0.02326358 0.74886394 0.01577293
v 0.08643341 0.70846128 -0.15905531
v 0.07464273 0.73530090 -0.15438209
v 0.09810126 0.68035644 -0.16393872
v 0.11136910 0.65142238 -0.16883266
v 0.16347501 0.45104676 -0.18512027
v 0.16146339 0.42084509 -0.19216006
v 0.16309403 0.32533991 -0.18073533
v 0.16615871 0.29049730 -0.17613097
v 0.16897622 0.25325048 -0.17159405
v 0.17455265 0.18098927 -0.16535002
v 0.17190933 0.21520346 -0.16746312
v -0.22780429 1.38858390 -0.14013365
v -0.23664223 1.38316751 -0.12941651
v -0.21026367 1.38071442 -0.12061799
v -0.20097934 1.38692272 -0.13203944
v -0.18615443 1.30750275 -0.14099281
v -0.20916635 1.31079555 -0.14592317
v -0.20293377 1.31432855 -0.15523224
v -0.17912377 1.31193507 -0.14956777
v -0.23314016 1.31443524 -0.15093054
v -0.21505772 1.30970001 -0.13606514
v -0.24000953 1.31475699 -0.14082952
v -0.25083923 1.33857942 -0.11646804
v -0.22611549 1.33209658 -0.10943662
v -0.22319244 1.34614217 -0.10633349
v -0.24991632 1.35172641 -0.11465573
v -0.24330968 1.37449121 -0.12172279
v -0.24787056 1.36368191 -0.11681029
v -0.22149880 1.36016810 -0.10837060
v -0.21797355 1.37195826 -0.11358994
v -0.21561454 1.33085835 -0.17708760
v -0.19082744 1.32899475 -0.17087628
v -0.19664498 1.32037330 -0.16366495
v -0.22090857 1.32237756 -0.16988306
v -0.12157515 1.38626802 -0.14829119
v -0.10354180 1.38775563 -0.14735599
v -0.06918155 1.28674650 -0.13883498
v -0.07834068 1.29737544 -0.13667218
v -0.07634494 1.30868542 -0.14696226
v -0.06447140 1.30018902 -0.14781851
v -0.15875031 1.36943352 -0.16540125
v -0.16476841 1.38217902 -0.15466446
v -0.14159015 1.38389540 -0.15084630
v -0.13694280 1.36983466 -0.16161607
v -0.16604090 1.32644057 -0.16441844
v -0.14193355 1.32334208 -0.15943456
v -0.14779888 1.31509972 -0.15211515
v -0.17228271 1.31820440 -0.15753908
v -0.17565089 1.30837369 -0.10898598
v -0.19955838 1.31426358 -0.11139058
v -0.10229541 1.33257699 -0.15684851
v -0.11881004 1.33491814 -0.16076869
v -0.04731824 1.23223567 -0.14651416
v -0.07857703 1.23636150 -0.10961378
v -0.07663121 1.22432518 -0.11013554
v -0.01735192 1.15235484 -0.17909630
v -0.01415931 1.16771245 -0.18492450
v -0.06537702 1.19215071 -0.12951778
v -0.06390700 1.17299914 -0.13222322
v -0.02037261 1.17192268 -0.18145712
v -0.02479675 1.16237891 -0.17677648
v 0.00800200 1.08285713 -0.15120940
v 0.09283910 1.32362568 -0.11519888
v -0.13684370 1.33657944 -0.16384390
v -0.13550960 1.35304308 -0.16526917
v -0.15385032 1.31805229 -0.09445013
v -0.15535277 1.31026709 -0.09997530
v -0.13731395 1.30363655 -0.09958582
v -0.13805254 1.31105089 -0.09405811
v -0.07670458 1.24930763 -0.02558398
v -0.08176384 1.23782325 -0.03476229
v -0.07820224 1.22307813 -0.02388536
v -0.07100243 1.23599982 -0.01307564
v -0.12701446 1.38150644 -0.09509571
v -0.11428692 1.38144219 -0.09111641
v -0.11251447 1.38951349 -0.10033539
v -0.12761836 1.38820744 -0.10397783
v -0.11017749 1.39569414 -0.11332177
v -0.10708524 1.39684343 -0.12963411
v -0.12580383 1.39432979 -0.13251954
v -0.12762916 1.39337707 -0.11633815
v -0.11549576 0.82285076 -0.13929339
v -0.13009821 0.82242680 -0.11033504
v -0.01742188 0.94737101 -0.14695631
v -0.04000738 0.95435417 -0.14384317
v 0.00273467 0.87191284 -0.14733301
v 0.05354504 0.75321388 -0.07056265
v 0.05609106 0.76816410 -0.09711342
v 0.05540978 0.68918359 -0.05698508
v -0.09497374 0.82502413 -0.16237491
v 0.06971536 0.63157451 -0.07935219
v 0.06160424 0.66099620 -0.06692353
v 0.00832132 0.60399574 -0.07676506
v -0.00537890 0.63226819 -0.06074733
v -0.02189761 0.62522161 -0.08034238
v -0.00661699 0.59913170 -0.09343196
v -0.03212240 0.62211657 -0.10521650
v -0.01584684 0.59772962 -0.11676140
v 0.11148923 0.59176785 -0.22078414
v 0.08062161 0.32397193 -0.12513316
v 0.07699003 0.28573662 -0.14029858
v 0.08744255 0.28877264 -0.12388600
v 0.06815088 0.32185376 -0.14269240
v 0.06104580 0.35376441 -0.16810934
v 0.06507634 0.31987309 -0.16427682
v 0.11840063 0.28360063 -0.21270765
v 0.09730849 0.25298673 -0.12569608
v 0.08816054 0.24877357 -0.14052480
v 0.07378332 0.28381360 -0.16119649
v 0.08491173 0.24703008 -0.15820967
v 0.04723237 0.74007368 -0.04935134
v -0.03120777 0.75002962 0.02755377
v -0.02807574 0.80520141 -0.19351728
v -0.01965101 0.77788961 -0.20037930
v 0.03359472 0.80785167 -0.14264140
v 0.01407456 0.82237864 -0.16035855
v -0.02370066 1.01286471 -0.14121190
v -0.00361094 1.00757945 -0.14334638
v -0.02837291 1.05265021 -0.14049111
v -0.02700243 1.03227663 -0.14031154
v -0.04600516 1.03996873 -0.13516264
v -0.04642505 1.05983186 -0.13370676
v -0.07692345 1.07594454 -0.10957222
v -0.07732110 1.05591118 -0.11016478
v -0.08671377 1.06355381 -0.09209715
v -0.08613769 1.08432746 -0.09113894
v -0.09291007 1.05097961 -0.07465056
v -0.08850389 1.04374468 -0.09460452
v -0.07024615 1.09717441 -0.00129095
v -0.06860632 1.12136841 -0.00079899
v -0.07897353 1.11501789 -0.01551034
v -0.07940542 1.09177935 -0.01667949
v 0.05467787 0.81057352 -0.11365269
v 0.04650433 0.74765086 -0.05369031
v 0.06384054 0.75993323 -0.15113218
v 0.03448224 0.78635436 -0.17143804
v 0.01012374 0.78397989 -0.19222312
v -0.12005953 1.30097806 -0.12734000
v -0.08711017 1.26637936 -0.05982875
v -0.08444968 1.27753377 -0.05667284
v -0.14573203 1.39084983 -0.13543160
v -0.14686245 1.38992786 -0.11911477
v -0.12080928 1.32044196 -0.15546785
v -0.08498158 1.37018394 -0.15561253
v -0.06993040 1.34816444 -0.15609159
v -0.08564471 1.34940410 -0.15751633
v -0.02128788 0.86605668 -0.15859753
v -0.01711185 0.84775001 -0.16810597
v -0.04369437 0.85277307 -0.17506786
v 0.00154549 0.73869419 -0.00705093
v -0.00680342 0.74254942 -0.00091990
v 0.04856972 0.78862798 -0.12289491
v 0.08897229 0.57625699 -0.10038663
v 0.07977652 0.60361892 -0.09105702
v 0.09826829 0.55034131 -0.10662802
v 0.10681672 0.52522016 -0.11163051
v 0.11426149 0.49850756 -0.11599061
v 0.11911207 0.47329617 -0.12207788
v 0.12278873 0.44961095 -0.12884904
v 0.12456886 0.42234552 -0.13051882
v 0.14649689 0.36288512 -0.12542231
v 0.12711194 0.39280421 -0.12424472
v 0.13053066 0.36188817 -0.11707732
v 0.13450512 0.32942021 -0.11166826
v 0.14267045 0.26029193 -0.11249945
v 0.13847691 0.29586536 -0.10931264
v 0.14703813 0.22431660 -0.11657311
v 0.15280576 0.18866247 -0.11797115
v 0.01719793 0.74277318 -0.02300613
v 0.00984907 0.74102521 -0.01512636
v 0.01724286 1.34433186 -0.12646869
v -0.07215112 1.25006354 -0.12068889
v -0.07779893 1.26111484 -0.12062258
v -0.10354330 1.31821966 -0.15178367
v -0.04036016 0.75527942 0.03868323
v -0.04881576 0.76368994 0.04957325
v -0.19398138 1.36721146 -0.10553294
v -0.18609741 1.37747312 -0.11106555
v -0.12482468 1.31185448 -0.14676307
v -0.07461862 1.27956903 -0.12769227
v -0.08125832 1.29051888 -0.12719405
v -0.34178150 1.41868985 -0.26693359
v -0.34863716 1.41980207 -0.28506938
v -0.35718170 1.42422593 -0.28048635
v -0.35091639 1.42279351 -0.26153034
v -0.33514333 1.41037321 -0.27131253
v -0.34275317 1.41139543 -0.28877351
v -0.35474837 1.35972047 -0.27075434
v -0.36527711 1.36572409 -0.28737170
v -0.35535046 1.37189376 -0.28943631
v -0.34456879 1.36697459 -0.27262917
v -0.34873289 1.40252960 -0.30757004
v -0.34040457 1.40109539 -0.29083788
v -0.34244654 1.39016116 -0.29091161
v -0.35180166 1.39279044 -0.30749199
v -0.37796515 1.36056113 -0.26091349
v -0.36784339 1.35263300 -0.24436592
v -0.37610599 1.36027384 -0.23828329
v -0.38515636 1.36847305 -0.25526527
v -0.30725449 1.34535789 -0.20835458
v -0.29664776 1.34406233 -0.19992959
v -0.30574685 1.33566785 -0.19641152
v -0.31670237 1.33702791 -0.20547886
v -0.32670146 1.41591132 -0.23053333
v -0.33436471 1.41723406 -0.24864185
v -0.34405628 1.42046142 -0.24218567
v -0.33689457 1.41754913 -0.22263542
v -0.31273174 1.38303733 -0.24053684
v -0.30290067 1.38057828 -0.22332871
v -0.30589980 1.36740065 -0.22309119
v -0.31646055 1.36958194 -0.23974501
v -0.33006775 1.41320932 -0.20381577
v -0.31903118 1.41418147 -0.21190868
v -0.33258685 1.38772070 -0.27417645
v -0.32269937 1.38531935 -0.25750881
v -0.32648748 1.37286794 -0.25664654
v -0.33731687 1.37654352 -0.27351043
v -0.39426932 1.37555814 -0.29490960
v -0.38676453 1.36827755 -0.27775994
v -0.39279425 1.37635911 -0.27260947
v -0.39927620 1.38375080 -0.29043517
v -0.35775742 1.38449216 -0.30668584
v -0.34777889 1.38059306 -0.29012501
v -0.36541402 1.37673986 -0.30582744
v -0.38336545 1.42212868 -0.29095304
v -0.37841237 1.41881430 -0.27092618
v -0.36736035 1.42326248 -0.27550048
v -0.37274271 1.42556524 -0.29494575
v -0.33117253 1.34967637 -0.23718458
v -0.34278333 1.35418475 -0.25385413
v -0.33342499 1.36220002 -0.25556508
v -0.32261503 1.35822690 -0.23875181
v -0.31820494 1.40787208 -0.23604763
v -0.32685947 1.40903485 -0.25340742
v -0.37348998 1.41488504 -0.25061572
v -0.36774826 1.40982974 -0.23021974
v -0.35560447 1.41738605 -0.23576432
v -0.36161235 1.42076433 -0.25554016
v -0.37031960 1.39037275 -0.20814574
v -0.37718621 1.39807498 -0.22765757
v -0.38080299 1.38428009 -0.22879525
v -0.37294441 1.37558079 -0.21007507
v -0.32962650 1.33995152 -0.21829112
v -0.31929249 1.34659350 -0.22176526
v -0.35601074 1.34516335 -0.22798951
v -0.34335297 1.33797526 -0.21235755
v -0.35418522 1.34371459 -0.20445704
v -0.36547878 1.35197604 -0.22109769
v -0.28619698 1.39240491 -0.19812872
v -0.29425126 1.39359212 -0.20785157
v -0.30091113 1.40517533 -0.20294100
v -0.29347345 1.40311503 -0.19103909
v -0.31173128 1.41069293 -0.19497573
v -0.30387533 1.40662587 -0.18114412
v -0.29847300 1.39372373 -0.15339042
v -0.30696750 1.39726281 -0.16019687
v -0.31466112 1.38803053 -0.15130378
v -0.30571467 1.38469076 -0.14526130
v -0.35662651 1.37170815 -0.16903743
v -0.36395681 1.38138902 -0.18836387
v -0.36456412 1.36593688 -0.19139907
v -0.35521799 1.35572386 -0.17235769
v -0.33888137 1.33542562 -0.16620059
v -0.35005790 1.34369206 -0.17933527
v -0.34203595 1.33563995 -0.18924642
v -0.33052740 1.32978630 -0.17840347
v -0.28351063 1.32336545 -0.14910305
v -0.29902405 1.32588100 -0.15367678
v -0.29131308 1.32244802 -0.16373752
v -0.27714053 1.32094312 -0.15920247
v -0.27411392 1.32927883 -0.18252432
v -0.26795179 1.33747029 -0.18875717
v -0.25597057 1.33525348 -0.18561219
v -0.26135999 1.32711482 -0.17838804
v -0.25676817 1.38734424 -0.17807718
v -0.26518223 1.38821530 -0.18154623
v -0.27213532 1.39598417 -0.16925535
v -0.26275110 1.39362776 -0.16399884
v -0.34912652 1.36300075 -0.15328708
v -0.34535235 1.34481359 -0.15492748
v -0.28438285 1.33128476 -0.18619736
v -0.29454824 1.33389461 -0.18998848
v -0.28589001 1.34232950 -0.19460711
v -0.27706593 1.33951652 -0.19161884
v -0.26923019 1.36219144 -0.19488256
v -0.27737334 1.36399150 -0.19790031
v -0.27655315 1.37703490 -0.19564927
v -0.26963517 1.37574887 -0.19226451
v -0.27210671 1.38935030 -0.18570955
v -0.27915749 1.39102674 -0.19106926
v -0.28639489 1.40084755 -0.18228045
v -0.27926880 1.39835191 -0.17537345
v -0.34186420 1.35914111 -0.14547917
v -0.33271563 1.35513616 -0.14068335
v -0.32705694 1.36675334 -0.14109397
v -0.33510876 1.37187481 -0.14611161
v -0.31834313 1.32608151 -0.17184556
v -0.32655922 1.33089054 -0.16043854
v -0.28623953 1.36556911 -0.20234126
v -0.27973062 1.35259795 -0.19799282
v -0.28959125 1.35447299 -0.20165953
v -0.29671741 1.40271580 -0.17159808
v -0.28869706 1.32835138 -0.14067854
v -0.27056861 1.32450962 -0.13631433
v -0.27397609 1.33204806 -0.12849206
v -0.29222417 1.33548641 -0.13331179
v -0.26540208 1.32016730 -0.14567344
v -0.25866926 1.31876254 -0.15536085
v -0.23871185 1.33328390 -0.18192932
v -0.24397135 1.32501578 -0.17492197
v -0.23494376 1.34505892 -0.18688029
v -0.25246581 1.34699631 -0.19002841
v -0.25079730 1.36017990 -0.19142835
v -0.23257448 1.35864758 -0.18847384
v -0.23708539 1.38527071 -0.17312232
v -0.24367228 1.39110804 -0.15906680
v -0.27057639 1.39237094 -0.15229349
v -0.25231388 1.39001632 -0.14665185
v -0.28248420 1.32414818 -0.17432882
v -0.29422563 1.32585895 -0.17836595
v -0.38327661 1.40450692 -0.24760614
v -0.38826308 1.41040218 -0.26788333
v -0.39344031 1.39877450 -0.26717672
v -0.38761193 1.39196396 -0.24771968
v -0.39480433 1.38695860 -0.26880786
v -0.40042430 1.39396644 -0.28745073
v -0.32281911 1.39801145 -0.25680849
v -0.33166683 1.39971077 -0.27395615
v -0.34960186 1.41238892 -0.30593786
v -0.28463417 1.37826359 -0.20128465
v -0.29328609 1.37908781 -0.20952863
v -0.31145567 1.37415290 -0.14014587
v -0.30137718 1.37170351 -0.13594073
v -0.29556343 1.38194001 -0.14029402
v -0.34116209 1.37950575 -0.15543419
v -0.32554683 1.39164758 -0.15900795
v -0.33401662 1.39995170 -0.17756902
v -0.34774312 1.38861179 -0.17105897
v -0.32119086 1.35154188 -0.13693970
v -0.30839768 1.34859955 -0.13295676
v -0.30587468 1.36064410 -0.13261293
v -0.31745094 1.36334741 -0.13705523
v -0.25225651 1.37439275 -0.18815628
v -0.26199284 1.37498736 -0.18980354
v -0.26701951 1.37707150 -0.12930290
v -0.26148155 1.38483751 -0.13706216
v -0.27794725 1.38736486 -0.14305782
v -0.28352994 1.37966716 -0.13582785
v -0.28907511 1.39048910 -0.14785816
v -0.27083203 1.36690283 -0.12427816
v -0.28825986 1.36968589 -0.13072942
v -0.23273708 1.37346363 -0.18434660
v -0.29297549 1.34592593 -0.12864606
v -0.27441019 1.34289026 -0.12314923
v -0.27360705 1.35549855 -0.12205519
v -0.29168916 1.35814559 -0.12803407
v -0.38799798 1.37940216 -0.25040865
v -0.37999198 1.37128997 -0.23252618
v -0.31844664 1.32918835 -0.18976006
v -0.33024389 1.33202446 -0.19920014
v -0.30654314 1.32745171 -0.18322928
v -0.36698881 1.35717463 -0.26651707
v -0.37698936 1.36424875 -0.28310823
v -0.34299493 1.34436774 -0.23382832
v -0.35545951 1.35050929 -0.25007588
v -0.36137301 1.40367138 -0.20999722
v -0.31870073 1.33388495 -0.14873469
v -0.33174604 1.33656716 -0.15044844
v -0.31330812 1.32820332 -0.15728663
v -0.25039029 1.32032561 -0.16555491
v -0.26917896 1.32252192 -0.16951795
v -0.34091148 1.34801006 -0.14512302
v -0.22696285 1.31711411 -0.16076335
v -0.31513381 1.40188980 -0.16986260
v -0.28095359 1.39575648 -0.15791003
v -0.28914538 1.39930487 -0.16396715
v -0.36272341 1.42598104 -0.29903546
v -0.31332195 1.39642119 -0.23953341
v -0.29588789 1.36634874 -0.20932166
v -0.30027092 1.35520816 -0.20933039
v -0.30468979 1.33111334 -0.14530677
v -0.30815893 1.33786571 -0.13800026
v -0.32139543 1.34058380 -0.14155044
v -0.26349416 1.34881926 -0.19249125
v -0.26128334 1.36110246 -0.19298066
v -0.38571888 1.37130833 -0.29958534
v -0.27211115 1.35042834 -0.19492491
v -0.32295603 1.40768492 -0.18539129
v 0.03523239 1.31639552 0.01864013
v 0.04474393 1.29999590 0.02839626
v 0.04907433 1.31132984 0.02445196
v -0.06028069 1.15466070 -0.13385658
v -0.02156661 1.11170733 -0.14848597
v -0.03740012 1.12000310 -0.14374019
v -0.06840482 1.23823237 -0.12118803
v -0.06618261 1.22476792 -0.12276734
v -0.08865026 1.28649974 -0.12115525
v -0.08306116 1.27466643 -0.11986366
v -0.05535853 1.19406223 -0.14453162
v 0.09916771 1.52554464 -0.12793620
v 0.09710665 1.52008843 -0.12363319
v 0.10212979 1.53817606 -0.13029729
v 0.08097345 0.95880657 -0.12525973
v 0.09099407 0.93684864 -0.11769609
v 0.09250356 0.92706913 -0.11760630
v 0.09916693 1.50677776 -0.13893507
v 0.09691610 1.50261402 -0.13344884
v 0.09640994 1.50509048 -0.13782710
v 0.10064392 1.50785708 -0.14083627
v 0.10044535 1.50697315 -0.14033613
v 0.10680577 1.53765893 -0.13993426
v 0.09624489 1.51200283 -0.12134147
v 0.09565089 1.50267375 -0.12012261
v 0.10583279 1.52338648 -0.14155978
v -0.06852553 0.97878587 0.02200952
v -0.07779648 0.95935082 0.02321821
v -0.05960261 0.95883060 0.03848048
v -0.05103058 0.97816914 0.03523663
v -0.04557259 0.94070297 0.05815374
v -0.03859650 0.95911527 0.05403708
v -0.06761000 0.93765950 0.04120171
v -0.13826199 0.90181160 -0.05145605
v -0.13251963 0.92506492 -0.05025529
v -0.12975369 0.92734313 -0.07534853
v -0.13525771 0.90476799 -0.07734838
v -0.11631078 0.94487798 -0.09636602
v -0.12153500 0.92738074 -0.09942575
v -0.12353367 0.94627780 -0.07283442
v -0.10293887 0.94201005 -0.11624995
v -0.10786998 0.92500484 -0.11894315
v -0.08596341 0.93751347 -0.13118652
v -0.08992966 0.92044640 -0.13401598
v -0.06987969 0.91499978 -0.14423254
v -0.04692831 0.90843064 -0.14937958
v -0.02300706 0.88388520 -0.15322280
v -0.02191660 0.90020430 -0.14957094
v 0.00219041 0.89110148 -0.14612196
v 0.02490816 0.88184178 -0.13973394
v 0.04447962 0.87493205 -0.13235994
v 0.06081697 0.87048215 -0.12385324
v 0.07477309 0.86646450 -0.11540937
v 0.08565895 0.86301219 -0.10613094
v 0.08091272 0.84315145 -0.10203108
v 0.01953652 1.32138109 -0.13526610
v 0.01650427 1.39493692 -0.05090789
v 0.01110820 1.39719248 -0.07495293
v 0.00750663 1.39393818 -0.05324639
v -0.03488924 1.35581112 -0.02634104
v -0.02550719 1.34582198 -0.01203232
v -0.01960439 1.36035955 -0.01939902
v -0.02718040 1.37207413 -0.03657749
v 0.01642540 1.38568044 -0.03444473
v 0.02282235 1.38684130 -0.03438506
v 0.00839889 1.38367665 -0.03364598
v 0.01345908 1.37255788 -0.01859810
v 0.02334364 1.36285591 -0.00740183
v -0.01963170 1.39827311 -0.09114261
v -0.02966155 1.39976168 -0.09962229
v -0.03792237 1.39179313 -0.08007451
v -0.03062119 1.39139462 -0.07220109
v -0.05527809 1.35146046 -0.04355251
v -0.06072098 1.35400343 -0.05227011
v -0.06642884 1.34075487 -0.04882152
v -0.06053875 1.33690643 -0.03942733
v -0.06319553 1.40032661 -0.11958314
v -0.07777812 1.39958346 -0.12481970
v -0.08083104 1.39797521 -0.10560186
v -0.06754939 1.39706635 -0.10114045
v -0.05283111 1.36690652 -0.05818444
v -0.05343955 1.24111104 0.00928035
v -0.06310465 1.25141919 -0.00487442
v -0.07034174 1.26136529 -0.01775605
v -0.08214154 1.28922653 -0.05374896
v -0.08233456 1.26903224 -0.04709274
v -0.07829524 1.28194022 -0.04381453
v -0.08824062 1.29680300 -0.06196442
v -0.09438287 1.30199718 -0.06823870
v -0.05445153 1.34726954 -0.15542710
v -0.05820239 1.32151341 -0.15499267
v -0.07235336 1.32613635 -0.15299211
v -0.11053615 1.31113362 -0.08279844
v -0.11166241 1.30611849 -0.08514875
v -0.10413266 1.29773593 -0.08099145
v -0.10274149 1.30363894 -0.07868023
v -0.01098246 1.39705634 -0.08347480
v -0.08533526 1.38918424 -0.09192742
v -0.08953919 1.37886453 -0.08313572
v -0.07762509 1.37515664 -0.07872148
v -0.07278254 1.38677490 -0.08758231
v -0.09348790 1.36762393 -0.07717656
v -0.09711590 1.35669434 -0.07417001
v -0.08731289 1.35248792 -0.06997328
v -0.08271174 1.36373878 -0.07273206
v -0.11031734 1.31812298 -0.08122639
v -0.10045119 1.31040597 -0.07547416
v -0.08759677 1.38906288 -0.14475487
v -0.03164022 1.39740109 -0.12973560
v -0.02053472 1.39744318 -0.12175956
v -0.01465132 1.38079476 -0.13938478
v -0.02478455 1.37833071 -0.14412063
v -0.10182432 1.29560506 -0.12331086
v -0.10739995 1.29475558 -0.11679307
v -0.11495575 1.29300547 -0.11043149
v -0.10330185 1.28378117 -0.08659285
v -0.11947752 1.29431486 -0.10440359
v -0.08892934 1.31404197 -0.14814705
v -0.08783380 1.32959747 -0.15492702
v -0.01487339 1.35466981 -0.14605714
v -0.02591150 1.35205829 -0.15029112
v -0.09187602 1.39820600 -0.12780084
v -0.09504057 1.39702153 -0.10945757
v -0.13374740 1.32047296 -0.08827686
v -0.12352700 1.31302536 -0.08812660
v -0.12206241 1.31759000 -0.08551249
v -0.09743070 1.27425206 -0.07775965
v -0.10424881 1.29065394 -0.08336594
v -0.04020101 1.40066922 -0.10781793
v -0.10216101 1.38015711 -0.08697000
v -0.09873980 1.38970292 -0.09619634
v -0.07396169 1.35978937 -0.06782003
v -0.06662378 1.35649562 -0.06044271
v -0.05974523 1.36863995 -0.06658760
v -0.06759968 1.37136865 -0.07303292
v -0.11303320 1.34968591 -0.07857646
v -0.10853315 1.36039114 -0.07830035
v -0.07123690 1.34373951 -0.05665369
v -0.07833460 1.34758687 -0.06375485
v -0.12019695 1.32370150 -0.08299816
v -0.00728339 1.35685754 -0.14083445
v -0.00188865 1.33081055 -0.14191622
v -0.01032611 1.33225119 -0.14502728
v -0.01932480 1.32958508 -0.14814091
v -0.02994473 1.32563102 -0.15067020
v -0.04379763 1.32140744 -0.15347502
v 0.00759328 1.32642639 -0.13865529
v -0.33286464 1.34384251 -0.14271644
v -0.13648018 1.31678295 -0.09029119
v -0.14447391 1.32724285 -0.08880357
v -0.14925756 1.32339931 -0.09111419
v -0.19601813 1.35511374 -0.10150014
v 0.18631543 1.40475225 -0.18476114
v 0.18295158 1.40060449 -0.18185729
v 0.19655015 1.42528772 -0.18883784
v 0.19530261 1.42197514 -0.18880472
v -0.32011628 1.37744188 -0.14468837
v -0.32724363 1.38063335 -0.14920740
v -0.35467544 1.39659584 -0.19038749
v -0.34168380 1.40704751 -0.19642128
v -0.34891552 1.41284251 -0.21586294
v -0.30973029 1.40687788 -0.21887270
v -0.30378073 1.39483678 -0.22258699
v -0.31164008 1.35614431 -0.22290163
v -0.36099008 1.35359287 -0.19707744
v -0.36484081 1.42392921 -0.33927238
v -0.37016183 1.42501473 -0.35777164
v -0.37666345 1.43202353 -0.35507500
v -0.37233618 1.43000185 -0.33617851
v -0.37453347 1.42624056 -0.37609753
v -0.36863852 1.41619730 -0.35897303
v -0.37412941 1.41707563 -0.37623200
v -0.37146157 1.40783679 -0.35819691
v -0.37765193 1.40942657 -0.37493581
v -0.38347313 1.40292156 -0.37309060
v -0.37679607 1.40058970 -0.35704932
v -0.38359690 1.39531600 -0.35612315
v -0.39076969 1.39843261 -0.37211871
v -0.38338959 1.38665009 -0.33834869
v -0.39223927 1.38381648 -0.33606181
v -0.39944518 1.39050758 -0.35242525
v -0.39132077 1.39187932 -0.35487249
v -0.41823474 1.40320671 -0.36234081
v -0.41326866 1.39667463 -0.34590039
v -0.41570520 1.40473890 -0.34328780
v -0.42043042 1.41055131 -0.36026055
v -0.40738773 1.41700971 -0.32435924
v -0.41240782 1.42315388 -0.34242448
v -0.41538215 1.41398954 -0.34244940
v -0.41048208 1.40733218 -0.32408559
v -0.41809976 1.42917311 -0.35891917
v -0.40576643 1.42893636 -0.34483901
v -0.41017604 1.43433523 -0.36136296
v -0.35571742 1.41366339 -0.32351950
v -0.35981283 1.42255723 -0.32099509
v -0.35454965 1.42097664 -0.30290315
v -0.36864990 1.39786899 -0.34047589
v -0.36393517 1.40574574 -0.34124503
v -0.35625952 1.40396571 -0.32429719
v -0.36036932 1.39519405 -0.32387283
v -0.37531731 1.37171125 -0.30351818
v -0.38414443 1.37788999 -0.31979671
v -0.37467721 1.38175809 -0.32184249
v -0.37539384 1.39172351 -0.33949354
v -0.36677241 1.38794744 -0.32303807
v -0.40112042 1.38450456 -0.33270195
v -0.40761596 1.39155042 -0.34924135
v -0.38220000 1.43078518 -0.33288673
v -0.38653183 1.43382812 -0.35159144
v -0.39656514 1.43204474 -0.34834105
v -0.39202553 1.42870224 -0.32966277
v -0.39361694 1.37786710 -0.31623316
v -0.37753025 1.42810750 -0.31408393
v -0.38785362 1.42537749 -0.31056976
v -0.40113181 1.42428756 -0.32640892
v -0.39695609 1.41980028 -0.30753025
v -0.39021444 1.43710971 -0.36919758
v -0.38054430 1.43426800 -0.37327048
v -0.36771780 1.42800462 -0.31753221
v -0.40794665 1.38943255 -0.32891175
v -0.40124542 1.38269567 -0.31199536
v -0.40537176 1.39076424 -0.30818471
v -0.41099405 1.39762175 -0.32556778
v -0.39861611 1.40467155 -0.28705886
v -0.40293080 1.41079283 -0.30583254
v -0.40540200 1.40050852 -0.30604091
v -0.42089513 1.41965461 -0.35917547
v -0.39254111 1.41509533 -0.28793350
v -0.41178137 1.41124535 -0.44908783
v -0.40499529 1.41016150 -0.45642841
v -0.40122184 1.40494967 -0.44903454
v -0.40837434 1.40668249 -0.44108218
v -0.39007229 1.39337456 -0.43328145
v -0.38386804 1.39504671 -0.44387841
v -0.37583125 1.39727604 -0.43898413
v -0.38086227 1.39541650 -0.42743009
v -0.39810956 1.41147709 -0.46233946
v -0.39479300 1.40509284 -0.45584938
v -0.39183611 1.41557503 -0.46258357
v -0.40057373 1.41721535 -0.46865779
v -0.39651385 1.42372429 -0.46854967
v -0.39988229 1.42809355 -0.47507331
v -0.40192243 1.43622112 -0.47180155
v -0.39524391 1.43337178 -0.46195343
v -0.41398770 1.44359207 -0.44811928
v -0.41854593 1.44330382 -0.46176943
v -0.42742777 1.44410002 -0.45611849
v -0.42254621 1.44366407 -0.44264099
v -0.44133645 1.43825269 -0.44344556
v -0.43525136 1.43828964 -0.43142104
v -0.42904919 1.44109023 -0.43730485
v -0.43461901 1.44100404 -0.45075774
v -0.42244491 1.41372490 -0.43903273
v -0.41788337 1.41305208 -0.44253159
v -0.41539299 1.40937042 -0.43421742
v -0.42019749 1.41033125 -0.43016824
v -0.38173968 1.41731894 -0.46281970
v -0.38383299 1.41441596 -0.46406096
v -0.38949823 1.42219138 -0.46130741
v -0.38617072 1.42467690 -0.45615679
v -0.42299950 1.39833188 -0.40542588
v -0.41637164 1.39861190 -0.40702596
v -0.41069430 1.39862585 -0.39791432
v -0.41805279 1.39831650 -0.39511108
v -0.38967985 1.39620554 -0.40945768
v -0.38039818 1.40623033 -0.40672877
v -0.38293397 1.40674245 -0.39937294
v -0.39421558 1.39899933 -0.40262908
v -0.38566747 1.39500964 -0.41728076
v -0.37487185 1.40466654 -0.42495689
v -0.37789840 1.40500641 -0.41456529
v -0.37133533 1.40505719 -0.43703583
v -0.42598057 1.40119064 -0.39041141
v -0.43181348 1.40067172 -0.39705369
v -0.41978723 1.42440617 -0.51883298
v -0.41780430 1.42442930 -0.51372671
v -0.42270148 1.42324197 -0.51301533
v -0.42475450 1.42343569 -0.51821440
v -0.43618518 1.41834700 -0.39088318
v -0.43285763 1.41591597 -0.38548726
v -0.43127346 1.42471027 -0.38595033
v -0.43312079 1.42700112 -0.39221886
v -0.44132009 1.42070961 -0.39781561
v -0.43616900 1.42936110 -0.40058130
v -0.41875160 1.43667316 -0.52120280
v -0.41727698 1.43743753 -0.51549345
v -0.41504821 1.43303716 -0.51529860
v -0.41670075 1.43221259 -0.52083194
v -0.41358766 1.41415739 -0.45766079
v -0.40703112 1.41348195 -0.46434632
v -0.41430789 1.41703689 -0.47989097
v -0.40827757 1.41862381 -0.48023623
v -0.40769517 1.41606367 -0.47253212
v -0.41558659 1.41580033 -0.46796495
v -0.43065929 1.41703749 -0.45532438
v -0.42577046 1.41696370 -0.46133408
v -0.42272621 1.41618896 -0.45146421
v -0.42789355 1.41618109 -0.44572812
v -0.43678650 1.41316521 -0.44000354
v -0.44199854 1.41112363 -0.43855301
v -0.44531453 1.41257799 -0.44619805
v -0.44000739 1.41471255 -0.44895706
v -0.44181705 1.41790414 -0.46864948
v -0.44609979 1.41743183 -0.46603611
v -0.44878221 1.42089283 -0.47362888
v -0.44496143 1.42110872 -0.47637305
v -0.43019682 1.41444910 -0.38003036
v -0.42920092 1.42353904 -0.37945768
v -0.45366022 1.43031371 -0.43110049
v -0.45932889 1.43024731 -0.43889734
v -0.46397263 1.42296410 -0.43419802
v -0.45806670 1.42274284 -0.42616606
v -0.42747796 1.43367600 -0.39624199
v -0.42589158 1.43231940 -0.38915637
v -0.42356178 1.43918061 -0.52102530
v -0.42201728 1.44023585 -0.51529318
v -0.37189966 1.41515756 -0.43795300
v -0.37591809 1.41602802 -0.42494515
v -0.37893039 1.41677618 -0.41403025
v -0.38010871 1.41749537 -0.40621340
v -0.37954953 1.41813886 -0.39949515
v -0.42136979 1.41653848 -0.47123870
v -0.41841984 1.41478598 -0.45005468
v -0.42557013 1.41343057 -0.43635398
v -0.44879353 1.40549898 -0.42508203
v -0.44324556 1.40677977 -0.42942527
v -0.43895656 1.40438092 -0.42378303
v -0.44657707 1.40399361 -0.41782948
v -0.45924592 1.41448736 -0.42585182
v -0.46415496 1.41508150 -0.43392947
v -0.46080166 1.41037917 -0.43692070
v -0.45680749 1.40923429 -0.42950010
v -0.37776181 1.41988456 -0.46161592
v -0.38107926 1.42426145 -0.45187852
v -0.43672484 1.40895677 -0.39198837
v -0.43186095 1.40773594 -0.38660070
v -0.42678946 1.40717411 -0.38179412
v -0.41876000 1.40406787 -0.41829485
v -0.41586393 1.40416229 -0.42081085
v -0.40791875 1.39747095 -0.41098022
v -0.41230890 1.39872932 -0.40819424
v -0.40448421 1.39933455 -0.43272215
v -0.39717820 1.39814866 -0.44166496
v -0.39712960 1.39366174 -0.42325947
v -0.40392965 1.39865255 -0.39978579
v -0.39915064 1.40055704 -0.39269152
v -0.40672848 1.40006614 -0.39040515
v -0.41458651 1.39996457 -0.38763735
v -0.42187631 1.40217936 -0.38433203
v -0.39579016 1.40060651 -0.38439855
v -0.40358332 1.39944005 -0.38239262
v -0.41167504 1.39983773 -0.37969381
v -0.41849679 1.40212989 -0.37698725
v -0.42149487 1.43175960 -0.37174115
v -0.42397231 1.43176067 -0.38133049
v -0.42599410 1.42268193 -0.37110510
v -0.38131982 1.40946531 -0.38940439
v -0.38831574 1.40420866 -0.38660222
v -0.39102897 1.40282333 -0.39540491
v -0.37803477 1.41771317 -0.39106950
v -0.37915015 1.39720011 -0.45188791
v -0.38518909 1.40086222 -0.45581725
v -0.38162184 1.40137470 -0.46186271
v -0.37627131 1.39836299 -0.45939502
v -0.40220052 1.42114246 -0.47482300
v -0.40419412 1.42377043 -0.48132199
v -0.40313390 1.43054307 -0.48192322
v -0.43799198 1.40154040 -0.40376359
v -0.43012059 1.40002108 -0.41109061
v -0.42004672 1.41763592 -0.48048717
v -0.41543311 1.43773723 -0.50873804
v -0.41184926 1.43766689 -0.49720940
v -0.40923262 1.43206489 -0.49695837
v -0.41305342 1.43289948 -0.50878465
v -0.42556176 1.42283905 -0.48727545
v -0.42663306 1.42548847 -0.49474612
v -0.42207497 1.42172456 -0.49381164
v -0.42035690 1.42007685 -0.48663640
v -0.45115274 1.41608143 -0.46248040
v -0.45333087 1.41894412 -0.46860099
v -0.42360151 1.43949604 -0.47519010
v -0.40913481 1.44261885 -0.46640098
v -0.41354501 1.44160545 -0.47727236
v -0.43553108 1.41631258 -0.45157015
v -0.44318029 1.41575229 -0.45780590
v -0.43880415 1.41664290 -0.46035898
v -0.42453927 1.41717911 -0.47370458
v -0.42783958 1.41734338 -0.46874502
v -0.42898077 1.41865468 -0.47609922
v -0.42466146 1.41870153 -0.48012820
v -0.45371634 1.41167498 -0.41594791
v -0.45187140 1.42290366 -0.41622695
v -0.41527086 1.42825842 -0.51451355
v -0.41713440 1.42784023 -0.51982683
v -0.42589322 1.41356957 -0.37251553
v -0.42330676 1.40653419 -0.37459543
v -0.43214422 1.41505003 -0.44235831
v -0.40479684 1.44136739 -0.45393535
v -0.42891178 1.41210818 -0.43365550
v -0.45564890 1.43167126 -0.45735085
v -0.45869374 1.43279326 -0.46397084
v -0.46027386 1.42667258 -0.46358505
v -0.45897084 1.42558622 -0.45674819
v -0.42937100 1.42809987 -0.50588626
v -0.43129644 1.42946875 -0.51270080
v -0.42784500 1.42527020 -0.51272184
v -0.42540908 1.42387187 -0.50573301
v -0.41507626 1.41924143 -0.48619720
v -0.41688216 1.42042840 -0.49385223
v -0.41203916 1.42221367 -0.49455944
v -0.40968150 1.42092133 -0.48640138
v -0.40663651 1.42565274 -0.48757440
v -0.40949750 1.42679369 -0.49581376
v -0.43018335 1.43439507 -0.50657666
v -0.42755225 1.43239009 -0.49588820
v -0.42366105 1.43881118 -0.49559167
v -0.42627066 1.43973327 -0.50736898
v -0.42927834 1.43806171 -0.41948041
v -0.44193411 1.43465102 -0.42594889
v -0.43575114 1.43474042 -0.41462287
v -0.44685191 1.43756723 -0.45450130
v -0.45333463 1.43139887 -0.44791725
v -0.44806242 1.43446970 -0.43707094
v -0.44713083 1.43049133 -0.42103189
v -0.42940533 1.43117964 -0.48362887
v -0.42994198 1.43657994 -0.48189160
v -0.42332834 1.43662572 -0.48533893
v -0.43431544 1.40935111 -0.43032756
v -0.41304052 1.42802358 -0.50781441
v -0.38870031 1.43595958 -0.40591463
v -0.39064565 1.43592596 -0.41401765
v -0.40230811 1.44180989 -0.41116855
v -0.39836520 1.44099593 -0.40265885
v -0.42003658 1.42232847 -0.50601846
v -0.41542912 1.42364192 -0.50695932
v -0.45666134 1.41619146 -0.46003887
v -0.46114683 1.41879034 -0.45967323
v -0.46113360 1.42132962 -0.46445012
v -0.45764425 1.41923881 -0.46571457
v -0.44106299 1.43058527 -0.41042697
v -0.46404052 1.42983651 -0.44418743
v -0.46877617 1.42270410 -0.44061559
v -0.43075308 1.43467140 -0.40443438
v -0.41996321 1.43813658 -0.40085411
v -0.42393237 1.43822408 -0.40896085
v -0.43999705 1.43823171 -0.46513754
v -0.42355293 1.44066238 -0.42456463
v -0.41773513 1.44054139 -0.41341889
v -0.41211772 1.44078708 -0.40488794
v -0.40861458 1.44056380 -0.39767936
v -0.41722384 1.43762696 -0.39369914
v -0.42019811 1.44087684 -0.50818676
v -0.42792469 1.43955040 -0.51439279
v -0.41257781 1.43672609 -0.37494525
v -0.41489306 1.43708611 -0.38539383
v -0.40330800 1.43885958 -0.37896797
v -0.40594327 1.43999505 -0.38942927
v -0.40406728 1.44191158 -0.42295882
v -0.41130912 1.44219005 -0.41832030
v -0.40953684 1.44272220 -0.43521088
v -0.41728973 1.44287968 -0.42959660
v -0.43170470 1.44279587 -0.46868441
v -0.43417704 1.43480897 -0.52759236
v -0.43511328 1.43059146 -0.52672184
v -0.43308818 1.43000400 -0.51872897
v -0.43246749 1.43495977 -0.51975769
v -0.43139780 1.43496776 -0.51343793
v -0.42909956 1.43891525 -0.52038485
v -0.40016636 1.43953192 -0.44122317
v -0.43031362 1.42179823 -0.48289183
v -0.39280280 1.43542647 -0.42783564
v -0.38556972 1.43047822 -0.44149742
v -0.39124668 1.43407035 -0.44997486
v -0.38097525 1.42665470 -0.42573559
v -0.38255715 1.42746115 -0.41430399
v -0.38107175 1.42753434 -0.39974383
v -0.38255370 1.42752790 -0.40619558
v -0.37829342 1.42719543 -0.39097580
v -0.37717718 1.42413008 -0.43850294
v -0.42800841 1.42344892 -0.52500618
v -0.42284858 1.42386007 -0.52573490
v -0.38670743 1.43565631 -0.39863569
v -0.38392568 1.43536687 -0.38844338
v -0.39063913 1.39889812 -0.45012435
v -0.42537576 1.40845919 -0.42553699
v -0.42905056 1.40567195 -0.42289177
v -0.43482417 1.40215075 -0.41785449
v -0.44266456 1.40252364 -0.41083938
v -0.39309201 1.43988657 -0.38367859
v -0.39832655 1.39641035 -0.37055132
v -0.40633520 1.39679301 -0.36788064
v -0.40053743 1.43596411 -0.36517355
v -0.41981238 1.42685485 -0.52694839
v -0.44847003 1.42744148 -0.47652245
v -0.44721973 1.42706764 -0.47842416
v -0.37284690 1.39856350 -0.44793278
v -0.37090617 1.39998782 -0.45687291
v -0.36830693 1.41274905 -0.45901918
v -0.36912468 1.41389358 -0.44870201
v -0.36865896 1.40517282 -0.44713345
v -0.36800623 1.40555549 -0.45716572
v -0.42133668 1.40327418 -0.41695392
v -0.42502987 1.40197551 -0.41509068
v -0.44604218 1.42227983 -0.40676355
v -0.44804472 1.41140342 -0.40657535
v -0.40631455 1.43164718 -0.48840994
v -0.40952754 1.43717861 -0.48796991
v -0.40651256 1.43710673 -0.48046327
v -0.41742495 1.44075108 -0.49607962
v -0.42658162 1.42981267 -0.48835272
v -0.42938721 1.42701542 -0.48550260
v -0.41110677 1.40241754 -0.42563519
v -0.40306967 1.39550996 -0.41616967
v -0.38498026 1.40829849 -0.46314976
v -0.38905126 1.40671825 -0.45913699
v -0.43317145 1.41722691 -0.46373582
v -0.44170678 1.43880796 -0.47683480
v -0.43479371 1.44170570 -0.47856280
v -0.43526506 1.41834927 -0.47145984
v -0.41934088 1.43091226 -0.52829242
v -0.42132050 1.43534267 -0.52884167
v -0.41568771 1.44067597 -0.48624608
v -0.44857401 1.41391194 -0.45463786
v -0.44559407 1.43339622 -0.47790399
v -0.44619942 1.43498063 -0.47082600
v -0.46730319 1.41581023 -0.43975413
v -0.39593634 1.44059062 -0.39463809
v -0.43004072 1.42550719 -0.51794314
v -0.43298709 1.42568433 -0.52511412
v -0.43104729 1.43764889 -0.52782309
v -0.42600149 1.43808365 -0.52817935
v -0.44193584 1.41036856 -0.39887166
v -0.42302665 1.40988338 -0.42753690
v -0.41342112 1.39859998 -0.36489436
v -0.37398514 1.42130971 -0.44957775
v -0.37232977 1.41866279 -0.46051928
v -0.43746471 1.42047930 -0.47819436
v -0.45974720 1.42899501 -0.45069012
v -0.44973308 1.43641019 -0.47344664
v -0.45410475 1.43791807 -0.46784678
v -0.45092607 1.43744922 -0.46205759
v -0.44954720 1.43194628 -0.47688067
v -0.42801628 1.43743336 -0.53461164
v -0.43283221 1.43697405 -0.53408307
v -0.42335600 1.43474293 -0.53548861
v -0.42160481 1.43037462 -0.53428459
v -0.42205471 1.42666364 -0.53237671
v -0.43577522 1.43448353 -0.53360260
v -0.43660319 1.43064857 -0.53247356
v -0.43451661 1.42603588 -0.53031981
v -0.43748933 1.43379796 -0.53876203
v -0.43474811 1.43612564 -0.54033351
v -0.42710197 1.43246627 -0.54746872
v -0.42922640 1.43441808 -0.54835868
v -0.42839208 1.43500185 -0.54494977
v -0.42585191 1.43435717 -0.54232156
v -0.42933142 1.43154061 -0.55174470
v -0.43106863 1.43400168 -0.55252516
v -0.43252295 1.43609023 -0.54777157
v -0.43085918 1.43624187 -0.54372239
v -0.43451008 1.43588674 -0.55220413
v -0.43789923 1.43541312 -0.55090034
v -0.43584073 1.43540597 -0.54665852
v -0.43380266 1.43587804 -0.54344535
v -0.42973381 1.43681133 -0.54028803
v -0.43239027 1.43138158 -0.55520570
v -0.43696806 1.43236291 -0.55626333
v -0.43619531 1.43517113 -0.55581152
v -0.43275601 1.43371749 -0.55525231
v -0.42381835 1.43006337 -0.53992921
v -0.42654592 1.42924452 -0.54591686
v -0.42937684 1.42852747 -0.55068725
v -0.43292487 1.42858005 -0.55400825
v -0.42770046 1.42611229 -0.54477322
v -0.43093559 1.42619967 -0.54965389
v -0.43400252 1.42659175 -0.55228877
v -0.43052867 1.42406988 -0.54382819
v -0.43340638 1.42498815 -0.54885042
v -0.42426196 1.42644405 -0.53771901
v -0.42697388 1.42396700 -0.53618860
v -0.43500528 1.42585897 -0.55093098
v -0.43747109 1.42979467 -0.55486071
v -0.43815303 1.43461704 -0.54509878
v -0.44007450 1.43391263 -0.54973114
v -0.43968514 1.43279445 -0.54404283
v -0.44113231 1.43202436 -0.54891348
v -0.43907079 1.43534231 -0.55408597
v -0.44041258 1.43341291 -0.55375624
v -0.42479312 1.42394423 -0.53075898
v -0.43000942 1.42383993 -0.52990848
v -0.43172330 1.42383790 -0.53513128
v -0.43506211 1.42380023 -0.54275948
v -0.43605050 1.42618859 -0.53559244
v -0.43827438 1.43033266 -0.53767484
v -0.44006771 1.43005002 -0.54331148
v -0.43875432 1.42644453 -0.54246503
v -0.44103685 1.42945099 -0.54807001
v -0.43972987 1.42690754 -0.54760909
v -0.43685213 1.42517161 -0.54807842
v -0.44040412 1.42878222 -0.55126530
v -0.44082895 1.43106842 -0.55259550
v -0.43756640 1.42777419 -0.55275834
v -0.43745619 1.42639637 -0.55077159
v -0.43948740 1.42727637 -0.55015957
v -0.45003933 1.42619967 -0.51591873
v -0.44644690 1.42643762 -0.50944698
v -0.45087525 1.42579174 -0.50773948
v -0.45476848 1.42584574 -0.51433212
v -0.44614166 1.43803680 -0.51707435
v -0.44331327 1.43895006 -0.51089239
v -0.44227242 1.43370950 -0.51131672
v -0.44544500 1.43264115 -0.51742983
v -0.45118335 1.44079709 -0.51492536
v -0.44838718 1.44187617 -0.50875586
v -0.43971479 1.43932402 -0.50361770
v -0.43437099 1.43785763 -0.49117610
v -0.43386853 1.43202472 -0.49152204
v -0.43891472 1.43375921 -0.50405514
v -0.44976449 1.42810869 -0.48574635
v -0.44632447 1.42436910 -0.48542425
v -0.44380587 1.42932034 -0.51056814
v -0.44702834 1.42848825 -0.51698714
v -0.45502061 1.42992091 -0.49819440
v -0.45877546 1.43077803 -0.50594801
v -0.45551100 1.42729139 -0.50651181
v -0.45171815 1.42622328 -0.49872980
v -0.44080347 1.42311835 -0.48682848
v -0.43569806 1.42369103 -0.48943785
v -0.43394268 1.42734623 -0.49112386
v -0.45543718 1.43536186 -0.49852315
v -0.44986627 1.43441570 -0.48650780
v -0.44595969 1.43991756 -0.48717633
v -0.45179117 1.44034970 -0.49968371
v -0.43985760 1.42897916 -0.50334448
v -0.44668230 1.42487264 -0.49997494
v -0.44223160 1.42562234 -0.50198394
v -0.44505388 1.44219470 -0.50139052
v -0.45504016 1.43996465 -0.50702649
v -0.46465182 1.43563676 -0.52162474
v -0.46595708 1.43159938 -0.52153492
v -0.46222657 1.43103433 -0.51254922
v -0.46145880 1.43555903 -0.51291591
v -0.45860249 1.43546879 -0.50630343
v -0.45746112 1.43943775 -0.51343101
v -0.46006736 1.42595673 -0.52369970
v -0.45505309 1.42589116 -0.52502775
v -0.45185497 1.42780066 -0.52609146
v -0.43925384 1.44223118 -0.48894286
v -0.45027375 1.43157113 -0.52622378
v -0.45057538 1.43680298 -0.52561879
v -0.45939240 1.42739940 -0.51309609
v -0.46408904 1.42772317 -0.52213794
v -0.46092585 1.43877101 -0.52194524
v -0.45511439 1.43990779 -0.52322936
v -0.45887780 1.43902493 -0.53044051
v -0.46408367 1.43803060 -0.52895433
v -0.45434570 1.43635392 -0.53280127
v -0.45363384 1.43145013 -0.53263617
v -0.45495626 1.42804623 -0.53176796
v -0.46716905 1.43569243 -0.52850509
v -0.46825540 1.43218696 -0.52802753
v -0.46653202 1.42827153 -0.52784938
v -0.46999031 1.43554449 -0.53487086
v -0.46770459 1.43769288 -0.53639615
v -0.46428460 1.43425071 -0.55007207
v -0.46570885 1.43695951 -0.55004144
v -0.46332467 1.43684566 -0.54555798
v -0.46107653 1.43482947 -0.54537040
v -0.46199486 1.43733656 -0.54222208
v -0.45865881 1.43635035 -0.54004914
v -0.46708143 1.43880570 -0.54386455
v -0.46452492 1.43815994 -0.54068363
v -0.46924514 1.43922901 -0.54939216
v -0.47238541 1.43839061 -0.54762357
v -0.46930119 1.43770719 -0.54280263
v -0.46732116 1.43770671 -0.53973639
v -0.46799403 1.43480074 -0.55379438
v -0.46784240 1.43721414 -0.55336630
v -0.46244913 1.43860161 -0.53690356
v -0.45685202 1.43175602 -0.53815812
v -0.46043065 1.43143153 -0.54439521
v -0.46447980 1.43143106 -0.54966635
v -0.46855545 1.43204641 -0.55301881
v -0.46153992 1.42812026 -0.54324609
v -0.46559387 1.42893338 -0.54860598
v -0.46931678 1.43005526 -0.55113506
v -0.46464619 1.42610776 -0.54176921
v -0.46822548 1.42758381 -0.54716462
v -0.45778510 1.42815959 -0.53650069
v -0.46058685 1.42618036 -0.53479022
v -0.47013855 1.42909122 -0.54950190
v -0.47273284 1.43366456 -0.55334443
v -0.47244525 1.43646896 -0.55458081
v -0.47143954 1.43953514 -0.55397403
v -0.47102052 1.43652344 -0.54166722
v -0.47369117 1.43651760 -0.54698634
v -0.47287837 1.43531680 -0.54090810
v -0.47495592 1.43515885 -0.54640132
v -0.47416136 1.43885493 -0.55138785
v -0.47498456 1.43697119 -0.55146247
v -0.45810080 1.42624724 -0.53043264
v -0.46249944 1.42630935 -0.52893966
v -0.46490312 1.42614865 -0.53326958
v -0.46903896 1.42638135 -0.54014719
v -0.46892914 1.42838657 -0.53243065
v -0.47080863 1.43244672 -0.53359264
v -0.47344479 1.43276286 -0.53987497
v -0.47239435 1.42918503 -0.53923422
v -0.47505838 1.43300009 -0.54547381
v -0.47419709 1.43026662 -0.54484099
v -0.47166303 1.42796266 -0.54564387
v -0.47506726 1.43268156 -0.54922420
v -0.47541559 1.43475044 -0.55069816
v -0.47290894 1.43142295 -0.55139405
v -0.47254348 1.42969978 -0.54893273
v -0.47433323 1.43090487 -0.54781663
v -0.46711233 1.42541397 -0.49877858
v -0.46378484 1.42571402 -0.49378690
v -0.46723437 1.42359602 -0.49115288
v -0.47064453 1.42319703 -0.49612689
v -0.46702549 1.43652260 -0.49891379
v -0.46289256 1.43743134 -0.49337023
v -0.46168467 1.43364453 -0.49513862
v -0.46553785 1.43326688 -0.50015110
v -0.47093874 1.43780446 -0.49643883
v -0.46718907 1.43868911 -0.49018392
v -0.45896047 1.43760133 -0.48765990
v -0.45389289 1.43698931 -0.47930166
v -0.45299655 1.43204939 -0.48148507
v -0.45783663 1.43325448 -0.48990303
v -0.46206814 1.42950451 -0.49522939
v -0.46555981 1.42940295 -0.50016135
v -0.47011435 1.42490888 -0.48104173
v -0.47385877 1.42600358 -0.48713854
v -0.47104773 1.42383313 -0.48872802
v -0.46708950 1.42288160 -0.48271450
v -0.45715857 1.42121112 -0.47518489
v -0.45398229 1.42321968 -0.47865289
v -0.45312393 1.42711198 -0.48087460
v -0.47127610 1.42983794 -0.48035714
v -0.46500105 1.42829621 -0.47085020
v -0.46336561 1.43450570 -0.47166577
v -0.46872729 1.43568182 -0.48102361
v -0.45845008 1.42864907 -0.49005601
v -0.46338516 1.42245746 -0.48536113
v -0.46005327 1.42470407 -0.48835856
v -0.46336752 1.43872488 -0.48384416
v -0.47214371 1.43573332 -0.48742267
v -0.48270625 1.43176770 -0.50147802
v -0.48290104 1.42762768 -0.50131935
v -0.47773510 1.42633975 -0.49244937
v -0.47802448 1.43099749 -0.49240971
v -0.47472346 1.43042397 -0.48646802
v -0.47549707 1.43555498 -0.49391535
v -0.47596908 1.42342806 -0.50391042
v -0.47214603 1.42494607 -0.50617832
v -0.47067451 1.42873526 -0.50747240
v -0.45830226 1.43851709 -0.47516087
v -0.46388566 1.42313135 -0.47120523
v -0.47069600 1.43211055 -0.50776064
v -0.47211277 1.43528914 -0.50707352
v -0.47475746 1.42375398 -0.49370238
v -0.48018664 1.42440939 -0.50180221
v -0.48007196 1.43542933 -0.50266725
v -0.47571039 1.43718648 -0.50470221
v -0.47915608 1.43674505 -0.51068348
v -0.48348767 1.43553305 -0.50845295
v -0.47556967 1.43494940 -0.51319534
v -0.47429395 1.43154657 -0.51335460
v -0.47409722 1.42834187 -0.51251733
v -0.48576999 1.43198657 -0.50740552
v -0.48576158 1.42843521 -0.50720239
v -0.48301107 1.42512536 -0.50686675
v -0.48843783 1.43187284 -0.51166886
v -0.48645347 1.43492401 -0.51385576
v -0.48411942 1.43281937 -0.52793062
v -0.48562217 1.43438625 -0.52747220
v -0.48323262 1.43414938 -0.52351004
v -0.48132700 1.43313789 -0.52400970
v -0.48168159 1.43488550 -0.52047753
v -0.47900599 1.43460703 -0.51874071
v -0.48603886 1.43596148 -0.52197880
v -0.48374772 1.43586814 -0.51850325
v -0.48871070 1.43602037 -0.52589482
v -0.49150720 1.43473351 -0.52330202
v -0.48870319 1.43454599 -0.51951057
v -0.48638386 1.43526578 -0.51701283
v -0.48749739 1.43307769 -0.53069806
v -0.48781377 1.43473184 -0.52995807
v -0.48190331 1.43608975 -0.51538801
v -0.47709185 1.43135262 -0.51792699
v -0.48027664 1.43058515 -0.52337623
v -0.48352474 1.43029952 -0.52761847
v -0.48720592 1.43031073 -0.52994221
v -0.48046893 1.42764759 -0.52212137
v -0.48398411 1.42777205 -0.52639848
v -0.48715866 1.42805493 -0.52827096
v -0.48174053 1.42512989 -0.52045220
v -0.48523122 1.42587996 -0.52492028
v -0.47702879 1.42808795 -0.51667243
v -0.47813320 1.42534721 -0.51463574
v -0.48737496 1.42681599 -0.52667207
v -0.49165770 1.43069148 -0.52919829
v -0.49181488 1.43376923 -0.53013730
v -0.49107403 1.43618858 -0.52931362
v -0.49032956 1.43346596 -0.51774061
v -0.49281564 1.43311381 -0.52207917
v -0.49101746 1.43116009 -0.51645255
v -0.49323037 1.43103087 -0.52132201
v -0.49294594 1.43518019 -0.52638561
v -0.49382266 1.43357849 -0.52618021
v -0.47534591 1.42539692 -0.51076663
v -0.47874838 1.42410970 -0.50844592
v -0.48112458 1.42425907 -0.51239687
v -0.48502529 1.42428839 -0.51837426
v -0.48514992 1.42543435 -0.51071149
v -0.48776466 1.42851853 -0.51101315
v -0.49046713 1.42836130 -0.51593113
v -0.48835331 1.42565942 -0.51630670
v -0.49259260 1.42854989 -0.52097607
v -0.49087340 1.42632806 -0.52128911
v -0.48802596 1.42525446 -0.52301127
v -0.49285784 1.42874920 -0.52458191
v -0.49376097 1.43117690 -0.52535731
v -0.49063522 1.42833757 -0.52744263
v -0.48962563 1.42670965 -0.52564210
v -0.49155787 1.42707300 -0.52401036
v -0.46060282 1.42146599 -0.47256756
v -0.48050165 1.41994739 -0.47091275
v -0.47687846 1.42008805 -0.46768507
v -0.47908181 1.41832399 -0.46508998
v -0.48267448 1.41813755 -0.46821725
v -0.48269284 1.42998517 -0.47014254
v -0.47859228 1.43059492 -0.46639737
v -0.47639385 1.42751813 -0.46874020
v -0.48049814 1.42714846 -0.47240466
v -0.48611820 1.42999566 -0.46644863
v -0.48221880 1.43059635 -0.46239412
v -0.47375306 1.43022776 -0.46203873
v -0.46578372 1.42970753 -0.45518610
v -0.46488023 1.42583370 -0.45846379
v -0.47166878 1.42698503 -0.46451393
v -0.46957666 1.41655421 -0.44406322
v -0.47367769 1.41732287 -0.44913021
v -0.47133261 1.41577792 -0.45219097
v -0.46670356 1.41398549 -0.44682887
v -0.47583380 1.42353380 -0.46911275
v -0.47986120 1.42335260 -0.47248018
v -0.48010617 1.41868007 -0.45588526
v -0.48430699 1.41944122 -0.45975307
v -0.48176545 1.41808510 -0.46236062
v -0.47776872 1.41715097 -0.45878500
v -0.46392864 1.41366494 -0.45082530
v -0.46887225 1.41593897 -0.45538092
v -0.46651340 1.41782904 -0.45790425
v -0.46161497 1.41499269 -0.45522082
v -0.46551967 1.42099810 -0.45923427
v -0.48131818 1.42215085 -0.45411637
v -0.47461474 1.42074096 -0.44715402
v -0.47376627 1.42569458 -0.44648525
v -0.48073459 1.42684937 -0.45453861
v -0.47162685 1.42287898 -0.46520951
v -0.47519076 1.41748703 -0.46148214
v -0.47287866 1.41940308 -0.46400672
v -0.47718799 1.43043494 -0.45788318
v -0.48514378 1.42722201 -0.45923439
v -0.49452063 1.42254472 -0.46679848
v -0.49323764 1.41966546 -0.46752051
v -0.48821324 1.41948247 -0.46303076
v -0.48973268 1.42283475 -0.46185812
v -0.48582190 1.42286420 -0.45832559
v -0.48911160 1.42699885 -0.46307033
v -0.48747694 1.41800499 -0.47246557
v -0.48549217 1.41970861 -0.47540542
v -0.48481303 1.42289984 -0.47688580
v -0.46933907 1.43050170 -0.45008850
v -0.48552483 1.42629611 -0.47717074
v -0.48761350 1.42891836 -0.47531202
v -0.48548663 1.41797137 -0.46547630
v -0.49043787 1.41808534 -0.46970728
v -0.49388638 1.42629087 -0.46811554
v -0.49083143 1.42907751 -0.47148377
v -0.49463943 1.42878973 -0.47559363
v -0.49765471 1.42613411 -0.47235653
v -0.49130327 1.42832208 -0.47919759
v -0.48920327 1.42587471 -0.48037791
v -0.48836946 1.42256773 -0.47985968
v -0.49795488 1.42227221 -0.47074240
v -0.49644819 1.41990221 -0.47129211
v -0.49375847 1.41857243 -0.47305498
v -0.50116074 1.42236960 -0.47458339
v -0.50115639 1.42592144 -0.47681651
v -0.49963191 1.42552257 -0.48992768
v -0.50080001 1.42684722 -0.48882946
v -0.49886414 1.42684770 -0.48644340
v -0.49683490 1.42607892 -0.48704350
v -0.49724224 1.42755008 -0.48354465
v -0.49473754 1.42743850 -0.48289707
v -0.50113153 1.42780375 -0.48384061
v -0.49903098 1.42779577 -0.48115724
v -0.50380421 1.42781341 -0.48675346
v -0.50631356 1.42558599 -0.48417008
v -0.50394970 1.42603564 -0.48128122
v -0.50157857 1.42679369 -0.47947508
v -0.50293541 1.42533302 -0.49167636
v -0.50304317 1.42687261 -0.49063846
v -0.49732372 1.42820442 -0.47895473
v -0.49227354 1.42535079 -0.48356056
v -0.49552378 1.42441249 -0.48735461
v -0.49921986 1.42357743 -0.49085191
v -0.50309360 1.42295003 -0.49184823
v -0.49498710 1.42211604 -0.48643118
v -0.49895927 1.42141724 -0.48964354
v -0.50247884 1.42092693 -0.49068531
v -0.49501362 1.41997981 -0.48443106
v -0.49891809 1.41979504 -0.48776218
v -0.49122351 1.42273676 -0.48249075
v -0.49125177 1.42035294 -0.48050833
v -0.50148100 1.42002892 -0.48914370
v -0.50595325 1.42258096 -0.49006200
v -0.50654972 1.42496407 -0.49020272
v -0.50612360 1.42739761 -0.48920923
v -0.50483197 1.42431116 -0.47971040
v -0.50724959 1.42360735 -0.48334900
v -0.50418693 1.42188013 -0.47854164
v -0.50672841 1.42144871 -0.48327553
v -0.50766617 1.42585957 -0.48670369
v -0.50799489 1.42399299 -0.48693481
v -0.48887330 1.41987109 -0.47809726
v -0.49064761 1.41845727 -0.47561470
v -0.49312523 1.41860056 -0.47794926
v -0.49660364 1.41848803 -0.48194402
v -0.49623629 1.41869557 -0.47561949
v -0.49918321 1.41996193 -0.47445396
v -0.50243568 1.41977072 -0.47865334
v -0.49967358 1.41839552 -0.47973749
v -0.50497866 1.41971540 -0.48339346
v -0.50270629 1.41871071 -0.48423046
v -0.50028396 1.41871178 -0.48588777
v -0.50563991 1.42029703 -0.48702869
v -0.50723654 1.42183983 -0.48709053
v -0.50459749 1.42078698 -0.48928115
v -0.50288504 1.41964698 -0.48813882
v -0.50402516 1.41947269 -0.48675588
v -0.47094753 1.41968870 -0.44313070
v -0.37581110 1.41825306 -0.47254851
v -0.37971613 1.41581154 -0.47303632
v -0.38193059 1.40597785 -0.47206265
v -0.37885714 1.40071201 -0.47058618
v -0.37340114 1.39858997 -0.46896508
v -0.36893269 1.40112281 -0.46842644
v -0.36668926 1.40593600 -0.46919122
v -0.38207221 1.41183472 -0.47312525
v -0.37067464 1.41778147 -0.47144052
v -0.36693984 1.41232920 -0.47014669
v -0.36530751 1.41202664 -0.48037910
v -0.36909580 1.41756320 -0.48097423
v -0.36461610 1.40531123 -0.47907254
v -0.36709273 1.40017486 -0.47748938
v -0.37186348 1.39791095 -0.47636685
v -0.37442058 1.41829646 -0.48109123
v -0.37881613 1.41571808 -0.48059484
v -0.38110122 1.41070724 -0.47956029
v -0.37304312 1.41826284 -0.48955923
v -0.36756736 1.41748953 -0.49276587
v -0.36212963 1.40345263 -0.50074041
v -0.36045122 1.40722895 -0.50120628
v -0.36131036 1.40703344 -0.49686924
v -0.36261135 1.40311182 -0.49554268
v -0.36252272 1.40791988 -0.49403438
v -0.36337847 1.40528107 -0.49002615
v -0.36153820 1.41267836 -0.49824932
v -0.36322865 1.41235709 -0.49527231
v -0.36456490 1.41704559 -0.49961552
v -0.36454210 1.41618502 -0.49635375
v -0.36000854 1.41293478 -0.50249791
v -0.35998926 1.40793848 -0.50491714
v -0.36018777 1.41223359 -0.50642455
v -0.36179075 1.40558016 -0.50573260
v -0.36414382 1.41207540 -0.49071872
v -0.36607313 1.39999449 -0.48604783
v -0.36521804 1.39971519 -0.49399272
v -0.36482006 1.40077448 -0.50074822
v -0.36525935 1.40388834 -0.50593936
v -0.36988640 1.39814925 -0.49311903
v -0.36903882 1.40050387 -0.50057679
v -0.36878878 1.40382481 -0.50487369
v -0.37448096 1.40014875 -0.49303165
v -0.37234166 1.40255463 -0.50018346
v -0.37093720 1.39750779 -0.48366854
v -0.37632436 1.39924598 -0.48274937
v -0.37107944 1.40452337 -0.50373966
v -0.36650980 1.40899730 -0.50865263
v -0.36271477 1.41049492 -0.50909686
v -0.36801541 1.41832423 -0.49921250
v -0.36314976 1.41702616 -0.50345653
v -0.36695099 1.41768646 -0.50407386
v -0.37200475 1.41786361 -0.49763265
v -0.37052876 1.41646242 -0.50380772
v -0.36210573 1.41594589 -0.50665724
v -0.36508217 1.41546094 -0.50788039
v -0.37736002 1.39975595 -0.47647023
v -0.38064262 1.40465689 -0.47787151
v -0.37955338 1.40445948 -0.48379964
v -0.37750232 1.40522289 -0.49334145
v -0.38008010 1.41075945 -0.48601863
v -0.37748706 1.41607058 -0.48789486
v -0.37534761 1.41541409 -0.49645734
v -0.37794936 1.41098928 -0.49496511
v -0.37308660 1.41393375 -0.50277579
v -0.37438333 1.41056263 -0.50136685
v -0.37426472 1.40629208 -0.50067824
v -0.37098634 1.41155279 -0.50596124
v -0.36849073 1.41362441 -0.50765544
v -0.36948037 1.40790057 -0.50667059
v -0.37174380 1.40723169 -0.50439823
v -0.37238020 1.40993309 -0.50431639
v -0.46392646 1.41161621 -0.44254088
v -0.45988405 1.41118491 -0.44675657
v -0.45630068 1.40984654 -0.44046319
v -0.45253485 1.40755594 -0.43284774
v -0.45337677 1.40741789 -0.42295444
v -0.44732183 1.40898442 -0.43629014
v -0.45141417 1.41078043 -0.44384640
v -0.45568076 1.41284668 -0.45231244
v -0.43968982 1.40915108 -0.43293133
v 0.17739129 1.49198937 -0.19746950
v 0.17355901 1.49260068 -0.19773972
v 0.16914524 1.48845828 -0.19517197
v 0.17189659 1.48702180 -0.19518685
v 0.17525040 1.48577833 -0.19471453
v 0.17886688 1.48466265 -0.19359215
v 0.18655907 1.48941827 -0.19338857
v 0.18224613 1.49120188 -0.19653876
v 0.19082260 1.48272300 -0.18467624
v 0.18989147 1.48439097 -0.18606229
v 0.18997581 1.48202097 -0.18510415
v 0.18551424 1.48289907 -0.18929097
v 0.18820438 1.48255682 -0.18657281
v 0.16789034 1.49235582 -0.19635779
v 0.16630533 1.49192238 -0.19560002
v 0.17049731 1.49263215 -0.19705252
v 0.18247941 1.48372269 -0.19171692
v 0.16603264 1.49105012 -0.19504432
v 0.16705881 1.48988724 -0.19491538
v 0.18894038 1.48700404 -0.18946946
v 0.17578983 1.48782957 -0.19549139
v 0.17958586 1.48663807 -0.19441973
v 0.18487537 1.48763800 -0.19312634
v 0.18073133 1.48898923 -0.19560109
v 0.18603452 1.48459017 -0.19021338
v 0.18760853 1.48406637 -0.18818715
v 0.17249696 1.48870492 -0.19588421
v 0.18330124 1.48562980 -0.19241999
v 0.17636533 1.49001908 -0.19686522
v 0.18835945 1.48463845 -0.18795861
v 0.18746778 1.48603082 -0.19034527
v 0.16711961 1.49134028 -0.19528182
v 0.16697550 1.49090946 -0.19519521
v 0.09977163 1.27611470 -0.12123631
v 0.09821857 1.25847197 -0.12584293
v 0.17287278 1.49053049 -0.19666725
v 0.16806617 1.49025047 -0.19529323
v 0.16996026 1.48949492 -0.19554801
v 0.17028312 1.49091375 -0.19618727
v 0.16825546 1.49116981 -0.19576930
v -0.15772416 1.35384309 -0.17025442
v -0.16070990 1.33875346 -0.16937187
v -0.16933368 1.38832164 -0.13986087
v -0.17178014 1.38611114 -0.12091212
v 0.03702102 1.00046504 -0.14553295
v -0.08616576 1.08574963 -0.03313442
v -0.08606075 1.10732198 -0.03189835
v -0.04351919 1.10389102 0.02425542
v -0.05832615 1.10144556 0.01266752
v -0.06299585 1.06811011 -0.12385258
v -0.06335300 1.04817331 -0.12483516
v -0.00987344 1.04730844 -0.14496316
v -0.00734697 1.02658975 -0.14288339
v -0.04409071 1.02060032 -0.13655360
v -0.07726889 1.05002701 -0.00345806
v -0.07256404 1.07323265 -0.00278428
v -0.08202366 1.06892586 -0.01818734
v -0.08725753 1.04723823 -0.01931559
v -0.02846106 1.08032370 0.03021815
v -0.02592054 1.10415268 0.03159686
v -0.07606464 1.09678972 -0.11053695
v -0.08585597 1.10448885 -0.09176107
v -0.08993042 1.11948121 -0.05162332
v -0.08557162 1.12793887 -0.03283703
v -0.06671803 1.14481449 -0.00068085
v -0.07776719 1.13689673 -0.01628876
v 0.00793429 1.06327033 -0.14990875
v 0.02696156 1.07925165 -0.15032224
v -0.06192872 1.08929420 -0.12546928
v 0.06856063 1.05229151 -0.13826102
v -0.03312472 1.17772937 0.02897380
v -0.05074957 1.17633116 0.01556880
v -0.08999550 1.11196589 -0.07170843
v 0.08392654 1.21706355 -0.14948523
v 0.08349923 1.19941843 -0.15566622
v 0.07009238 1.20728230 -0.16325553
v 0.06975986 1.22472382 -0.15623362
v 0.05607869 1.21367300 -0.16937812
v 0.04183906 1.21937299 -0.17359076
v 0.02796065 1.22410965 -0.17581637
v -0.00789178 1.23265600 -0.17369744
v 0.00301665 1.23078322 -0.17583789
v -0.02752521 1.23323405 -0.16562378
v -0.01794090 1.23393583 -0.17025347
v -0.03731114 1.22684729 -0.15969495
v -0.04719234 1.21830392 -0.15117937
v -0.05645692 1.20993757 -0.14031066
v -0.05662194 1.22595143 -0.13524778
v -0.04597093 1.20139420 -0.15622856
v -0.03638994 1.21048391 -0.16484006
v -0.02619621 1.21555030 -0.17177583
v 0.09061054 1.15219653 -0.15502401
v 0.08242530 1.12990248 -0.15118933
v 0.10211539 1.29281735 -0.11775608
v -0.37082702 1.36268532 -0.21464218
v -0.36186653 1.41509748 -0.34138206
v 0.03609067 1.35378194 0.00024224
v 0.04925745 1.34659123 0.00602618
v 0.05805065 1.33184600 0.01528320
v 0.06260694 1.34129310 0.01080858
v -0.00161932 1.39198387 -0.05349425
v -0.00172362 1.38020909 -0.03211718
v 0.00529160 1.36691952 -0.01509919
v 0.01695696 1.35512137 -0.00272104
v -0.04264160 1.10169721 -0.13852608
v 0.01915249 1.32475877 0.01308595
v 0.01109766 1.34603631 0.00160408
v -0.00246100 1.35861194 -0.01089415
v -0.01155242 1.37307537 -0.02815342
v -0.01470070 1.38865960 -0.05208170
v -0.02351354 1.39044070 -0.06402965
v -0.04578507 1.37957573 -0.06715214
v -0.05280130 1.38037944 -0.07563494
v -0.04710564 1.39284134 -0.08867593
v -0.05647725 1.39499581 -0.09515496
v -0.06152453 1.38344944 -0.08205979
v -0.14325075 1.38559198 -0.10606030
v -0.15835778 1.38090789 -0.10652609
v -0.16871293 1.37320876 -0.10313216
v -0.17508623 1.36331022 -0.09954333
v -0.17619400 1.35285735 -0.09656690
v -0.17130497 1.34118748 -0.09396304
v -0.16142587 1.33132088 -0.09199269
v -0.12446836 1.31029463 -0.09000699
v -0.11284181 1.30227327 -0.08768116
v -0.09246797 1.26517320 -0.07073293
v -0.08980253 1.25709963 -0.06440664
v -0.08431776 1.21226978 -0.03655998
v -0.08555990 1.22757792 -0.04567057
v -0.08231709 1.19526696 -0.02794848
v -0.11305542 0.94078636 -0.00833411
v -0.10396243 0.96077180 -0.00803129
v -0.11283205 0.96260041 -0.02658100
v -0.12164799 0.94311821 -0.02737132
v -0.04221940 1.00198579 0.03096972
v -0.06017623 1.00278389 0.02050279
v -0.09839101 0.95707369 -0.11335641
v -0.11107355 0.96070278 -0.09237440
v -0.11717636 0.96279192 -0.06982480
v -0.11722032 0.96336997 -0.04761259
v -0.08197947 0.95354474 -0.12801884
v 0.02502792 0.91641062 -0.14622031
v 0.00430673 0.92437172 -0.14779019
v 0.07857280 0.90101868 -0.12504663
v 0.06292852 0.90448517 -0.13399383
v -0.06273402 0.94731408 -0.13862690
v 0.04508054 0.90949714 -0.14151220
v -0.01782072 0.93220669 -0.14705919
v -0.04118080 0.94000208 -0.14448354
v -0.09533083 0.98056364 -0.00667439
v -0.08315651 0.98049319 0.00858998
v -0.07520699 1.00302458 0.00821031
v -0.01314180 1.24316692 0.03612143
v -0.02943913 1.24947667 0.02575961
v -0.04403259 1.25743628 0.01432982
v -0.04833242 1.28200436 0.00305938
v -0.05749468 1.29172802 -0.01074342
v -0.06382292 1.27561188 -0.01264126
v -0.05520379 1.26628721 0.00101326
v -0.06950440 1.30774176 -0.03808213
v -0.07540076 1.31423020 -0.04841411
v -0.07858217 1.30115604 -0.05062231
v -0.07395520 1.29434347 -0.04040532
v -0.08528085 1.30799174 -0.05872526
v -0.09141688 1.31322718 -0.06624433
v -0.09828628 1.31908214 -0.07329439
v -0.10848936 1.32594764 -0.07826956
v -0.10157222 1.34590685 -0.07418367
v -0.09144008 1.34093332 -0.06924348
v -0.06545208 1.32222927 -0.03759608
v -0.05848715 1.31554151 -0.02531591
v -0.00064648 1.27214134 0.02870231
v 0.01502445 1.26400280 0.03435097
v -0.06593996 1.20846820 -0.12604022
v -0.07594059 1.20919871 -0.11138795
v -0.08255481 1.21225202 -0.09728439
v -0.08661306 1.21683407 -0.08457899
v -0.08927989 1.22304952 -0.07314244
v -0.08934569 1.23028278 -0.06198005
v -0.08722831 1.23869610 -0.05184874
v -0.08858480 1.24845386 -0.05794121
v -0.08440309 1.24824274 -0.04301817
v -0.08585616 1.25764000 -0.05131055
v -0.08038245 1.25955534 -0.03576510
v -0.07532725 1.27204716 -0.03027291
v -0.06890371 1.28560638 -0.02641867
v -0.06374525 1.29988229 -0.02471656
v -0.04216862 1.29777002 0.00177288
v -0.05158728 1.30737197 -0.01110349
v -0.02478189 1.30516016 0.00959153
v -0.01927136 1.32007766 0.00468537
v -0.03696141 1.27328134 0.01557014
v -0.03065098 1.28884220 0.01401753
v 0.02725648 1.39458990 -0.04536015
v 0.03499536 1.38543344 -0.02930452
v -0.14945807 1.34135747 -0.08883516
v -0.15928623 1.34217429 -0.09139498
v -0.15348937 1.33399308 -0.09009939
v -0.14794445 1.33526170 -0.08849300
v -0.16164811 1.35068500 -0.09285358
v -0.14807884 1.35653210 -0.08981547
v -0.16019823 1.35979819 -0.09413578
v -0.14976405 1.34880996 -0.08920665
v -0.15545049 1.36844182 -0.09613097
v -0.14457272 1.36407697 -0.09104612
v -0.14801724 1.37539649 -0.09742235
v -0.13953339 1.37073708 -0.09208296
v -0.13544318 1.37518394 -0.09325707
v -0.13856578 1.37977815 -0.09775782
v -0.10502122 1.37009382 -0.08133142
v -0.11646069 1.37282109 -0.08584924
v -0.12765031 1.37431192 -0.09024054
v -0.11915583 1.33177328 -0.08139034
v -0.12945393 1.33917141 -0.08363426
v -0.13943897 1.34493852 -0.08618595
v -0.13738970 1.35231555 -0.08623485
v -0.12705772 1.34687829 -0.08299452
v -0.11645267 1.34030771 -0.07964279
v -0.00687106 1.25785613 0.03361939
v -0.02220113 1.26543212 0.02636800
v -0.08159821 1.31964731 -0.05651515
v -0.08732858 1.32430291 -0.06374394
v -0.09456585 1.32872653 -0.07067206
v -0.10508249 1.33430886 -0.07595739
v -0.08371384 1.33587945 -0.06307099
v -0.07708173 1.33191252 -0.05586453
v -0.07127992 1.32708335 -0.04769060
v -0.01642223 1.28075290 0.02264407
v 0.00846790 1.25066686 0.03998409
v -0.03911590 1.34923196 -0.15197240
v -0.03876515 1.37553501 -0.14789645
v -0.04404039 1.39472091 -0.13436764
v -0.05118002 1.40061462 -0.11482556
v 0.07678220 1.37172687 -0.00586656
v -0.30484176 1.32399869 -0.16772759
v 0.00789509 1.19584763 0.05157157
v 0.01303214 1.21591997 0.05314154
v -0.00517280 1.12606573 0.04009115
v -0.00312764 1.14825463 0.04695233
v -0.05392729 1.03003573 0.02090577
v -0.03580815 1.03178179 0.03018244
v -0.03125967 1.05735636 0.02954639
v -0.03048894 0.97811091 0.04791457
v -0.02131073 1.00187755 0.03975124
v -0.01264837 1.05751681 0.03467904
v -0.01053526 1.08092499 0.03549591
v -0.01539759 1.17539513 0.04022175
v 0.00173605 1.23775506 0.04518864
v 0.02362272 1.24627113 0.04700137
v 0.02944314 1.25930011 0.04083576
v 0.03462613 1.27407193 0.03650235
v 0.01737442 1.19259667 -0.19021933
v 0.01648748 1.21015334 -0.18409738
v 0.02912473 1.20664680 -0.18337581
v 0.02968090 1.18924606 -0.18967935
v -0.00465629 1.19882417 -0.18606214
v -0.00594887 1.21558678 -0.18040290
v 0.00472607 1.21319377 -0.18288328
v 0.00613140 1.19587469 -0.18904085
v -0.01619846 1.21659350 -0.17664587
v -0.01482670 1.20035744 -0.18182902
v 0.01730908 1.17448664 -0.19380780
v 0.00582706 1.17788815 -0.19271721
v 0.02936989 1.17146993 -0.19311488
v -0.01382821 1.18368196 -0.18516952
v -0.00429616 1.18111920 -0.18944596
v 0.15409161 1.37716246 -0.15738989
v 0.16257033 1.37601554 -0.17053060
v 0.18853773 1.40870285 -0.18614955
v 0.18968302 1.41317034 -0.18512374
v 0.14528756 1.37345624 -0.13469742
v 0.13975433 1.36705995 -0.12908909
v 0.18258719 1.39289045 -0.17893235
v 0.17709519 1.38039970 -0.17717165
v 0.20113750 1.43078423 -0.19054019
v 0.19914074 1.42821717 -0.18870568
v 0.19525503 1.41832221 -0.18786424
v 0.19321524 1.41524637 -0.18631651
v 0.13421921 1.35964799 -0.12353769
v 0.15162712 1.37607026 -0.14220785
v 0.12403922 1.34374166 -0.11321452
v 0.11915608 1.33492053 -0.10803121
v 0.10637607 1.32871580 -0.10937989
v 0.10351145 1.31750226 -0.10970803
v 0.09423207 1.17292047 -0.15291694
v 0.09415280 1.22188616 -0.13300756
v 0.09699568 1.20880508 -0.14213683
v 0.09600917 1.23979080 -0.12879892
v 0.10295957 1.30576861 -0.11392695
v 0.12892716 1.35194826 -0.11821413
v 0.18821570 1.40411401 -0.18372506
v 0.18536104 1.39986181 -0.18043996
v 0.19759078 1.42487562 -0.18802141
v 0.19642889 1.42163634 -0.18793781
v 0.11280160 1.27079010 -0.11516926
v 0.11155970 1.25276446 -0.11935323
v 0.09608418 1.19121933 -0.14808650
v 0.10285515 1.14676714 -0.14517285
v 0.09672080 1.12372041 -0.13967265
v 0.11414825 1.28748393 -0.11183849
v 0.09025732 1.10523546 -0.13026756
v -0.12696752 0.76527607 -0.09850706
v -0.12357793 0.74538517 -0.07762702
v -0.13262048 0.76121342 -0.05698378
v -0.13578160 0.77560604 -0.07274425
v -0.13819845 0.82193267 -0.08098719
v -0.13842113 0.84906018 -0.08015382
v -0.13768955 0.87759221 -0.07832707
v -0.12765492 0.75263053 -0.03496373
v -0.12478959 0.77072561 0.00201830
v -0.11842576 0.74905378 -0.00912534
v -0.14072721 0.87429243 -0.05291760
v -0.14184435 0.84662908 -0.05391411
v -0.13916145 0.78247738 -0.05711455
v -0.14161389 0.79711425 -0.05672584
v -0.13812296 0.79614007 -0.07976677
v -0.13444160 0.77189398 -0.02253693
v -0.13798863 0.77616215 -0.04359100
v -0.08719818 0.93760979 0.02338906
v -0.09602397 0.91648805 0.02498338
v -0.07629725 0.91640091 0.04342512
v -0.12545176 0.94529879 -0.04933974
v -0.12871639 0.92253900 -0.02806766
v -0.05698961 0.77552438 0.05773470
v -0.14117782 0.79489827 -0.03647496
v -0.12918873 0.79398042 0.01037448
v -0.13715912 0.79409778 -0.01464059
v -0.12503080 0.86981463 0.01284937
v -0.13395940 0.87013906 -0.00827350
v -0.13743240 0.84422278 -0.00675858
v -0.12861609 0.84515345 0.01523375
v -0.13933000 0.87099135 -0.02964273
v -0.13518061 0.89859647 -0.02843984
v -0.11865798 0.89491200 0.01044975
v -0.12861155 0.89638168 -0.00852522
v -0.12118620 0.92079192 -0.00858262
v -0.14153500 0.84358585 -0.03016428
v -0.13018192 0.81961870 0.01530368
v -0.11460827 0.82029718 0.03881776
v -0.09257174 0.82325047 0.05724906
v -0.06897406 0.82516515 0.07324499
v -0.06789145 0.84898257 0.07441844
v -0.11065830 0.91788822 0.00880435
v -0.09189862 0.96044052 0.00849459
v -0.10170463 0.93957090 0.00774842
v -0.06923064 1.02871561 0.00832354
v 0.09804807 0.61768776 -0.21892054
v 0.01708700 0.73842800 -0.02005884
v 0.03521800 0.74146008 -0.03595522
v -0.06680936 0.82857025 -0.18040068
v -0.11327819 0.78940284 -0.14181156
v -0.12891157 0.79311824 -0.10943435
v 0.05667096 0.75199115 -0.06907736
v 0.06034709 0.76435888 -0.09422839
v -0.03643925 0.83068830 -0.18529515
v 0.02321291 0.80649787 -0.16633493
v 0.04741755 0.74543804 -0.05059386
v -0.14184026 0.82071793 -0.05533468
v -0.14203714 0.81776106 -0.03246320
v -0.13895418 0.81826460 -0.00882891
v -0.11378179 0.79618382 0.03524310
v -0.09124454 0.80020148 0.05601029
v -0.06675731 0.80512267 0.07010752
v 0.05922689 0.79531348 -0.10340762
v 0.06717166 0.79997265 -0.09918857
v 0.06340412 0.80306876 -0.10409397
v 0.07362658 0.80802906 -0.09527312
v 0.07047326 0.79535556 -0.09183681
v 0.06354132 0.78798825 -0.09422715
v 0.06590884 0.78296661 -0.08622845
v 0.05989022 0.77085531 -0.07876489
v 0.02495392 0.90067351 -0.14330532
v 0.00353375 0.90851647 -0.14683314
v 0.07763702 0.88519889 -0.12082021
v 0.06254645 0.88904363 -0.12949955
v -0.06631241 0.93191606 -0.14104463
v 0.04498576 0.89402807 -0.13727440
v -0.01913949 0.91655934 -0.14761961
v -0.04363354 0.92468888 -0.14640835
v -0.05844352 0.89456159 0.06932509
v -0.05219553 0.91879922 0.06420372
v 0.08981518 0.88240933 -0.11055034
v 0.16827005 1.37404203 -0.16725273
v 0.15927231 1.37519240 -0.15392220
v 0.23141105 1.54739583 -0.18132147
v 0.10148840 1.41007543 -0.03834288
v 0.21994987 1.49139225 -0.19097623
v 0.19100133 1.41246021 -0.18416318
v 0.20336817 1.43194532 -0.19329895
v 0.11474542 1.32513809 -0.10371603
v 0.11246622 1.31312466 -0.10300148
v 0.01193406 0.74239814 -0.01927805
v 0.11351871 1.30105281 -0.10761595
v 0.00328146 0.74206889 -0.01096953
v -0.00800262 1.10318327 0.03710561
v 0.17625985 0.15479946 -0.13808182
v 0.16812839 0.15580475 -0.12634650
v 0.17447783 0.12719238 -0.12999551
v 0.18339206 0.12774539 -0.14007714
v 0.13768396 0.15571034 -0.11792170
v 0.15046336 0.15613514 -0.11657517
v 0.12663203 0.15361756 -0.12493275
v 0.12069099 0.15062034 -0.13619263
v 0.13136598 0.12368971 -0.13324963
v 0.13504857 0.12570012 -0.12206931
v 0.12072071 0.14897060 -0.14765726
v 0.13204753 0.12095612 -0.15665038
v 0.12355735 0.14807749 -0.15952478
v 0.13265283 0.14806294 -0.17490932
v 0.14126572 0.12209177 -0.17057735
v 0.14928977 0.14688885 -0.18479078
v 0.15701823 0.12182170 -0.18084188
v 0.16669472 0.14751947 -0.18475349
v 0.18110940 0.15296566 -0.15262201
v 0.19026464 0.12697393 -0.15397504
v 0.14524035 0.12753457 -0.11618191
v 0.15722148 0.12744439 -0.11782975
v 0.16645306 0.12741303 -0.12371300
v 0.15974258 0.15601385 -0.11991759
v 0.18327163 0.10090739 -0.13126405
v 0.19554122 0.10271102 -0.14011803
v 0.15202551 0.09972662 -0.11306024
v 0.16423644 0.09992963 -0.12025474
v 0.14079393 0.09767050 -0.13002819
v 0.14078243 0.09887129 -0.11794522
v 0.13690014 0.09451723 -0.15603741
v 0.13899931 0.09619808 -0.14309239
v 0.13138783 0.12222993 -0.14456163
v 0.14626275 0.09595072 -0.16874164
v 0.16425928 0.09761405 -0.18140870
v 0.20140800 0.10292000 -0.15670386
v 0.17361857 0.09988421 -0.12627912
v 0.25237280 0.00503731 -0.30570239
v 0.25252420 0.00967312 -0.30543122
v 0.25661880 0.01059520 -0.30387819
v 0.25861520 0.00569129 -0.30313331
v 0.29068780 0.01031351 -0.29554561
v 0.29208636 0.02026033 -0.29781407
v 0.29793701 0.02038217 -0.29162815
v 0.29920906 0.00977194 -0.28767121
v 0.27511242 0.00732040 -0.30216283
v 0.27272117 0.00409281 -0.29948530
v 0.26837936 0.00316429 -0.30143359
v 0.26806939 0.00596786 -0.30535778
v 0.21926807 0.00681210 -0.29269400
v 0.21874261 0.00258303 -0.28996757
v 0.21424948 0.00216651 -0.29063997
v 0.21323028 0.00553584 -0.29294413
v 0.24066794 0.00463569 -0.30017129
v 0.23974177 0.00046182 -0.29713613
v 0.23543061 0.00038481 -0.29810461
v 0.23429848 0.00317621 -0.30102512
v 0.27757326 0.02491248 -0.28017348
v 0.28728348 0.02908683 -0.27151656
v 0.29438001 0.02320910 -0.28294751
v 0.28522393 0.02275276 -0.29108071
v 0.29845667 0.01624596 -0.27548060
v 0.29101610 0.02060592 -0.26273590
v 0.28575844 0.01198852 -0.26418388
v 0.29205552 0.01083696 -0.27616474
v 0.27730587 0.00927639 -0.27294141
v 0.28358927 0.00829399 -0.28323737
v 0.27304178 0.01407373 -0.28078192
v 0.27877933 0.01314902 -0.29290652
v 0.25727361 0.01171196 -0.29110432
v 0.26060539 0.01966822 -0.29054433
v 0.26541519 0.01509714 -0.30065662
v 0.26033553 0.00776434 -0.30161074
v 0.27058983 0.02094150 -0.28650820
v 0.27281088 0.01605844 -0.29747114
v 0.27446511 0.01191390 -0.28267226
v 0.26877668 0.00655794 -0.28134218
v 0.27212834 0.00515509 -0.29286677
v 0.27811837 0.01025283 -0.29414493
v 0.26067635 0.00565028 -0.28549764
v 0.26403433 0.00341916 -0.29619074
v 0.24286529 0.01711941 -0.29327250
v 0.25270861 0.01781750 -0.28998613
v 0.25553438 0.01284575 -0.29853663
v 0.24855600 0.01235557 -0.30134240
v 0.26016530 0.00622523 -0.29524189
v 0.25676104 0.00900614 -0.28677365
v 0.25150642 0.00403380 -0.28631735
v 0.25500563 0.00250709 -0.29570392
v 0.24311493 0.00324965 -0.29004583
v 0.24858521 0.00107837 -0.29876217
v 0.23949632 0.00989306 -0.29471496
v 0.24514578 0.00605190 -0.30240226
v 0.22091182 0.00850368 -0.29095414
v 0.22338024 0.01597047 -0.29057211
v 0.22932221 0.01135504 -0.29745620
v 0.22745232 0.00444973 -0.29729855
v 0.23166125 0.01629400 -0.28959522
v 0.23528035 0.01266110 -0.29610094
v 0.24057247 0.00851440 -0.29388613
v 0.23611163 0.01122653 -0.28893226
v 0.23346275 0.00308049 -0.28576744
v 0.23861770 0.00114107 -0.29178187
v 0.22492297 0.00230575 -0.28687173
v 0.23125724 0.00000000 -0.29396933
v 0.20381173 0.01471710 -0.28426471
v 0.20858940 0.01202631 -0.29039297
v 0.20729531 0.00627172 -0.28896156
v 0.20207582 0.00877070 -0.28123218
v 0.21152966 0.01601732 -0.28513446
v 0.21489471 0.01278365 -0.29018241
v 0.21896131 0.00864375 -0.28773069
v 0.21492302 0.01129878 -0.28417873
v 0.21450037 0.00343442 -0.27997240
v 0.21803026 0.00231171 -0.28470978
v 0.20718625 0.00346231 -0.27958539
v 0.21105900 0.00120389 -0.28637242
v 0.26694146 0.02656877 -0.27063459
v 0.27888250 0.03414619 -0.26026976
v 0.29482174 0.00974369 -0.28480068
v 0.28248003 0.02382720 -0.25167349
v 0.29003128 0.00839126 -0.28876474
v 0.26782286 0.00963950 -0.26539910
v 0.27722460 0.01381004 -0.25321454
v 0.27090108 0.01523685 -0.27551085
v 0.26870435 0.01183295 -0.30501503
v 0.25088909 0.00627840 -0.27370003
v 0.25439125 0.01144135 -0.28211242
v 0.27310961 0.01256084 -0.30292052
v 0.25113085 0.02307057 -0.27843267
v 0.23256414 0.01973736 -0.27970147
v 0.25624225 0.00204372 -0.30122653
v 0.25282964 0.00121140 -0.30253512
v 0.23264857 0.00382900 -0.27743846
v 0.23451109 0.01214755 -0.28745520
v 0.23373626 0.00854635 -0.30100223
v 0.21538016 0.00285757 -0.27594981
v 0.21505184 0.01110053 -0.28427610
v 0.23760740 0.00864685 -0.30047309
v 0.21348704 0.01931381 -0.27874890
v 0.21340002 0.00841987 -0.29297635
v 0.20190623 0.00318766 -0.27160576
v 0.19491237 0.01029134 -0.27277738
v 0.21663813 0.00948513 -0.29310933
v 0.19840208 0.01834714 -0.27553487
v 0.19040670 0.12512106 -0.16798791
v 0.18199670 0.15041596 -0.16603599
v 0.17742357 0.14793658 -0.17702267
v 0.18510935 0.12257963 -0.17827152
v 0.17390712 0.12171370 -0.18312684
v 0.20036229 0.10237151 -0.17247082
v 0.19336194 0.10058022 -0.18304051
v 0.18125390 0.09875870 -0.18552005
v 0.14676490 0.07409155 -0.16846040
v 0.13745314 0.07396388 -0.15424176
v 0.14197807 0.07575274 -0.13966759
v 0.14211355 0.07664680 -0.12628205
v 0.14329645 0.07760787 -0.11300668
v 0.21009614 0.08090925 -0.16048883
v 0.21095498 0.08336651 -0.17952837
v 0.20306224 0.08309591 -0.19227120
v 0.18825750 0.08034706 -0.19462048
v 0.27180091 0.04158819 -0.24545032
v 0.25828925 0.04026139 -0.25581953
v 0.24904712 0.05004346 -0.23883896
v 0.25994784 0.04310906 -0.22813696
v 0.24287288 0.03378999 -0.26126769
v 0.23276581 0.04666424 -0.24471705
v 0.22545519 0.02978683 -0.26310328
v 0.21642813 0.04092348 -0.24630848
v 0.20768167 0.02664137 -0.26304328
v 0.20052521 0.03504312 -0.24631296
v 0.19213918 0.02257323 -0.26284212
v 0.18590967 0.02688849 -0.24562517
v 0.18582959 0.01264465 -0.26192212
v 0.17772003 0.01581013 -0.24545370
v 0.27572325 0.02692246 -0.23659749
v 0.26222381 0.02867675 -0.22089754
v 0.26848146 0.01427412 -0.23792420
v 0.25547782 0.01424062 -0.22279756
v 0.25536665 0.01095438 -0.24529983
v 0.24304552 0.01181281 -0.22896028
v 0.18420269 0.00465572 -0.24401420
v 0.19377266 0.00279295 -0.25964579
v 0.23855171 0.00809109 -0.25122499
v 0.22686043 0.00980735 -0.23434243
v 0.22171253 0.00464559 -0.25505298
v 0.21078026 0.00623536 -0.23808639
v 0.20663385 0.00261021 -0.25738037
v 0.19638647 0.00392449 -0.24105181
v 0.23769782 0.05772245 -0.21704604
v 0.22211550 0.06044567 -0.22639291
v 0.20643719 0.05365229 -0.22714099
v 0.19106583 0.04470170 -0.22631122
v 0.17747660 0.03218269 -0.22470911
v 0.16875505 0.01949358 -0.22520107
v 0.17511523 0.05590951 -0.20429371
v 0.16682272 0.03440177 -0.20164947
v 0.16205756 0.02047765 -0.20250659
v 0.15348421 0.02136958 -0.18067856
v 0.15472342 0.03583491 -0.17986622
v 0.13880286 0.03505301 -0.14288813
v 0.14554395 0.03609133 -0.15954788
v 0.14276417 0.02151668 -0.16055895
v 0.13554101 0.01898623 -0.14284717
v 0.15948638 0.05445552 -0.18233137
v 0.14814474 0.05472672 -0.16277200
v 0.14284781 0.05555511 -0.14695093
v 0.13598728 0.01963508 -0.11601974
v 0.13481948 0.03625703 -0.11666976
v 0.13535628 0.03487813 -0.12978478
v 0.13319756 0.01839733 -0.12914337
v 0.14690174 0.02009749 -0.10309747
v 0.14352867 0.03680944 -0.10215421
v 0.16268501 0.03694940 -0.10162315
v 0.16535376 0.02121890 -0.10075368
v 0.13890976 0.05718410 -0.12146564
v 0.14067146 0.05630398 -0.13384423
v 0.14362012 0.05815029 -0.10805066
v 0.15987752 0.05878496 -0.10706253
v 0.17855304 0.03788280 -0.11293420
v 0.17427354 0.05832362 -0.11731365
v 0.18164462 0.02263963 -0.11040843
v 0.24547341 0.04369760 -0.20839688
v 0.24457593 0.03091228 -0.20448053
v 0.19583069 0.06766069 -0.20998752
v 0.21229853 0.07224429 -0.20755185
v 0.22396864 0.06758428 -0.19156234
v 0.23221752 0.04636860 -0.18540461
v 0.22818498 0.03108943 -0.18426076
v 0.21968594 0.04407644 -0.16405787
v 0.21505402 0.03016281 -0.16498725
v 0.23836423 0.01963389 -0.20580786
v 0.22110447 0.02283812 -0.18647860
v 0.20873502 0.02239132 -0.16697110
v 0.20839991 0.04194343 -0.14641322
v 0.20573679 0.02831304 -0.14692600
v 0.19686060 0.04121447 -0.13392562
v 0.19768202 0.02646780 -0.13302688
v 0.19063571 0.02455091 -0.12177511
v 0.18780494 0.03982162 -0.12411261
v 0.19286050 0.05983829 -0.13393149
v 0.18372469 0.05936980 -0.12583870
v 0.20457579 0.06074381 -0.14623670
v 0.21702044 0.06298769 -0.16446471
v 0.17336501 0.00753570 -0.22436334
v 0.16460003 0.01021838 -0.20249431
v 0.15662204 0.01177049 -0.18038845
v 0.14730485 0.00997829 -0.15964366
v 0.14233433 0.00784945 -0.14185308
v 0.14097674 0.00771582 -0.12952852
v 0.14329301 0.00920427 -0.11806357
v 0.15292799 0.01134431 -0.10871711
v 0.16615416 0.01215708 -0.10632117
v 0.17853235 0.01220787 -0.11415176
v 0.18690600 0.01288497 -0.12384515
v 0.20017309 0.01885462 -0.14864700
v 0.19375975 0.01508617 -0.13452981
v 0.20225856 0.07993090 -0.14283213
v 0.19011925 0.07905531 -0.13155892
v 0.18010055 0.07860851 -0.12551548
v 0.15682475 0.07856584 -0.11162545
v 0.16997924 0.07844198 -0.12027879
v 0.22723179 0.01421952 -0.21002984
v 0.21217531 0.01174688 -0.21495576
v 0.19723327 0.00819957 -0.21871930
v 0.18417723 0.00584745 -0.22175893
v 0.17305093 0.00760794 -0.20050283
v 0.18444240 0.00948882 -0.19722126
v 0.19847149 0.01199055 -0.19298063
v 0.21184617 0.01686561 -0.18942066
v 0.16491354 0.00812888 -0.17871274
v 0.17529275 0.00912058 -0.17609607
v 0.18785705 0.01139092 -0.17145400
v 0.20006007 0.01570940 -0.16913475
v 0.19204645 0.01203120 -0.15023290
v 0.18047804 0.00910485 -0.15154801
v 0.16887963 0.00762081 -0.15584838
v 0.15814610 0.00701225 -0.15765895
v 0.15339942 0.00627780 -0.14113724
v 0.16400938 0.00726068 -0.14008826
v 0.17500944 0.00824225 -0.13688098
v 0.18497886 0.01004374 -0.13597302
v 0.15144311 0.00635445 -0.13077511
v 0.15711509 0.00820661 -0.11492208
v 0.15212300 0.00694168 -0.12213363
v 0.16556688 0.00837803 -0.11281294
v 0.17338537 0.00863171 -0.11890619
v 0.17952813 0.00905383 -0.12677175
v 0.16751435 0.00803649 -0.12233548
v 0.17103048 0.00808823 -0.12868989
v 0.16103400 0.00727510 -0.13097374
v 0.15966855 0.00759208 -0.12408891
v 0.16425540 0.00819576 -0.11790825
v 0.16026372 0.00795078 -0.11890399
v 0.16920932 0.07484543 -0.18443890
v 0.08341897 1.38180292 -0.01351827
v 0.05360134 1.32204115 0.01982869
v 0.16053659 0.43646002 -0.20651263
v 0.15440103 0.43252951 -0.21952283
v 0.14448380 0.43220598 -0.23032452
v -0.00867233 0.83007646 -0.17755680
v 0.01647131 1.00410092 -0.14551996
v 0.00959246 1.04260671 -0.14818755
v 0.01295467 1.02246463 -0.14550486
v -0.00018351 0.80872405 -0.18569659
v -0.04543232 1.08083415 -0.13517684
v -0.06278464 0.78913385 0.06417768
v 0.03991823 1.28747487 0.03237960
v 0.01497126 1.22802019 -0.17649500
v -0.06389112 0.87252074 0.07259654
v 0.10214068 1.50746620 -0.14542840
v 0.10271697 1.50600147 -0.14307080
v 0.10147291 1.50290668 -0.14201219
v 0.09988413 1.50265384 -0.13788711
v 0.09841397 1.50194383 -0.13468976
v 0.09719339 1.50193644 -0.13280128
v 0.09952278 1.50445199 -0.14072652
v 0.10051975 1.50723875 -0.13777150
v 0.10085823 1.50637782 -0.14109901
v 0.10046464 1.50565743 -0.14244309
v 0.10916217 1.23338914 -0.12200910
v 0.10801081 1.21627665 -0.12666471
v 0.10960259 1.20318222 -0.13645467
v 0.10837086 1.18556094 -0.14122121
v 0.19025086 1.40807712 -0.18510902
v 0.09032678 0.94696152 -0.11843918
v 0.08878393 0.95941091 -0.11768499
v -0.01576277 1.03365207 0.03532160
v 0.09277496 0.91390014 -0.11642739
v 0.08840518 0.97376108 -0.11982697
v 0.00159011 1.17328191 0.05005286
v 0.10616308 1.16710067 -0.14490438
v 0.09206960 0.89870930 -0.11410762
v 0.01717135 1.23359489 0.05311087
v 0.08797934 0.99295795 -0.12228958
v 0.07722413 0.82410240 -0.09887435
v 0.08683269 1.04916477 -0.12656859
v 0.25289765 1.51271760 -0.15100320
v 0.25464964 1.50391579 -0.13650827
v 0.25129738 1.49482024 -0.14713861
v 0.24820840 1.50000679 -0.16051024
v 0.24915390 1.48636651 -0.15461454
v 0.24523962 1.48895693 -0.16537344
v 0.25131062 1.49553442 -0.12462999
v 0.25061595 1.48819995 -0.13585570
v 0.24027683 1.45540500 -0.12472834
v 0.24190004 1.46450388 -0.12629949
v 0.24086656 1.46303356 -0.11635788
v 0.23732044 1.45149708 -0.11451377
v 0.22967981 1.43055868 -0.12257446
v 0.22234504 1.42434692 -0.11209169
v 0.22067200 1.41559839 -0.12323624
v 0.22655268 1.42297459 -0.13250396
v 0.21711113 1.43992257 -0.16831584
v 0.22078614 1.44508386 -0.16561663
v 0.22332676 1.43855667 -0.16187613
v 0.21859734 1.43291521 -0.16450429
v 0.21554881 1.45066500 -0.17797726
v 0.21620689 1.45347750 -0.18539546
v 0.21612208 1.45972180 -0.18144460
v 0.21650876 1.45577312 -0.17458206
v 0.21156090 1.43598831 -0.17113577
v 0.21249342 1.42889857 -0.16677520
v 0.21403986 1.44187784 -0.17499824
v 0.21582572 1.44603848 -0.17206517
v 0.21471131 1.43527567 -0.18522711
v 0.21500014 1.43541062 -0.19066468
v 0.21762100 1.44034839 -0.19079775
v 0.21638556 1.43978441 -0.18369339
v 0.21256617 1.43524909 -0.17568289
v 0.20987849 1.43267953 -0.17893256
v 0.21301110 1.43430662 -0.18099549
v 0.21475530 1.43774748 -0.17834532
v 0.21519653 1.44529510 -0.18113661
v 0.21683082 1.44710779 -0.18862855
v 0.21729788 1.44799709 -0.19626373
v 0.21725662 1.43978691 -0.19843286
v 0.21933916 1.41919398 -0.15372816
v 0.21467358 1.41681743 -0.15787485
v 0.21413323 1.42256522 -0.16256708
v 0.21962844 1.42589891 -0.15973996
v 0.20802452 1.43047428 -0.17544846
v 0.20554100 1.41504872 -0.17407125
v 0.20324323 1.41673350 -0.17987894
v 0.20441966 1.42047155 -0.17995308
v 0.20715372 1.41878927 -0.17377566
v 0.21436223 1.40599716 -0.14304253
v 0.20990394 1.39879036 -0.13960005
v 0.20789677 1.39991510 -0.14773554
v 0.21141054 1.40567911 -0.14974083
v 0.20358011 1.39464021 -0.14807536
v 0.20393427 1.39184391 -0.13883874
v 0.19263162 1.37969446 -0.14496069
v 0.19542204 1.38553452 -0.15560703
v 0.19930865 1.39010644 -0.15077238
v 0.19821981 1.38553596 -0.14069021
v 0.19237773 1.39218473 -0.16817656
v 0.19156812 1.38170457 -0.16213192
v 0.18714052 1.37948096 -0.16887935
v 0.18869790 1.39184844 -0.17290498
v 0.20132169 1.41037059 -0.17080387
v 0.20350353 1.41235805 -0.17286983
v 0.20478319 1.41119504 -0.16808210
v 0.20307156 1.40977561 -0.16676521
v 0.20474799 1.40920269 -0.16241656
v 0.20531300 1.40973365 -0.16310117
v 0.20657544 1.41014338 -0.16221538
v 0.20557348 1.40891564 -0.16089855
v 0.20397833 1.40947676 -0.16424903
v 0.20391351 1.40844476 -0.16315308
v 0.20277618 1.40783405 -0.16542338
v 0.20132056 1.40731621 -0.16941917
v 0.19387871 1.40720761 -0.18187098
v 0.19410928 1.41179609 -0.18167923
v 0.19614147 1.41127706 -0.17930187
v 0.19649421 1.40690899 -0.17894518
v 0.20679387 1.41152704 -0.16465461
v 0.20661263 1.41320825 -0.16839457
v 0.20861742 1.41593623 -0.16789433
v 0.20891500 1.41302967 -0.16351824
v 0.21150444 1.41491985 -0.16131826
v 0.21059896 1.41101909 -0.15760720
v 0.20828193 1.41060638 -0.16053866
v 0.20421605 1.40736187 -0.16114058
v 0.20685270 1.40811729 -0.15852068
v 0.20480840 1.40564656 -0.15800756
v 0.20278902 1.40310848 -0.15974358
v 0.20277138 1.40586352 -0.16327977
v 0.20114832 1.40450394 -0.16714951
v 0.20053728 1.40089226 -0.16327007
v 0.19766119 1.39929867 -0.16813546
v 0.19883527 1.40332103 -0.17232427
v 0.21085458 1.41913629 -0.16607243
v 0.20878325 1.40696621 -0.15488096
v 0.21363880 1.41156411 -0.15354012
v 0.20613055 1.40280342 -0.15349023
v 0.20292917 1.39903104 -0.15478486
v 0.19619577 1.39336693 -0.16277432
v 0.19977574 1.39571595 -0.15798806
v 0.18679610 1.37473190 -0.15153214
v 0.18028997 1.37230432 -0.15827589
v 0.24509494 1.48058760 -0.15729071
v 0.24061458 1.48241603 -0.16474225
v 0.24154434 1.47373235 -0.15368228
v 0.24005082 1.47466421 -0.15782097
v 0.24148755 1.47743154 -0.15760399
v 0.24313977 1.47588420 -0.15225276
v 0.24131185 1.46664298 -0.13414192
v 0.24009418 1.46006775 -0.13261183
v 0.23906434 1.46488428 -0.13904262
v 0.24080905 1.46847379 -0.14054553
v 0.23462902 1.45757198 -0.14862718
v 0.23583175 1.46441483 -0.15165237
v 0.23721093 1.46484375 -0.14810194
v 0.23653783 1.45851135 -0.14388719
v 0.23376268 1.46421766 -0.15521879
v 0.23224011 1.45817733 -0.15328841
v 0.22971220 1.45988894 -0.15749051
v 0.23118696 1.46511054 -0.15841447
v 0.23734935 1.47899830 -0.16300447
v 0.23659927 1.47598088 -0.16216254
v 0.23120427 1.47690392 -0.16515802
v 0.23127191 1.48035789 -0.16671197
v 0.21878971 1.47363436 -0.16610906
v 0.21698834 1.47369659 -0.16897139
v 0.21927191 1.47733927 -0.16956061
v 0.22074908 1.47556329 -0.16650276
v 0.21956947 1.47154212 -0.16568036
v 0.21793364 1.47026205 -0.16743793
v 0.25180855 1.53538477 -0.15299113
v 0.25610736 1.52644706 -0.13726704
v 0.24890241 1.51897466 -0.16596839
v 0.25563547 1.51517034 -0.12322640
v 0.25217712 1.50264883 -0.11224578
v 0.21459995 1.40819943 -0.11586149
v 0.21229826 1.40151751 -0.12863997
v 0.21762224 1.40937281 -0.13392803
v 0.20689532 1.39972389 -0.11207704
v 0.20526804 1.39289236 -0.12658557
v 0.18713929 1.37943208 -0.13028327
v 0.19688679 1.38502741 -0.12680595
v 0.20713709 1.41084719 -0.09652141
v 0.19844796 1.40561521 -0.09282830
v 0.19650064 1.39238679 -0.10960770
v 0.20000927 1.42095757 -0.08064304
v 0.19375263 1.42070150 -0.07567270
v 0.18652189 1.40205741 -0.08702324
v 0.16486622 1.37267482 -0.09486811
v 0.17097446 1.37726259 -0.08001021
v 0.16581510 1.36765194 -0.07437551
v 0.16118084 1.36303711 -0.08942656
v 0.21494497 1.41776943 -0.10225418
v 0.24147305 1.47458291 -0.10958122
v 0.23716071 1.46164632 -0.10456041
v 0.24377319 1.47352862 -0.12054767
v 0.25352535 1.53568661 -0.08935112
v 0.25044784 1.51775455 -0.08368506
v 0.25227711 1.51024055 -0.09802978
v 0.25671390 1.52594852 -0.10769944
v 0.24453805 1.57132697 -0.11289527
v 0.25122243 1.55449033 -0.10033050
v 0.25628847 1.54131591 -0.12092081
v 0.25131506 1.55523312 -0.13591148
v 0.24456748 1.52323568 -0.06926818
v 0.24469224 1.54167235 -0.07100783
v 0.23376717 1.54153931 -0.05211146
v 0.23677196 1.52462626 -0.05543780
v 0.23978345 1.56189847 -0.07679021
v 0.22676609 1.56286216 -0.05416726
v 0.19104390 1.42690635 -0.06632230
v 0.18451241 1.41086006 -0.06926748
v 0.17794695 1.39641237 -0.06907753
v 0.17665084 1.38913047 -0.08500701
v 0.21429156 1.57926059 -0.05939717
v 0.23096810 1.57961214 -0.08578341
v 0.19811094 1.51280403 -0.02378140
v 0.20684965 1.50043845 -0.03195075
v 0.21834815 1.51164699 -0.03724519
v 0.20953737 1.52745986 -0.02857092
v 0.18585943 1.52636886 -0.01681798
v 0.19679035 1.54343259 -0.02301176
v 0.17302375 1.46497655 -0.03077761
v 0.16138345 1.47153199 -0.02282548
v 0.15511678 1.45594251 -0.03392876
v 0.16621749 1.45000982 -0.03960912
v 0.25025898 1.48197305 -0.14479616
v 0.24791764 1.47749603 -0.13679120
v 0.24610838 1.47495270 -0.14384708
v 0.24652909 1.47824001 -0.14995077
v 0.24669869 1.48529589 -0.11589518
v 0.24734825 1.48135841 -0.12720108
v 0.24566196 1.49749660 -0.09166968
v 0.24448261 1.50407088 -0.07972382
v 0.23524399 1.51058459 -0.05688402
v 0.24069495 1.50851834 -0.06833538
v 0.21171020 1.49052691 -0.03948904
v 0.21912998 1.49794245 -0.04311486
v 0.18747623 1.43877590 -0.05526498
v 0.17620674 1.44397974 -0.04616851
v 0.16937816 1.42729425 -0.05061215
v 0.17927833 1.41973138 -0.05726564
v 0.14982949 1.43958175 -0.03870948
v 0.15882181 1.43462253 -0.04503025
v 0.16507214 1.39186370 -0.05364010
v 0.15582412 1.39949536 -0.04600329
v 0.15174587 1.38852727 -0.03948639
v 0.15940294 1.38088274 -0.04872969
v 0.14208929 1.39433026 -0.03281816
v 0.14591470 1.40637720 -0.04076547
v 0.13631283 1.41175056 -0.03725017
v 0.13098630 1.39897668 -0.03001019
v 0.14672877 1.35880816 -0.11195695
v 0.15342467 1.36076641 -0.10202532
v 0.15043183 1.35200810 -0.09672520
v 0.14262623 1.35102701 -0.10681567
v 0.15534291 1.37182713 -0.04137991
v 0.14958496 1.38067603 -0.03134084
v 0.18352622 1.45970082 -0.03979798
v 0.19295025 1.45652521 -0.04639175
v 0.13960236 1.38632631 -0.02414251
v 0.16205515 1.41261768 -0.05016175
v 0.15184681 1.41913807 -0.04497152
v 0.13921854 1.44384575 -0.03525393
v 0.14384124 1.46166897 -0.03021259
v 0.21810545 1.45080662 -0.16921382
v 0.22349338 1.46501541 -0.16362776
v 0.22033675 1.46747351 -0.16564427
v 0.22191867 1.47010374 -0.16479473
v 0.22492869 1.46840310 -0.16327105
v 0.23431556 1.50347304 -0.18381421
v 0.24299949 1.50312638 -0.17325045
v 0.23835212 1.48961353 -0.17561774
v 0.22722976 1.48840690 -0.18338321
v 0.23161992 1.43332911 -0.14342189
v 0.22524229 1.42420745 -0.14893013
v 0.22521457 1.43148506 -0.15649311
v 0.22936915 1.43976092 -0.15376443
v 0.24049214 1.46954536 -0.14456935
v 0.24145322 1.47087312 -0.14715138
v 0.24231704 1.47134733 -0.14387310
v 0.21753387 1.41281176 -0.14803027
v 0.22210407 1.41658199 -0.14104070
v 0.23095618 1.44842637 -0.10258952
v 0.24458157 1.47230768 -0.13056841
v 0.23334493 1.58447063 -0.12702657
v 0.24247414 1.56528997 -0.15162881
v 0.21817423 1.59416401 -0.09775639
v 0.20109116 1.59479165 -0.07014350
v 0.18289699 1.55836308 -0.02317472
v 0.16859581 1.57252550 -0.02685697
v 0.15403913 1.55170488 -0.01778699
v 0.17058896 1.53904319 -0.01516225
v 0.14747804 1.47880042 -0.01895525
v 0.12622178 1.41620409 -0.03580350
v 0.12070398 1.40251863 -0.03052544
v 0.24406032 1.54275322 -0.16842395
v 0.24046257 1.52235651 -0.17936330
v 0.24580020 1.49017811 -0.10383818
v 0.23832752 1.44651723 -0.12664795
v 0.23574197 1.43876171 -0.13269912
v 0.23790908 1.44869685 -0.13916267
v 0.23917428 1.45370197 -0.13419108
v 0.23285320 1.44025517 -0.11615597
v 0.22472334 1.43559873 -0.10405660
v 0.21610025 1.43163455 -0.09095579
v 0.20722508 1.42399013 -0.08490985
v 0.21995817 1.53941453 -0.03715612
v 0.22692759 1.52213633 -0.04413025
v 0.19859749 1.57252681 -0.03732313
v 0.21182315 1.55670810 -0.03510994
v 0.22727704 1.51057279 -0.04714084
v 0.18433739 1.58696270 -0.04510691
v 0.20533396 1.42466927 -0.17985317
v 0.20570809 1.42870975 -0.18098365
v 0.20867178 1.42425227 -0.17233859
v 0.19578920 1.40276253 -0.17680956
v 0.19391614 1.39850247 -0.17262751
v 0.19034939 1.39890432 -0.17614652
v 0.19264156 1.40307903 -0.18006711
v 0.17123660 1.37303829 -0.14534375
v 0.17845279 1.37516844 -0.13795446
v 0.15177487 1.36621344 -0.11820710
v 0.15772976 1.36876822 -0.10807368
v 0.21078491 1.43483007 -0.18591268
v 0.20981754 1.43474054 -0.18376184
v 0.20868818 1.43526244 -0.18524474
v 0.20996292 1.43536568 -0.18699370
v 0.20515323 1.41034603 -0.16508290
v 0.20053805 1.41754293 -0.18369557
v 0.19853745 1.41424787 -0.18211484
v 0.19630650 1.41454983 -0.18413052
v 0.19815101 1.41760564 -0.18578176
v 0.18160030 1.38519716 -0.11006245
v 0.17097938 1.38130951 -0.10155964
v 0.16443880 1.37334609 -0.06004280
v 0.17082727 1.38417995 -0.06540155
v 0.17224564 1.40477014 -0.05695931
v 0.14279510 1.42473686 -0.03988877
v 0.13279587 1.43004346 -0.03806551
v 0.12297091 1.43439627 -0.03845528
v 0.12775390 1.44917405 -0.03606446
v 0.17089118 1.37718129 -0.12431248
v 0.16374384 1.37470794 -0.11507799
v 0.15741554 1.37238860 -0.12475957
v 0.16353627 1.37461615 -0.13345784
v 0.20634294 1.43310452 -0.18958604
v 0.20568687 1.43254805 -0.18714657
v 0.20368946 1.43080580 -0.18845730
v 0.20545126 1.43208039 -0.19136962
v 0.20902090 1.43334115 -0.18177797
v 0.20645542 1.43131566 -0.18216403
v 0.20699929 1.43307137 -0.18270554
v 0.21083538 1.43389368 -0.18294983
v 0.21208690 1.43447638 -0.18569730
v 0.21087857 1.43472672 -0.19206488
v 0.21311617 1.43391919 -0.19634283
v 0.21225981 1.43450928 -0.18925063
v 0.20758939 1.43436074 -0.18762931
v 0.20639208 1.43375063 -0.18573968
v 0.20742674 1.43449676 -0.18357210
v 0.20887353 1.43430138 -0.18278348
v 0.21014659 1.43515301 -0.19013856
v 0.21088852 1.43500721 -0.18813337
v 0.21634066 1.45543444 -0.19283518
v 0.14541513 1.36606622 -0.12481792
v 0.15137772 1.37226236 -0.13078931
v 0.20457073 1.40945029 -0.16321717
v 0.23375545 1.48364401 -0.17098784
v 0.23515753 1.44694734 -0.14635399
v 0.22314943 1.45085824 -0.16316280
v 0.22505023 1.45676398 -0.16156979
v 0.22816215 1.45295274 -0.15761001
v 0.22614454 1.44558430 -0.15908946
v 0.22530313 1.48246276 -0.17493945
v 0.21852624 1.47872400 -0.17550041
v 0.21869601 1.47960627 -0.18310542
v 0.21550260 1.47291398 -0.17463826
v 0.21566199 1.46787202 -0.17124839
v 0.21563043 1.46459699 -0.17654784
v 0.21598022 1.47080958 -0.18309537
v 0.24323452 1.47378993 -0.14795184
v 0.24178490 1.47239876 -0.15023918
v 0.21702127 1.46010232 -0.17103362
v 0.21806741 1.46396828 -0.16795151
v 0.22141454 1.46042633 -0.16495134
v 0.21970868 1.45558739 -0.16664378
v 0.23142754 1.44940412 -0.15269922
v 0.24368380 1.47150445 -0.13825671
v 0.23755501 1.46108234 -0.14029133
v 0.19765362 1.44738269 -0.05757082
v 0.20127410 1.45826757 -0.05091287
v 0.20376755 1.43583989 -0.07044403
v 0.20237114 1.43849373 -0.06817891
v 0.19706123 1.43364012 -0.07161804
v 0.20076197 1.43177831 -0.07395974
v 0.22368750 1.48475468 -0.05446463
v 0.22532190 1.48391497 -0.05820917
v 0.22811289 1.48949158 -0.05924906
v 0.22418000 1.49093699 -0.05316387
v 0.22951597 1.48431265 -0.06385764
v 0.22773837 1.48120666 -0.06396940
v 0.22908725 1.47974491 -0.06656428
v 0.23144509 1.48645532 -0.06596266
v 0.23264378 1.48271549 -0.07274231
v 0.23817922 1.49211168 -0.07658620
v 0.23558582 1.49637318 -0.06729990
v 0.23704082 1.47569013 -0.09486909
v 0.23778556 1.48570943 -0.08538266
v 0.23099177 1.47696805 -0.07848462
v 0.22819206 1.46865118 -0.08213155
v 0.21137889 1.43861055 -0.07966234
v 0.20659302 1.43249369 -0.07671447
v 0.19645017 1.43883419 -0.06526586
v 0.17589171 1.50755572 -0.01583262
v 0.18861642 1.49696851 -0.02212984
v 0.19861974 1.48722053 -0.03003125
v 0.20509164 1.48025799 -0.03872719
v 0.16230091 1.52002907 -0.01108813
v 0.14767979 1.52590632 -0.01278606
v 0.23111427 1.45962691 -0.09242755
v 0.22336155 1.45831192 -0.08236544
v 0.18081404 1.48016441 -0.02375056
v 0.16767488 1.48902667 -0.01660286
v 0.19091050 1.47333705 -0.03294223
v 0.19895174 1.46926069 -0.04104257
v 0.15378262 1.50187600 -0.01290160
v 0.13700151 1.50648916 -0.01495031
v 0.13229027 1.48411489 -0.02194868
v 0.21153289 1.44197381 -0.06915195
v 0.21022244 1.43628836 -0.06885575
v 0.20767188 1.43536901 -0.07159266
v 0.21068786 1.44005597 -0.07338282
v 0.21796204 1.44771695 -0.08089400
v 0.22363710 1.44669271 -0.09079993
v 0.21634059 1.46276379 -0.18867955
v 0.18212287 1.37945533 -0.17369285
v 0.18577823 1.39220536 -0.17647758
v 0.20261732 1.42489374 -0.18432392
v 0.20162454 1.42101598 -0.18414439
v 0.19919294 1.42097878 -0.18611626
v 0.20017852 1.42457223 -0.18640748
v 0.22457054 1.47984385 -0.16891500
v 0.13134749 1.46629477 -0.03114913
v 0.11695960 1.42048526 -0.03756049
v 0.11123704 1.40643406 -0.03332366
v 0.12806550 1.38886619 -0.02054285
v 0.11653597 1.39143538 -0.02118672
v 0.20152323 1.42803264 -0.18721239
v 0.20363006 1.42826629 -0.18492590
v 0.20898716 1.43501878 -0.18932007
v 0.20122854 1.41334808 -0.17838261
v 0.20583816 1.43258035 -0.18510886
v 0.20463192 1.43075407 -0.18543987
v 0.20205276 1.43057513 -0.19000526
v 0.20022856 1.42798388 -0.18821681
v 0.22673857 1.46232557 -0.16112186
v 0.22811300 1.46651673 -0.16123199
v 0.20844285 1.43394816 -0.19168591
v 0.20839560 1.43259418 -0.19420452
v 0.15775146 1.35369897 -0.08338536
v 0.16117772 1.35786593 -0.06788047
v 0.19464341 1.41490555 -0.18539956
v 0.19653678 1.41782212 -0.18698551
v 0.22258027 1.46468556 -0.07444243
v 0.22595100 1.47114706 -0.07254878
v 0.22297987 1.46779585 -0.06735865
v 0.21949385 1.46248913 -0.06889853
v 0.14037171 1.35853791 -0.11894622
v 0.15899573 1.36432397 -0.05361998
v 0.10504740 1.39524174 -0.02403274
v 0.23838016 1.46611416 -0.14531727
v 0.23928882 1.46784067 -0.14397238
v 0.22530325 1.47712612 -0.16619357
v 0.19916409 1.40675008 -0.17483719
v 0.19878365 1.41068244 -0.17577420
v 0.15771979 1.37461448 -0.13916086
v 0.20423594 1.43171442 -0.19283669
v 0.22236779 1.47687554 -0.06111302
v 0.22100449 1.47380495 -0.06138065
v 0.22385022 1.47189283 -0.06156100
v 0.22554214 1.47440124 -0.06218632
v 0.23045899 1.47562766 -0.06591417
v 0.23178919 1.47873020 -0.06447493
v 0.23093256 1.47582579 -0.06197036
v 0.22885443 1.47365642 -0.06275816
v 0.22916567 1.47602391 -0.06949280
v 0.22732238 1.47251999 -0.06672636
v 0.23327413 1.47994757 -0.06183286
v 0.23161025 1.47787118 -0.06061194
v 0.22726616 1.48243499 -0.06164673
v 0.23075643 1.48208642 -0.06235782
v 0.23017628 1.48476815 -0.05838232
v 0.23373155 1.48142314 -0.05771352
v 0.22894685 1.48566175 -0.05222441
v 0.23307569 1.48172832 -0.05186552
v 0.22552763 1.48330379 -0.04714187
v 0.22996728 1.48002934 -0.04662283
v 0.21418573 1.44784760 -0.07405037
v 0.21105880 1.45061874 -0.06924452
v 0.22192548 1.47865152 -0.04435651
v 0.22683734 1.47600186 -0.04319306
v 0.21792373 1.47212827 -0.04281898
v 0.22302094 1.47030783 -0.04159867
v 0.21429975 1.46502995 -0.04275150
v 0.21893148 1.46394503 -0.04182741
v 0.21127985 1.45737624 -0.04463497
v 0.21596868 1.45729291 -0.04419634
v 0.20848338 1.44788170 -0.04918521
v 0.21375033 1.45017111 -0.04849294
v 0.22679646 1.47883081 -0.04901396
v 0.22897622 1.48076594 -0.05297610
v 0.22056691 1.48199463 -0.05303417
v 0.23074138 1.48013997 -0.05758403
v 0.21518514 1.47080731 -0.05532539
v 0.21444659 1.46815634 -0.05655707
v 0.21834333 1.46765029 -0.05776940
v 0.21650450 1.47057271 -0.05762832
v 0.21786343 1.46167171 -0.06559396
v 0.21586256 1.45663881 -0.06510028
v 0.21652664 1.45599329 -0.06903127
v 0.21248783 1.45373142 -0.06539559
v 0.21325351 1.45817029 -0.06514553
v 0.21213491 1.45527482 -0.06449227
v 0.21389724 1.46206999 -0.06569728
v 0.21131946 1.45402539 -0.06305057
v 0.21165675 1.45221448 -0.06369846
v 0.21069847 1.45529270 -0.06309488
v 0.21107776 1.45602167 -0.06400470
v 0.21065468 1.45797694 -0.06402788
v 0.21079111 1.46109366 -0.06239358
v 0.21897645 1.45614386 -0.07437590
v 0.20425677 1.45140827 -0.05821231
v 0.20817368 1.45911407 -0.05379545
v 0.21269827 1.44431841 -0.05425255
v 0.20784988 1.43989635 -0.05521019
v 0.20992401 1.43421602 -0.06637642
v 0.20898007 1.43502450 -0.06117000
v 0.21726437 1.47809935 -0.05224238
v 0.21399817 1.47253847 -0.05036344
v 0.20320255 1.44471645 -0.06447244
v 0.21073487 1.46658182 -0.05083068
v 0.21435404 1.45370984 -0.05051523
v 0.21317138 1.44979429 -0.05515137
v 0.21635023 1.45872772 -0.04698955
v 0.21210945 1.44850039 -0.06498133
v 0.21284823 1.44792342 -0.05995420
v 0.21313033 1.44196010 -0.06014269
v 0.21269894 1.44141233 -0.06510015
v 0.21297979 1.45364237 -0.05675722
v 0.21533941 1.45622694 -0.05323889
v 0.21077339 1.45654893 -0.05756572
v 0.21328494 1.45922613 -0.05450149
v 0.21070676 1.45457876 -0.06075482
v 0.21172808 1.45223045 -0.06055479
v 0.20862542 1.45903277 -0.05905387
v 0.21102783 1.46295547 -0.05579437
v 0.20964287 1.45636940 -0.06171944
v 0.21652669 1.46162176 -0.05285875
v 0.21491505 1.46527195 -0.05395123
v 0.21967614 1.46702027 -0.05407656
v 0.21989505 1.46450961 -0.05187506
v 0.21767215 1.45947206 -0.05004500
v 0.22002083 1.46360052 -0.04825180
v 0.21825983 1.46450222 -0.04538219
v 0.22210346 1.46867514 -0.04777833
v 0.22087716 1.47046983 -0.04533744
v 0.22197641 1.46806049 -0.05078830
v 0.22240826 1.46865487 -0.05352926
v 0.22423448 1.47554469 -0.04639442
v 0.22429940 1.47318029 -0.04873082
v 0.22630438 1.47633934 -0.05090942
v 0.22407122 1.47140777 -0.05129196
v 0.22557466 1.47393143 -0.05302520
v 0.22366147 1.47060537 -0.05315883
v 0.22452362 1.47183383 -0.05472528
v 0.22838999 1.47810161 -0.06067945
v 0.22735770 1.47638941 -0.06200754
v 0.22840734 1.47861218 -0.05768542
v 0.22649524 1.47657645 -0.05816941
v 0.22655898 1.47740996 -0.05986638
v 0.22508600 1.47673965 -0.06066499
v 0.22503348 1.47468007 -0.05886164
v 0.22191389 1.47405601 -0.05846721
v 0.13673674 1.33237195 -0.09750891
v 0.12758933 1.33349156 -0.10408416
v 0.13119650 1.34249401 -0.10871483
v 0.13932467 1.34198368 -0.10169232
v 0.22631851 1.47548795 -0.05567025
v 0.22513863 1.47300410 -0.05698017
v 0.22762839 1.47821999 -0.05416917
v 0.22063303 1.47098815 -0.05543788
v 0.22276740 1.47170949 -0.05667603
v 0.22293366 1.47004604 -0.05530810
v 0.22120859 1.46941280 -0.05491278
v 0.21883634 1.46532202 -0.06506784
v 0.21513747 1.46524489 -0.06316341
v 0.21258995 1.46383810 -0.05975256
v 0.15407336 1.31822515 -0.06387874
v 0.15161271 1.32749462 -0.06565219
v 0.15989612 1.33326256 -0.04978725
v 0.16376987 1.32545626 -0.04707991
v 0.16434386 1.29313040 -0.06807730
v 0.17898931 1.30072677 -0.04562814
v 0.17874992 1.27542448 -0.05761982
v 0.16455102 1.27308762 -0.07154062
v 0.17793740 1.25533414 -0.06799798
v 0.16458061 1.25439739 -0.07816841
v 0.17523633 1.20298970 -0.09233829
v 0.16369434 1.20458126 -0.10242453
v 0.16392808 1.22093368 -0.09470762
v 0.17575634 1.21982741 -0.08450872
v 0.18507729 1.12138462 -0.09312563
v 0.17447013 1.10630560 -0.09048104
v 0.16786724 1.11043739 -0.10285120
v 0.17860551 1.12410951 -0.10339825
v 0.21429355 1.21866274 -0.03013414
v 0.21829049 1.23718572 -0.02528962
v 0.22117101 1.22729492 -0.01758767
v 0.21541920 1.20960069 -0.02213483
v 0.18428136 1.34140825 -0.00946219
v 0.18396804 1.32389736 -0.02743928
v 0.17427175 1.32988787 -0.02827153
v 0.17619738 1.34580970 -0.01226537
v 0.20012571 1.13936555 -0.03859581
v 0.19675127 1.12709999 -0.04324728
v 0.19969286 1.13390493 -0.05376647
v 0.20251778 1.14601326 -0.05027905
v 0.15166809 1.06727445 -0.03426896
v 0.14916149 1.05056381 -0.02944338
v 0.14402838 1.04828346 -0.04806111
v 0.14654431 1.06431532 -0.05164451
v 0.16043963 1.09695208 0.02516501
v 0.15313120 1.10114503 0.04572212
v 0.14775337 1.08848560 0.04952391
v 0.15637244 1.08280087 0.02950771
v 0.19320610 1.19877434 -0.07138970
v 0.18510592 1.20114148 -0.08180471
v 0.18615420 1.21750116 -0.07388823
v 0.19497114 1.21490741 -0.06345563
v 0.30245036 1.12338436 0.05958334
v 0.28964370 1.11517096 0.05923325
v 0.27957016 1.13533437 0.04981445
v 0.29143366 1.14381361 0.05054729
v 0.14193602 1.00409675 0.04232577
v 0.13079827 1.01129854 0.05822780
v 0.13145269 0.99584317 0.06058351
v 0.14246693 0.98849845 0.04359021
v 0.26265207 1.25825763 0.01301979
v 0.25778067 1.27199471 0.00618333
v 0.26165748 1.28869450 0.02035732
v 0.26836696 1.27448332 0.02682476
v 0.20716888 1.18439007 -0.03330363
v 0.20650844 1.19002938 -0.04249013
v 0.21016717 1.20378602 -0.03600197
v 0.21099424 1.19585562 -0.02766681
v 0.16771936 1.12453222 0.04352309
v 0.17403246 1.12144876 0.02647474
v 0.17935602 1.13585567 0.02905961
v 0.17384423 1.13863921 0.04449094
v 0.16790682 1.10836148 0.02574852
v 0.16075869 1.11166716 0.04455647
v 0.20422700 1.19348979 -0.05143446
v 0.19937092 1.19607449 -0.06107542
v 0.20200992 1.21216178 -0.05352673
v 0.20712678 1.20922780 -0.04437276
v 0.16192156 1.09533930 -0.08371775
v 0.15420063 1.10009146 -0.09926039
v 0.14891413 0.98150921 0.02432014
v 0.15080282 0.97461027 0.00360824
v 0.15085432 0.99075538 0.00220366
v 0.14908001 0.99734783 0.02304354
v 0.14192238 1.07823610 -0.06967731
v 0.14988904 1.08835685 -0.07582390
v 0.15662913 1.08789873 -0.06092423
v 0.14870423 1.07828081 -0.05463529
v 0.14791963 0.96825427 -0.01773154
v 0.14340815 0.96313822 -0.03868864
v 0.14137588 0.98057187 -0.04001496
v 0.14735731 0.98485869 -0.01928239
v 0.17671061 1.23705113 -0.07635581
v 0.16437605 1.23746443 -0.08666040
v 0.19327286 1.12129021 -0.07107330
v 0.18495695 1.10708869 -0.06609654
v 0.18030475 1.10560596 -0.07786107
v 0.18988691 1.12065768 -0.08176853
v 0.20672370 1.18868923 -0.00129535
v 0.21312611 1.19851911 -0.01250546
v 0.22149311 1.21409333 -0.00672115
v 0.21026586 1.19842410 0.00469856
v 0.13369289 0.97917747 0.06385915
v 0.14543210 0.97309953 0.04695365
v 0.15044509 0.95156997 -0.01542247
v 0.14580068 0.94571346 -0.03673178
v 0.20112361 1.19928527 0.05734760
v 0.19557935 1.19427013 0.05416163
v 0.19849819 1.19388676 0.04333377
v 0.20358904 1.20053387 0.04635394
v 0.14877962 1.13130653 -0.12576948
v 0.16357255 1.13738251 -0.12008703
v 0.16389866 1.12065470 -0.11380251
v 0.14893903 1.11164093 -0.11489616
v 0.17413555 1.09641194 -0.05759856
v 0.16336983 1.08970428 -0.04795757
v 0.16870938 1.09444499 -0.06987697
v 0.13118771 1.12565255 -0.12867378
v 0.12937827 1.10207629 -0.11192049
v 0.15094782 1.23730636 -0.09680118
v 0.15105714 1.22149920 -0.10464992
v 0.15119761 1.25363851 -0.09069264
v 0.13780414 1.25271189 -0.10188311
v 0.13732052 1.26999366 -0.09810920
v 0.15056020 1.27122569 -0.08595307
v 0.13740940 1.28740299 -0.09716471
v 0.15025502 1.28907585 -0.08445728
v 0.14257345 1.31442213 -0.07985790
v 0.14141040 1.32456338 -0.08100930
v 0.20869321 1.18678534 -0.01827570
v 0.20559295 1.17668295 -0.02282024
v 0.15293276 0.95841134 0.00604146
v 0.13754523 1.30077982 0.07383597
v 0.12987427 1.28632140 0.07999426
v 0.14692391 1.28571248 0.08057633
v 0.15399747 1.29993236 0.07496609
v 0.19386959 1.33919632 -0.00644845
v 0.19633551 1.32107854 -0.02435773
v 0.18135448 1.22328055 0.08417577
v 0.17190157 1.22285950 0.08338384
v 0.17205930 1.21187711 0.08047417
v 0.18000351 1.21493042 0.08087026
v 0.19592699 1.20223618 0.07246405
v 0.20129214 1.19625306 0.07740769
v 0.20278384 1.20075262 0.08310190
v 0.19634977 1.20747566 0.07676524
v 0.11718770 1.00146353 0.07362954
v 0.11557843 1.01794755 0.07061978
v 0.11627503 1.13088739 0.08477382
v 0.13045859 1.11813068 0.07489470
v 0.14144243 1.13001823 0.07310753
v 0.13035625 1.14296615 0.08336140
v 0.05424748 1.28736567 0.04073017
v 0.04908767 1.27372777 0.04479731
v 0.06464968 1.27509117 0.05521813
v 0.06975411 1.28907871 0.05110570
v 0.10905445 1.31157351 0.06131350
v 0.11367626 1.32395220 0.05482267
v 0.09543977 1.31892943 0.04981138
v 0.09005804 1.30673671 0.05536522
v 0.11938711 1.29997492 0.07133485
v 0.11285689 1.28497827 0.07771820
v 0.16699094 1.14487338 0.05753701
v 0.15978394 1.13170910 0.05801872
v 0.17616677 1.16484952 0.06016045
v 0.18169585 1.16059339 0.04856725
v 0.18484607 1.16892874 0.05028904
v 0.17934668 1.17280269 0.06158169
v 0.17023928 1.35161173 -0.01541080
v 0.16388912 1.36279976 0.00037755
v 0.17118472 1.35663891 0.00452819
v 0.11315974 1.35845995 0.02179307
v 0.10988893 1.35367477 0.02628390
v 0.12405566 1.35586214 0.02731579
v 0.12443524 1.35958982 0.02180273
v 0.04622005 1.21198404 0.07101916
v 0.02819420 1.21398866 0.06133116
v 0.02268064 1.19333851 0.06148428
v 0.04120255 1.19015455 0.07198045
v 0.17827861 1.18547285 0.06898396
v 0.18303156 1.19141662 0.06880568
v 0.18043897 1.19867587 0.07365449
v 0.17488141 1.19294572 0.07398593
v 0.17046013 1.18686545 0.07501522
v 0.16532984 1.18003798 0.07591173
v 0.17077276 1.17136788 0.06909987
v 0.17493185 1.17904210 0.06905778
v 0.14251338 1.15416801 0.07982801
v 0.15201236 1.14199603 0.07025832
v 0.15994352 1.15383530 0.06854223
v 0.15218727 1.16480720 0.07784991
v 0.00593985 1.12363994 0.05374489
v 0.01952300 1.12117267 0.06543899
v 0.02514514 1.14419222 0.06736486
v 0.00979296 1.14681983 0.05733580
v 0.21794535 1.20016813 0.03115661
v 0.22342765 1.20048976 0.02128316
v 0.22768809 1.19227755 0.02696362
v 0.22208923 1.19037569 0.03912245
v 0.21532182 1.20941854 0.09791745
v 0.22254831 1.20346963 0.10222821
v 0.22637671 1.20771265 0.10332803
v 0.21893652 1.21454322 0.09921576
v 0.22264172 1.17153168 0.05821929
v 0.22708935 1.17594647 0.04690099
v 0.23370333 1.15760112 0.05491706
v 0.22828746 1.15380716 0.06706540
v 0.19305463 1.34593070 0.01901577
v 0.20336179 1.33694911 -0.00287738
v 0.18623680 1.34888577 0.01372906
v 0.20924212 1.18176508 0.06915316
v 0.21382163 1.16906583 0.07786022
v 0.21228088 1.17176735 0.08647382
v 0.20639507 1.18392742 0.07788046
v 0.31298447 1.13285804 0.06751794
v 0.30157650 1.15299785 0.05843504
v 0.23290218 1.13435292 0.08687431
v 0.23197062 1.13553047 0.09770887
v 0.22096269 1.15234435 0.08729313
v 0.22340588 1.15153337 0.07769313
v 0.10324018 1.11818826 0.08485256
v 0.11950008 1.10629869 0.07623102
v 0.08034544 1.01233804 0.08784457
v 0.09947901 1.00720382 0.08300219
v 0.09756120 1.02459121 0.07913709
v 0.07899422 1.03105450 0.08389448
v 0.11852399 0.98462492 0.07689780
v 0.08093587 0.99258995 0.09072289
v 0.10039525 0.98873001 0.08621976
v 0.15360250 1.37191749 -0.01279075
v 0.14096262 1.37707126 -0.00444037
v 0.14258826 1.37224889 0.00389049
v 0.15788363 1.36769223 -0.00523835
v 0.12602611 0.86591506 0.10457292
v 0.12104631 0.83680481 0.10899447
v 0.14198679 0.83045572 0.09227613
v 0.14559086 0.86172324 0.08604829
v 0.10751774 1.37084568 0.00612924
v 0.12483197 1.37177908 0.00683856
v 0.12518127 1.37762880 -0.00169648
v 0.10979567 1.37702179 -0.00322283
v 0.14708237 0.88989240 0.08315998
v 0.12926422 0.89593840 0.10223563
v 0.15938604 1.36028647 -0.02562523
v 0.16487250 1.35596800 -0.01972299
v 0.16361843 1.34303010 -0.03433073
v 0.15954983 1.34856737 -0.03945043
v 0.15746713 1.34104812 -0.05481387
v 0.15787570 0.82268649 0.07207061
v 0.15800591 0.85165095 0.06600884
v 0.13955261 1.38089204 -0.01388771
v 0.12573981 1.38237846 -0.01082494
v 0.11262434 1.38389957 -0.01190378
v 0.10046043 1.38649809 -0.01547637
v 0.12095605 0.96801484 0.08212699
v 0.13677157 0.96267641 0.06773749
v 0.02973057 0.74661785 0.13197903
v 0.00497197 0.74616361 0.11988991
v 0.00892348 0.73212403 0.11188409
v 0.03505459 0.72997415 0.12709437
v -0.04044597 0.75901604 0.07482655
v -0.03412643 0.74884081 0.06361252
v -0.01436019 0.74024206 0.08969148
v -0.01813878 0.75071323 0.10066442
v -0.03922314 0.87335849 0.09389861
v -0.01687885 0.87275505 0.11349949
v -0.00982370 0.89442390 0.10691360
v -0.03267094 0.89443678 0.08965951
v 0.08152261 0.97435993 0.09677024
v 0.10185155 0.97147167 0.09225161
v 0.14795679 0.95691186 0.04943365
v 0.14149602 0.69254780 0.08070163
v 0.12515786 0.70041406 0.10992014
v 0.11235818 0.66943586 0.11276080
v 0.12953299 0.66065192 0.08594002
v 0.05752524 0.68478429 0.13022126
v 0.06473381 0.71027362 0.13222279
v 0.03272499 0.71110392 0.12423058
v 0.02767210 0.69034076 0.12155198
v 0.13960522 0.94058734 -0.05702881
v 0.14645915 0.92872870 -0.03439972
v 0.13978860 0.92296869 -0.05467650
v 0.10822735 0.93089211 -0.10495074
v 0.12158743 0.93334019 -0.09026815
v 0.12058534 0.91581368 -0.09004350
v 0.10764809 0.91399854 -0.10419975
v 0.09367023 0.81794620 -0.08066650
v 0.08457231 0.82123828 -0.09019737
v 0.08946711 0.84010959 -0.09226464
v 0.09873848 0.83681858 -0.08030736
v 0.16421574 0.84116042 0.04404727
v 0.16238841 0.83433187 0.01912639
v 0.16129754 0.85897315 0.01728901
v 0.16253363 0.86774045 0.04094628
v -0.02506578 0.74156064 0.05216407
v -0.01260835 0.72831416 0.07846840
v 0.13717662 0.65337455 0.05397624
v 0.14728627 0.68850482 0.04750751
v 0.13430747 0.64960796 0.01918148
v 0.11773140 0.65269995 -0.00795852
v 0.12630269 0.68484521 -0.01204630
v 0.14266567 0.68325663 0.01533919
v 0.05090857 0.74789643 -0.05311468
v 0.07150117 0.76545227 -0.06192969
v 0.07150239 0.75201225 -0.05261352
v 0.04802504 0.74055636 -0.04722484
v -0.04905408 0.78962928 0.08930469
v -0.04599331 0.77355242 0.08364734
v -0.02530434 0.76542324 0.10791188
v -0.02840038 0.78356886 0.11283726
v 0.06114158 0.99556917 0.09027819
v 0.06047833 0.97581601 0.09683235
v 0.04260887 0.99779791 0.08635502
v 0.06116045 1.01666629 0.08809434
v 0.04317879 1.02027738 0.08365105
v 0.06896425 1.14612508 0.08620892
v 0.08601283 1.13165903 0.08823611
v 0.09938029 1.14568305 0.09011401
v 0.08295473 1.16249561 0.08994430
v 0.07955602 1.27929580 0.06557429
v 0.08491254 1.29364669 0.06073079
v 0.00060343 0.69891250 0.10082226
v -0.01654071 0.71296978 0.06488486
v -0.01742854 0.67931318 0.07693166
v -0.00014855 0.67193544 0.10439096
v 0.04812144 0.65786755 0.13038559
v 0.07456480 0.65027237 0.12845804
v 0.08654070 0.67833233 0.12801604
v 0.09924316 0.63926554 0.11435777
v 0.11792133 0.62884057 0.08832161
v 0.12425844 0.61646581 0.02279689
v 0.10705922 0.62042296 -0.00372387
v 0.03845046 0.67406327 -0.02938550
v 0.06389020 0.66557360 -0.02929803
v 0.05330797 0.64001542 -0.02192447
v 0.02757582 0.65030438 -0.02004540
v 0.11551473 0.80463499 -0.05016407
v 0.13789035 0.81623709 -0.02656233
v 0.13637699 0.79328501 -0.02160007
v 0.11592769 0.78294408 -0.03949475
v 0.11031608 0.94906998 -0.10305643
v 0.12109452 0.95211333 -0.09123680
v 0.13143729 0.93643534 -0.07536608
v 0.13007125 0.95519435 -0.07707770
v 0.13769746 0.95875823 -0.05894735
v 0.11770736 1.02754188 -0.10082667
v 0.12923750 1.02754200 -0.08404368
v 0.12754147 1.01014113 -0.08273609
v 0.11721965 1.00982773 -0.09964971
v 0.11852515 1.04670608 -0.10126437
v 0.13034160 1.04620659 -0.08485904
v 0.11932383 1.08567905 -0.10056789
v 0.14079103 1.09206045 -0.09233317
v 0.13209823 1.08073413 -0.08519155
v 0.13749735 1.23601770 -0.10696311
v 0.13734555 1.22025788 -0.11366336
v 0.16549487 0.81297541 0.04899271
v -0.01884177 0.70909941 0.02967449
v -0.01276791 0.70045221 0.00515189
v -0.02024497 0.67493749 0.01958079
v -0.02443207 0.68009889 0.04572913
v 0.15764959 0.87918192 0.06287313
v 0.15157489 0.96579099 0.02674235
v 0.15418389 0.94986749 0.02921038
v 0.16560905 1.09529424 -0.00217229
v 0.15935946 1.07818377 0.00595198
v 0.17465816 1.14107382 -0.11254133
v 0.17326345 1.12870014 -0.11059269
v 0.09724773 0.70702767 0.12836556
v 0.11299040 0.58521712 0.02669559
v 0.10113510 0.55477095 0.03121721
v 0.08319636 0.55823702 0.00788085
v 0.09522698 0.58904612 0.00203118
v -0.00137421 0.63101339 0.00123854
v 0.01799792 0.62306708 -0.00870970
v 0.00883484 0.59410775 0.00335420
v -0.00847225 0.60181057 0.01464729
v -0.01481818 0.57202274 0.02560502
v 0.00153386 0.56354105 0.01297583
v -0.00937994 0.53458202 0.02135786
v -0.02270631 0.54420537 0.03494102
v 0.12762856 0.62002468 0.05590567
v 0.09593779 0.56836998 0.08928822
v 0.10486200 0.55779797 0.06124638
v 0.11613461 0.58886725 0.05817227
v 0.10634948 0.59827054 0.08834830
v 0.02244627 0.66350341 0.12282500
v 0.00716905 0.65852809 -0.01254842
v 0.01680108 0.68130505 -0.02386505
v -0.02815610 0.61277401 0.04866854
v -0.02999318 0.61597592 0.07197395
v -0.02795366 0.64775223 0.06028359
v -0.02526133 0.64408827 0.03474259
v 0.03634651 0.60182351 0.13421451
v 0.05918156 0.59280050 0.12834784
v 0.06649404 0.62114704 0.12796091
v 0.04219785 0.62960029 0.13225411
v 0.08928332 0.60987008 0.11249563
v 0.07990118 0.58086222 0.11215295
v 0.07730556 0.51005328 0.09101866
v 0.08321735 0.49993390 0.06453103
v 0.09403858 0.52831984 0.06329729
v 0.08642595 0.53891987 0.09004508
v 0.06428961 0.52328360 0.11355077
v 0.07183870 0.55189604 0.11249147
v 0.05278440 0.56456000 0.12839299
v 0.04684295 0.53660917 0.12842843
v 0.02711552 0.54766202 0.13353421
v 0.03185160 0.57493484 0.13439085
v 0.01011387 0.58162135 0.13127922
v 0.00749799 0.55504709 0.13143876
v -0.00944384 0.58609962 0.11932592
v -0.02343426 0.58816129 0.10114384
v -0.02382014 0.56081402 0.10591374
v -0.01031448 0.55907971 0.12139352
v -0.03496537 0.55681622 0.06908679
v -0.03276461 0.56024086 0.08814637
v -0.03158873 0.58717018 0.08076844
v -0.03130337 0.58311832 0.06024480
v -0.05436959 0.46440667 0.10403338
v -0.04317837 0.46669137 0.11682191
v -0.04028653 0.48764110 0.10852388
v -0.05097014 0.48564965 0.09457566
v -0.03212682 0.46888876 0.12893203
v -0.01883000 0.46903753 0.13916302
v -0.01522479 0.48743522 0.13063478
v -0.02842774 0.48856390 0.12086350
v 0.01594682 0.47415203 0.13741918
v 0.00002106 0.48319352 0.13735589
v -0.00373259 0.46446705 0.14518815
v 0.01141934 0.45456892 0.14586012
v 0.02621836 0.44101208 0.14207308
v 0.03320020 0.46145397 0.13459395
v 0.03478626 0.42466241 0.12925284
v 0.04512700 0.44567621 0.12247811
v 0.04796752 0.43011326 0.10051645
v 0.03580131 0.40835047 0.10780767
v -0.04210459 0.46065527 0.05320497
v -0.05187061 0.43921721 0.06576753
v -0.05989446 0.45126885 0.07615848
v -0.05204567 0.47141755 0.06321850
v -0.00797119 0.43426412 0.04001358
v 0.01467620 0.41949499 0.03498939
v -0.00103856 0.39996898 0.05078732
v -0.02148279 0.41368705 0.05738594
v 0.05764500 0.49640083 0.11477348
v 0.06851159 0.48193818 0.09257080
v 0.02287541 0.52136767 0.13231565
v 0.04172862 0.50998878 0.12810087
v -0.03986645 0.53206819 0.07721406
v -0.03488742 0.53503537 0.09478830
v -0.01943232 0.50758851 0.03041992
v -0.03201506 0.51798117 0.04322543
v 0.05207205 0.43819439 0.04271049
v 0.06282360 0.46793437 0.04007478
v 0.07209426 0.47099102 0.06564294
v 0.06105087 0.44261521 0.06780821
v 0.05210381 0.46983808 0.11761256
v 0.03741770 0.48522913 0.13000952
v 0.01953480 0.49675190 0.13306268
v 0.00267733 0.50526005 0.13329296
v -0.01265058 0.50928980 0.12616323
v -0.02544546 0.51061559 0.11461815
v -0.03720663 0.51060069 0.10130487
v -0.04502155 0.50817758 0.08559771
v -0.04215629 0.49369138 0.05284480
v -0.03059816 0.48232049 0.04170411
v 0.02232699 0.39220154 0.06196830
v 0.03879913 0.41079581 0.04903217
v 0.04967823 0.41618341 0.07463022
v 0.03575635 0.39448678 0.08516620
v 0.00505868 0.37869364 0.07926804
v -0.01422795 0.38561255 0.07042308
v -0.03875922 0.45566118 0.14059664
v -0.02553906 0.45506716 0.15043747
v -0.01077674 0.44938302 0.15649147
v 0.01728553 0.42320329 0.15379745
v 0.02220515 0.40457928 0.13893855
v 0.02205710 0.38734627 0.11798613
v 0.01946725 0.37927693 0.09635380
v -0.07467667 0.41650438 0.10902989
v -0.06507335 0.43325895 0.09058104
v -0.05872827 0.42151803 0.08174498
v -0.06870364 0.40476614 0.10052364
v -0.07061318 0.43492901 0.13312516
v -0.06317105 0.44244611 0.14641102
v -0.04884049 0.45142388 0.12794656
v -0.05802413 0.44728428 0.11537161
v -0.05126128 0.44526106 0.15943523
v -0.03652207 0.44316256 0.16914210
v -0.02080430 0.43747479 0.17530119
v 0.00463818 0.40507281 0.16915445
v 0.00449017 0.43924016 0.15857141
v -0.00530794 0.42401677 0.17676990
v 0.00860122 0.38281816 0.15193556
v -0.01699896 0.34753352 0.14821337
v 0.00080280 0.36605531 0.12810080
v -0.00603418 0.36249614 0.17032932
v -0.09561799 0.29404616 0.19422416
v -0.07593224 0.29295599 0.20951395
v -0.09984628 0.27612758 0.22971782
v -0.11688025 0.27675551 0.21737556
v -0.08352756 0.38850194 0.12013070
v -0.09125163 0.40211082 0.12852812
v -0.08895058 0.42349964 0.15323845
v -0.07974965 0.43149519 0.16781260
v -0.02462463 0.36863160 0.20929213
v -0.00856043 0.38590449 0.18755193
v -0.01832635 0.40672141 0.19646935
v -0.03467777 0.39003336 0.21773742
v -0.14457862 0.33575141 0.17873739
v -0.15205599 0.34978652 0.18749858
v -0.13294497 0.36947125 0.16645120
v -0.12510119 0.35449529 0.15758388
v -0.09936651 0.41743511 0.18752113
v -0.10924517 0.40909827 0.17253022
v -0.12885037 0.39198786 0.19240545
v -0.11895052 0.39932030 0.20780604
v -0.06740833 0.32833046 0.24734548
v -0.04424185 0.34935558 0.22930560
v -0.05370862 0.37021744 0.23829547
v -0.07599861 0.34732097 0.25650206
v -0.03464556 0.32951450 0.16845606
v -0.02292747 0.34502125 0.19119419
v -0.04280666 0.32736486 0.21104725
v -0.05397332 0.31126106 0.18971305
v -0.05488998 0.33135015 0.15200673
v -0.07399435 0.31323743 0.17299773
v -0.18260889 0.30211961 0.23535848
v -0.16723917 0.32707310 0.21107958
v -0.16121162 0.31296313 0.20368554
v -0.17871489 0.28956610 0.23041952
v -0.13689925 0.37642950 0.22808367
v -0.14760675 0.37066078 0.21309625
v -0.16317701 0.34499717 0.23444572
v -0.15406527 0.34977216 0.24757951
v -0.11928228 0.28311932 0.28316319
v -0.09251196 0.30641115 0.26550820
v -0.10130290 0.32333338 0.27384770
v -0.12746842 0.29905927 0.29057628
v -0.12496541 0.25706649 0.25258872
v -0.09009645 0.28760254 0.24861178
v -0.11640347 0.26672077 0.26950753
v -0.15022676 0.23570341 0.27176288
v -0.16247739 0.23577106 0.26257709
v -0.13983686 0.25729877 0.24096873
v -0.19436668 0.26658273 0.25471234
v -0.19941090 0.27776754 0.25843373
v -0.19822057 0.29291803 0.27364460
v -0.19092040 0.29852015 0.28398585
v -0.17163104 0.32336295 0.26593703
v -0.17965214 0.31826413 0.25468168
v -0.14980364 0.31836170 0.28779420
v -0.16106926 0.32330644 0.27784032
v -0.18130748 0.29847705 0.29479888
v -0.17111640 0.29339492 0.30349335
v -0.15219854 0.27610314 0.30426875
v -0.13802680 0.31071723 0.29182026
v -0.16122665 0.28669560 0.30631739
v -0.14367072 0.26179111 0.29817495
v -0.14162688 0.24520493 0.28662032
v -0.00622354 0.73287165 0.00078129
v 0.00429113 0.72408819 -0.01608679
v -0.00264006 0.71653068 -0.00581296
v -0.01011604 0.72807819 0.01464585
v 0.03286161 0.58087152 -0.00390343
v 0.04354841 0.61198050 -0.01269305
v 0.01073202 0.52221030 0.01228548
v 0.02323439 0.54968047 0.00418269
v -0.00105069 0.49511433 0.02192713
v -0.01375545 0.46994162 0.03353124
v -0.02739958 0.44703430 0.04639091
v -0.03880052 0.42614698 0.06121385
v -0.04725113 0.40778589 0.07791847
v -0.05782843 0.38983369 0.09653105
v -0.08885256 0.35645157 0.13545881
v -0.10343070 0.37219292 0.13891046
v -0.07126573 0.37296987 0.11674692
v -0.12986143 0.31826961 0.17639135
v -0.10929997 0.33822840 0.15456851
v -0.15003140 0.29714417 0.20253925
v -0.16896544 0.27520043 0.22956342
v -0.18535681 0.25354207 0.25394413
v 0.10988254 0.71502197 -0.03088088
v 0.08271341 0.71272802 -0.03866787
v 0.08972962 0.73200822 -0.04197045
v 0.11531498 0.73973185 -0.03327048
v 0.03164166 0.73844898 -0.03982867
v 0.03913727 0.74095136 -0.04541649
v 0.03528108 0.73678303 -0.04114496
v 0.02629723 0.73623514 -0.03536611
v 0.05969745 0.45470709 0.09542030
v 0.00526353 0.52913356 0.13142526
v -0.01088373 0.53316158 0.12277186
v -0.02403220 0.53493774 0.10979925
v 0.00664716 0.45582557 0.02597670
v 0.02026020 0.48229694 0.01755303
v 0.04294635 0.47249591 0.02228376
v 0.02958104 0.44440192 0.02660649
v -0.03923235 0.34689736 0.13291799
v -0.07258264 0.34236205 0.14186297
v -0.05621252 0.35788465 0.12149198
v -0.02331940 0.35990632 0.11417715
v -0.04938624 0.43151170 0.19126220
v -0.03265107 0.42297828 0.19743700
v -0.08376061 0.42010975 0.20179673
v -0.06633919 0.41728544 0.21343829
v -0.06568559 0.43415213 0.18079747
v 0.04722875 0.53621709 0.00342841
v 0.07052816 0.52862579 0.01330161
v 0.05668669 0.50064713 0.01807429
v 0.03385598 0.50932252 0.00950919
v 0.09614772 1.04209113 0.07612038
v 0.07816532 1.04902184 0.08038051
v 0.18485923 1.10881972 -0.03737915
v 0.17536442 1.10305548 -0.02276373
v 0.16976942 1.09448910 -0.03514699
v 0.17948788 1.10107279 -0.04683172
v 0.18150231 1.11315465 -0.01544508
v 0.19025709 1.11890161 -0.03065265
v 0.19443293 1.13159752 -0.02534698
v 0.18720664 1.12517953 -0.01056368
v 0.20049304 1.18435085 0.01175503
v 0.20221269 1.19264722 0.01666843
v 0.11887426 1.06644058 -0.10130975
v 0.10346073 1.06745064 -0.11497766
v 0.10335916 1.08642077 -0.11388619
v 0.13150020 0.91840911 -0.07335885
v 0.12188302 0.83476830 -0.04854157
v 0.10159209 0.81176955 -0.06751461
v 0.10913487 0.83457470 -0.06575559
v 0.06181876 0.76720393 -0.07216151
v 0.03547414 1.11480689 0.07451385
v 0.04208556 1.13730419 0.07613154
v 0.07443967 1.30247653 0.04614111
v 0.05934834 1.30001187 0.03647467
v 0.08294491 1.32503533 0.03613596
v 0.08646448 1.33536005 0.03066095
v 0.07167029 1.33216286 0.02282775
v 0.06777896 1.32239854 0.02762678
v 0.09555684 1.37849379 -0.00692840
v 0.09113529 1.37037241 0.00093064
v 0.01691607 0.73729527 -0.02724935
v 0.01948513 0.73244810 -0.03073285
v 0.00954812 0.73594582 -0.02027022
v 0.04846948 0.69534951 -0.03614487
v 0.02680016 0.70005578 -0.03167881
v 0.03474456 0.71386790 -0.03737858
v 0.05653711 0.71237218 -0.04112262
v 0.15219676 0.72359341 0.07234383
v 0.13754383 0.73175609 0.10352725
v 0.00628490 0.71828413 0.10499360
v 0.25946251 1.09989476 0.11889115
v 0.26370582 1.10332096 0.12967128
v 0.24866775 1.12160611 0.11959621
v 0.24468942 1.11806214 0.10833392
v 0.06514329 1.21037614 0.08176620
v 0.06538796 1.18404639 0.08423579
v 0.16874638 1.33701181 -0.03068962
v 0.22359639 1.32894492 0.00363662
v 0.22782062 1.31269622 -0.01431409
v 0.21716802 1.31622386 -0.01633513
v 0.21317229 1.33372879 0.00044716
v 0.17717849 1.31004095 0.06725664
v 0.18727304 1.32157326 0.05674388
v 0.17462640 1.32632518 0.05682914
v 0.16352391 1.31346583 0.06780359
v -0.04556321 0.85064721 0.09571378
v -0.02452606 0.84941006 0.11702675
v 0.01043135 1.05005252 0.06408104
v 0.02615111 1.04612589 0.07413653
v 0.02673151 1.06871307 0.07344504
v 0.01193247 1.07336164 0.06347804
v 0.08990551 1.19369149 0.09197161
v 0.10162445 1.17427242 0.09265102
v 0.13448480 1.14978063 -0.13419808
v 0.13577008 1.17027903 -0.13191678
v 0.15077536 1.17143619 -0.12438545
v 0.15008916 1.15261817 -0.12784269
v 0.24725975 1.16214728 0.11999747
v 0.22933175 1.17387617 0.10892202
v 0.22596990 1.16345632 0.10585459
v 0.24084277 1.14771926 0.11773746
v 0.10643240 0.74212080 0.12755051
v 0.06915607 0.73449588 0.13417768
v 0.12195314 1.06715810 0.06952550
v 0.10387962 1.07669199 0.07938814
v 0.09832487 1.05943036 0.07732795
v 0.11620587 1.05043888 0.06864843
v 0.14259641 1.10801435 0.06165490
v 0.13464083 1.09638667 0.06452721
v 0.15151037 1.11937499 0.06010636
v 0.18961495 1.20138383 0.06794830
v 0.19177063 1.19633448 0.06253995
v 0.19750182 1.19925737 0.06524126
v 0.07402781 0.69090402 -0.03495594
v 0.09537016 0.76775080 -0.04959694
v 0.09368034 0.78178585 -0.05953586
v 0.02385561 0.73907030 -0.03288816
v 0.15729256 1.35575283 -0.04643947
v 0.15777959 1.34933782 -0.06114069
v 0.21385901 1.18304825 0.05971939
v 0.21757932 1.16872931 0.06853937
v 0.18763721 1.17653525 0.05171886
v 0.19157454 1.17682910 0.03911421
v 0.19399260 1.18438685 0.04176322
v 0.19042136 1.18408513 0.05348315
v 0.18663378 1.18657303 0.06249497
v 0.18312638 1.17949808 0.06184687
v 0.21051025 1.22552371 -0.03787764
v 0.20477851 1.22993827 -0.04645616
v 0.20720153 1.24886632 -0.04095229
v 0.21375746 1.24395943 -0.03322071
v 0.19695978 1.23260903 -0.05552730
v 0.18787648 1.23485279 -0.06555560
v 0.18926774 1.25409341 -0.05720667
v 0.19887677 1.25214481 -0.04781210
v 0.17034647 1.31712484 -0.04722491
v 0.16024525 1.30893326 -0.06626518
v 0.14738837 1.30396795 -0.08260509
v 0.13644983 1.30068886 -0.09568927
v 0.08619719 1.36098254 0.00814129
v 0.08089599 1.35062015 0.01300421
v 0.09620210 1.35261798 0.02073374
v 0.10473730 1.36220896 0.01541860
v 0.15226132 1.33625662 -0.07019448
v 0.14440118 1.33381891 -0.08538355
v 0.13386382 1.32244968 -0.09413390
v 0.31902087 1.13949776 0.08146897
v 0.30793321 1.15964055 0.07279001
v 0.15005355 1.37525749 -0.02226823
v 0.15562281 1.36520195 -0.03380504
v 0.30906871 1.16380239 0.08893956
v 0.32018226 1.14301872 0.09778965
v 0.20543285 1.29628897 -0.03216071
v 0.20688067 1.31894004 -0.02000141
v 0.21518017 1.29401517 -0.02741911
v 0.15456638 1.34474468 -0.07619555
v 0.14773968 1.34244215 -0.09101349
v 0.14635557 0.76268554 0.09365876
v 0.15799655 0.75547278 0.06498219
v 0.14858823 1.01289034 0.02105731
v 0.14144751 1.01944423 0.03977893
v 0.10349620 1.02816677 -0.11455156
v 0.10378054 1.01028597 -0.11405672
v 0.13557866 1.35076046 -0.11376008
v 0.11880023 0.97228664 -0.09441482
v 0.10536720 0.96907502 -0.10816400
v 0.10397450 0.99105895 -0.11138794
v 0.11747205 0.99175972 -0.09742282
v 0.10075929 0.94685477 -0.11106443
v 0.10041434 0.93750435 -0.11159471
v 0.08466157 0.80084115 -0.07880563
v 0.07951032 0.80486447 -0.08769457
v 0.26737469 1.19842100 0.02674460
v 0.26160252 1.21408629 0.01954436
v 0.27152973 1.22814262 0.02539094
v 0.27767199 1.21096182 0.03358851
v 0.12847610 0.97485518 -0.07884198
v 0.13577989 0.97746742 -0.06001718
v 0.20330174 1.17900801 -0.00637614
v 0.19793054 1.17477095 0.00759281
v 0.10886806 1.10408401 -0.12136908
v 0.16394089 1.15504658 -0.12015675
v 0.16421521 1.17176843 -0.11606525
v 0.17577593 1.17145634 -0.10647009
v 0.17582184 1.15602982 -0.11105457
v 0.01833841 0.74057645 -0.02761342
v 0.24584512 1.23424530 0.09880419
v 0.23768404 1.24478912 0.09624036
v 0.23222932 1.23655987 0.09864180
v 0.24111249 1.22677231 0.10150480
v 0.00952257 0.70627183 -0.02189137
v 0.00029329 0.69032991 -0.01203088
v -0.01681807 0.73785752 0.03515784
v -0.01441420 0.73867506 0.01303678
v 0.08153287 0.62756884 -0.01745586
v 0.09253468 0.65851259 -0.02345779
v 0.07002751 0.59766310 -0.01054862
v 0.05854877 0.56600356 -0.00356305
v -0.03209061 0.39614540 0.07632321
v -0.03936867 0.37441570 0.09824730
v -0.09179009 0.32469249 0.16307844
v -0.11263613 0.30592686 0.18528529
v -0.13388188 0.28545159 0.20997439
v -0.15556587 0.26455081 0.23513332
v -0.17487217 0.24235195 0.25694153
v 0.31692785 1.14200377 0.11345568
v 0.30468383 1.16455579 0.10515162
v 0.29770166 1.15880406 0.11846474
v 0.31115893 1.13648009 0.12655286
v 0.23658450 1.13559413 0.07612453
v 0.24232681 1.13860667 0.06442371
v 0.25262281 1.12028170 0.07445695
v 0.24763837 1.11812830 0.08588387
v 0.25948772 1.09983122 0.09604642
v 0.25818744 1.09902894 0.10776226
v 0.24469618 1.11722636 0.09673481
v 0.27132562 1.10989356 0.13733555
v 0.28152251 1.11749935 0.14113185
v 0.26566258 1.13859415 0.13201943
v 0.25658908 1.12825072 0.12835203
v 0.30282408 1.13027573 0.13587597
v 0.28911880 1.15163422 0.12784551
v 0.27845156 1.14521468 0.13243826
v 0.29276916 1.12381983 0.14084543
v 0.27809456 1.10876942 0.06456125
v 0.26909804 1.10444593 0.07342561
v 0.25930747 1.12370896 0.06359959
v 0.26853293 1.12850773 0.05491592
v 0.27920702 1.24122238 0.03830834
v 0.28429917 1.22220612 0.04693364
v 0.21457703 1.20661974 0.01068078
v 0.22487363 1.21470904 0.00285753
v 0.22868411 1.21107435 0.00831290
v 0.21844977 1.20739353 0.01598074
v 0.29106301 1.17323852 0.04950190
v 0.28368625 1.19256139 0.04118105
v 0.29033822 1.20147574 0.05493668
v 0.29777527 1.18017316 0.06391059
v 0.25842807 1.14762926 0.04493736
v 0.24944606 1.14244103 0.05316750
v 0.24002166 1.16148937 0.04322538
v 0.24916562 1.16587484 0.03459608
v 0.23434977 1.13967717 0.10865486
v 0.22167629 1.15633607 0.09718150
v 0.24951343 1.20158553 0.01842152
v 0.25516555 1.18770218 0.02549313
v 0.20103686 1.16916156 -0.01009206
v 0.18635592 1.15955961 0.03408130
v 0.18934360 1.16863632 0.03656152
v 0.18892981 1.11102390 -0.05655651
v 0.19559014 1.12331879 -0.06215772
v 0.18001327 1.12165797 0.00754354
v 0.18500903 1.13564038 0.01166074
v 0.19268630 1.11751449 -0.04886217
v 0.19661967 1.12510562 -0.05555700
v 0.14020634 1.06355405 -0.06860340
v 0.13314797 1.31226146 -0.09320511
v 0.27316040 1.18184268 0.03419997
v 0.26064458 1.17293286 0.03216647
v 0.21758188 1.18414271 0.09957832
v 0.20888950 1.19332314 0.09111778
v 0.20674239 1.18838763 0.08516733
v 0.21452750 1.17714953 0.09462610
v 0.12890585 1.20708537 0.09240006
v 0.11051134 1.20107722 0.09431410
v 0.11991461 1.18346834 0.09193395
v 0.13623875 1.19155169 0.08953777
v 0.25841093 1.24107027 0.09198168
v 0.26752192 1.23999071 0.08662261
v 0.26086304 1.25687718 0.08106817
v 0.25141373 1.25459266 0.08810270
v 0.27088737 1.25662434 0.07060842
v 0.27739874 1.23689842 0.07763319
v 0.28463235 1.23053193 0.06353210
v 0.27859098 1.25132811 0.05584312
v 0.11379673 0.80953622 0.11636840
v 0.13813575 0.80227757 0.10041009
v 0.15518589 0.94214648 0.00833105
v 0.15171637 0.93488497 -0.01301665
v 0.13893472 0.83974922 -0.02773773
v 0.06795745 0.73853397 -0.04838922
v 0.04327583 0.73178363 -0.04394669
v -0.00848625 0.66688758 0.00083672
v 0.15265287 0.79278862 0.08137989
v -0.01511399 0.63810575 0.01558702
v -0.02040039 0.60806239 0.02939533
v -0.02198079 0.61594594 0.09570347
v -0.00705618 0.61366320 0.11606608
v -0.00362428 0.64254916 0.11095975
v -0.02010219 0.64641559 0.08824143
v 0.01331594 0.60865331 0.12950341
v 0.01792082 0.63655579 0.12613925
v 0.07512338 0.49728167 0.03790307
v -0.10380850 0.40122896 0.22268341
v -0.10717040 0.37287629 0.25328365
v -0.08580563 0.39794934 0.23432606
v -0.12311476 0.37732613 0.24233595
v -0.06840836 0.38721514 0.23979679
v -0.04899805 0.40707630 0.21917279
v -0.06540255 0.30782431 0.22925803
v -0.14147741 0.35037720 0.26052091
v -0.12787859 0.34573150 0.27053925
v -0.09011047 0.36321509 0.25809801
v -0.11346621 0.33685744 0.27514699
v 0.01757605 0.71725678 -0.02950426
v 0.15632945 0.71987623 0.03977349
v 0.16159271 0.74929255 0.03213726
v 0.13787948 0.76971859 -0.01995236
v 0.11727528 0.76179802 -0.03567532
v 0.14038828 0.99693477 -0.04085096
v 0.14732465 1.00072551 -0.02054732
v 0.14699651 1.03435016 -0.02556581
v 0.15092580 1.03852737 -0.00570998
v 0.15009832 1.02223730 -0.00223820
v 0.14713490 1.01749337 -0.02272968
v 0.14715716 1.05074716 0.03605568
v 0.13697536 1.05854881 0.05544277
v 0.13180239 1.04212737 0.05551219
v 0.14254396 1.03462446 0.03787236
v 0.12964505 1.02628326 0.05580700
v 0.11415888 1.03392243 0.06810319
v 0.04670890 1.08452737 0.08004269
v 0.06365576 1.07681417 0.08273454
v 0.06841204 1.09734404 0.08451217
v 0.05187288 1.10669923 0.08086991
v 0.09033079 0.79455686 -0.07003097
v 0.02912729 0.73068583 -0.03801206
v 0.10221826 0.68789887 -0.02768599
v 0.13326743 0.71532786 -0.01483808
v 0.14916478 0.71611398 0.01026857
v 0.21823440 1.18635571 0.05001930
v 0.16337724 1.22006965 0.08369617
v 0.16462715 1.20759988 0.08181335
v 0.28341731 1.21526825 0.08518861
v 0.29028884 1.20889616 0.07137509
v 0.24254164 1.18096638 0.02601066
v 0.26655117 1.24330604 0.01871189
v 0.25582361 1.22805810 0.01336753
v 0.25169811 1.24064994 0.00635809
v 0.15260942 0.82354432 -0.00368791
v 0.16420244 0.80411720 0.02314028
v 0.15341790 0.79854870 -0.00119042
v -0.00555213 0.73844969 -0.00117981
v 0.09415420 0.74951351 -0.04502079
v -0.02558705 0.57855463 0.04093992
v -0.03169158 0.55128080 0.05055140
v -0.03904359 0.52610451 0.05941543
v -0.04693661 0.50242448 0.06866726
v -0.05478878 0.47998434 0.07872964
v -0.06065499 0.45961517 0.09062968
v -0.06446145 0.44170809 0.10310711
v -0.07468601 0.42623937 0.12073253
v -0.11164334 0.38661325 0.14743358
v -0.11294857 0.39906150 0.15914585
v -0.09253053 0.41378558 0.13982014
v -0.13356423 0.38185328 0.17866777
v -0.15247905 0.36177659 0.19973709
v -0.16754578 0.33751118 0.22230493
v -0.18255709 0.31169987 0.24407995
v -0.20042016 0.28664660 0.26475963
v 0.01207775 0.73995894 -0.02059070
v 0.00390327 0.73938870 -0.01165656
v 0.19396780 1.29753435 -0.03711276
v 0.19535592 1.18054342 0.02538667
v 0.19735666 1.18786478 0.02899497
v 0.23734634 1.19402194 0.01943097
v 0.27589455 1.17065215 0.12031212
v 0.28386709 1.17945135 0.11247909
v 0.23269159 1.17909956 0.03455462
v 0.20648502 1.20262539 0.02099922
v 0.21164748 1.20745349 0.02488879
v 0.40675479 1.01576173 0.05002745
v 0.41269884 1.01111138 0.06095846
v 0.41879782 0.99871868 0.04572346
v 0.41232106 1.00303674 0.03589951
v 0.39653888 1.01622987 0.04186066
v 0.40226254 1.00309682 0.02921449
v 0.35711384 0.97686821 0.05250140
v 0.35982266 0.98820823 0.04584046
v 0.37045449 0.97480702 0.03529383
v 0.36892414 0.96423507 0.04201801
v 0.39788145 0.98629808 0.01440983
v 0.38990492 0.98008877 0.01584281
v 0.38193899 0.99323893 0.02686970
v 0.39163798 0.99946421 0.02613457
v 0.36670634 0.96231329 0.07260869
v 0.37550902 0.96207225 0.08098532
v 0.36250439 0.97271693 0.09284057
v 0.35385126 0.97346044 0.08313926
v 0.31812882 1.03437448 0.08956534
v 0.31454259 1.02348268 0.09707069
v 0.30826700 1.03500855 0.10079753
v 0.31288272 1.04508030 0.09252430
v 0.39363521 1.04168761 0.07752214
v 0.39733306 1.03636587 0.09046488
v 0.40553960 1.02381420 0.07586397
v 0.40051323 1.02891111 0.06368314
v 0.35900116 1.03563499 0.05986475
v 0.34796619 1.02701902 0.06221898
v 0.34035948 1.04128492 0.07324199
v 0.35188290 1.04944777 0.07159637
v 0.38597757 1.05429399 0.09199317
v 0.38750064 1.04820061 0.10520835
v 0.37424180 1.00724280 0.03743391
v 0.36553112 0.99845725 0.04104324
v 0.35653830 1.01274407 0.05134406
v 0.36660671 1.02139103 0.04834934
v 0.39051348 0.94221252 0.04802211
v 0.39902398 0.94305813 0.05451976
v 0.38780311 0.95246089 0.06809141
v 0.37911963 0.95183897 0.06069284
v 0.38444135 0.97182643 0.01955335
v 0.38102102 0.96228039 0.02435635
v 0.37504879 0.98476022 0.03054892
v 0.42843485 0.97182888 0.04878326
v 0.42806667 0.97988909 0.04021518
v 0.42164585 0.99188560 0.05624967
v 0.42084706 0.98297095 0.06521754
v 0.33530810 1.00529623 0.07303475
v 0.33974892 1.01637745 0.06693764
v 0.34925929 1.00215673 0.05630799
v 0.34590074 0.99087512 0.06285770
v 0.38413045 1.04369688 0.06681044
v 0.39044365 1.02995920 0.05439948
v 0.41245747 0.99397874 0.08144732
v 0.41426748 1.00365448 0.07209648
v 0.40563029 1.01563191 0.08745714
v 0.40292355 1.00534523 0.09719653
v 0.38288677 1.00357044 0.11785363
v 0.37056851 0.99401009 0.11685403
v 0.38417795 0.98405492 0.10308631
v 0.39521664 0.99363440 0.10283671
v 0.32571512 1.02035487 0.08267765
v 0.32358891 1.00919843 0.09065737
v 0.34077027 0.98628402 0.09296246
v 0.34892789 0.98435795 0.10368304
v 0.33512753 0.99672091 0.11355238
v 0.32702971 0.99984270 0.10181607
v 0.35434881 1.07915390 0.09039617
v 0.36361879 1.07976210 0.10233487
v 0.36973393 1.06943941 0.09312904
v 0.35831791 1.06837034 0.08380447
v 0.37661910 1.06612015 0.10589021
v 0.36777991 1.07644939 0.11649287
v 0.34850687 1.08550131 0.13952620
v 0.34161609 1.07819366 0.14871316
v 0.34979758 1.07033110 0.14684488
v 0.35648981 1.07806611 0.13645564
v 0.35476518 1.02273738 0.14674124
v 0.34045950 1.01558959 0.14342135
v 0.35591084 1.00435567 0.13020860
v 0.36928174 1.01292884 0.13264431
v 0.31569025 1.02149284 0.14101534
v 0.31032935 1.02040660 0.12678249
v 0.32154405 1.00900757 0.12202515
v 0.32954860 1.01053047 0.13430908
v 0.28136134 1.06704354 0.12668915
v 0.28062534 1.06685841 0.11564831
v 0.28858432 1.05423450 0.12080637
v 0.29071850 1.05373561 0.13249758
v 0.29309091 1.06245923 0.09691225
v 0.28684193 1.07263672 0.09153233
v 0.29475656 1.07717156 0.08248045
v 0.30053121 1.06808019 0.08791502
v 0.33932674 1.10544622 0.09767398
v 0.34149888 1.10843718 0.11445385
v 0.34789914 1.10162866 0.11515348
v 0.34408775 1.09904575 0.09944011
v 0.34108236 1.03217494 0.15818863
v 0.32417738 1.02658415 0.15497620
v 0.29792053 1.05390608 0.09986189
v 0.30446568 1.06084955 0.09057312
v 0.30844218 1.05331039 0.09241585
v 0.30300668 1.04501700 0.10145317
v 0.32478765 1.07748044 0.08494239
v 0.33673707 1.08598709 0.08832090
v 0.33877778 1.08068407 0.08696862
v 0.32712007 1.07128298 0.08514597
v 0.34755570 1.09364426 0.09776199
v 0.35319370 1.09541130 0.11298998
v 0.35871294 1.08870959 0.10820705
v 0.35094211 1.08725119 0.09436639
v 0.33165714 1.04024303 0.16335785
v 0.34214315 1.04953492 0.15957798
v 0.33259550 1.05553305 0.16127744
v 0.32283378 1.04731297 0.16293138
v 0.30562156 1.03200722 0.14111771
v 0.30188733 1.03143382 0.12776987
v 0.33013982 1.06343961 0.08495454
v 0.32025537 1.05418658 0.08673126
v 0.31700581 1.06199872 0.08630520
v 0.36036810 1.08496451 0.12322991
v 0.28407085 1.06808913 0.13670970
v 0.28850603 1.07103896 0.14544956
v 0.27781382 1.08507776 0.13869585
v 0.27345005 1.08178091 0.12950559
v 0.27158877 1.08060646 0.11921476
v 0.27174845 1.08100700 0.10775943
v 0.27885407 1.08637750 0.08357227
v 0.28727284 1.09081209 0.07441188
v 0.29876882 1.09683967 0.06922600
v 0.31083101 1.10453093 0.06922822
v 0.31774110 1.09098673 0.07770331
v 0.30563772 1.08351696 0.07742056
v 0.32950357 1.12033653 0.09000371
v 0.33120066 1.12348640 0.10679454
v 0.33860591 1.10619414 0.12816127
v 0.32889915 1.12092185 0.12205194
v 0.29471037 1.04727912 0.11160582
v 0.28900170 1.05740666 0.10837932
v 0.40638107 0.98354042 0.08746226
v 0.39645860 0.97411144 0.08883856
v 0.40751761 0.96420020 0.07382245
v 0.41617990 0.97322625 0.07132621
v 0.40827867 0.94768947 0.05785133
v 0.39748102 0.95704424 0.07239927
v 0.38516936 1.01343429 0.03770395
v 0.37852156 1.02725995 0.04935728
v 0.40766999 0.99047059 0.01617567
v 0.34150422 1.07238269 0.08519934
v 0.34551284 1.06232190 0.08096744
v 0.33329371 1.07066703 0.15612741
v 0.33373749 1.08615196 0.14914514
v 0.32537705 1.07894015 0.15525141
v 0.35357371 1.04374874 0.15330929
v 0.36699873 1.03601432 0.14195476
v 0.37275445 1.04949558 0.13083521
v 0.35863844 1.05879569 0.14422263
v 0.31507140 1.05448163 0.15987425
v 0.32439172 1.06219602 0.16037069
v 0.31618860 1.07141483 0.15766720
v 0.30648932 1.06446040 0.15633909
v 0.33016771 1.09817564 0.08439796
v 0.33412158 1.09099543 0.08788283
v 0.31551215 1.10992813 0.14325275
v 0.32503346 1.09651077 0.14704704
v 0.33291450 1.10151684 0.13897072
v 0.32355988 1.11499941 0.13463213
v 0.34079412 1.09270263 0.14044970
v 0.30549932 1.10472667 0.14786784
v 0.31632411 1.09027362 0.15224971
v 0.32225475 1.11330605 0.07604867
v 0.29637161 1.07731497 0.15175247
v 0.30637127 1.08402646 0.15394469
v 0.29533172 1.09857440 0.14855717
v 0.28502038 1.09163797 0.14556260
v 0.38564807 0.96683699 0.08637585
v 0.37275431 0.97692525 0.09942798
v 0.30712551 1.02476287 0.11252628
v 0.31518728 1.01311636 0.10862267
v 0.30049184 1.03622246 0.11340515
v 0.35975793 0.96697712 0.06220989
v 0.37211108 0.95566541 0.05135750
v 0.33515683 0.99393517 0.08176939
v 0.34730253 0.97996086 0.07223053
v 0.39172414 1.01596868 0.11252464
v 0.30209467 1.04432392 0.14780001
v 0.29832202 1.04222476 0.13728499
v 0.31016305 1.03491163 0.15273677
v 0.27397180 1.08330703 0.09499989
v 0.28213182 1.06885624 0.10322462
v 0.32244104 1.03497326 0.16205573
v 0.26266003 1.10188484 0.08442755
v 0.36524010 1.06965792 0.13034937
v 0.35308734 1.09194982 0.12767968
v 0.34603602 1.09842777 0.12921683
v 0.42460942 0.98669583 0.03032185
v 0.37135136 1.04134333 0.06094958
v 0.33433467 1.05354834 0.08178720
v 0.32476044 1.04434943 0.08448291
v 0.30725709 1.04818106 0.15564063
v 0.29847819 1.05823588 0.15102506
v 0.29389596 1.05500078 0.14245676
v 0.32209080 1.08259678 0.08270544
v 0.31065607 1.07484221 0.08273284
v 0.38378704 0.94531620 0.03987630
v 0.31382775 1.06860042 0.08543958
v 0.37577930 1.05898118 0.11963917
v 0.06339685 1.31144416 0.03228381
v 0.17380735 1.10879505 0.00430405
v 0.15499501 1.08188701 -0.03927824
v 0.16035484 1.08723378 -0.02253355
v 0.19111173 1.16111183 0.01878605
v 0.19362001 1.17155075 0.02184956
v 0.20240179 1.19646657 0.03122490
v 0.20671682 1.20348191 0.03454915
v 0.19073512 1.13799465 -0.00498207
v 0.21944658 1.48874974 -0.04910432
v 0.21435399 1.48363638 -0.04694076
v 0.22602445 1.50020933 -0.04994868
v 0.09818491 0.95828259 -0.11216317
v 0.21830335 1.47388077 -0.05694997
v 0.21257327 1.46749902 -0.05531811
v 0.21857451 1.46944749 -0.05449316
v 0.21894848 1.47458506 -0.05882432
v 0.21964367 1.47539592 -0.05939109
v 0.23191299 1.49900877 -0.05836270
v 0.20941649 1.47673142 -0.04652954
v 0.20556383 1.46823812 -0.04750957
v 0.22851458 1.48537576 -0.06198910
v 0.00597307 0.97482455 0.07533883
v -0.01237189 0.97521234 0.06311625
v -0.01753499 0.95540762 0.06946252
v 0.00306383 0.95489728 0.08217898
v -0.02332871 0.93632609 0.07555847
v 0.07964066 0.89548403 0.12372537
v 0.10550382 0.89637995 0.11623757
v 0.10590634 0.91848737 0.11130743
v 0.08146725 0.91828811 0.11904402
v 0.12579124 0.93451977 0.09379166
v 0.10483327 0.93796098 0.10463104
v 0.12812893 0.91715807 0.09811993
v 0.14545140 0.91177636 0.08011495
v 0.14279261 0.92971134 0.07669055
v 0.15636304 0.90290856 0.05964239
v 0.15393125 0.92251408 0.05657393
v 0.16089924 0.89270359 0.03850105
v 0.16007906 0.88294470 0.01575754
v 0.15331064 0.85103136 -0.00605843
v 0.14271054 0.86763597 -0.03024072
v 0.15335503 0.87513602 -0.00812256
v 0.11749019 0.85911107 -0.06767000
v 0.13064776 0.86196405 -0.05055572
v 0.09603858 0.86026901 -0.09572211
v 0.10634398 0.85866499 -0.08303756
v 0.19096223 1.27567577 -0.04737476
v 0.15555246 1.35980082 0.01712392
v 0.16193424 1.35422945 0.02225189
v 0.17862062 1.35214996 0.00852716
v 0.14623055 1.31511056 0.06651008
v 0.15790002 1.32844746 0.05635651
v 0.13683666 1.32705760 0.05707162
v 0.12760805 1.31365824 0.06465009
v 0.13960348 1.35744333 0.02446139
v 0.13609330 1.36054134 0.02048740
v 0.14271796 1.35306346 0.03016964
v 0.10708164 1.34682524 0.03159072
v 0.12406877 1.35037637 0.03321276
v 0.21206808 1.33533835 0.02437502
v 0.19887303 1.33174932 0.04286865
v 0.20953913 1.32649851 0.04414487
v 0.22374192 1.32931042 0.02675219
v 0.16832760 1.29753304 0.07484283
v 0.16096957 1.28423750 0.08017358
v 0.17266104 1.28248322 0.08048350
v 0.17981891 1.29476273 0.07512748
v 0.25608343 1.29965532 0.03750177
v 0.24375130 1.30182290 0.05313856
v 0.25435123 1.28892350 0.05893813
v 0.26463819 1.28549778 0.04375378
v 0.18865909 1.30600667 0.06709971
v 0.08476289 1.21438670 0.09022693
v 0.10456625 1.21869493 0.09372915
v 0.12255227 1.22252905 0.09374043
v 0.16248195 1.23237622 0.08501071
v 0.15324160 1.22968054 0.08702007
v 0.15434636 1.21572292 0.08629163
v 0.17082809 1.23474658 0.08552067
v 0.18070655 1.23340511 0.08626291
v 0.23977177 1.22452044 0.00563305
v 0.23614907 1.23104310 -0.00215370
v 0.24734311 1.25186014 -0.00073306
v 0.19979636 1.22181129 0.08644709
v 0.19010007 1.22698867 0.08439457
v 0.18963891 1.22044468 0.08163542
v 0.19870940 1.21681249 0.08401622
v 0.20147061 1.34052587 0.02181675
v 0.24282549 1.28547859 0.07032701
v 0.23162381 1.29658723 0.06450649
v 0.22245905 1.28799629 0.07349817
v 0.23402420 1.27806354 0.07868843
v 0.22506747 1.27141786 0.08451991
v 0.21369752 1.27984262 0.08037932
v 0.20617983 1.27115047 0.08522077
v 0.21722394 1.26415944 0.08857970
v 0.20084594 1.22835445 0.08924635
v 0.19118060 1.23400509 0.08650722
v 0.27406982 1.25802112 0.03158576
v 0.24483049 1.31418824 0.00882599
v 0.24503720 1.29672718 -0.00820306
v 0.23663105 1.30572808 -0.01205467
v 0.23428290 1.32271957 0.00580423
v 0.20955391 1.19514775 0.05198945
v 0.21340351 1.19816518 0.04143930
v 0.20540513 1.19242191 0.06159132
v 0.18909533 1.20765615 0.07320203
v 0.20230190 1.19279313 0.07042654
v 0.23265320 1.20439553 0.01412191
v 0.24448965 1.21434760 0.01216011
v 0.23717360 1.27325201 -0.01538447
v 0.23097295 1.28245485 -0.02082498
v 0.27238926 1.26909328 0.04937129
v 0.26393610 1.27329731 0.06477641
v 0.20816417 1.21474218 0.09217778
v 0.20616643 1.20988393 0.08997251
v 0.21328135 1.20393229 0.09620906
v 0.17990631 1.20647848 0.07714358
v 0.18953317 1.21436095 0.07825713
v 0.23512048 1.32174551 0.02923952
v 0.25244048 1.27207613 0.07624409
v 0.24291947 1.26663303 0.08408397
v 0.20237315 1.28630781 0.07765695
v 0.21046241 1.29583943 0.06998207
v 0.19933520 1.30172205 0.06805468
v 0.19103824 1.29118133 0.07612553
v 0.22746268 1.25563431 0.09352504
v 0.22208826 1.24626553 0.09542480
v 0.18411912 1.27986360 0.08148925
v 0.19520485 1.27615964 0.08284672
v 0.20984975 1.22138143 0.09458120
v 0.22371453 1.28975046 -0.02407056
v 0.21805680 1.26639438 -0.02895005
v 0.21046560 1.27091181 -0.03481842
v 0.22886242 1.24981809 -0.01692036
v 0.22345233 1.25931764 -0.02296941
v 0.23306043 1.23867178 -0.00996291
v 0.20203939 1.27318478 -0.04112457
v 0.31478661 1.04013801 0.15964480
v 0.21151347 1.19868481 0.09458157
v 0.21985681 1.19151044 0.10143344
v 0.22061738 1.19836187 0.10197942
v 0.26365322 1.16554821 0.12301221
v 0.18753095 1.39925182 -0.17868313
v 0.19018427 1.40350187 -0.18214074
v 0.19768192 1.42123246 -0.18706094
v 0.19877411 1.42460680 -0.18723731
v 0.34154099 1.06359315 0.15558217
v 0.34776738 1.05759275 0.15404423
v 0.37981418 1.02642953 0.12748252
v 0.39564764 1.02759266 0.10241763
v 0.38451603 1.03892803 0.11697413
v 0.37733901 1.05721736 0.07989208
v 0.36459997 1.05569243 0.07307534
v 0.33135805 1.03085172 0.07713266
v 0.34422672 0.99882650 0.12355612
v 0.42799610 0.96840012 -0.00794466
v 0.43598562 0.96492869 -0.00098439
v 0.44216454 0.95456976 -0.01671313
v 0.43319899 0.95723194 -0.02283619
v 0.43891057 0.94676036 -0.03755136
v 0.42955482 0.94326556 -0.03874184
v 0.42409042 0.95481324 -0.02540947
v 0.42336249 0.93715388 -0.03585355
v 0.41706470 0.94902271 -0.02350016
v 0.41941580 0.93014014 -0.03087981
v 0.41820520 0.92332101 -0.02628638
v 0.41046745 0.93489063 -0.01523130
v 0.41254318 0.94218910 -0.01944973
v 0.40102005 0.93923020 0.00156750
v 0.41063666 0.92755336 -0.01008613
v 0.41241977 0.92081803 -0.00397451
v 0.40165931 0.93115896 0.00794275
v 0.43267852 0.90483820 -0.00499608
v 0.43973395 0.90632969 -0.00240846
v 0.43039227 0.91535926 0.01177169
v 0.42273498 0.91363156 0.00867142
v 0.43603176 0.93488652 0.02624924
v 0.42847174 0.92882675 0.02748485
v 0.43843168 0.91968262 0.01246352
v 0.44590485 0.92552108 0.01128863
v 0.45576140 0.91663074 -0.00199275
v 0.45894825 0.92395073 -0.00749703
v 0.45000857 0.93241602 0.00711764
v 0.41769543 0.99056846 0.02183495
v 0.42284629 0.97941142 0.00709085
v 0.41297042 0.97826791 0.00255446
v 0.40515283 0.95469582 -0.00779645
v 0.39761522 0.96727902 0.00407968
v 0.40429133 0.97396588 0.00202586
v 0.41068658 0.96143156 -0.01071458
v 0.38020751 0.95256680 0.03118972
v 0.39118797 0.95065647 0.01313679
v 0.39124772 0.94193816 0.01973321
v 0.40223730 0.94717890 -0.00361331
v 0.39362127 0.95937592 0.00815694
v 0.40547052 0.92529666 0.01566409
v 0.41650316 0.91576248 0.00285240
v 0.44084024 0.95828366 0.00756176
v 0.44283164 0.95052952 0.01578133
v 0.45014626 0.94019568 -0.00049607
v 0.44783700 0.94805008 -0.00864033
v 0.39476302 0.93532157 0.02764721
v 0.43574148 0.96099108 0.03203715
v 0.43442717 0.96882421 0.02386375
v 0.44142362 0.94250077 0.02262391
v 0.43305591 0.95241821 0.03847869
v 0.45442075 0.93864101 -0.02369358
v 0.44823572 0.94479573 -0.03201036
v 0.43036935 0.97579193 0.01489989
v 0.41189933 0.92292762 0.02204551
v 0.42008865 0.92438841 0.02625062
v 0.40971598 0.93360066 0.04043503
v 0.40130091 0.93248147 0.03513391
v 0.41726196 0.95435500 0.05779238
v 0.41847870 0.93823594 0.04248791
v 0.42662126 0.94456506 0.04188757
v 0.44799200 0.91032434 -0.00069518
v 0.42461249 0.96262562 0.05494739
v 0.45169362 0.87990236 -0.08772336
v 0.44503710 0.88413078 -0.08248095
v 0.44222739 0.88629776 -0.09277479
v 0.44956738 0.88247722 -0.09731178
v 0.42493615 0.89656478 -0.08430444
v 0.42225897 0.90749896 -0.08312090
v 0.42373201 0.90743124 -0.09571795
v 0.42600715 0.89821631 -0.09663875
v 0.44934398 0.88676250 -0.10520329
v 0.44139576 0.88934499 -0.10120015
v 0.45004582 0.89269888 -0.10821806
v 0.46008903 0.89024830 -0.11221521
v 0.45606029 0.88451707 -0.11022951
v 0.46645555 0.88690531 -0.11672957
v 0.46703225 0.89706767 -0.10608046
v 0.47435889 0.88940239 -0.11253576
v 0.48273659 0.89089382 -0.08593403
v 0.48562884 0.88602775 -0.07721300
v 0.49060628 0.87691408 -0.08730905
v 0.48677644 0.88194293 -0.09629156
v 0.48936433 0.86768323 -0.06914993
v 0.49067289 0.87174225 -0.07894005
v 0.48589915 0.88178611 -0.06945081
v 0.48496994 0.87764740 -0.06115602
v 0.45632035 0.87588769 -0.07366832
v 0.45075589 0.87965482 -0.06667767
v 0.44873407 0.88193852 -0.07271580
v 0.45456651 0.87798721 -0.07889272
v 0.44699651 0.90101242 -0.11283644
v 0.45435378 0.90324593 -0.10516347
v 0.45473927 0.89772224 -0.10845901
v 0.44570613 0.89760011 -0.11311735
v 0.43782115 0.88130414 -0.04289095
v 0.43436137 0.88986689 -0.03562225
v 0.43215901 0.89515853 -0.04154931
v 0.43596649 0.88661754 -0.04722799
v 0.42280203 0.90745181 -0.06219299
v 0.42577630 0.90739703 -0.05356450
v 0.42742598 0.92138833 -0.05571632
v 0.42763239 0.91999751 -0.06417279
v 0.42177644 0.90744209 -0.07185932
v 0.42733622 0.91904426 -0.07261963
v 0.42771932 0.91701758 -0.08330016
v 0.42837784 0.91483951 -0.09608628
v 0.43940973 0.88551140 -0.02829625
v 0.44230115 0.87788826 -0.03188847
v 0.47790712 0.85099590 -0.14786635
v 0.47803038 0.84641260 -0.14473005
v 0.47658306 0.85038465 -0.14124788
v 0.47642264 0.85504073 -0.14440022
v 0.45940426 0.88292527 -0.02496453
v 0.46667716 0.88850492 -0.02740012
v 0.46250576 0.89198077 -0.02247290
v 0.45449302 0.88705605 -0.02166821
v 0.46482381 0.87698305 -0.02905999
v 0.47171009 0.88390261 -0.03333123
v 0.48910558 0.85497588 -0.15022759
v 0.48425660 0.85578352 -0.15111674
v 0.48369309 0.85973322 -0.14704712
v 0.48866135 0.85888565 -0.14575298
v 0.45500001 0.87923986 -0.10324527
v 0.45667070 0.87609732 -0.09437932
v 0.46395651 0.86890608 -0.11413445
v 0.46093532 0.87156188 -0.10271184
v 0.45902276 0.87682593 -0.11039056
v 0.46291372 0.87443632 -0.11743398
v 0.46577361 0.86394531 -0.08433922
v 0.46188697 0.86955810 -0.07707255
v 0.46098277 0.87186098 -0.08460419
v 0.46469796 0.86606634 -0.09212570
v 0.46161827 0.86192751 -0.06741367
v 0.46620438 0.85670888 -0.07392855
v 0.46593454 0.85238194 -0.06873740
v 0.46172783 0.85739255 -0.06340547
v 0.47392461 0.84958941 -0.09124459
v 0.47940284 0.84494036 -0.09696139
v 0.48062608 0.84267759 -0.09238185
v 0.47467020 0.84672213 -0.08673812
v 0.45912912 0.89538848 -0.01775990
v 0.45059431 0.89162570 -0.01758994
v 0.48456919 0.85818720 -0.05205239
v 0.47808659 0.85381091 -0.04592814
v 0.48170388 0.84518898 -0.04976232
v 0.48807979 0.85006487 -0.05626531
v 0.47160637 0.89512438 -0.03318425
v 0.46831527 0.89888453 -0.02738322
v 0.49295527 0.85181153 -0.14757173
v 0.49263802 0.85575724 -0.14303680
v 0.43785518 0.92042190 -0.08225058
v 0.43719339 0.91756833 -0.09584774
v 0.43794155 0.92308354 -0.07141183
v 0.43765751 0.92535156 -0.06394677
v 0.43628711 0.92942363 -0.05743207
v 0.46467683 0.86601245 -0.10315122
v 0.45769706 0.87511230 -0.08534153
v 0.45659998 0.87385511 -0.06970890
v 0.45767626 0.85460234 -0.04851301
v 0.45426700 0.85873502 -0.04356481
v 0.45239982 0.86262572 -0.05211063
v 0.45688799 0.85816306 -0.05483307
v 0.47033489 0.84937578 -0.04440244
v 0.46498477 0.84813255 -0.04863085
v 0.46871686 0.84242713 -0.05328108
v 0.47390267 0.84225237 -0.04887851
v 0.44672689 0.90554386 -0.11369570
v 0.45087719 0.90902930 -0.10345696
v 0.45074296 0.87861830 -0.02580611
v 0.44648999 0.88472748 -0.02327175
v 0.44309720 0.89069569 -0.02013396
v 0.44305208 0.88243133 -0.05642988
v 0.43449175 0.88968927 -0.05020683
v 0.43178147 0.89203775 -0.05497016
v 0.44215420 0.88437361 -0.06023876
v 0.43531552 0.88763654 -0.07699017
v 0.42586315 0.89487302 -0.07217561
v 0.43324289 0.88966572 -0.08836986
v 0.42933711 0.90003377 -0.04628600
v 0.42997044 0.90233040 -0.03614984
v 0.42745072 0.90794873 -0.04166679
v 0.43323249 0.89668131 -0.03015862
v 0.43744153 0.89240932 -0.02449103
v 0.42635792 0.90843034 -0.02998589
v 0.42420635 0.91444427 -0.03530417
v 0.43027982 0.90308577 -0.02395909
v 0.43468520 0.89896148 -0.01887257
v 0.46255404 0.90959561 -0.01263566
v 0.45487422 0.90243596 -0.01067464
v 0.46561760 0.90323871 -0.02089669
v 0.42711318 0.92830718 -0.04719774
v 0.42627913 0.91479099 -0.04798852
v 0.42448097 0.92089850 -0.04103895
v 0.43389696 0.93512893 -0.05010082
v 0.42702353 0.89938593 -0.10491292
v 0.42773432 0.89938170 -0.11257823
v 0.43312228 0.89470875 -0.11259429
v 0.43359849 0.89474672 -0.10574038
v 0.47169796 0.88247317 -0.12138809
v 0.46560702 0.87942785 -0.12091352
v 0.46094295 0.88245374 -0.11554445
v 0.44294056 0.87315655 -0.04511692
v 0.44656494 0.87003255 -0.03518777
v 0.46676037 0.86407965 -0.11236830
v 0.48738667 0.86361444 -0.14049585
v 0.48209774 0.86427760 -0.14203070
v 0.47831285 0.87209874 -0.13306583
v 0.48452801 0.87136328 -0.13173650
v 0.47454229 0.85817492 -0.11641259
v 0.46983013 0.86194789 -0.11825834
v 0.47230980 0.85748452 -0.12427603
v 0.47783905 0.85484660 -0.12290926
v 0.47933978 0.84007138 -0.08563174
v 0.47457305 0.84315449 -0.08094300
v 0.48718151 0.87055928 -0.10613944
v 0.48496881 0.87976408 -0.11273684
v 0.48205432 0.88816148 -0.10467194
v 0.46624926 0.86042225 -0.07860465
v 0.46993023 0.85486007 -0.08503760
v 0.47037491 0.85144746 -0.08050789
v 0.46707967 0.86279994 -0.10385202
v 0.46946335 0.86074901 -0.10985152
v 0.47064507 0.85851920 -0.10394017
v 0.46741024 0.86185819 -0.09768994
v 0.47436556 0.86258203 -0.04034163
v 0.46423581 0.85642231 -0.03862949
v 0.48030305 0.85435539 -0.15013050
v 0.47922859 0.85837245 -0.14654024
v 0.44645146 0.89809501 -0.01158600
v 0.43953213 0.89707786 -0.01505540
v 0.46182594 0.86632580 -0.07194917
v 0.47703186 0.89572811 -0.09515963
v 0.45627201 0.87112927 -0.06563161
v 0.49067795 0.84715009 -0.07469542
v 0.48634940 0.84197050 -0.07156850
v 0.48796386 0.83898836 -0.07812108
v 0.49333557 0.84225237 -0.07945783
v 0.48250338 0.84893584 -0.13132800
v 0.47702402 0.85090482 -0.13337742
v 0.47991577 0.84657586 -0.13827457
v 0.48507249 0.84495395 -0.13641383
v 0.46718413 0.86652869 -0.12011357
v 0.46656874 0.87155700 -0.12291579
v 0.46979743 0.86660993 -0.12963255
v 0.46965462 0.86175036 -0.12670718
v 0.46980926 0.87550843 -0.12558110
v 0.47313300 0.87038541 -0.13217346
v 0.48887822 0.84998351 -0.13127233
v 0.49257034 0.85490614 -0.13371228
v 0.48943102 0.86166519 -0.12454866
v 0.48494068 0.85601771 -0.12313266
v 0.48037344 0.88679206 -0.05321921
v 0.47916332 0.88198215 -0.04607101
v 0.48329124 0.87235069 -0.05326022
v 0.48731562 0.86249501 -0.06017216
v 0.48855504 0.85262525 -0.06707139
v 0.49264914 0.85835934 -0.07657452
v 0.48068142 0.86804324 -0.04658224
v 0.48352957 0.85919613 -0.11160178
v 0.48585528 0.86561787 -0.11575462
v 0.48851603 0.86133242 -0.10963799
v 0.45570329 0.86618614 -0.06022222
v 0.47730350 0.86288202 -0.14165856
v 0.45779750 0.92434472 -0.05816971
v 0.46572942 0.91951376 -0.05093084
v 0.46958950 0.91290927 -0.05737220
v 0.45993745 0.91955167 -0.06514458
v 0.47409201 0.85474330 -0.13618706
v 0.47398221 0.85916108 -0.13948371
v 0.47643831 0.83955282 -0.07594039
v 0.48051697 0.83763796 -0.08093484
v 0.48335847 0.83598560 -0.07821395
v 0.48078406 0.83693004 -0.07307066
v 0.47668818 0.87717241 -0.03999902
v 0.48378417 0.83894980 -0.05298133
v 0.49045405 0.84403408 -0.05834092
v 0.47530860 0.88989645 -0.03911926
v 0.47655201 0.89526355 -0.04618396
v 0.47326073 0.90187776 -0.04060797
v 0.49250039 0.85994959 -0.08929594
v 0.48098892 0.89083147 -0.06047507
v 0.47671479 0.89926368 -0.05264206
v 0.47270551 0.90729266 -0.04752292
v 0.46947899 0.91317010 -0.04233985
v 0.47029257 0.90686524 -0.03508909
v 0.49164066 0.86030877 -0.13754921
v 0.49365237 0.85067511 -0.13933857
v 0.46741661 0.91229290 -0.02797569
v 0.46478537 0.91806608 -0.01890765
v 0.46293181 0.92461997 -0.02681677
v 0.46646670 0.91873062 -0.03559129
v 0.47533965 0.90345669 -0.06032769
v 0.47248954 0.90751755 -0.06759663
v 0.48043755 0.89475590 -0.06781672
v 0.47786066 0.89894557 -0.07620184
v 0.49313948 0.86749607 -0.09665944
v 0.49302554 0.83797598 -0.14802964
v 0.49142021 0.84290206 -0.14165683
v 0.48682058 0.84107798 -0.14071180
v 0.48927391 0.83607632 -0.14691229
v 0.49039429 0.84637213 -0.13671996
v 0.49413067 0.84698904 -0.14408593
v 0.47150654 0.90360987 -0.08558734
v 0.47550035 0.85554105 -0.10970654
v 0.46262050 0.91329396 -0.07683952
v 0.46412224 0.90566850 -0.09699558
v 0.45683262 0.91241360 -0.09173267
v 0.44913644 0.92381561 -0.06966729
v 0.44888490 0.92030835 -0.07956879
v 0.44620514 0.93160397 -0.05589189
v 0.44790325 0.92708474 -0.06235401
v 0.44355872 0.93785661 -0.04854397
v 0.44695041 0.91708446 -0.09322228
v 0.47929394 0.84509623 -0.15269376
v 0.48002261 0.84060335 -0.14933337
v 0.45564342 0.92946535 -0.05153085
v 0.45289433 0.93614388 -0.04364674
v 0.43323982 0.89232117 -0.09843959
v 0.44939941 0.87184185 -0.05568512
v 0.45040509 0.87548232 -0.05979024
v 0.45079169 0.86336583 -0.03926645
v 0.44791639 0.86706585 -0.04911451
v 0.45964065 0.93128985 -0.03557907
v 0.41952878 0.91668034 -0.02137111
v 0.42284220 0.91129780 -0.01520227
v 0.45748594 0.93103480 -0.01515733
v 0.48146826 0.84841001 -0.15540259
v 0.48599622 0.84416807 -0.09779359
v 0.48699179 0.84406114 -0.09550078
v 0.42484602 0.90706843 -0.10507058
v 0.42670989 0.90550256 -0.11356457
v 0.43610823 0.91135293 -0.11565997
v 0.43018103 0.90944427 -0.11485393
v 0.42881671 0.91287750 -0.10612817
v 0.43630251 0.91517502 -0.10646690
v 0.44317383 0.88021034 -0.05382992
v 0.44331303 0.87688857 -0.05062728
v 0.46985179 0.87034464 -0.03438254
v 0.46048406 0.86431032 -0.03315158
v 0.47535488 0.87769032 -0.12620650
v 0.47883764 0.88264883 -0.11846323
v 0.48170379 0.87694132 -0.12409391
v 0.48885697 0.86787629 -0.12803890
v 0.48022658 0.85698205 -0.11298175
v 0.48145336 0.85904348 -0.11704655
v 0.42859149 0.89354205 -0.06232904
v 0.43935966 0.88612431 -0.06710438
v 0.44104993 0.89282101 -0.10672121
v 0.44109604 0.89450723 -0.11214055
v 0.46866012 0.85890609 -0.09071527
v 0.49473205 0.85357052 -0.09886159
v 0.49481386 0.86008972 -0.10391308
v 0.47206751 0.85453171 -0.09682469
v 0.48994413 0.84895587 -0.15600707
v 0.48516989 0.84970248 -0.15679999
v 0.48657361 0.87340945 -0.12001677
v 0.47021103 0.84730637 -0.07483967
v 0.49255651 0.85101253 -0.09148200
v 0.49146599 0.84792435 -0.09789832
v 0.47648942 0.83817303 -0.05239655
v 0.46293178 0.92498285 -0.04417510
v 0.48141861 0.84231299 -0.14172949
v 0.48365113 0.83676630 -0.14673968
v 0.49476129 0.84163213 -0.14998294
v 0.49370790 0.84610379 -0.15313159
v 0.45588481 0.87148094 -0.02884774
v 0.45095760 0.87783253 -0.06311132
v 0.42747101 0.90690315 -0.00933574
v 0.44448021 0.91401076 -0.10483269
v 0.44270989 0.90989488 -0.11511727
v 0.47594449 0.85041958 -0.10215546
v 0.48918164 0.84465623 -0.06584860
v 0.49515557 0.85160685 -0.08144845
v 0.49744484 0.84641826 -0.08497776
v 0.49567080 0.84758949 -0.09228124
v 0.49191803 0.84483790 -0.09557457
v 0.49578056 0.83738697 -0.15450390
v 0.49477306 0.84158421 -0.15777723
v 0.49127632 0.84426975 -0.16087352
v 0.48642761 0.84508246 -0.16114844
v 0.48276699 0.84407014 -0.15912376
v 0.49417508 0.83411366 -0.15262122
v 0.49051303 0.83251774 -0.15128221
v 0.48514780 0.83338314 -0.15085335
v 0.49492678 0.83040905 -0.15623112
v 0.49677339 0.83296037 -0.15908374
v 0.49203670 0.83566356 -0.16996013
v 0.49273753 0.83938915 -0.16579024
v 0.49464172 0.83617485 -0.16655172
v 0.49478456 0.83389938 -0.16922010
v 0.49534306 0.83075559 -0.17186700
v 0.49229169 0.83169836 -0.17248009
v 0.49618271 0.83512717 -0.16399176
v 0.49716228 0.83203542 -0.16668545
v 0.49757242 0.82940882 -0.16385479
v 0.49847227 0.82623428 -0.16666795
v 0.49807933 0.82868683 -0.16953559
v 0.49692315 0.83252424 -0.16215084
v 0.49566621 0.83780456 -0.16160013
v 0.49363247 0.82770091 -0.17379107
v 0.49595898 0.82822680 -0.17338113
v 0.49817100 0.82580560 -0.17201380
v 0.49604365 0.82390851 -0.17245476
v 0.48762912 0.84110123 -0.16483898
v 0.48857424 0.83601516 -0.16884772
v 0.48948842 0.83109176 -0.17152683
v 0.49105904 0.82672447 -0.17270230
v 0.48593122 0.83430755 -0.16715069
v 0.48776534 0.82937807 -0.16966523
v 0.48937204 0.82573020 -0.17054980
v 0.48471409 0.83121645 -0.16486971
v 0.48716119 0.82711774 -0.16777112
v 0.48224136 0.83726346 -0.15985213
v 0.48407403 0.84019661 -0.16265278
v 0.48874128 0.82511318 -0.16894318
v 0.49349180 0.82301849 -0.17122482
v 0.49704126 0.82787353 -0.16141506
v 0.49755788 0.82434535 -0.16469850
v 0.49542487 0.82625198 -0.15987231
v 0.49575508 0.82285792 -0.16353835
v 0.49769253 0.82225794 -0.16850133
v 0.49899551 0.82411349 -0.16916080
v 0.48067981 0.84108138 -0.15607436
v 0.48180562 0.83681107 -0.15281992
v 0.48310789 0.83306301 -0.15663569
v 0.48533970 0.82748950 -0.16170304
v 0.48652035 0.83012152 -0.15447898
v 0.49143136 0.82912391 -0.15491356
v 0.49261862 0.82533884 -0.15905394
v 0.48873404 0.82543039 -0.15918519
v 0.49315214 0.82231951 -0.16289778
v 0.49037048 0.82277060 -0.16341414
v 0.48810169 0.82455546 -0.16548793
v 0.49288413 0.82133937 -0.16647603
v 0.49536616 0.82135725 -0.16749634
v 0.49142635 0.82291919 -0.16935615
v 0.49113008 0.82211709 -0.16592707
v 0.48988187 0.82344884 -0.16760840
v 0.49085334 0.82666892 -0.13052131
v 0.49099335 0.82286447 -0.12666835
v 0.48951805 0.82880676 -0.12274350
v 0.48922068 0.83235276 -0.12652333
v 0.50083607 0.83320963 -0.13313551
v 0.49543482 0.83232009 -0.13450207
v 0.49455637 0.83783180 -0.13064356
v 0.50003201 0.83857566 -0.12905712
v 0.50461292 0.83083427 -0.12866493
v 0.50403512 0.83600909 -0.12438394
v 0.49816018 0.84478390 -0.12439437
v 0.49254808 0.84383482 -0.12597831
v 0.48735785 0.85268426 -0.11691810
v 0.49284279 0.85432041 -0.11587031
v 0.48325258 0.84073675 -0.10467090
v 0.48822746 0.83956683 -0.10331775
v 0.49214843 0.82977176 -0.13339020
v 0.49081412 0.83534765 -0.12940444
v 0.49316391 0.83086085 -0.11229093
v 0.48874989 0.83175075 -0.11438794
v 0.49167794 0.82597780 -0.11940981
v 0.49575666 0.82491767 -0.11733337
v 0.48042834 0.84837544 -0.11319573
v 0.48057023 0.84446192 -0.10857107
v 0.48334807 0.85070896 -0.11592986
v 0.49855030 0.83215505 -0.11189391
v 0.50252813 0.83622926 -0.11430623
v 0.49847132 0.84643674 -0.10604627
v 0.49445024 0.84154046 -0.10368980
v 0.48847705 0.84136140 -0.12463500
v 0.48631227 0.83485281 -0.11786105
v 0.48618704 0.83832324 -0.12177821
v 0.50241214 0.84205437 -0.11948211
v 0.50382048 0.83021885 -0.11924626
v 0.50403422 0.81510645 -0.12788565
v 0.50182158 0.82145035 -0.12169047
v 0.49759945 0.81942719 -0.12134512
v 0.50033027 0.81258988 -0.12738897
v 0.50027323 0.82631600 -0.11718871
v 0.50481826 0.82549930 -0.12387951
v 0.49310607 0.81849539 -0.13648577
v 0.49371818 0.81475848 -0.13256170
v 0.49426192 0.82177293 -0.13922252
v 0.49850571 0.85233450 -0.11109646
v 0.50219262 0.82559830 -0.13887544
v 0.49720162 0.82428497 -0.14011480
v 0.49329346 0.81998873 -0.12325116
v 0.49599022 0.81239152 -0.12891831
v 0.50648528 0.81899595 -0.13010849
v 0.50596970 0.82382649 -0.13450636
v 0.50765228 0.81329876 -0.13491841
v 0.50713408 0.81752431 -0.13918038
v 0.50384563 0.81942689 -0.14348908
v 0.49889934 0.81867146 -0.14414974
v 0.49606442 0.81669313 -0.14267065
v 0.50562400 0.80997211 -0.13262083
v 0.50225109 0.80812013 -0.13172252
v 0.49796429 0.80821067 -0.13258065
v 0.50724816 0.80474347 -0.13670863
v 0.50942481 0.80714953 -0.13952364
v 0.50702119 0.80382496 -0.15412880
v 0.50596935 0.80868965 -0.15157314
v 0.50862873 0.80713707 -0.15026601
v 0.51002437 0.80356169 -0.15330042
v 0.50600719 0.81319743 -0.14777924
v 0.50827777 0.80971634 -0.14783444
v 0.50962061 0.80841094 -0.14522441
v 0.51113194 0.80520976 -0.14758606
v 0.51108640 0.80267322 -0.14442296
v 0.51268864 0.79904127 -0.14705957
v 0.51302159 0.80155742 -0.15061559
v 0.51011026 0.80603987 -0.14280380
v 0.51130486 0.80036265 -0.15502454
v 0.50915962 0.79916477 -0.15503134
v 0.50874245 0.81195641 -0.14296915
v 0.50080079 0.81401110 -0.14764138
v 0.50236350 0.80851299 -0.15116437
v 0.50416774 0.80281150 -0.15330656
v 0.50651431 0.79784381 -0.15369768
v 0.49964118 0.80644238 -0.14941128
v 0.50208277 0.80097789 -0.15166451
v 0.50467175 0.79703450 -0.15198292
v 0.49820927 0.80346316 -0.14658661
v 0.50126356 0.79875273 -0.14941730
v 0.49608153 0.80990368 -0.14236994
v 0.49755132 0.81258059 -0.14553566
v 0.50360465 0.79667664 -0.15032865
v 0.51213098 0.79556966 -0.15346850
v 0.50928277 0.79454803 -0.15214755
v 0.51440549 0.79792893 -0.15367474
v 0.50993180 0.80130953 -0.14241888
v 0.51135010 0.79737979 -0.14538313
v 0.50888085 0.79979283 -0.14047779
v 0.51030409 0.79577935 -0.14407535
v 0.51288700 0.79480958 -0.14904679
v 0.51414341 0.79654431 -0.14970542
v 0.49484625 0.81390685 -0.13972653
v 0.49545220 0.81062472 -0.13584717
v 0.49651751 0.80648917 -0.13856675
v 0.49881190 0.80013275 -0.14280941
v 0.49930170 0.80443895 -0.13540311
v 0.50386947 0.80371034 -0.13529982
v 0.50592899 0.79871303 -0.13948496
v 0.50197166 0.79855484 -0.13992073
v 0.50763440 0.79508251 -0.14349456
v 0.50435501 0.79509014 -0.14388813
v 0.50193256 0.79642236 -0.14634050
v 0.50806880 0.79343134 -0.14719535
v 0.51083726 0.79353362 -0.14809974
v 0.50664788 0.79444355 -0.15041311
v 0.50569946 0.79393709 -0.14664121
v 0.50454438 0.79497492 -0.14866550
v 0.49381751 0.81830573 -0.10695918
v 0.49215820 0.81532305 -0.10279997
v 0.49113721 0.82039511 -0.09977092
v 0.49261385 0.82312113 -0.10406424
v 0.50402313 0.82217264 -0.10718180
v 0.50108194 0.82185483 -0.10906078
v 0.49960169 0.82717651 -0.10635753
v 0.50301385 0.82826483 -0.10416169
v 0.50608414 0.82040203 -0.10291155
v 0.50505251 0.82647365 -0.09908719
v 0.50149924 0.83393747 -0.10098584
v 0.49746257 0.83237195 -0.10352923
v 0.49358934 0.83991069 -0.09813727
v 0.49827746 0.84190315 -0.09574141
v 0.49741086 0.82035482 -0.10902567
v 0.49587387 0.82536292 -0.10625000
v 0.49144173 0.82283068 -0.08970805
v 0.48897806 0.82350087 -0.09233214
v 0.49175906 0.81826878 -0.09583659
v 0.49417889 0.81770217 -0.09347846
v 0.48510870 0.83681923 -0.09450908
v 0.48347658 0.83459651 -0.08989824
v 0.48889130 0.83824956 -0.09734644
v 0.49648383 0.82402575 -0.08872701
v 0.50177443 0.82771683 -0.09008296
v 0.49734044 0.83586395 -0.08415754
v 0.49163434 0.83282137 -0.08294792
v 0.49342617 0.83022296 -0.10336192
v 0.48809060 0.82544523 -0.09646328
v 0.48985919 0.82812667 -0.10094495
v 0.50346011 0.83221024 -0.09519090
v 0.50332099 0.82235128 -0.09411032
v 0.50340903 0.80600768 -0.10191967
v 0.50033510 0.81380594 -0.09602620
v 0.49579912 0.81223017 -0.09626622
v 0.49937508 0.80435079 -0.10169519
v 0.49859560 0.81879663 -0.09238531
v 0.50476503 0.81681514 -0.09827103
v 0.49599162 0.81032872 -0.11133422
v 0.49469382 0.80741447 -0.10739775
v 0.49925470 0.81235719 -0.11340864
v 0.50041628 0.84020907 -0.08953883
v 0.48629147 0.83132946 -0.08329149
v 0.50568271 0.81375515 -0.11231054
v 0.50279570 0.81360120 -0.11379065
v 0.49281794 0.81292963 -0.09852989
v 0.49582994 0.80496037 -0.10337128
v 0.50696021 0.80888093 -0.10407354
v 0.50793982 0.81240672 -0.10835947
v 0.50861168 0.80338812 -0.10770978
v 0.50920850 0.80669391 -0.11205055
v 0.50732332 0.80806208 -0.11612131
v 0.50397313 0.80794263 -0.11713989
v 0.50047714 0.80700761 -0.11621501
v 0.50530422 0.80059326 -0.10577716
v 0.50166947 0.79957002 -0.10552444
v 0.49783906 0.80063766 -0.10660924
v 0.50659662 0.79649478 -0.10831584
v 0.50979847 0.79850286 -0.11108561
v 0.51015806 0.79385483 -0.12553115
v 0.50896561 0.79797029 -0.12327750
v 0.51032227 0.79694599 -0.12168051
v 0.51188594 0.79356790 -0.12409748
v 0.50879735 0.80261421 -0.11947639
v 0.51005071 0.79976296 -0.11952002
v 0.51106417 0.79912591 -0.11662455
v 0.51238406 0.79579961 -0.11876883
v 0.51120579 0.79407859 -0.11510898
v 0.51253670 0.79063821 -0.11736913
v 0.51367021 0.79226416 -0.12110950
v 0.51094306 0.79729235 -0.11394723
v 0.51303971 0.79099429 -0.12525757
v 0.51159680 0.79021484 -0.12622638
v 0.51028943 0.80213225 -0.11483236
v 0.50490266 0.80341262 -0.12022360
v 0.50588614 0.79836261 -0.12343515
v 0.50734681 0.79345906 -0.12566467
v 0.50872546 0.78964895 -0.12571950
v 0.50273526 0.79758537 -0.12196513
v 0.50440818 0.79276860 -0.12417783
v 0.50585169 0.78943866 -0.12423469
v 0.50044221 0.79620361 -0.11937262
v 0.50260544 0.79166907 -0.12185009
v 0.49888632 0.80150807 -0.11608697
v 0.50140232 0.80279642 -0.11875637
v 0.50433338 0.78952301 -0.12258483
v 0.51280224 0.78748095 -0.12350900
v 0.50980496 0.78660059 -0.12278999
v 0.51455992 0.78928113 -0.12304987
v 0.50995779 0.79321629 -0.11286749
v 0.51102287 0.78951001 -0.11558147
v 0.50751704 0.79220879 -0.11147930
v 0.50889981 0.78847009 -0.11476721
v 0.51232421 0.78727722 -0.11890449
v 0.51362002 0.78854352 -0.11953826
v 0.49771813 0.80548054 -0.11384012
v 0.49661347 0.80321372 -0.11005534
v 0.49793315 0.79948729 -0.11251940
v 0.49970365 0.79393607 -0.11596568
v 0.49911171 0.79722416 -0.10917039
v 0.50285411 0.79604518 -0.10820867
v 0.50445926 0.79170132 -0.11133792
v 0.50120264 0.79218447 -0.11257978
v 0.50622839 0.78812432 -0.11469205
v 0.50355238 0.78838283 -0.11581023
v 0.50223380 0.78981400 -0.11884935
v 0.50726801 0.78640753 -0.11805464
v 0.50991929 0.78640246 -0.11828305
v 0.50691134 0.78698748 -0.12172349
v 0.50513053 0.78707075 -0.11801244
v 0.50462151 0.78797770 -0.12061395
v 0.48417377 0.83267760 -0.08577408
v 0.48993868 0.81552804 -0.07261558
v 0.48807976 0.81434131 -0.06935270
v 0.48688003 0.81864721 -0.06829561
v 0.48864698 0.81983411 -0.07128365
v 0.50000161 0.81763482 -0.07175930
v 0.49706134 0.81751227 -0.07448174
v 0.49565881 0.82239240 -0.07341833
v 0.49900565 0.82282269 -0.07056828
v 0.50022739 0.81633437 -0.06663932
v 0.49931321 0.82146990 -0.06514175
v 0.49677342 0.82854939 -0.06947751
v 0.49326384 0.82779527 -0.07254942
v 0.48909387 0.83602810 -0.07033850
v 0.49269831 0.83783984 -0.06720354
v 0.47841239 0.83482957 -0.05516477
v 0.47581875 0.83535135 -0.05879380
v 0.47939882 0.82969600 -0.06094034
v 0.48092973 0.82936233 -0.05710496
v 0.49331701 0.81657338 -0.07440956
v 0.49179083 0.82115889 -0.07331617
v 0.48515373 0.82130909 -0.06006815
v 0.48383564 0.82171142 -0.06373729
v 0.48638102 0.81750929 -0.06482108
v 0.48760363 0.81687444 -0.06150164
v 0.47530648 0.83605230 -0.06336434
v 0.47669414 0.83669406 -0.06840004
v 0.48146969 0.83238828 -0.06852962
v 0.47972378 0.83061898 -0.06492771
v 0.48466009 0.83369112 -0.07022710
v 0.48864502 0.82218045 -0.05810721
v 0.49356893 0.82431769 -0.05927606
v 0.48914361 0.83324742 -0.05561973
v 0.48442301 0.83052361 -0.05522938
v 0.48939759 0.82594442 -0.07228352
v 0.48435730 0.82293421 -0.06735052
v 0.48630106 0.82442844 -0.07067497
v 0.49731511 0.82727492 -0.06373127
v 0.49576354 0.81901431 -0.06103303
v 0.49430323 0.80653143 -0.06285472
v 0.49249607 0.81287098 -0.06077041
v 0.48890066 0.81243575 -0.06205179
v 0.49097306 0.80629802 -0.06373651
v 0.49105752 0.81734979 -0.05979992
v 0.49690020 0.81427521 -0.06239529
v 0.49181113 0.80944574 -0.07460977
v 0.48964214 0.80843234 -0.07117315
v 0.49504510 0.81039470 -0.07615133
v 0.49382383 0.83704907 -0.06095804
v 0.50132340 0.81109357 -0.07390644
v 0.49849504 0.81095868 -0.07619645
v 0.48757428 0.81318611 -0.06565537
v 0.48948169 0.80717432 -0.06709422
v 0.49843925 0.80786312 -0.06461544
v 0.50145733 0.80999315 -0.06898703
v 0.50004572 0.80271852 -0.06635709
v 0.50303370 0.80491805 -0.07065280
v 0.50250793 0.80614609 -0.07559051
v 0.49965543 0.80647343 -0.07778986
v 0.49633300 0.80624485 -0.07724811
v 0.49591720 0.80152863 -0.06473418
v 0.49285755 0.80181986 -0.06571127
v 0.49136776 0.80318797 -0.06853564
v 0.49745712 0.79776824 -0.06704600
v 0.50173205 0.79828978 -0.06897254
v 0.50403273 0.79342717 -0.08179285
v 0.50337011 0.79717064 -0.08036883
v 0.50441331 0.79639298 -0.07857843
v 0.50531203 0.79343587 -0.08031394
v 0.50339592 0.80134022 -0.07724889
v 0.50427467 0.79919428 -0.07676555
v 0.50443786 0.79887033 -0.07373787
v 0.50531405 0.79584533 -0.07541324
v 0.50392473 0.79456079 -0.07202525
v 0.50454664 0.79102480 -0.07376041
v 0.50651288 0.79263705 -0.07695521
v 0.50356853 0.79716587 -0.07133783
v 0.50635833 0.79115868 -0.08094408
v 0.50505549 0.79023135 -0.08194311
v 0.50388145 0.80113459 -0.07244994
v 0.50063926 0.80235648 -0.07907553
v 0.50146067 0.79758000 -0.08121748
v 0.50228792 0.79295325 -0.08252622
v 0.50273991 0.78947520 -0.08195479
v 0.49887505 0.79783762 -0.08047880
v 0.50002569 0.79293072 -0.08175690
v 0.50064743 0.78969389 -0.08108009
v 0.49629790 0.79767036 -0.07844998
v 0.49794009 0.79290122 -0.08000053
v 0.49468005 0.80222452 -0.07631083
v 0.49766639 0.80255723 -0.07835294
v 0.49921617 0.79030126 -0.08012660
v 0.50518066 0.78798234 -0.07894869
v 0.50266421 0.78757918 -0.07925572
v 0.50715405 0.78968793 -0.07814510
v 0.50177777 0.79375088 -0.07035358
v 0.50261402 0.78982103 -0.07263209
v 0.49881107 0.79370695 -0.06941254
v 0.50016254 0.78949749 -0.07247253
v 0.50392491 0.78782642 -0.07542832
v 0.50554484 0.78898734 -0.07525237
v 0.49329495 0.80562139 -0.07551469
v 0.49137211 0.80458426 -0.07219227
v 0.49268097 0.80126238 -0.07335271
v 0.49447358 0.79676497 -0.07555993
v 0.49268430 0.79973328 -0.07005049
v 0.49425143 0.79831541 -0.06770702
v 0.49615335 0.79388177 -0.07026102
v 0.49434781 0.79506773 -0.07244857
v 0.49801749 0.78994596 -0.07358308
v 0.49668527 0.79087996 -0.07526280
v 0.49666727 0.79218340 -0.07769145
v 0.49971029 0.78818142 -0.07671459
v 0.50164032 0.78751618 -0.07601161
v 0.50050348 0.78827918 -0.07924445
v 0.49842191 0.78911924 -0.07721157
v 0.49876398 0.78951526 -0.07891263
v 0.48178911 0.83499652 -0.05386771
v 0.44626921 0.90269071 -0.12440388
v 0.44675136 0.89813566 -0.12322618
v 0.43253362 0.89336193 -0.12140556
v 0.43881220 0.89200878 -0.12150936
v 0.42833227 0.89794517 -0.12219907
v 0.43059063 0.90651029 -0.12514950
v 0.42806119 0.90278137 -0.12401377
v 0.44441664 0.89417452 -0.12234525
v 0.44270211 0.90694398 -0.12561421
v 0.43620965 0.90855026 -0.12582465
v 0.44316784 0.90479821 -0.13528360
v 0.43651867 0.90654290 -0.13602485
v 0.43015707 0.90436465 -0.13510858
v 0.42759594 0.90038323 -0.13247807
v 0.42799178 0.89589757 -0.12952907
v 0.44710267 0.90092492 -0.13312165
v 0.44749606 0.89620888 -0.13072135
v 0.44386524 0.89228958 -0.12864570
v 0.44758737 0.89902532 -0.14160259
v 0.44412768 0.90192801 -0.14680867
v 0.43077677 0.89804614 -0.15592463
v 0.43026230 0.89929378 -0.15096582
v 0.43316746 0.90136880 -0.15277620
v 0.43311372 0.90106726 -0.15687482
v 0.43097103 0.90162104 -0.14570265
v 0.43379653 0.90211463 -0.14998589
v 0.43808851 0.90276349 -0.15067728
v 0.43816066 0.90301943 -0.15389486
v 0.44210696 0.90240800 -0.15110682
v 0.44331461 0.90217125 -0.15400530
v 0.43800896 0.90302664 -0.15804617
v 0.43402648 0.90048999 -0.16046776
v 0.43792382 0.90158367 -0.16172694
v 0.43292996 0.89753348 -0.16051851
v 0.43775564 0.90334404 -0.14613189
v 0.42763156 0.89831543 -0.14077659
v 0.42845505 0.89628410 -0.14833201
v 0.43015635 0.89451689 -0.15462829
v 0.43331057 0.89361656 -0.15923293
v 0.42926636 0.89190114 -0.14545391
v 0.43194452 0.89082474 -0.15247412
v 0.43494874 0.89097035 -0.15658344
v 0.43319130 0.88877964 -0.14350928
v 0.43520951 0.88884848 -0.15088286
v 0.43176401 0.89035612 -0.13383336
v 0.42789796 0.89394909 -0.13667412
v 0.43649521 0.88956392 -0.15447734
v 0.43796000 0.89769816 -0.16308923
v 0.43851972 0.89365995 -0.16102697
v 0.44607469 0.89979702 -0.15223600
v 0.44329333 0.90176815 -0.15775745
v 0.44568780 0.89853203 -0.15690868
v 0.44777542 0.89655644 -0.14926149
v 0.44639128 0.89492035 -0.15518577
v 0.44344658 0.89805067 -0.16096996
v 0.44223225 0.90136796 -0.16100086
v 0.43168607 0.89214242 -0.12756427
v 0.43772334 0.89085037 -0.12761255
v 0.43834499 0.88926780 -0.13342594
v 0.43895939 0.88792038 -0.14275692
v 0.44433236 0.89109784 -0.13508891
v 0.44795445 0.89478797 -0.13802551
v 0.44741637 0.89264357 -0.14662685
v 0.44438764 0.88929957 -0.14418994
v 0.44556761 0.89167655 -0.15318359
v 0.44308102 0.88943505 -0.15128516
v 0.43922761 0.88850904 -0.15055947
v 0.44266570 0.89144647 -0.15679552
v 0.44349045 0.89416182 -0.15935101
v 0.43886909 0.89116061 -0.15796055
v 0.44173062 0.89003265 -0.15467273
v 0.43909019 0.88967991 -0.15485196
v 0.47198373 0.83838636 -0.05656560
v 0.47076240 0.83988607 -0.06219174
v 0.46695164 0.84439689 -0.05847843
v 0.46234685 0.84956580 -0.05351897
v 0.46126342 0.85232127 -0.04471113
v 0.46173567 0.85319734 -0.05883040
v 0.46644098 0.84778702 -0.06374963
v 0.47166246 0.84193903 -0.06921043
v 0.45787585 0.86066413 -0.05943985
v 0.23977315 1.47262096 -0.15344401
v 0.23852246 1.47351909 -0.15697910
v 0.23613453 1.46735406 -0.15263306
v 0.23755206 1.46748459 -0.14999709
v 0.23168504 1.46801805 -0.15827772
v 0.23437117 1.46728873 -0.15552022
v 0.23565680 1.47461164 -0.16078691
v 0.23097517 1.47543693 -0.16344909
v 0.22168441 1.47425532 -0.16418236
v 0.21971281 1.47321272 -0.16493171
v 0.22019954 1.47208500 -0.16473396
v 0.22213416 1.47157812 -0.16370945
v 0.22541079 1.47020543 -0.16249925
v 0.23978643 1.46994519 -0.14667994
v 0.24017139 1.47100639 -0.14806527
v 0.24007924 1.47185218 -0.15068159
v 0.22868116 1.46894574 -0.16085024
v 0.23846495 1.46815240 -0.14776389
v 0.23912004 1.46898341 -0.14654309
v 0.22589296 1.47543144 -0.16428554
v 0.23299657 1.46992815 -0.15883480
v 0.23551226 1.46925473 -0.15594941
v 0.23444256 1.47220254 -0.15972343
v 0.23065914 1.47311568 -0.16232388
v 0.22418053 1.47230673 -0.16330647
v 0.22655384 1.47166133 -0.16273502
v 0.23708910 1.46898282 -0.15299121
v 0.22986738 1.47083628 -0.16132244
v 0.23696008 1.47142112 -0.15627611
v 0.22676675 1.47353792 -0.16361526
v 0.22412296 1.47342169 -0.16366786
v 0.23936109 1.46974087 -0.14750418
v 0.23913093 1.46931565 -0.14746496
v 0.12492663 1.26949775 -0.10751124
v 0.12459178 1.25189924 -0.11147268
v 0.23826486 1.47074747 -0.15319608
v 0.23879431 1.46913254 -0.14863284
v 0.23813598 1.46898758 -0.15051138
v 0.23898639 1.47039938 -0.15060703
v 0.23928963 1.47008657 -0.14866959
v 0.26887161 1.15478528 0.04090414
v 0.28068814 1.16362309 0.04200720
v 0.29826689 1.18649852 0.08055641
v 0.28995979 1.19158983 0.09761404
v 0.12741549 0.99328101 -0.08086880
v 0.08042929 1.06805623 0.08179428
v 0.08550868 1.08715606 0.08450621
v 0.01458551 1.09702694 0.06484547
v 0.03011193 1.09154260 0.07405581
v 0.14947109 1.02851474 0.01839821
v 0.15120378 1.04403651 0.01508468
v 0.14089330 1.01342809 -0.04264618
v 0.14142841 1.03066754 -0.04473953
v 0.15078710 1.00638258 0.00057892
v 0.04273813 1.04137850 0.08135234
v 0.06068798 1.03655648 0.08465427
v 0.06102175 1.05687094 0.08158855
v 0.04379985 1.06312478 0.07960930
v 0.00241798 1.10038722 0.05203943
v 0.00007991 1.07732308 0.05007638
v 0.15256965 1.06686115 0.03313804
v 0.14304073 1.07414293 0.05346409
v 0.11080171 1.09270167 0.07876593
v 0.09276820 1.10387087 0.08467221
v 0.07588723 1.11582911 0.08555508
v 0.05903813 1.12718511 0.08221629
v 0.13862646 1.04660499 -0.06679460
v 0.13137545 1.06434441 -0.08550695
v 0.15573147 1.06053793 0.01064557
v 0.10387122 1.04748058 -0.11524586
v 0.05126771 1.15994120 0.07966569
v 0.03199164 1.16749811 0.06989215
v 0.12823240 1.08285952 0.06822735
v 0.13673811 1.20555091 -0.12138589
v 0.15071565 1.20535767 -0.11168022
v 0.15067758 1.18857384 -0.11847611
v 0.13557579 1.18802500 -0.12696056
v 0.16377415 1.18820822 -0.10978462
v 0.17541067 1.18695354 -0.09989925
v 0.18498771 1.18546653 -0.08960931
v 0.20228134 1.17917860 -0.05908834
v 0.19811343 1.18134630 -0.06891093
v 0.20585133 1.17281556 -0.03913498
v 0.20475073 1.17670834 -0.04935351
v 0.20397811 1.16554570 -0.02766421
v 0.19934951 1.15808713 -0.01459848
v 0.19536060 1.16377652 0.00423793
v 0.19316915 1.15090466 -0.00038926
v 0.19731805 1.14529347 -0.01985366
v 0.20229755 1.15336156 -0.03350075
v 0.20406525 1.15998173 -0.04525467
v 0.11342125 1.12423170 -0.13300081
v 0.11772995 1.14754045 -0.13936667
v 0.12519999 1.28663921 -0.10545616
v 0.35881698 0.98771429 0.11186229
v 0.41846621 0.96669626 -0.01125206
v 0.07594472 1.34173083 0.01791386
v 0.09076238 1.34383750 0.02558530
v 0.14582849 1.34762263 0.03754598
v 0.16729486 1.34944487 0.02929781
v 0.12266066 1.34404302 0.03982043
v 0.10299414 1.33906126 0.03720255
v 0.15664892 1.07216573 -0.01521616
v 0.07867762 1.31407213 0.04111122
v 0.09950698 1.32971168 0.04353008
v 0.11954995 1.33507001 0.04750383
v 0.14432867 1.33908224 0.04746753
v 0.17156222 1.34244967 0.04060835
v 0.18729199 1.33705473 0.04169923
v 0.19771485 1.31714082 0.05700869
v 0.20850630 1.31155229 0.05797190
v 0.21995728 1.30471110 0.06051340
v 0.23231359 1.31211591 0.04885471
v 0.22082472 1.32000804 0.04600002
v 0.27250546 1.22262239 0.09271155
v 0.27405065 1.20680225 0.10062928
v 0.27031812 1.19531775 0.10885200
v 0.26335520 1.18665934 0.11453140
v 0.25295150 1.18178582 0.11616670
v 0.24153486 1.18007016 0.11372001
v 0.22955833 1.18518639 0.10800149
v 0.20473187 1.20534825 0.08759131
v 0.19821920 1.21232331 0.08147593
v 0.17320217 1.20210636 0.07736233
v 0.16700274 1.19633913 0.07913308
v 0.14396052 1.17755091 0.08425434
v 0.13123319 1.16797447 0.08728082
v 0.11560661 1.15781832 0.09028509
v 0.03831952 0.93729657 0.10795465
v 0.05912856 0.93847954 0.11175622
v 0.05984443 0.95620853 0.10457826
v 0.03956127 0.95629990 0.10020451
v 0.00886869 0.99859899 0.06892402
v -0.00683479 0.99970067 0.05594136
v 0.12360338 0.95093489 0.08772060
v 0.13985543 0.94566983 0.07187963
v 0.08154599 0.95620078 0.10404448
v 0.10352264 0.95459735 0.09818102
v 0.15083654 0.93986809 0.05288060
v 0.14625332 0.91066766 -0.03302447
v 0.13863871 0.90460229 -0.05346341
v 0.11781109 0.89833337 -0.08883408
v 0.10525211 0.89770001 -0.10256834
v 0.15659271 0.93240857 0.03240803
v 0.12916821 0.90036094 -0.07238801
v 0.15692694 0.92429531 0.01100824
v 0.15257786 0.91684121 -0.01106893
v 0.02564707 0.99840814 0.07904191
v 0.02335632 0.97602189 0.08507769
v 0.04106936 0.97657323 0.09235024
v 0.04916804 1.23079550 0.06960684
v 0.06505356 1.23107898 0.07899366
v 0.08250786 1.23288488 0.08769405
v 0.10259901 1.25288272 0.08829708
v 0.10112527 1.23599255 0.09186067
v 0.11991446 1.23889601 0.09232743
v 0.12054146 1.25529218 0.08959271
v 0.15295376 1.25663269 0.08588222
v 0.15183744 1.24352574 0.08665222
v 0.16276854 1.24480867 0.08565007
v 0.16343640 1.25727201 0.08554383
v 0.17142223 1.24576676 0.08655433
v 0.18175496 1.24474144 0.08759232
v 0.19271637 1.24178147 0.08775757
v 0.20339830 1.23575354 0.09126532
v 0.21113406 1.25513232 0.09123285
v 0.19982250 1.26174808 0.08787942
v 0.15545152 1.27074480 0.08366162
v 0.14063846 1.27122796 0.08466497
v 0.05852696 1.26001191 0.05919329
v 0.04423550 1.25865817 0.04927257
v 0.18810157 1.14859366 0.01518720
v 0.18266487 1.14810848 0.03157721
v 0.17748484 1.15041852 0.04608640
v 0.17147182 1.15547645 0.05831506
v 0.16541830 1.16310549 0.06860994
v 0.15889616 1.17258525 0.07689907
v 0.16045853 1.19040370 0.08132896
v 0.15292171 1.18414807 0.08301497
v 0.15668480 1.20270443 0.08461769
v 0.14775699 1.19719934 0.08757728
v 0.14327569 1.21109414 0.09030269
v 0.13936217 1.22550440 0.09089699
v 0.13731392 1.24125266 0.08969772
v 0.13750820 1.25668764 0.08775851
v 0.12407372 1.27156043 0.08522214
v 0.10727482 1.26917982 0.08343665
v 0.09567092 1.28259933 0.07324050
v 0.10189938 1.29742336 0.06723079
v 0.08949917 1.26619816 0.07905617
v 0.08411885 1.25030446 0.08414868
v 0.14500867 1.36567926 0.01268851
v 0.12467559 1.36528659 0.01510584
v 0.23190697 1.20067406 0.10701185
v 0.22757988 1.19914675 0.10552414
v 0.22843769 1.19355321 0.10685503
v 0.23635603 1.19217634 0.10996409
v 0.24475630 1.19449782 0.11167279
v 0.24378069 1.21020973 0.10719071
v 0.23808211 1.20382118 0.10789730
v 0.25273687 1.19979334 0.11068963
v 0.25869092 1.20784354 0.10696888
v 0.24909951 1.21761417 0.10476193
v 0.26234779 1.21730220 0.10191722
v 0.25306416 1.22535455 0.10133624
v 0.26235861 1.22815812 0.09634304
v 0.25534678 1.23139977 0.09777765
v 0.23464558 1.26192331 0.08932109
v 0.24316242 1.25156772 0.09311394
v 0.25052831 1.24030721 0.09607396
v 0.21317312 1.22806358 0.09625807
v 0.22260109 1.22074628 0.10038434
v 0.23067094 1.21262586 0.10430281
v 0.23531900 1.21982551 0.10411026
v 0.22695725 1.22825861 0.10024494
v 0.21736908 1.23667526 0.09666051
v 0.05304877 1.24563313 0.06494613
v 0.06780171 1.24801421 0.07524207
v 0.17399938 1.25705695 0.08647594
v 0.18417083 1.25558114 0.08742808
v 0.19478799 1.25180626 0.08838423
v 0.20656167 1.24527228 0.09200852
v 0.18906197 1.26594377 0.08607006
v 0.17826419 1.26858783 0.08484833
v 0.16696106 1.26992941 0.08385964
v 0.07340619 1.26314712 0.07055140
v 0.03787129 1.24469733 0.05523363
v 0.24226165 1.26311409 -0.00794613
v 0.25208741 1.28472042 -0.00176210
v 0.25407669 1.30233264 0.01377150
v 0.24618918 1.31210494 0.03250719
v 0.29515010 1.04285920 0.12488399
v -0.00211807 1.05426168 0.05060004
v -0.00397375 1.02912378 0.05197285
v 0.01008427 1.02586508 0.06542966
v 0.01594094 1.17067862 0.05987348
v 0.03258384 1.23161101 0.06128028
v 0.19212674 1.15342557 -0.09085432
v 0.18516044 1.15510714 -0.10099344
v 0.18514748 1.17015004 -0.09615861
v 0.19248927 1.16850221 -0.08602475
v 0.20038937 1.15129900 -0.07044677
v 0.19742353 1.15209055 -0.08063437
v 0.19775207 1.16686463 -0.07561658
v 0.20140837 1.16526353 -0.06571649
v 0.20223556 1.14972544 -0.06047283
v 0.20357899 1.16351128 -0.05571907
v 0.19531623 1.13664234 -0.08298754
v 0.19057336 1.13758063 -0.09341711
v 0.18376397 1.13946927 -0.10358039
v 0.19973998 1.13614452 -0.06299850
v 0.19803084 1.13656485 -0.07235919
v 0.16533531 1.37310410 -0.15071586
v 0.17404799 1.37254870 -0.16356528
v 0.19187982 1.40752399 -0.18385023
v 0.19248205 1.41198003 -0.18321003
v 0.12350003 1.31254184 -0.10001135
v 0.12462074 1.32380152 -0.10049155
v 0.12041219 1.16762328 -0.13838425
v 0.12221965 1.20390511 -0.12940049
v 0.12237336 1.21732402 -0.12054114
v 0.12341108 1.23387825 -0.11538728
v 0.12489644 1.30074859 -0.10259500
v 0.12152421 1.18573046 -0.13432804
v 0.08479331 0.76321411 0.13398536
v 0.05723535 0.75151241 0.13731794
v 0.06746737 0.77673101 0.13761587
v 0.04698802 0.76701063 0.13910536
v 0.09805232 0.84067392 0.12186308
v 0.09007012 0.81527770 0.12719268
v 0.10274140 0.86901742 0.11834851
v 0.02383735 0.76261377 0.13544779
v 0.00031241 0.76173437 0.12459533
v -0.00420824 0.77986670 0.12869464
v 0.07763855 0.86969149 0.12701859
v 0.07274332 0.84281671 0.13048758
v 0.05587097 0.78429425 0.13894376
v 0.08101124 0.79321778 0.13321458
v 0.06092393 0.79764456 0.13771497
v 0.01966963 0.77944714 0.13700715
v 0.04070757 0.78116202 0.13977455
v 0.00008138 0.93550140 0.09013818
v -0.02590334 0.91580498 0.08431150
v -0.00368408 0.91466331 0.09906630
v 0.08239856 0.93914282 0.11060990
v 0.05737833 0.91694212 0.12009390
v 0.04055373 0.79783970 0.14007863
v 0.01778978 0.79818016 0.13835235
v -0.00655196 0.80017990 0.13072963
v 0.00605677 0.87116653 0.12606071
v -0.00105961 0.84757268 0.13018583
v 0.02258198 0.84477806 0.13580133
v 0.02954201 0.86984092 0.13147135
v 0.05534859 0.89395696 0.12672973
v 0.05251927 0.86905015 0.13169296
v 0.01169243 0.89389807 0.11862548
v 0.03327956 0.89393097 0.12483115
v 0.03573619 0.91610396 0.11683370
v 0.04776553 0.84263182 0.13564657
v -0.02993465 0.82530266 0.11734465
v -0.00538687 0.82356304 0.13118127
v -0.04937173 0.82831788 0.09521230
v 0.01603743 0.91580224 0.10965504
v 0.01921334 0.93612468 0.10027808
v 0.02087507 0.95544946 0.09194784
v 0.02650628 1.02324557 0.07544112
v 0.08877189 0.52577454 0.03471468
v 0.01227640 0.72884643 -0.02519351
v 0.00156129 0.73462272 -0.01124673
v 0.16424410 0.78506941 0.05580800
v 0.12766857 0.77294946 0.11339045
v 0.10439002 0.78535557 0.12517345
v 0.06338142 0.72642517 -0.04463165
v 0.03983086 0.72377378 -0.04139004
v 0.16540529 0.77759731 0.02658331
v 0.13771974 0.74516702 -0.01913609
v 0.02387208 0.72501373 -0.03523717
v 0.06673283 0.81826150 0.13452993
v 0.04327697 0.81830215 0.13836212
v 0.01904463 0.82034767 0.13729848
v -0.03007131 0.80356288 0.11559017
v -0.05026127 0.80814904 0.09287688
v 0.07842354 0.78260267 -0.07369605
v 0.08033400 0.79197091 -0.07983597
v 0.07500934 0.79291272 -0.08534592
v 0.06986005 0.78038490 -0.07995509
v 0.14471424 0.89008951 -0.03161352
v 0.13500187 0.88432074 -0.05191129
v 0.11321080 0.87957191 -0.08668458
v 0.10155217 0.87997371 -0.09972033
v 0.15890433 0.91387427 0.03547886
v 0.12445715 0.88104606 -0.07077984
v 0.15854289 0.90500402 0.01357827
v 0.15271245 0.89689261 -0.00928204
v -0.20745836 0.24418151 0.27423188
v -0.22084756 0.22317928 0.28776518
v -0.22539090 0.23416603 0.29460454
v -0.21327870 0.25533807 0.27871829
v -0.20940290 0.27610022 0.30031726
v -0.21567394 0.27031785 0.29050526
v -0.20049326 0.27702254 0.31020236
v -0.21830545 0.25726426 0.32449844
v -0.20897560 0.25151360 0.32947615
v -0.19036330 0.27272946 0.31703195
v -0.18134497 0.26498520 0.31853774
v -0.19202851 0.23524988 0.32976463
v -0.18364693 0.22254628 0.32175210
v -0.16523097 0.24161935 0.31012258
v -0.17349823 0.25523090 0.31664613
v -0.16346563 0.22488070 0.30015239
v -0.18077560 0.20719457 0.31165060
v -0.17122100 0.21644604 0.28712982
v -0.19901951 0.23149818 0.27194947
v -0.21273391 0.21019864 0.28283715
v -0.22655369 0.25650573 0.31509829
v -0.23053129 0.24915397 0.30530694
v -0.21647830 0.26312643 0.28278479
v -0.22816046 0.24156713 0.29974729
v -0.24007790 0.21255726 0.30509362
v -0.23627965 0.20221436 0.29484960
v -0.24425530 0.23765469 0.32908419
v -0.24367389 0.22795725 0.31991798
v -0.22649498 0.23154277 0.34137213
v -0.23640250 0.23958910 0.33913210
v -0.20656519 0.21611434 0.34572256
v -0.20039494 0.24395102 0.33072701
v -0.21648376 0.22391260 0.34433776
v -0.19777717 0.20417833 0.33629832
v -0.19295101 0.18794286 0.32217869
v -0.22582553 0.18925655 0.28922197
v -0.24161661 0.21991670 0.31296971
v -0.16121526 0.01723421 0.28645226
v -0.16479386 0.01618195 0.28077763
v -0.16172710 0.02072585 0.28058493
v -0.15961407 0.02086389 0.28466991
v -0.17687444 0.01426601 0.25087523
v -0.18672000 0.01403868 0.24374241
v -0.17826326 0.02164471 0.23985818
v -0.17165038 0.02125394 0.24513671
v -0.16830237 0.01225352 0.26584581
v -0.16396493 0.01213896 0.27218899
v -0.16921225 0.01143241 0.27338314
v -0.17182548 0.01171410 0.26913941
v -0.16506635 0.03636026 0.31559899
v -0.16361351 0.03688860 0.32201484
v -0.16747068 0.03547108 0.32215139
v -0.16891982 0.03402376 0.31865034
v -0.16344629 0.02348244 0.29811487
v -0.16200127 0.02430260 0.30405504
v -0.16597371 0.02299333 0.30475846
v -0.16778855 0.02190566 0.30111209
v -0.18091388 0.03864491 0.25658092
v -0.17369662 0.02873409 0.24996516
v -0.18335712 0.02993500 0.24140564
v -0.18970512 0.04247749 0.24528036
v -0.19452539 0.02563560 0.24146861
v -0.19428577 0.02223039 0.25070953
v -0.20341353 0.03127420 0.25613484
v -0.20250212 0.03730977 0.24690929
v -0.18616247 0.01952875 0.25985095
v -0.19412105 0.02786899 0.26566765
v -0.18360133 0.03084207 0.26739019
v -0.17354672 0.02141309 0.26112041
v -0.17152797 0.02844095 0.28160176
v -0.16443221 0.01842499 0.27905324
v -0.16376452 0.02314734 0.27169237
v -0.17022876 0.03430176 0.27444744
v -0.16803545 0.02288198 0.26465258
v -0.17567213 0.03384769 0.26506639
v -0.18423672 0.02747846 0.26649299
v -0.17499329 0.01799774 0.26210758
v -0.17753725 0.01630104 0.26949003
v -0.18657927 0.02505088 0.27360046
v -0.18080093 0.02453303 0.28079537
v -0.17279702 0.01603270 0.27744308
v -0.16436408 0.03657413 0.29134279
v -0.16129735 0.02594352 0.28750458
v -0.16538672 0.02581024 0.28112850
v -0.16970073 0.03544939 0.28252435
v -0.17191155 0.02004695 0.27982911
v -0.17183621 0.01849127 0.28605929
v -0.17829934 0.02605319 0.28887168
v -0.17719294 0.02798319 0.28264931
v -0.17319271 0.02670300 0.29662070
v -0.16824669 0.01812637 0.29245368
v -0.16483405 0.03108227 0.29667222
v -0.16201122 0.02151132 0.29332158
v -0.16517453 0.03828621 0.31422397
v -0.16338493 0.02872097 0.31012490
v -0.16097732 0.03243303 0.30536684
v -0.16290535 0.04297674 0.30950356
v -0.16283098 0.03239608 0.29964209
v -0.16537176 0.04072034 0.30168715
v -0.16734928 0.02915740 0.29715896
v -0.17175861 0.02536738 0.30220732
v -0.17494403 0.03179717 0.30589941
v -0.16940027 0.03513479 0.30005512
v -0.16905147 0.02573705 0.30859175
v -0.17246975 0.03362608 0.31354442
v -0.16517122 0.05323887 0.32723090
v -0.16969861 0.04988337 0.33169848
v -0.16540267 0.04250312 0.32652301
v -0.16277143 0.04594207 0.32265028
v -0.16360138 0.04464960 0.31771037
v -0.16544467 0.05088806 0.31993991
v -0.16845815 0.04138041 0.31553873
v -0.17330576 0.03748870 0.31955853
v -0.17590463 0.04197955 0.32268012
v -0.16934490 0.04579902 0.31877762
v -0.17057224 0.03838730 0.32557800
v -0.17433600 0.04501784 0.32925713
v -0.19601819 0.05373037 0.25118992
v -0.18645395 0.04746079 0.26615039
v -0.18769348 0.01640964 0.24821350
v -0.20959763 0.04739511 0.25382701
v -0.18318266 0.01489627 0.25330031
v -0.19893365 0.03484571 0.27397639
v -0.21090548 0.04054499 0.26360652
v -0.18853657 0.03480506 0.26942989
v -0.16220130 0.01671350 0.26961878
v -0.17945699 0.03348434 0.28423372
v -0.18853770 0.03407586 0.28995267
v -0.16485928 0.01678157 0.26558962
v -0.17719342 0.04631889 0.28187191
v -0.17269337 0.04992104 0.29962438
v -0.16748033 0.01496494 0.28447914
v -0.16571470 0.01492047 0.28786066
v -0.18161628 0.03704071 0.30691230
v -0.16938283 0.03726077 0.30135852
v -0.16034381 0.02726531 0.30265132
v -0.16869538 0.04555249 0.31958845
v -0.17935507 0.04356182 0.32296127
v -0.16103829 0.02771521 0.29890820
v -0.16900894 0.05673826 0.31697434
v -0.16287808 0.04043388 0.32036656
v -0.17379148 0.05938184 0.33762065
v -0.17962630 0.05152249 0.33529642
v -0.16297372 0.04003835 0.31714180
v -0.16853137 0.06297731 0.33118653
v -0.19018640 0.22024655 0.27270052
v -0.20309742 0.20006680 0.28299734
v -0.18125550 0.21471906 0.27840111
v -0.18705453 0.19811153 0.29873127
v -0.19464971 0.19561195 0.28946379
v -0.21304916 0.17901343 0.28906646
v -0.19761868 0.17847240 0.30760497
v -0.20353706 0.17575830 0.29654309
v -0.21894349 0.20371509 0.35889646
v -0.20881559 0.18990439 0.34989718
v -0.23029886 0.21108228 0.35458621
v -0.25121400 0.22718024 0.35153365
v -0.24055247 0.21954501 0.35334894
v -0.21879010 0.15854806 0.29111823
v -0.23462622 0.16995549 0.29533055
v -0.20627312 0.15439510 0.29790637
v -0.19908978 0.15793288 0.31238693
v -0.20550023 0.06780040 0.25471741
v -0.21649383 0.08209634 0.26548430
v -0.20037086 0.08602738 0.27101660
v -0.19345108 0.06723893 0.26796257
v -0.19249074 0.08675957 0.28846630
v -0.18654175 0.06609571 0.28522167
v -0.18776836 0.08848429 0.30619568
v -0.18098551 0.06861901 0.30282137
v -0.18408836 0.09097171 0.32292017
v -0.17715825 0.07261825 0.31995872
v -0.18356167 0.09139752 0.33950481
v -0.17447431 0.07566452 0.33512700
v -0.18613006 0.08672404 0.35183004
v -0.17792471 0.07139552 0.34550390
v -0.22058539 0.05888915 0.25921711
v -0.23009001 0.07296169 0.27014300
v -0.22248219 0.05091166 0.27197799
v -0.23316179 0.06428707 0.28392288
v -0.21342646 0.04992986 0.28553927
v -0.22474585 0.06411624 0.29708561
v -0.19573973 0.07624805 0.35187700
v -0.18760867 0.06140661 0.34342560
v -0.20484295 0.05094254 0.30199248
v -0.21557833 0.06637537 0.31234679
v -0.19862056 0.05280972 0.31848252
v -0.20889889 0.06856430 0.32801643
v -0.19361211 0.05621874 0.33263147
v -0.20305939 0.07138348 0.34174904
v -0.21094202 0.10708618 0.27807727
v -0.19692500 0.11012870 0.29073083
v -0.19254486 0.11229610 0.30902311
v -0.19205548 0.11315835 0.32726005
v -0.19494914 0.11067289 0.34491920
v -0.19687073 0.10535008 0.35808507
v -0.19821729 0.14111841 0.33556703
v -0.20802908 0.13137507 0.35327914
v -0.21139459 0.12306458 0.36493304
v -0.22115897 0.15123558 0.36343768
v -0.22622214 0.14072084 0.37201723
v -0.24612740 0.18114054 0.37902132
v -0.25252521 0.16991317 0.39051276
v -0.23967223 0.15796965 0.38148260
v -0.23453133 0.16887951 0.37200806
v -0.21085648 0.16191363 0.34869057
v -0.22372939 0.18078202 0.35996893
v -0.23447861 0.19314086 0.36533725
v -0.27452967 0.18667519 0.39193195
v -0.26352262 0.17878997 0.39396867
v -0.25570148 0.18997717 0.38278654
v -0.26573560 0.19906044 0.38315928
v -0.28040507 0.20442110 0.37663200
v -0.28844470 0.18946546 0.38296589
v -0.28761089 0.19660723 0.36061010
v -0.29648104 0.18402386 0.36765236
v -0.25295457 0.21007675 0.36772183
v -0.24414754 0.20146871 0.36678278
v -0.26530173 0.21682382 0.36416551
v -0.27190855 0.21005780 0.35007408
v -0.26712275 0.19759560 0.33910117
v -0.28219107 0.18340218 0.34801811
v -0.29349405 0.17233443 0.35337707
v -0.22745799 0.09932268 0.27919525
v -0.23628841 0.09227169 0.28612277
v -0.19510768 0.13651156 0.31202683
v -0.20199196 0.13362253 0.29359305
v -0.22194360 0.13462615 0.28726548
v -0.23926549 0.12032318 0.29179445
v -0.24525523 0.11201274 0.30314842
v -0.25568110 0.12926567 0.31745052
v -0.25216973 0.13755280 0.30646822
v -0.23922642 0.08587229 0.29774201
v -0.24517137 0.10773194 0.31329420
v -0.25571179 0.12523824 0.32645884
v -0.26797312 0.14329982 0.32801086
v -0.26332632 0.15227604 0.31830591
v -0.27750498 0.15413570 0.33670732
v -0.26981622 0.16401124 0.32910323
v -0.27533907 0.17322111 0.33806136
v -0.28576341 0.16281825 0.34398755
v -0.25936699 0.17862761 0.32115376
v -0.26287991 0.18779814 0.32944223
v -0.25391498 0.16635132 0.31035358
v -0.24237269 0.15168172 0.29822698
v -0.20564772 0.09517944 0.36011538
v -0.21817009 0.11413324 0.36754364
v -0.23235051 0.13259667 0.37434772
v -0.24707088 0.14826524 0.38421193
v -0.26115078 0.15955371 0.39065754
v -0.27105021 0.16729176 0.39274344
v -0.29086250 0.17705303 0.38279709
v -0.28070536 0.17420989 0.39118302
v -0.29645398 0.17345726 0.37162286
v -0.29409319 0.16329300 0.36072645
v -0.28825983 0.15445018 0.35297561
v -0.26937905 0.13787472 0.33708638
v -0.28027231 0.14620131 0.34553322
v -0.24736550 0.18343753 0.30216250
v -0.25266042 0.19561738 0.31287810
v -0.25420195 0.20372212 0.32158265
v -0.25822079 0.22305578 0.34013164
v -0.25550708 0.21201181 0.32982478
v -0.23375927 0.08438802 0.31041744
v -0.22521813 0.08633745 0.32465088
v -0.21847974 0.08817101 0.33937511
v -0.21272598 0.09048903 0.35177943
v -0.22437476 0.10944796 0.36153668
v -0.23014717 0.10772943 0.35114011
v -0.23692690 0.10608059 0.33791885
v -0.24248448 0.10580951 0.32416037
v -0.23866038 0.12707871 0.36933500
v -0.24407518 0.12463677 0.36043316
v -0.25078216 0.12346840 0.34930819
v -0.25450173 0.12286448 0.33694038
v -0.26873776 0.13535434 0.34725383
v -0.26537347 0.13707864 0.35822091
v -0.25906157 0.13863605 0.36814019
v -0.25389904 0.14217889 0.37717378
v -0.26627007 0.15366954 0.38269848
v -0.27043384 0.14986193 0.37353337
v -0.27589700 0.14769727 0.36416867
v -0.27881783 0.14552957 0.35522601
v -0.27430284 0.16067237 0.38467312
v -0.28842926 0.16911554 0.38046387
v -0.28131875 0.16629159 0.38427269
v -0.29257113 0.16685081 0.37356207
v -0.29003850 0.15988231 0.36645785
v -0.28519666 0.15279090 0.36081389
v -0.28149691 0.15430063 0.36801514
v -0.28559038 0.15972644 0.37127921
v -0.27684799 0.15661108 0.37641123
v -0.28187051 0.16173875 0.37769607
v -0.28805375 0.16399121 0.37426847
v -0.28611770 0.16490936 0.37748817
v -0.20184536 0.16902196 0.33109018
v -0.00952886 0.37065172 0.09697349
v -0.02051533 0.37693387 0.08873837
v 0.00369649 0.37037230 0.10642904
v 0.15362506 0.77361226 0.00168407
v 0.13442703 0.99498713 -0.06119446
v 0.13661598 1.02877319 -0.06441535
v 0.13504989 1.01136529 -0.06286208
v 0.15289487 0.74600261 0.00446742
v 0.15398273 1.05499089 -0.01038707
v 0.19246155 1.18361568 -0.07908702
v 0.22593319 1.47124171 -0.06374490
v 0.22258762 1.46911943 -0.06371506
v 0.21965258 1.46726656 -0.06229079
v 0.21736497 1.46567380 -0.06013255
v 0.21489565 1.46496153 -0.05801476
v 0.21194595 1.46610451 -0.05619703
v 0.22044607 1.46854472 -0.05929470
v 0.21810405 1.47208858 -0.05864292
v 0.21957955 1.47315443 -0.05992996
v 0.22223935 1.47012067 -0.06068216
f 2 3 1
f 1 3 4
f 3 2 5
f 5 2 6
f 3 7 4
f 4 7 8
f 10 11 9
f 9 11 12
f 14 15 13
f 13 15 16
f 18 19 17
f 17 19 20
f 22 23 21
f 21 23 24
f 26 18 25
f 25 18 17
f 27 28 17
f 17 28 25
f 30 31 29
f 29 31 32
f 34 35 33
f 33 35 36
f 21 24 37
f 37 24 38
f 40 31 39
f 39 31 38
f 34 33 28
f 28 33 25
f 41 42 44
f 44 42 43
f 36 45 33
f 33 45 25
f 46 47 49
f 49 47 48
f 51 52 50
f 50 52 53
f 55 53 54
f 54 53 52
f 57 58 56
f 56 58 59
f 61 62 60
f 60 62 63
f 65 66 64
f 64 66 67
f 69 70 68
f 68 70 71
f 65 73 72
f 72 73 74
f 64 75 65
f 65 75 73
f 77 78 76
f 76 78 79
f 80 81 83
f 83 81 82
f 81 85 84
f 84 85 86
f 88 89 87
f 87 89 69
f 88 87 90
f 90 87 91
f 93 94 92
f 92 94 95
f 96 84 43
f 43 84 44
f 51 98 97
f 97 98 86
f 97 99 51
f 51 99 52
f 54 52 100
f 100 52 99
f 58 101 59
f 59 101 102
f 62 103 63
f 63 103 104
f 105 106 6
f 6 106 5
f 108 109 107
f 107 109 110
f 112 113 111
f 111 113 114
f 116 117 115
f 115 117 118
f 120 121 119
f 119 121 122
f 124 125 123
f 123 125 126
f 128 129 127
f 127 129 130
f 130 131 127
f 127 131 132
f 134 1 133
f 133 1 135
f 1 4 135
f 135 4 136
f 4 8 136
f 136 8 137
f 138 139 15
f 15 139 140
f 140 139 141
f 141 139 142
f 144 57 143
f 143 57 56
f 145 146 141
f 141 146 147
f 146 149 148
f 148 149 150
f 152 153 151
f 151 153 154
f 141 147 140
f 140 147 155
f 157 11 156
f 156 11 158
f 160 161 159
f 159 161 162
f 164 165 163
f 163 165 166
f 165 160 166
f 166 160 159
f 168 169 167
f 167 169 170
f 169 171 170
f 170 171 172
f 149 173 150
f 150 173 174
f 175 176 149
f 149 176 173
f 178 172 177
f 177 172 171
f 180 181 179
f 179 181 182
f 184 180 183
f 183 180 179
f 186 187 185
f 185 187 188
f 190 191 189
f 189 191 192
f 7 193 8
f 8 193 194
f 196 162 195
f 195 162 161
f 197 168 198
f 198 168 167
f 181 199 182
f 182 199 200
f 202 203 201
f 201 203 204
f 187 186 205
f 205 186 206
f 208 209 207
f 207 209 210
f 212 213 211
f 211 213 214
f 215 216 218
f 218 216 217
f 220 209 219
f 219 209 208
f 204 186 221
f 221 186 185
f 201 204 222
f 222 204 221
f 223 211 220
f 220 211 209
f 224 225 214
f 214 225 210
f 203 206 204
f 204 206 186
f 227 187 226
f 226 187 205
f 27 228 21
f 21 228 22
f 230 231 229
f 229 231 232
f 234 235 233
f 233 235 236
f 238 239 237
f 237 239 240
f 119 122 118
f 118 122 115
f 112 242 241
f 241 242 243
f 98 51 244
f 244 51 50
f 245 138 14
f 14 138 15
f 11 10 158
f 158 10 246
f 89 85 69
f 69 85 70
f 11 157 12
f 12 157 247
f 249 164 248
f 248 164 163
f 177 250 178
f 178 250 251
f 253 254 252
f 252 254 255
f 187 227 188
f 188 227 256
f 212 257 213
f 213 257 258
f 260 134 259
f 259 134 133
f 165 164 135
f 135 164 133
f 160 165 136
f 136 165 135
f 136 137 160
f 160 137 161
f 137 261 161
f 161 261 195
f 263 264 262
f 262 264 265
f 13 16 266
f 266 16 267
f 268 267 155
f 155 267 16
f 147 269 155
f 155 269 268
f 162 196 167
f 167 196 198
f 167 170 162
f 162 170 159
f 170 172 159
f 159 172 166
f 172 178 166
f 166 178 163
f 178 251 163
f 163 251 248
f 168 270 169
f 169 270 271
f 272 273 171
f 171 273 177
f 271 272 169
f 169 272 171
f 168 197 270
f 270 197 274
f 250 177 275
f 275 177 273
f 277 45 276
f 276 45 278
f 280 281 279
f 279 281 282
f 284 104 283
f 283 104 103
f 285 215 286
f 286 215 218
f 288 289 287
f 287 289 290
f 291 80 66
f 66 80 83
f 293 294 292
f 292 294 295
f 73 91 74
f 74 91 87
f 91 73 92
f 92 73 75
f 279 77 280
f 280 77 76
f 80 291 70
f 70 291 71
f 277 47 96
f 96 47 82
f 297 175 296
f 296 175 149
f 299 154 298
f 298 154 153
f 225 300 210
f 210 300 207
f 224 301 206
f 206 301 205
f 210 209 214
f 214 209 211
f 226 205 302
f 302 205 301
f 304 305 303
f 303 305 306
f 308 309 307
f 307 309 310
f 72 291 65
f 65 291 66
f 66 83 67
f 67 83 46
f 312 313 311
f 311 313 314
f 316 317 315
f 315 317 36
f 29 318 35
f 35 318 319
f 321 32 320
f 320 32 322
f 311 314 323
f 323 314 324
f 315 325 316
f 316 325 326
f 318 287 319
f 319 287 290
f 328 321 327
f 327 321 320
f 329 330 39
f 39 330 331
f 332 333 40
f 40 333 322
f 309 334 285
f 285 334 335
f 236 2 134
f 134 2 1
f 260 336 233
f 233 336 337
f 237 14 265
f 265 14 13
f 84 86 44
f 44 86 98
f 189 192 7
f 7 192 193
f 44 98 41
f 41 98 244
f 237 240 14
f 14 240 245
f 7 3 189
f 189 3 5
f 338 71 72
f 72 71 291
f 262 265 266
f 266 265 13
f 124 123 339
f 339 123 105
f 123 109 105
f 105 109 106
f 189 5 190
f 190 5 106
f 111 114 12
f 12 114 9
f 264 340 265
f 265 340 237
f 342 343 341
f 341 343 344
f 6 235 105
f 105 235 339
f 234 346 345
f 345 346 347
f 349 350 348
f 348 350 351
f 107 352 108
f 108 352 353
f 355 356 354
f 354 356 357
f 237 340 238
f 238 340 358
f 12 247 111
f 111 247 359
f 264 263 116
f 116 263 360
f 361 362 222
f 222 362 201
f 364 365 363
f 363 365 366
f 368 369 367
f 367 369 370
f 372 373 371
f 371 373 374
f 375 376 372
f 372 376 377
f 378 379 381
f 381 379 380
f 382 383 269
f 269 383 268
f 150 174 365
f 365 174 384
f 380 377 381
f 381 377 376
f 271 270 180
f 180 270 181
f 273 272 252
f 252 272 184
f 272 271 184
f 184 271 180
f 181 270 274
f 252 255 273
f 273 255 275
f 254 385 255
f 255 385 386
f 387 388 179
f 179 388 183
f 389 387 182
f 182 387 179
f 182 200 389
f 389 200 390
f 388 391 183
f 183 391 253
f 391 392 253
f 253 392 254
f 394 379 393
f 393 379 378
f 185 188 395
f 395 188 396
f 221 185 397
f 397 185 395
f 222 221 398
f 398 221 397
f 188 256 396
f 396 256 399
f 400 401 256
f 256 401 399
f 402 403 405
f 405 403 404
f 148 150 364
f 364 150 365
f 393 406 394
f 394 406 407
f 158 246 393
f 393 246 406
f 342 19 238
f 238 19 239
f 23 22 350
f 350 22 354
f 244 50 245
f 245 50 138
f 55 142 53
f 53 142 139
f 145 144 296
f 296 144 143
f 355 228 341
f 341 228 20
f 41 240 42
f 42 240 239
f 283 308 284
f 284 308 307
f 349 409 408
f 408 409 410
f 244 245 41
f 41 245 240
f 268 383 406
f 406 383 407
f 346 411 349
f 349 411 409
f 251 412 248
f 248 412 413
f 275 414 250
f 250 414 415
f 25 45 26
f 26 45 277
f 43 26 96
f 96 26 277
f 416 417 61
f 61 417 62
f 329 24 408
f 408 24 23
f 31 40 32
f 32 40 322
f 39 38 329
f 329 38 24
f 37 38 30
f 30 38 31
f 418 419 421
f 421 419 420
f 78 295 79
f 79 295 294
f 124 339 422
f 422 339 345
f 232 131 357
f 357 131 351
f 2 236 6
f 6 236 235
f 252 184 253
f 253 184 183
f 227 423 256
f 256 423 400
f 423 227 305
f 305 227 226
f 424 258 425
f 425 258 257
f 426 427 212
f 212 427 257
f 259 133 249
f 249 133 164
f 419 418 428
f 428 418 429
f 327 430 328
f 328 430 288
f 49 431 46
f 46 431 67
f 306 302 424
f 424 302 258
f 313 432 314
f 314 432 433
f 32 321 29
f 29 321 318
f 324 314 433
f 287 318 328
f 328 318 321
f 134 260 236
f 236 260 233
f 345 339 234
f 234 339 235
f 357 351 354
f 354 351 350
f 408 23 349
f 349 23 350
f 317 278 36
f 36 278 45
f 432 313 429
f 429 313 428
f 435 428 434
f 434 428 313
f 42 239 18
f 18 239 19
f 43 42 26
f 26 42 18
f 121 120 436
f 436 120 437
f 302 301 258
f 258 301 213
f 110 109 126
f 126 109 123
f 238 358 342
f 342 358 343
f 341 20 342
f 342 20 19
f 322 438 320
f 320 438 439
f 320 439 327
f 327 439 430
f 333 440 322
f 322 440 438
f 289 288 323
f 323 288 430
f 115 340 116
f 116 340 264
f 146 145 149
f 149 145 296
f 15 140 16
f 16 140 155
f 441 442 152
f 152 442 153
f 225 224 203
f 203 224 206
f 175 297 154
f 154 297 151
f 293 443 294
f 294 443 444
f 248 413 249
f 249 413 445
f 446 447 400
f 400 447 401
f 388 387 396
f 396 387 395
f 387 389 395
f 395 389 397
f 391 388 399
f 399 388 396
f 401 392 399
f 399 392 391
f 255 386 275
f 275 386 414
f 449 450 448
f 448 450 451
f 335 452 285
f 285 452 215
f 453 298 442
f 442 298 153
f 211 223 212
f 212 223 426
f 425 257 454
f 454 257 427
f 266 10 262
f 262 10 9
f 360 113 456
f 456 113 455
f 8 194 137
f 137 194 261
f 10 266 246
f 246 266 267
f 203 202 225
f 225 202 300
f 262 9 263
f 263 9 114
f 108 353 190
f 190 353 191
f 389 390 397
f 397 390 398
f 457 422 128
f 128 422 129
f 156 158 378
f 378 158 393
f 347 346 348
f 348 346 349
f 447 458 401
f 401 458 392
f 364 382 148
f 148 382 269
f 55 54 57
f 57 54 58
f 75 64 459
f 459 64 460
f 100 90 101
f 101 90 95
f 101 58 100
f 100 58 54
f 142 55 144
f 144 55 57
f 147 146 269
f 269 146 148
f 459 93 75
f 75 93 92
f 144 145 142
f 142 145 141
f 228 27 20
f 20 27 17
f 154 299 175
f 175 299 176
f 214 213 224
f 224 213 301
f 424 461 306
f 306 461 303
f 285 286 309
f 309 286 310
f 462 334 308
f 308 334 309
f 302 306 226
f 226 306 305
f 37 28 21
f 21 28 27
f 29 35 30
f 30 35 34
f 30 34 37
f 37 34 28
f 344 436 356
f 356 436 229
f 325 290 326
f 326 290 289
f 311 439 312
f 312 439 438
f 35 319 36
f 36 319 315
f 439 311 430
f 430 311 323
f 315 319 325
f 325 319 290
f 440 463 438
f 438 463 312
f 341 344 355
f 355 344 356
f 360 456 116
f 116 456 117
f 354 22 355
f 355 22 228
f 326 289 324
f 324 289 323
f 74 87 68
f 68 87 69
f 50 53 138
f 138 53 139
f 268 406 267
f 267 406 246
f 190 106 108
f 108 106 109
f 241 455 112
f 112 455 113
f 358 122 343
f 343 122 121
f 129 347 130
f 130 347 348
f 348 351 130
f 130 351 131
f 229 232 356
f 356 232 357
f 340 115 358
f 358 115 122
f 111 359 112
f 112 359 242
f 125 124 457
f 457 124 422
f 231 132 232
f 232 132 131
f 343 121 344
f 344 121 436
f 263 114 360
f 360 114 113
f 347 129 345
f 345 129 422
f 230 229 437
f 437 229 436
f 464 446 423
f 423 446 400
f 465 466 468
f 468 466 467
f 470 471 469
f 469 471 472
f 469 472 373
f 373 472 374
f 474 469 473
f 473 469 373
f 471 475 472
f 472 475 476
f 472 477 374
f 374 477 478
f 477 472 476
f 479 480 476
f 476 480 477
f 473 373 377
f 377 373 372
f 481 482 479
f 479 482 480
f 483 484 481
f 481 484 482
f 403 402 485
f 485 402 486
f 487 488 483
f 483 488 484
f 487 489 488
f 488 489 490
f 489 491 490
f 490 491 492
f 491 493 492
f 492 493 494
f 493 495 494
f 494 495 496
f 497 498 481
f 481 498 483
f 484 499 482
f 482 499 367
f 370 480 367
f 367 480 482
f 480 370 477
f 477 370 478
f 500 497 479
f 479 497 481
f 451 473 380
f 380 473 377
f 448 451 379
f 379 451 380
f 501 502 504
f 504 502 503
f 449 505 507
f 507 505 506
f 486 508 505
f 505 508 506
f 508 509 506
f 506 509 510
f 511 507 510
f 510 507 506
f 509 508 512
f 512 508 513
f 515 509 514
f 514 509 512
f 509 515 510
f 510 515 516
f 510 516 511
f 511 516 517
f 486 505 485
f 485 505 518
f 505 449 518
f 518 449 448
f 383 382 403
f 403 382 404
f 363 404 364
f 364 404 382
f 403 485 383
f 383 485 407
f 519 520 361
f 361 520 362
f 522 496 521
f 521 496 495
f 450 474 451
f 451 474 473
f 363 366 523
f 523 366 524
f 525 499 488
f 488 499 484
f 488 490 525
f 525 490 526
f 496 522 520
f 520 522 527
f 494 496 519
f 519 496 520
f 492 494 528
f 528 494 519
f 529 530 495
f 495 530 521
f 490 492 526
f 526 492 528
f 529 495 531
f 531 495 493
f 533 534 532
f 532 534 535
f 523 524 533
f 533 524 534
f 486 402 532
f 532 402 533
f 529 536 530
f 530 536 537
f 536 538 537
f 537 538 539
f 540 541 539
f 539 541 537
f 530 537 535
f 535 537 541
f 542 539 543
f 543 539 538
f 539 542 540
f 540 542 544
f 541 540 513
f 513 540 512
f 540 544 512
f 512 544 514
f 546 547 545
f 545 547 548
f 549 550 531
f 531 550 551
f 550 549 552
f 552 549 553
f 546 550 554
f 554 550 552
f 547 546 555
f 555 546 554
f 498 556 558
f 558 556 557
f 559 557 560
f 560 557 556
f 561 562 560
f 560 562 559
f 557 559 552
f 552 559 554
f 559 562 554
f 554 562 555
f 558 557 553
f 553 557 552
f 475 471 563
f 563 471 564
f 565 563 567
f 567 563 566
f 471 470 564
f 564 470 466
f 564 466 568
f 568 466 465
f 568 465 569
f 569 465 570
f 572 573 571
f 571 573 574
f 569 575 567
f 567 575 576
f 577 565 576
f 576 565 567
f 578 579 581
f 581 579 580
f 575 561 576
f 576 561 560
f 556 577 560
f 560 577 576
f 577 556 497
f 497 556 498
f 565 577 500
f 500 577 497
f 563 565 475
f 475 565 500
f 553 489 558
f 558 489 487
f 531 493 549
f 549 493 491
f 489 553 491
f 491 553 549
f 394 407 518
f 518 407 485
f 518 448 394
f 394 448 379
f 545 548 538
f 538 548 543
f 551 545 536
f 536 545 538
f 536 529 551
f 551 529 531
f 507 582 449
f 449 582 450
f 511 583 507
f 507 583 582
f 511 517 583
f 583 517 584
f 585 586 588
f 588 586 587
f 590 591 589
f 589 591 592
f 591 590 593
f 593 590 594
f 596 597 595
f 595 597 598
f 599 600 602
f 602 600 601
f 604 605 603
f 603 605 606
f 608 609 607
f 607 609 610
f 612 613 611
f 611 613 614
f 615 616 618
f 618 616 617
f 620 621 619
f 619 621 622
f 624 625 623
f 623 625 626
f 628 629 627
f 627 629 630
f 632 633 631
f 631 633 634
f 635 636 638
f 638 636 637
f 639 640 642
f 642 640 641
f 644 645 643
f 643 645 646
f 619 622 647
f 647 622 648
f 650 651 649
f 649 651 652
f 601 653 602
f 602 653 654
f 656 657 655
f 655 657 658
f 660 661 659
f 659 661 662
f 664 665 663
f 663 665 666
f 593 594 667
f 667 594 668
f 669 670 672
f 672 670 671
f 673 674 676
f 676 674 675
f 633 632 677
f 677 632 678
f 663 666 679
f 679 666 680
f 681 682 684
f 684 682 683
f 686 687 685
f 685 687 688
f 690 661 689
f 689 661 691
f 693 686 692
f 692 686 685
f 695 597 694
f 694 597 668
f 594 696 668
f 668 696 694
f 697 698 696
f 696 698 699
f 700 701 697
f 697 701 698
f 702 585 703
f 703 585 588
f 671 690 672
f 672 690 689
f 640 639 704
f 704 639 705
f 679 706 663
f 663 706 658
f 708 709 707
f 707 709 710
f 711 712 610
f 610 712 607
f 713 714 716
f 716 714 715
f 717 718 720
f 720 718 719
f 722 634 721
f 721 634 633
f 724 725 723
f 723 725 726
f 728 729 727
f 727 729 730
f 732 733 731
f 731 733 734
f 707 710 735
f 735 710 736
f 643 737 644
f 644 737 738
f 740 741 739
f 739 741 742
f 608 744 743
f 743 744 745
f 747 748 746
f 746 748 749
f 751 752 750
f 750 752 753
f 754 755 757
f 757 755 756
f 758 759 761
f 761 759 760
f 763 764 762
f 762 764 765
f 767 768 766
f 766 768 769
f 771 772 770
f 770 772 773
f 775 776 774
f 774 776 777
f 779 780 778
f 778 780 781
f 783 712 782
f 782 712 784
f 785 786 788
f 788 786 787
f 790 628 789
f 789 628 627
f 792 793 791
f 791 793 794
f 795 796 726
f 726 796 723
f 798 799 797
f 797 799 800
f 721 633 801
f 801 633 677
f 797 800 802
f 802 800 803
f 805 806 804
f 804 806 807
f 809 810 808
f 808 810 811
f 813 814 812
f 812 814 815
f 809 808 817
f 817 808 816
f 818 819 804
f 804 819 805
f 820 821 818
f 818 821 819
f 821 820 587
f 587 820 822
f 809 823 810
f 810 823 824
f 814 807 815
f 815 807 806
f 826 426 825
f 825 426 223
f 426 826 427
f 427 826 827
f 828 829 454
f 454 829 830
f 831 832 677
f 677 832 801
f 834 835 833
f 833 835 836
f 838 839 837
f 837 839 840
f 841 842 844
f 844 842 843
f 845 846 803
f 803 846 802
f 847 831 678
f 678 831 677
f 848 849 851
f 851 849 850
f 853 854 852
f 852 854 855
f 857 858 856
f 856 858 680
f 860 861 859
f 859 861 862
f 864 865 863
f 863 865 866
f 868 869 867
f 867 869 870
f 839 871 840
f 840 871 872
f 849 848 874
f 874 848 873
f 876 877 875
f 875 877 878
f 880 881 879
f 879 881 882
f 883 884 886
f 886 884 885
f 846 887 802
f 802 887 888
f 890 891 889
f 889 891 888
f 893 894 892
f 892 894 895
f 896 897 728
f 728 897 729
f 899 900 898
f 898 900 901
f 902 852 904
f 904 852 903
f 849 905 850
f 850 905 906
f 875 878 907
f 907 878 908
f 910 911 909
f 909 911 912
f 914 915 913
f 913 915 916
f 917 918 862
f 862 918 859
f 919 920 856
f 856 920 921
f 923 924 922
f 922 924 925
f 926 927 925
f 925 927 922
f 929 930 928
f 928 930 693
f 932 695 931
f 931 695 694
f 823 867 824
f 824 867 933
f 935 936 934
f 934 936 937
f 938 868 823
f 823 868 867
f 940 847 939
f 939 847 678
f 632 655 678
f 678 655 939
f 941 942 619
f 619 942 620
f 687 943 688
f 688 943 944
f 851 850 945
f 945 850 903
f 850 906 903
f 903 906 904
f 946 947 949
f 949 947 948
f 951 952 950
f 950 952 953
f 955 956 954
f 954 956 957
f 907 958 875
f 875 958 874
f 960 961 959
f 959 961 962
f 963 853 902
f 902 853 852
f 909 964 910
f 910 964 965
f 967 968 966
f 966 968 969
f 971 972 970
f 970 972 973
f 974 960 975
f 975 960 959
f 977 978 976
f 976 978 979
f 981 977 980
f 980 977 976
f 980 982 981
f 981 982 983
f 985 983 984
f 984 983 982
f 984 986 985
f 985 986 987
f 989 990 988
f 988 990 991
f 993 994 992
f 992 994 995
f 997 998 996
f 996 998 999
f 1001 1002 1000
f 1000 1002 1003
f 1005 1006 1004
f 1004 1006 1007
f 1004 1008 1005
f 1005 1008 1009
f 1008 1010 1009
f 1009 1010 1011
f 1013 1011 1012
f 1012 1011 1010
f 1014 1015 1017
f 1017 1015 1016
f 1019 1020 1018
f 1018 1020 1021
f 1022 1023 976
f 976 1023 980
f 1024 1025 982
f 982 1025 984
f 992 995 1026
f 1026 995 1027
f 956 955 1028
f 1028 955 1029
f 1030 1031 1033
f 1033 1031 1032
f 1010 1008 1034
f 1034 1008 1035
f 1008 1004 1035
f 1035 1004 1036
f 1037 1038 1002
f 1002 1038 1007
f 1002 1001 1037
f 1037 1001 1039
f 1040 1041 997
f 997 1041 998
f 1015 1014 1043
f 1043 1014 1042
f 1044 1045 1047
f 1047 1045 1046
f 1044 1020 1048
f 1048 1020 1049
f 1050 1051 1003
f 1003 1051 1000
f 1052 1050 1006
f 1006 1050 1003
f 1053 1054 1011
f 1011 1054 1009
f 1013 1045 1055
f 1055 1045 1056
f 1058 1059 1057
f 1057 1059 1060
f 1062 1063 1061
f 1061 1063 1064
f 1065 1066 1050
f 1050 1066 1051
f 1067 1065 1052
f 1052 1065 1050
f 1068 1069 1054
f 1054 1069 1070
f 1071 1068 1053
f 1053 1068 1054
f 1073 1071 1072
f 1072 1071 1074
f 1074 1071 1055
f 1055 1071 1053
f 1076 1077 1075
f 1075 1077 1078
f 1079 1080 1057
f 1057 1080 1058
f 1081 1082 1064
f 1064 1082 1061
f 1084 1085 1083
f 1083 1085 1086
f 1088 1089 1087
f 1087 1089 1090
f 1092 1093 1091
f 1091 1093 1094
f 1096 1097 1095
f 1095 1097 1098
f 1099 1100 1102
f 1102 1100 1101
f 1103 1104 1099
f 1099 1104 1100
f 1106 1107 1105
f 1105 1107 1108
f 1110 1111 1109
f 1109 1111 1112
f 1114 1115 1113
f 1113 1115 1116
f 1118 1119 1117
f 1117 1119 1077
f 1117 1120 1122
f 1122 1120 1121
f 1105 1123 1106
f 1106 1123 1124
f 1125 1126 1128
f 1128 1126 1127
f 1130 1131 1129
f 1129 1131 1132
f 1134 1135 1133
f 1133 1135 1114
f 1113 1136 1114
f 1114 1136 1133
f 1118 1137 1113
f 1113 1137 1136
f 1118 1117 1137
f 1137 1117 1122
f 1139 1140 1138
f 1138 1140 1141
f 1143 953 1142
f 1142 953 952
f 1145 957 1144
f 1144 957 956
f 1028 1146 956
f 956 1146 1144
f 1014 1147 1042
f 1042 1147 1148
f 1014 1017 1147
f 1147 1017 1149
f 1059 1058 1150
f 1150 1058 1151
f 1153 1080 1152
f 1152 1080 1154
f 1156 1088 1155
f 1155 1088 1087
f 1157 1158 1106
f 1106 1158 1107
f 1106 1124 1157
f 1157 1124 1159
f 1161 1162 1160
f 1160 1162 1163
f 1165 1166 1164
f 1164 1166 1167
f 1168 1031 1012
f 1012 1031 1046
f 1024 1023 1035
f 1035 1023 1034
f 1036 1038 1025
f 1025 1038 1169
f 1170 1171 1039
f 1039 1171 1037
f 1028 1029 1042
f 1042 1029 1043
f 1172 1173 1175
f 1175 1173 1174
f 1055 1053 1013
f 1013 1053 1011
f 1005 1009 1070
f 1070 1009 1054
f 996 999 1062
f 1062 999 1063
f 1016 1060 1017
f 1017 1060 1059
f 1017 1059 1149
f 1149 1059 1150
f 1177 1178 1176
f 1176 1178 1103
f 1176 1072 1179
f 1179 1072 1074
f 1073 1102 1086
f 1086 1102 1083
f 1180 1181 1067
f 1067 1181 1065
f 1182 1183 1184
f 1184 1183 1181
f 1186 1187 1185
f 1185 1187 1188
f 1189 1190 798
f 798 1190 799
f 1192 1193 1191
f 1191 1193 1194
f 1195 1196 1194
f 1194 1196 1191
f 1196 1195 1198
f 1198 1195 1197
f 1200 674 1199
f 1199 674 673
f 928 1201 1203
f 1203 1201 1202
f 861 1204 862
f 862 1204 921
f 1205 1206 913
f 913 1206 1207
f 882 1208 879
f 879 1208 1209
f 1210 1211 1167
f 1167 1211 1164
f 1212 769 1213
f 1213 769 768
f 727 1214 728
f 728 1214 1215
f 1217 1218 1216
f 1216 1218 1219
f 1220 813 1221
f 1221 813 812
f 827 828 427
f 427 828 454
f 1223 1224 1222
f 1222 1224 1165
f 1226 1227 1225
f 1225 1227 1228
f 851 1229 848
f 848 1229 1230
f 834 854 835
f 835 854 1231
f 1233 1234 1232
f 1232 1234 1235
f 1237 751 1236
f 1236 751 750
f 743 819 1238
f 1238 819 821
f 1240 1241 1239
f 1239 1241 1242
f 1244 1245 1243
f 1243 1245 1246
f 844 1247 841
f 841 1247 1248
f 1250 1251 1249
f 1249 1251 1252
f 1254 893 1253
f 1253 893 1237
f 1255 1256 1258
f 1258 1256 1257
f 1260 1261 1259
f 1259 1261 1262
f 945 903 855
f 855 903 852
f 855 1263 945
f 945 1263 1264
f 832 845 801
f 801 845 803
f 800 721 803
f 803 721 801
f 721 800 722
f 722 800 799
f 1266 1267 1265
f 1265 1267 1268
f 1270 795 1269
f 1269 795 726
f 725 1271 726
f 726 1271 1269
f 737 765 738
f 738 765 764
f 759 740 760
f 760 740 739
f 717 1272 1274
f 1274 1272 1273
f 1163 1226 1275
f 1275 1226 1225
f 1277 882 1276
f 1276 882 881
f 1041 1040 1027
f 1027 1040 1026
f 900 935 901
f 901 935 934
f 1164 1278 1165
f 1165 1278 1222
f 1211 1279 1164
f 1164 1279 1278
f 442 1280 453
f 453 1280 1281
f 788 1282 785
f 785 1282 1283
f 1285 1286 1284
f 1284 1286 1287
f 1284 1288 1285
f 1285 1288 1289
f 757 1289 754
f 754 1289 1288
f 605 604 675
f 675 604 676
f 1290 1291 1293
f 1293 1291 1292
f 1295 1296 1294
f 1294 1296 1297
f 696 699 694
f 694 699 931
f 1298 1299 592
f 592 1299 589
f 1299 1300 589
f 589 1300 700
f 1300 1301 700
f 700 1301 701
f 743 745 819
f 819 745 805
f 1303 1304 1302
f 1302 1304 1305
f 1306 1307 1305
f 1305 1307 1302
f 609 1298 610
f 610 1298 592
f 587 822 588
f 588 822 1308
f 703 588 1309
f 1309 588 1308
f 1310 703 571
f 571 703 1309
f 1311 1312 789
f 789 1312 790
f 825 223 1313
f 1313 223 220
f 219 1314 220
f 220 1314 1313
f 1315 1316 1311
f 1311 1316 1312
f 1317 1318 1319
f 1319 1318 1241
f 441 1320 442
f 442 1320 1280
f 1321 217 572
f 572 217 216
f 1323 1230 1322
f 1322 1230 1229
f 1324 1325 631
f 631 1325 656
f 1034 1168 1010
f 1010 1168 1012
f 1327 1328 1326
f 1326 1328 1329
f 1331 1202 1330
f 1330 1202 1201
f 571 1309 572
f 572 1309 1321
f 573 572 1332
f 1332 572 216
f 1334 1335 1333
f 1333 1335 1336
f 1337 1338 918
f 918 1338 859
f 1339 863 1340
f 1340 863 866
f 1341 1342 1344
f 1344 1342 1343
f 1345 1346 919
f 919 1346 920
f 1347 1348 673
f 673 1348 1199
f 693 1349 928
f 928 1349 1201
f 1351 1257 1350
f 1350 1257 1256
f 1350 1352 1351
f 1351 1352 1353
f 653 930 654
f 654 930 662
f 1279 1354 1278
f 1278 1354 1355
f 1357 1358 1356
f 1356 1358 1359
f 937 1360 1140
f 1140 1360 1361
f 1225 1228 909
f 909 1228 964
f 901 934 1362
f 1362 934 1139
f 1364 1365 1363
f 1363 1365 1362
f 1367 912 1366
f 1366 912 911
f 1143 1142 1368
f 1368 1142 1369
f 1144 1186 1145
f 1145 1186 1185
f 1146 1175 1144
f 1144 1175 1186
f 1175 1146 1172
f 1172 1146 1148
f 1147 1018 1148
f 1148 1018 1172
f 1018 1147 1019
f 1019 1147 1149
f 1149 1150 1019
f 1019 1150 1370
f 1150 1151 1370
f 1370 1151 1371
f 1151 1153 1371
f 1371 1153 1177
f 1152 1156 1178
f 1178 1156 1372
f 1155 1158 1373
f 1373 1158 1374
f 1157 1159 1376
f 1376 1159 1375
f 1378 1379 1377
f 1377 1379 1380
f 1382 1383 1381
f 1381 1383 1384
f 1382 1386 1385
f 1385 1386 1387
f 1386 1233 1387
f 1387 1233 1232
f 1389 1390 1388
f 1388 1390 1391
f 1393 1394 1392
f 1392 1394 1395
f 1397 1398 1396
f 1396 1398 1399
f 629 1397 630
f 630 1397 1396
f 1342 1400 1343
f 1343 1400 1401
f 1403 1404 1402
f 1402 1404 1405
f 1407 1408 1406
f 1406 1408 1409
f 1411 1412 1410
f 1410 1412 1413
f 793 1414 794
f 794 1414 1415
f 1417 1341 1416
f 1416 1341 1344
f 704 705 1347
f 1347 705 1418
f 741 1419 742
f 742 1419 1420
f 1422 669 1421
f 1421 669 672
f 645 1423 646
f 646 1423 1424
f 1196 1198 614
f 614 1198 611
f 613 1425 614
f 614 1425 1426
f 1427 616 659
f 659 616 660
f 614 1426 1196
f 1196 1426 1191
f 696 594 697
f 697 594 590
f 697 590 700
f 700 590 589
f 703 1310 702
f 702 1310 1428
f 1421 672 1192
f 1192 672 689
f 1271 648 1269
f 1269 648 622
f 621 1270 622
f 622 1270 1269
f 1429 1430 1417
f 1417 1430 1341
f 1431 1432 1434
f 1434 1432 1433
f 1436 1437 1435
f 1435 1437 1438
f 1440 1441 1439
f 1439 1441 1442
f 1443 1444 1446
f 1446 1444 1445
f 823 809 938
f 938 809 817
f 810 1447 811
f 811 1447 1448
f 1449 1450 679
f 679 1450 706
f 913 916 1205
f 1205 916 1451
f 1275 1225 912
f 912 1225 909
f 1452 1453 880
f 880 1453 881
f 1444 1401 1445
f 1445 1401 1400
f 936 1454 937
f 937 1454 1360
f 824 1455 810
f 810 1455 1447
f 631 656 632
f 632 656 655
f 966 1456 967
f 967 1456 1457
f 1459 1460 1458
f 1458 1460 1461
f 1460 1462 1461
f 1461 1462 1463
f 972 974 973
f 973 974 975
f 990 995 991
f 991 995 994
f 1464 1187 1033
f 1033 1187 1174
f 1018 1021 1172
f 1172 1021 1173
f 1000 999 1001
f 1001 999 998
f 976 979 1022
f 1022 979 1032
f 1023 1024 980
f 980 1024 982
f 989 986 1171
f 1171 986 1169
f 1171 1170 989
f 989 1170 990
f 1170 1027 990
f 990 1027 995
f 1041 1039 998
f 998 1039 1001
f 1051 1063 1000
f 1000 1063 999
f 1066 1064 1051
f 1051 1064 1063
f 1183 1081 1066
f 1066 1081 1064
f 1178 1372 1103
f 1103 1372 1104
f 1092 1091 1465
f 1465 1091 1182
f 1467 1465 1466
f 1466 1465 1468
f 1469 1470 1184
f 1184 1470 1468
f 1095 1098 1471
f 1471 1098 1101
f 1076 1374 1120
f 1120 1374 1376
f 1110 1472 1127
f 1127 1472 1132
f 1472 1473 1132
f 1132 1473 1129
f 1474 1475 1466
f 1466 1475 1473
f 1119 1118 1116
f 1116 1118 1113
f 1375 1121 1376
f 1376 1121 1120
f 1127 1132 1128
f 1128 1132 1131
f 1227 1476 1228
f 1228 1476 1361
f 1365 1477 1362
f 1362 1477 872
f 1478 1479 1323
f 1323 1479 1230
f 1480 1481 914
f 914 1481 915
f 913 1277 914
f 914 1277 1276
f 1168 1034 1022
f 1022 1034 1023
f 1035 1036 1024
f 1024 1036 1025
f 1039 1041 1170
f 1170 1041 1027
f 1042 1148 1028
f 1028 1148 1146
f 968 1459 969
f 969 1459 1458
f 1482 1483 664
f 664 1483 665
f 1485 1486 1484
f 1484 1486 1487
f 1489 1490 1488
f 1488 1490 1491
f 1492 1493 722
f 722 1493 634
f 1495 1496 1494
f 1494 1496 1497
f 1498 1207 1339
f 1339 1207 863
f 1224 1499 1165
f 1165 1499 1166
f 1160 1163 1500
f 1500 1163 1275
f 1500 877 1160
f 1160 877 1501
f 876 873 1502
f 1502 873 1479
f 945 1264 851
f 851 1264 1229
f 835 1231 839
f 839 1231 871
f 1503 1283 778
f 778 1283 1282
f 716 715 1505
f 1505 715 1504
f 1446 1445 1507
f 1507 1445 1506
f 779 792 1381
f 1381 792 791
f 1430 1409 1341
f 1341 1409 1342
f 1411 1429 1508
f 1508 1429 1417
f 635 1510 1509
f 1509 1510 1511
f 1377 1380 1315
f 1315 1380 1316
f 1445 1400 1506
f 1506 1400 1408
f 918 917 1336
f 1336 917 1333
f 1513 1514 1512
f 1512 1514 870
f 1515 1516 1363
f 1363 1516 1364
f 1453 1517 881
f 881 1517 1276
f 992 1518 993
f 993 1518 1519
f 1520 1029 1518
f 1518 1029 955
f 1520 1026 1521
f 1521 1026 1040
f 1522 1015 1521
f 1521 1015 1043
f 996 1523 997
f 997 1523 1522
f 1060 1016 1524
f 1524 1016 1523
f 1061 1525 1062
f 1062 1525 1524
f 1079 1527 1526
f 1526 1527 1528
f 1093 1529 1094
f 1094 1529 1528
f 1111 1530 1112
f 1112 1530 1531
f 1532 1533 1105
f 1105 1533 1123
f 934 937 1139
f 1139 937 1140
f 1138 1363 1139
f 1139 1363 1362
f 1534 1222 1355
f 1355 1222 1278
f 1535 1223 1534
f 1534 1223 1222
f 821 587 1238
f 1238 587 586
f 1319 711 1317
f 1317 711 1536
f 1538 1200 1537
f 1537 1200 1199
f 1508 1417 1539
f 1539 1417 1416
f 1540 1541 840
f 840 1541 837
f 1231 898 871
f 871 898 901
f 1500 1275 1367
f 1367 1275 912
f 1543 1379 1542
f 1542 1379 1395
f 1539 772 1508
f 1508 772 1544
f 1546 1403 1545
f 1545 1403 1402
f 1548 1549 1547
f 1547 1549 1550
f 1552 1548 1551
f 1551 1548 1547
f 1554 1555 1553
f 1553 1555 1556
f 1558 1559 1557
f 1557 1559 1560
f 1562 1563 1561
f 1561 1563 1564
f 1566 1567 1565
f 1565 1567 1568
f 1570 1571 1569
f 1569 1571 1572
f 1574 1575 1573
f 1573 1575 1576
f 1577 1578 1572
f 1572 1578 1569
f 1580 1581 1579
f 1579 1581 1582
f 1584 1585 1583
f 1583 1585 1586
f 1588 1555 1587
f 1587 1555 1589
f 1591 1592 1590
f 1590 1592 1593
f 1595 1596 1594
f 1594 1596 1597
f 1596 1581 1597
f 1597 1581 1576
f 1599 1570 1598
f 1598 1570 1569
f 1601 1602 1600
f 1600 1602 1603
f 1605 1606 1604
f 1604 1606 1607
f 1608 1609 1568
f 1568 1609 1565
f 1611 1612 1610
f 1610 1612 1613
f 1615 1616 1614
f 1614 1616 1617
f 1619 1617 1618
f 1618 1617 1616
f 1621 1622 1620
f 1620 1622 1623
f 1625 1626 1624
f 1624 1626 1627
f 1629 1630 1628
f 1628 1630 1631
f 1633 1634 1632
f 1632 1634 1635
f 1636 1637 1639
f 1639 1637 1638
f 1641 1642 1640
f 1640 1642 1643
f 1624 1627 1644
f 1644 1627 1645
f 1647 1648 1646
f 1646 1648 1649
f 1651 1652 1650
f 1650 1652 1653
f 1655 1656 1654
f 1654 1656 1657
f 1659 1660 1658
f 1658 1660 1661
f 1662 1663 1631
f 1631 1663 1628
f 1651 1665 1664
f 1664 1665 1666
f 1667 1656 1619
f 1619 1656 1617
f 1669 1670 1668
f 1668 1670 1671
f 1632 1635 1672
f 1672 1635 1673
f 1674 1675 1638
f 1638 1675 1639
f 1677 1678 1676
f 1676 1678 1679
f 1680 1640 1681
f 1681 1640 1643
f 1682 1683 1643
f 1643 1683 1681
f 1670 1669 1235
f 1235 1669 1232
f 1396 1399 1674
f 1674 1399 1675
f 627 630 1679
f 1679 630 1676
f 1681 1315 1680
f 1680 1315 1311
f 1683 1377 1681
f 1681 1377 1315
f 1672 1673 1387
f 1387 1673 1385
f 1636 1684 1646
f 1646 1684 1685
f 1687 1688 1686
f 1686 1688 1689
f 1585 1690 1586
f 1586 1690 1691
f 1599 1692 1551
f 1551 1692 1693
f 1552 1558 1694
f 1694 1558 1557
f 1696 1615 1695
f 1695 1615 1614
f 1698 1699 1697
f 1697 1699 1623
f 1700 1701 1703
f 1703 1701 1702
f 1705 1706 1704
f 1704 1706 1707
f 1708 1709 1640
f 1640 1709 1641
f 1710 1711 1713
f 1713 1711 1712
f 1652 1655 1653
f 1653 1655 1654
f 1714 1699 1712
f 1712 1699 1713
f 1715 1710 1716
f 1716 1710 1713
f 1717 1708 1680
f 1680 1708 1640
f 1393 1392 1715
f 1715 1392 1710
f 1719 1720 1718
f 1718 1720 1721
f 1680 1311 1717
f 1717 1311 789
f 1378 1711 1392
f 1392 1711 1710
f 1388 1391 1719
f 1719 1391 1720
f 1723 1606 1722
f 1722 1606 1689
f 1725 1568 1724
f 1724 1568 1567
f 1726 1647 1685
f 1685 1647 1646
f 1728 1554 1727
f 1727 1554 1553
f 1591 1687 1600
f 1600 1687 1686
f 1730 1595 1729
f 1729 1595 1594
f 1601 1605 1731
f 1731 1605 1604
f 1733 1663 1732
f 1732 1663 1734
f 1736 1639 1735
f 1735 1639 1675
f 1658 1644 1737
f 1737 1644 1645
f 1726 1662 1724
f 1724 1662 1631
f 1399 1738 1675
f 1675 1738 1735
f 1621 1667 1739
f 1739 1667 1619
f 1714 1740 1620
f 1620 1740 1741
f 1592 1549 1593
f 1593 1549 1742
f 1602 1571 1603
f 1603 1571 1550
f 1688 1690 1689
f 1689 1690 1722
f 1588 1559 1582
f 1582 1559 1579
f 1673 1735 1385
f 1385 1735 1738
f 1387 1232 1672
f 1672 1232 1669
f 1580 1692 1573
f 1573 1692 1743
f 1377 1683 1378
f 1378 1683 1711
f 1664 1666 1744
f 1744 1666 1745
f 1744 1696 1664
f 1664 1696 1695
f 1746 1747 1732
f 1732 1747 1748
f 1749 1750 1677
f 1677 1750 1678
f 1709 1708 1750
f 1750 1708 1678
f 1668 1632 1669
f 1669 1632 1672
f 1633 1746 1734
f 1734 1746 1732
f 1679 1678 1717
f 1717 1678 1708
f 789 627 1717
f 1717 627 1679
f 1563 1723 1564
f 1564 1723 1722
f 1728 1584 1751
f 1751 1584 1583
f 1674 1676 1396
f 1396 1676 630
f 1666 1566 1745
f 1745 1566 1565
f 1627 1629 1645
f 1645 1629 1628
f 1637 1749 1638
f 1638 1749 1677
f 1648 1665 1649
f 1649 1665 1752
f 1740 1642 1741
f 1741 1642 1657
f 1676 1674 1677
f 1677 1674 1638
f 1683 1682 1711
f 1711 1682 1712
f 1618 1753 1619
f 1619 1753 1739
f 1701 1739 1702
f 1702 1739 1753
f 1754 1214 1756
f 1756 1214 1755
f 647 1757 619
f 619 1757 941
f 1759 1193 1758
f 1758 1193 691
f 1419 1760 1420
f 1420 1760 1761
f 682 1762 683
f 683 1762 1763
f 1412 780 1413
f 1413 780 1384
f 1383 1398 1384
f 1384 1398 1413
f 1197 1424 1764
f 1764 1424 1423
f 1537 1287 1538
f 1538 1287 1286
f 1634 1684 1635
f 1635 1684 1736
f 1724 1631 1725
f 1725 1631 1630
f 1562 1730 1610
f 1610 1730 1729
f 1735 1673 1736
f 1736 1673 1635
f 1757 1195 941
f 941 1195 1194
f 1766 200 1765
f 1765 200 199
f 475 500 476
f 476 500 479
f 498 558 483
f 483 558 487
f 545 551 546
f 546 551 550
f 453 1281 219
f 219 1281 1314
f 298 453 208
f 208 453 219
f 368 1765 1767
f 1767 1765 199
f 523 405 363
f 363 405 404
f 523 533 405
f 405 533 402
f 298 208 299
f 299 208 207
f 299 207 176
f 176 207 300
f 176 300 173
f 173 300 202
f 173 202 174
f 174 202 201
f 1337 918 1768
f 1768 918 1336
f 1769 1770 1338
f 1338 1770 859
f 581 570 578
f 578 570 1771
f 555 562 580
f 580 562 561
f 504 1772 501
f 501 1772 548
f 517 542 584
f 584 542 543
f 515 514 516
f 516 514 544
f 542 517 544
f 544 517 516
f 561 575 580
f 580 575 581
f 575 569 581
f 581 569 570
f 501 548 1773
f 1773 548 547
f 1774 1775 570
f 570 1775 1771
f 369 368 1776
f 1776 368 1767
f 372 369 375
f 375 369 1776
f 822 1280 1308
f 1308 1280 1320
f 820 1281 822
f 822 1281 1280
f 818 1314 820
f 820 1314 1281
f 1314 818 1313
f 1313 818 804
f 807 814 825
f 825 814 826
f 814 813 826
f 826 813 827
f 813 1220 827
f 827 1220 828
f 580 579 555
f 555 579 547
f 1477 1540 872
f 872 1540 840
f 367 499 368
f 368 499 1765
f 1766 1765 525
f 525 1765 499
f 1777 1766 526
f 526 1766 525
f 520 527 362
f 362 527 384
f 361 1778 519
f 519 1778 528
f 371 1779 372
f 372 1779 369
f 369 1779 370
f 370 1779 478
f 1779 371 478
f 478 371 374
f 1778 1777 528
f 528 1777 526
f 1781 1782 1780
f 1780 1782 1783
f 431 460 67
f 67 460 64
f 68 338 74
f 74 338 72
f 1785 1782 1784
f 1784 1782 1786
f 1787 1788 1790
f 1790 1788 1789
f 1792 1789 1791
f 1791 1789 1793
f 1791 1794 1792
f 1792 1794 1795
f 1794 1796 1795
f 1795 1796 1797
f 1797 1798 938
f 938 1798 868
f 1798 1799 868
f 868 1799 869
f 1801 1802 1800
f 1800 1802 1451
f 1803 1804 1205
f 1205 1804 1206
f 1805 1806 864
f 864 1806 865
f 1806 1807 865
f 865 1807 1808
f 68 71 338
f 287 328 288
f 1320 1321 1308
f 1308 1321 1309
f 1320 441 1321
f 1321 441 217
f 441 152 217
f 217 152 218
f 151 286 152
f 152 286 218
f 297 310 151
f 151 310 286
f 296 307 297
f 297 307 310
f 296 143 307
f 307 143 284
f 143 56 284
f 284 56 104
f 56 59 104
f 104 59 63
f 59 102 63
f 63 102 60
f 102 94 60
f 60 94 282
f 93 459 279
f 279 459 77
f 459 460 77
f 77 460 78
f 460 431 78
f 78 431 295
f 431 49 295
f 295 49 292
f 48 421 49
f 49 421 292
f 276 278 418
f 418 278 429
f 317 432 278
f 278 432 429
f 432 317 433
f 433 317 316
f 326 324 316
f 316 324 433
f 1536 592 1809
f 1809 592 591
f 1810 744 1812
f 1812 744 1811
f 1814 1815 1813
f 1813 1815 1816
f 1817 748 1818
f 1818 748 747
f 1812 1819 1810
f 1810 1819 1817
f 1820 1821 748
f 748 1821 749
f 1823 1824 1822
f 1822 1824 1825
f 1827 1828 1826
f 1826 1828 1829
f 1831 1832 1830
f 1830 1832 1833
f 1834 1827 1243
f 1243 1827 1826
f 1313 804 825
f 825 804 807
f 1835 1253 1236
f 1236 1253 1237
f 1836 1837 1438
f 1438 1837 1435
f 1838 1505 1840
f 1840 1505 1839
f 1841 1842 716
f 716 1842 713
f 1843 1844 1510
f 1510 1844 1845
f 1847 1848 1846
f 1846 1848 1849
f 1850 1240 1822
f 1822 1240 1239
f 636 1831 637
f 637 1831 1830
f 1852 1853 1851
f 1851 1853 1854
f 1855 1856 1858
f 1858 1856 1857
f 1846 1849 1859
f 1859 1849 1860
f 1343 1401 1509
f 1509 1401 1861
f 1509 1861 635
f 635 1861 636
f 1863 1864 1862
f 1862 1864 1865
f 1283 1503 1867
f 1867 1503 1866
f 1868 1867 681
f 681 1867 682
f 1286 1285 683
f 683 1285 684
f 757 756 1274
f 1274 756 1869
f 1274 1869 717
f 717 1869 718
f 1434 1433 719
f 719 1433 720
f 1200 1538 1545
f 1545 1538 1763
f 1285 1289 684
f 684 1289 1273
f 684 1273 681
f 681 1273 1272
f 785 1283 1868
f 1868 1283 1867
f 786 785 1870
f 1870 785 1868
f 1289 757 1273
f 1273 757 1274
f 1539 1416 1871
f 1871 1416 1872
f 773 1871 1403
f 1403 1871 1404
f 675 674 1405
f 1405 674 1402
f 1864 1873 1865
f 1865 1873 1874
f 638 1843 635
f 635 1843 1510
f 1344 1343 1511
f 1511 1343 1509
f 772 1539 773
f 773 1539 1871
f 674 1200 1402
f 1402 1200 1545
f 1538 1286 1763
f 1763 1286 683
f 1444 1443 1875
f 1875 1443 1876
f 1875 1876 1831
f 1831 1876 1832
f 1416 1344 1872
f 1872 1344 1511
f 1877 1878 774
f 774 1878 1879
f 1878 1847 1879
f 1879 1847 1846
f 1880 714 1881
f 1881 714 1848
f 1401 1444 1861
f 1861 1444 1875
f 1861 1875 636
f 636 1875 1831
f 1823 1863 1882
f 1882 1863 1862
f 1441 1440 1884
f 1884 1440 1883
f 1883 1852 1884
f 1884 1852 1851
f 1886 1887 1885
f 1885 1887 1888
f 1358 1889 1359
f 1359 1889 1890
f 1891 1886 1892
f 1892 1886 1885
f 774 1879 775
f 775 1879 1893
f 1859 1893 1846
f 1846 1893 1879
f 713 1842 1849
f 1849 1842 1860
f 1318 1895 1894
f 1894 1895 1896
f 1873 1897 1874
f 1874 1897 1898
f 1898 605 1899
f 1899 605 675
f 1405 1844 675
f 675 1844 1899
f 1404 1845 1405
f 1405 1845 1844
f 593 1296 591
f 591 1296 1809
f 1295 1292 1900
f 1900 1292 1895
f 606 1897 1291
f 1291 1897 1896
f 1510 1845 1511
f 1511 1845 1872
f 1871 1872 1404
f 1404 1872 1845
f 1866 770 1762
f 1762 770 1546
f 1762 682 1866
f 1866 682 1867
f 1870 1868 1272
f 1272 1868 681
f 1272 717 1870
f 1870 717 720
f 1870 720 786
f 786 720 1433
f 786 1433 787
f 787 1433 1432
f 1261 1414 1432
f 1432 1414 787
f 1389 1234 1260
f 1260 1234 1415
f 1719 1670 1388
f 1388 1670 1235
f 1718 1671 1719
f 1719 1671 1670
f 1705 1747 1718
f 1718 1747 1671
f 1659 1901 1704
f 1704 1901 1748
f 1877 1903 1902
f 1902 1903 1904
f 1259 1905 1390
f 1390 1905 1394
f 1715 1720 1393
f 1393 1720 1391
f 1716 1721 1715
f 1715 1721 1720
f 1698 1706 1716
f 1716 1706 1721
f 277 276 47
f 47 276 48
f 84 96 81
f 81 96 82
f 80 70 81
f 81 70 85
f 99 97 88
f 88 97 89
f 90 100 88
f 88 100 99
f 101 95 102
f 102 95 94
f 1906 1907 280
f 280 1907 281
f 97 86 89
f 89 86 85
f 60 282 61
f 61 282 281
f 83 82 46
f 46 82 47
f 293 292 420
f 420 292 421
f 419 1908 420
f 420 1908 1909
f 92 95 91
f 91 95 90
f 279 282 93
f 93 282 94
f 276 418 48
f 48 418 421
f 1910 1660 1697
f 1697 1660 1707
f 1703 1624 1700
f 1700 1624 1644
f 1622 1910 1623
f 1623 1910 1697
f 1701 1700 1911
f 1911 1700 1661
f 1700 1644 1661
f 1661 1644 1658
f 1901 1737 1733
f 1733 1737 1645
f 1625 1912 1604
f 1604 1912 1731
f 1912 1913 1731
f 1731 1913 1914
f 1913 1577 1914
f 1914 1577 1572
f 1915 1578 1616
f 1616 1578 1618
f 1915 1916 1598
f 1598 1916 1743
f 1916 1574 1743
f 1743 1574 1573
f 1575 1917 1576
f 1576 1917 1597
f 1917 1609 1597
f 1597 1609 1594
f 1608 1611 1729
f 1729 1611 1610
f 1918 1612 1629
f 1629 1612 1630
f 1626 1918 1627
f 1627 1918 1629
f 1920 1921 1919
f 1919 1921 1922
f 1920 1924 1923
f 1923 1924 1925
f 1926 1927 1924
f 1924 1927 1925
f 1929 1930 1928
f 1928 1930 1931
f 1932 1933 1935
f 1935 1933 1934
f 1937 1938 1936
f 1936 1938 1939
f 1941 1942 1940
f 1940 1942 1943
f 1941 1945 1944
f 1944 1945 1946
f 1947 1948 1694
f 1694 1948 1949
f 1950 1951 1953
f 1953 1951 1952
f 1955 1956 1954
f 1954 1956 1589
f 1958 1956 1957
f 1957 1956 1932
f 1960 1934 1959
f 1959 1934 1933
f 1962 1963 1961
f 1961 1963 1964
f 1965 1955 1751
f 1751 1955 1954
f 1935 1930 1932
f 1932 1930 1957
f 1951 1950 1926
f 1926 1950 1929
f 1966 1967 1593
f 1593 1967 1590
f 1969 1967 1968
f 1968 1967 1964
f 1962 1921 1970
f 1970 1921 1971
f 1963 1945 1964
f 1964 1945 1968
f 1972 1948 1922
f 1922 1948 1919
f 1966 1972 1961
f 1961 1972 1922
f 1958 1953 1587
f 1587 1953 1560
f 1974 1975 1973
f 1973 1975 1976
f 1978 1979 1977
f 1977 1979 1691
f 1979 1975 1691
f 1691 1975 1586
f 1938 1942 1939
f 1939 1942 1980
f 1952 1947 1557
f 1557 1947 1694
f 1969 1978 1981
f 1981 1978 1977
f 1983 1984 1982
f 1982 1984 1985
f 1986 1987 1989
f 1989 1987 1988
f 1990 1991 1983
f 1983 1991 1984
f 1990 1993 1992
f 1992 1993 1994
f 1995 1996 1994
f 1994 1996 1997
f 1999 2000 1998
f 1998 2000 2001
f 2003 2004 2002
f 2002 2004 2005
f 2007 2008 2006
f 2006 2008 2009
f 2011 2012 2010
f 2010 2012 2013
f 2014 2015 2017
f 2017 2015 2016
f 2018 2019 2021
f 2021 2019 2020
f 2022 1989 2024
f 2024 1989 2023
f 1989 1988 2023
f 2023 1988 2025
f 2026 2027 2017
f 2017 2027 2014
f 2029 2030 2028
f 2028 2030 2031
f 2033 2034 2032
f 2032 2034 2035
f 2032 2035 2036
f 2036 2035 2037
f 2039 2040 2038
f 2038 2040 2041
f 1982 2042 1983
f 1983 2042 2043
f 2045 2046 2044
f 2044 2046 2047
f 2049 2050 2048
f 2048 2050 2051
f 2053 2054 2052
f 2052 2054 2055
f 2057 2058 2056
f 2056 2058 2059
f 2060 2061 2033
f 2033 2061 2034
f 2063 2064 2062
f 2062 2064 2065
f 2066 2035 2067
f 2067 2035 2034
f 2069 2039 2068
f 2068 2039 2038
f 2025 2070 2023
f 2023 2070 2071
f 2072 2024 2071
f 2071 2024 2023
f 2074 2020 2073
f 2073 2020 2019
f 2050 2049 2047
f 2047 2049 2075
f 1983 2043 1990
f 1990 2043 1993
f 2006 2050 2007
f 2007 2050 2076
f 2050 2006 2051
f 2051 2006 2077
f 2079 2080 2078
f 2078 2080 2081
f 2082 2083 2085
f 2085 2083 2084
f 2010 2013 2086
f 2086 2013 2087
f 2089 2033 2088
f 2088 2033 2032
f 2090 2060 2089
f 2089 2060 2033
f 2092 2093 2091
f 2091 2093 2094
f 2096 1986 2095
f 2095 1986 2097
f 2097 1986 2022
f 2022 1986 1989
f 2015 2094 2016
f 2016 2094 2098
f 2016 2098 2100
f 2100 2098 2099
f 2017 2016 2101
f 2101 2016 2100
f 2017 2101 2026
f 2026 2101 2102
f 2100 2099 2104
f 2104 2099 2103
f 2104 2105 2100
f 2100 2105 2101
f 2105 2106 2101
f 2101 2106 2102
f 2108 2061 2107
f 2107 2061 2109
f 2111 2112 2110
f 2110 2112 2020
f 2020 2074 2110
f 2110 2074 2113
f 2115 2116 2114
f 2114 2116 2117
f 2118 2119 1995
f 1995 2119 2120
f 2121 2122 2027
f 2027 2122 2014
f 2047 2075 2044
f 2044 2075 2123
f 2124 2125 2127
f 2127 2125 2126
f 2129 2130 2128
f 2128 2130 2131
f 2132 2133 2057
f 2057 2133 2058
f 2134 1999 2136
f 2136 1999 2135
f 2055 2138 2137
f 2137 2138 2139
f 2141 2142 2140
f 2140 2142 2143
f 2083 2082 2064
f 2064 2082 2065
f 2082 2144 2065
f 2065 2144 2145
f 2040 2146 2041
f 2041 2146 2147
f 2060 2090 2148
f 2148 2090 2149
f 2048 2051 2137
f 2137 2051 2150
f 2151 1997 2135
f 2135 1997 1996
f 2152 2150 2077
f 2077 2150 2051
f 2046 2045 2118
f 2118 2045 2119
f 2154 2155 2153
f 2153 2155 2156
f 2158 2159 2157
f 2157 2159 2160
f 2162 2163 2161
f 2161 2163 2164
f 2164 2163 2165
f 2165 2163 2166
f 2168 2169 2167
f 2167 2169 2170
f 2003 2172 2171
f 2171 2172 2173
f 2174 2175 2002
f 2002 2175 2176
f 2145 2177 2065
f 2065 2177 2062
f 2178 2179 2180
f 2180 2179 2134
f 2181 2052 2152
f 2152 2052 2150
f 2040 2127 2146
f 2146 2127 2182
f 2130 2162 2131
f 2131 2162 2161
f 2052 2055 2150
f 2150 2055 2137
f 2184 2185 2183
f 2183 2185 2186
f 2159 2030 2160
f 2160 2030 2187
f 2146 2182 2029
f 2029 2182 2188
f 2189 2190 2192
f 2192 2190 2191
f 2172 2003 2176
f 2176 2003 2002
f 1998 2151 1999
f 1999 2151 2135
f 2177 2172 2062
f 2062 2172 2176
f 2172 2177 2173
f 2173 2177 2193
f 2063 2194 2064
f 2064 2194 2195
f 2066 2197 2196
f 2196 2197 2198
f 2002 2005 2174
f 2174 2005 2199
f 2004 2003 2200
f 2200 2003 2171
f 2198 2201 2171
f 2171 2201 2200
f 2197 2202 2198
f 2198 2202 2201
f 2202 2197 2203
f 2203 2197 2204
f 2196 2198 2173
f 2173 2198 2171
f 2205 2069 2170
f 2170 2069 2206
f 2197 2066 2204
f 2204 2066 2067
f 2107 2207 2108
f 2108 2207 2208
f 2210 2208 2209
f 2209 2208 2207
f 2185 2211 2212
f 2213 2214 2211
f 2211 2214 2212
f 1998 2001 2213
f 2213 2001 2214
f 2134 2215 1999
f 1999 2215 2000
f 2216 2217 2219
f 2219 2217 2218
f 2206 2220 2170
f 2170 2220 2167
f 2069 2068 2206
f 2206 2068 2221
f 2151 1998 2222
f 2222 1998 2213
f 2124 2039 2205
f 2205 2039 2069
f 2142 2223 2143
f 2143 2223 2128
f 2203 2186 2202
f 2202 2186 2185
f 2185 2184 2211
f 2211 2184 2224
f 2224 2225 2222
f 2222 2225 2226
f 2071 2227 2072
f 2072 2227 2228
f 2229 2074 2230
f 2230 2074 2073
f 2074 2229 2113
f 2113 2229 2231
f 2232 2225 2227
f 2227 2225 2224
f 2233 2234 2031
f 2031 2234 2028
f 2236 2231 2235
f 2235 2231 2229
f 2230 2183 2229
f 2229 2183 2235
f 2237 1987 2096
f 2096 1987 1986
f 2152 2238 2181
f 2181 2238 2239
f 2080 2240 2081
f 2081 2240 2241
f 2236 2242 1971
f 1971 2242 1970
f 1925 2113 1923
f 1923 2113 2231
f 2110 1927 2111
f 2111 1927 1928
f 2103 2111 1931
f 1931 2111 1928
f 1931 2243 2103
f 2103 2243 2104
f 2105 2104 2244
f 2244 2104 2243
f 1939 1980 2148
f 2148 1980 2109
f 1980 1944 2109
f 2109 1944 2107
f 1946 2245 2207
f 2207 2245 2209
f 2245 1970 2209
f 2209 1970 2242
f 2231 2236 1923
f 1923 2236 1971
f 2113 1925 2110
f 2110 1925 1927
f 2234 2246 2028
f 2028 2246 2147
f 2247 2248 2058
f 2058 2248 2059
f 2114 2117 2249
f 2249 2117 2250
f 2252 2253 2251
f 2251 2253 2254
f 2094 2015 2091
f 2091 2015 2255
f 2256 2255 2014
f 2014 2255 2015
f 2257 2145 2258
f 2258 2145 2144
f 2131 2161 2123
f 2123 2161 2044
f 2045 2044 2164
f 2164 2044 2161
f 2045 2164 2119
f 2119 2164 2165
f 2259 2120 2165
f 2165 2120 2119
f 2260 2261 2259
f 2259 2261 2120
f 2205 2262 2124
f 2124 2262 2125
f 2180 2263 2178
f 2178 2263 2264
f 2265 2266 2092
f 2092 2266 2093
f 1992 2267 2268
f 2184 2228 2224
f 2224 2228 2227
f 2048 2269 2049
f 2049 2269 2141
f 2129 2168 2157
f 2157 2168 2167
f 2049 2141 2075
f 2075 2141 2140
f 2199 2215 2270
f 2270 2215 2271
f 2142 2141 2272
f 2272 2141 2269
f 2089 2026 2090
f 2090 2026 2102
f 2146 2029 2147
f 2147 2029 2028
f 2111 2103 2112
f 2112 2103 2099
f 2061 2060 2109
f 2109 2060 2148
f 2273 2274 2041
f 2041 2274 2038
f 2260 2275 2261
f 2261 2275 2136
f 2057 2138 2132
f 2132 2138 2276
f 2272 2269 2056
f 2056 2269 2139
f 2277 2278 2270
f 2270 2278 2199
f 2029 2188 2030
f 2030 2188 2187
f 2040 2039 2127
f 2127 2039 2124
f 2064 2195 2083
f 2083 2195 2279
f 2056 2139 2057
f 2057 2139 2138
f 2278 2277 2247
f 2247 2277 2248
f 2062 2176 2063
f 2063 2176 2175
f 2280 2210 2242
f 2242 2210 2209
f 2282 2233 2281
f 2281 2233 2031
f 2216 2219 2283
f 2283 2219 2221
f 2158 2220 2218
f 2218 2220 2219
f 2217 2282 2218
f 2218 2282 2281
f 2220 2158 2167
f 2167 2158 2157
f 2223 2264 2128
f 2128 2264 2263
f 2261 1996 2120
f 2120 1996 1995
f 2213 2211 2222
f 2222 2211 2224
f 2283 2221 2284
f 2284 2221 2068
f 2135 1996 2136
f 2136 1996 2261
f 2144 2081 2258
f 2258 2081 2241
f 2235 2280 2236
f 2236 2280 2242
f 2246 2273 2147
f 2147 2273 2041
f 2036 2285 2032
f 2032 2285 2088
f 2077 2286 2152
f 2152 2286 2238
f 1937 1960 1973
f 1973 1960 1959
f 2070 2232 2071
f 2071 2232 2227
f 2244 2287 2105
f 2105 2287 2106
f 1936 1939 2149
f 2149 1939 2148
f 1944 1946 2107
f 2107 1946 2207
f 2285 2121 2088
f 2088 2121 2027
f 2253 2249 2254
f 2254 2249 2250
f 2006 2009 2077
f 2077 2009 2286
f 2289 2086 2288
f 2288 2086 2087
f 2223 2142 2290
f 2290 2142 2272
f 2128 2131 2143
f 2143 2131 2123
f 2156 2291 2153
f 2153 2291 2175
f 2292 2293 2278
f 2278 2293 2294
f 2075 2140 2123
f 2123 2140 2143
f 2262 2169 2275
f 2275 2169 2180
f 2275 2180 2136
f 2136 2180 2134
f 2274 2284 2038
f 2038 2284 2068
f 2127 2126 2182
f 2182 2126 2166
f 2094 2093 2098
f 2098 2093 2021
f 2098 2021 2099
f 2099 2021 2112
f 2018 2021 2266
f 2266 2021 2093
f 2251 2289 2252
f 2252 2289 2288
f 1997 2151 2226
f 2226 2151 2222
f 2206 2221 2220
f 2220 2221 2219
f 2269 2048 2139
f 2139 2048 2137
f 2159 2158 2281
f 2281 2158 2218
f 2156 2155 2190
f 2190 2155 2191
f 1974 1965 1583
f 1583 1965 1751
f 2088 2027 2089
f 2089 2027 2026
f 2030 2159 2031
f 2031 2159 2281
f 2106 2149 2102
f 2102 2149 2090
f 2287 1936 2106
f 2106 1936 2149
f 2293 2154 2294
f 2294 2154 2153
f 2021 2020 2112
f 2247 2295 2278
f 2278 2295 2292
f 2284 2296 2283
f 2283 2296 2297
f 2298 2296 2274
f 2274 2296 2284
f 2273 2299 2274
f 2274 2299 2298
f 2246 2300 2273
f 2273 2300 2299
f 2283 2297 2216
f 2216 2297 2301
f 2216 2301 2217
f 2217 2301 2302
f 2302 2303 2217
f 2217 2303 2282
f 2304 2301 2305
f 2305 2301 2297
f 2307 2308 2306
f 2306 2308 2309
f 2306 2310 2307
f 2307 2310 2311
f 2307 2312 2308
f 2308 2312 2313
f 2314 2315 2312
f 2312 2315 2316
f 2316 2317 2312
f 2312 2317 2313
f 2317 2305 2313
f 2313 2305 2318
f 2314 2312 2311
f 2311 2312 2307
f 2319 2320 2322
f 2322 2320 2321
f 2322 2311 2319
f 2319 2311 2310
f 2313 2318 2308
f 2308 2318 2309
f 2296 2298 2318
f 2318 2298 2309
f 2309 2298 2323
f 2323 2298 2299
f 2306 2309 2324
f 2324 2309 2323
f 2310 2306 2325
f 2325 2306 2324
f 2296 2318 2297
f 2297 2318 2305
f 2319 2310 2326
f 2326 2310 2325
f 2328 2325 2327
f 2327 2325 2324
f 2325 2328 2326
f 2326 2328 2329
f 2331 2328 2330
f 2330 2328 2327
f 2332 2333 2327
f 2327 2333 2330
f 2328 2331 2329
f 2329 2331 2334
f 2324 2323 2327
f 2327 2323 2332
f 2300 2332 2299
f 2299 2332 2323
f 2326 2335 2319
f 2319 2335 2320
f 2305 2317 2336
f 2336 2317 2316
f 2336 2316 2337
f 2337 2316 2315
f 2338 2304 2336
f 2336 2304 2305
f 2337 2339 2336
f 2336 2339 2338
f 2337 2315 2341
f 2341 2315 2340
f 2342 2300 2234
f 2234 2300 2246
f 2303 2343 2282
f 2282 2343 2233
f 2234 2233 2342
f 2342 2233 2343
f 2342 2343 2333
f 2333 2343 2344
f 2333 2344 2330
f 2330 2344 2345
f 2346 2344 2303
f 2303 2344 2343
f 2332 2300 2333
f 2333 2300 2342
f 2347 2346 2302
f 2302 2346 2303
f 2301 2304 2302
f 2302 2304 2347
f 2304 2338 2347
f 2347 2338 2348
f 2348 2349 2347
f 2347 2349 2346
f 2350 2351 2348
f 2348 2351 2349
f 2349 2345 2346
f 2346 2345 2344
f 2345 2349 2352
f 2352 2349 2351
f 2338 2339 2348
f 2348 2339 2350
f 2350 2339 2353
f 2353 2339 2354
f 2356 2357 2355
f 2355 2357 2353
f 2351 2350 2357
f 2357 2350 2353
f 2353 2354 2355
f 2355 2354 2335
f 2320 2335 2341
f 2341 2335 2354
f 2339 2337 2354
f 2354 2337 2341
f 2352 2331 2345
f 2345 2331 2330
f 2356 2334 2352
f 2352 2334 2331
f 2356 2352 2357
f 2357 2352 2351
f 2355 2329 2356
f 2356 2329 2334
f 2335 2326 2355
f 2355 2326 2329
f 2321 2314 2322
f 2322 2314 2311
f 2321 2320 2340
f 2340 2320 2341
f 2315 2314 2340
f 2340 2314 2321
f 2125 2260 2126
f 2126 2260 2259
f 2157 2160 2129
f 2129 2160 2130
f 2188 2163 2187
f 2187 2163 2162
f 2182 2166 2188
f 2188 2166 2163
f 2180 2169 2263
f 2263 2169 2168
f 2160 2187 2130
f 2130 2187 2162
f 2275 2260 2262
f 2262 2260 2125
f 2128 2263 2129
f 2129 2263 2168
f 2262 2205 2169
f 2169 2205 2170
f 2165 2166 2259
f 2259 2166 2126
f 2359 2360 2358
f 2358 2360 2361
f 2363 2364 2362
f 2362 2364 2365
f 2367 2363 2366
f 2366 2363 2362
f 2368 2369 2371
f 2371 2369 2370
f 2372 2373 2248
f 2248 2373 2059
f 2364 2374 2365
f 2365 2374 2375
f 2377 2378 2376
f 2376 2378 2379
f 2290 2380 2223
f 2223 2380 2381
f 2223 2381 2264
f 2264 2381 2382
f 2384 2385 2383
f 2383 2385 2386
f 2364 2371 2374
f 2374 2371 2387
f 2059 2373 2290
f 2290 2373 2380
f 2378 2360 2379
f 2379 2360 2388
f 2374 2387 2359
f 2359 2387 2389
f 2390 2367 2386
f 2386 2367 2391
f 2393 2394 2392
f 2392 2394 2395
f 2386 2391 2383
f 2383 2391 2396
f 2367 2366 2391
f 2391 2366 2397
f 2363 2367 2368
f 2368 2367 2390
f 2398 2399 2361
f 2361 2399 2358
f 2399 2400 2358
f 2358 2400 2375
f 2390 2401 2368
f 2368 2401 2369
f 2372 2384 2376
f 2376 2384 2383
f 2374 2359 2375
f 2375 2359 2358
f 2402 2403 2365
f 2365 2403 2362
f 2359 2389 2360
f 2360 2389 2388
f 2364 2363 2371
f 2371 2363 2368
f 2405 2398 2404
f 2404 2398 2361
f 2392 2395 2406
f 2406 2395 2397
f 2377 2396 2394
f 2394 2396 2395
f 2394 2393 2404
f 2404 2393 2405
f 2396 2377 2383
f 2383 2377 2376
f 2406 2397 2407
f 2407 2397 2366
f 2400 2402 2375
f 2375 2402 2365
f 2385 2270 2401
f 2401 2270 2271
f 2403 2407 2362
f 2362 2407 2366
f 2371 2370 2387
f 2387 2370 2382
f 2391 2397 2396
f 2396 2397 2395
f 2378 2377 2404
f 2404 2377 2394
f 2360 2378 2361
f 2361 2378 2404
f 2407 2408 2406
f 2406 2408 2409
f 2410 2408 2403
f 2403 2408 2407
f 2411 2410 2402
f 2402 2410 2403
f 2412 2411 2400
f 2400 2411 2402
f 2406 2409 2392
f 2392 2409 2413
f 2392 2413 2393
f 2393 2413 2414
f 2415 2405 2414
f 2414 2405 2393
f 2416 2413 2417
f 2417 2413 2409
f 2419 2420 2418
f 2418 2420 2421
f 2420 2422 2421
f 2421 2422 2423
f 2420 2424 2422
f 2422 2424 2425
f 2426 2427 2424
f 2424 2427 2428
f 2428 2429 2424
f 2424 2429 2425
f 2426 2424 2419
f 2419 2424 2420
f 2419 2418 2431
f 2431 2418 2430
f 2425 2432 2422
f 2422 2432 2423
f 2408 2410 2432
f 2432 2410 2423
f 2423 2410 2433
f 2433 2410 2411
f 2421 2423 2434
f 2434 2423 2433
f 2435 2418 2434
f 2434 2418 2421
f 2429 2417 2425
f 2425 2417 2432
f 2408 2432 2409
f 2409 2432 2417
f 2418 2435 2430
f 2430 2435 2436
f 2438 2435 2437
f 2437 2435 2434
f 2435 2438 2436
f 2436 2438 2439
f 2441 2438 2440
f 2440 2438 2437
f 2442 2443 2437
f 2437 2443 2440
f 2439 2438 2444
f 2444 2438 2441
f 2433 2442 2434
f 2434 2442 2437
f 2412 2442 2411
f 2411 2442 2433
f 2436 2445 2430
f 2430 2445 2446
f 2430 2446 2431
f 2431 2446 2447
f 2417 2429 2448
f 2448 2429 2428
f 2427 2449 2428
f 2428 2449 2448
f 2450 2416 2448
f 2448 2416 2417
f 2451 2450 2449
f 2449 2450 2448
f 2427 2452 2449
f 2449 2452 2453
f 2447 2446 2452
f 2452 2446 2453
f 2454 2412 2399
f 2399 2412 2400
f 2415 2455 2405
f 2405 2455 2398
f 2399 2398 2454
f 2454 2398 2455
f 2454 2455 2443
f 2443 2455 2456
f 2443 2456 2440
f 2440 2456 2457
f 2458 2456 2415
f 2415 2456 2455
f 2443 2442 2454
f 2454 2442 2412
f 2459 2458 2414
f 2414 2458 2415
f 2413 2416 2414
f 2414 2416 2459
f 2459 2416 2460
f 2460 2416 2450
f 2460 2461 2459
f 2459 2461 2458
f 2462 2463 2460
f 2460 2463 2461
f 2461 2457 2458
f 2458 2457 2456
f 2457 2461 2464
f 2464 2461 2463
f 2451 2462 2450
f 2450 2462 2460
f 2462 2451 2465
f 2465 2451 2466
f 2468 2469 2467
f 2467 2469 2465
f 2463 2462 2469
f 2469 2462 2465
f 2465 2466 2467
f 2467 2466 2445
f 2446 2445 2453
f 2453 2445 2466
f 2451 2449 2466
f 2466 2449 2453
f 2464 2441 2457
f 2457 2441 2440
f 2468 2444 2464
f 2464 2444 2441
f 2468 2464 2469
f 2469 2464 2463
f 2467 2439 2468
f 2468 2439 2444
f 2445 2436 2467
f 2467 2436 2439
f 2447 2426 2431
f 2431 2426 2419
f 2427 2426 2452
f 2452 2426 2447
f 2369 2179 2370
f 2370 2179 2178
f 2376 2379 2372
f 2372 2379 2373
f 2389 2381 2388
f 2388 2381 2380
f 2387 2382 2389
f 2389 2382 2381
f 2270 2385 2277
f 2277 2385 2384
f 2379 2388 2373
f 2373 2388 2380
f 2401 2271 2369
f 2369 2271 2179
f 2248 2277 2372
f 2372 2277 2384
f 2401 2390 2385
f 2385 2390 2386
f 2264 2382 2178
f 2178 2382 2370
f 2215 2134 2271
f 2271 2134 2179
f 2005 2000 2199
f 2199 2000 2215
f 2004 2001 2005
f 2005 2001 2000
f 2200 2214 2004
f 2004 2214 2001
f 2470 2471 2473
f 2473 2471 2472
f 2475 2476 2474
f 2474 2476 2477
f 2479 2475 2478
f 2478 2475 2474
f 2481 2482 2480
f 2480 2482 2483
f 2476 2484 2477
f 2477 2484 2485
f 2487 2488 2486
f 2486 2488 2489
f 2133 2490 2058
f 2058 2490 2491
f 2058 2491 2247
f 2247 2491 2492
f 2494 2495 2493
f 2493 2495 2496
f 2476 2483 2484
f 2484 2483 2497
f 2472 2498 2488
f 2488 2498 2489
f 2484 2497 2471
f 2471 2497 2499
f 2500 2479 2496
f 2496 2479 2501
f 2502 2503 2505
f 2505 2503 2504
f 2496 2501 2493
f 2493 2501 2506
f 2479 2478 2501
f 2501 2478 2507
f 2475 2479 2480
f 2480 2479 2500
f 2508 2509 2473
f 2473 2509 2470
f 2509 2510 2470
f 2470 2510 2485
f 2511 2481 2500
f 2500 2481 2480
f 2512 2494 2486
f 2486 2494 2493
f 2485 2484 2470
f 2470 2484 2471
f 2513 2514 2477
f 2477 2514 2474
f 2471 2499 2472
f 2472 2499 2498
f 2476 2475 2483
f 2483 2475 2480
f 2516 2508 2515
f 2515 2508 2473
f 2502 2505 2517
f 2517 2505 2507
f 2504 2487 2505
f 2505 2487 2506
f 2503 2516 2504
f 2504 2516 2515
f 2506 2487 2493
f 2493 2487 2486
f 2517 2507 2518
f 2518 2507 2478
f 2510 2513 2485
f 2485 2513 2477
f 2511 2495 2293
f 2293 2495 2154
f 2514 2518 2474
f 2474 2518 2478
f 2483 2482 2497
f 2497 2482 2492
f 2501 2507 2506
f 2506 2507 2505
f 2488 2487 2515
f 2515 2487 2504
f 2472 2488 2473
f 2473 2488 2515
f 2518 2519 2517
f 2517 2519 2520
f 2521 2519 2514
f 2514 2519 2518
f 2522 2521 2513
f 2513 2521 2514
f 2523 2522 2510
f 2510 2522 2513
f 2517 2520 2502
f 2502 2520 2524
f 2502 2524 2503
f 2503 2524 2525
f 2525 2526 2503
f 2503 2526 2516
f 2527 2524 2528
f 2528 2524 2520
f 2530 2531 2529
f 2529 2531 2532
f 2531 2533 2532
f 2532 2533 2534
f 2531 2535 2533
f 2533 2535 2536
f 2537 2538 2535
f 2535 2538 2539
f 2539 2540 2535
f 2535 2540 2536
f 2537 2535 2530
f 2530 2535 2531
f 2529 2541 2530
f 2530 2541 2542
f 2543 2534 2536
f 2536 2534 2533
f 2519 2521 2543
f 2543 2521 2534
f 2534 2521 2544
f 2544 2521 2522
f 2532 2534 2545
f 2545 2534 2544
f 2529 2532 2546
f 2546 2532 2545
f 2536 2540 2543
f 2543 2540 2528
f 2519 2543 2520
f 2520 2543 2528
f 2541 2529 2547
f 2547 2529 2546
f 2548 2549 2545
f 2545 2549 2546
f 2549 2550 2546
f 2546 2550 2547
f 2551 2552 2548
f 2548 2552 2549
f 2548 2553 2551
f 2551 2553 2554
f 2550 2549 2555
f 2555 2549 2552
f 2545 2544 2548
f 2548 2544 2553
f 2523 2553 2522
f 2522 2553 2544
f 2547 2556 2541
f 2541 2556 2557
f 2541 2557 2542
f 2542 2557 2558
f 2528 2540 2559
f 2559 2540 2539
f 2538 2560 2539
f 2539 2560 2559
f 2561 2527 2559
f 2559 2527 2528
f 2560 2562 2559
f 2559 2562 2561
f 2560 2538 2564
f 2564 2538 2563
f 2558 2557 2563
f 2563 2557 2564
f 2565 2523 2509
f 2509 2523 2510
f 2526 2566 2516
f 2516 2566 2508
f 2509 2508 2565
f 2565 2508 2566
f 2565 2566 2554
f 2554 2566 2567
f 2554 2567 2551
f 2551 2567 2568
f 2569 2567 2526
f 2526 2567 2566
f 2553 2523 2554
f 2554 2523 2565
f 2570 2569 2525
f 2525 2569 2526
f 2524 2527 2525
f 2525 2527 2570
f 2527 2561 2570
f 2570 2561 2571
f 2571 2572 2570
f 2570 2572 2569
f 2573 2574 2571
f 2571 2574 2572
f 2572 2568 2569
f 2569 2568 2567
f 2568 2572 2575
f 2575 2572 2574
f 2562 2573 2561
f 2561 2573 2571
f 2573 2562 2576
f 2576 2562 2577
f 2579 2580 2578
f 2578 2580 2576
f 2574 2573 2580
f 2580 2573 2576
f 2576 2577 2578
f 2578 2577 2556
f 2557 2556 2564
f 2564 2556 2577
f 2562 2560 2577
f 2577 2560 2564
f 2575 2552 2568
f 2568 2552 2551
f 2579 2555 2575
f 2575 2555 2552
f 2579 2575 2580
f 2580 2575 2574
f 2550 2555 2578
f 2578 2555 2579
f 2556 2547 2578
f 2578 2547 2550
f 2558 2537 2542
f 2542 2537 2530
f 2538 2537 2563
f 2563 2537 2558
f 2292 2295 2481
f 2481 2295 2482
f 2486 2489 2512
f 2512 2489 2581
f 2499 2491 2498
f 2498 2491 2490
f 2497 2492 2499
f 2499 2492 2491
f 2155 2154 2494
f 2494 2154 2495
f 2581 2489 2490
f 2490 2489 2498
f 2293 2292 2511
f 2511 2292 2481
f 2191 2155 2512
f 2512 2155 2494
f 2500 2496 2511
f 2511 2496 2495
f 2247 2492 2295
f 2295 2492 2482
f 2583 2584 2582
f 2582 2584 2585
f 2587 2588 2586
f 2586 2588 2589
f 2591 2587 2590
f 2590 2587 2586
f 2593 2594 2592
f 2592 2594 2595
f 2596 2597 2599
f 2599 2597 2598
f 2588 2600 2589
f 2589 2600 2601
f 2602 2603 2605
f 2605 2603 2604
f 2606 2607 2609
f 2609 2607 2608
f 2609 2608 2190
f 2190 2608 2610
f 2611 2612 2614
f 2614 2612 2613
f 2600 2588 2615
f 2615 2588 2595
f 2599 2598 2606
f 2606 2598 2607
f 2584 2616 2604
f 2604 2616 2605
f 2600 2615 2583
f 2583 2615 2617
f 2591 2619 2618
f 2618 2619 2614
f 2621 2622 2620
f 2620 2622 2623
f 2619 2624 2614
f 2614 2624 2611
f 2591 2590 2619
f 2619 2590 2625
f 2587 2591 2592
f 2592 2591 2618
f 2626 2627 2585
f 2585 2627 2582
f 2627 2628 2582
f 2582 2628 2601
f 2629 2593 2618
f 2618 2593 2592
f 2602 2597 2611
f 2611 2597 2612
f 2600 2583 2601
f 2601 2583 2582
f 2630 2631 2589
f 2589 2631 2586
f 2583 2617 2584
f 2584 2617 2616
f 2588 2587 2595
f 2595 2587 2592
f 2633 2626 2632
f 2632 2626 2585
f 2620 2623 2634
f 2634 2623 2625
f 2622 2603 2623
f 2623 2603 2624
f 2621 2633 2622
f 2622 2633 2632
f 2611 2624 2602
f 2602 2624 2603
f 2634 2625 2635
f 2635 2625 2590
f 2628 2630 2601
f 2601 2630 2589
f 2613 2195 2629
f 2629 2195 2194
f 2631 2635 2586
f 2586 2635 2590
f 2595 2594 2615
f 2615 2594 2610
f 2619 2625 2624
f 2624 2625 2623
f 2632 2604 2622
f 2622 2604 2603
f 2585 2584 2632
f 2632 2584 2604
f 2635 2636 2634
f 2634 2636 2637
f 2638 2636 2631
f 2631 2636 2635
f 2639 2638 2630
f 2630 2638 2631
f 2640 2639 2628
f 2628 2639 2630
f 2634 2637 2620
f 2620 2637 2641
f 2620 2641 2621
f 2621 2641 2642
f 2642 2643 2621
f 2621 2643 2633
f 2641 2637 2644
f 2644 2637 2645
f 2646 2647 2649
f 2649 2647 2648
f 2648 2650 2649
f 2649 2650 2651
f 2648 2652 2650
f 2650 2652 2653
f 2652 2654 2656
f 2656 2654 2655
f 2656 2657 2652
f 2652 2657 2653
f 2654 2652 2647
f 2647 2652 2648
f 2647 2646 2659
f 2659 2646 2658
f 2660 2651 2653
f 2653 2651 2650
f 2636 2638 2660
f 2660 2638 2651
f 2651 2638 2661
f 2661 2638 2639
f 2651 2661 2649
f 2649 2661 2662
f 2663 2646 2662
f 2662 2646 2649
f 2653 2657 2660
f 2660 2657 2645
f 2636 2660 2637
f 2637 2660 2645
f 2646 2663 2658
f 2658 2663 2664
f 2665 2666 2662
f 2662 2666 2663
f 2666 2667 2663
f 2663 2667 2664
f 2668 2669 2665
f 2665 2669 2666
f 2665 2670 2668
f 2668 2670 2671
f 2667 2666 2672
f 2672 2666 2669
f 2662 2661 2665
f 2665 2661 2670
f 2640 2670 2639
f 2639 2670 2661
f 2673 2674 2664
f 2664 2674 2658
f 2658 2674 2659
f 2659 2674 2675
f 2645 2657 2676
f 2676 2657 2656
f 2677 2676 2655
f 2655 2676 2656
f 2676 2678 2645
f 2645 2678 2644
f 2677 2679 2676
f 2676 2679 2678
f 2655 2680 2677
f 2677 2680 2681
f 2675 2674 2680
f 2680 2674 2681
f 2682 2640 2627
f 2627 2640 2628
f 2643 2683 2633
f 2633 2683 2626
f 2682 2627 2683
f 2683 2627 2626
f 2683 2684 2682
f 2682 2684 2671
f 2684 2685 2671
f 2671 2685 2668
f 2686 2684 2643
f 2643 2684 2683
f 2670 2640 2671
f 2671 2640 2682
f 2687 2686 2642
f 2642 2686 2643
f 2642 2641 2687
f 2687 2641 2644
f 2687 2644 2688
f 2688 2644 2678
f 2688 2689 2687
f 2687 2689 2686
f 2690 2691 2688
f 2688 2691 2689
f 2689 2685 2686
f 2686 2685 2684
f 2685 2689 2692
f 2692 2689 2691
f 2679 2690 2678
f 2678 2690 2688
f 2690 2679 2693
f 2693 2679 2694
f 2696 2697 2695
f 2695 2697 2693
f 2691 2690 2697
f 2697 2690 2693
f 2693 2694 2695
f 2695 2694 2673
f 2674 2673 2681
f 2681 2673 2694
f 2679 2677 2694
f 2694 2677 2681
f 2685 2692 2668
f 2668 2692 2669
f 2696 2672 2692
f 2692 2672 2669
f 2696 2692 2697
f 2697 2692 2691
f 2695 2667 2696
f 2696 2667 2672
f 2673 2664 2695
f 2695 2664 2667
f 2675 2654 2659
f 2659 2654 2647
f 2655 2654 2680
f 2680 2654 2675
f 2291 2156 2593
f 2593 2156 2594
f 2597 2602 2598
f 2598 2602 2605
f 2616 2617 2607
f 2607 2617 2608
f 2615 2610 2617
f 2617 2610 2608
f 2597 2596 2612
f 2612 2596 2698
f 2598 2605 2607
f 2607 2605 2616
f 2194 2291 2629
f 2629 2291 2593
f 2629 2618 2613
f 2613 2618 2614
f 2190 2610 2156
f 2156 2610 2594
f 2700 2010 2699
f 2699 2010 2086
f 2267 2701 2116
f 2116 2701 2702
f 2116 2702 2117
f 2117 2702 2703
f 2704 2705 2250
f 2250 2705 2254
f 2011 2706 2267
f 2267 2706 2701
f 2699 2086 2707
f 2707 2086 2289
f 2010 2700 2011
f 2011 2700 2706
f 2708 2707 2251
f 2251 2707 2289
f 2703 2704 2117
f 2117 2704 2250
f 2705 2708 2254
f 2254 2708 2251
f 2709 2710 2708
f 2708 2710 2707
f 2711 2709 2705
f 2705 2709 2708
f 2712 2711 2704
f 2704 2711 2705
f 2713 2712 2703
f 2703 2712 2704
f 2707 2710 2699
f 2699 2710 2714
f 2699 2714 2700
f 2700 2714 2715
f 2716 2706 2715
f 2715 2706 2700
f 2714 2710 2717
f 2717 2710 2718
f 2720 2721 2719
f 2719 2721 2722
f 2721 2723 2722
f 2722 2723 2724
f 2721 2725 2723
f 2723 2725 2726
f 2727 2728 2725
f 2725 2728 2726
f 2729 2725 2720
f 2720 2725 2721
f 2731 2729 2730
f 2730 2729 2720
f 2719 2732 2720
f 2720 2732 2730
f 2726 2733 2723
f 2723 2733 2724
f 2709 2711 2733
f 2733 2711 2724
f 2724 2711 2734
f 2734 2711 2712
f 2722 2724 2735
f 2735 2724 2734
f 2719 2722 2736
f 2736 2722 2735
f 2726 2728 2733
f 2733 2728 2718
f 2709 2733 2710
f 2710 2733 2718
f 2732 2719 2737
f 2737 2719 2736
f 2738 2739 2735
f 2735 2739 2736
f 2739 2740 2736
f 2736 2740 2737
f 2741 2742 2738
f 2738 2742 2739
f 2738 2743 2741
f 2741 2743 2744
f 2740 2739 2745
f 2745 2739 2742
f 2735 2734 2738
f 2738 2734 2743
f 2713 2743 2712
f 2712 2743 2734
f 2737 2746 2732
f 2732 2746 2747
f 2732 2747 2730
f 2730 2747 2731
f 2718 2728 2748
f 2748 2728 2727
f 2749 2750 2727
f 2727 2750 2748
f 2748 2751 2718
f 2718 2751 2717
f 2750 2752 2748
f 2748 2752 2751
f 2750 2749 2754
f 2754 2749 2753
f 2731 2747 2753
f 2753 2747 2754
f 2727 2725 2749
f 2749 2725 2729
f 2749 2729 2753
f 2753 2729 2731
f 2702 2755 2703
f 2703 2755 2713
f 2706 2716 2701
f 2701 2716 2756
f 2755 2702 2756
f 2756 2702 2701
f 2756 2757 2755
f 2755 2757 2744
f 2757 2758 2744
f 2744 2758 2741
f 2759 2757 2716
f 2716 2757 2756
f 2743 2713 2744
f 2744 2713 2755
f 2760 2759 2715
f 2715 2759 2716
f 2715 2714 2760
f 2760 2714 2717
f 2760 2717 2761
f 2761 2717 2751
f 2761 2762 2760
f 2760 2762 2759
f 2763 2764 2761
f 2761 2764 2762
f 2762 2758 2759
f 2759 2758 2757
f 2758 2762 2765
f 2765 2762 2764
f 2752 2763 2751
f 2751 2763 2761
f 2763 2752 2766
f 2766 2752 2767
f 2768 2769 2766
f 2766 2769 2770
f 2764 2763 2770
f 2770 2763 2766
f 2766 2767 2768
f 2768 2767 2746
f 2747 2746 2754
f 2754 2746 2767
f 2752 2750 2767
f 2767 2750 2754
f 2758 2765 2741
f 2741 2765 2742
f 2769 2745 2765
f 2765 2745 2742
f 2769 2765 2770
f 2770 2765 2764
f 2768 2740 2769
f 2769 2740 2745
f 2746 2737 2768
f 2768 2737 2740
f 2201 2212 2200
f 2200 2212 2214
f 2201 2202 2212
f 2212 2202 2185
f 2512 2581 2191
f 2191 2581 2192
f 2059 2290 2056
f 2056 2290 2272
f 2174 2199 2294
f 2294 2199 2278
f 2063 2175 2194
f 2194 2175 2291
f 2192 2581 2133
f 2133 2581 2490
f 2133 2132 2192
f 2192 2132 2189
f 2054 2276 2055
f 2055 2276 2138
f 2083 2279 2084
f 2084 2279 2771
f 2771 2279 2599
f 2599 2279 2596
f 2606 2772 2599
f 2599 2772 2771
f 2772 2773 2771
f 2771 2773 2084
f 2773 2774 2084
f 2084 2774 2085
f 2085 2775 2082
f 2082 2775 2144
f 2774 2078 2085
f 2085 2078 2775
f 2078 2774 2079
f 2079 2774 2776
f 2774 2773 2776
f 2776 2773 2777
f 2773 2772 2777
f 2777 2772 2778
f 2190 2189 2609
f 2609 2189 2778
f 2053 2052 2779
f 2779 2052 2181
f 2144 2775 2081
f 2081 2775 2078
f 2294 2153 2174
f 2174 2153 2175
f 2132 2276 2189
f 2189 2276 2778
f 2606 2609 2772
f 2772 2609 2778
f 2195 2613 2698
f 2698 2613 2612
f 2596 2279 2698
f 2698 2279 2195
f 2054 2777 2276
f 2276 2777 2778
f 2777 2054 2776
f 2776 2054 2053
f 2053 2779 2776
f 2776 2779 2079
f 2779 2181 2079
f 2079 2181 2080
f 2181 2239 2080
f 2080 2239 2240
f 2122 2256 2014
f 2042 1982 2076
f 2076 1982 2007
f 1982 1985 2007
f 2007 1985 2008
f 2095 2097 2265
f 2265 2097 2266
f 2076 2050 2042
f 2042 2050 2047
f 2046 2043 2047
f 2047 2043 2042
f 2118 1993 2046
f 2046 1993 2043
f 1995 1994 2118
f 2118 1994 1993
f 2267 1992 2011
f 2011 1992 2012
f 1997 2012 1994
f 1994 2012 1992
f 2226 2013 1997
f 1997 2013 2012
f 2225 2087 2226
f 2226 2087 2013
f 2225 2232 2087
f 2087 2232 2288
f 2232 2070 2288
f 2288 2070 2252
f 2070 2025 2252
f 2252 2025 2253
f 1988 2249 2025
f 2025 2249 2253
f 2116 2115 2267
f 2267 2115 2268
f 2096 1984 2237
f 2237 1984 1991
f 2095 1985 2096
f 2096 1985 1984
f 2265 2008 2095
f 2095 2008 1985
f 2092 2009 2265
f 2265 2009 2008
f 2091 2286 2092
f 2092 2286 2009
f 2255 2238 2091
f 2091 2238 2286
f 2256 2239 2255
f 2255 2239 2238
f 2122 2240 2256
f 2256 2240 2239
f 2121 2241 2122
f 2122 2241 2240
f 2022 2018 2097
f 2097 2018 2266
f 2022 2024 2018
f 2018 2024 2019
f 2024 2072 2019
f 2019 2072 2073
f 2072 2228 2073
f 2073 2228 2230
f 2228 2184 2230
f 2230 2184 2183
f 2121 2285 2241
f 2241 2285 2258
f 2285 2036 2258
f 2258 2036 2257
f 2177 2145 2193
f 2193 2145 2257
f 2173 2193 2196
f 2196 2193 2037
f 2036 2037 2257
f 2257 2037 2193
f 2196 2037 2066
f 2066 2037 2035
f 2061 2108 2034
f 2034 2108 2067
f 2108 2208 2067
f 2067 2208 2204
f 2208 2210 2204
f 2204 2210 2203
f 2210 2280 2203
f 2203 2280 2186
f 2183 2186 2235
f 2235 2186 2280
f 1987 2114 1988
f 1988 2114 2249
f 2237 2115 1987
f 1987 2115 2114
f 1991 2268 2237
f 2237 2268 2115
f 1991 1990 2268
f 2268 1990 1992
f 107 110 2781
f 2781 110 2780
f 117 2782 118
f 118 2782 2783
f 119 2784 120
f 120 2784 2785
f 125 2786 126
f 126 2786 2787
f 127 2788 128
f 128 2788 2789
f 127 132 2788
f 2788 132 2790
f 231 230 2792
f 2792 230 2791
f 118 2783 119
f 119 2783 2784
f 241 243 2794
f 2794 243 2793
f 2781 2795 107
f 107 2795 352
f 120 2785 437
f 437 2785 2796
f 126 2787 110
f 110 2787 2780
f 455 2797 456
f 456 2797 2798
f 128 2789 457
f 457 2789 2799
f 456 2798 117
f 117 2798 2782
f 2794 2797 241
f 241 2797 455
f 457 2799 125
f 125 2799 2786
f 132 231 2790
f 2790 231 2792
f 230 437 2791
f 2791 437 2796
f 2792 2789 2790
f 2790 2789 2788
f 2785 2784 2801
f 2801 2784 2800
f 2786 2802 2787
f 2787 2802 2803
f 2792 2791 2805
f 2805 2791 2804
f 2784 2783 2800
f 2800 2783 2806
f 2785 2801 2796
f 2796 2801 2807
f 2787 2803 2780
f 2780 2803 2808
f 2789 2809 2799
f 2799 2809 2810
f 2799 2810 2786
f 2786 2810 2802
f 2791 2796 2804
f 2804 2796 2807
f 2789 2792 2809
f 2809 2792 2805
f 2812 2797 2811
f 2811 2797 2794
f 2809 2805 2810
f 2810 2805 2804
f 2810 2804 2802
f 2802 2804 2807
f 2802 2807 2803
f 2803 2807 2801
f 2808 2803 2800
f 2800 2803 2801
f 2814 699 2813
f 2813 699 698
f 2808 2815 2780
f 2780 2815 2781
f 2817 2782 2816
f 2816 2782 2798
f 2815 2818 2781
f 2781 2818 2795
f 2797 2812 2798
f 2798 2812 2816
f 2783 2782 2806
f 2806 2782 2817
f 2800 2806 2808
f 2808 2806 2815
f 2794 2793 2811
f 2811 2793 2819
f 174 201 384
f 384 201 362
f 200 1766 390
f 390 1766 1777
f 1777 1778 390
f 390 1778 398
f 1778 361 398
f 398 361 222
f 2820 2821 628
f 628 2821 629
f 1406 2820 790
f 790 2820 628
f 794 1415 1233
f 1233 1415 1234
f 1406 790 1407
f 1407 790 1312
f 1407 1312 2822
f 2822 1312 1316
f 2823 1380 1543
f 1543 1380 1379
f 1385 1738 1382
f 1382 1738 1383
f 1381 791 1382
f 1382 791 1386
f 791 794 1386
f 1386 794 1233
f 1259 1390 1260
f 1260 1390 1389
f 1905 1542 1394
f 1394 1542 1395
f 1410 1413 1397
f 1397 1413 1398
f 2821 1410 629
f 629 1410 1397
f 2823 2822 1380
f 1380 2822 1316
f 1392 1395 1378
f 1378 1395 1379
f 1738 1399 1383
f 1383 1399 1398
f 1388 1235 1389
f 1389 1235 1234
f 1393 1391 1394
f 1394 1391 1390
f 1381 1384 779
f 779 1384 780
f 1282 788 792
f 792 788 793
f 1431 1262 1432
f 1432 1262 1261
f 1400 1342 1408
f 1408 1342 1409
f 1508 1544 1411
f 1411 1544 1412
f 788 787 793
f 793 787 1414
f 2821 2820 1429
f 1429 2820 1430
f 2822 2823 1506
f 1506 2823 1507
f 778 1282 779
f 779 1282 792
f 2820 1406 1430
f 1430 1406 1409
f 1410 2821 1411
f 1411 2821 1429
f 1407 2822 1408
f 1408 2822 1506
f 1544 781 1412
f 1412 781 780
f 1260 1415 1261
f 1261 1415 1414
f 1334 2824 923
f 923 2824 924
f 2826 1268 2825
f 2825 1268 1267
f 769 1212 2827
f 2827 1212 2828
f 1492 1190 1266
f 1266 1190 1267
f 1488 2829 1489
f 1489 2829 2830
f 922 1329 923
f 923 1329 1328
f 1484 2831 1485
f 1485 2831 2832
f 1482 2833 1485
f 1485 2833 1486
f 1324 1493 1489
f 1489 1493 1490
f 1265 1491 1266
f 1266 1491 1490
f 2835 2836 2834
f 2834 2836 2837
f 1250 2838 2827
f 2827 2838 2839
f 1488 1491 2840
f 2840 1491 2841
f 1268 2826 2842
f 2842 2826 2843
f 2844 2845 1495
f 1495 2845 1496
f 1427 2847 2846
f 2846 2847 926
f 2829 1488 2848
f 2848 1488 2840
f 1329 922 2849
f 2849 922 927
f 2850 2851 768
f 768 2851 1213
f 1265 1268 2852
f 2852 1268 2842
f 1491 1265 2841
f 2841 1265 2852
f 2854 2855 2853
f 2853 2855 2856
f 2855 2857 2856
f 2856 2857 598
f 2857 2858 598
f 598 2858 595
f 2858 2859 595
f 595 2859 626
f 649 652 2860
f 2860 652 2861
f 639 642 2862
f 2862 642 2863
f 2864 705 2862
f 2862 705 639
f 2865 1418 2864
f 2864 1418 705
f 2866 2867 2865
f 2865 2867 1418
f 1760 1348 1761
f 1761 1348 2867
f 1764 2868 1197
f 1197 2868 1198
f 2869 611 2868
f 2868 611 1198
f 2870 612 2869
f 2869 612 611
f 1352 1350 944
f 944 1350 688
f 1350 1256 688
f 688 1256 685
f 1256 1255 685
f 685 1255 692
f 1255 2871 692
f 692 2871 2872
f 701 2873 698
f 698 2873 2813
f 2872 1349 692
f 692 1349 693
f 1696 1744 1574
f 1574 1744 1575
f 1753 1618 1577
f 1577 1618 1578
f 1729 1594 1608
f 1608 1594 1609
f 1725 1630 1611
f 1611 1630 1612
f 1604 1607 1625
f 1625 1607 1626
f 1624 1703 1625
f 1625 1703 1912
f 1703 1702 1912
f 1912 1702 1913
f 1702 1753 1913
f 1913 1753 1577
f 1598 1569 1915
f 1915 1569 1578
f 1616 1615 1915
f 1915 1615 1916
f 1615 1696 1916
f 1916 1696 1574
f 1744 1745 1575
f 1575 1745 1917
f 1745 1565 1917
f 1917 1565 1609
f 1568 1725 1608
f 1608 1725 1611
f 2874 1613 1918
f 1918 1613 1612
f 1607 2874 1626
f 1626 2874 1918
f 1610 1613 1562
f 1562 1613 1563
f 1547 1550 1570
f 1570 1550 1571
f 1573 1576 1580
f 1580 1576 1581
f 1553 1556 1595
f 1595 1556 1596
f 1556 1582 1596
f 1596 1582 1581
f 1551 1547 1599
f 1599 1547 1570
f 1731 1914 1601
f 1601 1914 1602
f 1686 1689 1605
f 1605 1689 1606
f 1598 1743 1599
f 1599 1743 1692
f 2874 1607 1723
f 1723 1607 1606
f 1727 1553 1730
f 1730 1553 1595
f 1600 1686 1601
f 1601 1686 1605
f 1914 1572 1602
f 1602 1572 1571
f 1579 1693 1580
f 1580 1693 1692
f 1613 2874 1563
f 1563 2874 1723
f 1561 1727 1562
f 1562 1727 1730
f 1949 1742 1548
f 1548 1742 1549
f 1694 1949 1552
f 1552 1949 1548
f 1954 1589 1554
f 1554 1589 1555
f 1693 1579 1558
f 1558 1579 1559
f 1561 1564 1584
f 1584 1564 1585
f 1582 1556 1588
f 1588 1556 1555
f 1600 1603 1591
f 1591 1603 1592
f 1981 1977 1687
f 1687 1977 1688
f 1564 1722 1585
f 1585 1722 1690
f 1551 1693 1552
f 1552 1693 1558
f 1751 1954 1728
f 1728 1954 1554
f 1590 1981 1591
f 1591 1981 1687
f 1603 1550 1592
f 1592 1550 1549
f 1977 1691 1688
f 1688 1691 1690
f 1587 1560 1588
f 1588 1560 1559
f 1727 1561 1728
f 1728 1561 1584
f 2875 1919 1947
f 1947 1919 1948
f 1557 1560 1952
f 1952 1560 1953
f 1933 1932 1955
f 1955 1932 1956
f 1587 1589 1958
f 1958 1589 1956
f 1959 1933 1965
f 1965 1933 1955
f 1961 1964 1966
f 1966 1964 1967
f 1981 1590 1969
f 1969 1590 1967
f 1742 1949 1972
f 1972 1949 1948
f 1593 1742 1966
f 1966 1742 1972
f 1957 1950 1958
f 1958 1950 1953
f 1583 1586 1974
f 1974 1586 1975
f 1940 1943 1978
f 1978 1943 1979
f 1943 1976 1979
f 1979 1976 1975
f 1951 2875 1952
f 1952 2875 1947
f 1968 1940 1969
f 1969 1940 1978
f 1973 1959 1974
f 1974 1959 1965
f 1923 1971 1920
f 1920 1971 1921
f 1919 2875 1920
f 1920 2875 1924
f 2875 1951 1924
f 1924 1951 1926
f 1950 1957 1929
f 1929 1957 1930
f 2244 2243 1934
f 1934 2243 1935
f 1973 1976 1937
f 1937 1976 1938
f 1944 1980 1941
f 1941 1980 1942
f 1940 1968 1941
f 1941 1968 1945
f 2287 2244 1960
f 1960 2244 1934
f 1970 2245 1962
f 1962 2245 1963
f 2243 1931 1935
f 1935 1931 1930
f 1927 1926 1928
f 1928 1926 1929
f 1961 1922 1962
f 1962 1922 1921
f 2245 1946 1963
f 1963 1946 1945
f 1976 1943 1938
f 1938 1943 1942
f 1936 2287 1937
f 1937 2287 1960
f 743 1238 608
f 608 1238 609
f 607 1811 608
f 608 1811 744
f 1304 2876 1305
f 1305 2876 2877
f 586 585 1298
f 1298 585 1299
f 585 702 1299
f 1299 702 1300
f 702 1428 1300
f 1300 1428 1301
f 1238 586 609
f 609 586 1298
f 2878 2879 1218
f 1218 2879 2877
f 2880 2881 1812
f 1812 2881 1819
f 2883 1821 2882
f 2882 1821 1820
f 2840 2841 620
f 620 2841 621
f 2842 2843 795
f 795 2843 796
f 892 895 2844
f 2844 895 2845
f 2848 2840 942
f 942 2840 620
f 2849 927 1202
f 1202 927 1203
f 2852 2842 1270
f 1270 2842 795
f 2841 2852 621
f 621 2852 1270
f 941 1759 942
f 942 1759 2884
f 659 929 1427
f 1427 929 2847
f 1237 2851 751
f 751 2851 2850
f 1216 2885 1217
f 1217 2885 1754
f 2887 734 2886
f 2886 734 733
f 2889 1816 2888
f 2888 1816 1815
f 2890 1245 2889
f 2889 1245 1816
f 1824 2891 1825
f 1825 2891 1246
f 2892 2893 2895
f 2895 2893 2894
f 1854 1833 1851
f 1851 1833 1832
f 1851 1832 1884
f 1884 1832 1876
f 1884 1876 1441
f 1441 1876 1443
f 1441 1443 1442
f 1442 1443 1446
f 1442 1446 2896
f 2896 1446 1507
f 2897 2823 2898
f 2898 2823 1543
f 1542 2899 1543
f 1543 2899 2898
f 1542 1905 2899
f 2899 1905 2900
f 1905 1259 2900
f 2900 1259 2901
f 1262 1431 2902
f 2902 1431 1904
f 1431 1434 1904
f 1904 1434 1902
f 1902 1434 2903
f 2903 1434 719
f 2903 719 2904
f 2904 719 718
f 1869 1881 718
f 718 1881 2904
f 1881 1869 1880
f 1880 1869 756
f 1880 756 2905
f 2905 756 755
f 2905 755 2906
f 2906 755 758
f 762 2907 763
f 763 2907 2908
f 724 723 2909
f 2909 723 894
f 796 895 723
f 723 895 894
f 2843 2845 796
f 796 2845 895
f 2826 1496 2843
f 2843 1496 2845
f 2825 1497 2826
f 2826 1497 1496
f 1189 2836 2825
f 2825 2836 1497
f 797 891 798
f 798 891 2837
f 802 888 797
f 797 888 891
f 2910 2911 2913
f 2913 2911 2912
f 1780 1783 2915
f 2915 1783 2914
f 2916 2917 831
f 831 2917 832
f 2918 2919 845
f 845 2919 846
f 2920 2916 847
f 847 2916 831
f 2921 2922 857
f 857 2922 858
f 2923 2924 860
f 860 2924 861
f 2919 2912 846
f 846 2912 887
f 2925 2920 940
f 940 2920 847
f 2924 2926 861
f 861 2926 1204
f 2917 2918 832
f 832 2918 845
f 2927 2928 1449
f 1449 2928 1450
f 2929 2930 889
f 889 2930 2931
f 2896 1507 2897
f 2897 1507 2823
f 2902 2901 1262
f 1262 2901 1259
f 2932 2933 750
f 750 2933 1236
f 2933 2934 1236
f 1236 2934 1835
f 2936 2937 2935
f 2935 2937 2938
f 2940 2941 2939
f 2939 2941 2942
f 2943 2944 1841
f 1841 2944 1842
f 2945 1860 2944
f 2944 1860 1842
f 2945 2946 1860
f 1860 2946 1859
f 1889 2947 1890
f 1890 2947 1856
f 1856 2947 1857
f 1857 2947 2948
f 2950 709 2949
f 2949 709 1829
f 2952 730 2951
f 2951 730 729
f 2866 2953 2867
f 2867 2953 1761
f 2953 2954 1761
f 1761 2954 1420
f 2954 2955 1420
f 1420 2955 742
f 2955 2956 742
f 742 2956 739
f 2956 2957 739
f 739 2957 760
f 2957 2958 760
f 760 2958 761
f 2958 2959 761
f 761 2959 2960
f 2959 2961 2960
f 2960 2961 2962
f 2963 2964 1839
f 1839 2964 1840
f 2964 2965 1840
f 1840 2965 2942
f 2966 2950 2939
f 2939 2950 2949
f 2935 2967 2936
f 2936 2967 2968
f 2969 2970 736
f 736 2970 735
f 734 2887 1815
f 1815 2887 2888
f 2887 2882 2888
f 2888 2882 2881
f 1819 1820 1817
f 1817 1820 748
f 1195 1757 1197
f 1197 1757 1424
f 1757 647 1424
f 1424 647 646
f 647 648 646
f 646 648 643
f 648 1271 643
f 643 1271 737
f 1271 725 737
f 737 725 765
f 725 724 765
f 765 724 762
f 762 724 2907
f 2907 724 2909
f 1254 1437 2909
f 2909 1437 2907
f 1438 1253 1836
f 1836 1253 1835
f 1836 1835 2938
f 2938 1835 2934
f 2971 2972 2935
f 2935 2972 2967
f 897 896 2969
f 2969 896 2970
f 1815 1814 734
f 734 1814 731
f 728 1215 896
f 896 1215 732
f 2885 1216 733
f 733 1216 2886
f 1216 1219 2886
f 2886 1219 2883
f 2876 1304 1821
f 1821 1304 749
f 1304 1303 749
f 749 1303 746
f 1818 2973 1817
f 1817 2973 1810
f 747 2974 1818
f 1818 2974 2973
f 747 746 2974
f 2974 746 1303
f 2976 2977 2975
f 2975 2977 2978
f 2976 2979 2901
f 2901 2979 2900
f 2980 2981 2982
f 2982 2981 2979
f 2981 2980 2983
f 2983 2980 2984
f 2985 2897 2983
f 2983 2897 2898
f 2987 2988 2986
f 2986 2988 2985
f 2896 2988 1442
f 1442 2988 1439
f 1903 2977 1904
f 1904 2977 2902
f 1856 1855 1890
f 1890 1855 2989
f 2989 2990 1890
f 1890 2990 1359
f 2990 2991 1359
f 1359 2991 1356
f 2946 2992 1859
f 1859 2992 1893
f 2992 2993 1893
f 1893 2993 775
f 2993 2994 775
f 775 2994 776
f 2986 1356 2987
f 2987 1356 2991
f 2975 2978 776
f 776 2978 777
f 2982 2994 2980
f 2980 2994 2995
f 1357 2984 2995
f 2995 2984 2980
f 2995 2996 1357
f 1357 2996 1358
f 2996 2997 1358
f 1358 2997 1889
f 2998 2999 2932
f 2932 2999 2933
f 2999 2971 2933
f 2933 2971 2934
f 1837 1836 2937
f 2937 1836 2938
f 2943 1841 2941
f 2941 1841 1838
f 3001 2944 3000
f 3000 2944 2943
f 3001 3002 2944
f 2944 3002 2945
f 3002 3003 2945
f 2945 3003 2946
f 2997 3003 1889
f 1889 3003 2947
f 2947 3003 2948
f 2948 3003 3002
f 3001 3004 3002
f 3002 3004 2948
f 3000 3005 3001
f 3001 3005 3004
f 2940 3006 3000
f 3000 3006 3005
f 2999 3007 2971
f 2971 3007 2972
f 2998 2951 2999
f 2999 2951 3007
f 3008 2952 2998
f 2998 2952 2951
f 2966 2965 2936
f 2936 2965 2937
f 2935 2938 2971
f 2971 2938 2934
f 3003 2997 2946
f 2946 2997 2992
f 2997 2996 2992
f 2992 2996 2993
f 2996 2995 2993
f 2993 2995 2994
f 1356 2986 1357
f 1357 2986 2984
f 2982 2975 2994
f 2994 2975 776
f 1844 1843 1899
f 1899 1843 3009
f 1843 638 3009
f 3009 638 3010
f 638 637 3010
f 3010 637 3011
f 637 1830 3011
f 3011 1830 3012
f 1830 1833 3012
f 3012 1833 2894
f 1833 1854 2894
f 2894 1854 2895
f 1854 1853 2895
f 2895 1853 1888
f 1858 1857 1885
f 1885 1857 1892
f 1899 3009 1898
f 1898 3009 1874
f 3009 3010 1874
f 1874 3010 1865
f 3010 3011 1865
f 1865 3011 1862
f 3011 3012 1862
f 1862 3012 1882
f 3012 2894 1882
f 1882 2894 2893
f 1850 2890 782
f 782 2890 2889
f 783 2880 1811
f 1811 2880 1812
f 744 1810 745
f 745 1810 2973
f 745 2973 805
f 805 2973 806
f 2973 2974 806
f 806 2974 815
f 1303 812 2974
f 2974 812 815
f 1303 1302 812
f 812 1302 1221
f 1307 3013 1302
f 1302 3013 1221
f 1734 3014 1633
f 1633 3014 1634
f 1646 1649 1636
f 1636 1649 1637
f 1654 1657 1641
f 1641 1657 1642
f 1639 1736 1636
f 1636 1736 1684
f 1716 1713 1698
f 1698 1713 1699
f 1718 1721 1705
f 1705 1721 1706
f 1653 1654 1709
f 1709 1654 1641
f 1620 1623 1714
f 1714 1623 1699
f 1712 1682 1714
f 1714 1682 1740
f 1668 1671 1746
f 1746 1671 1747
f 1752 1650 1749
f 1749 1650 1750
f 1750 1650 1709
f 1709 1650 1653
f 1632 1668 1633
f 1633 1668 1746
f 1649 1752 1637
f 1637 1752 1749
f 1682 1643 1740
f 1740 1643 1642
f 3014 1685 1634
f 1634 1685 1684
f 1704 1748 1705
f 1705 1748 1747
f 1697 1707 1698
f 1698 1707 1706
f 1739 1701 1621
f 1621 1701 1622
f 1567 1566 1647
f 1647 1566 1648
f 1664 1695 1651
f 1651 1695 1652
f 1614 1617 1655
f 1655 1617 1656
f 1704 1707 1659
f 1659 1707 1660
f 3014 1734 1662
f 1662 1734 1663
f 1650 1752 1651
f 1651 1752 1665
f 1741 1657 1667
f 1667 1657 1656
f 1695 1614 1652
f 1652 1614 1655
f 1724 1567 1726
f 1726 1567 1647
f 1645 1628 1733
f 1733 1628 1663
f 1685 3014 1726
f 1726 3014 1662
f 1620 1741 1621
f 1621 1741 1667
f 1566 1666 1648
f 1648 1666 1665
f 1658 1737 1659
f 1659 1737 1901
f 1911 1661 1910
f 1910 1661 1660
f 1701 1911 1622
f 1622 1911 1910
f 1732 1748 1733
f 1733 1748 1901
f 1857 2948 1892
f 1892 2948 3004
f 1892 3004 1891
f 1891 3004 3005
f 1828 3006 1829
f 1829 3006 2949
f 2967 736 2968
f 2968 736 710
f 2972 2969 2967
f 2967 2969 736
f 2969 2972 897
f 897 2972 3007
f 897 3007 729
f 729 3007 2951
f 3016 753 3015
f 3015 753 752
f 3018 767 3017
f 3017 767 766
f 3019 3020 1249
f 1249 3020 3021
f 2915 2914 3019
f 3019 2914 3020
f 3023 2914 3022
f 3022 2914 1783
f 2827 2839 769
f 769 2839 766
f 3025 2838 3024
f 3024 2838 3021
f 768 767 2850
f 2850 767 3026
f 2850 3026 751
f 751 3026 752
f 750 753 2932
f 2932 753 3027
f 3008 2998 3027
f 3027 2998 2932
f 3028 3029 3008
f 3008 3029 2952
f 3029 3030 2952
f 2952 3030 730
f 3032 3033 3031
f 3031 3033 3034
f 3036 3037 3035
f 3035 3037 3038
f 2870 3039 612
f 612 3039 3040
f 3041 3042 3031
f 3031 3042 3038
f 3034 1352 3043
f 3043 1352 944
f 612 3040 613
f 613 3040 3044
f 613 3044 1425
f 1425 3044 1422
f 3045 3042 669
f 669 3042 670
f 3041 3043 599
f 599 3043 600
f 772 771 1544
f 1544 771 781
f 1503 771 1866
f 1866 771 770
f 771 1503 781
f 781 1503 778
f 61 281 416
f 416 281 1907
f 283 103 3046
f 3046 103 3047
f 76 79 3048
f 3048 79 3049
f 280 76 1906
f 1906 76 3048
f 3051 335 3050
f 3050 335 334
f 3053 417 3052
f 3052 417 416
f 3055 435 3054
f 3054 435 434
f 428 435 419
f 419 435 1908
f 420 1909 293
f 293 1909 443
f 79 294 3049
f 3049 294 444
f 3057 444 3056
f 3056 444 443
f 3051 3058 335
f 335 3058 452
f 216 215 1332
f 1332 215 452
f 308 283 462
f 462 283 3046
f 3050 334 3059
f 3059 334 462
f 103 62 3047
f 3047 62 417
f 313 312 434
f 434 312 463
f 3061 574 3060
f 3060 574 573
f 1310 3062 1428
f 1428 3062 3063
f 1258 3064 1255
f 1255 3064 2871
f 932 3065 2853
f 2853 3065 3066
f 699 2814 931
f 931 2814 3067
f 3068 1301 3063
f 3063 1301 1428
f 571 574 1310
f 1310 574 3062
f 3060 573 3069
f 3069 573 1332
f 3070 3071 1906
f 1906 3071 1907
f 3072 3073 1908
f 1908 3073 1909
f 3075 2814 3074
f 3074 2814 2813
f 2854 3076 1258
f 1258 3076 3064
f 2871 3077 2872
f 2872 3077 3078
f 3074 2813 3079
f 3079 2813 2873
f 2872 3078 1349
f 1349 3078 3080
f 2873 701 3068
f 3068 701 1301
f 1330 1201 3080
f 3080 1201 1349
f 1264 1263 3081
f 3081 1263 3082
f 3083 3084 3082
f 3082 3084 3081
f 811 1448 3086
f 3086 1448 3085
f 808 811 3087
f 3087 811 3086
f 3088 3083 833
f 833 3083 3082
f 884 3089 885
f 885 3089 3090
f 3087 1790 808
f 808 1790 816
f 1790 3087 1787
f 1787 3087 3091
f 3092 3091 3086
f 3086 3091 3087
f 3093 3094 3084
f 3084 3094 3095
f 3089 3096 3090
f 3090 3096 3088
f 3097 3093 3083
f 3083 3093 3084
f 3099 3100 3098
f 3098 3100 1786
f 3101 1788 2913
f 2913 1788 3102
f 838 837 885
f 885 837 886
f 886 837 3103
f 3103 837 1541
f 3094 3093 3104
f 3104 3093 3097
f 3105 3106 3089
f 3089 3106 3096
f 3108 3109 3107
f 3107 3109 3110
f 3111 3112 3091
f 3091 3112 1787
f 3114 3108 3113
f 3113 3108 3107
f 3114 3115 3112
f 3112 3115 3102
f 3091 3092 3111
f 3111 3092 3116
f 839 838 835
f 835 838 836
f 885 3090 838
f 838 3090 836
f 3110 3117 1247
f 1247 3117 3118
f 1247 3118 1248
f 1248 3118 3119
f 3120 3121 3119
f 3119 3121 1248
f 1247 844 3110
f 3110 844 3107
f 844 843 3107
f 3107 843 3113
f 843 3099 3113
f 3113 3099 3122
f 1781 3123 3098
f 3098 3123 3124
f 2915 2931 1780
f 1780 2931 2930
f 3019 3125 2915
f 2915 3125 2931
f 890 3125 2834
f 2834 3125 1252
f 3125 3019 1252
f 1252 3019 1249
f 907 908 946
f 946 908 947
f 1185 1188 1369
f 1369 1188 948
f 954 957 951
f 951 957 952
f 910 965 953
f 953 965 950
f 905 958 960
f 960 958 961
f 3126 978 949
f 949 978 962
f 936 935 967
f 967 935 968
f 994 993 969
f 969 993 966
f 902 904 971
f 971 904 972
f 983 985 973
f 973 985 970
f 906 905 974
f 974 905 960
f 977 981 959
f 959 981 975
f 911 910 1143
f 1143 910 953
f 952 957 1142
f 1142 957 1145
f 911 1143 1366
f 1366 1143 1368
f 1185 1369 1145
f 1145 1369 1142
f 993 1519 966
f 966 1519 1456
f 965 1454 950
f 950 1454 1457
f 900 899 1459
f 1459 899 1460
f 988 991 1461
f 1461 991 1458
f 899 963 1460
f 1460 963 1462
f 985 987 970
f 970 987 1463
f 904 906 972
f 972 906 974
f 981 983 975
f 975 983 973
f 935 900 968
f 968 900 1459
f 991 994 1458
f 1458 994 969
f 1154 1526 1088
f 1088 1526 1089
f 1109 1112 1092
f 1092 1112 1093
f 1083 1098 1084
f 1084 1098 1097
f 1078 1471 1100
f 1100 1471 1101
f 1075 1078 1104
f 1104 1078 1100
f 1152 1154 1156
f 1156 1154 1088
f 1156 1155 1372
f 1372 1155 1373
f 1372 1373 1104
f 1104 1373 1075
f 1467 1109 1465
f 1465 1109 1092
f 1465 1182 1468
f 1468 1182 1184
f 1474 1470 1096
f 1096 1470 1097
f 1102 1101 1083
f 1083 1101 1098
f 1112 1531 1093
f 1093 1531 1529
f 1102 1073 1099
f 1099 1073 1072
f 1526 1154 1079
f 1079 1154 1080
f 1081 1091 1082
f 1082 1091 1094
f 1069 1068 1085
f 1085 1068 1086
f 1153 1151 1080
f 1080 1151 1058
f 1371 1177 1179
f 1179 1177 1176
f 1099 1072 1103
f 1103 1072 1176
f 1068 1071 1086
f 1086 1071 1073
f 1085 1084 1180
f 1180 1084 1469
f 1066 1065 1183
f 1183 1065 1181
f 1153 1152 1177
f 1177 1152 1178
f 1091 1081 1182
f 1182 1081 1183
f 1057 1525 1079
f 1079 1525 1527
f 1120 1117 1076
f 1076 1117 1077
f 1087 1090 1107
f 1107 1090 1108
f 1127 1126 1110
f 1110 1126 1111
f 1095 1116 1096
f 1096 1116 1115
f 1471 1078 1119
f 1119 1078 1077
f 1087 1107 1155
f 1155 1107 1158
f 1376 1374 1157
f 1157 1374 1158
f 1076 1075 1374
f 1374 1075 1373
f 1109 1467 1110
f 1110 1467 1472
f 1467 1466 1472
f 1472 1466 1473
f 1135 1475 1114
f 1114 1475 1115
f 1471 1119 1095
f 1095 1119 1116
f 1126 1532 1111
f 1111 1532 1530
f 914 1276 1480
f 1480 1276 1517
f 3127 3128 1223
f 1223 3128 1224
f 824 933 1455
f 1455 933 3129
f 3131 1448 3130
f 3130 1448 1447
f 3132 3133 1452
f 1452 3133 1453
f 3130 1447 1322
f 1322 1447 1455
f 933 1514 3129
f 3129 1514 3134
f 1161 3135 1480
f 1480 3135 1481
f 3128 3136 1224
f 1224 3136 1499
f 3133 1162 1453
f 1453 1162 1517
f 1515 3127 1535
f 1535 3127 1223
f 3095 3085 3131
f 3131 3085 1448
f 3137 3092 3085
f 3085 3092 3086
f 3138 3116 3137
f 3137 3116 3092
f 3110 3109 3117
f 3117 3109 3139
f 3105 3140 3117
f 3117 3140 3118
f 3140 3141 3118
f 3118 3141 3119
f 3142 3120 3141
f 3141 3120 3119
f 1498 3143 1277
f 1277 3143 882
f 3144 3145 1340
f 1340 3145 1339
f 1340 3146 3144
f 3144 3146 3147
f 3145 3144 3143
f 3143 3144 3148
f 871 901 872
f 872 901 1362
f 3149 3148 3147
f 3147 3148 3144
f 1208 3150 1209
f 3098 1786 1781
f 1781 1786 1782
f 2930 2929 3123
f 3123 2929 2911
f 1794 1791 2916
f 2916 1791 2917
f 1793 3101 2918
f 2918 3101 2919
f 1796 1794 2920
f 2920 1794 2916
f 3151 3152 2921
f 2921 3152 2922
f 3153 3154 2923
f 2923 3154 2924
f 2919 3101 2912
f 2912 3101 2913
f 3155 1796 2925
f 2925 1796 2920
f 3154 3156 2924
f 2924 3156 2926
f 1791 1793 2917
f 2917 1793 2918
f 3157 3158 2927
f 2927 3158 2928
f 1780 2930 1781
f 1781 2930 3123
f 2825 1267 1189
f 1189 1267 1190
f 2827 2828 1250
f 1250 2828 1251
f 1489 2830 1324
f 1324 2830 1325
f 923 1328 1334
f 1334 1328 1335
f 1485 2832 1482
f 1482 2832 1483
f 1266 1490 1492
f 1492 1490 1493
f 1333 1346 1334
f 1334 1346 2824
f 722 799 1492
f 1492 799 1190
f 664 657 1482
f 1482 657 2833
f 631 634 1324
f 1324 634 1493
f 2828 1494 1251
f 1251 1494 2835
f 1249 3021 1250
f 1250 3021 2838
f 798 2837 1189
f 1189 2837 2836
f 3100 842 3160
f 3160 842 3159
f 1788 3101 1789
f 1789 3101 1793
f 1792 816 1789
f 1789 816 1790
f 817 816 1795
f 1795 816 1792
f 938 817 1797
f 1797 817 1795
f 1796 3155 1797
f 1797 3155 1798
f 3155 3158 1798
f 1798 3158 1799
f 3157 3152 1801
f 1801 3152 1802
f 3151 3156 1803
f 1803 3156 1804
f 3154 3153 1805
f 1805 3153 1806
f 3153 3161 1806
f 1806 3161 1807
f 3099 843 3100
f 3100 843 842
f 1788 1787 3102
f 3102 1787 3112
f 2910 3115 3124
f 3124 3115 3122
f 3099 3098 3122
f 3122 3098 3124
f 416 1907 3052
f 3052 1907 3071
f 3046 3047 3163
f 3163 3047 3162
f 249 445 259
f 259 445 3164
f 425 3165 424
f 424 3165 461
f 408 410 329
f 329 410 330
f 39 331 40
f 40 331 332
f 305 304 423
f 423 304 464
f 385 254 458
f 458 254 392
f 250 415 251
f 251 415 412
f 233 337 234
f 234 337 3166
f 435 3055 1908
f 1908 3055 3072
f 443 1909 3056
f 3056 1909 3073
f 3167 3049 3057
f 3057 3049 444
f 452 3058 1332
f 1332 3058 3069
f 234 3166 346
f 346 3166 411
f 3046 3163 462
f 462 3163 3059
f 259 3164 260
f 260 3164 336
f 3047 417 3162
f 3162 417 3053
f 463 3168 434
f 434 3168 3054
f 454 830 425
f 425 830 3165
f 3062 3169 3063
f 3063 3169 3170
f 1355 1354 1534
f 1534 1354 3171
f 3063 3170 3068
f 3068 3170 3172
f 574 3061 3062
f 3062 3061 3169
f 1534 3171 1535
f 1535 3171 3173
f 3079 2873 3172
f 3172 2873 3068
f 2838 3025 2839
f 2839 3025 3174
f 3176 3177 3175
f 3175 3177 3178
f 3180 1125 3179
f 3179 1125 1128
f 3182 3183 3181
f 3181 3183 3184
f 1134 3185 1130
f 1130 3185 3182
f 3186 3187 3189
f 3189 3187 3188
f 3191 3189 3190
f 3190 3189 3188
f 1137 1122 3190
f 3190 1122 3192
f 3175 3178 3193
f 3193 3178 3194
f 3181 3184 3179
f 3179 3184 3195
f 3197 3198 3196
f 3196 3198 3180
f 3200 3178 3199
f 3199 3178 3177
f 3202 3196 3201
f 3201 3196 3195
f 3204 3184 3203
f 3203 3184 3183
f 3206 3207 3205
f 3205 3207 3186
f 3205 3186 3208
f 3208 3186 3189
f 3209 3208 3191
f 3191 3208 3189
f 3210 3194 3200
f 3200 3194 3178
f 3201 3195 3204
f 3204 3195 3184
f 3197 3211 3177
f 3177 3211 3199
f 3213 3214 3212
f 3212 3214 3215
f 3217 3218 3216
f 3216 3218 3219
f 3221 3222 3220
f 3220 3222 3223
f 3225 3226 3224
f 3224 3226 3227
f 3229 3230 3228
f 3228 3230 3231
f 3233 3234 3232
f 3232 3234 3235
f 3237 3238 3236
f 3236 3238 3239
f 3238 3240 3239
f 3239 3240 3241
f 3232 3235 3242
f 3242 3235 3243
f 3245 3246 3244
f 3244 3246 3247
f 3248 3249 3245
f 3245 3249 3246
f 3251 3252 3250
f 3250 3252 3253
f 3255 3252 3254
f 3254 3252 3251
f 3256 3257 3259
f 3259 3257 3258
f 3261 3262 3260
f 3260 3262 3263
f 3265 3263 3264
f 3264 3263 3262
f 3256 3259 3266
f 3266 3259 3267
f 3269 3270 3268
f 3268 3270 3271
f 3269 3272 3270
f 3270 3272 3273
f 3274 3275 3277
f 3277 3275 3276
f 3278 3279 3276
f 3276 3279 3277
f 3281 3282 3280
f 3280 3282 3283
f 3280 3284 3281
f 3281 3284 3285
f 3287 3288 3286
f 3286 3288 3289
f 3290 3291 3288
f 3288 3291 3289
f 3234 3218 3235
f 3235 3218 3217
f 3232 3292 3233
f 3233 3292 3293
f 3239 3294 3236
f 3236 3294 3219
f 3233 3293 3237
f 3237 3293 3295
f 3296 3294 3241
f 3241 3294 3239
f 3240 3238 3297
f 3297 3238 3298
f 3217 3216 3235
f 3235 3216 3243
f 3297 3299 3240
f 3240 3299 3242
f 3246 3300 3247
f 3247 3300 3223
f 3301 3302 3254
f 3254 3302 3244
f 3249 3303 3246
f 3246 3303 3300
f 3245 3304 3248
f 3248 3304 3292
f 3252 3221 3253
f 3253 3221 3220
f 3250 3248 3299
f 3299 3248 3292
f 3222 3221 3255
f 3255 3221 3252
f 3297 3301 3251
f 3251 3301 3254
f 3258 3214 3259
f 3259 3214 3213
f 3257 3256 3304
f 3304 3256 3305
f 3263 3306 3260
f 3260 3306 3215
f 3261 3257 3302
f 3302 3257 3304
f 3307 3306 3265
f 3265 3306 3263
f 3262 3301 3264
f 3264 3301 3308
f 3259 3213 3267
f 3267 3213 3212
f 3308 3309 3264
f 3264 3309 3266
f 3270 3310 3271
f 3271 3310 3231
f 3311 3312 3278
f 3278 3312 3268
f 3270 3273 3310
f 3310 3273 3313
f 3272 3269 3305
f 3305 3269 3314
f 3277 3229 3274
f 3274 3229 3228
f 3275 3272 3309
f 3309 3272 3305
f 3279 3230 3277
f 3277 3230 3229
f 3276 3308 3278
f 3278 3308 3311
f 3281 3315 3282
f 3282 3315 3227
f 3290 3316 3283
f 3283 3316 3317
f 3281 3285 3315
f 3315 3285 3318
f 3284 3280 3314
f 3314 3280 3319
f 3289 3225 3286
f 3286 3225 3224
f 3287 3284 3312
f 3284 3314 3312
f 3291 3226 3289
f 3289 3226 3225
f 3288 3311 3290
f 3290 3311 3316
f 3212 3215 3307
f 3307 3215 3306
f 3294 3296 3219
f 3219 3296 3216
f 3303 3220 3300
f 3300 3220 3223
f 3224 3227 3318
f 3318 3227 3315
f 3228 3231 3313
f 3313 3231 3310
f 3234 3233 3236
f 3236 3233 3237
f 3243 3241 3242
f 3242 3241 3240
f 3247 3255 3244
f 3244 3255 3254
f 3253 3249 3250
f 3250 3249 3248
f 3260 3258 3261
f 3261 3258 3257
f 3266 3267 3264
f 3264 3267 3265
f 3268 3271 3278
f 3278 3271 3279
f 3274 3273 3275
f 3275 3273 3272
f 3283 3282 3290
f 3290 3282 3291
f 3286 3285 3287
f 3287 3285 3284
f 3218 3234 3219
f 3219 3234 3236
f 3295 3298 3237
f 3237 3298 3238
f 3216 3296 3243
f 3243 3296 3241
f 3242 3299 3232
f 3232 3299 3292
f 3223 3222 3247
f 3247 3222 3255
f 3244 3302 3245
f 3245 3302 3304
f 3303 3249 3220
f 3220 3249 3253
f 3297 3251 3299
f 3299 3251 3250
f 3215 3214 3260
f 3260 3214 3258
f 3301 3262 3302
f 3302 3262 3261
f 3212 3307 3267
f 3267 3307 3265
f 3266 3309 3256
f 3256 3309 3305
f 3271 3231 3279
f 3279 3231 3230
f 3268 3312 3269
f 3269 3312 3314
f 3228 3313 3274
f 3274 3313 3273
f 3308 3276 3309
f 3309 3276 3275
f 3282 3227 3291
f 3291 3227 3226
f 3317 3319 3283
f 3283 3319 3280
f 3224 3318 3286
f 3286 3318 3285
f 3312 3311 3287
f 3311 3288 3287
f 3320 3321 3194
f 3194 3321 3193
f 1375 3321 1121
f 1121 3321 3322
f 3323 3324 3322
f 3322 3324 3192
f 3175 1124 3176
f 3176 1124 1123
f 3179 3195 3180
f 3180 3195 3196
f 3181 1131 3182
f 3182 1131 1130
f 3207 3185 3186
f 3186 3185 3187
f 1136 3188 1133
f 1133 3188 3187
f 3190 3188 1137
f 1137 3188 1136
f 3193 1159 3175
f 3175 1159 1124
f 3179 1128 3181
f 3181 1128 1131
f 1533 3198 1123
f 1123 3198 3176
f 3321 1375 3193
f 3193 1375 1159
f 3321 3320 3322
f 3322 3320 3323
f 1122 1121 3192
f 3192 1121 3322
f 3194 3210 3320
f 3320 3210 3325
f 3324 3323 3327
f 3327 3323 3326
f 3320 3325 3323
f 3323 3325 3326
f 3208 3328 3205
f 3205 3328 3329
f 3330 3206 3329
f 3329 3206 3205
f 3203 3331 3204
f 3204 3331 3332
f 3210 3333 3325
f 3325 3333 3334
f 3325 3334 3326
f 3326 3334 3335
f 3327 3326 3336
f 3336 3326 3335
f 3327 3209 3324
f 3324 3209 3191
f 3190 3192 3191
f 3191 3192 3324
f 3338 3339 3337
f 3337 3339 3340
f 3338 3341 3339
f 3339 3341 3342
f 3341 3343 3342
f 3342 3343 3344
f 3343 3345 3344
f 3344 3345 3346
f 3345 3347 3346
f 3346 3347 3348
f 3347 3349 3348
f 3348 3349 3350
f 3337 3340 3351
f 3351 3340 3352
f 3351 3352 3353
f 3353 3352 3354
f 3353 3354 3355
f 3355 3354 3356
f 3350 3349 3357
f 3357 3349 3358
f 3355 3356 3359
f 3359 3356 3360
f 3359 3360 3361
f 3361 3360 3362
f 3361 3362 3363
f 3363 3362 3364
f 3363 3364 3358
f 3358 3364 3357
f 3339 3342 3365
f 3365 3342 3366
f 3342 3344 3366
f 3366 3344 3367
f 3344 3346 3367
f 3367 3346 3368
f 3346 3348 3368
f 3368 3348 3369
f 3348 3350 3369
f 3369 3350 3370
f 3368 3369 3371
f 3371 3369 3372
f 3369 3370 3372
f 3372 3370 3373
f 3373 3374 3372
f 3372 3374 3375
f 3377 3378 3376
f 3376 3378 3379
f 3377 3375 3378
f 3378 3375 3374
f 3375 3380 3372
f 3372 3380 3371
f 3377 3381 3375
f 3375 3381 3380
f 3376 3382 3377
f 3377 3382 3381
f 3384 3385 3383
f 3383 3385 3386
f 3384 3383 3388
f 3388 3383 3387
f 3388 3387 3389
f 3389 3387 3390
f 3392 3385 3391
f 3391 3385 3384
f 3388 3393 3384
f 3384 3393 3391
f 3389 3394 3388
f 3388 3394 3393
f 3389 3395 3394
f 3394 3395 3396
f 3395 3389 3397
f 3397 3389 3390
f 3339 3365 3340
f 3340 3365 3398
f 3340 3398 3352
f 3352 3398 3399
f 3371 3400 3368
f 3368 3400 3367
f 3400 3401 3367
f 3367 3401 3366
f 3366 3401 3365
f 3365 3401 3402
f 3398 3365 3403
f 3403 3365 3402
f 3398 3403 3399
f 3399 3403 3404
f 3403 3405 3404
f 3404 3405 3406
f 3352 3399 3354
f 3354 3399 3407
f 3399 3404 3407
f 3407 3404 3408
f 3404 3406 3408
f 3408 3406 3409
f 3405 3410 3406
f 3406 3410 3411
f 3410 3412 3411
f 3411 3412 3413
f 3397 3414 3395
f 3395 3414 3415
f 3417 3415 3416
f 3416 3415 3412
f 3410 3418 3412
f 3412 3418 3416
f 3410 3405 3418
f 3418 3405 3419
f 3405 3403 3419
f 3419 3403 3402
f 3370 3350 3420
f 3420 3350 3357
f 3373 3370 3421
f 3421 3370 3420
f 3374 3373 3422
f 3422 3373 3421
f 3378 3374 3423
f 3423 3374 3422
f 3378 3423 3379
f 3379 3423 3424
f 3424 3425 3379
f 3379 3425 3386
f 3383 3426 3387
f 3387 3426 3427
f 3387 3427 3390
f 3390 3427 3428
f 3390 3428 3397
f 3397 3428 3429
f 3429 3430 3397
f 3397 3430 3414
f 3411 3413 3431
f 3431 3413 3432
f 3406 3411 3409
f 3409 3411 3431
f 3401 3400 3335
f 3335 3400 3336
f 3401 3335 3402
f 3402 3335 3334
f 3402 3334 3419
f 3419 3334 3333
f 3419 3333 3418
f 3418 3333 3433
f 3418 3433 3416
f 3416 3433 3434
f 3435 3417 3434
f 3434 3417 3416
f 3394 3396 3436
f 3436 3396 3437
f 3393 3394 3332
f 3332 3394 3436
f 3393 3332 3391
f 3391 3332 3331
f 3330 3392 3331
f 3331 3392 3391
f 3382 3329 3381
f 3381 3329 3328
f 3354 3407 3356
f 3356 3407 3438
f 3356 3438 3360
f 3360 3438 3439
f 3360 3439 3362
f 3362 3439 3440
f 3362 3440 3364
f 3364 3440 3441
f 3364 3441 3357
f 3357 3441 3420
f 3421 3420 3442
f 3442 3420 3441
f 3442 3441 3443
f 3443 3441 3440
f 3443 3440 3444
f 3444 3440 3439
f 3444 3439 3445
f 3445 3439 3438
f 3445 3438 3408
f 3408 3438 3407
f 3422 3421 3446
f 3446 3421 3442
f 3446 3442 3447
f 3447 3442 3443
f 3447 3443 3448
f 3448 3443 3444
f 3448 3444 3449
f 3449 3444 3445
f 3449 3445 3409
f 3409 3445 3408
f 3409 3431 3449
f 3449 3431 3450
f 3449 3450 3448
f 3448 3450 3451
f 3451 3452 3448
f 3448 3452 3447
f 3447 3452 3446
f 3446 3452 3453
f 3446 3453 3422
f 3422 3453 3423
f 3424 3423 3454
f 3454 3423 3453
f 3452 3455 3453
f 3453 3455 3454
f 3452 3451 3455
f 3455 3451 3456
f 3450 3457 3451
f 3451 3457 3456
f 3431 3432 3450
f 3450 3432 3457
f 3454 3458 3424
f 3424 3458 3425
f 3427 3426 3459
f 3459 3426 3460
f 3428 3427 3461
f 3461 3427 3459
f 3428 3461 3429
f 3429 3461 3462
f 3462 3463 3429
f 3429 3463 3430
f 3464 3465 3462
f 3462 3465 3463
f 3455 3466 3454
f 3454 3466 3458
f 3465 3464 3466
f 3466 3464 3467
f 3461 3459 3468
f 3468 3459 3469
f 3468 3469 3464
f 3464 3469 3467
f 3464 3462 3468
f 3468 3462 3461
f 3459 3460 3469
f 3469 3460 3467
f 3295 3351 3298
f 3298 3351 3353
f 3353 3355 3298
f 3298 3355 3297
f 3297 3355 3301
f 3301 3355 3359
f 3301 3359 3308
f 3308 3359 3361
f 3308 3361 3311
f 3311 3361 3363
f 3311 3363 3316
f 3316 3363 3358
f 3316 3358 3317
f 3317 3358 3349
f 3349 3347 3317
f 3317 3347 3319
f 3347 3345 3319
f 3319 3345 3314
f 3345 3343 3314
f 3314 3343 3305
f 3343 3341 3305
f 3305 3341 3304
f 3304 3341 3292
f 3292 3341 3338
f 3292 3338 3293
f 3293 3338 3337
f 3293 3337 3295
f 3295 3337 3351
f 3437 3202 3436
f 3436 3202 3201
f 3436 3201 3332
f 3332 3201 3204
f 3433 3200 3434
f 3434 3200 3199
f 3211 3435 3199
f 3199 3435 3434
f 3333 3210 3433
f 3433 3210 3200
f 3380 3470 3371
f 3400 3371 3336
f 3336 3371 3470
f 3381 3328 3380
f 3380 3328 3470
f 3470 3328 3209
f 3209 3328 3208
f 3336 3470 3327
f 3327 3470 3209
f 1545 1763 1546
f 1546 1763 1762
f 1403 1546 773
f 773 1546 770
f 1221 3013 1220
f 1220 3013 3471
f 1305 2877 1306
f 1306 2877 2879
f 1220 3471 828
f 828 3471 829
f 1217 1754 3472
f 3472 1754 1756
f 1049 3473 1048
f 1048 3473 3474
f 1371 1179 3473
f 3473 1179 3474
f 1074 3475 1179
f 1179 3475 3474
f 3474 3475 1048
f 1048 3475 1056
f 919 666 1345
f 1345 666 665
f 856 680 919
f 919 680 666
f 679 680 1449
f 1449 680 858
f 1367 878 1500
f 1500 878 877
f 1366 908 1367
f 1367 908 878
f 1512 916 1513
f 1513 916 915
f 947 1368 948
f 948 1368 1369
f 1047 1021 1044
f 1044 1021 1020
f 1370 1049 1019
f 1019 1049 1020
f 1173 1030 1174
f 1174 1030 1033
f 3126 1188 1464
f 1464 1188 1187
f 1800 1451 1512
f 1512 1451 916
f 1175 1174 1186
f 1186 1174 1187
f 1030 1173 1047
f 1047 1173 1021
f 1513 915 3476
f 3476 915 1481
f 1345 665 3477
f 3477 665 1483
f 1502 1501 876
f 876 1501 877
f 1205 1451 1803
f 1803 1451 1802
f 3479 2832 3478
f 3478 2832 2831
f 1449 858 2927
f 2927 858 2922
f 908 1366 947
f 947 1366 1368
f 949 948 3126
f 3126 948 1188
f 3480 3135 1502
f 1502 3135 1501
f 2927 2922 3157
f 3157 2922 3152
f 3477 1483 3479
f 3479 1483 2832
f 1803 1802 3151
f 3151 1802 3152
f 663 658 664
f 664 658 657
f 655 658 939
f 939 658 706
f 1512 870 1800
f 1800 870 869
f 875 874 876
f 876 874 873
f 849 874 905
f 905 874 958
f 949 962 946
f 946 962 961
f 978 3126 979
f 979 3126 1464
f 1031 1168 1032
f 1032 1168 1022
f 1045 1013 1046
f 1046 1013 1012
f 1045 1044 1056
f 1056 1044 1048
f 1047 1046 1030
f 1030 1046 1031
f 939 706 940
f 940 706 1450
f 979 1464 1032
f 1032 1464 1033
f 3480 1478 3476
f 3476 1478 3134
f 2829 1487 2830
f 2830 1487 1486
f 848 1230 873
f 873 1230 1479
f 867 870 933
f 933 870 1514
f 1800 869 1801
f 1801 869 1799
f 2830 1486 1325
f 1325 1486 2833
f 940 1450 2925
f 2925 1450 2928
f 946 961 907
f 907 961 958
f 959 962 977
f 977 962 978
f 3476 3134 1513
f 1513 3134 1514
f 2925 2928 3155
f 3155 2928 3158
f 1325 2833 656
f 656 2833 657
f 1801 1799 3157
f 3157 1799 3158
f 1074 1055 3475
f 3475 1055 1056
f 1371 3473 1370
f 1370 3473 1049
f 2884 615 3481
f 3481 615 618
f 3478 2831 2846
f 2846 2831 617
f 2831 1484 617
f 617 1484 618
f 1484 1487 618
f 618 1487 3481
f 2848 3481 2829
f 2829 3481 1487
f 1480 1517 1161
f 1161 1517 1162
f 3129 1323 1455
f 1455 1323 1322
f 3129 3134 1323
f 1323 3134 1478
f 1535 3173 1515
f 1515 3173 1516
f 3085 3095 3137
f 3137 3095 3094
f 3137 3094 3138
f 3138 3094 3104
f 3117 3139 3105
f 3105 3139 3106
f 1138 1141 3127
f 3127 1141 3128
f 3081 3131 1264
f 1264 3131 3130
f 1227 1226 3132
f 3132 1226 3133
f 1264 3130 1229
f 1229 3130 1322
f 1160 1501 1161
f 1161 1501 3135
f 1141 1476 3128
f 3128 1476 3136
f 1226 1163 3133
f 3133 1163 1162
f 1363 1138 1515
f 1515 1138 3127
f 3084 3095 3081
f 3081 3095 3131
f 3089 884 3105
f 3105 884 3140
f 884 883 3140
f 3140 883 3141
f 883 3482 3141
f 3141 3482 3142
f 3476 1481 3480
f 3480 1481 3135
f 1502 1479 3480
f 3480 1479 1478
f 3168 463 440
f 714 1880 715
f 715 1880 2905
f 896 732 2970
f 2970 732 731
f 1263 834 3082
f 3082 834 833
f 898 1231 853
f 853 1231 854
f 3125 890 2931
f 2931 890 889
f 1237 893 2851
f 2851 893 892
f 898 853 899
f 899 853 963
f 988 987 989
f 989 987 986
f 1002 1007 1003
f 1003 1007 1006
f 1038 1036 1007
f 1007 1036 1004
f 1070 1052 1005
f 1005 1052 1006
f 1069 1067 1070
f 1070 1067 1052
f 1130 1129 1134
f 1134 1129 1135
f 879 1167 880
f 880 1167 1166
f 1171 1169 1037
f 1037 1169 1038
f 1085 1180 1069
f 1069 1180 1067
f 1209 1210 879
f 879 1210 1167
f 2885 1215 1754
f 1754 1215 1214
f 1263 855 834
f 834 855 854
f 708 1244 1826
f 1826 1244 1243
f 2909 894 1254
f 1254 894 893
f 1228 1361 964
f 964 1361 1360
f 2908 2907 1436
f 1436 2907 1437
f 2990 1440 2991
f 2991 1440 1439
f 964 1360 965
f 965 1360 1454
f 950 1457 951
f 951 1457 1456
f 970 1463 971
f 971 1463 1462
f 1025 1169 984
f 984 1169 986
f 1084 1097 1469
f 1469 1097 1470
f 1096 1115 1474
f 1474 1115 1475
f 1140 1361 1141
f 1141 1361 1476
f 1212 1495 2828
f 2828 1495 1494
f 880 1166 1452
f 1452 1166 1499
f 715 2905 1504
f 1504 2905 2906
f 954 1519 955
f 955 1519 1518
f 1026 1520 992
f 992 1520 1518
f 1029 1520 1043
f 1043 1520 1521
f 997 1522 1040
f 1040 1522 1521
f 1015 1522 1016
f 1016 1522 1523
f 1523 996 1524
f 1524 996 1062
f 1057 1060 1525
f 1525 1060 1524
f 1094 1528 1082
f 1082 1528 1527
f 1526 1528 1089
f 1089 1528 1529
f 1090 1531 1108
f 1108 1531 1530
f 1125 1533 1126
f 1126 1533 1532
f 3483 1755 727
f 727 1755 1214
f 735 1814 707
f 707 1814 1813
f 2891 1834 1246
f 1246 1834 1243
f 2904 1881 1847
f 1847 1881 1848
f 1852 1855 1853
f 1853 1855 1858
f 1902 2903 1877
f 1877 2903 1878
f 2903 2904 1878
f 1878 2904 1847
f 714 713 1848
f 1848 713 1849
f 1440 2990 1883
f 1883 2990 2989
f 1883 2989 1852
f 1852 2989 1855
f 2895 1888 2892
f 2892 1888 1887
f 774 777 1877
f 1877 777 1903
f 1251 2835 1252
f 1252 2835 2834
f 1213 2844 1212
f 1212 2844 1495
f 2851 892 1213
f 1213 892 2844
f 3123 2911 3124
f 3124 2911 2910
f 887 2929 888
f 888 2929 889
f 1435 2963 1436
f 1436 2963 2961
f 1253 1438 1254
f 1254 1438 1437
f 2970 731 735
f 735 731 1814
f 733 732 2885
f 2885 732 1215
f 2901 2902 2976
f 2976 2902 2977
f 2975 2982 2976
f 2976 2982 2979
f 2899 2900 2981
f 2981 2900 2979
f 2899 2981 2898
f 2898 2981 2983
f 2986 2985 2984
f 2984 2985 2983
f 2897 2985 2896
f 2896 2985 2988
f 2991 1439 2987
f 2987 1439 2988
f 777 2978 1903
f 1903 2978 2977
f 1885 1888 1858
f 1858 1888 1853
f 3090 3088 836
f 836 3088 833
f 3083 3088 3097
f 3097 3088 3096
f 3097 3096 3104
f 3104 3096 3106
f 3111 3116 3108
f 3108 3116 3109
f 3112 3111 3114
f 3114 3111 3108
f 3113 3122 3114
f 3114 3122 3115
f 891 890 2837
f 2837 890 2834
f 951 1456 954
f 954 1456 1519
f 967 1457 936
f 936 1457 1454
f 971 1462 902
f 902 1462 963
f 1461 1463 988
f 988 1463 987
f 1466 1468 1474
f 1474 1468 1470
f 1089 1529 1090
f 1090 1529 1531
f 1184 1181 1469
f 1469 1181 1180
f 1082 1527 1061
f 1061 1527 1525
f 1129 1473 1135
f 1135 1473 1475
f 1108 1530 1105
f 1105 1530 1532
f 1452 1499 3132
f 3132 1499 3136
f 3109 3116 3139
f 3139 3116 3138
f 2912 2911 887
f 887 2911 2929
f 2836 2835 1497
f 1497 2835 1494
f 2913 3102 2910
f 2910 3102 3115
f 1133 3187 1134
f 1134 3187 3185
f 3177 3176 3197
f 3197 3176 3198
f 3203 3183 3206
f 3206 3183 3207
f 3196 3202 3197
f 3197 3202 3211
f 3183 3182 3207
f 3207 3182 3185
f 1125 3180 1533
f 1533 3180 3198
f 3331 3203 3330
f 3330 3203 3206
f 3376 3379 3385
f 3385 3379 3386
f 3382 3376 3392
f 3392 3376 3385
f 3412 3415 3413
f 3413 3415 3414
f 3417 3396 3415
f 3415 3396 3395
f 3383 3386 3426
f 3426 3386 3425
f 3413 3414 3432
f 3432 3414 3430
f 3437 3396 3435
f 3435 3396 3417
f 3329 3382 3330
f 3330 3382 3392
f 3426 3425 3460
f 3460 3425 3458
f 3432 3430 3457
f 3457 3430 3463
f 3457 3463 3456
f 3456 3463 3465
f 3460 3458 3467
f 3467 3458 3466
f 3466 3455 3465
f 3465 3455 3456
f 3202 3437 3211
f 3211 3437 3435
f 3104 3106 3138
f 3138 3106 3139
f 3132 3136 1227
f 1227 3136 1476
f 943 687 600
f 600 687 601
f 596 625 667
f 667 625 1297
f 687 686 601
f 601 686 653
f 1319 784 711
f 711 784 712
f 1811 607 783
f 783 607 712
f 862 921 917
f 917 921 920
f 3478 925 3479
f 3479 925 924
f 2846 926 3478
f 3478 926 925
f 659 662 929
f 929 662 930
f 856 921 857
f 857 921 1204
f 1206 864 1207
f 1207 864 863
f 2876 1219 2877
f 2877 1219 1218
f 667 1297 593
f 593 1297 1296
f 917 920 1333
f 1333 920 1346
f 686 693 653
f 653 693 930
f 1277 913 1498
f 1498 913 1207
f 592 1536 610
f 610 1536 711
f 864 1206 1805
f 1805 1206 1804
f 1317 1536 1900
f 1900 1536 1809
f 1900 1809 1295
f 1295 1809 1296
f 3479 924 3477
f 3477 924 2824
f 927 926 1203
f 1203 926 2847
f 3484 2859 3032
f 3032 2859 3033
f 3472 2878 1217
f 1217 2878 1218
f 2889 2888 2880
f 2880 2888 2881
f 2886 2883 2887
f 2887 2883 2882
f 929 928 2847
f 2847 928 1203
f 857 1204 2921
f 2921 1204 2926
f 1820 1819 2882
f 2882 1819 2881
f 1821 2883 2876
f 2876 2883 1219
f 782 2889 783
f 783 2889 2880
f 1352 3034 1353
f 1353 3034 3033
f 3031 3034 3041
f 3041 3034 3043
f 944 943 3043
f 3043 943 600
f 1339 3145 1498
f 1498 3145 3143
f 1208 882 3148
f 3148 882 3143
f 2921 2926 3151
f 3151 2926 3156
f 3477 2824 1345
f 1345 2824 1346
f 1805 1804 3154
f 3154 1804 3156
f 886 3103 883
f 883 3103 3482
f 841 1248 3485
f 3485 1248 3121
f 2811 2819 2812
f 2812 2819 2816
f 2818 2815 2817
f 2817 2815 2806
f 2817 2816 2818
f 2818 2816 2819
f 2793 2795 2819
f 2819 2795 2818
f 243 352 2793
f 2793 352 2795
f 242 353 243
f 243 353 352
f 359 191 242
f 242 191 353
f 247 192 359
f 359 192 191
f 157 193 247
f 247 193 192
f 156 194 157
f 157 194 193
f 378 261 156
f 156 261 194
f 378 381 261
f 261 381 195
f 195 381 196
f 196 381 376
f 196 376 198
f 198 376 375
f 375 1776 198
f 198 1776 197
f 1776 1767 197
f 197 1767 274
f 181 274 199
f 199 274 1767
f 568 566 564
f 564 566 563
f 568 569 566
f 566 569 567
f 501 1773 1771
f 1771 1773 578
f 547 579 1773
f 1773 579 578
f 3486 470 474
f 474 470 469
f 450 582 3487
f 3487 582 3488
f 582 583 3488
f 3488 583 3489
f 583 584 3489
f 3489 584 3490
f 3490 584 3491
f 3491 584 543
f 470 3486 466
f 466 3486 467
f 3489 3490 503
f 503 3490 504
f 503 3492 3489
f 3489 3492 3488
f 3492 503 3493
f 3493 503 502
f 3495 3492 3494
f 3494 3492 3493
f 3487 3488 3495
f 3495 3488 3492
f 468 1774 465
f 465 1774 570
f 3494 3493 1775
f 1775 3493 1771
f 3490 3491 504
f 504 3491 1772
f 3491 543 1772
f 1772 543 548
f 450 3487 474
f 474 3487 3486
f 3495 467 3487
f 3487 467 3486
f 3494 468 3495
f 3495 468 467
f 468 3494 1774
f 1774 3494 1775
f 501 1771 502
f 502 1771 3493
f 527 366 384
f 384 366 365
f 522 524 527
f 527 524 366
f 521 534 522
f 522 534 524
f 530 535 521
f 521 535 534
f 508 486 513
f 513 486 532
f 513 532 541
f 541 532 535
f 667 668 596
f 596 668 597
f 1294 1297 624
f 624 1297 625
f 603 641 604
f 604 641 640
f 1290 1293 650
f 650 1293 651
f 1758 691 660
f 660 691 661
f 602 671 599
f 599 671 670
f 654 662 690
f 690 662 661
f 2856 598 695
f 695 598 597
f 602 654 671
f 671 654 690
f 604 640 676
f 676 640 704
f 1826 1829 708
f 708 1829 709
f 1288 1284 740
f 740 1284 741
f 755 754 758
f 758 754 759
f 2853 2856 932
f 932 2856 695
f 689 691 1192
f 1192 691 1193
f 784 1319 1240
f 1240 1319 1241
f 1813 1816 1244
f 1244 1816 1245
f 754 1288 759
f 759 1288 740
f 1894 1242 1318
f 1318 1242 1241
f 2867 1348 1418
f 1418 1348 1347
f 676 704 673
f 673 704 1347
f 1284 1287 741
f 741 1287 1419
f 1421 1426 1422
f 1422 1426 1425
f 1758 660 615
f 615 660 616
f 1192 1191 1421
f 1421 1191 1426
f 2962 1839 1504
f 1504 1839 1505
f 941 1194 1759
f 1759 1194 1193
f 1287 1537 1419
f 1419 1537 1760
f 1882 2893 1823
f 1823 2893 1824
f 1886 1891 1827
f 1827 1891 1828
f 1887 1886 1834
f 1834 1886 1827
f 1841 716 1838
f 1838 716 1505
f 782 784 1850
f 1850 784 1240
f 1239 1242 1863
f 1863 1242 1864
f 1242 1894 1864
f 1864 1894 1873
f 1822 1239 1823
f 1823 1239 1863
f 1318 1317 1895
f 1895 1317 1900
f 1894 1896 1873
f 1873 1896 1897
f 1291 1896 1292
f 1292 1896 1895
f 605 1898 606
f 606 1898 1897
f 1258 1257 2854
f 2854 1257 2855
f 1257 1351 2855
f 2855 1351 2857
f 1351 1353 2857
f 2857 1353 2858
f 1353 3033 2858
f 2858 3033 2859
f 2860 2861 3036
f 3036 2861 3037
f 2862 2863 2870
f 2870 2863 3039
f 2870 2869 2862
f 2862 2869 2864
f 2868 2865 2869
f 2869 2865 2864
f 1764 2866 2868
f 2868 2866 2865
f 1537 1199 1760
f 1760 1199 1348
f 615 2884 1758
f 1758 2884 1759
f 1825 1246 2890
f 2890 1246 1245
f 2893 2892 1824
f 1824 2892 2891
f 761 2960 758
f 758 2960 2906
f 3000 2943 2940
f 2940 2943 2941
f 2968 710 2950
f 2950 710 709
f 1764 1423 2866
f 2866 1423 2953
f 1423 645 2953
f 2953 645 2954
f 645 644 2954
f 2954 644 2955
f 644 738 2955
f 2955 738 2956
f 738 764 2956
f 2956 764 2957
f 764 763 2957
f 2957 763 2958
f 763 2908 2958
f 2958 2908 2959
f 2908 1436 2959
f 2959 1436 2961
f 1837 2964 1435
f 1435 2964 2963
f 1837 2937 2964
f 2964 2937 2965
f 2936 2968 2966
f 2966 2968 2950
f 1840 2942 1838
f 1838 2942 2941
f 2939 2949 2940
f 2940 2949 3006
f 2939 2942 2966
f 2966 2942 2965
f 1822 1825 1850
f 1850 1825 2890
f 1891 3005 1828
f 1828 3005 3006
f 3035 3038 3045
f 3045 3038 3042
f 3045 3044 3035
f 3035 3044 3040
f 669 1422 3045
f 3045 1422 3044
f 599 670 3041
f 3041 670 3042
f 931 3067 932
f 932 3067 3065
f 2853 3066 2854
f 2854 3066 3076
f 3067 3496 3065
f 3065 3496 3497
f 3066 3498 3076
f 3076 3498 3499
f 707 1813 708
f 708 1813 1244
f 2960 2962 2906
f 2906 2962 1504
f 2892 1887 2891
f 2891 1887 1834
f 1839 2962 2963
f 2963 2962 2961
f 595 626 596
f 596 626 625
f 623 626 3484
f 3484 626 2859
f 1291 1290 606
f 606 1290 603
f 1290 650 603
f 603 650 641
f 641 650 642
f 642 650 649
f 2860 2863 649
f 649 2863 642
f 3036 3039 2860
f 2860 3039 2863
f 3035 3040 3036
f 3036 3040 3039
f 1294 1293 1295
f 1295 1293 1292
f 624 651 1294
f 1294 651 1293
f 623 652 624
f 624 652 651
f 3484 2861 623
f 623 2861 652
f 3032 3037 3484
f 3484 3037 2861
f 3031 3038 3032
f 3032 3038 3037
f 3481 2848 2884
f 2884 2848 942
f 2846 617 1427
f 1427 617 616
f 3049 3167 3048
f 3048 3167 3500
f 1906 3048 3070
f 3070 3048 3500
f 1337 1768 3501
f 3501 1768 3502
f 3020 3503 3021
f 3021 3503 3024
f 2914 3023 3020
f 3020 3023 3503
f 859 1770 860
f 860 1770 3504
f 1336 3505 1768
f 1768 3505 3502
f 3065 3497 3066
f 3066 3497 3498
f 2814 3075 3067
f 3067 3075 3496
f 2839 3174 766
f 766 3174 3017
f 1337 3501 1338
f 1338 3501 1769
f 767 3018 3026
f 3026 3018 3506
f 3076 3499 3064
f 3064 3499 3507
f 727 730 3483
f 3483 730 3030
f 3064 3507 2871
f 2871 3507 3077
f 3100 3160 1786
f 1786 3160 1784
f 3026 3506 752
f 752 3506 3015
f 860 3504 2923
f 2923 3504 3508
f 753 3016 3027
f 3027 3016 3509
f 3027 3509 3008
f 3008 3509 3028
f 1782 1785 1783
f 1783 1785 3022
f 2923 3508 3153
f 3153 3508 3161
f 3148 3149 1208
f 1208 3149 3150
f 1335 1328 3510
f 3510 1328 1327
f 1336 1335 3505
f 3505 1335 3510
f 866 3511 1340
f 1340 3511 3146
f 865 1808 866
f 866 1808 3511
f 842 841 3159
f 3159 841 3485
f 2849 3512 1329
f 1329 3512 1326
f 1202 1331 2849
f 2849 1331 3512
f 3514 3515 3513
f 3513 3515 3516
f 3518 3516 3517
f 3517 3516 3515
f 3519 3520 3514
f 3514 3520 3515
f 3522 3523 3521
f 3521 3523 3524
f 3526 3527 3525
f 3525 3527 3528
f 3530 3531 3529
f 3529 3531 3532
f 3534 3535 3533
f 3533 3535 3536
f 3529 3532 3537
f 3537 3532 3538
f 3537 3539 3529
f 3529 3539 3540
f 3542 3543 3541
f 3541 3543 3544
f 3546 3547 3545
f 3545 3547 3548
f 3550 3534 3549
f 3549 3534 3533
f 3550 3543 3551
f 3551 3543 3552
f 3537 3545 3539
f 3539 3545 3548
f 3553 3554 3556
f 3556 3554 3555
f 3537 3557 3545
f 3545 3557 3546
f 3558 3559 3561
f 3561 3559 3560
f 3563 3564 3562
f 3562 3564 3565
f 3564 3563 3566
f 3566 3563 3567
f 3569 3570 3568
f 3568 3570 3571
f 3573 3574 3572
f 3572 3574 3575
f 3577 3578 3576
f 3576 3578 3579
f 3581 3582 3580
f 3580 3582 3583
f 3585 3586 3584
f 3584 3586 3579
f 3586 3587 3579
f 3579 3587 3576
f 3589 3590 3588
f 3588 3590 3591
f 3592 3593 3595
f 3595 3593 3594
f 3597 3598 3596
f 3596 3598 3595
f 3583 3600 3599
f 3599 3600 3601
f 3603 3599 3602
f 3602 3599 3601
f 3605 3606 3604
f 3604 3606 3607
f 3608 3555 3596
f 3596 3555 3554
f 3597 3610 3609
f 3609 3610 3565
f 3564 3611 3565
f 3565 3611 3609
f 3611 3564 3612
f 3612 3564 3566
f 3613 3614 3569
f 3569 3614 3570
f 3615 3616 3573
f 3573 3616 3574
f 3517 3617 3518
f 3518 3617 3618
f 3620 3621 3619
f 3619 3621 3622
f 3624 3625 3623
f 3623 3625 3626
f 3628 3629 3627
f 3627 3629 3630
f 3632 3633 3631
f 3631 3633 3634
f 3636 3637 3635
f 3635 3637 3638
f 3640 3641 3639
f 3639 3641 3642
f 3643 3644 3639
f 3639 3644 3640
f 3646 3513 3645
f 3645 3513 3647
f 3648 3514 3646
f 3646 3514 3513
f 3649 3519 3648
f 3648 3519 3514
f 3650 3651 3527
f 3527 3651 3652
f 3654 3651 3653
f 3653 3651 3650
f 3568 3571 3655
f 3655 3571 3656
f 3657 3658 3653
f 3653 3658 3659
f 3661 3662 3660
f 3660 3662 3658
f 3664 3665 3663
f 3663 3665 3666
f 3667 3657 3650
f 3650 3657 3653
f 3669 3523 3668
f 3668 3523 3670
f 3672 3673 3671
f 3671 3673 3674
f 3676 3677 3675
f 3675 3677 3678
f 3671 3674 3676
f 3676 3674 3677
f 3680 3681 3679
f 3679 3681 3682
f 3683 3684 3680
f 3680 3684 3681
f 3685 3686 3661
f 3661 3686 3662
f 3686 3687 3662
f 3662 3687 3688
f 3684 3683 3689
f 3689 3683 3690
f 3692 3693 3691
f 3691 3693 3694
f 3691 3694 3695
f 3695 3694 3696
f 3698 3699 3697
f 3697 3699 3700
f 3702 3703 3701
f 3701 3703 3704
f 3705 3706 3519
f 3519 3706 3520
f 3673 3672 3707
f 3707 3672 3708
f 3709 3710 3682
f 3682 3710 3679
f 3711 3712 3692
f 3692 3712 3693
f 3714 3715 3713
f 3713 3715 3716
f 3718 3700 3717
f 3717 3700 3699
f 3720 3721 3719
f 3719 3721 3722
f 3724 3725 3723
f 3723 3725 3726
f 3727 3728 3730
f 3730 3728 3729
f 3722 3721 3731
f 3731 3721 3732
f 3697 3700 3733
f 3733 3700 3714
f 3733 3714 3734
f 3734 3714 3713
f 3721 3723 3732
f 3732 3723 3735
f 3720 3736 3724
f 3724 3736 3737
f 3700 3718 3714
f 3714 3718 3715
f 3717 3699 3738
f 3738 3699 3739
f 3536 3740 3533
f 3533 3740 3540
f 3742 3743 3741
f 3741 3743 3744
f 3746 3747 3745
f 3745 3747 3748
f 3750 3751 3749
f 3749 3751 3752
f 3627 3632 3628
f 3628 3632 3631
f 3754 3755 3753
f 3753 3755 3626
f 3562 3565 3756
f 3756 3565 3610
f 3527 3652 3528
f 3528 3652 3757
f 3758 3524 3669
f 3669 3524 3523
f 3582 3598 3583
f 3583 3598 3600
f 3759 3670 3522
f 3522 3670 3523
f 3675 3678 3760
f 3760 3678 3761
f 3762 3763 3690
f 3690 3763 3689
f 3765 3766 3764
f 3764 3766 3767
f 3768 3739 3698
f 3698 3739 3699
f 3726 3725 3770
f 3770 3725 3769
f 3645 3647 3771
f 3771 3647 3772
f 3645 3678 3646
f 3646 3678 3677
f 3646 3677 3648
f 3648 3677 3674
f 3673 3649 3674
f 3674 3649 3648
f 3707 3773 3673
f 3673 3773 3649
f 3775 3776 3774
f 3774 3776 3777
f 3779 3526 3778
f 3778 3526 3525
f 3526 3779 3667
f 3667 3779 3780
f 3780 3781 3667
f 3667 3781 3657
f 3672 3679 3708
f 3708 3679 3710
f 3671 3680 3672
f 3672 3680 3679
f 3676 3683 3671
f 3671 3683 3680
f 3675 3690 3676
f 3676 3690 3683
f 3760 3762 3675
f 3675 3762 3690
f 3682 3681 3783
f 3783 3681 3782
f 3689 3784 3684
f 3684 3784 3785
f 3684 3785 3681
f 3681 3785 3782
f 3786 3709 3783
f 3783 3709 3682
f 3784 3689 3787
f 3787 3689 3763
f 3789 3557 3788
f 3788 3557 3790
f 3792 3793 3791
f 3791 3793 3794
f 3616 3615 3795
f 3795 3615 3796
f 3797 3798 3727
f 3727 3798 3728
f 3800 3801 3799
f 3799 3801 3802
f 3803 3578 3592
f 3592 3578 3593
f 3805 3806 3804
f 3804 3806 3807
f 3599 3603 3585
f 3585 3603 3586
f 3587 3586 3604
f 3604 3586 3603
f 3588 3591 3794
f 3794 3591 3791
f 3581 3803 3582
f 3582 3803 3592
f 3594 3561 3608
f 3608 3561 3790
f 3662 3688 3808
f 3808 3688 3809
f 3665 3664 3810
f 3810 3664 3811
f 3719 3812 3720
f 3720 3812 3736
f 3717 3813 3718
f 3718 3813 3737
f 3723 3721 3724
f 3724 3721 3720
f 3813 3717 3814
f 3814 3717 3738
f 3815 3816 303
f 303 3816 304
f 3818 3819 3817
f 3817 3819 3820
f 3578 3803 3579
f 3579 3803 3584
f 3558 3593 3577
f 3577 3593 3578
f 3822 3823 3821
f 3821 3823 3824
f 3546 3826 3825
f 3825 3826 3827
f 3828 3829 3547
f 3547 3829 3541
f 3831 3542 3830
f 3830 3542 3832
f 3834 3822 3833
f 3833 3822 3821
f 3835 3836 3827
f 3827 3836 3825
f 3800 3799 3828
f 3828 3799 3829
f 3830 3832 3837
f 3837 3832 3838
f 331 330 3551
f 3551 330 3839
f 3831 333 3552
f 3552 333 332
f 3819 3797 3841
f 3841 3797 3840
f 3513 3516 3647
f 3647 3516 3746
f 337 336 3745
f 3745 336 3772
f 3525 3528 3775
f 3775 3528 3749
f 3610 3597 3554
f 3554 3597 3596
f 3706 3702 3520
f 3520 3702 3701
f 3756 3610 3553
f 3553 3610 3554
f 3757 3750 3528
f 3528 3750 3749
f 3517 3515 3701
f 3701 3515 3520
f 3842 3584 3581
f 3581 3584 3803
f 3525 3775 3778
f 3778 3775 3774
f 3638 3843 3635
f 3635 3843 3618
f 3617 3621 3618
f 3618 3621 3635
f 3617 3517 3704
f 3704 3517 3701
f 3521 3624 3522
f 3522 3624 3623
f 3749 3844 3775
f 3775 3844 3776
f 3846 3847 3845
f 3845 3847 3848
f 3843 3747 3618
f 3618 3747 3518
f 3850 3851 3849
f 3849 3851 3748
f 3853 3854 3852
f 3852 3854 3855
f 3856 3857 3622
f 3622 3857 3619
f 3859 3860 3858
f 3858 3860 3861
f 3862 3844 3752
f 3752 3844 3749
f 3863 3759 3623
f 3623 3759 3522
f 3864 3777 3630
f 3630 3777 3776
f 3713 3865 3734
f 3734 3865 3866
f 3868 3869 3867
f 3867 3869 3870
f 3872 3873 3871
f 3871 3873 3874
f 3876 3877 3875
f 3875 3877 3878
f 3879 3880 3878
f 3878 3880 3881
f 3882 3883 3885
f 3885 3883 3884
f 3780 3886 3781
f 3781 3886 3887
f 3888 3685 3869
f 3869 3685 3661
f 3880 3879 3883
f 3883 3879 3884
f 3693 3783 3694
f 3694 3783 3782
f 3696 3785 3764
f 3764 3785 3784
f 3694 3782 3696
f 3696 3782 3785
f 3693 3786 3783
f 3787 3765 3784
f 3784 3765 3764
f 386 385 3765
f 3765 385 3766
f 3695 3889 3691
f 3691 3889 3890
f 3691 3890 3692
f 3692 3890 3891
f 3892 3711 3891
f 3891 3711 3692
f 3767 3893 3695
f 3695 3893 3889
f 3766 3894 3767
f 3767 3894 3893
f 3882 3885 3895
f 3895 3885 3896
f 3898 3698 3897
f 3897 3698 3697
f 3897 3697 3899
f 3899 3697 3733
f 3899 3733 3900
f 3900 3733 3734
f 3901 3768 3898
f 3898 3768 3698
f 3901 3902 3768
f 3768 3902 3903
f 3904 3905 3907
f 3907 3905 3906
f 3869 3661 3870
f 3870 3661 3660
f 3908 3909 3896
f 3896 3909 3895
f 3909 3758 3895
f 3895 3758 3669
f 3751 3531 3752
f 3752 3531 3848
f 3858 3536 3854
f 3854 3536 3535
f 3652 3562 3757
f 3757 3562 3756
f 3651 3654 3563
f 3563 3654 3567
f 3655 3656 3808
f 3808 3656 3659
f 3530 3740 3845
f 3845 3740 3861
f 3751 3750 3556
f 3556 3750 3553
f 3817 3820 3796
f 3796 3820 3795
f 410 409 3910
f 3910 409 3855
f 3750 3757 3553
f 3553 3757 3756
f 3908 3886 3909
f 3909 3886 3780
f 409 411 3855
f 3855 411 3851
f 413 412 3760
f 3760 412 3762
f 415 414 3763
f 3763 414 3787
f 3790 3557 3538
f 3538 3557 3537
f 3555 3608 3538
f 3538 3608 3790
f 3574 3911 3575
f 3575 3911 3912
f 3535 3534 3910
f 3910 3534 3839
f 3831 3552 3542
f 3542 3552 3543
f 3534 3550 3839
f 3839 3550 3551
f 3543 3550 3544
f 3544 3550 3549
f 3913 3914 3916
f 3916 3914 3915
f 3806 3805 3589
f 3589 3805 3590
f 3849 3843 3917
f 3917 3843 3638
f 3853 3644 3859
f 3859 3644 3742
f 3747 3746 3518
f 3518 3746 3516
f 3695 3696 3767
f 3767 3696 3764
f 3903 3918 3768
f 3768 3918 3739
f 3738 3739 3816
f 3816 3739 3918
f 3919 3920 3769
f 3769 3920 3770
f 3921 3726 3922
f 3922 3726 3770
f 3678 3645 3761
f 3761 3645 3771
f 3924 3913 3923
f 3923 3913 3916
f 3802 3925 3838
f 3838 3925 3837
f 3577 3926 3558
f 3558 3926 3559
f 3815 3919 3814
f 3814 3919 3769
f 3927 3928 3822
f 3822 3928 3823
f 3829 3832 3541
f 3541 3832 3542
f 3834 3927 3822
f 3832 3829 3838
f 3838 3829 3799
f 3745 3772 3746
f 3746 3772 3647
f 3849 3748 3843
f 3843 3748 3747
f 3854 3853 3858
f 3858 3853 3859
f 3854 3535 3855
f 3855 3535 3910
f 3557 3789 3546
f 3546 3789 3826
f 3923 3823 3924
f 3924 3823 3928
f 3823 3923 3929
f 3929 3923 3930
f 3531 3751 3532
f 3532 3751 3556
f 3532 3556 3538
f 3538 3556 3555
f 3932 3634 3931
f 3931 3634 3633
f 3814 3769 3813
f 3813 3769 3725
f 3620 3636 3621
f 3621 3636 3635
f 3847 3862 3848
f 3848 3862 3752
f 3531 3530 3848
f 3848 3530 3845
f 3933 3934 3830
f 3830 3934 3831
f 3925 3933 3837
f 3837 3933 3830
f 3934 440 3831
f 3831 440 333
f 3925 3802 3833
f 3833 3802 3801
f 3776 3844 3630
f 3630 3844 3627
f 3808 3659 3662
f 3662 3659 3658
f 3667 3650 3526
f 3526 3650 3527
f 3935 3666 3936
f 3936 3666 3665
f 3718 3737 3715
f 3715 3737 3736
f 3663 3809 3664
f 3664 3809 3688
f 3807 3806 3938
f 3938 3806 3937
f 445 413 3761
f 3761 413 3760
f 3902 447 3903
f 3903 447 446
f 3897 3890 3898
f 3898 3890 3889
f 3899 3891 3897
f 3897 3891 3890
f 3898 3889 3901
f 3901 3889 3893
f 3893 3894 3901
f 3901 3894 3902
f 414 386 3787
f 3787 386 3765
f 3940 3941 3939
f 3939 3941 3942
f 3840 3797 3943
f 3943 3797 3727
f 3665 3810 3936
f 3936 3810 3944
f 3921 3735 3726
f 3726 3735 3723
f 3920 3945 3770
f 3770 3945 3922
f 3521 3524 3774
f 3774 3524 3778
f 3864 3946 3625
f 3625 3946 3947
f 3773 3705 3649
f 3649 3705 3519
f 3779 3778 3758
f 3758 3778 3524
f 3812 3716 3736
f 3736 3716 3715
f 3624 3521 3777
f 3777 3521 3774
f 3703 3856 3704
f 3704 3856 3622
f 3900 3892 3899
f 3899 3892 3891
f 3641 3917 3642
f 3642 3917 3948
f 3895 3669 3882
f 3882 3669 3668
f 3855 3851 3852
f 3852 3851 3850
f 3894 458 3902
f 3902 458 447
f 3781 3887 3660
f 3660 3887 3870
f 3570 3566 3571
f 3571 3566 3567
f 3950 3576 3949
f 3949 3576 3587
f 3605 3602 3614
f 3614 3602 3612
f 3614 3612 3570
f 3570 3612 3566
f 3571 3567 3656
f 3656 3567 3654
f 3660 3658 3781
f 3781 3658 3657
f 3604 3607 3587
f 3587 3607 3949
f 3653 3659 3654
f 3654 3659 3656
f 3529 3540 3530
f 3530 3540 3740
f 3687 3811 3688
f 3688 3811 3664
f 3813 3725 3737
f 3737 3725 3724
f 3919 3815 461
f 461 3815 303
f 3818 3798 3819
f 3819 3798 3797
f 3819 3841 3820
f 3820 3841 3951
f 3816 3815 3738
f 3738 3815 3814
f 3540 3539 3533
f 3533 3539 3549
f 3548 3547 3544
f 3544 3547 3541
f 3539 3548 3549
f 3549 3548 3544
f 3741 3931 3860
f 3860 3931 3846
f 3801 3800 3835
f 3835 3800 3836
f 3934 3933 3824
f 3824 3933 3821
f 3825 3828 3546
f 3546 3828 3547
f 3833 3821 3925
f 3925 3821 3933
f 3800 3828 3836
f 3836 3828 3825
f 3824 3952 3934
f 3934 3952 440
f 3860 3846 3861
f 3861 3846 3845
f 3629 3946 3630
f 3630 3946 3864
f 3740 3536 3861
f 3861 3536 3858
f 3833 3801 3834
f 3834 3801 3835
f 3583 3599 3580
f 3580 3599 3585
f 3651 3563 3652
f 3652 3563 3562
f 3758 3909 3779
f 3779 3909 3780
f 3621 3617 3622
f 3622 3617 3704
f 3625 3947 3626
f 3626 3947 3753
f 3633 3632 3847
f 3847 3632 3862
f 3852 3850 3640
f 3640 3850 3641
f 3644 3853 3640
f 3640 3853 3852
f 3859 3742 3860
f 3860 3742 3741
f 3632 3627 3862
f 3862 3627 3844
f 3755 3863 3626
f 3626 3863 3623
f 3917 3638 3948
f 3948 3638 3637
f 3644 3643 3742
f 3742 3643 3743
f 3931 3633 3846
f 3846 3633 3847
f 3625 3624 3864
f 3864 3624 3777
f 3917 3641 3849
f 3849 3641 3850
f 3744 3932 3741
f 3741 3932 3931
f 3903 446 3918
f 3918 446 464
f 3953 3954 3956
f 3956 3954 3955
f 3958 3959 3957
f 3957 3959 3960
f 3876 3958 3877
f 3877 3958 3957
f 3877 3957 3961
f 3961 3957 3962
f 3963 3964 3958
f 3958 3964 3959
f 3965 3966 3876
f 3876 3966 3958
f 3966 3963 3958
f 3966 3967 3963
f 3963 3967 3968
f 3878 3877 3879
f 3879 3877 3961
f 3967 3969 3968
f 3968 3969 3970
f 3969 3971 3970
f 3970 3971 3972
f 3974 3904 3973
f 3973 3904 3907
f 3971 3975 3972
f 3972 3975 3976
f 3976 3975 3978
f 3978 3975 3977
f 3979 3980 3977
f 3977 3980 3978
f 3981 3982 3979
f 3979 3982 3980
f 3983 3984 3981
f 3981 3984 3982
f 3972 3985 3970
f 3970 3985 3986
f 3871 3987 3969
f 3969 3987 3971
f 3872 3871 3967
f 3967 3871 3969
f 3965 3872 3966
f 3966 3872 3967
f 3970 3986 3968
f 3968 3986 3988
f 3879 3961 3884
f 3884 3961 3940
f 3884 3940 3885
f 3885 3940 3939
f 3989 3990 3992
f 3992 3990 3991
f 3942 3993 3995
f 3995 3993 3994
f 3994 3996 3995
f 3995 3996 3974
f 3997 3998 3994
f 3994 3998 3996
f 3999 3997 3993
f 3993 3997 3994
f 4001 3996 4000
f 4000 3996 3998
f 4000 3998 4002
f 4002 3998 4003
f 4004 4003 3997
f 3997 4003 3998
f 3997 3999 4004
f 4004 3999 4005
f 4006 3995 3973
f 3973 3995 3974
f 3939 3942 4006
f 4006 3942 3995
f 3906 3887 3907
f 3907 3887 3886
f 3887 3906 3870
f 3870 3906 3867
f 3908 3973 3886
f 3886 3973 3907
f 3865 4007 3866
f 3866 4007 4008
f 3984 3983 4009
f 4009 3983 4010
f 3961 3962 3940
f 3940 3962 3941
f 4012 3868 4011
f 4011 3868 3867
f 4013 3975 3987
f 3987 3975 3971
f 4014 3977 4013
f 4013 3977 3975
f 4015 4010 4007
f 4007 4010 3983
f 4007 3983 4008
f 4008 3983 3981
f 4008 3981 4016
f 4016 3981 3979
f 4017 3984 4018
f 4018 3984 4009
f 3977 4014 3979
f 3979 4014 4016
f 3982 3984 4019
f 4019 3984 4017
f 4021 4022 4020
f 4020 4022 4023
f 4022 4012 4023
f 4023 4012 4011
f 4023 3904 4020
f 4020 3904 3974
f 4024 4025 4018
f 4018 4025 4017
f 4026 4027 4024
f 4024 4027 4025
f 4028 4026 4029
f 4029 4026 4024
f 4018 4021 4024
f 4024 4021 4029
f 4030 4031 4026
f 4026 4031 4027
f 4032 4030 4028
f 4028 4030 4026
f 4029 4001 4028
f 4028 4001 4000
f 4028 4000 4032
f 4032 4000 4002
f 4034 4035 4033
f 4033 4035 4036
f 4037 4038 4019
f 4019 4038 4039
f 4041 4039 4040
f 4040 4039 4038
f 4040 4038 4042
f 4042 4038 4036
f 4042 4036 4043
f 4043 4036 4035
f 3985 4044 4046
f 4046 4044 4045
f 4047 4048 4045
f 4045 4048 4046
f 4047 4049 4048
f 4048 4049 4050
f 4042 4047 4040
f 4040 4047 4045
f 4043 4049 4042
f 4042 4049 4047
f 4040 4045 4041
f 4041 4045 4044
f 4052 3959 4051
f 4051 3959 3964
f 4053 4054 4051
f 4051 4054 4055
f 3956 3960 4052
f 4052 3960 3959
f 3953 3956 4056
f 4056 3956 4052
f 4058 3953 4057
f 4057 3953 4056
f 4060 4061 4059
f 4059 4061 4062
f 4063 4064 4054
f 4054 4064 4057
f 4054 4053 4063
f 4063 4053 4065
f 4066 4067 4069
f 4069 4067 4068
f 4048 4050 4063
f 4063 4050 4064
f 4063 4065 4048
f 4048 4065 4046
f 3985 4046 3986
f 3986 4046 4065
f 3986 4065 3988
f 3988 4065 4053
f 3988 4053 3964
f 3964 4053 4051
f 3976 3978 4044
f 4044 3978 4041
f 3980 3982 4039
f 4039 3982 4019
f 4039 4041 3980
f 3980 4041 3978
f 3973 3908 4006
f 4006 3908 3896
f 3885 3939 3896
f 3896 3939 4006
f 4031 4034 4027
f 4027 4034 4033
f 4027 4033 4025
f 4025 4033 4037
f 4019 4017 4037
f 4037 4017 4025
f 3993 3942 4070
f 4070 3942 3941
f 3999 3993 4071
f 4071 3993 4070
f 3999 4071 4005
f 4005 4071 4072
f 4073 4074 4076
f 4076 4074 4075
f 4078 4079 4077
f 4077 4079 4080
f 4082 4080 4081
f 4081 4080 4079
f 4084 4085 4083
f 4083 4085 4086
f 4087 4088 4090
f 4090 4088 4089
f 4092 4093 4091
f 4091 4093 4094
f 4096 4097 4095
f 4095 4097 4098
f 4100 4101 4099
f 4099 4101 4102
f 4103 4104 4106
f 4106 4104 4105
f 4108 4109 4107
f 4107 4109 4110
f 4112 4113 4111
f 4111 4113 4114
f 4116 4117 4115
f 4115 4117 4118
f 4120 4121 4119
f 4119 4121 4122
f 4123 4124 4126
f 4126 4124 4125
f 4127 4128 4130
f 4130 4128 4129
f 4132 4133 4131
f 4131 4133 4134
f 4136 4108 4135
f 4135 4108 4107
f 4138 4139 4137
f 4137 4139 4140
f 4141 4142 4088
f 4088 4142 4089
f 4144 4145 4143
f 4143 4145 4146
f 4148 4149 4147
f 4147 4149 4150
f 4152 4153 4151
f 4151 4153 4154
f 4156 4082 4155
f 4155 4082 4081
f 4157 4158 4160
f 4160 4158 4159
f 4161 4162 4164
f 4164 4162 4163
f 4166 4122 4165
f 4165 4122 4121
f 4168 4152 4167
f 4167 4152 4151
f 4169 4170 4172
f 4172 4170 4171
f 4174 4175 4173
f 4173 4175 4176
f 4178 4149 4177
f 4177 4149 4179
f 4173 4176 4180
f 4180 4176 4181
f 4156 4085 4182
f 4182 4085 4183
f 4182 4184 4156
f 4156 4184 4082
f 4185 4186 4184
f 4184 4186 4187
f 4186 4188 4187
f 4187 4188 4189
f 4190 4191 4073
f 4073 4191 4074
f 4177 4179 4158
f 4158 4179 4159
f 4193 4127 4192
f 4192 4127 4130
f 4144 4194 4151
f 4151 4194 4167
f 4196 4197 4195
f 4195 4197 4198
f 4095 4199 4096
f 4096 4199 4200
f 4201 4202 4204
f 4204 4202 4203
f 4205 4206 4208
f 4208 4206 4207
f 4121 4120 4209
f 4209 4120 4210
f 4212 4213 4211
f 4211 4213 4214
f 4216 4217 4215
f 4215 4217 4218
f 4220 4221 4219
f 4219 4221 4222
f 4224 4196 4223
f 4223 4196 4195
f 4225 4226 4134
f 4134 4226 4131
f 4228 4229 4227
f 4227 4229 4230
f 4232 4233 4231
f 4231 4233 4098
f 4235 4236 4234
f 4234 4236 4237
f 4239 4240 4238
f 4238 4240 4241
f 4242 4243 4245
f 4245 4243 4244
f 4246 4247 4249
f 4249 4247 4248
f 4251 4252 4250
f 4250 4252 4253
f 4255 4256 4254
f 4254 4256 4257
f 4259 4260 4258
f 4258 4260 4261
f 4263 4264 4262
f 4262 4264 4265
f 4267 4268 4266
f 4266 4268 4269
f 4271 4199 4270
f 4270 4199 4272
f 4273 4274 4276
f 4276 4274 4275
f 4115 4118 4277
f 4277 4118 4278
f 4280 4281 4279
f 4279 4281 4282
f 4211 4283 4212
f 4212 4283 4284
f 4286 4287 4285
f 4285 4287 4288
f 4165 4121 4289
f 4289 4121 4209
f 4291 4286 4290
f 4290 4286 4285
f 4293 4294 4292
f 4292 4294 4295
f 4297 4298 4296
f 4296 4298 4299
f 4301 4302 4300
f 4300 4302 4303
f 4299 4304 4296
f 4296 4304 4305
f 4306 4292 4307
f 4307 4292 4295
f 4307 4308 4306
f 4306 4308 4309
f 4310 4309 4075
f 4075 4309 4308
f 4299 4298 4312
f 4312 4298 4311
f 4302 4301 4293
f 4293 4301 4294
f 3735 3921 4313
f 4313 3921 4314
f 4315 4314 3922
f 3922 4314 3921
f 4316 3945 829
f 829 3945 830
f 4289 4317 4165
f 4165 4317 4318
f 4320 4321 4319
f 4319 4321 4322
f 4324 4325 4323
f 4323 4325 4326
f 4327 4328 4330
f 4330 4328 4329
f 4290 4331 4291
f 4291 4331 4332
f 4165 4318 4166
f 4166 4318 4333
f 4334 4335 4337
f 4337 4335 4336
f 4339 4340 4338
f 4338 4340 4341
f 4168 4343 4342
f 4342 4343 4344
f 4346 4347 4345
f 4345 4347 4348
f 4350 4351 4349
f 4349 4351 4352
f 4354 4355 4353
f 4353 4355 4356
f 4357 4358 4324
f 4324 4358 4325
f 4337 4359 4334
f 4334 4359 4360
f 4362 4363 4361
f 4361 4363 4364
f 4366 4367 4365
f 4365 4367 4368
f 4369 4370 4372
f 4372 4370 4371
f 4331 4290 4374
f 4374 4290 4373
f 4373 4376 4375
f 4375 4376 4377
f 4379 4380 4378
f 4378 4380 4381
f 4217 4382 4218
f 4218 4382 4383
f 4385 4386 4384
f 4384 4386 4387
f 4388 4389 4338
f 4338 4389 4390
f 4337 4336 4392
f 4392 4336 4391
f 4394 4362 4393
f 4393 4362 4361
f 4396 4397 4395
f 4395 4397 4398
f 4400 4401 4399
f 4399 4401 4402
f 4345 4403 4346
f 4346 4403 4404
f 4405 4406 4342
f 4342 4406 4407
f 4409 4410 4408
f 4408 4410 4411
f 4408 4412 4409
f 4409 4412 4413
f 4181 4415 4414
f 4414 4415 4416
f 4182 4183 4417
f 4417 4183 4418
f 4419 4353 4311
f 4311 4353 4312
f 4421 4422 4420
f 4420 4422 4423
f 4353 4356 4312
f 4312 4356 4424
f 4166 4333 4425
f 4425 4333 4426
f 4425 4143 4166
f 4166 4143 4122
f 4427 4107 4428
f 4428 4107 4110
f 4429 4430 4174
f 4174 4430 4175
f 4335 4431 4336
f 4336 4431 4390
f 4336 4390 4391
f 4391 4390 4389
f 4432 4433 4435
f 4435 4433 4434
f 4437 4438 4436
f 4436 4438 4439
f 4441 4442 4440
f 4440 4442 4443
f 4359 4444 4361
f 4361 4444 4393
f 4446 4447 4445
f 4445 4447 4448
f 4338 4341 4388
f 4388 4341 4449
f 4450 4451 4398
f 4398 4451 4395
f 4453 4454 4452
f 4452 4454 4455
f 4457 4458 4456
f 4456 4458 4459
f 4460 4461 4448
f 4448 4461 4445
f 4463 4464 4462
f 4462 4464 4465
f 4462 4465 4466
f 4466 4465 4467
f 4468 4469 4467
f 4467 4469 4466
f 4469 4468 4470
f 4470 4468 4471
f 4472 4473 4471
f 4471 4473 4470
f 4475 4476 4474
f 4474 4476 4477
f 4479 4480 4478
f 4478 4480 4481
f 4483 4484 4482
f 4482 4484 4485
f 4487 4488 4486
f 4486 4488 4489
f 4491 4492 4490
f 4490 4492 4493
f 4494 4495 4493
f 4493 4495 4490
f 4496 4497 4494
f 4494 4497 4495
f 4497 4496 4498
f 4498 4496 4499
f 4500 4501 4503
f 4503 4501 4502
f 4505 4506 4504
f 4504 4506 4507
f 4466 4508 4462
f 4462 4508 4509
f 4470 4510 4469
f 4469 4510 4511
f 4513 4479 4512
f 4512 4479 4478
f 4515 4443 4514
f 4514 4443 4442
f 4516 4517 4519
f 4519 4517 4518
f 4521 4495 4520
f 4520 4495 4497
f 4522 4490 4521
f 4521 4490 4495
f 4491 4523 4488
f 4488 4523 4524
f 4525 4489 4524
f 4524 4489 4488
f 4484 4526 4485
f 4485 4526 4527
f 4503 4528 4500
f 4500 4528 4529
f 4530 4531 4533
f 4533 4531 4532
f 4535 4506 4534
f 4534 4506 4530
f 4486 4536 4487
f 4487 4536 4537
f 4487 4537 4492
f 4492 4537 4538
f 4494 4539 4496
f 4496 4539 4540
f 4542 4533 4541
f 4541 4533 4499
f 4544 4545 4543
f 4543 4545 4546
f 4548 4549 4547
f 4547 4549 4550
f 4536 4551 4537
f 4537 4551 4552
f 4537 4552 4538
f 4538 4552 4553
f 4554 4539 4556
f 4556 4539 4555
f 4557 4540 4554
f 4554 4540 4539
f 4559 4557 4558
f 4558 4557 4560
f 4540 4557 4541
f 4541 4557 4559
f 4562 4563 4561
f 4561 4563 4564
f 4546 4565 4543
f 4543 4565 4566
f 4547 4567 4548
f 4548 4567 4568
f 4570 4571 4569
f 4569 4571 4572
f 4574 4575 4573
f 4573 4575 4576
f 4578 4579 4577
f 4577 4579 4580
f 4582 4583 4581
f 4581 4583 4584
f 4585 4586 4588
f 4588 4586 4587
f 4589 4585 4590
f 4590 4585 4588
f 4592 4593 4591
f 4591 4593 4594
f 4596 4597 4595
f 4595 4597 4598
f 4600 4601 4599
f 4599 4601 4602
f 4563 4604 4603
f 4603 4604 4605
f 4603 4606 4608
f 4608 4606 4607
f 4609 4610 4594
f 4594 4610 4591
f 4611 4612 4614
f 4614 4612 4613
f 4616 4617 4615
f 4615 4617 4618
f 4602 4620 4619
f 4619 4620 4621
f 4619 4622 4602
f 4602 4622 4599
f 4605 4599 4623
f 4623 4599 4622
f 4605 4623 4603
f 4603 4623 4606
f 4625 4626 4624
f 4624 4626 4627
f 4438 4437 4628
f 4628 4437 4629
f 4442 4441 4630
f 4630 4441 4631
f 4630 4632 4442
f 4442 4632 4514
f 4633 4634 4529
f 4529 4634 4500
f 4500 4634 4501
f 4501 4634 4635
f 4637 4546 4636
f 4636 4546 4545
f 4639 4565 4638
f 4638 4565 4640
f 4573 4576 4641
f 4641 4576 4642
f 4593 4643 4594
f 4594 4643 4644
f 4645 4609 4644
f 4644 4609 4594
f 4647 4648 4646
f 4646 4648 4649
f 4651 4652 4650
f 4650 4652 4653
f 4654 4498 4519
f 4519 4498 4532
f 4520 4508 4521
f 4521 4508 4511
f 4522 4510 4523
f 4523 4510 4655
f 4524 4656 4525
f 4525 4656 4657
f 4514 4529 4515
f 4515 4529 4528
f 4658 4659 4661
f 4661 4659 4660
f 4496 4540 4499
f 4499 4540 4541
f 4493 4555 4494
f 4494 4555 4539
f 4549 4483 4550
f 4550 4483 4482
f 4545 4544 4501
f 4501 4544 4502
f 4636 4545 4635
f 4635 4545 4501
f 4589 4663 4662
f 4662 4663 4664
f 4662 4665 4558
f 4558 4665 4559
f 4569 4586 4570
f 4570 4586 4560
f 4552 4666 4553
f 4553 4666 4667
f 4668 4669 4670
f 4670 4669 4666
f 4672 4673 4671
f 4671 4673 4674
f 4287 4675 4288
f 4288 4675 4676
f 4678 4679 4677
f 4677 4679 4680
f 4681 4678 4682
f 4682 4678 4677
f 4682 4683 4681
f 4681 4683 4684
f 4161 4164 4685
f 4685 4164 4686
f 4414 4687 4689
f 4689 4687 4688
f 4405 4690 4346
f 4346 4690 4347
f 4691 4399 4693
f 4693 4399 4692
f 1209 4694 4365
f 4365 4694 4366
f 4650 1211 4651
f 4651 1211 1210
f 4695 4696 4255
f 4255 4696 4256
f 4697 4698 4218
f 4218 4698 4215
f 4700 4701 4699
f 4699 4701 4702
f 4703 4704 4303
f 4303 4704 4300
f 4315 3922 4316
f 4316 3922 3945
f 4653 4706 4705
f 4705 4706 4707
f 4709 4710 4708
f 4708 4710 4711
f 4335 4334 4713
f 4713 4334 4712
f 4714 4340 4321
f 4321 4340 4322
f 4716 4717 4715
f 4715 4717 4718
f 4238 4241 4719
f 4719 4241 4720
f 4231 4721 4307
f 4307 4721 4308
f 4723 4724 4722
f 4722 4724 4725
f 4727 4728 4726
f 4726 4728 4729
f 4730 4731 4327
f 4327 4731 4328
f 4733 4734 4732
f 4732 4734 4735
f 4720 4381 4736
f 4736 4381 4737
f 4738 4739 4741
f 4741 4739 4740
f 4743 4744 4742
f 4742 4744 4745
f 4338 4390 4339
f 4339 4390 4431
f 4746 4747 4431
f 4431 4747 4339
f 4291 4332 4289
f 4289 4332 4317
f 4289 4209 4291
f 4291 4209 4286
f 4287 4286 4210
f 4210 4286 4209
f 4749 4750 4748
f 4748 4750 4751
f 4212 4284 4752
f 4752 4284 4753
f 4752 4754 4212
f 4212 4754 4213
f 4252 4251 4225
f 4225 4251 4226
f 4227 4230 4248
f 4248 4230 4249
f 4205 4755 4757
f 4757 4755 4756
f 4708 4711 4758
f 4758 4711 4647
f 4367 4366 4759
f 4759 4366 4760
f 4526 4513 4527
f 4527 4513 4512
f 4420 4423 4385
f 4385 4423 4386
f 4705 4761 4653
f 4653 4761 4650
f 4761 1279 4650
f 4650 1279 1211
f 4762 4763 3944
f 3944 4763 3936
f 4274 4273 4765
f 4765 4273 4764
f 4767 4768 4766
f 4766 4768 4769
f 4770 4771 4769
f 4769 4771 4766
f 4771 4770 4242
f 4242 4770 4243
f 4093 4163 4094
f 4094 4163 4162
f 4772 4773 4775
f 4775 4773 4774
f 4777 4778 4776
f 4776 4778 4779
f 4417 4185 4182
f 4182 4185 4184
f 4780 4078 4781
f 4781 4078 4077
f 4781 4077 4782
f 4782 4077 4189
f 4188 4783 4189
f 4189 4783 4782
f 4295 4232 4307
f 4307 4232 4231
f 4785 4786 4784
f 4784 4786 4787
f 4784 1307 4785
f 4785 1307 1306
f 4078 4780 4096
f 4096 4780 4097
f 4075 4074 4310
f 4310 4074 4788
f 4788 4074 4789
f 4789 4074 4191
f 4789 4191 4059
f 4059 4191 4790
f 4791 4277 4792
f 4792 4277 4278
f 3732 3735 4793
f 4793 3735 4313
f 4793 4794 3732
f 3732 4794 3731
f 4792 4795 4791
f 4791 4795 4796
f 4797 4798 4799
f 4799 4798 4724
f 4763 4800 3936
f 3936 4800 3935
f 4801 4062 3729
f 3729 4062 3730
f 4713 4712 4802
f 4802 4712 4803
f 4146 4804 4119
f 4119 4804 4805
f 4498 4654 4497
f 4497 4654 4520
f 4806 4807 1326
f 1326 4807 1327
f 4689 4688 1330
f 1330 4688 1331
f 4801 4789 4062
f 4062 4789 4059
f 3730 4062 4808
f 4808 4062 4061
f 4810 4811 4809
f 4809 4811 4812
f 4813 4403 4814
f 4814 4403 4345
f 4815 4816 4349
f 4349 4816 4350
f 4817 4818 4820
f 4820 4818 4819
f 4406 4821 4407
f 4407 4821 4822
f 4823 4161 4824
f 4824 4161 4685
f 4181 4414 4825
f 4825 4414 4689
f 4741 4740 4826
f 4826 4740 4827
f 4828 4829 4827
f 4827 4829 4826
f 4142 4141 4415
f 4415 4141 4148
f 4830 1354 4761
f 4761 1354 1279
f 4832 4833 4831
f 4831 4833 4834
f 4835 4836 4626
f 4626 4836 4421
f 4451 4709 4395
f 4395 4709 4708
f 4627 4420 4837
f 4837 4420 4385
f 4837 1365 4838
f 4838 1365 1364
f 4397 4396 4839
f 4839 4396 4840
f 4842 4628 4841
f 4841 4628 4629
f 4671 4674 4631
f 4631 4674 4630
f 4674 4659 4630
f 4630 4659 4632
f 4633 4632 4658
f 4658 4632 4659
f 4658 4504 4633
f 4633 4504 4634
f 4635 4634 4507
f 4507 4634 4504
f 4843 4636 4507
f 4507 4636 4635
f 4844 4637 4843
f 4843 4637 4636
f 4637 4844 4640
f 4640 4844 4664
f 4638 4663 4642
f 4642 4663 4845
f 4847 4643 4846
f 4846 4643 4641
f 4644 4848 4645
f 4645 4848 4849
f 4851 4852 4850
f 4850 4852 4853
f 4855 4856 4854
f 4854 4856 4857
f 4859 4860 4858
f 4858 4860 4857
f 4715 4718 4859
f 4859 4718 4860
f 4862 4863 4861
f 4861 4863 4864
f 4866 4867 4865
f 4865 4867 4868
f 4870 4871 4869
f 4869 4871 4872
f 4869 4872 4116
f 4116 4872 4117
f 4820 4819 4874
f 4874 4819 4873
f 4876 4877 4875
f 4875 4877 4878
f 4880 4881 4879
f 4879 4881 4882
f 4884 4885 4883
f 4883 4885 4886
f 4887 4888 4280
f 4280 4888 4281
f 4818 4817 4889
f 4889 4817 4890
f 4891 4193 4823
f 4823 4193 4192
f 4892 4893 4228
f 4228 4893 4229
f 4158 4157 4894
f 4894 4157 4895
f 4896 4897 4132
f 4132 4897 4133
f 4099 4683 4100
f 4100 4683 4682
f 4101 4100 4899
f 4899 4100 4898
f 4150 4106 4147
f 4147 4106 4900
f 4100 4682 4898
f 4898 4682 4677
f 4080 4082 4187
f 4187 4082 4184
f 4077 4080 4189
f 4189 4080 4187
f 4191 4190 4790
f 4790 4190 4901
f 4177 4158 4680
f 4680 4158 4894
f 4108 4136 4752
f 4752 4136 4754
f 4752 4753 4108
f 4108 4753 4109
f 4817 4902 4890
f 4890 4902 4903
f 4904 4905 4907
f 4907 4905 4906
f 4909 4910 4908
f 4908 4910 4911
f 4913 4914 4912
f 4912 4914 4915
f 4916 4917 4919
f 4919 4917 4918
f 4312 4424 4299
f 4299 4424 4304
f 4920 4921 4297
f 4297 4921 4298
f 4194 4922 4167
f 4167 4922 4923
f 4924 4400 4691
f 4691 4400 4399
f 4395 4708 4396
f 4396 4708 4758
f 4367 4925 4368
f 4368 4925 4926
f 4919 4918 4873
f 4873 4918 4874
f 4836 4927 4421
f 4421 4927 4422
f 4921 4928 4298
f 4298 4928 4311
f 4143 4146 4122
f 4122 4146 4119
f 4929 4930 4455
f 4455 4930 4452
f 4932 4933 4931
f 4931 4933 4934
f 4935 4936 4932
f 4932 4936 4933
f 4461 4460 4457
f 4457 4460 4458
f 4480 4479 4475
f 4475 4479 4476
f 4660 4673 4517
f 4517 4673 4937
f 4661 4505 4658
f 4658 4505 4504
f 4484 4483 4489
f 4489 4483 4486
f 4462 4509 4463
f 4463 4509 4518
f 4469 4511 4466
f 4466 4511 4508
f 4655 4473 4656
f 4656 4473 4477
f 4476 4657 4477
f 4477 4657 4656
f 4479 4513 4476
f 4476 4513 4657
f 4489 4525 4484
f 4484 4525 4526
f 4483 4549 4486
f 4486 4549 4536
f 4549 4548 4536
f 4536 4548 4551
f 4548 4568 4551
f 4551 4568 4670
f 4663 4589 4845
f 4845 4589 4590
f 4668 4577 4938
f 4938 4577 4580
f 4940 4938 4939
f 4939 4938 4941
f 4940 4942 4669
f 4669 4942 4943
f 4587 4582 4944
f 4944 4582 4581
f 4848 4847 4608
f 4608 4847 4564
f 4616 4945 4613
f 4613 4945 4598
f 4615 4946 4616
f 4616 4946 4945
f 4947 4939 4948
f 4948 4939 4946
f 4599 4605 4600
f 4600 4605 4604
f 4608 4607 4848
f 4848 4607 4849
f 4613 4612 4616
f 4616 4612 4617
f 4835 4949 4709
f 4709 4949 4710
f 4357 1477 4837
f 4837 1477 1365
f 4712 4950 4803
f 4803 4950 4951
f 4401 4952 4402
f 4402 4952 4953
f 4759 4760 4402
f 4402 4760 4399
f 4508 4520 4509
f 4509 4520 4654
f 4510 4522 4511
f 4511 4522 4521
f 4513 4526 4657
f 4657 4526 4525
f 4632 4633 4514
f 4514 4633 4529
f 4931 4934 4453
f 4453 4934 4454
f 4153 4954 4154
f 4154 4954 4955
f 4957 4958 4956
f 4956 4958 4959
f 4961 4962 4960
f 4960 4962 4963
f 4120 4964 4210
f 4210 4964 4965
f 4967 4968 4966
f 4966 4968 4969
f 4349 4692 4815
f 4815 4692 4970
f 4652 4971 4653
f 4653 4971 4706
f 4758 4647 4972
f 4972 4647 4646
f 4973 4363 4646
f 4646 4363 4972
f 4950 4360 4974
f 4974 4360 4364
f 4431 4335 4746
f 4746 4335 4713
f 4358 4714 4325
f 4325 4714 4321
f 4765 4764 4266
f 4266 4764 4975
f 4202 4976 4203
f 4203 4976 4977
f 4917 4978 4918
f 4918 4978 4979
f 4279 4282 4854
f 4854 4282 4269
f 4820 4880 4817
f 4817 4880 4902
f 4890 4903 4980
f 4980 4903 4886
f 4982 4983 4981
f 4981 4983 4123
f 4795 4851 4796
f 4796 4851 4850
f 4918 4979 4874
f 4874 4979 4881
f 4809 4404 4810
f 4810 4404 4403
f 4354 4985 4984
f 4984 4985 4986
f 1364 1516 4838
f 4838 1516 4987
f 4759 4988 4367
f 4367 4988 4925
f 4989 4990 4481
f 4481 4990 4478
f 4443 4515 4990
f 4990 4515 4991
f 4527 4512 4992
f 4992 4512 4991
f 4528 4503 4992
f 4992 4503 4993
f 4993 4994 4485
f 4485 4994 4482
f 4544 4995 4502
f 4502 4995 4994
f 4995 4996 4550
f 4550 4996 4547
f 4998 4999 4997
f 4997 4999 4566
f 4998 5000 4578
f 4578 5000 4579
f 5001 5002 4596
f 4596 5002 4597
f 5003 4591 5004
f 5004 4591 4610
f 4626 4421 4627
f 4627 4421 4420
f 4837 4838 4627
f 4627 4838 4624
f 4761 4705 4830
f 4830 4705 5005
f 4705 4707 5005
f 5005 4707 5006
f 4308 4721 4075
f 4075 4721 4076
f 5007 4200 4797
f 4797 4200 4798
f 4685 4686 5008
f 5008 4686 5009
f 4889 4890 5010
f 5010 4890 4980
f 4323 1541 4324
f 4324 1541 1540
f 4385 4384 4358
f 4358 4384 4714
f 4396 4758 4840
f 4840 4758 4972
f 4866 4852 5011
f 5011 4852 5012
f 5013 4260 4980
f 4980 4260 5010
f 4875 4878 5014
f 5014 4878 5015
f 5017 5018 5016
f 5016 5018 5019
f 5016 5019 5020
f 5020 5019 5021
f 5023 5024 5022
f 5022 5024 5025
f 5027 5028 5026
f 5026 5028 5029
f 5031 5032 5030
f 5030 5032 5033
f 5035 5036 5034
f 5034 5036 5037
f 5039 5040 5038
f 5038 5040 5041
f 5043 5044 5042
f 5042 5044 5045
f 5038 5046 5039
f 5039 5046 5047
f 5049 5050 5048
f 5048 5050 5051
f 5053 5054 5052
f 5052 5054 5055
f 5057 5024 5056
f 5056 5024 5058
f 5060 5061 5059
f 5059 5061 5062
f 5064 5065 5063
f 5063 5065 5066
f 5043 5050 5064
f 5064 5050 5065
f 5038 5041 5067
f 5067 5041 5068
f 5070 5071 5069
f 5069 5071 5072
f 5074 5075 5073
f 5073 5075 5076
f 5034 5077 5035
f 5035 5077 5078
f 5080 5081 5079
f 5079 5081 5082
f 5084 5085 5083
f 5083 5085 5086
f 5085 5084 5087
f 5087 5084 5088
f 5090 5091 5089
f 5089 5091 5092
f 5094 5095 5093
f 5093 5095 5096
f 5098 5099 5097
f 5097 5099 5100
f 5102 5103 5101
f 5101 5103 5104
f 5105 5106 5108
f 5108 5106 5107
f 5110 5111 5109
f 5109 5111 5112
f 5114 5094 5113
f 5113 5094 5093
f 5116 5117 5115
f 5115 5117 5118
f 5120 5121 5119
f 5119 5121 5122
f 5124 5125 5123
f 5123 5125 5126
f 5128 5129 5127
f 5127 5129 5130
f 5097 5131 5098
f 5098 5131 5132
f 5134 5135 5133
f 5133 5135 5122
f 5084 5125 5088
f 5088 5125 5136
f 5138 5139 5137
f 5137 5139 5140
f 5142 5102 5141
f 5141 5102 5101
f 5106 5143 5107
f 5107 5143 5144
f 5146 5147 5145
f 5145 5147 5148
f 5149 5150 5109
f 5109 5150 5110
f 5151 5110 5152
f 5152 5110 5150
f 4715 5140 4716
f 4716 5140 5139
f 5143 4870 5144
f 5144 4870 4869
f 4115 5146 4116
f 4116 5146 5145
f 4791 4796 5149
f 5149 4796 5150
f 4796 4850 5150
f 5150 4850 5152
f 4858 5142 4859
f 4859 5142 5141
f 5153 5154 5115
f 5115 5154 5105
f 5156 5157 5155
f 5155 5157 5158
f 5159 5160 5053
f 5053 5160 5054
f 5161 5162 5020
f 5020 5162 5068
f 5026 5029 5163
f 5163 5029 5021
f 5083 5086 5164
f 5164 5086 5165
f 5090 5167 5166
f 5166 5167 5168
f 5169 5170 5172
f 5172 5170 5171
f 5174 5175 5173
f 5173 5175 5176
f 5177 5109 5178
f 5178 5109 5112
f 5179 5180 5182
f 5182 5180 5181
f 5123 5126 5120
f 5120 5126 5121
f 5180 5167 5181
f 5181 5167 5183
f 5184 5185 5179
f 5179 5185 5180
f 5186 5149 5177
f 5177 5149 5109
f 4868 5184 4865
f 4865 5184 5179
f 5188 5189 5187
f 5187 5189 5190
f 4277 4791 5186
f 5186 4791 5149
f 5179 5182 4865
f 4865 5182 4853
f 5189 4862 5190
f 5190 4862 4861
f 5156 5075 5191
f 5191 5075 5192
f 5036 5035 5193
f 5193 5035 5194
f 5115 5118 5153
f 5153 5118 5195
f 5022 5025 5196
f 5196 5025 5197
f 5155 5158 5069
f 5069 5158 5062
f 5063 5066 5198
f 5198 5066 5199
f 5073 5076 5200
f 5200 5076 5072
f 5202 5131 5201
f 5201 5131 5203
f 5143 5106 5204
f 5204 5106 5205
f 5114 5113 5206
f 5206 5113 5127
f 5098 5132 5193
f 5193 5132 5195
f 5204 5207 5143
f 5143 5207 4870
f 5088 5136 5208
f 5208 5136 5092
f 5209 5210 5089
f 5089 5210 5183
f 5211 5018 5060
f 5060 5018 5061
f 5017 5040 5070
f 5070 5040 5071
f 5191 5160 5156
f 5156 5160 5157
f 5048 5028 5049
f 5049 5028 5058
f 5207 5204 4858
f 4858 5204 5142
f 4859 5141 4715
f 4715 5141 5140
f 5212 5162 5042
f 5042 5162 5051
f 5182 5152 4853
f 4853 5152 4850
f 5214 5134 5213
f 5213 5134 5133
f 5164 5165 5133
f 5133 5165 5213
f 5215 5216 5201
f 5201 5216 5217
f 5147 5218 5148
f 5148 5218 5219
f 5147 5177 5218
f 5218 5177 5178
f 5141 5101 5140
f 5140 5101 5137
f 5201 5217 5202
f 5202 5217 5104
f 5146 5186 5147
f 5147 5186 5177
f 4277 5186 4115
f 4115 5186 5146
f 5191 5192 5031
f 5031 5192 5032
f 5052 5055 5220
f 5220 5055 5197
f 4116 5145 4869
f 4869 5145 5144
f 5034 5037 5214
f 5214 5037 5134
f 5097 5100 5114
f 5114 5100 5094
f 5108 5107 5219
f 5219 5107 5148
f 5221 5135 5116
f 5116 5135 5117
f 5124 5111 5209
f 5209 5111 5210
f 5107 5144 5148
f 5148 5144 5145
f 5152 5182 5151
f 5151 5182 5181
f 5208 5222 5088
f 5088 5222 5087
f 5222 5208 5171
f 5171 5208 5172
f 5223 1756 4698
f 4698 1756 1755
f 4427 5224 4107
f 4107 5224 4135
f 4178 4679 5225
f 5225 4679 5226
f 5227 5228 4892
f 4892 5228 4893
f 5229 5230 4171
f 4171 5230 4172
f 4855 4268 4884
f 4884 4268 4885
f 4884 4871 4855
f 4855 4871 4856
f 4684 5231 4896
f 4896 5231 4897
f 4768 4767 5009
f 5009 4767 5008
f 5205 5154 5102
f 5102 5154 5103
f 5099 5098 5194
f 5194 5098 5193
f 5198 5199 5079
f 5079 5199 5033
f 5102 5142 5205
f 5205 5142 5204
f 5224 4427 4681
f 4681 4427 4678
f 3712 3711 5232
f 5232 3711 5233
f 3968 3988 3963
f 3963 3988 3964
f 3976 4044 3972
f 3972 4044 3985
f 4038 4037 4036
f 4036 4037 4033
f 4794 4762 3731
f 3731 4762 3944
f 3731 3944 3722
f 3722 3944 3810
f 3874 5234 5232
f 5232 5234 3712
f 3906 3905 3867
f 3867 3905 4011
f 3904 4023 3905
f 3905 4023 4011
f 3719 3722 3811
f 3811 3722 3810
f 3812 3719 3687
f 3687 3719 3811
f 3716 3812 3686
f 3686 3812 3687
f 3713 3716 3685
f 3685 3716 3686
f 4810 4403 5235
f 5235 4403 4813
f 4345 1770 4814
f 4814 1770 1769
f 4067 4066 4058
f 4058 4066 5236
f 4043 4068 4049
f 4049 4068 4050
f 4034 5237 3989
f 3989 5237 3990
f 4031 4030 4072
f 4072 4030 4005
f 4003 4004 4002
f 4002 4004 4032
f 4004 4005 4032
f 4032 4005 4030
f 4067 4064 4068
f 4068 4064 4050
f 4058 4057 4067
f 4067 4057 4064
f 4035 4034 5238
f 5238 4034 3989
f 5236 5239 4058
f 4058 5239 5240
f 5234 3874 5241
f 5241 3874 3873
f 5241 3873 3881
f 3881 3873 3878
f 4800 4763 4788
f 4788 4763 4310
f 4763 4762 4310
f 4310 4762 4309
f 4762 4794 4309
f 4309 4794 4306
f 4794 4793 4306
f 4306 4793 4292
f 4293 4313 4302
f 4302 4313 4314
f 4302 4314 4303
f 4303 4314 4315
f 4303 4315 4703
f 4703 4315 4316
f 4035 4069 4043
f 4043 4069 4068
f 4324 1540 4357
f 4357 1540 1477
f 5232 3987 3874
f 3874 3987 3871
f 3987 5232 4013
f 4013 5232 5233
f 4013 5233 4014
f 4014 5233 5242
f 3888 4015 3865
f 3865 4015 4007
f 3866 4008 5243
f 5243 4008 4016
f 3873 5244 3878
f 3878 5244 3875
f 3965 5244 3872
f 3872 5244 3873
f 3876 3875 3965
f 3965 3875 5244
f 5243 4016 5242
f 5242 4016 4014
f 5246 5247 5245
f 5245 5247 5248
f 3576 3950 3577
f 3577 3950 3926
f 3584 3842 3585
f 3585 3842 3580
f 5249 5247 1784
f 1784 5247 1785
f 5250 5251 5253
f 5253 5251 5252
f 5255 5252 5254
f 5254 5252 5256
f 5254 5256 5258
f 5258 5256 5257
f 5258 5257 5260
f 5260 5257 5259
f 4356 5261 4424
f 4424 5261 5259
f 4355 5262 4356
f 4356 5262 5261
f 4924 5264 5263
f 5263 5264 5265
f 4693 5266 4691
f 4691 5266 5267
f 4351 5268 4352
f 4352 5268 5269
f 1808 1807 4351
f 4351 1807 5268
f 3580 3842 3581
f 3799 3802 3838
f 4800 4788 4801
f 4801 4788 4789
f 3729 3935 4801
f 4801 3935 4800
f 3728 3666 3729
f 3729 3666 3935
f 3728 3798 3666
f 3666 3798 3663
f 3798 3818 3663
f 3663 3818 3809
f 3818 3817 3809
f 3809 3817 3808
f 3796 3655 3817
f 3817 3655 3808
f 3615 3568 3796
f 3796 3568 3655
f 3573 3569 3615
f 3615 3569 3568
f 3572 3613 3573
f 3573 3613 3569
f 3792 3606 3572
f 3572 3606 3613
f 3607 3791 3949
f 3949 3791 3591
f 3590 3950 3591
f 3591 3950 3949
f 3805 3926 3590
f 3590 3926 3950
f 3804 3559 3805
f 3805 3559 3926
f 3804 3914 3559
f 3559 3914 3560
f 3924 3789 3913
f 3913 3789 3788
f 3924 3928 3789
f 3789 3928 3826
f 3928 3927 3826
f 3826 3927 3827
f 3927 3834 3827
f 3827 3834 3835
f 4079 4078 5270
f 5270 4078 5007
f 5271 5272 4233
f 4233 5272 5273
f 5275 5276 5274
f 5274 5276 5277
f 5278 5279 4236
f 4236 5279 4237
f 5278 5280 5271
f 5271 5280 5272
f 4235 5281 4236
f 4236 5281 5282
f 5284 5285 5283
f 5283 5285 5286
f 5288 5289 5287
f 5287 5289 5290
f 5292 5293 5291
f 5291 5293 5294
f 5287 5290 4726
f 4726 5290 5295
f 4293 4292 4313
f 4313 4292 4793
f 4720 4736 4719
f 4719 4736 5296
f 5297 4909 5298
f 5298 4909 4908
f 5299 5300 4976
f 4976 5300 5301
f 5302 4202 5303
f 5303 4202 4201
f 5304 5305 4983
f 4983 5305 5306
f 5308 5309 5307
f 5307 5309 5310
f 4722 4725 5283
f 5283 4725 5311
f 5291 5294 4125
f 4125 5294 4126
f 5313 5314 5312
f 5312 5314 5315
f 5316 5317 5319
f 5319 5317 5318
f 5321 5308 5320
f 5320 5308 5307
f 4819 4981 4873
f 4873 4981 5322
f 4981 4123 5322
f 5322 4123 4126
f 5324 5325 5323
f 5323 5325 5326
f 4764 5327 4975
f 4975 5327 5328
f 4172 5327 4169
f 4169 5327 5329
f 4768 4171 4769
f 4769 4171 4170
f 4243 4755 4244
f 4244 4755 5330
f 4755 4205 5330
f 5330 4205 4208
f 4206 4906 4207
f 4207 4906 4905
f 4686 5014 5009
f 5009 5014 5229
f 4756 4770 4170
f 4170 4770 4769
f 4170 4169 4756
f 4756 4169 4757
f 4273 5329 4764
f 4764 5329 5327
f 4276 5331 4273
f 4273 5331 5329
f 4770 4756 4243
f 4243 4756 4755
f 5333 4889 5332
f 5332 4889 5010
f 4877 5332 4878
f 4878 5332 4259
f 4875 4164 4876
f 4876 4164 4163
f 5334 5335 5324
f 5324 5335 5325
f 4983 5306 4123
f 4123 5306 4124
f 4818 4982 4819
f 4819 4982 4981
f 5332 5010 4259
f 4259 5010 4260
f 5014 4686 4875
f 4875 4686 4164
f 4171 4768 5229
f 5229 4768 5009
f 5337 4916 5336
f 5336 4916 4919
f 5293 5337 5294
f 5294 5337 5336
f 4982 4818 5333
f 5333 4818 4889
f 5338 5339 4262
f 4262 5339 5340
f 5307 5310 5338
f 5338 5310 5339
f 5341 5342 4204
f 4204 5342 5309
f 5336 4919 5322
f 5322 4919 4873
f 5294 5336 4126
f 4126 5336 5322
f 5323 5326 5343
f 5343 5326 5286
f 4914 5344 4915
f 4915 5344 5345
f 5312 5315 5344
f 5344 5315 5345
f 5347 5348 5346
f 5346 5348 5349
f 5350 5351 4832
f 4832 5351 4833
f 5352 5353 5349
f 5349 5353 5346
f 5354 5338 4265
f 4265 5338 4262
f 5320 5307 5354
f 5354 5307 5338
f 4201 5308 5303
f 5303 5308 5321
f 5356 5357 5355
f 5355 5357 4799
f 5358 5359 5334
f 5334 5359 5335
f 5358 5360 4093
f 4093 5360 4163
f 5360 5305 4163
f 4163 5305 4876
f 5305 5304 4876
f 4876 5304 4877
f 5270 4778 4079
f 4079 4778 4081
f 4779 5361 4774
f 4774 5361 5357
f 5356 5359 4775
f 4775 5359 4092
f 5333 5304 4982
f 4982 5304 4983
f 5332 4877 5333
f 5333 4877 5304
f 5015 4258 5230
f 5230 4258 5328
f 5327 4172 5328
f 5328 4172 5230
f 4169 5329 4757
f 4757 5329 5331
f 4757 5331 4205
f 4205 5331 4206
f 5331 4276 4206
f 4206 4276 4906
f 4276 4275 4906
f 4906 4275 4907
f 4275 4888 4907
f 4907 4888 4744
f 4887 4717 4745
f 4745 4717 4864
f 4716 5139 4861
f 4861 5139 5190
f 5139 5138 5190
f 5190 5138 5187
f 5138 5216 5187
f 5187 5216 5176
f 5215 5362 5173
f 5173 5362 5130
f 5364 5365 5363
f 5363 5365 5340
f 4742 4863 5366
f 5366 4863 4867
f 4862 5189 4868
f 4868 5189 5184
f 5189 5188 5184
f 5184 5188 5185
f 5188 5175 5185
f 5185 5175 5168
f 3560 3788 3561
f 3561 3788 3790
f 3596 3595 3608
f 3608 3595 3594
f 3598 3582 3595
f 3595 3582 3592
f 3600 3609 3601
f 3601 3609 3611
f 3602 3601 3612
f 3612 3601 3611
f 3606 3605 3613
f 3613 3605 3614
f 3793 5367 3794
f 3794 5367 5368
f 3598 3597 3600
f 3600 3597 3609
f 3793 3792 3575
f 3575 3792 3572
f 3561 3594 3558
f 3558 3594 3593
f 3807 3915 3804
f 3804 3915 3914
f 3916 3915 5370
f 5370 3915 5369
f 3602 3605 3603
f 3603 3605 3604
f 3606 3792 3607
f 3607 3792 3791
f 3914 3913 3560
f 3560 3913 3788
f 5174 5129 5166
f 5166 5129 5371
f 5170 5169 5093
f 5093 5169 5113
f 5166 5371 5090
f 5090 5371 5091
f 5128 5169 5372
f 5372 5169 5172
f 5127 5113 5128
f 5128 5113 5169
f 5114 5206 5203
f 5203 5206 5362
f 5200 5373 5073
f 5073 5373 5096
f 5374 5375 5200
f 5200 5375 5373
f 5039 5047 5374
f 5374 5047 5375
f 5087 5046 5085
f 5085 5046 5376
f 5212 5377 5067
f 5067 5377 5376
f 5042 5045 5212
f 5212 5045 5377
f 5064 5378 5043
f 5043 5378 5044
f 5063 5077 5064
f 5064 5077 5378
f 5079 5082 5198
f 5198 5082 5078
f 5099 5081 5100
f 5100 5081 5379
f 5100 5379 5094
f 5094 5379 5095
f 5381 5382 5380
f 5380 5382 5383
f 5385 5386 5384
f 5384 5386 5383
f 5385 5387 5386
f 5386 5387 5388
f 5390 5391 5389
f 5389 5391 5392
f 5393 5394 5396
f 5396 5394 5395
f 5398 5399 5397
f 5397 5399 5400
f 5402 5403 5401
f 5401 5403 5404
f 5406 5407 5405
f 5405 5407 5404
f 5408 5409 5163
f 5163 5409 5410
f 5411 5412 5414
f 5414 5412 5413
f 5057 5416 5415
f 5415 5416 5417
f 5393 5416 5418
f 5418 5416 5419
f 5396 5395 5420
f 5420 5395 5421
f 5423 5424 5422
f 5422 5424 5425
f 5415 5417 5220
f 5220 5417 5426
f 5418 5391 5393
f 5393 5391 5394
f 5414 5388 5411
f 5411 5388 5392
f 5059 5427 5060
f 5060 5427 5428
f 5423 5427 5429
f 5429 5427 5430
f 5432 5382 5431
f 5431 5382 5425
f 5429 5407 5423
f 5423 5407 5424
f 5380 5409 5381
f 5381 5409 5433
f 5381 5433 5422
f 5422 5433 5428
f 5027 5412 5056
f 5056 5412 5419
f 5435 5436 5434
f 5434 5436 5437
f 5159 5439 5438
f 5438 5439 5440
f 5053 5436 5159
f 5159 5436 5439
f 5441 5403 5398
f 5398 5403 5399
f 5163 5410 5026
f 5026 5410 5413
f 5438 5440 5442
f 5442 5440 5430
f 5444 5445 5443
f 5443 5445 5446
f 5447 5448 5450
f 5450 5448 5449
f 5451 5446 5452
f 5452 5446 5445
f 5454 5455 5453
f 5453 5455 5451
f 5456 5454 5458
f 5458 5454 5457
f 5460 5461 5459
f 5459 5461 5462
f 5464 5465 5463
f 5463 5465 5466
f 5468 5469 5467
f 5467 5469 5470
f 5472 5473 5471
f 5471 5473 5474
f 5475 5476 5478
f 5478 5476 5477
f 5479 5480 5482
f 5482 5480 5481
f 5483 5484 5448
f 5448 5484 5485
f 5448 5485 5449
f 5449 5485 5486
f 5487 5476 5488
f 5488 5476 5475
f 5490 5491 5489
f 5489 5491 5492
f 5494 5495 5493
f 5493 5495 5496
f 5498 5494 5497
f 5497 5494 5493
f 5500 5501 5499
f 5499 5501 5502
f 5503 5504 5446
f 5446 5504 5443
f 5506 5507 5505
f 5505 5507 5508
f 5510 5511 5509
f 5509 5511 5512
f 5514 5515 5513
f 5513 5515 5516
f 5518 5519 5517
f 5517 5519 5520
f 5495 5521 5496
f 5496 5521 5522
f 5524 5525 5523
f 5523 5525 5526
f 5527 5528 5494
f 5494 5528 5495
f 5499 5502 5529
f 5529 5502 5530
f 5531 5532 5485
f 5485 5532 5486
f 5485 5484 5531
f 5531 5484 5533
f 5482 5481 5534
f 5534 5481 5535
f 5536 5512 5506
f 5506 5512 5511
f 5455 5503 5451
f 5451 5503 5446
f 5467 5470 5511
f 5511 5470 5537
f 5538 5467 5510
f 5510 5467 5511
f 5540 5541 5539
f 5539 5541 5542
f 5543 5544 5546
f 5546 5544 5545
f 5548 5472 5547
f 5547 5472 5471
f 5493 5496 5549
f 5549 5496 5550
f 5496 5522 5550
f 5550 5522 5551
f 5553 5554 5552
f 5552 5554 5555
f 5557 5447 5556
f 5556 5447 5558
f 5557 5483 5447
f 5447 5483 5448
f 5478 5477 5553
f 5553 5477 5559
f 5477 5560 5559
f 5559 5560 5561
f 5476 5562 5477
f 5477 5562 5560
f 5476 5487 5562
f 5562 5487 5563
f 5560 5564 5561
f 5561 5564 5565
f 5564 5560 5566
f 5566 5560 5562
f 5563 5567 5562
f 5562 5567 5566
f 5569 5521 5568
f 5568 5521 5570
f 5481 5572 5571
f 5571 5572 5573
f 5574 5535 5571
f 5571 5535 5481
f 5576 5577 5575
f 5575 5577 5578
f 5579 5580 5456
f 5456 5580 5581
f 5475 5582 5488
f 5488 5582 5583
f 5584 5536 5505
f 5505 5536 5506
f 5585 5586 5588
f 5588 5586 5587
f 5590 5591 5589
f 5589 5591 5592
f 5519 5593 5520
f 5520 5593 5594
f 5595 5596 5462
f 5462 5596 5597
f 5599 5600 5598
f 5598 5600 5514
f 5602 5603 5601
f 5601 5603 5604
f 5524 5543 5525
f 5525 5543 5546
f 5543 5524 5606
f 5606 5524 5605
f 5607 5608 5500
f 5500 5608 5501
f 5610 5551 5609
f 5609 5551 5522
f 5611 5510 5598
f 5598 5510 5509
f 5612 5597 5457
f 5457 5597 5458
f 5510 5611 5538
f 5538 5611 5613
f 5580 5508 5581
f 5581 5508 5507
f 5615 5616 5614
f 5614 5616 5617
f 5619 5620 5618
f 5618 5620 5621
f 5623 5624 5622
f 5622 5624 5625
f 5627 5624 5626
f 5626 5624 5623
f 5629 5630 5628
f 5628 5630 5631
f 5633 5634 5632
f 5632 5634 5466
f 5635 5636 5463
f 5463 5636 5637
f 5523 5638 5524
f 5524 5638 5605
f 5639 5640 5641
f 5641 5640 5595
f 5611 5513 5613
f 5613 5513 5642
f 5643 5586 5608
f 5608 5586 5501
f 5622 5625 5590
f 5590 5625 5591
f 5598 5514 5611
f 5611 5514 5513
f 5645 5646 5644
f 5644 5646 5647
f 5620 5619 5491
f 5491 5619 5648
f 5649 5643 5492
f 5492 5643 5608
f 5650 5651 5653
f 5653 5651 5652
f 5463 5466 5635
f 5635 5466 5634
f 5597 5612 5462
f 5462 5612 5459
f 5635 5634 5523
f 5523 5634 5638
f 5654 5638 5633
f 5633 5638 5634
f 5655 5656 5525
f 5525 5656 5526
f 5658 5659 5657
f 5657 5659 5527
f 5660 5464 5637
f 5637 5464 5463
f 5632 5466 5661
f 5661 5466 5465
f 5661 5662 5632
f 5632 5662 5658
f 5662 5663 5658
f 5658 5663 5659
f 5665 5659 5664
f 5664 5659 5663
f 5632 5658 5633
f 5633 5658 5657
f 5666 5629 5530
f 5530 5629 5667
f 5528 5527 5665
f 5665 5527 5659
f 5668 5669 5570
f 5570 5669 5568
f 5669 5668 5670
f 5670 5668 5671
f 5646 5672 5673
f 5672 5674 5673
f 5673 5674 5675
f 5674 5460 5675
f 5675 5460 5459
f 5461 5676 5462
f 5462 5676 5595
f 5677 5678 5680
f 5680 5678 5679
f 5628 5681 5629
f 5629 5681 5667
f 5682 5529 5667
f 5667 5529 5530
f 5675 5459 5683
f 5683 5459 5612
f 5585 5666 5502
f 5502 5666 5530
f 5589 5684 5602
f 5602 5684 5603
f 5646 5645 5663
f 5663 5645 5664
f 5685 5647 5673
f 5673 5647 5646
f 5686 5687 5683
f 5683 5687 5685
f 5688 5689 5533
f 5533 5689 5531
f 5690 5691 5535
f 5535 5691 5534
f 5692 5690 5574
f 5574 5690 5535
f 5685 5687 5689
f 5689 5687 5693
f 5489 5694 5490
f 5490 5694 5695
f 5690 5692 5696
f 5696 5692 5697
f 5696 5644 5690
f 5690 5644 5691
f 5447 5450 5558
f 5558 5450 5698
f 5699 5700 5642
f 5642 5700 5613
f 5701 5702 5540
f 5540 5702 5541
f 5431 5703 5432
f 5432 5703 5697
f 5385 5384 5574
f 5574 5384 5692
f 5389 5387 5573
f 5573 5387 5571
f 5565 5390 5573
f 5573 5390 5389
f 5390 5565 5704
f 5704 5565 5564
f 5566 5705 5564
f 5564 5705 5704
f 5569 5441 5609
f 5609 5441 5398
f 5568 5405 5569
f 5569 5405 5441
f 5670 5706 5669
f 5669 5706 5406
f 5703 5431 5670
f 5670 5431 5706
f 5432 5697 5384
f 5384 5697 5692
f 5574 5571 5385
f 5385 5571 5387
f 5607 5707 5489
f 5489 5707 5694
f 5518 5708 5519
f 5519 5708 5709
f 5711 5576 5710
f 5710 5576 5575
f 5713 5714 5712
f 5712 5714 5715
f 5553 5552 5478
f 5478 5552 5716
f 5717 5475 5716
f 5716 5475 5478
f 5718 5719 5605
f 5605 5719 5606
f 5505 5622 5584
f 5584 5622 5590
f 5508 5623 5505
f 5505 5623 5622
f 5626 5623 5580
f 5580 5623 5508
f 5580 5579 5626
f 5626 5579 5720
f 5579 5721 5720
f 5720 5721 5722
f 5666 5585 5723
f 5723 5585 5588
f 5724 5725 5639
f 5639 5725 5640
f 5554 5726 5555
f 5555 5726 5727
f 5453 5728 5729
f 5689 5688 5685
f 5685 5688 5647
f 5604 5730 5512
f 5512 5730 5509
f 5628 5631 5618
f 5618 5631 5592
f 5601 5604 5536
f 5536 5604 5512
f 5732 5676 5731
f 5731 5676 5660
f 5730 5604 5733
f 5733 5604 5603
f 5563 5487 5551
f 5551 5487 5550
f 5489 5492 5607
f 5607 5492 5608
f 5573 5572 5565
f 5565 5572 5561
f 5609 5522 5569
f 5569 5522 5521
f 5499 5734 5500
f 5500 5734 5735
f 5596 5736 5721
f 5721 5736 5722
f 5737 5600 5594
f 5594 5600 5520
f 5599 5730 5517
f 5517 5730 5733
f 5660 5738 5731
f 5731 5738 5739
f 5648 5649 5491
f 5491 5649 5492
f 5501 5586 5502
f 5502 5586 5585
f 5525 5546 5655
f 5655 5546 5740
f 5600 5599 5520
f 5520 5599 5517
f 5708 5739 5709
f 5709 5739 5738
f 5636 5635 5526
f 5526 5635 5523
f 5670 5671 5703
f 5703 5671 5741
f 5490 5695 5742
f 5742 5695 5743
f 5682 5678 5744
f 5744 5678 5677
f 5678 5681 5679
f 5679 5681 5621
f 5742 5743 5679
f 5679 5743 5680
f 5618 5621 5628
f 5628 5621 5681
f 5725 5724 5589
f 5589 5724 5684
f 5456 5458 5579
f 5579 5458 5721
f 5675 5683 5673
f 5673 5683 5685
f 5529 5682 5745
f 5745 5682 5744
f 5721 5458 5596
f 5596 5458 5597
f 5701 5540 5719
f 5719 5540 5606
f 5703 5741 5697
f 5697 5741 5696
f 5500 5735 5607
f 5607 5735 5707
f 5549 5746 5493
f 5493 5746 5497
f 5700 5747 5613
f 5613 5747 5538
f 5420 5421 5434
f 5434 5421 5400
f 5689 5693 5531
f 5531 5693 5532
f 5705 5566 5748
f 5748 5566 5567
f 5609 5398 5610
f 5610 5398 5397
f 5669 5406 5568
f 5568 5406 5405
f 5488 5583 5549
f 5549 5583 5746
f 5714 5713 5710
f 5710 5713 5711
f 5747 5468 5538
f 5538 5468 5467
f 5548 5547 5749
f 5749 5547 5750
f 5733 5603 5751
f 5751 5603 5684
f 5589 5602 5590
f 5590 5602 5584
f 5636 5752 5614
f 5614 5752 5615
f 5753 5754 5738
f 5738 5754 5755
f 5602 5601 5584
f 5584 5601 5536
f 5723 5736 5630
f 5630 5736 5640
f 5595 5640 5596
f 5596 5640 5736
f 5734 5499 5745
f 5745 5499 5529
f 5627 5587 5643
f 5643 5587 5586
f 5553 5559 5554
f 5554 5559 5480
f 5559 5561 5480
f 5480 5561 5572
f 5554 5480 5726
f 5726 5480 5479
f 5749 5750 5715
f 5715 5750 5712
f 5683 5612 5686
f 5686 5612 5457
f 5678 5682 5681
f 5681 5682 5667
f 5598 5509 5599
f 5599 5509 5730
f 5679 5621 5742
f 5742 5621 5620
f 5652 5616 5653
f 5653 5616 5615
f 5220 5426 5052
f 5052 5426 5437
f 5487 5488 5550
f 5550 5488 5549
f 5742 5620 5490
f 5490 5620 5491
f 5551 5610 5563
f 5563 5610 5567
f 5610 5397 5567
f 5567 5397 5748
f 5614 5617 5753
f 5753 5617 5754
f 5480 5572 5481
f 5755 5756 5738
f 5738 5756 5709
f 5745 5744 5758
f 5758 5744 5757
f 5745 5758 5734
f 5734 5758 5759
f 5735 5734 5760
f 5760 5734 5759
f 5707 5735 5761
f 5761 5735 5760
f 5744 5677 5757
f 5757 5677 5762
f 5677 5680 5762
f 5762 5680 5763
f 5763 5680 5764
f 5764 5680 5743
f 5765 5766 5762
f 5762 5766 5757
f 5768 5769 5767
f 5767 5769 5770
f 5771 5772 5770
f 5770 5772 5767
f 5770 5769 5774
f 5774 5769 5773
f 5775 5776 5774
f 5774 5776 5777
f 5773 5778 5774
f 5774 5778 5775
f 5779 5766 5773
f 5773 5766 5778
f 5777 5771 5774
f 5774 5771 5770
f 5780 5781 5783
f 5783 5781 5782
f 5781 5780 5771
f 5771 5780 5772
f 5773 5769 5779
f 5779 5769 5768
f 5768 5759 5779
f 5779 5759 5758
f 5768 5784 5759
f 5759 5784 5760
f 5767 5785 5768
f 5768 5785 5784
f 5785 5767 5786
f 5786 5767 5772
f 5766 5779 5757
f 5757 5779 5758
f 5780 5787 5772
f 5772 5787 5786
f 5785 5786 5788
f 5788 5786 5789
f 5786 5787 5789
f 5789 5787 5790
f 5788 5789 5791
f 5791 5789 5792
f 5791 5793 5788
f 5788 5793 5794
f 5795 5792 5790
f 5790 5792 5789
f 5785 5788 5784
f 5784 5788 5794
f 5784 5794 5760
f 5760 5794 5761
f 5787 5780 5796
f 5796 5780 5783
f 5775 5778 5797
f 5797 5778 5766
f 5797 5798 5775
f 5775 5798 5776
f 5766 5765 5797
f 5797 5765 5799
f 5798 5797 5800
f 5800 5797 5799
f 5798 5801 5776
f 5776 5801 5802
f 5707 5761 5694
f 5694 5761 5803
f 5695 5804 5743
f 5743 5804 5764
f 5804 5695 5803
f 5803 5695 5694
f 5803 5793 5804
f 5804 5793 5805
f 5793 5791 5805
f 5805 5791 5806
f 5804 5805 5764
f 5764 5805 5807
f 5803 5761 5793
f 5793 5761 5794
f 5808 5763 5807
f 5807 5763 5764
f 5808 5765 5763
f 5763 5765 5762
f 5809 5799 5808
f 5808 5799 5765
f 5809 5808 5810
f 5810 5808 5807
f 5811 5809 5812
f 5812 5809 5810
f 5805 5806 5807
f 5807 5806 5810
f 5806 5813 5810
f 5810 5813 5812
f 5799 5809 5800
f 5800 5809 5811
f 5815 5800 5814
f 5814 5800 5811
f 5814 5817 5816
f 5816 5817 5818
f 5814 5811 5817
f 5817 5811 5812
f 5814 5816 5815
f 5815 5816 5796
f 5815 5796 5801
f 5801 5796 5783
f 5801 5798 5815
f 5815 5798 5800
f 5791 5792 5806
f 5806 5792 5813
f 5818 5813 5795
f 5795 5813 5792
f 5818 5817 5813
f 5813 5817 5812
f 5816 5818 5790
f 5790 5818 5795
f 5790 5787 5816
f 5816 5787 5796
f 5771 5777 5781
f 5781 5777 5782
f 5782 5802 5783
f 5783 5802 5801
f 5782 5777 5802
f 5802 5777 5776
f 5588 5587 5722
f 5722 5587 5720
f 5591 5619 5592
f 5592 5619 5618
f 5625 5624 5648
f 5648 5624 5649
f 5624 5627 5649
f 5649 5627 5643
f 5631 5630 5725
f 5725 5630 5640
f 5625 5648 5591
f 5591 5648 5619
f 5588 5722 5723
f 5723 5722 5736
f 5631 5725 5592
f 5592 5725 5589
f 5723 5630 5666
f 5666 5630 5629
f 5587 5627 5720
f 5720 5627 5626
f 5820 5821 5819
f 5819 5821 5822
f 5824 5825 5823
f 5823 5825 5826
f 5823 5826 5827
f 5827 5826 5828
f 5829 5830 5832
f 5832 5830 5831
f 5518 5833 5708
f 5708 5833 5834
f 5835 5836 5824
f 5824 5836 5825
f 5838 5839 5837
f 5837 5839 5840
f 5751 5684 5842
f 5842 5684 5841
f 5843 5841 5724
f 5724 5841 5684
f 5845 5846 5844
f 5844 5846 5847
f 5848 5830 5836
f 5836 5830 5825
f 5518 5751 5833
f 5833 5751 5842
f 5839 5838 5821
f 5821 5838 5849
f 5850 5848 5822
f 5822 5848 5836
f 5851 5845 5828
f 5828 5845 5852
f 5854 5855 5853
f 5853 5855 5856
f 5845 5844 5852
f 5852 5844 5857
f 5858 5827 5852
f 5852 5827 5828
f 5851 5828 5829
f 5829 5828 5826
f 5819 5859 5820
f 5820 5859 5860
f 5835 5861 5819
f 5819 5861 5859
f 5851 5829 5862
f 5862 5829 5832
f 5844 5847 5837
f 5837 5847 5834
f 5819 5822 5835
f 5835 5822 5836
f 5823 5863 5824
f 5824 5863 5864
f 5849 5850 5821
f 5821 5850 5822
f 5825 5830 5826
f 5826 5830 5829
f 5820 5860 5865
f 5865 5860 5866
f 5858 5854 5867
f 5867 5854 5853
f 5854 5857 5855
f 5855 5857 5840
f 5855 5865 5856
f 5856 5865 5866
f 5837 5840 5844
f 5844 5840 5857
f 5827 5858 5868
f 5868 5858 5867
f 5824 5864 5835
f 5835 5864 5861
f 5732 5731 5862
f 5862 5731 5846
f 5863 5823 5868
f 5868 5823 5827
f 5843 5831 5848
f 5848 5831 5830
f 5854 5858 5857
f 5857 5858 5852
f 5855 5840 5865
f 5865 5840 5839
f 5865 5839 5820
f 5820 5839 5821
f 5868 5867 5870
f 5870 5867 5869
f 5868 5870 5863
f 5863 5870 5871
f 5863 5871 5864
f 5864 5871 5872
f 5864 5872 5861
f 5861 5872 5873
f 5867 5853 5869
f 5869 5853 5874
f 5853 5856 5874
f 5874 5856 5875
f 5856 5866 5875
f 5875 5866 5876
f 5877 5878 5874
f 5874 5878 5869
f 5880 5881 5879
f 5879 5881 5882
f 5883 5884 5880
f 5880 5884 5881
f 5881 5884 5886
f 5886 5884 5885
f 5887 5888 5886
f 5886 5888 5889
f 5885 5890 5886
f 5886 5890 5887
f 5889 5882 5886
f 5886 5882 5881
f 5882 5891 5879
f 5879 5891 5892
f 5885 5884 5893
f 5893 5884 5883
f 5883 5871 5893
f 5893 5871 5870
f 5883 5894 5871
f 5871 5894 5872
f 5880 5895 5883
f 5883 5895 5894
f 5896 5895 5879
f 5879 5895 5880
f 5893 5878 5885
f 5885 5878 5890
f 5878 5893 5869
f 5869 5893 5870
f 5897 5896 5892
f 5892 5896 5879
f 5895 5896 5898
f 5898 5896 5899
f 5896 5897 5899
f 5899 5897 5900
f 5898 5899 5901
f 5901 5899 5902
f 5901 5903 5898
f 5898 5903 5904
f 5900 5905 5899
f 5899 5905 5902
f 5898 5904 5895
f 5895 5904 5894
f 5894 5904 5872
f 5872 5904 5873
f 5897 5892 5907
f 5907 5892 5906
f 5892 5891 5906
f 5906 5891 5908
f 5887 5890 5909
f 5909 5890 5878
f 5888 5887 5910
f 5910 5887 5909
f 5878 5877 5909
f 5909 5877 5911
f 5909 5911 5910
f 5910 5911 5912
f 5913 5914 5910
f 5910 5914 5888
f 5908 5914 5906
f 5906 5914 5913
f 5861 5873 5859
f 5859 5873 5915
f 5860 5916 5866
f 5866 5916 5876
f 5916 5860 5915
f 5915 5860 5859
f 5915 5903 5916
f 5916 5903 5917
f 5903 5901 5917
f 5917 5901 5918
f 5916 5917 5876
f 5876 5917 5919
f 5903 5915 5904
f 5904 5915 5873
f 5920 5875 5919
f 5919 5875 5876
f 5920 5877 5875
f 5875 5877 5874
f 5920 5921 5877
f 5877 5921 5911
f 5921 5920 5922
f 5922 5920 5919
f 5923 5921 5924
f 5924 5921 5922
f 5917 5918 5919
f 5919 5918 5922
f 5918 5925 5922
f 5922 5925 5924
f 5921 5923 5911
f 5911 5923 5912
f 5927 5912 5926
f 5926 5912 5923
f 5926 5929 5928
f 5928 5929 5930
f 5926 5923 5929
f 5929 5923 5924
f 5926 5928 5927
f 5927 5928 5907
f 5927 5907 5913
f 5913 5907 5906
f 5913 5910 5927
f 5927 5910 5912
f 5901 5902 5918
f 5918 5902 5925
f 5930 5925 5905
f 5905 5925 5902
f 5930 5929 5925
f 5925 5929 5924
f 5928 5930 5900
f 5900 5930 5905
f 5900 5897 5928
f 5928 5897 5907
f 5882 5889 5891
f 5891 5889 5908
f 5908 5889 5914
f 5914 5889 5888
f 5832 5831 5641
f 5641 5831 5639
f 5833 5838 5834
f 5834 5838 5837
f 5842 5841 5849
f 5849 5841 5850
f 5841 5843 5850
f 5850 5843 5848
f 5847 5846 5739
f 5739 5846 5731
f 5842 5849 5833
f 5833 5849 5838
f 5862 5832 5732
f 5732 5832 5641
f 5847 5739 5834
f 5834 5739 5708
f 5862 5846 5851
f 5851 5846 5845
f 5831 5843 5639
f 5639 5843 5724
f 5676 5732 5595
f 5595 5732 5641
f 5676 5461 5660
f 5660 5461 5464
f 5461 5460 5464
f 5464 5460 5465
f 5460 5674 5465
f 5465 5674 5661
f 5931 5932 5934
f 5934 5932 5933
f 5936 5937 5935
f 5935 5937 5938
f 5935 5938 5939
f 5939 5938 5940
f 5942 5943 5941
f 5941 5943 5944
f 5945 5946 5936
f 5936 5946 5937
f 5948 5949 5947
f 5947 5949 5950
f 5951 5952 5519
f 5519 5952 5593
f 5953 5951 5709
f 5709 5951 5519
f 5955 5956 5954
f 5954 5956 5957
f 5958 5942 5946
f 5946 5942 5937
f 5948 5959 5949
f 5949 5959 5933
f 5960 5958 5934
f 5934 5958 5946
f 5961 5955 5940
f 5940 5955 5962
f 5963 5964 5966
f 5966 5964 5965
f 5955 5954 5962
f 5962 5954 5967
f 5968 5939 5962
f 5962 5939 5940
f 5961 5940 5941
f 5941 5940 5938
f 5931 5969 5932
f 5932 5969 5970
f 5945 5971 5931
f 5931 5971 5969
f 5941 5944 5961
f 5961 5944 5972
f 5954 5957 5947
f 5947 5957 5973
f 5945 5931 5946
f 5946 5931 5934
f 5935 5974 5936
f 5936 5974 5975
f 5959 5960 5933
f 5933 5960 5934
f 5937 5942 5938
f 5938 5942 5941
f 5932 5970 5976
f 5976 5970 5977
f 5968 5964 5978
f 5978 5964 5963
f 5965 5964 5950
f 5950 5964 5967
f 5976 5977 5965
f 5965 5977 5966
f 5947 5950 5954
f 5954 5950 5967
f 5939 5968 5979
f 5979 5968 5978
f 5936 5975 5945
f 5945 5975 5971
f 5972 5754 5956
f 5956 5754 5617
f 5974 5935 5979
f 5979 5935 5939
f 5953 5943 5958
f 5958 5943 5942
f 5964 5968 5967
f 5967 5968 5962
f 5965 5950 5976
f 5976 5950 5949
f 5976 5949 5932
f 5932 5949 5933
f 5979 5978 5981
f 5981 5978 5980
f 5979 5981 5974
f 5974 5981 5982
f 5974 5982 5975
f 5975 5982 5983
f 5975 5983 5971
f 5971 5983 5984
f 5978 5963 5980
f 5980 5963 5985
f 5963 5966 5985
f 5985 5966 5986
f 5986 5966 5987
f 5987 5966 5977
f 5988 5989 5985
f 5985 5989 5980
f 5991 5992 5990
f 5990 5992 5993
f 5994 5995 5991
f 5991 5995 5992
f 5992 5995 5997
f 5997 5995 5996
f 5998 5999 5997
f 5997 5999 6000
f 5996 6001 5997
f 5997 6001 5998
f 6000 5993 5997
f 5997 5993 5992
f 6002 6003 5993
f 5993 6003 5990
f 5995 5994 5996
f 5996 5994 6004
f 5994 5982 6004
f 6004 5982 5981
f 5994 6005 5982
f 5982 6005 5983
f 5991 6006 5994
f 5994 6006 6005
f 6006 5991 6007
f 6007 5991 5990
f 5996 6004 6001
f 6001 6004 5989
f 5989 6004 5980
f 5980 6004 5981
f 6003 6008 5990
f 5990 6008 6007
f 6009 6006 6010
f 6010 6006 6007
f 6008 6011 6007
f 6007 6011 6010
f 6012 6009 6013
f 6013 6009 6010
f 6009 6012 6015
f 6015 6012 6014
f 6011 6016 6010
f 6010 6016 6013
f 6006 6009 6005
f 6005 6009 6015
f 6005 6015 5983
f 5983 6015 5984
f 6008 6003 6018
f 6018 6003 6017
f 6003 6002 6017
f 6017 6002 6019
f 5998 6001 6020
f 6020 6001 5989
f 5999 5998 6021
f 6021 5998 6020
f 5989 5988 6020
f 6020 5988 6022
f 6021 6020 6023
f 6023 6020 6022
f 6021 6024 5999
f 5999 6024 6025
f 6019 6025 6017
f 6017 6025 6024
f 5971 5984 5969
f 5969 5984 6026
f 5970 6027 5977
f 5977 6027 5987
f 6027 5970 6026
f 6026 5970 5969
f 6026 6014 6027
f 6027 6014 6028
f 6014 6012 6028
f 6028 6012 6029
f 6027 6028 5987
f 5987 6028 6030
f 6026 5984 6014
f 6014 5984 6015
f 6031 5986 6030
f 6030 5986 5987
f 6031 5988 5986
f 5986 5988 5985
f 6032 6022 6031
f 6031 6022 5988
f 6032 6031 6033
f 6033 6031 6030
f 6034 6032 6035
f 6035 6032 6033
f 6028 6029 6030
f 6030 6029 6033
f 6029 6036 6033
f 6033 6036 6035
f 6032 6034 6022
f 6022 6034 6023
f 6038 6023 6037
f 6037 6023 6034
f 6037 6040 6039
f 6039 6040 6041
f 6037 6034 6040
f 6040 6034 6035
f 6037 6039 6038
f 6038 6039 6018
f 6038 6018 6024
f 6024 6018 6017
f 6024 6021 6038
f 6038 6021 6023
f 6012 6013 6029
f 6029 6013 6036
f 6041 6036 6016
f 6016 6036 6013
f 6041 6040 6036
f 6036 6040 6035
f 6041 6016 6039
f 6039 6016 6011
f 6011 6008 6039
f 6039 6008 6018
f 5993 6000 6002
f 6002 6000 6019
f 6019 6000 6025
f 6025 6000 5999
f 5943 5756 5944
f 5944 5756 5755
f 6042 5948 5973
f 5973 5948 5947
f 5952 5951 5959
f 5959 5951 5960
f 5951 5953 5960
f 5960 5953 5958
f 5616 5957 5617
f 5617 5957 5956
f 6042 5952 5948
f 5948 5952 5959
f 5944 5755 5972
f 5972 5755 5754
f 5957 5616 5973
f 5973 5616 5652
f 5956 5955 5972
f 5972 5955 5961
f 5943 5953 5756
f 5756 5953 5709
f 6044 6045 6043
f 6043 6045 6046
f 6048 6049 6047
f 6047 6049 6050
f 6047 6050 6051
f 6051 6050 6052
f 6054 6055 6053
f 6053 6055 6056
f 6057 6058 6060
f 6060 6058 6059
f 6061 6062 6048
f 6048 6062 6049
f 6063 6064 6066
f 6066 6064 6065
f 6067 6068 6070
f 6070 6068 6069
f 6071 6069 5653
f 5653 6069 6068
f 6072 6073 6075
f 6075 6073 6074
f 6062 6076 6049
f 6049 6076 6054
f 6058 6067 6059
f 6059 6067 6070
f 6064 6077 6065
f 6065 6077 6045
f 6078 6076 6046
f 6046 6076 6062
f 6073 6080 6079
f 6079 6080 6052
f 6082 6083 6081
f 6081 6083 6084
f 6072 6085 6073
f 6073 6085 6080
f 6086 6051 6080
f 6080 6051 6052
f 6079 6052 6053
f 6053 6052 6050
f 6043 6087 6044
f 6044 6087 6088
f 6061 6089 6043
f 6043 6089 6087
f 6053 6056 6079
f 6079 6056 6090
f 6063 6072 6060
f 6060 6072 6075
f 6043 6046 6061
f 6061 6046 6062
f 6047 6091 6048
f 6048 6091 6092
f 6077 6078 6045
f 6045 6078 6046
f 6049 6054 6050
f 6050 6054 6053
f 6044 6088 6093
f 6093 6088 6094
f 6086 6082 6095
f 6095 6082 6081
f 6083 6082 6066
f 6066 6082 6085
f 6093 6094 6083
f 6083 6094 6084
f 6072 6063 6085
f 6085 6063 6066
f 6051 6086 6096
f 6096 6086 6095
f 6048 6092 6061
f 6061 6092 6089
f 5656 5655 6090
f 6090 5655 6074
f 6091 6047 6096
f 6096 6047 6051
f 6071 6055 6076
f 6076 6055 6054
f 6082 6086 6085
f 6085 6086 6080
f 6093 6083 6065
f 6065 6083 6066
f 6044 6093 6045
f 6045 6093 6065
f 6096 6095 6098
f 6098 6095 6097
f 6096 6098 6091
f 6091 6098 6099
f 6091 6099 6092
f 6092 6099 6100
f 6092 6100 6089
f 6089 6100 6101
f 6095 6081 6097
f 6097 6081 6102
f 6081 6084 6102
f 6102 6084 6103
f 6103 6084 6104
f 6104 6084 6094
f 6106 6097 6105
f 6105 6097 6102
f 6107 6108 6110
f 6110 6108 6109
f 6111 6112 6108
f 6108 6112 6109
f 6109 6112 6114
f 6114 6112 6113
f 6114 6115 6117
f 6117 6115 6116
f 6113 6118 6114
f 6114 6118 6115
f 6117 6110 6114
f 6114 6110 6109
f 6110 6119 6107
f 6107 6119 6120
f 6112 6111 6113
f 6113 6111 6121
f 6111 6099 6121
f 6121 6099 6098
f 6111 6122 6099
f 6099 6122 6100
f 6123 6122 6108
f 6108 6122 6111
f 6124 6123 6107
f 6107 6123 6108
f 6113 6121 6118
f 6118 6121 6106
f 6106 6121 6097
f 6097 6121 6098
f 6125 6124 6120
f 6120 6124 6107
f 6126 6123 6127
f 6127 6123 6124
f 6125 6128 6124
f 6124 6128 6127
f 6129 6126 6130
f 6130 6126 6127
f 6126 6129 6132
f 6132 6129 6131
f 6128 6133 6127
f 6127 6133 6130
f 6123 6126 6122
f 6122 6126 6132
f 6122 6132 6100
f 6100 6132 6101
f 6120 6134 6125
f 6125 6134 6135
f 6120 6119 6134
f 6134 6119 6136
f 6115 6118 6137
f 6137 6118 6106
f 6115 6137 6116
f 6116 6137 6138
f 6137 6106 6139
f 6139 6106 6105
f 6138 6137 6140
f 6140 6137 6139
f 6141 6142 6138
f 6138 6142 6116
f 6136 6142 6134
f 6134 6142 6141
f 6089 6101 6087
f 6087 6101 6143
f 6088 6144 6094
f 6094 6144 6104
f 6143 6144 6087
f 6087 6144 6088
f 6131 6145 6143
f 6143 6145 6144
f 6129 6146 6131
f 6131 6146 6145
f 6144 6145 6104
f 6104 6145 6147
f 6143 6101 6131
f 6131 6101 6132
f 6148 6103 6147
f 6147 6103 6104
f 6103 6148 6102
f 6102 6148 6105
f 6148 6149 6105
f 6105 6149 6139
f 6149 6148 6150
f 6150 6148 6147
f 6151 6149 6152
f 6152 6149 6150
f 6145 6146 6147
f 6147 6146 6150
f 6146 6153 6150
f 6150 6153 6152
f 6149 6151 6139
f 6139 6151 6140
f 6155 6140 6154
f 6154 6140 6151
f 6154 6157 6156
f 6156 6157 6158
f 6154 6151 6157
f 6157 6151 6152
f 6154 6156 6155
f 6155 6156 6135
f 6155 6135 6141
f 6141 6135 6134
f 6141 6138 6155
f 6155 6138 6140
f 6146 6129 6153
f 6153 6129 6130
f 6158 6153 6133
f 6133 6153 6130
f 6158 6157 6153
f 6153 6157 6152
f 6156 6158 6128
f 6128 6158 6133
f 6128 6125 6156
f 6156 6125 6135
f 6110 6117 6119
f 6119 6117 6136
f 6136 6117 6142
f 6142 6117 6116
f 6055 5615 6056
f 6056 5615 5752
f 6060 6059 6063
f 6063 6059 6064
f 6077 6070 6078
f 6078 6070 6069
f 6069 6071 6078
f 6078 6071 6076
f 6159 6057 6075
f 6075 6057 6060
f 6059 6070 6064
f 6064 6070 6077
f 6056 5752 6090
f 6090 5752 5656
f 6090 6074 6079
f 6079 6074 6073
f 6055 6071 5615
f 5615 6071 5653
f 5547 5471 6160
f 6160 5471 6161
f 5729 5577 6163
f 6163 5577 6162
f 5577 5576 6162
f 6162 5576 6164
f 5713 6165 5711
f 5711 6165 6166
f 5474 5729 6167
f 6167 5729 6163
f 5750 5547 6168
f 6168 5547 6160
f 5471 5474 6161
f 6161 5474 6167
f 6169 5712 6168
f 6168 5712 5750
f 5711 6166 5576
f 5576 6166 6164
f 6165 5713 6169
f 6169 5713 5712
f 6168 6170 6169
f 6169 6170 6171
f 6169 6171 6165
f 6165 6171 6172
f 6165 6172 6166
f 6166 6172 6173
f 6166 6173 6164
f 6164 6173 6174
f 6168 6160 6170
f 6170 6160 6175
f 6160 6161 6175
f 6175 6161 6176
f 6161 6167 6176
f 6176 6167 6177
f 6179 6170 6178
f 6178 6170 6175
f 6181 6182 6180
f 6180 6182 6183
f 6184 6185 6181
f 6181 6185 6182
f 6186 6187 6185
f 6185 6187 6182
f 6186 6188 6187
f 6187 6188 6189
f 6190 6183 6187
f 6187 6183 6182
f 6183 6190 6191
f 6191 6190 6192
f 6191 6193 6183
f 6183 6193 6180
f 6186 6185 6194
f 6194 6185 6184
f 6184 6172 6194
f 6194 6172 6171
f 6184 6195 6172
f 6172 6195 6173
f 6181 6196 6184
f 6184 6196 6195
f 6196 6181 6197
f 6197 6181 6180
f 6186 6194 6188
f 6188 6194 6179
f 6179 6194 6170
f 6170 6194 6171
f 6193 6198 6180
f 6180 6198 6197
f 6199 6196 6200
f 6200 6196 6197
f 6198 6201 6197
f 6197 6201 6200
f 6202 6199 6203
f 6203 6199 6200
f 6199 6202 6205
f 6205 6202 6204
f 6201 6206 6200
f 6200 6206 6203
f 6196 6199 6195
f 6195 6199 6205
f 6195 6205 6173
f 6173 6205 6174
f 6198 6193 6208
f 6208 6193 6207
f 6193 6191 6207
f 6207 6191 6192
f 6189 6188 6209
f 6209 6188 6179
f 6210 6189 6211
f 6211 6189 6209
f 6209 6179 6212
f 6212 6179 6178
f 6211 6209 6213
f 6213 6209 6212
f 6211 6214 6210
f 6210 6214 6215
f 6192 6215 6207
f 6207 6215 6214
f 6190 6187 6210
f 6210 6187 6189
f 6192 6190 6215
f 6215 6190 6210
f 6162 6164 6216
f 6216 6164 6174
f 6167 6163 6177
f 6177 6163 6217
f 6216 6217 6162
f 6162 6217 6163
f 6204 6218 6216
f 6216 6218 6217
f 6202 6219 6204
f 6204 6219 6218
f 6217 6218 6177
f 6177 6218 6220
f 6216 6174 6204
f 6204 6174 6205
f 6221 6176 6220
f 6220 6176 6177
f 6176 6221 6175
f 6175 6221 6178
f 6221 6222 6178
f 6178 6222 6212
f 6222 6221 6223
f 6223 6221 6220
f 6224 6222 6225
f 6225 6222 6223
f 6218 6219 6220
f 6220 6219 6223
f 6219 6226 6223
f 6223 6226 6225
f 6222 6224 6212
f 6212 6224 6213
f 6228 6213 6227
f 6227 6213 6224
f 6229 6227 6231
f 6231 6227 6230
f 6227 6224 6230
f 6230 6224 6225
f 6227 6229 6228
f 6228 6229 6208
f 6228 6208 6214
f 6214 6208 6207
f 6214 6211 6228
f 6228 6211 6213
f 6219 6202 6226
f 6226 6202 6203
f 6231 6226 6206
f 6206 6226 6203
f 6231 6230 6226
f 6226 6230 6225
f 6229 6231 6201
f 6201 6231 6206
f 6201 6198 6229
f 6229 6198 6208
f 5674 5672 5661
f 5661 5672 5662
f 5662 5672 5663
f 5663 5672 5646
f 5651 6042 5652
f 5652 6042 5973
f 5518 5517 5751
f 5751 5517 5733
f 5738 5660 5753
f 5753 5660 5637
f 5752 5636 5656
f 5656 5636 5526
f 5952 6042 5593
f 5593 6042 5651
f 5593 5651 5594
f 5594 5651 5650
f 5600 5737 5514
f 5514 5737 5515
f 5546 5545 5740
f 5740 5545 6232
f 6232 6058 5740
f 5740 6058 6057
f 6067 6058 6233
f 6233 6058 6232
f 6233 6232 6234
f 6234 6232 5545
f 6234 5545 6235
f 6235 5545 5544
f 5606 6236 5543
f 5543 6236 5544
f 6235 5544 5539
f 5539 5544 6236
f 6237 6235 5542
f 5542 6235 5539
f 6235 6237 6234
f 6234 6237 6238
f 6234 6238 6233
f 6233 6238 6239
f 5653 6068 5650
f 5650 6068 6239
f 5642 5513 6240
f 6240 5513 5516
f 5539 6236 5540
f 5540 6236 5606
f 5636 5614 5637
f 5637 5614 5753
f 6239 5737 5650
f 5650 5737 5594
f 6239 6068 6233
f 6233 6068 6067
f 6075 6074 6159
f 6159 6074 5655
f 6057 6159 5740
f 5740 6159 5655
f 5515 5737 6238
f 6238 5737 6239
f 6238 6237 5515
f 5515 6237 5516
f 5542 6240 6237
f 6237 6240 5516
f 6240 5542 5642
f 5642 5542 5541
f 5702 5699 5541
f 5541 5699 5642
f 5582 5475 5717
f 5470 5443 5537
f 5537 5443 5504
f 5469 5444 5470
f 5470 5444 5443
f 5726 5557 5727
f 5727 5557 5556
f 5537 5504 5511
f 5511 5504 5506
f 5504 5503 5506
f 5506 5503 5507
f 5503 5455 5507
f 5507 5455 5581
f 5455 5454 5581
f 5581 5454 5456
f 5473 5453 5474
f 5474 5453 5729
f 5457 5454 5473
f 5473 5454 5453
f 5473 5472 5457
f 5457 5472 5686
f 5472 5548 5686
f 5686 5548 5687
f 5749 5693 5548
f 5548 5693 5687
f 5715 5532 5749
f 5749 5532 5693
f 5714 5486 5715
f 5715 5486 5532
f 5714 5710 5486
f 5486 5710 5449
f 5728 5578 5729
f 5729 5578 5577
f 5452 5445 5698
f 5698 5445 5558
f 5445 5444 5558
f 5558 5444 5556
f 5444 5469 5556
f 5556 5469 5727
f 5469 5468 5727
f 5727 5468 5555
f 5468 5747 5555
f 5555 5747 5552
f 5747 5700 5552
f 5552 5700 5716
f 5700 5699 5716
f 5716 5699 5717
f 5699 5702 5717
f 5717 5702 5582
f 5702 5701 5582
f 5582 5701 5583
f 5726 5479 5557
f 5557 5479 5483
f 5483 5479 5484
f 5484 5479 5482
f 5534 5533 5482
f 5482 5533 5484
f 5691 5688 5534
f 5534 5688 5533
f 5644 5647 5691
f 5691 5647 5688
f 5719 5746 5701
f 5701 5746 5583
f 5718 5497 5719
f 5719 5497 5746
f 5718 5605 5654
f 5654 5605 5638
f 5498 5654 5657
f 5657 5654 5633
f 5497 5718 5498
f 5498 5718 5654
f 5657 5527 5498
f 5498 5527 5494
f 5528 5570 5495
f 5495 5570 5521
f 5665 5668 5528
f 5528 5668 5570
f 5664 5671 5665
f 5665 5671 5668
f 5645 5741 5664
f 5664 5741 5671
f 5644 5696 5645
f 5645 5696 5741
f 5710 5575 5449
f 5449 5575 5450
f 5575 5578 5450
f 5450 5578 5698
f 5578 5728 5698
f 5698 5728 5452
f 5452 5728 5451
f 5451 5728 5453
f 3619 6241 3620
f 3620 6241 6242
f 6243 6244 3628
f 3628 6244 3629
f 6245 6246 3634
f 3634 6246 3631
f 6247 6248 3636
f 3636 6248 3637
f 6249 6250 3642
f 3642 6250 3639
f 3639 6250 3643
f 3643 6250 6251
f 3743 6252 3744
f 3744 6252 6253
f 6246 6243 3631
f 3631 6243 3628
f 3753 6254 3754
f 3754 6254 6255
f 3857 6256 3619
f 3619 6256 6241
f 6257 6245 3932
f 3932 6245 3634
f 6242 6247 3620
f 3620 6247 3636
f 6258 6259 3946
f 3946 6259 3947
f 6260 6249 3948
f 3948 6249 3642
f 6244 6258 3629
f 3629 6258 3946
f 3947 6259 3753
f 3753 6259 6254
f 6248 6260 3637
f 3637 6260 3948
f 3643 6251 3743
f 3743 6251 6252
f 3744 6253 3932
f 3932 6253 6257
f 6250 6249 6251
f 6251 6249 6252
f 6245 6261 6246
f 6246 6261 6262
f 6263 6264 6247
f 6247 6264 6248
f 6252 6265 6253
f 6253 6265 6266
f 6246 6262 6243
f 6243 6262 6267
f 6268 6261 6257
f 6257 6261 6245
f 6269 6263 6242
f 6242 6263 6247
f 6270 6271 6260
f 6260 6271 6249
f 6264 6270 6248
f 6248 6270 6260
f 6253 6266 6257
f 6257 6266 6268
f 6249 6271 6252
f 6252 6271 6265
f 6254 6259 6272
f 6272 6259 6273
f 6266 6265 6270
f 6270 6265 6271
f 6268 6266 6264
f 6264 6266 6270
f 6261 6268 6263
f 6263 6268 6264
f 6269 6262 6263
f 6263 6262 6261
f 4186 4185 6274
f 6274 4185 6275
f 6241 6276 6242
f 6242 6276 6269
f 6258 6244 6277
f 6277 6244 6278
f 6256 6279 6241
f 6241 6279 6276
f 6259 6258 6273
f 6273 6258 6277
f 6243 6267 6244
f 6244 6267 6278
f 6276 6267 6269
f 6269 6267 6262
f 6254 6272 6255
f 6255 6272 6280
f 3865 3713 3888
f 3888 3713 3685
f 5242 5233 3892
f 3892 5233 3711
f 3900 5243 3892
f 3892 5243 5242
f 3734 3866 3900
f 3900 3866 5243
f 4117 6281 4118
f 4118 6281 6282
f 4118 6282 4278
f 4278 6282 4879
f 4717 4887 4718
f 4718 4887 4280
f 4792 4278 4882
f 4882 4278 4879
f 4795 4792 6283
f 6283 4792 4882
f 4852 4851 5012
f 5012 4851 6284
f 4856 5207 4857
f 4857 5207 4858
f 4860 4279 4857
f 4857 4279 4854
f 4718 4280 4860
f 4860 4280 4279
f 4864 4863 4745
f 4745 4863 4742
f 5366 4867 5011
f 5011 4867 4866
f 4871 4884 4872
f 4872 4884 4883
f 4872 4883 4117
f 4117 4883 6281
f 6284 4851 6283
f 6283 4851 4795
f 4852 4866 4853
f 4853 4866 4865
f 4871 4870 4856
f 4856 4870 5207
f 4717 4716 4864
f 4864 4716 4861
f 4868 4867 4862
f 4862 4867 4863
f 4268 4855 4269
f 4269 4855 4854
f 4281 4274 4282
f 4282 4274 4765
f 4744 4743 4907
f 4907 4743 4904
f 4874 4881 4820
f 4820 4881 4880
f 4885 5013 4886
f 4886 5013 4980
f 4888 4275 4281
f 4281 4275 4274
f 4902 6282 4903
f 4903 6282 6281
f 6283 4979 6284
f 6284 4979 4978
f 4282 4765 4269
f 4269 4765 4266
f 4880 4879 4902
f 4902 4879 6282
f 4903 6281 4886
f 4886 6281 4883
f 4882 4881 6283
f 6283 4881 4979
f 5013 4885 4267
f 4267 4885 4268
f 4888 4887 4744
f 4744 4887 4745
f 4410 6285 4411
f 4411 6285 4812
f 4750 4749 6286
f 6286 4749 6287
f 6289 4695 6288
f 6288 4695 4255
f 4750 4675 4751
f 4751 4675 4965
f 6290 6291 4963
f 4963 6291 4960
f 4807 4806 4411
f 4411 4806 4408
f 6292 6293 4959
f 4959 6293 4956
f 4958 6294 4959
f 4959 6294 4955
f 4962 4964 4963
f 4963 4964 4805
f 4962 4961 4751
f 4751 4961 4748
f 6296 6297 6295
f 6295 6297 6298
f 6299 6300 6288
f 6288 6300 4735
f 6302 4961 6301
f 6301 4961 4960
f 6304 6287 6303
f 6303 6287 4749
f 4968 6305 4969
f 4969 6305 6306
f 4413 6308 6307
f 6307 6308 4900
f 6301 4960 6309
f 6309 4960 6291
f 4412 4408 6310
f 6310 4408 4806
f 4696 6311 4256
f 4256 6311 6312
f 6303 4749 6313
f 6313 4749 4748
f 6313 4748 6302
f 6302 4748 4961
f 6315 6316 6314
f 6314 6316 6317
f 4084 6318 6315
f 6315 6318 6316
f 4083 6319 4084
f 4084 6319 6318
f 4112 6320 4083
f 4083 6320 6319
f 6322 4138 6321
f 6321 4138 4137
f 6324 4128 6323
f 6323 4128 4127
f 4127 4193 6323
f 6323 4193 6325
f 4193 4891 6325
f 6325 4891 6326
f 4891 6327 6326
f 6326 6327 6328
f 6327 4824 5227
f 5227 4824 5228
f 5231 4684 6329
f 6329 4684 4683
f 4683 4099 6329
f 6329 4099 6330
f 4099 4102 6330
f 6330 4102 6331
f 4174 4826 4429
f 4429 4826 4829
f 4173 4741 4174
f 4174 4741 4826
f 4180 4738 4173
f 4173 4738 4741
f 6332 6333 4180
f 4180 6333 4738
f 6274 6334 4186
f 4186 6334 4188
f 4181 4825 4180
f 4180 4825 6332
f 5044 5213 5045
f 5045 5213 5165
f 5046 5087 5047
f 5047 5087 5222
f 5077 5063 5078
f 5078 5063 5198
f 5081 5099 5082
f 5082 5099 5194
f 5095 5074 5096
f 5096 5074 5073
f 5373 5170 5096
f 5096 5170 5093
f 5375 5171 5373
f 5373 5171 5170
f 5047 5222 5375
f 5375 5222 5171
f 5046 5038 5376
f 5376 5038 5067
f 5377 5086 5376
f 5376 5086 5085
f 5045 5165 5377
f 5377 5165 5086
f 5378 5214 5044
f 5044 5214 5213
f 5077 5034 5378
f 5378 5034 5214
f 5082 5194 5078
f 5078 5194 5035
f 5081 5080 5379
f 5379 5080 6335
f 5379 6335 5095
f 5095 6335 5074
f 5032 5080 5033
f 5033 5080 5079
f 5040 5017 5041
f 5041 5017 5016
f 5050 5043 5051
f 5051 5043 5042
f 5065 5023 5066
f 5066 5023 5022
f 5050 5049 5065
f 5065 5049 5023
f 5041 5016 5068
f 5068 5016 5020
f 5071 5374 5072
f 5072 5374 5200
f 5075 5156 5076
f 5076 5156 5155
f 5162 5212 5068
f 5068 5212 5067
f 5075 5074 5192
f 5192 5074 6335
f 5066 5022 5199
f 5199 5022 5196
f 5076 5155 5072
f 5072 5155 5069
f 5040 5039 5071
f 5071 5039 5374
f 5162 5161 5051
f 5051 5161 5048
f 5192 6335 5032
f 5032 6335 5080
f 5199 5196 5033
f 5033 5196 5030
f 5018 5211 5019
f 5019 5211 5408
f 5019 5408 5021
f 5021 5408 5163
f 5024 5057 5025
f 5025 5057 5415
f 5028 5048 5029
f 5029 5048 5161
f 5054 5031 5055
f 5055 5031 5030
f 5024 5023 5058
f 5058 5023 5049
f 5061 5070 5062
f 5062 5070 5069
f 5157 5438 5158
f 5158 5438 5442
f 5160 5191 5054
f 5054 5191 5031
f 5029 5161 5021
f 5021 5161 5020
f 5025 5415 5197
f 5197 5415 5220
f 5158 5442 5062
f 5062 5442 5059
f 5018 5017 5061
f 5061 5017 5070
f 5160 5159 5157
f 5157 5159 5438
f 5028 5027 5058
f 5058 5027 5056
f 5055 5030 5197
f 5197 5030 5196
f 5409 5380 5410
f 5410 5380 6336
f 5026 5413 5027
f 5027 5413 5412
f 5396 5417 5393
f 5393 5417 5416
f 5416 5057 5419
f 5419 5057 5056
f 5417 5396 5426
f 5426 5396 5420
f 5427 5423 5428
f 5428 5423 5422
f 5427 5059 5430
f 5430 5059 5442
f 5409 5408 5433
f 5433 5408 5211
f 5433 5211 5428
f 5428 5211 5060
f 5412 5411 5419
f 5419 5411 5418
f 5436 5053 5437
f 5437 5053 5052
f 5439 5402 5440
f 5440 5402 5401
f 5436 5435 5439
f 5439 5435 5402
f 5410 6336 5413
f 5413 6336 5414
f 5440 5401 5430
f 5430 5401 5429
f 5426 5420 5437
f 5437 5420 5434
f 5382 5432 5383
f 5383 5432 5384
f 5386 6336 5383
f 5383 6336 5380
f 6336 5386 5414
f 5414 5386 5388
f 5391 5418 5392
f 5392 5418 5411
f 5705 5395 5704
f 5704 5395 5394
f 5399 5435 5400
f 5400 5435 5434
f 5403 5441 5404
f 5404 5441 5405
f 5407 5429 5404
f 5404 5429 5401
f 5395 5705 5421
f 5421 5705 5748
f 5424 5706 5425
f 5425 5706 5431
f 5391 5390 5394
f 5394 5390 5704
f 5392 5388 5389
f 5389 5388 5387
f 5382 5381 5425
f 5425 5381 5422
f 5407 5406 5424
f 5424 5406 5706
f 5403 5402 5399
f 5399 5402 5435
f 5421 5748 5400
f 5400 5748 5397
f 4097 4721 4098
f 4098 4721 4231
f 4233 5273 4098
f 4098 5273 4095
f 6337 6338 4785
f 4785 6338 4786
f 4076 4780 4073
f 4073 4780 4781
f 4782 4190 4781
f 4781 4190 4073
f 4783 4901 4782
f 4782 4901 4190
f 4780 4076 4097
f 4097 4076 4721
f 6337 2879 4701
f 4701 2879 2878
f 5280 6339 5272
f 5272 6339 6340
f 5282 5281 6341
f 6341 5281 6342
f 4109 6302 4110
f 4110 6302 6301
f 4283 6304 4284
f 4284 6304 6303
f 6305 4379 6306
f 6306 4379 4378
f 4110 6301 4428
f 4428 6301 6309
f 6310 4688 4412
f 4412 4688 4687
f 4284 6303 4753
f 4753 6303 6313
f 4753 6313 4109
f 4109 6313 6302
f 6343 5226 4428
f 4428 5226 4427
f 4147 4900 4416
f 4416 4900 6308
f 6312 6311 4241
f 4241 6311 4720
f 5223 6344 4702
f 4702 6344 4699
f 4221 4220 6345
f 6345 4220 6346
f 5276 5275 6347
f 6347 5275 6348
f 5275 4728 6348
f 6348 4728 6349
f 4727 6350 5284
f 5284 6350 5285
f 6351 6352 6354
f 6354 6352 6353
f 5313 5312 5292
f 5292 5312 5293
f 5312 5344 5293
f 5293 5344 5337
f 5344 4914 5337
f 5337 4914 4916
f 4914 4913 4916
f 4916 4913 4917
f 4913 6355 4917
f 4917 6355 4978
f 6356 6357 6284
f 6284 6357 5012
f 6357 6358 5012
f 5012 6358 5011
f 5011 6358 5366
f 5366 6358 6359
f 6360 4742 6359
f 6359 4742 5366
f 4743 6361 4904
f 4904 6361 5364
f 5363 4905 5364
f 5364 4905 4904
f 5363 6362 4905
f 4905 6362 4207
f 6362 6363 4207
f 4207 6363 4208
f 6363 5342 4208
f 4208 5342 5330
f 5342 5341 5330
f 5330 5341 4244
f 5341 6364 4244
f 4244 6364 4245
f 6364 6365 4245
f 4245 6365 4246
f 6366 6367 4253
f 4253 6367 4250
f 4214 6368 4211
f 4211 6368 4380
f 4380 4379 4211
f 4211 4379 4283
f 4379 6305 4283
f 4283 6305 6304
f 6305 4968 6304
f 6304 4968 6287
f 4968 4967 6287
f 6287 4967 6286
f 4967 6297 6286
f 6286 6297 4676
f 6296 4376 4288
f 4288 4376 4285
f 4376 4373 4285
f 4285 4373 4290
f 6369 6370 6372
f 6372 6370 6371
f 5245 6373 5246
f 5246 6373 6374
f 4317 6375 4318
f 4318 6375 6376
f 4331 6377 4332
f 4332 6377 6378
f 6379 4333 6376
f 6376 4333 4318
f 4343 6380 4344
f 4344 6380 6381
f 4347 6382 4348
f 4348 6382 6383
f 4374 6371 4331
f 4331 6371 6377
f 4333 6379 4426
f 4426 6379 6384
f 4690 6385 4347
f 4347 6385 6382
f 4332 6378 4317
f 4317 6378 6375
f 4922 6386 4923
f 4923 6386 6387
f 6388 6389 4375
f 4375 6389 6390
f 6355 6356 4978
f 4978 6356 6284
f 4742 6360 4743
f 4743 6360 6361
f 6391 4238 6392
f 6392 4238 4719
f 6392 4719 6393
f 6393 4719 5296
f 6395 6396 6394
f 6394 6396 6397
f 6399 6400 6398
f 6398 6400 6401
f 6402 5302 6403
f 6403 5302 5303
f 5303 5321 6403
f 6403 5321 6404
f 5320 6405 5321
f 5321 6405 6404
f 5319 6406 5350
f 5350 6406 5351
f 5319 5318 6406
f 6406 5318 6407
f 5288 4197 6408
f 6408 4197 6409
f 4217 4216 6410
f 6410 4216 6411
f 5227 6412 6327
f 6327 6412 6328
f 4892 6413 5227
f 5227 6413 6412
f 4228 6414 4892
f 4892 6414 6413
f 4227 6415 4228
f 4228 6415 6414
f 4248 6416 4227
f 4227 6416 6415
f 4247 6417 4248
f 4248 6417 6416
f 6417 4247 6419
f 6419 4247 6418
f 6419 6418 6421
f 6421 6418 6420
f 6422 5301 6423
f 6423 5301 5300
f 6423 5300 6424
f 6424 5300 6399
f 6408 6409 6398
f 6398 6409 6425
f 6426 6427 6397
f 6397 6427 6394
f 6428 4224 6429
f 6429 4224 4223
f 6347 6346 5276
f 5276 6346 4220
f 6346 6347 6341
f 6341 6347 6339
f 5280 5278 5282
f 5282 5278 4236
f 4896 5224 4684
f 4684 5224 4681
f 4132 4135 4896
f 4896 4135 5224
f 4131 4136 4132
f 4132 4136 4135
f 4226 4754 4131
f 4131 4754 4136
f 4251 4213 4226
f 4226 4213 4754
f 4250 4214 4251
f 4251 4214 4213
f 4250 6367 4214
f 4214 6367 6368
f 6367 4910 6368
f 6368 4910 4737
f 4909 5297 4736
f 4736 5297 5296
f 5297 6395 5296
f 5296 6395 6393
f 6427 6430 6394
f 6394 6430 6431
f 6429 4383 6428
f 6428 4383 4382
f 4219 5277 4220
f 4220 5277 5276
f 4222 4697 4383
f 4383 4697 4218
f 6345 4699 4221
f 4221 4699 6344
f 6342 4700 6345
f 6345 4700 4699
f 4235 4786 5281
f 5281 4786 6338
f 4234 4787 4235
f 4235 4787 4786
f 5279 5278 6432
f 6432 5278 5271
f 4237 5279 6433
f 6433 5279 6432
f 4787 4234 6433
f 6433 4234 4237
f 6435 6436 6434
f 6434 6436 6437
f 6359 6438 6360
f 6360 6438 6437
f 6439 6440 6441
f 6441 6440 6438
f 6443 6439 6442
f 6442 6439 6441
f 6357 6356 6442
f 6442 6356 6444
f 6444 6446 6445
f 6445 6446 6447
f 4912 6446 4913
f 4913 6446 6355
f 6361 6436 5364
f 5364 6436 5365
f 5319 5350 5316
f 5316 5350 6448
f 4832 6449 5350
f 5350 6449 6448
f 4831 6450 4832
f 4832 6450 6449
f 5354 6451 5320
f 5320 6451 6405
f 4265 6452 5354
f 5354 6452 6451
f 4264 6453 4265
f 4265 6453 6452
f 6450 4831 6447
f 6447 4831 6445
f 4263 6435 4264
f 4264 6435 6434
f 6454 6453 6439
f 6439 6453 6440
f 6439 6443 6454
f 6454 6443 4834
f 4833 6455 4834
f 4834 6455 6454
f 5351 6456 4833
f 4833 6456 6455
f 6457 6391 6458
f 6458 6391 6392
f 6458 6392 6431
f 6431 6392 6393
f 5298 6396 5297
f 5297 6396 6395
f 6402 6400 5302
f 5302 6400 5299
f 6402 6403 6459
f 6459 6403 6460
f 6460 6403 6461
f 6461 6403 6404
f 6405 6462 6404
f 6404 6462 6461
f 6406 6462 5351
f 5351 6462 6456
f 6406 6407 6462
f 6462 6407 6461
f 6407 6463 6461
f 6461 6463 6460
f 6463 6464 6460
f 6460 6464 6459
f 6464 6465 6459
f 6459 6465 6401
f 6430 6466 6431
f 6431 6466 6458
f 6466 6410 6458
f 6458 6410 6457
f 6410 6411 6457
f 6457 6411 6467
f 6396 6424 6397
f 6397 6424 6425
f 6393 6395 6431
f 6431 6395 6394
f 6451 6456 6405
f 6405 6456 6462
f 6452 6455 6451
f 6451 6455 6456
f 6453 6454 6452
f 6452 6454 6455
f 6443 6445 4834
f 4834 6445 4831
f 6440 6453 6434
f 6434 6453 4264
f 6468 5306 5360
f 5360 5306 5305
f 6469 4124 6468
f 6468 4124 5306
f 6470 4125 6469
f 6469 4125 4124
f 6471 5291 6470
f 6470 5291 4125
f 6353 5292 6471
f 6471 5292 5291
f 5292 6353 5313
f 5313 6353 6352
f 5347 5314 6352
f 6352 5314 5313
f 5353 5318 5346
f 5346 5318 5317
f 5334 6468 5358
f 5358 6468 5360
f 5324 6469 5334
f 5334 6469 6468
f 5323 6470 5324
f 5324 6470 6469
f 5343 6471 5323
f 5323 6471 6470
f 6354 6353 5343
f 5343 6353 6471
f 6348 6349 4270
f 4270 6349 5311
f 5272 6340 5273
f 5273 6340 4272
f 6432 5271 4232
f 4232 5271 4233
f 4294 6432 4295
f 4295 6432 4232
f 6432 4294 6433
f 6433 4294 4301
f 4301 4300 6433
f 6433 4300 4787
f 4704 4784 4300
f 4300 4784 4787
f 4704 3013 4784
f 4784 3013 1307
f 5103 6472 5104
f 5104 6472 5202
f 5108 5116 5105
f 5105 5116 5115
f 5111 5124 5112
f 5112 5124 5123
f 5154 5205 5105
f 5105 5205 5106
f 5167 5180 5168
f 5168 5180 5185
f 5175 5188 5176
f 5176 5188 5187
f 5112 5123 5178
f 5178 5123 5120
f 5167 5090 5183
f 5183 5090 5089
f 5210 5151 5183
f 5183 5151 5181
f 5216 5138 5217
f 5217 5138 5137
f 5218 5119 5219
f 5219 5119 5221
f 5218 5178 5119
f 5119 5178 5120
f 5217 5137 5104
f 5104 5137 5101
f 5116 5108 5221
f 5221 5108 5219
f 5111 5110 5210
f 5210 5110 5151
f 5154 5153 5103
f 5103 5153 6472
f 5216 5215 5176
f 5176 5215 5173
f 5175 5174 5168
f 5168 5174 5166
f 5091 5172 5092
f 5092 5172 5208
f 5117 5037 5118
f 5118 5037 5036
f 5121 5164 5122
f 5122 5164 5133
f 5125 5084 5126
f 5126 5084 5083
f 5129 5174 5130
f 5130 5174 5173
f 5131 5202 5132
f 5132 5202 6472
f 5135 5221 5122
f 5122 5221 5119
f 5125 5124 5136
f 5136 5124 5209
f 5126 5083 5121
f 5121 5083 5164
f 5118 5036 5195
f 5195 5036 5193
f 5131 5097 5203
f 5203 5097 5114
f 5132 6472 5195
f 5195 6472 5153
f 5136 5209 5092
f 5092 5209 5089
f 5135 5134 5117
f 5117 5134 5037
f 5362 5206 5130
f 5130 5206 5127
f 5372 5371 5128
f 5128 5371 5129
f 5371 5372 5091
f 5091 5372 5172
f 5362 5215 5203
f 5203 5215 5201
f 6463 6407 5353
f 5353 6407 5318
f 6464 6463 5352
f 5352 6463 5353
f 6408 6465 5288
f 5288 6465 5289
f 4196 4224 6426
f 6426 4224 6427
f 6430 6427 6428
f 6428 6427 4224
f 6466 6430 4382
f 4382 6430 6428
f 6410 6466 4217
f 4217 6466 4382
f 4240 4239 3015
f 3015 4239 3016
f 4254 4257 3017
f 3017 4257 3018
f 6473 6474 4732
f 4732 6474 6475
f 6474 6374 6475
f 6475 6374 6373
f 5246 6374 3022
f 3022 6374 3023
f 4254 6299 4255
f 4255 6299 6288
f 6473 6300 3024
f 3024 6300 3025
f 6476 4257 6312
f 6312 4257 4256
f 4240 6476 4241
f 4241 6476 6312
f 6477 4239 6391
f 6391 4239 4238
f 6467 6477 6457
f 6457 6477 6391
f 6411 3029 6467
f 6467 3029 3028
f 4216 3030 6411
f 6411 3030 3029
f 6479 6480 6478
f 6478 6480 6481
f 6483 6484 6482
f 6482 6484 6485
f 6486 6487 4102
f 4102 6487 6331
f 6483 6488 6478
f 6478 6488 6489
f 4429 4829 6490
f 6490 4829 6479
f 6491 6486 4101
f 4101 6486 4102
f 4895 6491 4899
f 4899 6491 4101
f 4160 6488 4157
f 4157 6488 6492
f 6489 4087 6490
f 6490 4087 4090
f 4267 4261 5013
f 5013 4261 4260
f 4258 4261 5328
f 5328 4261 4975
f 4261 4267 4975
f 4975 4267 4266
f 5367 3793 3912
f 3912 3793 3575
f 6494 3616 6493
f 6493 3616 3795
f 6496 3589 6495
f 6495 3589 3588
f 6495 3588 5368
f 5368 3588 3794
f 3841 3840 3050
f 3050 3840 3051
f 3912 3911 3052
f 3052 3911 3053
f 3929 3930 3054
f 3054 3930 3055
f 5370 3930 3916
f 3916 3930 3923
f 3938 5369 3807
f 3807 5369 3915
f 3589 6496 3806
f 3806 6496 3937
f 3938 3937 3056
f 3056 3937 3057
f 3051 3840 3058
f 3058 3840 3943
f 3730 4808 3727
f 3727 4808 3943
f 3820 3951 3795
f 3795 3951 6493
f 3951 3841 3059
f 3059 3841 3050
f 3911 3574 6494
f 6494 3574 3616
f 3823 3929 3824
f 3824 3929 3952
f 4061 4060 3060
f 3060 4060 3061
f 6497 6498 4901
f 4901 6498 4790
f 6333 6499 4738
f 4738 6499 4739
f 6500 6501 6314
f 6314 6501 4418
f 6502 6275 4417
f 4417 6275 4185
f 6503 6497 4783
f 4783 6497 4901
f 6498 4060 4790
f 4790 4060 4059
f 4808 4061 3069
f 3069 4061 3060
f 5367 3071 5368
f 5368 3071 3070
f 5369 3073 5370
f 5370 3073 3072
f 6274 6275 3074
f 3074 6275 3075
f 6499 6504 4739
f 4739 6504 6317
f 6333 6332 3077
f 3077 6332 3078
f 6334 6274 3079
f 3079 6274 3074
f 6332 4825 3078
f 3078 4825 3080
f 6334 6503 4188
f 4188 6503 4783
f 4825 4689 3080
f 3080 4689 1330
f 6506 4747 6505
f 6505 4747 4746
f 6505 6507 6506
f 6506 6507 6508
f 4297 6509 4920
f 4920 6509 6510
f 4296 6511 4297
f 4297 6511 6509
f 6506 6508 4319
f 4319 6508 6512
f 4372 4371 6514
f 6514 4371 6513
f 6511 4296 5251
f 5251 4296 4305
f 5251 5250 6511
f 6511 5250 6515
f 6516 6509 6515
f 6515 6509 6511
f 6517 6507 6519
f 6519 6507 6518
f 6512 6520 6513
f 6513 6520 6514
f 6507 6517 6508
f 6508 6517 6521
f 5249 6523 6522
f 6522 6523 6524
f 6525 6370 5253
f 5253 6370 6526
f 4370 4323 4371
f 4371 4323 4326
f 4370 3103 4323
f 4323 3103 1541
f 6521 6517 6527
f 6527 6517 6519
f 6520 6528 6514
f 6514 6528 6529
f 6531 6532 6530
f 6530 6532 6533
f 5250 6534 6515
f 6515 6534 6535
f 6530 6533 6536
f 6536 6533 6537
f 6526 6538 6534
f 6534 6538 6537
f 6515 6535 6516
f 6516 6535 6539
f 4325 4321 4326
f 4326 4321 4320
f 4371 4326 6513
f 6513 4326 4320
f 6531 4731 6541
f 6541 4731 6540
f 4731 4730 6540
f 6540 4730 6542
f 4730 3121 6542
f 6542 3121 3120
f 6530 4328 6531
f 6531 4328 4731
f 4328 6530 4329
f 4329 6530 6536
f 4329 6536 6524
f 6524 6536 6543
f 6544 6545 6522
f 6522 6545 5248
f 6389 6388 5245
f 5245 6388 6373
f 6388 6546 6373
f 6373 6546 6475
f 4733 6546 6295
f 6295 6546 4377
f 4732 6475 4733
f 4733 6475 6546
f 4393 4432 4394
f 4394 4432 4435
f 4434 4672 4842
f 4842 4672 4671
f 4440 4439 4441
f 4441 4439 4438
f 4436 4450 4437
f 4437 4450 4398
f 4447 4444 4448
f 4448 4444 4392
f 4446 4464 4433
f 4433 4464 6547
f 4454 4423 4455
f 4455 4423 4422
f 4452 4481 4453
f 4453 4481 4480
f 4458 4389 4459
f 4459 4389 4388
f 4456 4471 4457
f 4457 4471 4468
f 4391 4460 4392
f 4392 4460 4448
f 4461 4467 4445
f 4445 4467 4465
f 4437 4398 4629
f 4629 4398 4397
f 4438 4628 4441
f 4441 4628 4631
f 4841 4629 4839
f 4839 4629 4397
f 4628 4842 4631
f 4631 4842 4671
f 4930 4989 4452
f 4452 4989 4481
f 4929 4927 4436
f 4436 4927 4450
f 4933 4387 4934
f 4934 4387 4386
f 4931 4475 4932
f 4932 4475 4474
f 4936 4449 4933
f 4933 4449 4387
f 4935 4472 4456
f 4456 4472 4471
f 4389 4458 4391
f 4391 4458 4460
f 4457 4468 4461
f 4461 4468 4467
f 4934 4386 4454
f 4454 4386 4423
f 4453 4480 4931
f 4931 4480 4475
f 4575 4997 4576
f 4576 4997 4639
f 4579 4596 4580
f 4580 4596 4595
f 4583 4582 4572
f 4572 4582 4569
f 4587 4944 4588
f 4588 4944 4562
f 4588 4562 4590
f 4590 4562 4561
f 4576 4639 4642
f 4642 4639 4638
f 4642 4845 4641
f 4641 4845 4846
f 4845 4590 4846
f 4846 4590 4561
f 4941 4938 4595
f 4595 4938 4580
f 4938 4940 4668
f 4668 4940 4669
f 4583 4942 4584
f 4584 4942 4947
f 4582 4587 4569
f 4569 4587 4586
f 5000 5001 4579
f 4579 5001 4596
f 4558 4560 4585
f 4585 4560 4586
f 4565 4639 4566
f 4566 4639 4997
f 4568 4567 4577
f 4577 4567 4578
f 4570 4554 4571
f 4571 4554 4556
f 4640 4565 4637
f 4637 4565 4546
f 4662 4664 4665
f 4665 4664 4844
f 4662 4558 4589
f 4589 4558 4585
f 4554 4570 4557
f 4557 4570 4560
f 4571 4667 4572
f 4572 4667 4943
f 4551 4670 4552
f 4552 4670 4666
f 4640 4664 4638
f 4638 4664 4663
f 4670 4568 4668
f 4668 4568 4577
f 4999 4996 4566
f 4566 4996 4543
f 4608 4564 4603
f 4603 4564 4563
f 4573 4593 4574
f 4574 4593 4592
f 4597 4614 4598
f 4598 4614 4613
f 4601 4600 4584
f 4584 4600 4581
f 4563 4562 4604
f 4604 4562 4944
f 4643 4593 4641
f 4641 4593 4573
f 4643 4847 4644
f 4644 4847 4848
f 4564 4847 4561
f 4561 4847 4846
f 4945 4941 4598
f 4598 4941 4595
f 4941 4945 4939
f 4939 4945 4946
f 4601 4948 4602
f 4602 4948 4620
f 4600 4604 4581
f 4581 4604 4944
f 5002 5003 4597
f 4597 5003 4614
f 4988 4759 4953
f 4953 4759 4402
f 4706 6548 4707
f 4707 6548 6549
f 4311 4928 4419
f 4419 4928 6550
f 4921 4920 6551
f 6551 4920 6552
f 4925 6553 4926
f 4926 6553 6554
f 4928 4921 4802
f 4802 4921 6551
f 6555 4985 6550
f 6550 4985 4419
f 4952 6556 4953
f 4953 6556 4649
f 4971 6557 4706
f 4706 6557 6548
f 4988 4648 4925
f 4925 4648 6553
f 4707 6549 5006
f 5006 6549 4987
f 4920 6510 6552
f 6552 6510 6518
f 6558 6510 6516
f 6516 6510 6509
f 6559 6558 6539
f 6539 6558 6516
f 6531 6541 6532
f 6532 6541 6560
f 6540 6561 6541
f 6541 6561 6529
f 6542 6562 6540
f 6540 6562 6561
f 6542 3120 6562
f 6562 3120 3142
f 4366 6563 4760
f 4760 6563 4970
f 4815 6564 4816
f 4816 6564 6565
f 3147 3146 6565
f 6565 3146 4816
f 6564 6563 6565
f 6565 6563 6566
f 4837 4385 4357
f 4357 4385 4358
f 6565 6566 3147
f 3147 6566 3149
f 4694 1209 3150
f 5247 5249 5248
f 5248 5249 6522
f 6372 6390 6545
f 6545 6390 6389
f 6375 5254 6376
f 6376 5254 5258
f 6377 6525 6378
f 6378 6525 5255
f 5260 6379 5258
f 5258 6379 6376
f 6380 6567 6381
f 6381 6567 6568
f 6382 6569 6383
f 6383 6569 6570
f 6377 6371 6525
f 6525 6371 6370
f 6379 5260 6384
f 6384 5260 6571
f 6385 6572 6382
f 6382 6572 6569
f 6378 5255 6375
f 6375 5255 5254
f 6386 6573 6387
f 6387 6573 6574
f 6545 6389 5248
f 5248 6389 5245
f 4675 4750 4676
f 4676 4750 6286
f 4734 6289 4735
f 4735 6289 6288
f 4804 6290 4805
f 4805 6290 4963
f 4811 4807 4812
f 4812 4807 4411
f 4954 6292 4955
f 4955 6292 4959
f 4964 4962 4965
f 4965 4962 4751
f 6285 4821 4812
f 4812 4821 4809
f 4675 4287 4965
f 4965 4287 4210
f 6294 4145 4955
f 4955 4145 4154
f 4964 4120 4805
f 4805 4120 4119
f 6298 4966 4734
f 4734 4966 6289
f 6300 6473 4735
f 4735 6473 4732
f 6297 6296 4676
f 4676 6296 4288
f 6523 3160 4330
f 4330 3160 3159
f 5253 5252 6525
f 6525 5252 5255
f 5256 5252 4305
f 4305 5252 5251
f 4304 5257 4305
f 4305 5257 5256
f 4424 5259 4304
f 4304 5259 5257
f 5261 6571 5259
f 5259 6571 5260
f 5262 6573 5261
f 5261 6573 6571
f 5264 6567 5265
f 5265 6567 6574
f 5266 6572 5267
f 5267 6572 6568
f 5268 6570 5269
f 5269 6570 6569
f 1807 3161 5268
f 5268 3161 6570
f 6524 6523 4329
f 4329 6523 4330
f 5253 6526 5250
f 5250 6526 6534
f 6543 6538 6544
f 6544 6538 6369
f 6524 6543 6522
f 6522 6543 6544
f 3071 5367 3052
f 3052 5367 3912
f 6493 3163 6494
f 6494 3163 3162
f 3164 445 3771
f 3771 445 3761
f 461 3165 3919
f 3919 3165 3920
f 330 410 3839
f 3839 410 3910
f 332 331 3552
f 3552 331 3551
f 464 304 3918
f 3918 304 3816
f 385 458 3766
f 3766 458 3894
f 412 415 3762
f 3762 415 3763
f 3166 337 3748
f 3748 337 3745
f 3072 3055 5370
f 5370 3055 3930
f 3073 5369 3056
f 3056 5369 3938
f 3167 3057 6496
f 6496 3057 3937
f 3069 3058 4808
f 4808 3058 3943
f 411 3166 3851
f 3851 3166 3748
f 3059 3163 3951
f 3951 3163 6493
f 336 3164 3772
f 3772 3164 3771
f 3053 3911 3162
f 3162 3911 6494
f 3054 3168 3929
f 3929 3168 3952
f 3165 830 3920
f 3920 830 3945
f 3170 3169 6497
f 6497 3169 6498
f 3171 1354 5005
f 5005 1354 4830
f 3172 3170 6503
f 6503 3170 6497
f 3169 3061 6498
f 6498 3061 4060
f 3173 3171 5006
f 5006 3171 5005
f 3079 3172 6334
f 6334 3172 6503
f 3174 3025 6299
f 6299 3025 6300
f 6576 6577 6575
f 6575 6577 6578
f 4612 4611 6579
f 6579 4611 6580
f 6582 6583 6581
f 6581 6583 6584
f 6584 6585 4618
f 4618 6585 4621
f 6586 6587 6589
f 6589 6587 6588
f 6588 6587 6590
f 6590 6587 6591
f 6592 4606 6590
f 6590 4606 4623
f 6594 6576 6593
f 6593 6576 6575
f 6595 6582 6579
f 6579 6582 6581
f 6580 6597 6596
f 6596 6597 6598
f 6577 6576 6599
f 6599 6576 6600
f 6595 6596 6601
f 6601 6596 6602
f 6583 6582 6603
f 6603 6582 6604
f 6586 6606 6605
f 6605 6606 6607
f 6587 6586 6608
f 6608 6586 6605
f 6587 6608 6591
f 6591 6608 6609
f 6576 6594 6600
f 6600 6594 6610
f 6582 6595 6604
f 6604 6595 6601
f 6599 6611 6577
f 6577 6611 6598
f 6613 6614 6612
f 6612 6614 6615
f 6617 6618 6616
f 6616 6618 6619
f 6621 6622 6620
f 6620 6622 6623
f 6625 6626 6624
f 6624 6626 6627
f 6629 6630 6628
f 6628 6630 6631
f 6633 6634 6632
f 6632 6634 6635
f 6637 6638 6636
f 6636 6638 6639
f 6640 6641 6637
f 6637 6641 6638
f 6643 6633 6642
f 6642 6633 6632
f 6645 6646 6644
f 6644 6646 6647
f 6646 6648 6647
f 6647 6648 6649
f 6651 6652 6650
f 6650 6652 6653
f 6653 6652 6654
f 6654 6652 6655
f 6656 6657 6659
f 6659 6657 6658
f 6661 6662 6660
f 6660 6662 6663
f 6662 6661 6664
f 6664 6661 6665
f 6667 6657 6666
f 6666 6657 6656
f 6669 6670 6668
f 6668 6670 6671
f 6672 6673 6670
f 6670 6673 6671
f 6674 6675 6677
f 6677 6675 6676
f 6675 6678 6676
f 6676 6678 6679
f 6681 6682 6680
f 6680 6682 6683
f 6684 6685 6683
f 6683 6685 6680
f 6687 6688 6686
f 6686 6688 6689
f 6687 6690 6688
f 6688 6690 6691
f 6619 6618 6633
f 6633 6618 6634
f 6632 6635 6693
f 6693 6635 6692
f 6617 6694 6636
f 6636 6694 6637
f 6695 6692 6639
f 6639 6692 6635
f 6637 6694 6640
f 6640 6694 6696
f 6698 6638 6697
f 6697 6638 6641
f 6643 6616 6633
f 6633 6616 6619
f 6642 6699 6641
f 6641 6699 6697
f 6646 6645 6700
f 6700 6645 6621
f 6644 6701 6654
f 6654 6701 6702
f 6700 6703 6646
f 6646 6703 6648
f 6693 6704 6649
f 6649 6704 6647
f 6620 6623 6651
f 6651 6623 6652
f 6693 6649 6699
f 6699 6649 6650
f 6652 6623 6655
f 6655 6623 6622
f 6654 6702 6653
f 6653 6702 6697
f 6615 6614 6657
f 6657 6614 6658
f 6705 6656 6704
f 6704 6656 6659
f 6613 6706 6660
f 6660 6706 6661
f 6704 6659 6701
f 6701 6659 6663
f 6661 6706 6665
f 6665 6706 6707
f 6708 6702 6664
f 6664 6702 6662
f 6612 6615 6667
f 6667 6615 6657
f 6666 6709 6664
f 6664 6709 6708
f 6629 6710 6669
f 6669 6710 6670
f 6668 6711 6679
f 6679 6711 6712
f 6713 6672 6710
f 6710 6672 6670
f 6714 6671 6705
f 6705 6671 6673
f 6628 6631 6674
f 6674 6631 6675
f 6705 6673 6709
f 6709 6673 6677
f 6631 6630 6675
f 6675 6630 6678
f 6712 6708 6679
f 6679 6708 6676
f 6625 6715 6682
f 6682 6715 6683
f 6716 6717 6681
f 6681 6717 6691
f 6718 6684 6715
f 6715 6684 6683
f 6719 6680 6714
f 6714 6680 6685
f 6624 6627 6686
f 6686 6627 6687
f 6689 6711 6685
f 6685 6711 6714
f 6627 6626 6687
f 6687 6626 6690
f 6717 6712 6691
f 6691 6712 6688
f 6612 6707 6613
f 6613 6707 6706
f 6616 6696 6617
f 6617 6696 6694
f 6703 6700 6620
f 6620 6700 6621
f 6715 6625 6718
f 6718 6625 6624
f 6710 6629 6713
f 6713 6629 6628
f 6639 6635 6636
f 6636 6635 6634
f 6641 6640 6642
f 6642 6640 6643
f 6654 6655 6644
f 6644 6655 6645
f 6651 6650 6648
f 6648 6650 6649
f 6659 6658 6663
f 6663 6658 6660
f 6665 6667 6664
f 6664 6667 6666
f 6678 6669 6679
f 6679 6669 6668
f 6673 6672 6677
f 6677 6672 6674
f 6690 6682 6691
f 6691 6682 6681
f 6685 6684 6689
f 6689 6684 6686
f 6636 6634 6617
f 6617 6634 6618
f 6638 6698 6639
f 6639 6698 6695
f 6640 6696 6643
f 6643 6696 6616
f 6693 6699 6632
f 6632 6699 6642
f 6655 6622 6645
f 6645 6622 6621
f 6704 6701 6647
f 6647 6701 6644
f 6651 6648 6620
f 6620 6648 6703
f 6650 6653 6699
f 6699 6653 6697
f 6613 6660 6614
f 6614 6660 6658
f 6663 6662 6701
f 6701 6662 6702
f 6665 6707 6667
f 6667 6707 6612
f 6705 6709 6656
f 6656 6709 6666
f 6630 6629 6678
f 6678 6629 6669
f 6714 6711 6671
f 6671 6711 6668
f 6672 6713 6674
f 6674 6713 6628
f 6677 6676 6709
f 6709 6676 6708
f 6626 6625 6690
f 6690 6625 6682
f 6680 6719 6681
f 6681 6719 6716
f 6684 6718 6686
f 6686 6718 6624
f 6711 6689 6712
f 6689 6688 6712
f 6593 6720 6594
f 6594 6720 6721
f 6722 6720 4607
f 4607 6720 4849
f 6592 6723 6722
f 6722 6723 6724
f 4610 4609 6578
f 6578 4609 6575
f 6596 6595 6580
f 6580 6595 6579
f 4618 4617 6584
f 6584 4617 6581
f 6589 6585 6586
f 6586 6585 6606
f 4622 4619 6588
f 6588 4619 6589
f 4622 6588 4623
f 4623 6588 6590
f 4609 4645 6575
f 6575 4645 6593
f 4617 4612 6581
f 6581 4612 6579
f 5004 4610 6597
f 6597 4610 6578
f 4645 4849 6593
f 6593 4849 6720
f 6724 6721 6722
f 6722 6721 6720
f 6722 4607 6592
f 6592 4607 4606
f 6725 6610 6721
f 6721 6610 6594
f 6723 6726 6724
f 6724 6726 6727
f 6727 6725 6724
f 6724 6725 6721
f 6728 6729 6605
f 6605 6729 6608
f 6605 6607 6728
f 6728 6607 6730
f 6731 6732 6604
f 6604 6732 6603
f 6733 6734 6725
f 6725 6734 6610
f 6735 6733 6727
f 6727 6733 6725
f 6735 6727 6736
f 6736 6727 6726
f 6591 6609 6723
f 6723 6609 6726
f 6723 6592 6591
f 6591 6592 6590
f 6738 6739 6737
f 6737 6739 6740
f 6740 6739 6742
f 6742 6739 6741
f 6743 6744 6741
f 6741 6744 6742
f 6745 6746 6743
f 6743 6746 6744
f 6747 6748 6745
f 6745 6748 6746
f 6749 6750 6747
f 6747 6750 6748
f 6752 6738 6751
f 6751 6738 6737
f 6754 6752 6753
f 6753 6752 6751
f 6756 6754 6755
f 6755 6754 6753
f 6758 6750 6757
f 6757 6750 6749
f 6760 6756 6759
f 6759 6756 6755
f 6762 6760 6761
f 6761 6760 6759
f 6764 6762 6763
f 6763 6762 6761
f 6757 6764 6758
f 6758 6764 6763
f 6766 6741 6765
f 6765 6741 6739
f 6767 6743 6766
f 6766 6743 6741
f 6768 6745 6767
f 6767 6745 6743
f 6769 6747 6768
f 6768 6747 6745
f 6770 6749 6769
f 6769 6749 6747
f 6772 6769 6771
f 6771 6769 6768
f 6773 6770 6772
f 6772 6770 6769
f 6774 6775 6772
f 6772 6775 6773
f 6777 6778 6776
f 6776 6778 6779
f 6775 6774 6778
f 6778 6774 6779
f 6771 6780 6772
f 6772 6780 6774
f 6780 6781 6774
f 6774 6781 6779
f 6781 6782 6779
f 6779 6782 6776
f 6784 6785 6783
f 6783 6785 6786
f 6786 6787 6783
f 6783 6787 6788
f 6790 6788 6789
f 6789 6788 6787
f 6786 6785 6791
f 6791 6785 6792
f 6791 6793 6786
f 6786 6793 6787
f 6793 6794 6787
f 6787 6794 6789
f 6795 6796 6794
f 6794 6796 6789
f 6790 6789 6797
f 6797 6789 6796
f 6798 6765 6738
f 6738 6765 6739
f 6799 6798 6752
f 6752 6798 6738
f 6767 6800 6768
f 6768 6800 6771
f 6766 6801 6767
f 6767 6801 6800
f 6802 6801 6765
f 6765 6801 6766
f 6798 6803 6765
f 6765 6803 6802
f 6804 6803 6799
f 6799 6803 6798
f 6805 6806 6804
f 6804 6806 6803
f 6807 6799 6754
f 6754 6799 6752
f 6808 6804 6807
f 6807 6804 6799
f 6809 6805 6808
f 6808 6805 6804
f 6810 6811 6805
f 6805 6811 6806
f 6812 6813 6810
f 6810 6813 6811
f 6814 6815 6796
f 6796 6815 6797
f 6813 6814 6816
f 6816 6814 6817
f 6816 6818 6813
f 6813 6818 6811
f 6819 6806 6818
f 6818 6806 6811
f 6802 6803 6819
f 6819 6803 6806
f 6757 6749 6820
f 6820 6749 6770
f 6820 6770 6821
f 6821 6770 6773
f 6821 6773 6822
f 6822 6773 6775
f 6822 6775 6823
f 6823 6775 6778
f 6824 6823 6777
f 6777 6823 6778
f 6784 6825 6777
f 6777 6825 6824
f 6826 6827 6788
f 6788 6827 6783
f 6828 6826 6790
f 6790 6826 6788
f 6829 6828 6797
f 6797 6828 6790
f 6815 6830 6797
f 6797 6830 6829
f 6832 6812 6831
f 6831 6812 6810
f 6831 6810 6809
f 6809 6810 6805
f 6736 6800 6735
f 6735 6800 6801
f 6733 6735 6802
f 6802 6735 6801
f 6734 6733 6819
f 6819 6733 6802
f 6833 6734 6818
f 6818 6734 6819
f 6834 6833 6816
f 6816 6833 6818
f 6816 6817 6834
f 6834 6817 6835
f 6837 6795 6836
f 6836 6795 6794
f 6836 6794 6731
f 6731 6794 6793
f 6732 6731 6791
f 6791 6731 6793
f 6791 6792 6732
f 6732 6792 6730
f 6729 6728 6781
f 6781 6728 6782
f 6838 6807 6756
f 6756 6807 6754
f 6839 6838 6760
f 6760 6838 6756
f 6840 6839 6762
f 6762 6839 6760
f 6841 6840 6764
f 6764 6840 6762
f 6820 6841 6757
f 6757 6841 6764
f 6841 6820 6842
f 6842 6820 6821
f 6840 6841 6843
f 6843 6841 6842
f 6839 6840 6844
f 6844 6840 6843
f 6838 6839 6845
f 6845 6839 6844
f 6807 6838 6808
f 6808 6838 6845
f 6842 6821 6846
f 6846 6821 6822
f 6843 6842 6847
f 6847 6842 6846
f 6844 6843 6848
f 6848 6843 6847
f 6845 6844 6849
f 6849 6844 6848
f 6808 6845 6809
f 6809 6845 6849
f 6850 6831 6849
f 6849 6831 6809
f 6851 6850 6848
f 6848 6850 6849
f 6847 6852 6848
f 6848 6852 6851
f 6853 6852 6846
f 6846 6852 6847
f 6846 6822 6853
f 6853 6822 6823
f 6853 6823 6854
f 6854 6823 6824
f 6854 6855 6853
f 6853 6855 6852
f 6856 6851 6855
f 6855 6851 6852
f 6856 6857 6851
f 6851 6857 6850
f 6857 6832 6850
f 6850 6832 6831
f 6825 6858 6824
f 6824 6858 6854
f 6860 6827 6859
f 6859 6827 6826
f 6859 6826 6861
f 6861 6826 6828
f 6862 6861 6829
f 6829 6861 6828
f 6830 6863 6829
f 6829 6863 6862
f 6863 6864 6862
f 6862 6864 6865
f 6858 6866 6854
f 6854 6866 6855
f 6867 6865 6866
f 6866 6865 6864
f 6869 6859 6868
f 6868 6859 6861
f 6867 6869 6865
f 6865 6869 6868
f 6861 6862 6868
f 6868 6862 6865
f 6867 6860 6869
f 6869 6860 6859
f 6753 6751 6698
f 6698 6751 6695
f 6697 6755 6698
f 6698 6755 6753
f 6759 6755 6702
f 6702 6755 6697
f 6761 6759 6708
f 6708 6759 6702
f 6763 6761 6712
f 6712 6761 6708
f 6758 6763 6717
f 6717 6763 6712
f 6750 6758 6716
f 6716 6758 6717
f 6719 6748 6716
f 6716 6748 6750
f 6714 6746 6719
f 6719 6746 6748
f 6705 6744 6714
f 6714 6744 6746
f 6704 6742 6705
f 6705 6742 6744
f 6740 6742 6693
f 6693 6742 6704
f 6737 6740 6692
f 6692 6740 6693
f 6751 6737 6695
f 6695 6737 6692
f 6601 6602 6836
f 6836 6602 6837
f 6604 6601 6731
f 6731 6601 6836
f 6599 6600 6834
f 6834 6600 6833
f 6834 6835 6599
f 6599 6835 6611
f 6600 6610 6833
f 6833 6610 6734
f 6780 6771 6870
f 6870 6771 6736
f 6736 6771 6800
f 6870 6729 6780
f 6780 6729 6781
f 6608 6729 6609
f 6609 6729 6870
f 6609 6870 6726
f 6726 6870 6736
f 5014 5015 5229
f 5229 5015 5230
f 4258 5015 4259
f 4259 5015 4878
f 3471 3013 4703
f 4703 3013 4704
f 2879 6337 1306
f 1306 6337 4785
f 829 3471 4316
f 4316 3471 4703
f 4702 3472 5223
f 5223 3472 1756
f 6871 6872 4534
f 4534 6872 4535
f 6871 4665 6872
f 6872 4665 4844
f 6871 6873 4665
f 4665 6873 4559
f 6871 4534 6873
f 6873 4534 4542
f 4153 4152 4822
f 4822 4152 4407
f 4152 4168 4407
f 4407 4168 4342
f 4343 4168 4923
f 4923 4168 4167
f 4363 4362 4972
f 4972 4362 4840
f 4362 4394 4840
f 4840 4394 4839
f 4401 4400 4986
f 4986 4400 4984
f 4435 4434 4841
f 4841 4434 4842
f 4506 4505 4530
f 4530 4505 4531
f 4506 4535 4507
f 4507 4535 4843
f 4661 4660 4516
f 4516 4660 4517
f 4673 4672 4937
f 4937 4672 6547
f 4400 4924 4984
f 4984 4924 5263
f 4673 4660 4674
f 4674 4660 4659
f 4505 4661 4531
f 4531 4661 4516
f 4952 4401 6874
f 6874 4401 4986
f 4954 4153 6875
f 6875 4153 4822
f 4363 4973 4364
f 4364 4973 4974
f 5264 4924 5267
f 5267 4924 4691
f 6293 6292 6876
f 6876 6292 6877
f 6380 4343 6387
f 6387 4343 4923
f 4394 4435 4839
f 4839 4435 4841
f 4672 4434 6547
f 6547 4434 4433
f 4973 6556 4974
f 4974 6556 6878
f 6567 6380 6574
f 6574 6380 6387
f 6292 4954 6877
f 6877 4954 6875
f 6567 5264 6568
f 6568 5264 5267
f 4145 4144 4154
f 4154 4144 4151
f 4194 4144 4425
f 4425 4144 4143
f 4355 4354 5263
f 5263 4354 4984
f 4360 4359 4364
f 4364 4359 4361
f 4444 4359 4392
f 4392 4359 4337
f 4447 4446 4432
f 4432 4446 4433
f 4464 4463 6547
f 6547 4463 4937
f 4519 4518 4654
f 4654 4518 4509
f 4533 4532 4499
f 4499 4532 4498
f 4533 4542 4530
f 4530 4542 4534
f 4519 4532 4516
f 4516 4532 4531
f 4922 4194 4426
f 4426 4194 4425
f 4463 4518 4937
f 4937 4518 4517
f 6555 4951 6874
f 6874 4951 6878
f 4958 4957 6290
f 6290 4957 6291
f 4334 4360 4712
f 4712 4360 4950
f 4985 4354 4419
f 4419 4354 4353
f 5262 4355 5265
f 5265 4355 5263
f 6294 4958 4804
f 4804 4958 6290
f 6386 4922 6384
f 6384 4922 4426
f 4444 4447 4393
f 4393 4447 4432
f 4464 4446 4465
f 4465 4446 4445
f 4985 6555 4986
f 4986 6555 6874
f 6573 6386 6571
f 6571 6386 6384
f 4145 6294 4146
f 4146 6294 4804
f 6573 5262 6574
f 6574 5262 5265
f 4542 4541 6873
f 6873 4541 4559
f 4535 6872 4843
f 4843 6872 4844
f 4104 4103 6879
f 6879 4103 6343
f 4105 6293 6307
f 6307 6293 6876
f 4104 4956 4105
f 4105 4956 6293
f 4956 4104 4957
f 4957 4104 6879
f 4957 6879 6291
f 6291 6879 6309
f 4648 4988 4649
f 4649 4988 4953
f 4802 4803 4928
f 4928 4803 6550
f 6550 4803 6555
f 6555 4803 4951
f 1516 3173 4987
f 4987 3173 5006
f 6519 6518 6558
f 6558 6518 6510
f 6527 6519 6559
f 6559 6519 6558
f 6528 6560 6529
f 6529 6560 6541
f 6548 4625 6549
f 6549 4625 4624
f 6551 6552 4746
f 4746 6552 6505
f 6553 4711 6554
f 6554 4711 4710
f 4802 6551 4713
f 4713 6551 4746
f 6556 4973 4649
f 4649 4973 4646
f 6557 4949 6548
f 6548 4949 4625
f 4648 4647 6553
f 6553 4647 4711
f 6549 4624 4987
f 4987 4624 4838
f 6552 6518 6505
f 6505 6518 6507
f 6561 4372 6529
f 6529 4372 6514
f 6562 4369 6561
f 6561 4369 4372
f 3142 3482 6562
f 6562 3482 4369
f 6556 4952 6878
f 6878 4952 6874
f 4951 4950 6878
f 6878 4950 4974
f 3168 440 3952
f 4204 4203 5341
f 5341 4203 6364
f 4219 4222 6429
f 6429 4222 4383
f 4319 4322 6506
f 6506 4322 4747
f 4340 4714 4341
f 4341 4714 4384
f 4375 4377 6388
f 6388 4377 6546
f 4378 4381 6311
f 6311 4381 4720
f 4449 4341 4387
f 4387 4341 4384
f 4473 4472 4477
f 4477 4472 4474
f 4492 4491 4487
f 4487 4491 4488
f 4523 4491 4522
f 4522 4491 4490
f 4492 4538 4493
f 4493 4538 4555
f 4538 4553 4555
f 4555 4553 4556
f 4620 4615 4621
f 4621 4615 4618
f 4652 4651 4368
f 4368 4651 4365
f 4523 4655 4524
f 4524 4655 4656
f 4553 4667 4556
f 4556 4667 4571
f 4651 1210 4365
f 4365 1210 1209
f 4698 4697 5223
f 5223 4697 6344
f 4340 4339 4322
f 4322 4339 4747
f 4726 4729 5287
f 5287 4729 4198
f 4381 4380 4737
f 4737 4380 6368
f 4836 4835 4451
f 4451 4835 4709
f 4910 6367 4911
f 4911 6367 6366
f 4912 4915 6450
f 6450 4915 6449
f 4927 4836 4450
f 4450 4836 4451
f 4930 4929 4439
f 4439 4929 4436
f 4936 4935 4459
f 4459 4935 4456
f 4473 4655 4470
f 4470 4655 4510
f 4942 4583 4943
f 4943 4583 4572
f 4948 4601 4947
f 4947 4601 4584
f 4949 4835 4625
f 4625 4835 4626
f 4966 4969 6289
f 6289 4969 4695
f 4971 4652 4926
f 4926 4652 4368
f 4203 4977 6364
f 6364 4977 6365
f 4990 4989 4443
f 4443 4989 4440
f 4990 4991 4478
f 4478 4991 4512
f 4992 4991 4528
f 4528 4991 4515
f 4992 4993 4527
f 4527 4993 4485
f 4994 4993 4502
f 4502 4993 4503
f 4994 4995 4482
f 4482 4995 4550
f 4543 4996 4544
f 4544 4996 4995
f 4999 4998 4567
f 4567 4998 4578
f 5000 4998 4575
f 4575 4998 4997
f 5002 5001 4592
f 4592 5001 4574
f 5003 5004 4614
f 4614 5004 4611
f 3483 4215 1755
f 1755 4215 4698
f 5274 5277 4195
f 4195 5277 4223
f 4726 5295 4727
f 4727 5295 6350
f 5309 5342 5310
f 5310 5342 6363
f 5315 5314 5316
f 5316 5314 5317
f 5339 6362 5340
f 5340 6362 5363
f 5310 6363 5339
f 5339 6363 6362
f 4204 5309 4201
f 4201 5309 5308
f 4915 5345 6449
f 6449 5345 6448
f 5345 5315 6448
f 6448 5315 5316
f 5348 5347 6351
f 6351 5347 6352
f 5365 4263 5340
f 5340 4263 4262
f 6295 6298 4733
f 4733 6298 4734
f 4969 6306 4695
f 4695 6306 4696
f 6306 4378 4696
f 4696 4378 6311
f 6369 6372 6544
f 6544 6372 6545
f 4375 6390 4373
f 4373 6390 4374
f 6421 6422 4911
f 4911 6422 4908
f 4910 4909 4737
f 4737 4909 4736
f 5277 4219 4223
f 4223 4219 6429
f 4697 4222 6344
f 6344 4222 4221
f 6436 6361 6437
f 6437 6361 6360
f 6438 6440 6437
f 6437 6440 6434
f 6438 6359 6441
f 6441 6359 6358
f 6442 6441 6357
f 6357 6441 6358
f 6442 6444 6443
f 6443 6444 6445
f 6446 6444 6355
f 6355 6444 6356
f 6446 4912 6447
f 6447 4912 6450
f 6436 6435 5365
f 5365 6435 4263
f 5314 5347 5317
f 5317 5347 5346
f 4319 6512 4320
f 4320 6512 6513
f 6520 6512 6521
f 6521 6512 6508
f 6528 6520 6527
f 6527 6520 6521
f 6532 6539 6533
f 6533 6539 6535
f 6533 6535 6537
f 6537 6535 6534
f 6538 6543 6537
f 6537 6543 6536
f 6295 4377 6296
f 6296 4377 4376
f 4989 4930 4440
f 4440 4930 4439
f 4927 4929 4422
f 4422 4929 4455
f 4449 4936 4388
f 4388 4936 4459
f 4472 4935 4474
f 4474 4935 4932
f 4942 4940 4947
f 4947 4940 4939
f 5001 5000 4574
f 4574 5000 4575
f 4669 4943 4666
f 4666 4943 4667
f 4996 4999 4547
f 4547 4999 4567
f 4948 4946 4620
f 4620 4946 4615
f 5003 5002 4591
f 4591 5002 4592
f 6557 4971 6554
f 6554 4971 4926
f 6532 6560 6539
f 6539 6560 6559
f 6390 6372 4374
f 4374 6372 6371
f 4966 6298 4967
f 4967 6298 6297
f 6538 6526 6369
f 6369 6526 6370
f 6585 6589 4621
f 4621 6589 4619
f 6597 6578 6598
f 6598 6578 6577
f 6606 6583 6607
f 6607 6583 6603
f 6611 6602 6598
f 6598 6602 6596
f 6585 6584 6606
f 6606 6584 6583
f 6597 6580 5004
f 5004 6580 4611
f 6607 6603 6730
f 6730 6603 6732
f 6776 6785 6777
f 6777 6785 6784
f 6785 6776 6792
f 6792 6776 6782
f 6815 6814 6812
f 6812 6814 6813
f 6817 6814 6795
f 6795 6814 6796
f 6825 6784 6827
f 6827 6784 6783
f 6830 6815 6832
f 6832 6815 6812
f 6817 6795 6835
f 6835 6795 6837
f 6792 6782 6730
f 6730 6782 6728
f 6858 6825 6860
f 6860 6825 6827
f 6863 6830 6857
f 6857 6830 6832
f 6864 6863 6856
f 6856 6863 6857
f 6866 6858 6867
f 6867 6858 6860
f 6866 6864 6855
f 6855 6864 6856
f 6835 6837 6611
f 6611 6837 6602
f 6560 6528 6559
f 6559 6528 6527
f 4949 6557 4710
f 4710 6557 6554
f 4430 4090 4175
f 4175 4090 4089
f 4777 4113 4155
f 4155 4113 4086
f 4175 4089 4176
f 4176 4089 4142
f 4199 4271 4200
f 4200 4271 4798
f 4199 4095 4272
f 4272 4095 5273
f 4406 4405 4404
f 4404 4405 4346
f 4410 4409 6877
f 6877 4409 6876
f 4409 4413 6876
f 6876 4413 6307
f 4415 4148 4416
f 4416 4148 4147
f 4690 4405 4344
f 4344 4405 4342
f 4693 4692 4352
f 4352 4692 4349
f 4701 4700 6337
f 6337 4700 6338
f 4778 4777 4081
f 4081 4777 4155
f 4821 4406 4809
f 4809 4406 4404
f 4176 4142 4181
f 4181 4142 4415
f 4760 4970 4399
f 4399 4970 4692
f 4200 5007 4096
f 4096 5007 4078
f 5266 4693 5269
f 5269 4693 4352
f 5270 5007 5361
f 5361 5007 4797
f 4778 5270 4779
f 4779 5270 5361
f 6285 4410 6875
f 6875 4410 6877
f 6308 4413 4687
f 4687 4413 4412
f 6480 6320 6481
f 6481 6320 6880
f 4701 2878 4702
f 4702 2878 3472
f 6339 6347 6340
f 6340 6347 6348
f 6341 6342 6346
f 6346 6342 6345
f 4416 6308 4414
f 4414 6308 4687
f 6385 4690 6381
f 6381 4690 4344
f 5282 6341 5280
f 5280 6341 6339
f 4700 6342 6338
f 6338 6342 5281
f 6340 6348 4272
f 4272 6348 4270
f 6480 6479 4828
f 4828 6479 4829
f 6490 6479 6489
f 6489 6479 6478
f 4090 4430 6490
f 6490 4430 4429
f 6563 6564 4970
f 4970 6564 4815
f 4694 6566 4366
f 4366 6566 6563
f 6572 6385 6568
f 6568 6385 6381
f 4821 6285 4822
f 4822 6285 6875
f 6572 5266 6569
f 6569 5266 5269
f 3482 3103 4369
f 4369 3103 4370
f 3121 4730 3485
f 3485 4730 4327
f 6277 6280 6273
f 6273 6280 6272
f 6267 6276 6278
f 6278 6276 6279
f 6278 6279 6277
f 6277 6279 6280
f 6279 6256 6280
f 6280 6256 6255
f 6256 3857 6255
f 6255 3857 3754
f 3857 3856 3754
f 3754 3856 3755
f 3856 3703 3755
f 3755 3703 3863
f 3703 3702 3863
f 3863 3702 3759
f 3702 3706 3759
f 3759 3706 3670
f 3706 3705 3670
f 3670 3705 3668
f 3705 3773 3668
f 3668 3773 3882
f 3882 3773 3883
f 3883 3773 3707
f 3707 3708 3883
f 3883 3708 3880
f 3708 3710 3880
f 3880 3710 3881
f 3709 5241 3710
f 3710 5241 3881
f 5241 3709 5234
f 5234 3709 3786
f 3693 3712 3786
f 3786 3712 5234
f 4051 4055 4052
f 4052 4055 4056
f 4056 4055 4057
f 4057 4055 4054
f 4066 5238 5236
f 5236 5238 3989
f 4066 4069 5238
f 5238 4069 4035
f 6881 3962 3960
f 3960 3962 3957
f 6883 4070 6882
f 6882 4070 3941
f 4070 6883 4071
f 4071 6883 6884
f 4071 6884 4072
f 4072 6884 6885
f 6885 6886 4072
f 4072 6886 4031
f 3955 6881 3956
f 3956 6881 3960
f 6884 3991 6885
f 6885 3991 3990
f 6883 6887 6884
f 6884 6887 3991
f 6887 6888 3991
f 3991 6888 3992
f 6888 6887 6889
f 6889 6887 6890
f 6887 6883 6890
f 6890 6883 6882
f 4058 5240 3953
f 3953 5240 3954
f 5236 6888 5239
f 5239 6888 6889
f 5237 6886 3990
f 3990 6886 6885
f 4034 4031 5237
f 5237 4031 6886
f 6881 6882 3962
f 3962 6882 3941
f 6881 3955 6882
f 6882 3955 6890
f 3955 3954 6890
f 6890 3954 6889
f 5239 6889 5240
f 5240 6889 3954
f 6888 5236 3992
f 3992 5236 3989
f 3869 3868 3888
f 3888 3868 4015
f 3868 4012 4015
f 4015 4012 4010
f 4012 4022 4010
f 4010 4022 4009
f 4022 4021 4009
f 4009 4021 4018
f 4020 3974 4001
f 4001 3974 3996
f 4021 4020 4029
f 4029 4020 4001
f 4085 4156 4086
f 4086 4156 4155
f 4113 4777 4114
f 4114 4777 4776
f 4130 4129 4094
f 4094 4129 4091
f 4139 4773 4140
f 4140 4773 4772
f 4149 4178 4150
f 4150 4178 5225
f 4160 4159 4087
f 4087 4159 4088
f 4149 4148 4179
f 4179 4148 4141
f 4085 4084 4183
f 4183 4084 6315
f 4179 4141 4159
f 4159 4141 4088
f 4192 4130 4162
f 4162 4130 4094
f 4197 5288 4198
f 4198 5288 5287
f 4229 4766 4230
f 4230 4766 4771
f 4245 4246 4242
f 4242 4246 4249
f 4183 6315 4418
f 4418 6315 6314
f 4679 4178 4680
f 4680 4178 4177
f 4724 4798 4725
f 4725 4798 4271
f 4728 5275 4729
f 4729 5275 5274
f 4230 4771 4249
f 4249 4771 4242
f 4724 4723 4799
f 4799 4723 5355
f 4823 4824 4891
f 4891 4824 6327
f 4823 4192 4161
f 4161 4192 4162
f 4893 4767 4229
f 4229 4767 4766
f 4894 4895 4898
f 4898 4895 4899
f 4106 4150 4103
f 4103 4150 5225
f 4680 4894 4677
f 4677 4894 4898
f 6420 4977 5301
f 5301 4977 4976
f 4679 4678 5226
f 5226 4678 4427
f 5228 5008 4893
f 4893 5008 4767
f 5285 6354 5286
f 5286 6354 5343
f 5289 5352 5290
f 5290 5352 5349
f 5290 5349 5295
f 5295 5349 5348
f 5302 5299 4202
f 4202 5299 4976
f 4725 4271 5311
f 5311 4271 4270
f 5325 4723 5326
f 5326 4723 4722
f 5335 5355 5325
f 5325 5355 4723
f 5326 4722 5286
f 5286 4722 5283
f 4799 5357 4797
f 4797 5357 5361
f 5359 5356 5335
f 5335 5356 5355
f 4775 4774 5356
f 5356 4774 5357
f 5359 5358 4092
f 4092 5358 4093
f 6316 4740 6317
f 6317 4740 4739
f 6318 4827 6316
f 6316 4827 4740
f 6319 4828 6318
f 6318 4828 4827
f 6320 6480 6319
f 6319 6480 4828
f 6484 6322 6485
f 6485 6322 6321
f 6487 6324 6331
f 6331 6324 6323
f 6331 6323 6330
f 6330 6323 6325
f 6325 6326 6330
f 6330 6326 6329
f 6326 6328 6329
f 6329 6328 5231
f 4824 4685 5228
f 5228 4685 5008
f 5226 6343 5225
f 5225 6343 4103
f 4728 4727 6349
f 6349 4727 5284
f 6350 6351 5285
f 5285 6351 6354
f 4247 4246 6418
f 6418 4246 6365
f 6400 6402 6401
f 6401 6402 6459
f 4197 4196 6409
f 6409 4196 6426
f 6412 4897 6328
f 6328 4897 5231
f 6413 4133 6412
f 6412 4133 4897
f 6414 4134 6413
f 6413 4134 4133
f 6415 4225 6414
f 6414 4225 4134
f 6416 4252 6415
f 6415 4252 4225
f 6417 4253 6416
f 6416 4253 4252
f 4253 6417 6366
f 6366 6417 6419
f 6366 6419 4911
f 4911 6419 6421
f 6422 6423 4908
f 4908 6423 5298
f 5298 6423 6396
f 6396 6423 6424
f 6409 6426 6425
f 6425 6426 6397
f 5300 5299 6399
f 6399 5299 6400
f 6465 6408 6401
f 6401 6408 6398
f 6424 6399 6425
f 6425 6399 6398
f 6349 5284 5311
f 5311 5284 5283
f 6465 6464 5289
f 5289 6464 5352
f 6488 6483 6492
f 6492 6483 6482
f 6486 6491 6482
f 6482 6491 6492
f 6491 4895 6492
f 6492 4895 4157
f 6488 4160 6489
f 6489 4160 4087
f 6501 6502 4418
f 4418 6502 4417
f 6504 6500 6317
f 6317 6500 6314
f 3497 3496 6501
f 6501 3496 6502
f 3499 3498 6504
f 6504 3498 6500
f 4729 5274 4198
f 4198 5274 4195
f 6418 6365 6420
f 6420 6365 4977
f 5295 5348 6350
f 6350 5348 6351
f 5301 6422 6420
f 6420 6422 6421
f 4113 4112 4086
f 4086 4112 4083
f 6320 4112 6880
f 6880 4112 4111
f 4091 4772 4092
f 4092 4772 4775
f 4129 4140 4091
f 4091 4140 4772
f 4137 4140 4128
f 4128 4140 4129
f 4128 6324 4137
f 4137 6324 6321
f 6324 6487 6321
f 6321 6487 6485
f 6487 6486 6485
f 6485 6486 6482
f 4774 4773 4779
f 4779 4773 4776
f 4773 4139 4776
f 4776 4139 4114
f 4139 4138 4114
f 4114 4138 4111
f 4138 6322 4111
f 4111 6322 6880
f 6322 6484 6880
f 6880 6484 6481
f 6484 6483 6481
f 6481 6483 6478
f 6879 6343 6309
f 6309 6343 4428
f 4106 4105 4900
f 4900 4105 6307
f 3500 3167 6495
f 6495 3167 6496
f 3500 6495 3070
f 3070 6495 5368
f 3502 5235 3501
f 3501 5235 4813
f 3024 3503 6473
f 6473 3503 6474
f 3503 3023 6474
f 6474 3023 6374
f 3504 1770 4348
f 4348 1770 4345
f 3502 3505 5235
f 5235 3505 4810
f 3498 3497 6500
f 6500 3497 6501
f 3496 3075 6502
f 6502 3075 6275
f 6299 4254 3174
f 3174 4254 3017
f 1769 3501 4814
f 4814 3501 4813
f 3506 3018 6476
f 6476 3018 4257
f 3507 3499 6499
f 6499 3499 6504
f 3030 4216 3483
f 3483 4216 4215
f 3077 3507 6333
f 6333 3507 6499
f 1784 3160 5249
f 5249 3160 6523
f 3015 3506 4240
f 4240 3506 6476
f 3508 3504 6383
f 6383 3504 4348
f 3509 3016 6477
f 6477 3016 4239
f 3028 3509 6467
f 6467 3509 6477
f 3022 1785 5246
f 5246 1785 5247
f 3161 3508 6570
f 6570 3508 6383
f 3150 3149 4694
f 4694 3149 6566
f 1327 4807 3510
f 3510 4807 4811
f 3510 4811 3505
f 3505 4811 4810
f 3146 3511 4816
f 4816 3511 4350
f 3511 1808 4350
f 4350 1808 4351
f 3485 4327 3159
f 3159 4327 4330
f 1326 3512 4806
f 4806 3512 6310
f 3512 1331 6310
f 6310 1331 4688

