# https://github.com/mikedh/trimesh
v -0.87290227 1.78929973 -1.47726703
v -0.87713140 1.77818108 -1.48926842
v -0.87872130 1.77114570 -1.47708976
v -0.87372273 1.77775311 -1.46416080
v -0.88290888 1.76442146 -1.48548806
v -0.88092905 1.76839495 -1.49651277
v -0.87763840 1.76154447 -1.46753299
v -0.87223363 1.76431036 -1.45541799
v -0.88341290 1.72429180 -1.46590197
v -0.88049310 1.71643734 -1.45814013
v -0.87780964 1.72822332 -1.45633471
v -0.88052809 1.73289990 -1.46518612
v -0.88653004 1.69828868 -1.47133219
v -0.89070374 1.69250226 -1.48330534
v -0.88680559 1.68053007 -1.47831917
v -0.88129771 1.68569970 -1.46714056
v -0.88358080 1.71416473 -1.51741278
v -0.88760209 1.70755267 -1.51436830
v -0.88791221 1.71350479 -1.50919020
v -0.88333058 1.71936035 -1.51274562
v -0.88008165 1.72556400 -1.52526629
v -0.87706667 1.72971964 -1.52095294
v -0.87681264 1.73514533 -1.52652621
v -0.88102239 1.73067284 -1.53111231
v -0.88156909 1.70917821 -1.52295136
v -0.88534909 1.70220900 -1.51935279
v -0.88070947 1.72017264 -1.52037001
v -0.88182515 1.71642756 -1.52436125
v -0.88813990 1.71406794 -1.53456295
v -0.88700318 1.71806645 -1.53140926
v -0.88941753 1.72165990 -1.53766549
v -0.88955384 1.71615863 -1.53940547
v -0.88394898 1.71032715 -1.52690494
v -0.88529986 1.71406317 -1.52770400
v -0.88632149 1.71123099 -1.53178740
v -0.88391942 1.70802903 -1.53120089
v -0.88242233 1.72222185 -1.52893054
v -0.88505572 1.72659850 -1.53473938
v -0.88694412 1.73033333 -1.54134142
v -0.89164722 1.72372532 -1.54475045
v -0.89235526 1.69223022 -1.50597179
v -0.89100343 1.70051336 -1.51045430
v -0.88887829 1.69582653 -1.51566732
v -0.89076972 1.68947935 -1.51184368
v -0.88278437 1.70418048 -1.52889740
v -0.88776094 1.68931556 -1.52970302
v -0.88726002 1.69292498 -1.52877760
v -0.88583773 1.69531977 -1.53519046
v -0.88661927 1.69188380 -1.53552103
v -0.89153439 1.67564321 -1.50039184
v -0.89099127 1.67620945 -1.50751841
v -0.89065057 1.66899514 -1.50710547
v -0.89034796 1.66659856 -1.50001693
v -0.88947743 1.66340518 -1.50926685
v -0.88862062 1.65805507 -1.50082934
v -0.88541251 1.64523685 -1.51017773
v -0.88717437 1.65061998 -1.50537753
v -0.88855469 1.65839934 -1.51341736
v -0.88859385 1.65480924 -1.52003729
v -0.88706154 1.66257048 -1.53286898
v -0.88574827 1.66254687 -1.53888643
v -0.88909781 1.65002322 -1.53683591
v -0.88914508 1.65195990 -1.52891445
v -0.88585490 1.68245506 -1.52874482
v -0.88616139 1.68139601 -1.52435720
v -0.88779873 1.68353748 -1.52514112
v -0.88746923 1.68582475 -1.52975726
v -0.88678598 1.68048811 -1.52073908
v -0.88731241 1.67998886 -1.51925468
v -0.88798749 1.68151593 -1.51982307
v -0.88717926 1.68155122 -1.52105474
v -0.88647729 1.68146849 -1.52282321
v -0.88634509 1.67996764 -1.52411997
v -0.88661933 1.68000686 -1.52177787
v -0.88637048 1.68033159 -1.52837098
v -0.88474375 1.68110132 -1.54234970
v -0.88601059 1.68102586 -1.53875661
v -0.88385296 1.68471098 -1.53840387
v -0.88261557 1.68509030 -1.54137385
v -0.88799411 1.68397379 -1.52163184
v -0.88868195 1.68513012 -1.51919496
v -0.88834935 1.68901777 -1.52314544
v -0.88789725 1.68618703 -1.52434635
v -0.88980418 1.68711507 -1.51669550
v -0.88844520 1.68240690 -1.51755238
v -0.88971609 1.68274903 -1.51470995
v -0.88701242 1.67846322 -1.51990211
v -0.88766307 1.67636311 -1.51741409
v -0.88854331 1.67907667 -1.51709211
v -0.88725001 1.67367971 -1.51967824
v -0.88660008 1.67725348 -1.52254796
v -0.88679785 1.67669928 -1.52690554
v -0.88705581 1.67657351 -1.53258801
v -0.88716471 1.67104721 -1.53002656
v -0.88726431 1.67190588 -1.52415895
v -0.88833445 1.69228983 -1.52035868
v -0.88960034 1.67774606 -1.51302767
v -0.89082724 1.68350780 -1.50913107
v -0.88924080 1.67299724 -1.51335657
v -0.88847965 1.66886902 -1.51554012
v -0.88776881 1.66581440 -1.51980758
v -0.88780242 1.66375136 -1.52632117
v -0.88387603 1.63787377 -1.52979541
v -0.88504517 1.64107084 -1.52050781
v -0.88094395 1.76012325 -1.49897540
v -0.88427263 1.75791550 -1.49086618
v -0.88394660 1.74883056 -1.48971236
v -0.88400930 1.75115919 -1.48760939
v -0.88269401 1.75370789 -1.49300671
v -0.88301396 1.75059021 -1.49387801
v -0.88175267 1.73680627 -1.47260618
v -0.88265103 1.74011660 -1.47849631
v -0.88235170 1.73591113 -1.47836769
v -0.88355118 1.73011518 -1.47270870
v -0.88434887 1.73136377 -1.48978674
v -0.88412315 1.73123813 -1.48434317
v -0.88283283 1.73885083 -1.48706043
v -0.88293642 1.73892033 -1.49100518
v -0.88214278 1.73929131 -1.49504900
v -0.88046080 1.73967099 -1.49896753
v -0.88136435 1.73463416 -1.49994445
v -0.88332027 1.73304725 -1.49526560
v -0.87960529 1.75559032 -1.49862707
v -0.87521631 1.75460184 -1.50452805
v -0.87608415 1.75169349 -1.50349200
v -0.88059795 1.75225306 -1.49908304
v -0.86747664 1.74368215 -1.50988090
v -0.86860758 1.74638963 -1.50911498
v -0.86742753 1.74825168 -1.51233244
v -0.86695105 1.74381518 -1.51326191
v -0.86869091 1.74080157 -1.51218855
v -0.86872649 1.74210346 -1.50944269
v -0.85988086 1.80934346 -1.47690570
v -0.86846226 1.79668152 -1.49065423
v -0.86344415 1.79784989 -1.46032822
v -0.86519951 1.78342867 -1.44856143
v -0.86547363 1.76663089 -1.44217074
v -0.89001697 1.67712808 -1.49015117
v -0.88813293 1.66642547 -1.48767555
v -0.88264549 1.66941714 -1.47373378
v -0.87933463 1.65816426 -1.47460806
v -0.88581836 1.65550923 -1.48888278
v -0.87711310 1.63830781 -1.50012410
v -0.88218534 1.64536262 -1.49333155
v -0.87283778 1.64768279 -1.47750247
v -0.86386341 1.65518820 -1.46135759
v -0.87127262 1.66399527 -1.46170807
v -0.85460538 1.66576767 -1.44819546
v -0.85238171 1.64593685 -1.46016860
v -0.84735489 1.66263628 -1.44596148
v -0.84816283 1.61246395 -1.47530961
v -0.84694272 1.60034239 -1.47129178
v -0.84504116 1.60416138 -1.45550728
v -0.84718740 1.61572289 -1.45828331
v -0.87658203 1.67398655 -1.46310115
v -0.87107873 1.73555589 -1.44815874
v -0.87552506 1.73957610 -1.45772231
v -0.87298405 1.72183585 -1.44783282
v -0.84428787 1.78377748 -1.41790891
v -0.85526884 1.78557706 -1.43371379
v -0.85871702 1.76857471 -1.42884803
v -0.84808040 1.76834846 -1.41555917
v -0.82464772 1.82014537 -1.43408096
v -0.84512907 1.81803918 -1.45507395
v -0.85077757 1.80431139 -1.44362867
v -0.83526701 1.80551732 -1.42535067
v -0.83917236 1.76463389 -1.40487218
v -0.82568741 1.75869131 -1.39365268
v -0.81320423 1.76933169 -1.38929045
v -0.82752103 1.77983856 -1.40292525
v -0.79528779 1.78571153 -1.38975418
v -0.81353706 1.79777122 -1.40531147
v -0.84251344 1.64833975 -1.44226098
v -0.83874726 1.66315389 -1.43702686
v -0.84921378 1.63005662 -1.46201789
v -0.84330517 1.63344359 -1.44548106
v -0.77736342 1.79643333 -1.39736032
v -0.79863328 1.81265545 -1.41407096
v -0.78912973 1.72177982 -1.38114643
v -0.79132169 1.74025726 -1.37897670
v -0.81068957 1.73427677 -1.38590562
v -0.80617756 1.71785748 -1.38669395
v -0.76813668 1.72593832 -1.37897480
v -0.77065361 1.74744773 -1.37621927
v -0.79599774 1.67156601 -1.40430820
v -0.80027676 1.66019917 -1.41687465
v -0.78581238 1.65800762 -1.41483343
v -0.77809173 1.66972721 -1.40248108
v -0.88276184 1.75860000 -1.47687125
v -0.88523680 1.75422549 -1.48363745
v -0.88441592 1.74908805 -1.47832131
v -0.88115531 1.75117493 -1.47069418
v -0.87599117 1.75114727 -1.46141171
v -0.87036562 1.75034976 -1.44999516
v -0.85849553 1.75297403 -1.42719650
v -0.84903938 1.75462818 -1.41443706
v -0.83203495 1.74699092 -1.39745533
v -0.84208101 1.75178957 -1.40638483
v -0.82142401 1.72478127 -1.39246535
v -0.81802416 1.71474218 -1.39393020
v -0.82691687 1.66729307 -1.42567062
v -0.82907504 1.64957285 -1.43333423
v -0.81515747 1.64982533 -1.42994165
v -0.81311458 1.66421378 -1.42030597
v -0.79092872 1.64544988 -1.42598546
v -0.80247182 1.64878058 -1.42768061
v -0.82880491 1.62049413 -1.43798077
v -0.82553726 1.60780764 -1.43515635
v -0.81249028 1.61048460 -1.42915726
v -0.81565356 1.62102604 -1.43341947
v -0.79907262 1.61041093 -1.42705417
v -0.78679270 1.61060905 -1.42928350
v -0.79009575 1.62216496 -1.43171358
v -0.80153394 1.62268710 -1.43157387
v -0.84580326 1.59515393 -1.49739456
v -0.84226477 1.58497655 -1.49406624
v -0.84408593 1.58708394 -1.48176599
v -0.84560537 1.59742785 -1.48583746
v -0.82212025 1.59815896 -1.43000746
v -0.80963284 1.60318422 -1.42313898
v -0.81113845 1.67556763 -1.40971911
v -0.82146716 1.68081546 -1.41360784
v -0.79640281 1.60303235 -1.42044318
v -0.80373454 1.63476467 -1.43206656
v -0.81694901 1.63462400 -1.43422925
v -0.77770871 1.64526153 -1.42802954
v -0.77149010 1.65591979 -1.41681290
v -0.87940073 1.72428060 -1.51640213
v -0.87482131 1.73740375 -1.50726449
v -0.87429142 1.74105787 -1.50560963
v -0.87107873 1.74163771 -1.50794244
v -0.87138832 1.73897719 -1.51006043
v -0.86767614 1.78223562 -1.51507223
v -0.87118775 1.76550007 -1.52010417
v -0.87723851 1.76900125 -1.50831366
v -0.87308657 1.78188109 -1.50244343
v -0.89298820 1.70750594 -1.48934937
v -0.89057434 1.71515226 -1.49890888
v -0.89165550 1.70695996 -1.50442255
v -0.89329302 1.69835091 -1.49867582
v -0.88306856 1.74187732 -1.48212266
v -0.88345140 1.74407148 -1.48037684
v -0.88383365 1.74430585 -1.48388147
v -0.89215142 1.68452477 -1.50313306
v -0.89223319 1.68763232 -1.49409842
v -0.87437451 1.70771456 -1.45122921
v -0.87991375 1.74240899 -1.46687841
v -0.81056613 1.83150434 -1.45020676
v -0.83556575 1.82811463 -1.47278690
v -0.76224834 1.80628991 -1.41026199
v -0.78464031 1.82284522 -1.42765021
v -0.75053269 1.75237203 -1.38179851
v -0.74747264 1.72963309 -1.38253903
v -0.73011398 1.73219705 -1.38921022
v -0.73260134 1.76067376 -1.39329934
v -0.76243079 1.66849446 -1.40411401
v -0.77658665 1.60965347 -1.43312788
v -0.77884871 1.62172461 -1.43408000
v -0.85283953 1.81466722 -1.49121666
v -0.86300963 1.79931450 -1.50536191
v -0.86360788 1.75096583 -1.43823636
v -0.88757443 1.71563363 -1.47029281
v -0.88683516 1.72430420 -1.47543013
v -0.88930684 1.72170305 -1.48065937
v -0.89059454 1.71034181 -1.47666728
v -0.88372731 1.70519805 -1.46452320
v -0.87595284 1.69481444 -1.45799613
v -0.86742711 1.68375993 -1.45040703
v -0.86174554 1.67207766 -1.44957602
v -0.81489456 1.74882650 -1.38633728
v -0.79656166 1.75744033 -1.37997115
v -0.77955031 1.76831269 -1.37920654
v -0.76089454 1.77670300 -1.38595426
v -0.82226574 1.74033856 -1.39124680
v -0.74519831 1.78388762 -1.39930665
v -0.88425481 1.69962740 -1.53437924
v -0.88541329 1.69801593 -1.52637780
v -0.88280725 1.70351720 -1.53492844
v -0.88659948 1.67637253 -1.53785920
v -0.88525921 1.67638469 -1.54198158
v -0.88454092 1.67039394 -1.54036474
v -0.88627386 1.67048538 -1.53569460
v -0.87189263 1.63126731 -1.51934409
v -0.87390798 1.63407111 -1.50971413
v -0.85006833 1.60543513 -1.50066447
v -0.84902537 1.60812068 -1.48967886
v -0.88507289 1.71249533 -1.53677535
v -0.88420641 1.71296108 -1.53807211
v -0.88265556 1.71127570 -1.53698504
v -0.88375884 1.71117270 -1.53539145
v -0.88747936 1.68228984 -1.52283728
v -0.88512653 1.69263625 -1.54033160
v -0.88386220 1.69274926 -1.54299676
v -0.88356239 1.68893766 -1.54243934
v -0.88505620 1.68874216 -1.53979814
v -0.86275113 1.63595045 -1.48352301
v -0.85232335 1.62497830 -1.47947621
v -0.83763278 1.60450292 -1.44446695
v -0.84082609 1.61826158 -1.44576430
v -0.83073968 1.63497925 -1.43703520
v -0.79101616 1.63495374 -1.43005240
v -0.78014404 1.63292789 -1.43246961
v -0.76106519 1.63493943 -1.44499838
v -0.75527084 1.64499807 -1.44041693
v -0.76522881 1.64476180 -1.43282402
v -0.76944083 1.63497043 -1.43847203
v -0.86245507 1.62755489 -1.49947298
v -0.86138535 1.62515259 -1.51011992
v -0.85470420 1.61701965 -1.50446701
v -0.85431600 1.61949015 -1.49384415
v -0.88292497 1.71015346 -1.54170835
v -0.88330609 1.70975566 -1.54387832
v -0.88181597 1.70692158 -1.54199064
v -0.88223517 1.70856929 -1.53991795
v -0.88316429 1.70894003 -1.53386271
v -0.88201398 1.70797467 -1.53576946
v -0.88230592 1.70621061 -1.53552663
v -0.88648629 1.71234632 -1.53625667
v -0.88495594 1.71052837 -1.53433776
v -0.88680947 1.71460438 -1.54238319
v -0.88732702 1.71397245 -1.53930855
v -0.89027858 1.71598434 -1.54534376
v -0.88259506 1.71085119 -1.53947496
v -0.88194889 1.70924640 -1.53821313
v -0.88269132 1.70996428 -1.53486180
v -0.88182598 1.70972490 -1.53618729
v -0.88540977 1.71418262 -1.54078019
v -0.88567626 1.71355784 -1.53870809
v -0.88210565 1.73523664 -1.53696179
v -0.87986678 1.73688674 -1.54270470
v -0.88475943 1.73139071 -1.54752195
v -0.88909054 1.72467828 -1.55194616
v -0.88871783 1.71661568 -1.55185044
v -0.85255474 1.61541915 -1.51181388
v -0.84800029 1.60409594 -1.50834620
v -0.85387027 1.79941487 -1.51948190
v -0.86090201 1.78080106 -1.52583921
v -0.88665050 1.68082929 -1.52149522
v -0.87609571 1.75908494 -1.50632370
v -0.88981283 1.72148585 -1.48881018
v -0.88145465 1.72492528 -1.50899982
v -0.88603473 1.72064090 -1.50475037
v -0.88333338 1.72785044 -1.50196636
v -0.87956190 1.73073363 -1.50621235
v -0.87115461 1.75687432 -1.51388335
v -0.86983484 1.75456333 -1.52433717
v -0.86797535 1.75102186 -1.51788878
v -0.86789876 1.74450469 -1.51911044
v -0.87190354 1.74580812 -1.52641106
v -0.87258643 1.73798656 -1.52191877
v -0.86927676 1.73908186 -1.51685476
v -0.88407016 1.74702978 -1.48645699
v -0.88416165 1.74785590 -1.48358309
v -0.87416679 1.73274350 -1.51711035
v -0.87720543 1.72853744 -1.51288974
v -0.87554699 1.73294759 -1.50981438
v -0.87197024 1.73556232 -1.51336920
v -0.88697743 1.72425938 -1.49636579
v -0.88268191 1.74337006 -1.47461927
v -0.88323367 1.73286009 -1.48042572
v -0.82800394 1.68751717 -1.41566312
v -0.83175784 1.67866158 -1.42463017
v -0.85172451 1.67274427 -1.43287408
v -0.85246092 1.67094016 -1.43774629
v -0.84533006 1.67288947 -1.43846869
v -0.84612703 1.67338407 -1.43147194
v -0.83713883 1.71853542 -1.40562952
v -0.83317077 1.72468138 -1.40177000
v -0.83833247 1.72748268 -1.40590882
v -0.83833432 1.72006583 -1.40739167
v -0.84189188 1.72495222 -1.41086471
v -0.84354740 1.72849584 -1.41140413
v -0.84479624 1.72135568 -1.41464674
v -0.84257841 1.72050393 -1.41236806
v -0.84280807 1.73940206 -1.40915203
v -0.84948623 1.73975706 -1.41667056
v -0.84808189 1.72795177 -1.41825008
v -0.86203837 1.73117661 -1.43684709
v -0.85571617 1.71766353 -1.43019199
v -0.85198122 1.72440195 -1.42464852
v -0.85572463 1.73745346 -1.42638648
v -0.85513741 1.67615628 -1.43877661
v -0.85720670 1.68429112 -1.43960023
v -0.83848673 1.67361951 -1.43309152
v -0.71585709 1.74427462 -1.40112090
v -0.72067064 1.77203274 -1.40546000
v -0.78928351 1.70404673 -1.38551247
v -0.76939774 1.70617628 -1.38494921
v -0.80536568 1.70298243 -1.39157128
v -0.81764042 1.70273256 -1.39847302
v -0.75075555 1.70858598 -1.38419580
v -0.73627663 1.70757866 -1.38983154
v -0.86628336 1.71432018 -1.43988371
v -0.85746586 1.70622396 -1.43472564
v -0.79070288 1.68731523 -1.39454710
v -0.77255630 1.68736243 -1.39248693
v -0.80705428 1.68816948 -1.39925873
v -0.81876081 1.69142210 -1.40416646
v -0.75371665 1.69073915 -1.39310813
v -0.74693692 1.66882110 -1.41144574
v -0.73744363 1.68620420 -1.40221608
v -0.85062885 1.68396103 -1.42950940
v -0.85318166 1.68350565 -1.43372214
v -0.85268092 1.67719150 -1.43428946
v -0.85313874 1.67846990 -1.43032992
v -0.86659068 1.69951606 -1.44445395
v -0.85834908 1.69453120 -1.43696105
v -0.87767452 1.74016047 -1.53216708
v -0.87022954 1.74804926 -1.53358495
v -0.87531024 1.74229932 -1.53808248
v -0.86660862 1.75578761 -1.53068531
v -0.77428871 1.82968593 -1.44822371
v -0.79719526 1.83544898 -1.46818995
v -0.73457915 1.79648745 -1.41662502
v -0.75293714 1.81583285 -1.43146026
v -0.88373452 1.66280591 -1.54330194
v -0.88714200 1.64915848 -1.54328954
v -0.88320154 1.70010018 -1.53957546
v -0.88192403 1.69973505 -1.54212499
v -0.88301319 1.69619775 -1.54262710
v -0.88420051 1.69639325 -1.53992069
v -0.87047917 1.75216436 -1.50921416
v -0.75781304 1.65565586 -1.42301977
v -0.76949292 1.62171364 -1.43993878
v -0.76709831 1.60914326 -1.43886304
v -0.78323865 1.60145307 -1.42213881
v -0.77210844 1.59996676 -1.42726326
v -0.88138306 1.70334220 -1.54197788
v -0.88218713 1.70354950 -1.53935218
v -0.88386434 1.71319938 -1.54050660
v -0.88662750 1.68798292 -1.53530633
v -0.88180381 1.70626402 -1.53899205
v -0.88192475 1.70807493 -1.53806615
v -0.88102478 1.70668817 -1.54390478
v -0.88053983 1.70319009 -1.54320168
v -0.87839574 1.73614955 -1.50399029
v -0.87757158 1.74057651 -1.50249732
v -0.88623530 1.71238446 -1.54540443
v -0.88472694 1.71269965 -1.54298735
v -0.88472676 1.71173453 -1.54839480
v -0.84578651 1.58892190 -1.46685791
v -0.84224766 1.59179389 -1.45212007
v -0.88275313 1.69269538 -1.54455864
v -0.88244641 1.68879378 -1.54418838
v -0.82298553 1.83144784 -1.49066782
v -0.73611122 1.66557789 -1.42340910
v -0.72661221 1.68064642 -1.41460586
v -0.85177332 1.70870566 -1.42711544
v -0.84987122 1.70381451 -1.42402101
v -0.84775788 1.71013308 -1.42004943
v -0.84950370 1.71536136 -1.42327309
v -0.84406835 1.59384882 -1.50567508
v -0.83311254 1.59415352 -1.43969405
v -0.76193208 1.59839964 -1.43409848
v -0.88276798 1.74014068 -1.48232126
v -0.88281602 1.73898530 -1.48406565
v -0.87173855 1.74936843 -1.50692296
v -0.71989477 1.70878553 -1.40682805
v -0.88662779 1.68031549 -1.53382683
v -0.88509780 1.68367720 -1.53416038
v -0.76192212 1.62291908 -1.44746363
v -0.85940582 1.62334824 -1.51776290
v -0.88296288 1.70958328 -1.54551733
v -0.74797225 1.65566230 -1.43393517
v -0.84262329 1.71379948 -1.41213775
v -0.84592873 1.71294928 -1.41326201
v -0.84604257 1.70995593 -1.41410553
v -0.84428114 1.71030736 -1.41420186
v -0.84878314 1.71671128 -1.41441345
v -0.84862077 1.71324849 -1.41323709
v -0.84852332 1.71548080 -1.41082811
v -0.84814280 1.71915627 -1.41167688
v -0.84759122 1.71928525 -1.41848075
v -0.84846914 1.71391320 -1.41717446
v -0.84770697 1.71662593 -1.40860689
v -0.84826797 1.71938729 -1.40880358
v -0.84540278 1.72090173 -1.40951252
v -0.84053457 1.72050524 -1.40961111
v -0.84709048 1.71922565 -1.40492499
v -0.84311920 1.72099030 -1.40571082
v -0.84512579 1.71761847 -1.40021110
v -0.84025377 1.71961188 -1.40169144
v -0.84240407 1.71359682 -1.39633322
v -0.83743179 1.71479607 -1.39889085
v -0.85376376 1.69073105 -1.43171644
v -0.84928793 1.68968892 -1.42698443
v -0.84108531 1.70780635 -1.39483202
v -0.83573043 1.70813751 -1.39823163
v -0.84046680 1.70083761 -1.39542222
v -0.83545798 1.70080209 -1.39860332
v -0.84081882 1.69400501 -1.39823794
v -0.83646131 1.69355583 -1.40077472
v -0.84205335 1.68769693 -1.40192473
v -0.83771306 1.68623137 -1.40477526
v -0.84450930 1.68214417 -1.40717876
v -0.84060585 1.67861986 -1.41076648
v -0.84249806 1.71554303 -1.40241301
v -0.84096330 1.71185732 -1.39967310
v -0.83545226 1.71434569 -1.40705526
v -0.84509975 1.71751440 -1.40577674
v -0.84132874 1.70390773 -1.41180015
v -0.83906609 1.70665741 -1.41219163
v -0.83989632 1.70544910 -1.41258216
v -0.83829308 1.70337152 -1.41186440
v -0.85044926 1.69683003 -1.42568469
v -0.84878016 1.69614530 -1.42220378
v -0.84840310 1.70160294 -1.42149246
v -0.84780067 1.69208956 -1.42375529
v -0.84632844 1.69336915 -1.42340446
v -0.84598786 1.69698954 -1.42325711
v -0.84540278 1.70098209 -1.42302442
v -0.84532279 1.69121766 -1.42219758
v -0.84656870 1.68937743 -1.42226326
v -0.84450322 1.69242227 -1.42268407
v -0.84499633 1.69345403 -1.42349052
v -0.84370524 1.69566965 -1.42315376
v -0.84200144 1.69816184 -1.42060947
v -0.85351843 1.69967377 -1.42975152
v -0.83542788 1.69119382 -1.41556072
v -0.83707047 1.68337202 -1.42156267
v -0.84691012 1.67911196 -1.41403663
v -0.84572500 1.67293859 -1.41750824
v -0.85362560 1.67430496 -1.42716730
v -0.85116369 1.67062426 -1.42291117
v -0.83432132 1.70870662 -1.40744209
v -0.83343798 1.70288539 -1.40765190
v -0.84139651 1.67773676 -1.42759275
v -0.83366883 1.69695520 -1.40989554
v -0.84316438 1.68646812 -1.40850854
v -0.84427857 1.68445253 -1.41374135
v -0.84203106 1.69025970 -1.40411127
v -0.84806365 1.68640113 -1.42321289
v -0.85091430 1.68099308 -1.42471194
v -0.84953648 1.67907405 -1.41959512
v -0.84585726 1.68469214 -1.41885293
v -0.84327805 1.69003749 -1.41000795
v -0.84324712 1.68884015 -1.41450417
v -0.84145266 1.69307446 -1.41160214
v -0.84158474 1.69235849 -1.41582525
v -0.84357423 1.69139934 -1.41966105
v -0.84446430 1.68873882 -1.41896713
v -0.83908606 1.69517970 -1.41786778
v -0.83973855 1.69672012 -1.41380239
v -0.84235889 1.69334221 -1.42104602
v -0.84209830 1.69554114 -1.40894639
v -0.84272486 1.69888091 -1.40632188
v -0.84306324 1.70199966 -1.40904832
v -0.84125739 1.69911611 -1.41110229
v -0.84033436 1.69534349 -1.40129387
v -0.84264773 1.69669676 -1.40327680
v -0.84284222 1.69293392 -1.40637100
v -0.84193367 1.70151961 -1.40125227
v -0.83950794 1.70146978 -1.39935482
v -0.84245056 1.70226955 -1.40412152
v -0.84288841 1.70396745 -1.40623569
v -0.84225953 1.71043825 -1.40184259
v -0.84177428 1.70644557 -1.40091825
v -0.84015173 1.70726657 -1.39857268
v -0.84286809 1.70591509 -1.40337181
v -0.84276235 1.70910692 -1.40401900
v -0.84281570 1.70801687 -1.40586507
v -0.84272850 1.70589972 -1.40499234
v -0.84545857 1.71644461 -1.40918303
v -0.84600955 1.71545768 -1.41144538
v -0.84422535 1.71562576 -1.40679395
v -0.84312606 1.71700954 -1.40840399
v -0.84356004 1.71386218 -1.40798914
v -0.84257954 1.71626782 -1.40992916
v -0.84366673 1.71239138 -1.40947902
v -0.84315825 1.70999098 -1.41164804
v -0.83891469 1.56066251 -1.48627102
v -0.83999014 1.57346034 -1.49001873
v -0.83617175 1.57130086 -1.49990165
v -0.83254796 1.55915368 -1.49644399
v -0.84342378 1.71007919 -1.40760779
v -0.84294617 1.71169484 -1.40580559
v -0.84252787 1.71382499 -1.40388978
v -0.84290320 1.70595276 -1.41033828
v -0.84310657 1.70494771 -1.40900373
v -0.84300476 1.70629358 -1.40769696
v -0.84309953 1.70804119 -1.40943491
v -0.84712481 1.70517945 -1.41991687
v -0.84406221 1.70321894 -1.41917098
v -0.84199131 1.69956589 -1.41684508
v -0.84772104 1.54292274 -1.44893324
v -0.84901774 1.54965782 -1.43019056
v -0.84300482 1.55917776 -1.43489647
v -0.84307784 1.55385351 -1.45172036
v -0.86359686 1.51586235 -1.45006871
v -0.86890548 1.49579656 -1.45559371
v -0.87624300 1.49838567 -1.43618798
v -0.86877120 1.52212679 -1.42299962
v -0.88374931 1.47934389 -1.44720352
v -0.87590772 1.47745955 -1.46345055
v -0.90605319 1.42797124 -1.47397876
v -0.89821237 1.44444001 -1.46535087
v -0.89141756 1.44465733 -1.48086810
v -0.89898127 1.42756903 -1.48878467
v -0.94400340 1.34368277 -1.47873211
v -0.94134218 1.34563327 -1.49183369
v -0.93407226 1.32891989 -1.49694848
v -0.93626875 1.32440913 -1.48225319
v -0.90536743 1.43973422 -1.39659917
v -0.90498370 1.42913008 -1.38963735
v -0.90081650 1.44392610 -1.38242006
v -0.90039009 1.45582783 -1.38898981
v -0.85588211 1.56157875 -1.38278282
v -0.84642923 1.56624961 -1.39026880
v -0.85392267 1.55158556 -1.40715897
v -0.86484343 1.54520142 -1.40101600
v -0.92561823 1.36304092 -1.41453052
v -0.93042248 1.37173760 -1.42375612
v -0.93483013 1.35857606 -1.42992580
v -0.92997003 1.34940815 -1.42239785
v -0.89438117 1.27765131 -1.44034171
v -0.89691550 1.27604699 -1.45887876
v -0.89558119 1.25814736 -1.46092236
v -0.89297032 1.25906241 -1.44139206
v -0.87025839 1.30333126 -1.38070774
v -0.86736250 1.28638315 -1.38192165
v -0.84932512 1.28911889 -1.36734414
v -0.85105783 1.30485713 -1.36607432
v -0.91468209 1.42499471 -1.44636202
v -0.90761286 1.44046950 -1.43713570
v -0.90367490 1.44284141 -1.45068264
v -0.91118830 1.42713928 -1.45968783
v -0.86838794 1.31083095 -1.27693117
v -0.87427258 1.33415675 -1.28749597
v -0.86466187 1.32765508 -1.29765117
v -0.85842025 1.30571127 -1.28703320
v -0.87700802 1.19998276 -1.39455557
v -0.87964553 1.18424022 -1.39793384
v -0.86333013 1.18649459 -1.38098991
v -0.86089861 1.20331621 -1.37869430
v -0.90945464 1.45397997 -1.32328069
v -0.90808749 1.46639132 -1.30604351
v -0.91010398 1.48427415 -1.31359625
v -0.91278487 1.46998358 -1.33092546
v -0.91312879 1.40785170 -1.40428221
v -0.90943736 1.41809404 -1.39720333
v -0.91039079 1.42669034 -1.40489256
v -0.91521132 1.41473663 -1.41282213
v -0.85378355 1.33385587 -1.35634112
v -0.85371965 1.34916711 -1.35152078
v -0.87042856 1.34806740 -1.36185312
v -0.87201142 1.33272696 -1.36811912
v -0.87184262 1.31761765 -1.37452674
v -0.85289592 1.31878662 -1.36165476
v -0.91648942 1.41889191 -1.42270339
v -0.91058689 1.43367481 -1.41368830
v -0.90993553 1.43746030 -1.42445755
v -0.91645485 1.42221510 -1.43401051
v -0.92098248 1.31524789 -1.50010276
v -0.92304355 1.31014216 -1.48220253
v -0.89240944 1.18164456 -1.41893816
v -0.88999528 1.19695306 -1.41466296
v -0.89633858 1.19377172 -1.43719125
v -0.89914936 1.17932296 -1.44207191
v -0.89702922 1.29127145 -1.47602808
v -0.89833909 1.29164195 -1.45868492
v -0.91026521 1.30120993 -1.46214092
v -0.90807575 1.30142999 -1.47896206
v -0.90081346 1.17783713 -1.46631241
v -0.89748859 1.19154644 -1.46036625
v -0.89709574 1.18988633 -1.48161745
v -0.90122724 1.17406332 -1.48676121
v -0.89110124 1.46171033 -1.45684683
v -0.88378251 1.46083736 -1.47201753
v -0.94278115 1.34465921 -1.45332479
v -0.94438404 1.34364104 -1.46551514
v -0.93705100 1.32394242 -1.46761250
v -0.93672282 1.32623398 -1.45392573
v -0.89698482 1.40442789 -1.37570620
v -0.89126897 1.41300261 -1.36852741
v -0.89833909 1.42913055 -1.37409687
v -0.90288132 1.41670382 -1.38267303
v -0.86769879 1.17048252 -1.38145947
v -0.88408959 1.16925979 -1.39935362
v -0.90523857 1.16258872 -1.46795297
v -0.90491217 1.15865517 -1.48979616
v -0.84350389 1.41588569 -1.33109486
v -0.85185963 1.41681075 -1.33705664
v -0.85431367 1.41070664 -1.34111631
v -0.84606105 1.41058540 -1.33428204
v -0.91930455 1.35060430 -1.52455151
v -0.92005712 1.32839727 -1.51645684
v -0.93220848 1.34077537 -1.50810146
v -0.92931455 1.35891771 -1.51260281
v -0.92462617 1.31236541 -1.45138502
v -0.92439049 1.30979741 -1.46590936
v -0.91108489 1.30352139 -1.44664705
v -0.90454632 1.34210730 -1.53451002
v -0.90011245 1.31643629 -1.52125299
v -0.87468052 1.45767975 -1.48720706
v -0.88270539 1.44209003 -1.49567103
v -0.86798829 1.47527432 -1.48062742
v -0.86175346 1.49337947 -1.47512627
v -0.85369748 1.49135411 -1.49259591
v -0.85959142 1.47284889 -1.49744487
v -0.85708952 1.51242936 -1.47156858
v -0.84939003 1.50952911 -1.48939919
v -0.84384757 1.53889501 -1.46767890
v -0.84105277 1.55033088 -1.46898091
v -0.90625155 1.40755868 -1.38970172
v -0.90955305 1.39835143 -1.39594889
v -0.90306813 1.16521502 -1.44391751
v -0.77831900 1.50223982 -1.33210945
v -0.79323375 1.50304747 -1.32462335
v -0.78447431 1.48747110 -1.32495308
v -0.77051407 1.48495698 -1.33202767
v -0.87725836 1.54243016 -1.39095533
v -0.86451089 1.56005597 -1.37469471
v -0.81328994 1.42935979 -1.31435502
v -0.81601900 1.42187452 -1.31864572
v -0.81272525 1.41713834 -1.32179868
v -0.80914325 1.42665935 -1.31728590
v -0.82766169 1.41633701 -1.32082117
v -0.82166308 1.41919589 -1.31602466
v -0.81425190 1.41267109 -1.31212986
v -0.81901157 1.40877604 -1.31686759
v -0.84455723 1.18966389 -1.36951685
v -0.84074873 1.20717049 -1.36844873
v -0.79292643 1.32312727 -1.34576797
v -0.79810536 1.33888280 -1.33940148
v -0.81609732 1.32941926 -1.34343886
v -0.81228375 1.31390417 -1.34920502
v -0.71534497 1.47893190 -1.40034437
v -0.72492307 1.48206890 -1.38423502
v -0.72115201 1.46618652 -1.38363230
v -0.71164024 1.46302962 -1.39964676
v -0.75561887 1.50834608 -1.35312748
v -0.74147362 1.50233519 -1.36836660
v -0.74662036 1.51658607 -1.36972892
v -0.76222056 1.52364039 -1.35443890
v -0.76302195 1.49795043 -1.34157276
v -0.75644356 1.48055446 -1.34083247
v -0.83677512 1.33810639 -1.34666836
v -0.83862865 1.35296035 -1.34348786
v -0.83869040 1.37485695 -1.33853769
v -0.83922291 1.38346875 -1.33659601
v -0.85023242 1.38141060 -1.34267104
v -0.85098225 1.37238073 -1.34496772
v -0.83763456 1.57256317 -1.39717460
v -0.83109939 1.57465923 -1.37597620
v -0.82146084 1.58062017 -1.38456464
v -0.76311785 1.56297445 -1.38690817
v -0.77339333 1.56687093 -1.38152885
v -0.77256602 1.56135082 -1.37537074
v -0.75969547 1.55700493 -1.38410425
v -0.71408188 1.39497936 -1.37817812
v -0.71779937 1.37110472 -1.37918353
v -0.70298451 1.37298751 -1.39481699
v -0.70022684 1.39544964 -1.39267492
v -0.83046085 1.39606512 -1.33113050
v -0.82291669 1.40139699 -1.32763577
v -0.82378089 1.40942669 -1.32580400
v -0.83022356 1.40356231 -1.32876098
v -0.82047212 1.39360225 -1.32860816
v -0.82949716 1.38737488 -1.33211076
v -0.82790101 1.37875295 -1.33339751
v -0.81801432 1.38500047 -1.32973218
v -0.80469185 1.35368025 -1.33537531
v -0.81104565 1.36732829 -1.33360457
v -0.82458532 1.35996747 -1.33773541
v -0.82068479 1.34506917 -1.33955133
v -0.71435416 1.30203795 -1.40552306
v -0.70901042 1.32369828 -1.40049458
v -0.72252983 1.32210636 -1.38710499
v -0.72539490 1.29974914 -1.39115810
v -0.86463010 1.41081536 -1.34219038
v -0.85606378 1.39809883 -1.33706498
v -0.86818838 1.39871693 -1.34223700
v -0.87486649 1.40920639 -1.34721029
v -0.81064409 1.42067003 -1.29458416
v -0.81268209 1.42518616 -1.29014444
v -0.81189018 1.41866815 -1.28360105
v -0.80925548 1.41500700 -1.28799641
v -0.83558983 1.37806582 -1.32584727
v -0.82724357 1.35992670 -1.31796348
v -0.84005278 1.36143780 -1.32284081
v -0.84791148 1.38084245 -1.33116746
v -0.85253179 1.56322610 -1.35001433
v -0.84614474 1.56723011 -1.35835075
v -0.87339073 1.55714977 -1.36603010
v -0.82519299 1.39380920 -1.32298505
v -0.81665689 1.39662361 -1.31786108
v -0.80808121 1.38444352 -1.31014609
v -0.81508619 1.37973619 -1.31644583
v -0.87243152 1.31796956 -1.26287270
v -0.87816626 1.34146667 -1.27383173
v -0.81009072 1.34283137 -1.30285263
v -0.81575513 1.36014044 -1.31324708
v -0.80734915 1.36370516 -1.30713248
v -0.80209446 1.34668505 -1.29486060
v -0.80955350 1.29864311 -1.35337770
v -0.79009575 1.30670476 -1.35183740
v -0.80236447 1.19616723 -1.36188900
v -0.79780656 1.21595728 -1.36331630
v -0.81874901 1.21205091 -1.36332977
v -0.82358491 1.19321704 -1.36291194
v -0.84786475 1.17270327 -1.36973119
v -0.80596739 1.17613482 -1.36233473
v -0.82695568 1.17440808 -1.36347747
v -0.81164002 1.59117031 -1.40453482
v -0.81568301 1.58560240 -1.39404190
v -0.79574096 1.58490729 -1.39281297
v -0.79455882 1.59122241 -1.40251708
v -0.87232822 1.05978584 -1.35548520
v -0.89481574 1.06358731 -1.37238908
v -0.89935833 1.03486514 -1.37296319
v -0.87426841 1.03023791 -1.35762537
v -0.76091158 1.57646132 -1.40623164
v -0.76419246 1.58427620 -1.41341507
v -0.77834743 1.58767879 -1.40635967
v -0.77711797 1.58066320 -1.39782298
v -0.87006336 1.08653140 -1.35626900
v -0.89095271 1.08706844 -1.37286341
v -0.82540154 1.58423853 -1.41424668
v -0.83107269 1.57804477 -1.40489328
v -0.83389026 1.57500482 -1.42680395
v -0.83874393 1.56754732 -1.41902947
v -0.83953571 1.56906652 -1.44111693
v -0.91115922 1.06228161 -1.39298224
v -0.91856933 1.03654361 -1.39364433
v -0.79418826 1.59744048 -1.41209960
v -0.77954334 1.59460163 -1.41487491
v -0.76764858 1.59205604 -1.42060220
v -0.75716627 1.59073603 -1.42920816
v -0.74761629 1.58974624 -1.43944800
v -0.75186038 1.59740281 -1.44192648
v -0.87409914 1.15519547 -1.37964785
v -0.85340178 1.15594196 -1.36603773
v -0.81515449 0.91274548 -1.37132800
v -0.83202142 0.89772826 -1.38529301
v -0.80063421 0.89516377 -1.39806437
v -0.78736317 0.90916109 -1.38237524
v -0.72822207 0.92706358 -1.42114747
v -0.75858349 0.91344082 -1.39868474
v -0.76932091 0.90223825 -1.41583645
v -0.73978013 0.91734529 -1.43741429
v -0.71094656 1.05294824 -1.38637555
v -0.71434319 1.07612705 -1.38914752
v -0.73505962 1.07328749 -1.36946511
v -0.73161620 1.05000830 -1.36623263
v -0.83126861 1.15682936 -1.35944700
v -0.80957639 1.15687692 -1.35817409
v -0.88953787 1.15485013 -1.39892924
v -0.95780557 0.91934764 -1.43982530
v -0.96194154 0.88756353 -1.45049143
v -0.93971509 0.87536395 -1.42439497
v -0.93673468 0.90676236 -1.40980244
v -0.87957561 0.85934395 -1.40605366
v -0.84740311 0.85651779 -1.41594338
v -0.84047145 0.87809771 -1.40006530
v -0.87326133 0.88359809 -1.38971066
v -0.90220332 1.15546691 -1.51139081
v -0.90415615 1.13897753 -1.51460969
v -0.90700179 1.14315963 -1.49241996
v -0.87900567 1.14966440 -1.56561244
v -0.87979078 1.13260078 -1.57025456
v -0.89018935 1.13397908 -1.55383730
v -0.88944185 1.15117049 -1.54856908
v -0.86593002 1.03070331 -1.55760682
v -0.87322360 1.05409276 -1.55705965
v -0.86394006 1.05263996 -1.56954789
v -0.85829902 1.03094339 -1.56792593
v -0.92182755 1.06190395 -1.41782951
v -0.91574097 1.08313441 -1.41679120
v -0.91767800 1.08086038 -1.44345927
v -0.92382222 1.06052125 -1.44504166
v -0.78066480 0.89582163 -1.43576324
v -0.75483686 0.91314840 -1.45490897
v -0.96542317 0.93494010 -1.47315204
v -0.97213900 0.90235656 -1.48392999
v -0.96734363 0.91388702 -1.51743495
v -0.95984823 0.94504249 -1.50599742
v -0.94094402 0.94857955 -1.53277159
v -0.94737571 0.91903514 -1.54358864
v -0.82969737 0.94928098 -1.54138231
v -0.83135146 0.94436175 -1.54398060
v -0.85650665 0.96497893 -1.54649794
v -0.85162932 0.97494364 -1.54725778
v -0.71117610 0.96274114 -1.39885342
v -0.73605257 0.95312953 -1.37770760
v -0.74602318 0.93211186 -1.38687944
v -0.71830457 0.94369495 -1.40816879
v -0.78851247 1.15656388 -1.36123431
v -0.78610259 1.17705631 -1.36592507
v -0.76815134 1.17844737 -1.37330532
v -0.76542836 1.20156980 -1.37418783
v -0.78276217 1.19887698 -1.36604416
v -0.75332159 1.32800150 -1.35994041
v -0.75596547 1.34621835 -1.35104942
v -0.77453554 1.33308911 -1.34649110
v -0.77163303 1.31671047 -1.35397685
v -0.73592281 1.48700249 -1.36762261
v -0.73064607 1.47012186 -1.36711442
v -0.81495249 0.86422253 -1.43241346
v -0.82984525 0.83681428 -1.44370282
v -0.80774504 0.84719318 -1.46657503
v -0.78820312 0.88363409 -1.45976102
v -0.88564235 0.83296210 -1.42192221
v -0.91042620 0.86681890 -1.40758038
v -0.91369921 0.83864379 -1.42382538
v -0.96595097 0.85831451 -1.46408963
v -0.94221526 0.84667790 -1.43935263
v -0.97277665 0.88335180 -1.52916718
v -0.95279813 0.88910234 -1.55375791
v -0.85877335 0.90425968 -1.56411517
v -0.86222732 0.87928098 -1.56796598
v -0.89163285 0.88475800 -1.57194948
v -0.88813365 0.91058815 -1.56614864
v -0.88948524 1.02696121 -1.52844763
v -0.89717674 1.01205707 -1.52450895
v -0.91306442 1.02956510 -1.50096428
v -0.90889496 1.04478872 -1.49958706
v -0.88775963 1.16835022 -1.54312193
v -0.87982535 1.16614878 -1.55768120
v -0.89921802 1.17162061 -1.50725305
v -0.89453262 1.16998625 -1.52675200
v -0.89661014 1.15294313 -1.53123140
v -0.88677073 1.24257791 -1.52701676
v -0.88627595 1.22465611 -1.53214920
v -0.89190626 1.22381830 -1.51241636
v -0.89355093 1.24120522 -1.50677872
v -0.89478225 1.25970745 -1.50146878
v -0.88774353 1.26141286 -1.52182722
v -0.88467860 1.29927635 -1.51311028
v -0.89284784 1.29383659 -1.49423826
v -0.90449804 1.30527616 -1.49860597
v -0.86554480 1.45473886 -1.50297415
v -0.87232620 1.43814015 -1.50966287
v -0.93088466 1.03795147 -1.41909003
v -0.78675842 0.88872063 -1.49452341
v -0.79899532 0.85665506 -1.49600840
v -0.80522758 0.86355621 -1.52311659
v -0.79792058 0.89107561 -1.52059937
v -0.90585071 1.08504653 -1.39374113
v -0.89627928 1.16757631 -1.42053187
v -0.90064096 1.15306354 -1.42088699
v -0.88900048 1.30565786 -1.40205097
v -0.88143855 1.28520942 -1.40083766
v -0.93748355 1.35046232 -1.50048041
v -0.93599290 1.36360013 -1.50018513
v -0.90597445 0.89449167 -1.39083922
v -0.97638118 0.85379916 -1.54019248
v -0.95681906 0.85883147 -1.56354332
v -0.96010798 0.82821918 -1.57368791
v -0.97982466 0.82377130 -1.55125260
v -0.84553927 0.84554255 -1.56045616
v -0.85398179 0.81497914 -1.56371367
v -0.87409735 0.82194132 -1.57495487
v -0.86737353 0.85170138 -1.57160878
v -0.86414176 0.78476340 -1.56882119
v -0.87208903 0.75497496 -1.57433653
v -0.88892859 0.76070243 -1.58798265
v -0.88294774 0.79148543 -1.58172178
v -0.97721338 0.87193608 -1.49649215
v -0.97464865 0.80352831 -1.49334550
v -0.96999627 0.83174926 -1.47981691
v -0.98055285 0.84318179 -1.50956738
v -0.98443234 0.81391883 -1.52168548
v -0.85695380 0.83147913 -1.42988265
v -0.83469969 0.89828837 -1.55622816
v -0.83895522 0.87414849 -1.55813003
v -0.83121997 0.79951239 -1.52990437
v -0.81712908 0.83139199 -1.52592409
v -0.81375939 0.82253736 -1.50053024
v -0.82918251 0.79102486 -1.50642920
v -0.90291840 0.78253716 -1.44952822
v -0.89427537 0.80780745 -1.43680227
v -0.92148757 0.81350070 -1.44039512
v -0.92907941 0.78772306 -1.45453060
v -0.94812125 0.82158756 -1.45617354
v -0.95374316 0.79465234 -1.47106671
v -0.98373020 0.74921364 -1.52043188
v -0.97923213 0.77619177 -1.50692630
v -0.98767298 0.78536963 -1.53455579
v -0.99099922 0.75813568 -1.54740131
v -0.96596414 0.74146563 -1.49694979
v -0.96004361 0.76793224 -1.48394465
v -0.94430798 0.73647487 -1.48069382
v -0.93738860 0.76180089 -1.46747720
v -0.92116171 0.73338163 -1.47522795
v -0.91232604 0.75768411 -1.46196389
v -0.89901131 0.73132771 -1.47654963
v -0.88853014 0.75498861 -1.46498787
v -0.86693621 0.75498986 -1.47582865
v -0.87966210 0.73111731 -1.48606086
v -0.86526626 0.73332393 -1.50089729
v -0.85184044 0.75844038 -1.49218440
v -0.85539824 0.74253488 -1.53927100
v -0.84429646 0.77012700 -1.53457236
v -0.84336132 0.76308483 -1.51299286
v -0.85626751 0.73713219 -1.51945245
v -0.88681543 0.63457245 -1.55733001
v -0.87717742 0.66273034 -1.55256772
v -0.88611710 0.66186970 -1.53684378
v -0.89682156 0.63474476 -1.54296041
v -0.90543699 0.63524467 -1.52921557
v -0.89751339 0.66171497 -1.52447820
v -0.90791625 0.66214114 -1.51287246
v -0.91712689 0.63536423 -1.51778316
v -0.94144869 0.66332221 -1.50766957
v -0.95004243 0.63758224 -1.51351666
v -0.93152285 0.63638109 -1.51161098
v -0.92295337 0.66235644 -1.50626254
v -0.96420819 0.66465300 -1.51253092
v -0.97189575 0.64017975 -1.51959252
v -0.98330909 0.66824681 -1.52845669
v -0.98818016 0.64298385 -1.53793931
v -0.99410564 0.67180723 -1.55423844
v -0.99709034 0.64696085 -1.56289053
v -0.89842218 0.67199796 -1.60091901
v -0.88267457 0.66914493 -1.58814490
v -0.88870150 0.63990164 -1.59071612
v -0.90252429 0.64333415 -1.60466087
v -0.94473445 0.67900312 -1.61775720
v -0.94608778 0.64880890 -1.61632073
v -0.97095102 0.65640002 -1.62166488
v -0.97182590 0.68448883 -1.62045729
v -0.98811954 0.72276574 -1.53313708
v -0.97105974 0.71627915 -1.50914299
v -0.95022053 0.71224314 -1.49314892
v -0.92837870 0.71034902 -1.48831725
v -0.86367732 0.71621186 -1.54415512
v -0.86752898 0.71241027 -1.52545285
v -0.89359063 0.73050201 -1.59340334
v -0.87731045 0.72612172 -1.57983792
v -0.99120373 0.71021646 -1.59780121
v -0.99856967 0.70472085 -1.57222629
v -0.99468416 0.73126620 -1.55995643
v -0.98659730 0.73759753 -1.58537722
v -0.97716129 0.69246781 -1.51965785
v -0.95670259 0.68866497 -1.50397015
v -0.93516582 0.68693769 -1.49939942
v -0.90089625 0.68546945 -1.50586390
v -0.91657370 0.68588048 -1.49890661
v -0.88845807 0.68628412 -1.51728630
v -0.87056106 0.68986923 -1.54806948
v -0.87692827 0.68767273 -1.53113496
v -0.89697909 0.70075923 -1.59706509
v -0.88071507 0.69747597 -1.58435833
v -0.99494791 0.65811503 -1.60991704
v -1.00400996 0.65294325 -1.58690536
v -1.00169039 0.67817837 -1.58136082
v -0.99557728 0.68408334 -1.60756302
v -0.99215287 0.63146919 -1.60915899
v -0.97226226 0.62919891 -1.61991119
v -0.92555720 0.60906541 -1.52209198
v -0.91344661 0.60819554 -1.53233540
v -0.94049281 0.60926229 -1.51686490
v -0.99371248 0.61687893 -1.54600561
v -0.97963154 0.61400533 -1.52526355
v -1.00308895 0.62091398 -1.57055426
v -1.00384545 0.62894505 -1.59150732
v -0.90878129 0.58455050 -1.59508777
v -0.92029482 0.58809030 -1.60795772
v -0.91117185 0.61755049 -1.60605514
v -0.89949024 0.61338562 -1.59256303
v -0.90374690 0.57933122 -1.56419814
v -0.89982200 0.60864258 -1.56275403
v -0.90665567 0.60780042 -1.54770374
v -0.90700966 0.57843912 -1.54706371
v -0.92981321 0.57843953 -1.52136898
v -0.91565567 0.57862836 -1.53142715
v -0.94655347 0.58047605 -1.51512539
v -0.98599482 0.58547598 -1.53098774
v -0.96768457 0.58242524 -1.51667857
v -0.95926899 0.61155277 -1.51633024
v -1.00166178 0.58991730 -1.55427194
v -1.00903606 0.56162590 -1.58730483
v -1.01025510 0.56007111 -1.56032085
v -1.00320029 0.59251261 -1.58289969
v -1.00441051 0.46166945 -1.62028766
v -1.00790119 0.42621976 -1.62545836
v -1.02041006 0.42786747 -1.60982883
v -1.01945257 0.46273136 -1.60293317
v -0.91281205 0.55326837 -1.59946942
v -0.92644626 0.55797136 -1.61172712
v -0.90746951 0.54577631 -1.54754496
v -0.90340281 0.54680967 -1.56685424
v -1.00079083 0.52373034 -1.53708279
v -0.98074996 0.51983356 -1.52206719
v -0.97514617 0.55210614 -1.51905453
v -0.99487263 0.55602366 -1.53465331
v -0.93720549 0.45874584 -1.62969184
v -0.93191785 0.49256068 -1.62490976
v -0.91675746 0.48726004 -1.61159873
v -0.92313546 0.45363539 -1.61721301
v -0.90783834 0.51239860 -1.55173945
v -0.91137415 0.47850943 -1.55752492
v -0.90733212 0.48027408 -1.57713139
v -0.90425903 0.51375175 -1.57209265
v -1.00819564 0.45488983 -1.55310977
v -0.99049419 0.44973934 -1.53847194
v -0.98594254 0.48551124 -1.52795637
v -1.00535178 0.49003130 -1.54335594
v -1.01407909 0.53050333 -1.59135497
v -1.01791000 0.49698573 -1.59561336
v -1.01791716 0.49519962 -1.56837976
v -1.01509476 0.52817309 -1.56323922
v -0.99699849 0.52975452 -1.61004055
v -1.00176239 0.49667847 -1.61434841
v -0.94716519 0.38332796 -1.62665713
v -0.95924997 0.38494897 -1.63762724
v -0.94766140 0.42247432 -1.63368607
v -0.93456733 0.41923380 -1.62171984
v -0.91957074 0.44450629 -1.56491113
v -0.93179065 0.41000974 -1.57521939
v -0.92730576 0.41255552 -1.59192836
v -0.91441661 0.44645667 -1.58381593
v -1.01342249 0.38099653 -1.57704210
v -0.99770933 0.37664557 -1.56614769
v -0.99444240 0.41333240 -1.55196309
v -1.01055241 0.41843700 -1.56429040
v -1.02239084 0.38987422 -1.61685956
v -1.02424574 0.38646907 -1.59506249
v -1.02260423 0.42494601 -1.58578837
v -1.01105642 0.38897914 -1.63145721
v -1.01563430 0.35252148 -1.63848007
v -1.02557302 0.35349125 -1.62635183
v -0.95873129 0.34859520 -1.63250506
v -0.97049767 0.35045952 -1.64133918
v -0.95116377 0.34428215 -1.61107886
v -0.94046825 0.37769574 -1.60118735
v -0.94365984 0.37661630 -1.58605111
v -0.95339906 0.34309256 -1.59726965
v -0.96737158 0.37178749 -1.56542063
v -0.97532147 0.33938545 -1.57846045
v -0.96215230 0.34121114 -1.58558393
v -0.95339698 0.37386900 -1.57330263
v -1.00080729 0.34400105 -1.58069777
v -0.98729956 0.34075940 -1.57717371
v -0.98229951 0.37380743 -1.56255376
v -1.01631594 0.34797949 -1.58924508
v -1.02682495 0.35161871 -1.60643768
v -0.77910388 0.91750592 -1.50318086
v -0.78224576 0.91087765 -1.49551213
v -0.79582763 0.90887386 -1.52070284
v -0.79551548 0.91865027 -1.52475071
v -0.90258247 0.82612491 -1.58370185
v -0.89687973 0.85691321 -1.57688439
v -0.91239625 0.76485962 -1.59749269
v -0.90865892 0.79500043 -1.59104729
v -0.91618341 0.73428810 -1.60282838
v -0.92016518 0.67378473 -1.61023414
v -0.91887802 0.70400673 -1.60645401
v -0.92344213 0.64533216 -1.61208129
v -0.93094057 0.61814874 -1.61265838
v -0.93954384 0.58983159 -1.61584628
v -0.95089537 0.53075153 -1.62366128
v -0.94647205 0.56125170 -1.61850715
v -0.92941266 0.52568954 -1.61828363
v -0.96013343 0.46252310 -1.63509226
v -0.95502347 0.49756753 -1.62966835
v -0.97693902 0.38639843 -1.64213383
v -0.96809304 0.42455614 -1.63898242
v -0.98645937 0.35144037 -1.64491987
v -0.90971369 0.96594548 -1.54064453
v -0.90604472 0.98401028 -1.53203511
v -0.88273579 0.96807957 -1.54614568
v -0.88377827 0.95332611 -1.55280805
v -0.80595583 0.93322647 -1.53110397
v -0.80499279 0.93243802 -1.53214383
v -0.81640160 0.93623674 -1.53840971
v -0.81572264 0.93815821 -1.53573298
v -0.99232978 0.69718754 -1.54425800
v -0.90843946 0.70887971 -1.48887002
v -0.87772530 0.70999700 -1.50968099
v -0.89126658 0.70845956 -1.49646926
v -0.94378114 0.70848107 -1.61559248
v -0.97051603 0.71152276 -1.61346936
v -0.96685636 0.73964489 -1.60295141
v -0.94140410 0.73730487 -1.60774970
v -0.99263650 0.55822152 -1.60664415
v -0.97022301 0.56055003 -1.61698306
v -0.97473639 0.53035325 -1.62003303
v -0.99001020 0.58505052 -1.60408962
v -0.95335394 0.54944551 -1.51459849
v -0.93423975 0.54726213 -1.51977253
v -0.92000055 0.51295340 -1.53363049
v -0.91873091 0.54636204 -1.53113735
v -0.93679965 0.51423728 -1.52069497
v -0.93688112 0.79615808 -1.59333980
v -0.93878752 0.76662332 -1.60089469
v -0.96459442 0.76800460 -1.59296525
v -0.96245193 0.79756272 -1.58366525
v -0.79349095 1.23522520 -1.36567402
v -0.81344938 1.23049057 -1.36535895
v -0.92262435 1.32657242 -1.42479742
v -0.92409545 1.31769609 -1.43751824
v -0.90968025 1.30844760 -1.43079591
v -0.90743226 1.31724942 -1.41553450
v -0.90653610 1.32890773 -1.40410304
v -0.92080325 1.33833194 -1.41453171
v -0.90484625 1.34223962 -1.39537311
v -0.91775805 1.35211825 -1.40591526
v -0.88601941 1.39801204 -1.36670053
v -0.88178617 1.40522802 -1.36155486
v -0.87297344 1.30000734 -1.53186285
v -0.87548620 1.28148508 -1.53597641
v -0.88662785 1.28007257 -1.51726270
v -0.89835769 1.13573718 -1.53566754
v -0.89467680 1.05701971 -1.52257824
v -0.88317233 1.05480468 -1.54147935
v -0.87580401 1.03025508 -1.54507875
v -0.83636826 0.96906006 -1.55311477
v -0.82086444 0.95438391 -1.54852211
v -0.80911881 0.94003367 -1.53744292
v -0.80145079 0.93269825 -1.53068089
v -0.73924774 1.29503942 -1.37929606
v -0.73718762 1.31687844 -1.37531781
v -0.71945751 1.49374855 -1.40172911
v -0.73016500 1.49699616 -1.38504171
v -0.73851144 1.52363694 -1.38787794
v -0.72804445 1.51983953 -1.40476251
v -0.73139203 1.53104329 -1.40697384
v -0.74161458 1.53474915 -1.39079833
v -0.75140798 1.58315182 -1.42379534
v -0.74755132 1.57322824 -1.41848862
v -0.79278481 0.93026000 -1.52260315
v -0.78801572 0.92735422 -1.51872766
v -0.80254495 0.93054962 -1.53199625
v -0.85665399 0.92505324 -1.56018341
v -0.85638070 0.94099772 -1.55684102
v -0.83220959 0.93070126 -1.55268443
v -0.83281088 0.91724449 -1.55465782
v -0.93425858 0.94093722 -1.39956200
v -0.95366216 0.95286185 -1.43121243
v -0.80913252 0.88250113 -1.41600454
v -0.79389983 1.30954719 -1.26822019
v -0.79799151 1.32874894 -1.28181040
v -0.79325503 1.33364427 -1.27032948
v -0.79036468 1.31409121 -1.25683224
v -0.72861910 1.39432681 -1.36193037
v -0.73679268 1.36649966 -1.36093068
v -0.84503883 1.55983841 -1.41282761
v -0.89400959 1.54527867 -1.34686959
v -0.88357365 1.55238390 -1.35691583
v -0.89716762 1.53492951 -1.37086594
v -0.90566117 1.52883375 -1.36331892
v -0.81730467 1.51693106 -1.31881440
v -0.80456758 1.51908088 -1.32460833
v -0.81931710 1.53490686 -1.32653928
v -0.83174449 1.53090143 -1.32071209
v -0.72808129 1.02564883 -1.36504877
v -0.70756376 1.02958250 -1.38585711
v -0.73246628 1.23285890 -1.39957225
v -0.72950697 1.25552082 -1.39762592
v -0.74290156 1.25040376 -1.38501310
v -0.74608779 1.22778380 -1.38587666
v -0.75127852 1.37942302 -1.34597266
v -0.76496190 1.36162257 -1.34191799
v -0.90315324 1.36791265 -1.53604507
v -0.91495210 1.37298417 -1.52381074
v -0.90773982 1.39234006 -1.51838422
v -0.89685577 1.38890719 -1.53201687
v -0.80265057 1.37270057 -1.26435316
v -0.79652452 1.36007261 -1.27256906
v -0.79952711 1.37676549 -1.28814065
v -0.80167836 1.38563550 -1.28204453
v -0.86273926 0.90797615 -1.37407279
v -0.89792341 0.93044126 -1.37412584
v -0.82855356 1.25996566 -1.36422801
v -0.83048832 1.24244666 -1.36773992
v -0.80928242 1.24855661 -1.36384487
v -0.80742198 1.26564693 -1.35939205
v -0.83155829 1.30823708 -1.35600543
v -0.82956725 1.29318416 -1.35866737
v -0.83426893 1.32296813 -1.35122335
v -0.83447510 1.41525328 -1.32567894
v -0.83768058 1.41247272 -1.32912481
v -0.83089191 1.41566598 -1.32503057
v -0.88542265 0.93474597 -1.55940866
v -0.87896049 0.98972631 -1.53886700
v -0.87236637 0.99859154 -1.54256320
v -0.79603928 0.93138242 -1.52455211
v -0.79416358 0.92966127 -1.52410567
v -0.83953583 1.58065820 -1.44723976
v -0.83154213 1.58411574 -1.43423343
v -0.82469416 1.37743998 -1.32122838
v -0.83499974 1.39342535 -1.32764828
v -0.84959465 1.39020860 -1.34073913
v -0.84766346 1.39915895 -1.33775687
v -0.85828745 1.39958215 -1.34531164
v -0.86092132 1.39093399 -1.34892786
v -0.83958668 1.39161825 -1.33485568
v -0.83816415 1.40023983 -1.33218074
v -0.90452480 1.44815278 -1.40476859
v -0.89961988 1.46462786 -1.39641404
v -0.89752162 1.47105682 -1.40576446
v -0.90324557 1.45383298 -1.41478252
v -0.90099192 1.45730305 -1.42709184
v -0.89461744 1.47495914 -1.41734755
v -0.88966244 1.47786200 -1.43089449
v -0.89664513 1.45988417 -1.44119287
v -0.85841852 1.54013002 -1.42741740
v -0.85717857 1.53285873 -1.44881094
v -0.85099834 1.52815914 -1.46920955
v -0.84453803 1.52474189 -1.48674774
v -0.74429017 1.56239164 -1.41390765
v -0.75764430 1.56600523 -1.39709210
v -0.74985462 1.55465198 -1.39641082
v -0.73967987 1.55159402 -1.41153491
v -0.72916222 1.55012023 -1.42644203
v -0.73317522 1.56099606 -1.42872143
v -0.84278804 1.56616163 -1.45665431
v -0.84246260 1.56304371 -1.47246695
v -0.83769125 1.54805970 -1.48408651
v -0.87014270 1.32348084 -1.24876595
v -0.87500066 1.34690356 -1.25906777
v -0.80905133 1.59697270 -1.41529119
v -0.82194847 1.59116781 -1.42330790
v -0.86201936 1.32918346 -1.23692322
v -0.86639184 1.35297203 -1.24666429
v -0.89062256 1.51645672 -1.39408219
v -0.89854509 1.51304626 -1.38353527
v -0.88776386 1.53940487 -1.38029480
v -0.84414274 1.57794607 -1.46192551
v -0.84379345 1.57536018 -1.47707570
v -0.93136162 0.97495270 -1.39599288
v -0.94726843 0.98505169 -1.42643440
v -0.87317711 1.21622026 -1.39172280
v -0.88652152 1.21277773 -1.41045117
v -0.86391515 1.24447989 -1.56059480
v -0.86457938 1.22744131 -1.56431174
v -0.87679416 1.22576499 -1.54938805
v -0.87707615 1.24388385 -1.54509687
v -0.85857141 1.29968309 -1.54901314
v -0.86105978 1.28161502 -1.55296445
v -0.84020734 1.58303785 -1.50304532
v -0.88563716 1.18754518 -1.53950059
v -0.88569683 1.20691133 -1.53608322
v -0.87599242 1.20711470 -1.55256522
v -0.87510473 1.18522298 -1.55674756
v -0.87221974 1.16431534 -1.56767726
v -0.87236881 1.15561461 -1.57134259
v -0.85980493 1.01222718 -1.55826914
v -0.85319299 1.01229656 -1.56520808
v -0.89264584 1.39444280 -1.31520581
v -0.89605880 1.40351582 -1.30034244
v -0.90136480 1.42172003 -1.30831552
v -0.89760876 1.41075933 -1.32235944
v -0.89618826 1.18925381 -1.50207329
v -0.89235502 1.18875408 -1.52194810
v -0.89946824 1.39627957 -1.38221943
v -0.88867164 1.38949037 -1.37233448
v -0.88198942 1.31708264 -1.53757727
v -0.92421681 1.37761438 -1.51024723
v -0.91670197 1.39487338 -1.50444758
v -0.93120611 1.38007760 -1.49634039
v -0.92356569 1.39613926 -1.49011278
v -0.78705543 0.92862099 -1.51756811
v -0.78898096 0.93212068 -1.51880562
v -0.83350015 1.43744421 -1.27014494
v -0.82656610 1.43237686 -1.27221453
v -0.82614869 1.44232869 -1.27820158
v -0.83332801 1.44819927 -1.27552867
v -0.81503481 0.89425528 -1.54223037
v -0.81292593 0.91116309 -1.54143929
v -0.77028722 0.91422975 -1.47314703
v -0.76524967 0.91953588 -1.48721933
v -0.75353551 0.92937958 -1.48080587
v -0.74725151 0.93181139 -1.47428524
v -0.92355603 0.88714087 -1.56811666
v -0.91905993 0.91593117 -1.55914891
v -0.92813551 0.85690141 -1.57596993
v -0.93258864 0.82563686 -1.58511007
v -0.95183444 0.62096405 -1.61568034
v -0.96546102 0.59250641 -1.61533344
v -0.97918206 0.49712753 -1.62411773
v -0.98350561 0.46208042 -1.62890089
v -0.98888212 0.42476600 -1.63383150
v -1.00226212 0.35225511 -1.64396417
v -0.99490267 0.38644493 -1.63898325
v -0.84997535 1.33151507 -1.22858155
v -0.83587831 1.33105302 -1.22433925
v -0.83793926 1.35611856 -1.23452151
v -0.85357207 1.35736990 -1.23875737
v -0.82100958 1.34136820 -1.30853033
v -0.81598878 1.32306027 -1.29745054
v -0.82777292 1.32179511 -1.30237663
v -0.83362770 1.34141231 -1.31295943
v -0.81058663 1.30442059 -1.28590727
v -0.80589724 1.32549191 -1.29086614
v -0.80111903 1.30661571 -1.27792346
v -0.79208511 1.31983805 -1.24465394
v -0.79388076 1.33976901 -1.25811172
v -0.80028772 1.34748816 -1.24759066
v -0.79888940 1.32474732 -1.23425317
v -0.82189697 1.32966948 -1.22385299
v -0.80892092 1.32756317 -1.22711253
v -0.81099921 1.35109735 -1.23886096
v -0.82377523 1.35311484 -1.23427236
v -0.84633750 1.30264390 -1.29273486
v -0.85269046 1.32369184 -1.30327451
v -0.84011751 1.32159972 -1.30471838
v -0.83408827 1.30143523 -1.29423881
v -0.89374137 1.41287875 -1.28469169
v -0.89989173 1.43134141 -1.29204512
v -0.88591069 1.41712761 -1.36099255
v -0.87994546 1.41788673 -1.35334456
v -0.89101756 1.41896701 -1.35405445
v -0.89466751 1.42501128 -1.36235225
v -0.88404310 1.36480761 -1.28468060
v -0.88089573 1.37028384 -1.26845431
v -0.88729912 1.39246178 -1.27728343
v -0.89036292 1.38517165 -1.29350603
v -0.85917157 1.34493220 -1.31455255
v -0.86625844 1.36515367 -1.32627845
v -0.85355502 1.36256814 -1.32660186
v -0.84644181 1.34203005 -1.31552887
v -0.80196667 1.36952198 -1.29836619
v -0.79711121 1.35228455 -1.28457975
v -0.88997310 1.40251040 -1.33474219
v -0.88481092 1.38728476 -1.32740474
v -0.90212196 1.38757825 -1.38749301
v -0.86302865 1.38215697 -1.35146868
v -0.86517072 1.37234378 -1.35404980
v -0.93475443 1.33086967 -1.44190264
v -0.93972933 1.34641337 -1.44284117
v -0.88657278 1.35039306 -1.37505901
v -0.88904828 1.33567619 -1.38230658
v -0.93658423 1.34832501 -1.43504739
v -0.93257982 1.33821392 -1.43157649
v -0.89713287 1.27601516 -1.47753561
v -0.83922535 1.53603446 -1.48422456
v -0.87833762 1.37115788 -1.31975412
v -0.88683826 1.37749422 -1.30802619
v -0.80385864 1.39655447 -1.29487932
v -0.80434018 1.38993096 -1.30204427
v -0.81099159 1.40125442 -1.31211841
v -0.80807412 1.40574789 -1.30534744
v -0.77752346 1.40144348 -1.33073747
v -0.78706557 1.38850355 -1.33077025
v -0.77630496 1.37532055 -1.33538556
v -0.76507270 1.39009488 -1.33708239
v -0.84864444 1.43975651 -1.26635945
v -0.85072440 1.45365858 -1.27172267
v -0.86279988 1.45236313 -1.27081811
v -0.85905385 1.43591928 -1.26483870
v -0.87649757 1.44850349 -1.27263641
v -0.89057344 1.44152009 -1.27912891
v -0.88413471 1.42176545 -1.27214825
v -0.87085968 1.43008566 -1.26604676
v -0.90320808 1.00292706 -1.37225270
v -0.87624019 1.00059509 -1.35668099
v -0.90790552 1.14689398 -1.46915066
v -0.90650785 1.14964139 -1.44462061
v -0.90642595 1.06615853 -1.49717987
v -0.83145076 0.94145048 -1.54798388
v -0.85743350 0.95812070 -1.54968572
v -0.82005399 0.86882210 -1.54382324
v -0.92479473 1.00717843 -1.39499593
v -0.84076649 0.80788505 -1.54902184
v -0.82949966 0.83896488 -1.54569852
v -0.83821917 0.78423613 -1.48317420
v -0.82323140 0.81375581 -1.47451019
v -0.84257478 0.80754870 -1.45448184
v -0.85470355 0.78028482 -1.46564615
v -0.86724806 0.80562580 -1.44197452
v -0.87784892 0.77972025 -1.45392692
v -0.98380595 0.76620770 -1.57354522
v -0.92392796 0.47763902 -1.53982949
v -0.94857782 0.44302934 -1.53787196
v -0.93154931 0.44272226 -1.54886174
v -0.94130468 0.47920167 -1.52695107
v -0.95809746 0.51660359 -1.51685691
v -0.96300447 0.48219955 -1.52313757
v -1.02057409 0.46106005 -1.57688737
v -0.94238961 0.40818161 -1.56058073
v -0.95818692 0.40699226 -1.55112028
v -0.96920419 0.44610435 -1.53390431
v -0.97593194 0.40975845 -1.54775465
v -0.81286091 0.92315853 -1.54136109
v -0.73654872 0.93165612 -1.46543407
v -0.95157617 0.99327546 -1.45918226
v -0.95903617 0.96530974 -1.46475482
v -0.90195024 0.99883342 -1.52600157
v -0.91931456 1.01370358 -1.50565135
v -0.89559984 1.20642805 -1.45419014
v -0.89493018 1.20540440 -1.47572756
v -0.89228791 1.24105048 -1.44425845
v -0.89325953 1.22316337 -1.44852793
v -0.89057690 1.22622180 -1.42745733
v -0.88801104 1.24336457 -1.42393684
v -0.86668539 1.25008821 -1.38641405
v -0.86888462 1.23296809 -1.38938081
v -0.85110438 1.23692918 -1.37602270
v -0.84866083 1.25478768 -1.37281072
v -0.83506060 1.22486699 -1.36892664
v -0.85576522 1.21993709 -1.37725794
v -0.75625652 1.26703191 -1.37360930
v -0.75435370 1.28798223 -1.36973488
v -0.77004266 1.28039050 -1.36253858
v -0.77250677 1.26068830 -1.36722112
v -0.86595720 1.00737953 -1.54980659
v -0.81506199 0.93435782 -1.54053891
v -0.91477740 0.94315457 -1.55023611
v -0.93330318 0.97312933 -1.52158129
v -0.95208961 0.97212672 -1.49592924
v -0.84535939 1.39542353 -1.33224511
v -0.80793476 1.41083014 -1.32358956
v -0.80334717 1.42199731 -1.32079911
v -0.87794423 1.40119982 -1.26474416
v -0.86455464 1.41039968 -1.25916183
v -0.87403721 1.38301337 -1.33600831
v -0.90566909 1.43801522 -1.31583500
v -0.90448534 1.44151807 -1.33848977
v -0.90110487 1.42675304 -1.33007073
v -0.91857535 1.05558884 -1.47245920
v -0.92658114 1.03749669 -1.47595215
v -0.93417126 1.03981686 -1.44888020
v -0.76961964 0.92292655 -1.49715614
v -0.76196307 0.92753410 -1.48941052
v -0.88225353 0.97931260 -1.54141498
v -0.86066133 0.74882174 -1.55842388
v -0.85153705 0.77778655 -1.55394089
v -0.86703664 0.72127038 -1.56313586
v -0.87152320 0.69409931 -1.56690526
v -0.87582856 0.66547000 -1.57063615
v -0.88345265 0.63747287 -1.57338500
v -0.89523846 0.61074144 -1.57676971
v -0.90358651 0.58148259 -1.57976294
v -0.91417974 0.52050483 -1.60550606
v -0.90548104 0.55012578 -1.58438468
v -0.90642107 0.51693130 -1.58968329
v -0.90932208 0.48313433 -1.59532142
v -0.92864531 0.41549873 -1.60754287
v -0.91603100 0.44966382 -1.60153258
v -0.94157153 0.38117331 -1.61407876
v -0.95313293 0.34671402 -1.62190723
v -0.78334278 0.92887723 -1.51361239
v -0.77649188 0.92609751 -1.50616241
v -0.88059014 1.51903141 -1.40625393
v -0.87333733 1.39438605 -1.35783625
v -0.86987537 1.40155387 -1.35408759
v -0.88084525 1.39768517 -1.34242702
v -0.72468007 0.93668294 -1.45370805
v -0.71282858 0.94595343 -1.44184923
v -0.82406867 1.37497067 -1.24567044
v -0.83773810 1.38005614 -1.24439144
v -0.86091065 1.38252771 -1.33619177
v -0.87459260 1.41497922 -1.35529578
v -0.86891192 1.41941845 -1.34947360
v -0.87185568 1.14340019 -1.19694233
v -0.87371242 1.12352216 -1.19792938
v -0.87062734 1.12362123 -1.18765426
v -0.86772269 1.14387870 -1.18631256
v -0.87083888 1.14273572 -1.20848548
v -0.87209314 1.12308443 -1.20877028
v -0.82038742 1.13380873 -1.22827160
v -0.82299340 1.11370671 -1.22252953
v -0.83440834 1.11667097 -1.22606659
v -0.83242410 1.13680005 -1.23109365
v -0.86693281 1.10295582 -1.21706378
v -0.86611623 1.12247121 -1.21790910
v -0.85656017 1.12138677 -1.22378266
v -0.85760254 1.10162699 -1.22143865
v -0.80405980 1.13113749 -1.20817697
v -0.79937458 1.15032279 -1.21498203
v -0.79835749 1.15181828 -1.20235384
v -0.80405581 1.13280976 -1.19620597
v -0.82067150 1.21288562 -1.24891508
v -0.82422620 1.22720397 -1.25350225
v -0.81151509 1.22336197 -1.25332737
v -0.80805498 1.20912778 -1.24782193
v -0.86766404 1.18444705 -1.19536948
v -0.86977351 1.16376734 -1.19616342
v -0.86417705 1.16488481 -1.18538308
v -0.86009717 1.18629503 -1.18486285
v -0.85397810 1.18231153 -1.23074579
v -0.85276359 1.20341277 -1.23190832
v -0.84119117 1.20160532 -1.23946810
v -0.84153867 1.18079329 -1.23731756
v -0.85486859 1.20711565 -1.18503952
v -0.86462438 1.20611417 -1.19452333
v -0.85583216 1.14133918 -1.22626114
v -0.85508323 1.16156483 -1.22863436
v -0.84297776 1.16015899 -1.23411965
v -0.84431356 1.13954723 -1.23007810
v -0.81532782 1.09345841 -1.19829845
v -0.80945611 1.11227465 -1.20267391
v -0.81063527 1.11402035 -1.19151270
v -0.81755656 1.09517980 -1.18793285
v -0.84749204 1.09971297 -1.22226381
v -0.84579772 1.11947775 -1.22603965
v -0.83668631 1.09702265 -1.22126222
v -0.85688692 1.10191524 -1.17422199
v -0.85121387 1.12230015 -1.17290366
v -0.86242539 1.12328672 -1.17960644
v -0.86680359 1.10319901 -1.18102312
v -0.81711435 1.17477298 -1.23948836
v -0.81851512 1.15428090 -1.23433685
v -0.83061135 1.15755606 -1.23603868
v -0.82905906 1.17800176 -1.24020123
v -0.86826456 1.18379545 -1.20830858
v -0.86942917 1.16319990 -1.20842505
v -0.84512430 1.14291954 -1.17188513
v -0.83839411 1.16376114 -1.17194200
v -0.85294300 1.16505766 -1.17712188
v -0.85804778 1.14417017 -1.17803788
v -0.81573260 1.18130851 -1.17606139
v -0.82321268 1.16136694 -1.17301226
v -0.81113237 1.15848017 -1.18051720
v -0.80383068 1.17800856 -1.18556678
v -0.80549389 1.19145060 -1.24098444
v -0.81772566 1.19471264 -1.24441767
v -0.79604942 1.17011523 -1.22290301
v -0.79402691 1.18943810 -1.23134780
v -0.78933221 1.19082832 -1.21771455
v -0.79346746 1.17144585 -1.20968723
v -0.86268860 1.23954749 -1.22352993
v -0.86228794 1.22442317 -1.22176194
v -0.86553377 1.22558320 -1.20807052
v -0.86391419 1.24172330 -1.20935965
v -0.86081129 1.22645140 -1.19489861
v -0.85729712 1.24397802 -1.19702864
v -0.83797175 1.27023351 -1.19802833
v -0.84048313 1.25904703 -1.19354510
v -0.82570845 1.25981307 -1.19381571
v -0.82399493 1.27048850 -1.19804454
v -0.79798388 1.22003436 -1.18584347
v -0.80698484 1.20091414 -1.18032837
v -0.79598695 1.19754708 -1.19210505
v -0.78815866 1.21722078 -1.19932365
v -0.78063166 1.22956419 -1.22156703
v -0.78429991 1.21358585 -1.21282041
v -0.78609765 1.20895898 -1.22685862
v -0.78539079 1.22367549 -1.23523545
v -0.79026014 1.27398336 -1.25506818
v -0.78666252 1.26176775 -1.24703646
v -0.79446346 1.25819159 -1.25848579
v -0.79815936 1.27020431 -1.26500905
v -0.82063287 1.25682378 -1.27014410
v -0.83287382 1.25858450 -1.26891613
v -0.83579111 1.26939023 -1.27444506
v -0.82343537 1.26842988 -1.27603292
v -0.86362708 1.28272212 -1.23202085
v -0.86390251 1.27211106 -1.22986913
v -0.85868031 1.27698064 -1.21611452
v -0.85644221 1.28844917 -1.21910441
v -0.79083592 1.23591971 -1.19153166
v -0.78081506 1.23595059 -1.20771790
v -0.81823552 1.24641025 -1.26488864
v -0.81502295 1.23602355 -1.25933719
v -0.82796580 1.23964977 -1.25921822
v -0.83089930 1.24900436 -1.26419652
v -0.85069162 1.25655723 -1.25170720
v -0.84841114 1.24623656 -1.24761152
v -0.85734612 1.24881613 -1.23856854
v -0.85933822 1.25846601 -1.24139857
v -0.86426491 1.26242113 -1.22818375
v -0.86388582 1.25126994 -1.22579825
v -0.86301154 1.25441289 -1.21151948
v -0.86141741 1.26630116 -1.21395600
v -0.78833425 1.24504995 -1.19522583
v -0.78702599 1.25376189 -1.20127821
v -0.79868942 1.25819540 -1.19657362
v -0.80075908 1.25027466 -1.19052744
v -0.78729719 1.23560870 -1.24345911
v -0.78110951 1.24078679 -1.23039818
v -0.84524024 1.23509145 -1.24367690
v -0.83975470 1.24320376 -1.25524807
v -0.83573788 1.23150778 -1.25027299
v -0.85475945 1.25714123 -1.20000124
v -0.78585112 1.27735162 -1.24493074
v -0.78945166 1.29093981 -1.25481260
v -0.78678620 1.29517055 -1.24421144
v -0.78421950 1.28107727 -1.23459721
v -0.79523921 1.28733528 -1.26457763
v -0.80371827 1.28446269 -1.27337110
v -0.84041876 1.28362274 -1.28219295
v -0.82830727 1.28254199 -1.28375804
v -0.85186523 1.28611636 -1.27649200
v -0.84693450 1.27163315 -1.26833093
v -0.85606909 1.27493417 -1.25939679
v -0.86139172 1.29009008 -1.26750302
v -0.86602437 1.30149269 -1.23986793
v -0.85843271 1.30675530 -1.22729993
v -0.84536690 1.29119062 -1.21149194
v -0.84645534 1.30843711 -1.21916997
v -0.80730873 1.25634742 -1.26650119
v -0.80433244 1.24540889 -1.26081550
v -0.83079875 1.14093041 -1.17140150
v -0.83818901 1.12054396 -1.17084241
v -0.82617009 1.11877120 -1.17482936
v -0.81863600 1.13862455 -1.17692840
v -0.81664068 1.11654687 -1.18205166
v -0.82410103 1.09732521 -1.17961657
v -0.86465037 1.16234016 -1.21988988
v -0.86556494 1.14200580 -1.21894574
v -0.87348884 1.10407293 -1.20943546
v -0.85465479 1.23740721 -1.23524749
v -0.85279769 1.22307396 -1.23277831
v -0.81098449 1.26963329 -1.20002389
v -0.80963892 1.27932072 -1.20425653
v -0.82241309 1.28073740 -1.20244837
v -0.80726051 1.23979676 -1.18475044
v -0.82603449 1.24682581 -1.18797600
v -0.83422941 1.22700357 -1.18225539
v -0.81574208 1.22420788 -1.17956173
v -0.78663009 1.26370049 -1.20875037
v -0.78685790 1.27375758 -1.21596384
v -0.79662293 1.27727795 -1.20803678
v -0.79745358 1.26717412 -1.20232439
v -0.86305094 1.27801561 -1.24720621
v -0.86089492 1.26758635 -1.24405730
v -0.82023329 1.30795491 -1.21431458
v -0.83327824 1.30767131 -1.21467471
v -0.83350223 1.29188001 -1.20768070
v -0.82125211 1.29208612 -1.20742655
v -0.83545160 1.28072000 -1.20258343
v -0.80785531 1.30687249 -1.21711922
v -0.80846781 1.29110038 -1.20938849
v -0.86728579 1.29552889 -1.25463033
v -0.78796548 1.28545964 -1.22384942
v -0.78952837 1.30022836 -1.23310804
v -0.79720521 1.30428791 -1.22313046
v -0.79648042 1.28898692 -1.21478510
v -0.80940896 1.13587618 -1.18567824
v -0.80269325 1.15523386 -1.19072580
v -0.79676032 1.22117603 -1.24746859
v -0.79423130 1.20701683 -1.24019194
v -0.80052722 1.23358619 -1.25430441
v -0.80968249 1.13145554 -1.21997488
v -0.81366640 1.11202514 -1.21392560
v -0.80524075 1.17145777 -1.23398542
v -0.80686641 1.15144634 -1.22687495
v -0.83142185 1.18452919 -1.17315006
v -0.78106874 1.25515103 -1.22827256
v -0.77864808 1.24650383 -1.21951354
v -0.78355688 1.25067949 -1.23897660
v -0.81584650 1.28324711 -1.28060651
v -0.81025362 1.26825690 -1.27235031
v -0.78109902 1.24569452 -1.20442557
v -0.82187164 1.30210614 -1.29152334
v -0.84350115 1.24550045 -1.18961072
v -0.84818333 1.27943766 -1.20709443
v -0.85157627 1.26885891 -1.20339632
v -0.87410212 1.10409522 -1.18902946
v -0.86365205 1.18299675 -1.22072554
v -0.84212196 1.22130013 -1.24083793
v -0.83188039 1.21720541 -1.24640322
v -0.78342146 1.26512599 -1.23636603
v -0.78254503 1.26899993 -1.22639668
v -0.78130692 1.25950980 -1.21870339
v -0.84400541 1.26146829 -1.26329005
v -0.85260862 1.26521230 -1.25534654
v -0.81833112 1.09323525 -1.20871258
v -0.84184474 1.25266898 -1.25917053
v -0.84894818 1.22746468 -1.18637478
v -0.72391945 1.50733817 -1.40299773
v -0.70960146 1.49287438 -1.41645384
v -0.71327794 1.50604343 -1.41799283
v -0.88957584 1.32126629 -1.39084780
v -0.89839160 1.29356670 -1.44194198
v -0.89570093 1.29743612 -1.42351460
v -0.87589586 1.38550544 -1.36178672
v -0.87900764 1.37500823 -1.36521208
v -0.85948575 1.41733038 -1.34355581
v -0.86408907 1.41192353 -1.34844172
v -0.90127081 1.35587108 -1.38751388
v -0.82912618 1.71928740 -1.40025938
v -0.82642490 1.71224523 -1.40082824
v -0.82823646 1.73213017 -1.39599538
v -0.86971098 1.17419052 -1.56575179
v -0.86357373 1.15485084 -1.57921565
v -0.86488396 1.14595771 -1.58243752
v -0.84244639 1.70717311 -1.41247809
v -0.83863586 1.70075941 -1.41187298
v -0.84242433 1.70384622 -1.41054654
v -0.84369981 1.70938158 -1.41348231
v -0.84342265 1.70842707 -1.41371465
v -0.83577752 1.73673248 -1.40199888
v -0.82602841 1.70429826 -1.40417171
v -0.82671905 1.69611025 -1.40846944
v -0.84051329 1.72468758 -1.40895748
v -0.73716068 1.15828967 -1.39240301
v -0.73755527 1.13846946 -1.38617277
v -0.71973521 1.14071798 -1.40353334
v -0.72166765 1.16037512 -1.40917242
v -0.69896239 1.12586284 -1.41953361
v -0.70125753 1.14441919 -1.42338777
v -0.71846640 1.11941457 -1.39892936
v -0.81990772 1.07720816 -1.34015489
v -0.81816143 1.10052311 -1.34216785
v -0.84378684 1.10409224 -1.34650326
v -0.84590107 1.08157134 -1.34505796
v -0.86463785 1.12429321 -1.35953689
v -0.86829245 1.10655713 -1.35745811
v -0.84089249 1.12350070 -1.34968626
v -0.88471317 1.12431455 -1.37602305
v -0.88770753 1.10700619 -1.37396002
v -0.89934987 1.12300861 -1.39635932
v -0.90178496 1.10510159 -1.39502156
v -0.91048783 1.10250461 -1.41806316
v -0.91384917 1.09928656 -1.44341791
v -0.91398448 1.07539964 -1.47031367
v -0.91198903 1.09417844 -1.46980560
v -0.90686101 1.08804893 -1.49562204
v -0.89880371 1.08194745 -1.52011859
v -0.88982445 1.07816792 -1.54107153
v -0.88008279 1.07652724 -1.55814266
v -0.87010616 1.07512832 -1.57214117
v -0.85934329 1.07352042 -1.58289528
v -0.85479403 1.05032969 -1.57853377
v -0.88394308 1.49750185 -1.41992581
v -0.80862600 1.57336330 -1.37018299
v -0.83936346 1.57027256 -1.36742485
v -0.81584835 1.56843197 -1.36097777
v -0.78835404 1.51908302 -1.33162928
v -0.77094555 1.51512420 -1.34137583
v -0.78058130 1.53126788 -1.34198892
v -0.80226773 1.53634846 -1.33299625
v -0.78904855 1.56693137 -1.37032819
v -0.78590065 1.57015157 -1.37712419
v -0.79196608 1.56250000 -1.36186194
v -0.77251875 1.55538011 -1.36870980
v -0.75731027 1.54952264 -1.37982178
v -0.87267977 1.55016363 -1.33331573
v -0.88319486 1.54031575 -1.32368755
v -0.85973948 1.53624105 -1.31765079
v -0.85020024 1.54366481 -1.32484162
v -0.80581713 1.50261176 -1.31784475
v -0.81562531 1.50075769 -1.31240630
v -0.80657440 1.48749971 -1.31202066
v -0.79677242 1.48811913 -1.31747961
v -0.89693570 1.49518430 -1.30072808
v -0.89720070 1.47662389 -1.29274082
v -0.88036513 1.48326993 -1.28679609
v -0.87936878 1.49922872 -1.29493082
v -0.82735759 1.51359534 -1.31358778
v -0.74261308 1.40102994 -1.34845376
v -0.75620127 1.40736985 -1.33878136
v -0.76962757 1.41483116 -1.33163273
v -0.80014282 1.43353355 -1.31774449
v -0.79608017 1.41490066 -1.32294381
v -0.79238588 1.42906904 -1.32107770
v -0.80604988 1.43735933 -1.31339180
v -0.81122303 1.43904972 -1.31065118
v -0.90773451 1.45499039 -1.34720922
v -0.90233409 1.43879580 -1.35897708
v -0.89837646 1.42952025 -1.34943485
v -0.81683439 1.43238306 -1.30703700
v -0.81700623 1.42804813 -1.30979335
v -0.81802297 1.42957389 -1.31336844
v -0.81708497 1.43440151 -1.31072271
v -0.86145890 1.55731475 -1.34272814
v -0.86450750 1.48370576 -1.28493619
v -0.85092396 1.47982013 -1.28538787
v -0.84875852 1.49139762 -1.29376864
v -0.86252147 1.49713659 -1.29359579
v -0.84022248 1.47572398 -1.28713644
v -0.83186394 1.47003102 -1.28940248
v -0.82890570 1.47727752 -1.29575181
v -0.83757329 1.48504829 -1.29468238
v -0.81732231 1.43720031 -1.30335712
v -0.81613553 1.44076872 -1.30799162
v -0.90458548 1.44935691 -1.29915082
v -0.90947384 1.51918483 -1.32879317
v -0.90340704 1.53395677 -1.33710027
v -0.91309088 1.51805520 -1.35537553
v -0.91517705 1.50439632 -1.34836149
v -0.85448033 1.40994787 -1.33697557
v -0.84528446 1.40821159 -1.33179522
v -0.83493245 1.40626395 -1.32674229
v -0.82450223 1.42028451 -1.32089114
v -0.82592458 1.40628910 -1.32181907
v -0.88615847 1.40953946 -1.34798086
v -0.89516675 1.41565418 -1.34099221
v -0.90783584 1.49621606 -1.37026572
v -0.90885979 1.48374951 -1.36274505
v -0.89520353 1.45857465 -1.28577948
v -0.87972909 1.46562719 -1.27936924
v -0.80935264 1.41595745 -1.29784989
v -0.81294352 1.42087090 -1.30459523
v -0.81345290 1.42582142 -1.30118668
v -0.81903529 1.41550159 -1.32243299
v -0.82004732 1.42469656 -1.31718910
v -0.89126235 1.52717137 -1.31522250
v -0.85169518 1.46689701 -1.27787232
v -0.86497384 1.46816969 -1.27742755
v -0.83259898 1.49201930 -1.30096209
v -0.82478333 1.49726498 -1.30695057
v -0.83652902 1.50812638 -1.30798960
v -0.84351021 1.50113022 -1.30158651
v -0.82604080 1.45234406 -1.28520918
v -0.83296460 1.46022785 -1.28221726
v -0.81524062 1.48601305 -1.30734372
v -0.82284558 1.48266160 -1.30195296
v -0.81455976 1.43148685 -1.29732978
v -0.90447128 1.50619435 -1.37582135
v -0.89568818 1.49042690 -1.39462209
v -0.89877737 1.48427010 -1.38639069
v -0.90043092 1.47464323 -1.37994909
v -0.90179557 1.46333230 -1.37381411
v -0.90255338 1.44989634 -1.36712420
v -0.89043903 1.49405789 -1.40612900
v -0.77989244 1.25174844 -1.21081245
v -0.80772763 1.41085935 -1.30092907
v -0.80700493 1.40965664 -1.28998780
v -0.80529737 1.40343308 -1.29168284
v -0.81249112 1.37313247 -1.25187051
v -0.88375247 1.67640829 -1.54464984
v -0.88271356 1.67056561 -1.54358923
v -0.88095236 1.69946742 -1.54331076
v -0.88185769 1.69613791 -1.54396868
v -0.81211627 1.26060724 -1.19558048
v -0.81300658 1.25276256 -1.19097304
v -0.82419306 1.20444560 -1.17556632
v -0.84134102 1.20661449 -1.17878318
v -0.84749240 1.18598366 -1.17718995
v -0.86728567 1.20462692 -1.20762205
v -0.86288524 1.20411110 -1.22114146
v -0.82966274 1.19801879 -1.24343979
v -0.79042238 1.19389439 -1.20422542
v -0.88216120 1.06670952 -1.20330286
v -0.88439244 1.04763138 -1.20569634
v -0.88585663 1.04741025 -1.19577992
v -0.88201582 1.06630802 -1.19309855
v -0.88737160 1.02921808 -1.20858335
v -0.87867540 1.04690981 -1.21284449
v -0.88014644 1.02866757 -1.21436906
v -0.87051445 1.04605865 -1.21568167
v -0.87189364 1.02811551 -1.21620309
v -0.86335242 1.02716053 -1.21507049
v -0.86163163 1.04475868 -1.21587539
v -0.85331172 1.04258001 -1.21366751
v -0.85515022 1.02490795 -1.21188724
v -0.84233958 1.05911851 -1.21309304
v -0.83411634 1.05722082 -1.20804679
v -0.83924752 1.03890347 -1.20390177
v -0.84577709 1.04027212 -1.20977426
v -0.84123492 1.02220845 -1.18490195
v -0.83451337 1.03897130 -1.18780649
v -0.83892608 1.04036093 -1.17988610
v -0.84559703 1.02334380 -1.17763412
v -0.84869421 1.06157732 -1.17232800
v -0.85607493 1.04319096 -1.17078567
v -0.84681123 1.04118776 -1.17382288
v -0.83902329 1.06017458 -1.17589760
v -0.86276203 1.02638316 -1.16837621
v -0.86548382 1.04372907 -1.17259169
v -0.87215042 1.02762067 -1.17196453
v -0.87541574 1.08517170 -1.21047950
v -0.87928730 1.08560908 -1.20102358
v -0.87629610 1.10446227 -1.19920492
v -0.86005718 1.06353736 -1.21769929
v -0.86902511 1.06504548 -1.21643722
v -0.86781812 1.08418000 -1.21672273
v -0.85865223 1.08265734 -1.21950102
v -0.82611495 1.09469342 -1.21700823
v -0.82999623 1.07573581 -1.21227396
v -0.83933759 1.07815754 -1.21690428
v -0.85117859 1.06156027 -1.21613455
v -0.84911793 1.08058989 -1.21917427
v -0.82846469 1.05630076 -1.20035768
v -0.83462888 1.03838181 -1.19639456
v -0.87652701 1.06490576 -1.18449044
v -0.88160038 1.04631269 -1.18623722
v -0.87406117 1.04480708 -1.17869020
v -0.86851043 1.06343019 -1.17754245
v -0.82327610 1.07457328 -1.20441997
v -0.87153965 1.08380795 -1.18272185
v -0.86272222 1.08228469 -1.17574024
v -0.85888773 1.06223881 -1.17252767
v -0.85217863 1.08096588 -1.17182517
v -0.88690573 1.02911246 -1.18809080
v -0.89026189 1.02951789 -1.19845366
v -0.87794727 1.08516181 -1.19085908
v -0.82748324 1.05670357 -1.19090891
v -0.82152957 1.07500672 -1.19451988
v -0.82440156 1.07653975 -1.18495452
v -0.83126384 1.05850875 -1.18218756
v -0.83360016 1.09924448 -1.17385757
v -0.84111923 1.08010054 -1.17318773
v -0.83150148 1.07865691 -1.17799926
v -0.85319555 1.02408969 -1.17143273
v -0.84528786 1.10047352 -1.17146802
v -0.87903351 0.94501638 -1.20905519
v -0.88323623 0.94053346 -1.21710920
v -0.87747890 0.94752729 -1.22083282
v -0.87363321 0.95270902 -1.21197295
v -0.86753267 0.96487623 -1.23137963
v -0.87479657 0.95750064 -1.23830378
v -0.87877244 0.96541220 -1.24220157
v -0.87165266 0.97422618 -1.23605466
v -0.88923794 0.93790460 -1.22352552
v -0.88276339 0.94388556 -1.22761428
v -0.89536637 0.94068241 -1.22629750
v -0.89558095 0.93209815 -1.22042346
v -0.90301961 0.93458939 -1.22049689
v -0.90787876 0.92780316 -1.21753740
v -0.91283840 0.93112969 -1.21055186
v -0.90981627 0.94247103 -1.21479297
v -0.90590793 0.94965112 -1.19029033
v -0.90793866 0.93513334 -1.19044495
v -0.90300202 0.93709832 -1.18112659
v -0.90032047 0.95132446 -1.18174815
v -0.88764685 0.94263804 -1.16969347
v -0.88637775 0.95591009 -1.17136812
v -0.89350373 0.95340705 -1.17640209
v -0.89545697 0.93891990 -1.17539775
v -0.87359339 0.95067888 -1.19640756
v -0.87607819 0.94913828 -1.20130062
v -0.87110680 0.95708275 -1.20295119
v -0.86863524 0.95906144 -1.19757771
v -0.90037984 0.94417536 -1.23370028
v -0.89760464 0.94184029 -1.23379183
v -0.90167707 0.94365358 -1.22467804
v -0.90338022 0.94989961 -1.22475696
v -0.84913760 0.97938859 -1.19521093
v -0.85276854 0.98069984 -1.20084238
v -0.85217077 0.99158263 -1.20306015
v -0.84770674 0.99110162 -1.19653404
v -0.86330885 0.98824823 -1.22393107
v -0.87514466 0.99607062 -1.22554278
v -0.87238067 1.00250363 -1.22114265
v -0.86150247 0.99358064 -1.21729100
v -0.86621690 0.98189402 -1.22984421
v -0.88148171 0.98020363 -1.23542798
v -0.87740397 0.98889363 -1.23028362
v -0.88665003 0.96989179 -1.24127102
v -0.84464866 0.99298823 -1.18730092
v -0.84428388 0.98390353 -1.18446994
v -0.90945417 0.87807310 -1.21270490
v -0.90885979 0.88351047 -1.21334386
v -0.90539938 0.88226908 -1.20977509
v -0.90617788 0.87677646 -1.20892930
v -0.85546106 0.99003494 -1.16985071
v -0.85263383 0.99603522 -1.17210126
v -0.86124438 0.99719059 -1.16880560
v -0.86468285 0.99118644 -1.16803360
v -0.85760874 0.98149371 -1.16665089
v -0.86828715 0.98263633 -1.16678762
v -0.92107207 0.87787080 -1.20712256
v -0.92066294 0.88384432 -1.20678461
v -0.91792917 0.88419288 -1.21102095
v -0.91811818 0.87826920 -1.21119916
v -0.88393003 0.93707508 -1.20840240
v -0.88815820 0.93321204 -1.21593642
v -0.89370161 0.91642135 -1.21267104
v -0.89778394 0.91860616 -1.21685481
v -0.89300197 0.92571926 -1.21649384
v -0.88801485 0.92696112 -1.20893610
v -0.87845391 0.93310726 -1.19267821
v -0.88244975 0.92938066 -1.19831300
v -0.87978107 0.93956560 -1.19833231
v -0.87570339 0.94284487 -1.19271302
v -0.86736101 0.94419122 -1.18577933
v -0.86285681 0.94322985 -1.18241405
v -0.86510402 0.93517494 -1.18115556
v -0.87025470 0.93502247 -1.18484437
v -0.87843496 0.91653955 -1.18665361
v -0.87524593 0.91734481 -1.18285275
v -0.87931085 0.90978026 -1.18057561
v -0.88204980 0.90863371 -1.18423283
v -0.85071617 1.00148642 -1.17330873
v -0.85885078 1.00364041 -1.16904950
v -0.87131721 0.94815165 -1.16079378
v -0.87118858 0.93885267 -1.15865326
v -0.86148947 0.94041634 -1.15759754
v -0.86141741 0.95006830 -1.15985322
v -0.87415898 0.99046952 -1.17014658
v -0.87126642 0.99722356 -1.17003524
v -0.92082471 0.87665892 -1.20172203
v -0.92065871 0.88271105 -1.20123911
v -0.89536351 0.97031504 -1.23578966
v -0.89076048 0.98151380 -1.22883272
v -0.88693988 0.99095249 -1.22328293
v -0.88487536 0.99817646 -1.21985841
v -0.88384634 1.00488281 -1.21777391
v -0.88731390 0.92172849 -1.20484471
v -0.87991279 0.94233453 -1.20204651
v -0.87115610 0.95187283 -1.19341636
v -0.85065478 0.95215428 -1.17626989
v -0.85559583 0.95048445 -1.18119860
v -0.85357624 0.95694399 -1.18418431
v -0.84796768 0.95923883 -1.17688465
v -0.85386366 0.94862592 -1.16355360
v -0.85475999 0.93963110 -1.16171670
v -0.85326499 0.93746102 -1.16773558
v -0.85177833 0.94551110 -1.16945517
v -0.90370440 0.94696283 -1.23520756
v -0.90369684 0.95555776 -1.22776914
v -0.84711152 0.98695385 -1.17483580
v -0.84608489 0.99368834 -1.17792737
v -0.84642416 1.00116181 -1.18085194
v -0.86012214 0.97004718 -1.19902039
v -0.86213881 0.96877873 -1.20180631
v -0.85671008 0.98030454 -1.20918107
v -0.85490787 0.98144221 -1.20439386
v -0.86617178 0.96079624 -1.21659601
v -0.87101614 0.95492697 -1.22550797
v -0.86157602 0.97176421 -1.22295702
v -0.85580736 0.99260044 -1.20900369
v -0.85738081 1.00160396 -1.20999014
v -0.85260129 1.00056744 -1.20354974
v -0.84808075 0.99988604 -1.19650483
v -0.84551489 1.00024474 -1.18837714
v -0.85694939 1.01116157 -1.21050072
v -0.85139674 1.00955319 -1.20442843
v -0.84676737 1.00871718 -1.19707561
v -0.84439057 1.00854897 -1.18945360
v -0.86713320 1.01417208 -1.16844773
v -0.86904627 1.00486648 -1.16954637
v -0.85666847 1.01223958 -1.16957712
v -0.87306094 1.01286602 -1.21782708
v -0.86445093 1.01251686 -1.21487010
v -0.86404854 1.00256419 -1.21593332
v -0.88231498 1.01388931 -1.21600223
v -0.88109326 0.95207798 -1.24294758
v -0.88279825 0.94666636 -1.23728275
v -0.88624769 0.94224536 -1.24149585
v -0.88533098 0.94618487 -1.24674177
v -0.90067923 0.92641306 -1.21886349
v -0.90447313 0.91967893 -1.21786869
v -0.91089714 0.92030209 -1.21514988
v -0.84490687 0.97515470 -1.18080366
v -0.84947246 0.97135198 -1.18998241
v -0.89184707 0.91354603 -1.20781219
v -0.91985792 0.89088207 -1.20675015
v -0.91790432 0.90309292 -1.20722127
v -0.91426331 0.90351707 -1.21256447
v -0.91683376 0.89095163 -1.21143866
v -0.89573377 0.90553468 -1.20194566
v -0.89971274 0.89838684 -1.20113778
v -0.89838988 0.90047354 -1.20692635
v -0.89568806 0.90776253 -1.20768094
v -0.87063181 0.91852200 -1.17862654
v -0.87397158 0.91249067 -1.17677450
v -0.90669334 0.91996288 -1.19163465
v -0.91311282 0.93438756 -1.19981325
v -0.91368496 0.92209762 -1.19946861
v -0.87444186 0.93456864 -1.18825710
v -0.87256634 0.92584562 -1.18405163
v -0.87615794 0.92530251 -1.18771434
v -0.88725370 0.91818041 -1.20257354
v -0.88430756 0.92168820 -1.19849026
v -0.88730830 0.91443348 -1.19868684
v -0.89054728 0.91229028 -1.20325875
v -0.85080129 0.95939577 -1.16643715
v -0.86107093 0.96118879 -1.16201186
v -0.91353983 0.88412726 -1.21345341
v -0.91389376 0.87849057 -1.21312726
v -0.84907740 1.01024401 -1.17516160
v -0.84496635 1.00894046 -1.18210793
v -0.87175208 0.94408679 -1.18909931
v -0.90984577 0.94736367 -1.20066428
v -0.86774230 0.95285940 -1.19079030
v -0.88001913 0.92369401 -1.16509473
v -0.88160539 0.91677541 -1.16354156
v -0.87559932 0.91562712 -1.16560864
v -0.87323433 0.92223912 -1.16581082
v -0.90403658 0.88726974 -1.19978666
v -0.90639865 0.88041472 -1.19885635
v -0.90456063 0.88102853 -1.20414984
v -0.90232313 0.88823926 -1.20554852
v -0.89727616 0.91018462 -1.21250033
v -0.89975721 0.90222538 -1.21211278
v -0.90375155 0.90362537 -1.21542668
v -0.90119344 0.91235912 -1.21620250
v -0.90702462 0.91283071 -1.21634054
v -0.90925401 0.90385652 -1.21521235
v -0.90915257 0.88721299 -1.19569266
v -0.90537518 0.89802313 -1.19665802
v -0.91254878 0.90057015 -1.19627917
v -0.91570902 0.88860786 -1.19627047
v -0.88488543 0.96896338 -1.17298436
v -0.87851804 0.95775020 -1.16637540
v -0.87756473 0.97039855 -1.16822469
v -0.88813961 0.93031180 -1.16835225
v -0.87793428 0.93306470 -1.16480112
v -0.87927443 0.94532204 -1.16471291
v -0.87110162 0.95965844 -1.16306770
v -0.89985341 0.90873790 -1.19329560
v -0.90377474 0.91094911 -1.18949533
v -0.90764272 0.91011298 -1.19564319
v -0.86175388 0.95324880 -1.18723834
v -0.91234952 0.89140058 -1.21416187
v -0.89669091 0.99732924 -1.20293164
v -0.89836687 0.98923641 -1.20380378
v -0.89699471 0.98788065 -1.19064820
v -0.89547640 0.99706334 -1.19158173
v -0.90363544 0.88994598 -1.21117938
v -0.90720206 0.89084589 -1.21455097
v -0.86737448 0.91871858 -1.17367172
v -0.86744839 0.91766346 -1.16860461
v -0.87102777 0.91376793 -1.16819155
v -0.87125838 0.91352940 -1.17247927
v -0.87047738 0.97164607 -1.16487896
v -0.87036151 0.93232507 -1.15660095
v -0.86106223 0.93283713 -1.15582156
v -0.87640649 0.98157418 -1.16936946
v -0.88288850 0.98942733 -1.17509198
v -0.88391399 0.98058015 -1.17425466
v -0.89522028 0.92312133 -1.17601085
v -0.89118987 0.96689814 -1.17769229
v -0.88992101 0.97953516 -1.17939055
v -0.88974977 0.98953551 -1.18137193
v -0.88890427 0.99724507 -1.18203139
v -0.88123119 0.99711168 -1.17549801
v -0.91993314 0.89020634 -1.20090604
v -0.91693729 0.88145959 -1.19654155
v -0.87697178 1.01506341 -1.17339909
v -0.87923914 1.00530529 -1.17495418
v -0.88436401 1.01526046 -1.18062842
v -0.88701862 1.00557065 -1.18179822
v -0.90022385 0.97614187 -1.19235945
v -0.89572585 0.97755039 -1.18504834
v -0.90272647 0.96293330 -1.19084787
v -0.89739925 0.96506059 -1.18301654
v -0.90387350 0.92348588 -1.18145418
v -0.91408223 0.86621034 -1.19672573
v -0.90982497 0.86613363 -1.19806790
v -0.90783834 0.87425113 -1.19835567
v -0.91258126 0.87418813 -1.19635463
v -0.91113526 0.88046610 -1.19590211
v -0.91770434 0.87530196 -1.19715106
v -0.90604788 0.96066141 -1.20168042
v -0.89137578 0.90783513 -1.19760942
v -0.90158886 0.97538519 -1.20601904
v -0.90466028 0.96467179 -1.21818042
v -0.90803391 0.95515525 -1.21421075
v -0.89822316 0.98045349 -1.21950567
v -0.89444822 0.99071658 -1.21465993
v -0.89120477 1.00493002 -1.21146941
v -0.89219421 0.99835098 -1.21234226
v -0.88984466 1.01397705 -1.21068013
v -0.90131402 0.96937060 -1.22730446
v -0.90669453 0.86925298 -1.20766509
v -0.90963614 0.87042367 -1.21197391
v -0.89519197 1.00434625 -1.20217621
v -0.89320248 1.01445448 -1.20087564
v -0.87720889 0.94968140 -1.23257160
v -0.86351669 0.96112573 -1.19331551
v -0.85875201 0.96176827 -1.19109368
v -0.85148984 0.96361697 -1.18698490
v -0.84611279 0.96705043 -1.17850518
v -0.89131403 1.01532125 -1.18977296
v -0.84887832 1.02270913 -1.20682359
v -0.84398800 1.02160263 -1.19976926
v -0.87994939 1.02808344 -1.17939258
v -0.91395342 0.87078279 -1.21297884
v -0.88580048 0.90811932 -1.17786503
v -0.88663870 0.90674448 -1.17951846
v -0.88372076 0.95821929 -1.24620295
v -0.88824874 0.95074880 -1.24950886
v -0.90063643 0.95140445 -1.24552369
v -0.89837486 0.96102017 -1.24144745
v -0.89071703 0.96142292 -1.24598670
v -0.89423442 0.95226824 -1.24901676
v -0.85808617 0.96989477 -1.19691980
v -0.85479474 0.96995014 -1.19411564
v -0.86003935 0.97195923 -1.16433477
v -0.84991997 0.97000307 -1.16831875
v -0.91255897 0.91285145 -1.21337092
v -0.91557640 0.91269541 -1.20742214
v -0.91448456 0.92108190 -1.20838189
v -0.91740960 0.90264589 -1.20059860
v -0.90138054 0.90508640 -1.19738901
v -0.89693630 0.90640128 -1.19612503
v -0.86411172 0.96559870 -1.20764303
v -0.85872334 0.97667623 -1.21520662
v -0.89141709 0.94109881 -1.23552990
v -0.88749295 0.94323826 -1.23212695
v -0.88023371 0.92437273 -1.19284558
v -0.89861053 0.91179264 -1.17695642
v -0.90477830 0.91302115 -1.18170643
v -0.88269478 0.91648859 -1.19253576
v -0.91801172 0.87022030 -1.21131456
v -0.92106742 0.86961055 -1.20731974
v -0.91487372 0.91259086 -1.20001531
v -0.86745459 0.92639267 -1.18001747
v -0.89253849 0.90868878 -1.17707539
v -0.89143360 0.91526353 -1.17406070
v -0.85572052 0.93326706 -1.16042697
v -0.89386195 1.00467563 -1.19091392
v -0.90533805 0.87552392 -1.20328701
v -0.90626073 0.86770785 -1.20224702
v -0.91802710 0.86746860 -1.19780779
v -0.92096448 0.86894536 -1.20178497
v -0.84905016 0.97949743 -1.17170310
v -0.86614031 0.96024728 -1.19506228
v -0.84102505 1.02157462 -1.19234788
v -0.90300447 0.95970786 -1.23411775
v -0.90444911 0.94953346 -1.23963845
v -0.88559496 0.90956056 -1.19120908
v -0.87377793 0.92796087 -1.16205668
v -0.89184934 0.91183102 -1.17108202
v -0.88929904 0.91562283 -1.16536689
v -0.88856900 0.92193127 -1.16683424
v -0.88921005 0.90804696 -1.17455530
v -0.92140436 0.86215937 -1.20183182
v -0.91854471 0.86091214 -1.19801593
v -0.92159945 0.86263597 -1.20733833
v -0.91831404 0.86376143 -1.21095419
v -0.91439408 0.86489391 -1.21236849
v -0.91493279 0.86005712 -1.19686258
v -0.91097134 0.86031103 -1.19809246
v -0.90738398 0.86243272 -1.20201623
v -0.91510957 0.85450470 -1.19690776
v -0.91884220 0.85430926 -1.19821811
v -0.92146391 0.84983766 -1.20808148
v -0.92242527 0.84856099 -1.20539391
v -0.92231077 0.85209948 -1.20500183
v -0.92215496 0.85532904 -1.20696414
v -0.92094404 0.84495968 -1.20772600
v -0.92249554 0.84395784 -1.20505583
v -0.92213476 0.84818685 -1.20162582
v -0.92181647 0.85259324 -1.20205557
v -0.92233914 0.84329361 -1.20109713
v -0.91996723 0.84326881 -1.19830835
v -0.91963881 0.84796375 -1.19909978
v -0.92002547 0.85174972 -1.19980466
v -0.92180961 0.85621166 -1.20193684
v -0.92046434 0.84065968 -1.20604467
v -0.91944605 0.83817422 -1.20197582
v -0.92202199 0.83923209 -1.20091951
v -0.92225116 0.84078360 -1.20444608
v -0.91873306 0.85771358 -1.21051824
v -0.91858560 0.85103774 -1.20999563
v -0.91813177 0.84555078 -1.20913327
v -0.91753018 0.84123218 -1.20691037
v -0.91509628 0.85129303 -1.21068382
v -0.91516298 0.84564424 -1.20893657
v -0.91484410 0.84220129 -1.20675945
v -0.91180009 0.85091096 -1.20924807
v -0.91272712 0.84537089 -1.20741105
v -0.91481370 0.85913628 -1.21180248
v -0.91101027 0.85939825 -1.21066856
v -0.91334140 0.84300685 -1.20605874
v -0.91665798 0.83902293 -1.20268500
v -0.91740829 0.84851164 -1.19730484
v -0.91729659 0.84342372 -1.19714916
v -0.91482919 0.84869456 -1.19681406
v -0.91495252 0.84352863 -1.19715595
v -0.92029089 0.83990002 -1.19808614
v -0.91795158 0.83944529 -1.19799852
v -0.91035146 0.86511004 -1.21133196
v -0.90759230 0.86407280 -1.20682490
v -0.90835524 0.85859996 -1.20651293
v -0.90904844 0.85026586 -1.20541549
v -0.90836781 0.85695350 -1.20168328
v -0.91147810 0.85477722 -1.19792581
v -0.91207308 0.84884435 -1.19783461
v -0.90939361 0.84958464 -1.20078492
v -0.91259921 0.84399354 -1.19844604
v -0.91090387 0.84449267 -1.20085764
v -0.91102213 0.84487104 -1.20429325
v -0.91331631 0.84114403 -1.20006466
v -0.91545862 0.84009099 -1.19872427
v -0.91429788 0.84065270 -1.20326626
v -0.91258782 0.84232950 -1.20369148
v -0.91214776 0.84228021 -1.20140946
v -0.89594585 0.87061167 -1.18648911
v -0.89582056 0.87787914 -1.18787467
v -0.89275402 0.87785989 -1.18414116
v -0.89301950 0.87047255 -1.18238211
v -0.90795392 0.87251425 -1.18323386
v -0.90816027 0.87936258 -1.18364775
v -0.90439659 0.87863815 -1.18759263
v -0.90388238 0.87166286 -1.18699014
v -0.90729958 0.87314427 -1.17697108
v -0.90762818 0.87998414 -1.17729640
v -0.90806335 0.88743913 -1.18477511
v -0.90566689 0.90096200 -1.18728685
v -0.90097755 0.89984858 -1.19110990
v -0.90389079 0.88649231 -1.18879580
v -0.88851017 0.89916050 -1.17848337
v -0.88692731 0.90014952 -1.18346524
v -0.89979911 0.87813801 -1.18869960
v -0.89954352 0.87095845 -1.18791711
v -0.89142245 0.88589311 -1.17601967
v -0.89271587 0.87751073 -1.17421460
v -0.89151806 0.87764764 -1.17908788
v -0.89000511 0.88601518 -1.18106341
v -0.88890630 0.90064597 -1.18910480
v -0.89243960 0.90003729 -1.19371581
v -0.89680737 0.89954221 -1.19361830
v -0.89585823 0.88618082 -1.17257929
v -0.89400786 0.89930046 -1.17489302
v -0.90069157 0.90079045 -1.17514098
v -0.90208465 0.88704658 -1.17306280
v -0.89916366 0.88616192 -1.19062245
v -0.89157987 0.88639164 -1.18636858
v -0.89481997 0.88615870 -1.19019878
v -0.90736657 0.88803458 -1.17813706
v -0.90242893 0.87903243 -1.17233849
v -0.89885873 0.86149883 -1.17017031
v -0.89487803 0.86057830 -1.17148519
v -0.89337420 0.87024069 -1.17277658
v -0.89758426 0.87076390 -1.17083108
v -0.89681858 0.87789160 -1.17171144
v -0.90281206 0.87218219 -1.17207968
v -0.89350176 0.85978043 -1.18009102
v -0.89616919 0.86028105 -1.18455791
v -0.89950997 0.86064136 -1.18638229
v -0.90638620 0.90180779 -1.18005812
v -0.90342140 0.86158192 -1.18560803
v -0.90751755 0.86278379 -1.18227303
v -0.89184332 0.87021369 -1.17733598
v -0.89267111 0.86009598 -1.17540646
v -0.90323889 0.86291832 -1.17156315
v -0.90724325 0.86387682 -1.17615902
v -0.90699351 0.85572517 -1.17518187
v -0.90331334 0.85518384 -1.17105579
v -0.90755016 0.85473061 -1.18098485
v -0.90372431 0.85445404 -1.18430853
v -0.90004116 0.85433400 -1.18494713
v -0.89990586 0.85421181 -1.16975009
v -0.89632154 0.85377920 -1.17079663
v -0.89373529 0.85398591 -1.17442250
v -0.90046984 0.84728456 -1.16906202
v -0.90370661 0.84693933 -1.17000282
v -0.90655267 0.83492994 -1.17775178
v -0.90813792 0.83488142 -1.17505813
v -0.90775019 0.83986998 -1.17610765
v -0.90701777 0.84051621 -1.17907381
v -0.90773785 0.84349763 -1.17621839
v -0.90777272 0.84650552 -1.17906117
v -0.90647030 0.83985567 -1.17205548
v -0.90679765 0.84413183 -1.17333937
v -0.90819275 0.83454871 -1.17080557
v -0.90551263 0.83496666 -1.16832185
v -0.90493685 0.84046042 -1.17011631
v -0.90489429 0.84399080 -1.17106867
v -0.90644979 0.83027673 -1.17529094
v -0.90840465 0.83107150 -1.17396712
v -0.90693343 0.84839767 -1.17397237
v -0.90418893 0.84823966 -1.18275583
v -0.90419549 0.84115428 -1.18130732
v -0.90400141 0.83487725 -1.17912185
v -0.90372235 0.83041608 -1.17622137
v -0.90062660 0.84139407 -1.18202686
v -0.90114981 0.83513802 -1.17942119
v -0.90121025 0.83167166 -1.17629790
v -0.89709729 0.84141517 -1.18029475
v -0.89840925 0.83538365 -1.17775941
v -0.90027094 0.84895676 -1.18369508
v -0.89684975 0.84933478 -1.18205404
v -0.89954835 0.83279330 -1.17582655
v -0.90323472 0.82884789 -1.17199278
v -0.90602261 0.82817018 -1.17092013
v -0.90885216 0.82952803 -1.16988814
v -0.90283507 0.84073853 -1.16915965
v -0.90320367 0.83483583 -1.16819394
v -0.90080541 0.84065878 -1.16822994
v -0.90142012 0.83479524 -1.16782439
v -0.90619671 0.83089972 -1.16750705
v -0.90432918 0.83026850 -1.16787195
v -0.89670414 0.85423565 -1.18307662
v -0.89425904 0.85409319 -1.17910528
v -0.89433634 0.84924620 -1.17822838
v -0.89479870 0.84142667 -1.17623019
v -0.89413995 0.84892333 -1.17345786
v -0.89710879 0.84774941 -1.16989827
v -0.89811015 0.84105963 -1.16897893
v -0.89539272 0.84150684 -1.17171967
v -0.89933437 0.83542085 -1.16879892
v -0.89727712 0.83585101 -1.17087853
v -0.89674252 0.83566618 -1.17438960
v -0.90020829 0.83179164 -1.16974330
v -0.90212977 0.83053422 -1.16860700
v -0.90077049 0.83046901 -1.17268312
v -0.89883465 0.83257127 -1.17338443
v -0.89868170 0.83313918 -1.17104626
v -0.88225073 0.88055164 -1.16903520
v -0.88250744 0.88626266 -1.17045343
v -0.87828457 0.88718665 -1.16818309
v -0.87782210 0.88131630 -1.16679883
v -0.89170557 0.88184190 -1.16287386
v -0.89265507 0.88862854 -1.16448355
v -0.89059263 0.88685930 -1.16803956
v -0.89000124 0.88075268 -1.16625226
v -0.89014053 0.88295329 -1.15838242
v -0.89071906 0.89024866 -1.15951872
v -0.89291298 0.89538550 -1.16625190
v -0.89226544 0.90496171 -1.16876066
v -0.88913554 0.90254480 -1.17282033
v -0.89046985 0.89307588 -1.17016554
v -0.88697273 0.88605940 -1.17010903
v -0.88673490 0.88020456 -1.16845047
v -0.87487471 0.89572275 -1.16268861
v -0.87589854 0.88895929 -1.16045880
v -0.87592751 0.88812077 -1.16435599
v -0.87512696 0.89489520 -1.16672873
v -0.87608337 0.90531653 -1.17404342
v -0.88034964 0.90354156 -1.17636645
v -0.88471848 0.90234977 -1.17539096
v -0.87827235 0.89670271 -1.15879250
v -0.87698162 0.90754175 -1.16256404
v -0.88324553 0.90828735 -1.16055202
v -0.88463396 0.89783007 -1.15775394
v -0.88636231 0.89201957 -1.17237544
v -0.87733859 0.89374024 -1.17064309
v -0.88175279 0.89246345 -1.17287421
v -0.89063382 0.89753771 -1.16110933
v -0.88503748 0.89068174 -1.15642715
v -0.88098174 0.87321198 -1.15348065
v -0.87732953 0.87271583 -1.15559363
v -0.87596905 0.88271624 -1.15839636
v -0.87975323 0.88330269 -1.15556622
v -0.87901145 0.88992250 -1.15713203
v -0.88528651 0.88340783 -1.15531111
v -0.87784678 0.87215143 -1.16412151
v -0.88165516 0.87158859 -1.16693115
v -0.88594311 0.87141645 -1.16634107
v -0.89013410 0.90744710 -1.16331697
v -0.87323582 0.90683210 -1.16649878
v -0.88888484 0.87161368 -1.16445374
v -0.89073032 0.87218779 -1.16132116
v -0.87555963 0.88221788 -1.16257286
v -0.87601566 0.87277639 -1.15967464
v -0.88568258 0.87353456 -1.15374899
v -0.88991159 0.87340403 -1.15675712
v -0.88968521 0.86654890 -1.15563715
v -0.88592559 0.86695576 -1.15232146
v -0.89060295 0.86520660 -1.16014040
v -0.88839048 0.86504972 -1.16313446
v -0.88552433 0.86546940 -1.16491294
v -0.88152492 0.86663127 -1.15225315
v -0.87843293 0.86632764 -1.15418375
v -0.87680429 0.86716175 -1.15817273
v -0.88150066 0.86171997 -1.15116429
v -0.88565141 0.86078316 -1.15152001
v -0.88929731 0.84815931 -1.15777159
v -0.88970876 0.84828168 -1.15556562
v -0.88945913 0.85277933 -1.15674114
v -0.88964581 0.85283089 -1.15897882
v -0.88988024 0.85626942 -1.15690184
v -0.89037514 0.85875881 -1.15883195
v -0.88918835 0.85347223 -1.15310049
v -0.88912064 0.85751677 -1.15424168
v -0.88921803 0.84887004 -1.15177119
v -0.88601303 0.85017681 -1.14962232
v -0.88599253 0.85467309 -1.15117228
v -0.88693815 0.85789633 -1.15210795
v -0.88879615 0.84442151 -1.15551186
v -0.88984257 0.84521055 -1.15414977
v -0.88923246 0.86109591 -1.15491176
v -0.88834417 0.85972995 -1.16201365
v -0.88787949 0.85340995 -1.16113448
v -0.88742036 0.84829760 -1.15960324
v -0.88643843 0.84485495 -1.15712774
v -0.88496405 0.85410714 -1.16226065
v -0.88474482 0.84891176 -1.16031957
v -0.88411570 0.84612238 -1.15801239
v -0.88168091 0.85486400 -1.16229057
v -0.88210571 0.84958279 -1.16001415
v -0.88525206 0.86048543 -1.16359901
v -0.88177556 0.86163300 -1.16376495
v -0.88246930 0.84736580 -1.15814424
v -0.88446647 0.84406340 -1.15312338
v -0.88722169 0.84350932 -1.15147269
v -0.88933688 0.84486032 -1.15051043
v -0.88382858 0.85556239 -1.15006232
v -0.88372391 0.85060126 -1.14920747
v -0.88114363 0.85623920 -1.15055418
v -0.88152510 0.85091513 -1.14989853
v -0.88667113 0.84685564 -1.14889717
v -0.88488072 0.84653533 -1.14903831
v -0.88189244 0.86625701 -1.16511917
v -0.87844771 0.86704159 -1.16255903
v -0.87865436 0.86256009 -1.16147411
v -0.87868851 0.85557705 -1.15964854
v -0.87719232 0.86287880 -1.15717351
v -0.87872857 0.86210376 -1.15342367
v -0.87884498 0.85658717 -1.15242863
v -0.87762183 0.85654640 -1.15573335
v -0.87962180 0.85110998 -1.15173507
v -0.87862676 0.85110408 -1.15443492
v -0.87962574 0.85030901 -1.15771031
v -0.88082355 0.84771317 -1.15219522
v -0.88266218 0.84701133 -1.15027583
v -0.88242871 0.84579098 -1.15486228
v -0.88096088 0.84757161 -1.15616155
v -0.87983090 0.84845459 -1.15406203
v -0.87385803 0.90647376 -1.17048120
v -0.86309516 0.90067542 -1.15529096
v -0.86387348 0.90496600 -1.15735269
v -0.86052161 0.90635318 -1.15596104
v -0.85968816 0.90217614 -1.15390861
v -0.87026668 0.90202737 -1.14765537
v -0.87155974 0.90702665 -1.14972448
v -0.87072664 0.90521896 -1.15380359
v -0.86964345 0.90029800 -1.15159285
v -0.86755723 0.90419096 -1.14398372
v -0.86862433 0.90938044 -1.14581919
v -0.87220943 0.91268432 -1.15277052
v -0.87322587 0.92184949 -1.15788460
v -0.87139940 0.91867751 -1.16151404
v -0.87116939 0.91075963 -1.15688169
v -0.85663921 0.92867500 -1.15953112
v -0.85706437 0.92269868 -1.15707576
v -0.85782903 0.92052579 -1.16055799
v -0.85666066 0.92675656 -1.16394067
v -0.86772639 0.90452999 -1.15658998
v -0.86677825 0.89990842 -1.15429187
v -0.85744661 0.91440731 -1.15273142
v -0.85738832 0.90955585 -1.14985085
v -0.85819525 0.90788758 -1.15328407
v -0.85810310 0.91235459 -1.15619516
v -0.85902292 0.92416382 -1.16725373
v -0.86014348 0.91853988 -1.16318917
v -0.86367387 0.91732711 -1.16457462
v -0.86259025 0.92109072 -1.16935468
v -0.86723220 0.91697407 -1.16385865
v -0.85928845 0.91605020 -1.14939630
v -0.85892093 0.92467284 -1.15392470
v -0.86328536 0.92627770 -1.15161777
v -0.86366338 0.91656208 -1.14726079
v -0.86791420 0.90951836 -1.15938139
v -0.86047071 0.91090178 -1.15872622
v -0.86400145 0.90965462 -1.16006756
v -0.86944860 0.91521966 -1.14886010
v -0.86341077 0.91078550 -1.14462590
v -0.85750908 0.89984357 -1.14151275
v -0.85590750 0.89925855 -1.14432311
v -0.85664237 0.90519738 -1.14745486
v -0.85842425 0.90618098 -1.14407659
v -0.85914570 0.91076064 -1.14636636
v -0.86258000 0.90587723 -1.14250350
v -0.85871893 0.89640784 -1.15109253
v -0.86199754 0.89463711 -1.15243566
v -0.86547148 0.89392436 -1.15156424
v -0.87058419 0.92521703 -1.15336335
v -0.86805612 0.89387858 -1.14912713
v -0.86873811 0.89523530 -1.14549088
v -0.85736579 0.90369356 -1.15108490
v -0.85651869 0.89795506 -1.14799547
v -0.86135519 0.89934707 -1.14019680
v -0.86616057 0.89767230 -1.14186645
v -0.86545235 0.89244378 -1.13994622
v -0.86083871 0.89406669 -1.13824153
v -0.86770356 0.89023578 -1.14380610
v -0.86694509 0.88942993 -1.14722896
v -0.86453050 0.88983095 -1.14955544
v -0.85695642 0.89490747 -1.13982284
v -0.85584396 0.89463764 -1.14248967
v -0.85654175 0.89390236 -1.14582229
v -0.85681939 0.89017755 -1.13808906
v -0.86050236 0.88866997 -1.13660562
v -0.86494797 0.87670791 -1.14119744
v -0.86512423 0.87757635 -1.13926721
v -0.86533511 0.88064635 -1.14027798
v -0.86578184 0.88050932 -1.14247119
v -0.86576730 0.88388276 -1.14047956
v -0.86661369 0.88547218 -1.14240682
v -0.86426252 0.88223457 -1.13727355
v -0.86441034 0.88552350 -1.13830125
v -0.86394149 0.87855452 -1.13580275
v -0.86012936 0.87977481 -1.13435817
v -0.86068493 0.88339144 -1.13535190
v -0.86186993 0.88604552 -1.13640642
v -0.86379796 0.87389266 -1.13904774
v -0.86471224 0.87503314 -1.13785601
v -0.86479455 0.88832599 -1.13893890
v -0.86617738 0.88536435 -1.14571524
v -0.86510688 0.88050687 -1.14453459
v -0.86381161 0.87575215 -1.14284205
v -0.86180317 0.87341368 -1.14029980
v -0.86314243 0.88118696 -1.14600277
v -0.86175787 0.87670064 -1.14394939
v -0.86009568 0.87460583 -1.14161777
v -0.86069930 0.88280344 -1.14670897
v -0.85982311 0.87823474 -1.14440012
v -0.86414081 0.88634849 -1.14781785
v -0.86155027 0.88790715 -1.14862764
v -0.85929555 0.87605214 -1.14253545
v -0.85963184 0.87396389 -1.13773370
v -0.86136836 0.87395489 -1.13596487
v -0.86327612 0.87537438 -1.13471198
v -0.85837847 0.88433647 -1.13523793
v -0.85780740 0.87996662 -1.13453007
v -0.85631913 0.88531816 -1.13686931
v -0.85627437 0.87992293 -1.13615131
v -0.86051720 0.87698245 -1.13373351
v -0.85892612 0.87637413 -1.13456059
v -0.86144537 0.89093232 -1.15025139
v -0.85864645 0.89240348 -1.14901698
v -0.85838944 0.88937670 -1.14748025
v -0.85795969 0.88436365 -1.14563751
v -0.85631114 0.89045507 -1.14434159
v -0.85566384 0.89079016 -1.14098334
v -0.85536605 0.88551497 -1.13945365
v -0.85578352 0.88531959 -1.14269793
v -0.85566378 0.88015604 -1.13854384
v -0.85609633 0.88007545 -1.14112306
v -0.85768157 0.87937486 -1.14347553
v -0.85696626 0.87663525 -1.13853681
v -0.85752684 0.87622166 -1.13640916
v -0.85851771 0.87494433 -1.13963950
v -0.85799450 0.87647128 -1.14137852
v -0.85692924 0.87734294 -1.14022791
v -0.85835743 0.92942154 -1.15644479
v -0.90631205 0.93692356 -1.24043989
v -0.90283304 0.93478990 -1.23866880
v -0.89311725 0.93327355 -1.24167776
v -0.88944691 0.93497229 -1.24658513
v -0.88957959 0.93832111 -1.25165820
v -0.89337647 0.94080162 -1.25386059
v -0.89865208 0.94164598 -1.25345969
v -0.89840752 0.93321675 -1.23882771
v -0.90775460 0.93972796 -1.24453282
v -0.90422302 0.94146931 -1.25003445
v -0.90777129 0.93249619 -1.25452447
v -0.91084307 0.93116903 -1.24853539
v -0.90182692 0.93313062 -1.25822747
v -0.89603657 0.93297982 -1.25825286
v -0.89170671 0.93190897 -1.25532913
v -0.90930456 0.92926246 -1.24385810
v -0.90519637 0.92788625 -1.24148345
v -0.89961833 0.92729676 -1.24192142
v -0.91216630 0.92167598 -1.24728417
v -0.91462916 0.92031866 -1.25293207
v -0.90745765 0.91308844 -1.26647007
v -0.91146487 0.91368246 -1.26593518
v -0.90971833 0.91749382 -1.26423383
v -0.90551966 0.91782415 -1.26501834
v -0.90910929 0.91972661 -1.26208985
v -0.90551788 0.92299193 -1.26198041
v -0.91465050 0.91671664 -1.26140916
v -0.91292280 0.91885674 -1.25959885
v -0.91734368 0.91481268 -1.25718343
v -0.91579467 0.91784489 -1.25683808
v -0.91682082 0.91336232 -1.26365471
v -0.91337186 0.91047239 -1.26694179
v -0.91732079 0.90954447 -1.26489997
v -0.91085231 0.90877235 -1.26698315
v -0.91117346 0.92290533 -1.25796080
v -0.89870173 0.92519152 -1.26136160
v -0.90111631 0.91797793 -1.26417828
v -0.90411180 0.91182899 -1.26570797
v -0.90805727 0.90712190 -1.26511824
v -0.89756525 0.91696441 -1.26103210
v -0.90213567 0.91051316 -1.26238489
v -0.90627021 0.90692008 -1.26201737
v -0.89754826 0.91577339 -1.25624049
v -0.90244645 0.91000557 -1.25863075
v -0.89393979 0.92536479 -1.25815582
v -0.89291185 0.92449498 -1.25266862
v -0.90559369 0.90727806 -1.25954747
v -0.91264600 0.90473467 -1.26214337
v -0.91561657 0.90586329 -1.26451862
v -0.91681153 0.91413426 -1.25377965
v -0.91912031 0.91179007 -1.25925231
v -0.91826838 0.90989220 -1.25608182
v -0.91445822 0.91423786 -1.25040698
v -0.91577524 0.90870738 -1.25376785
v -0.91967815 0.90908116 -1.26147234
v -0.91840219 0.90676761 -1.25967121
v -0.89104873 0.92994863 -1.24993598
v -0.89413720 0.92808652 -1.24506748
v -0.89610702 0.92302358 -1.24758732
v -0.90038913 0.91500020 -1.25130939
v -0.90200156 0.92163503 -1.24457431
v -0.90809065 0.92148823 -1.24435401
v -0.91084260 0.91396910 -1.24855447
v -0.90556687 0.91404194 -1.24848175
v -0.91236120 0.90845990 -1.25273347
v -0.90859103 0.90890092 -1.25306606
v -0.90485853 0.90923262 -1.25523221
v -0.91215456 0.90591967 -1.25645471
v -0.91541904 0.90546912 -1.25782132
v -0.90992874 0.90540361 -1.25978899
v -0.90776372 0.90668696 -1.25771499
v -0.90974671 0.90678555 -1.25576234
v -0.85473239 0.93138927 -1.16614532
v -0.85751563 0.92900461 -1.17066646
v -0.85594404 0.93587792 -1.17251253
v -0.85333353 0.94397563 -1.17449307
v -0.84965080 0.95259744 -1.17103744
v -0.85793203 0.94299269 -1.17882097
v -0.86003405 0.93477690 -1.17680454
v -0.86254495 0.92565912 -1.17445421
v -0.86034566 0.94898701 -1.18369246
v -0.88187790 1.74925458 -1.49346793
v -0.88302380 1.74774766 -1.49020183
v -0.88245916 1.74150372 -1.48833287
v -0.88205177 1.74161351 -1.49140334
v -0.88113922 1.74208736 -1.49476850
v -0.87933248 1.74250531 -1.49826682
v -0.87614447 1.74991763 -1.50241780
v -0.87998354 1.75027966 -1.49819791
v -0.86810851 1.74352837 -1.50839245
v -0.86938643 1.74492407 -1.50693917
v -0.86884302 1.74267304 -1.50809371
v -0.87376481 1.74267602 -1.50433111
v -0.87057644 1.74277234 -1.50647795
v -0.88309431 1.74444747 -1.48536932
v -0.88287872 1.74312329 -1.48416162
v -0.88317913 1.74612594 -1.48749638
v -0.87675810 1.74283433 -1.50160491
v -0.88259983 1.74212241 -1.48431718
v -0.88246775 1.74159884 -1.48578191
v -0.87222612 1.74771476 -1.50520647
v -0.88135016 1.74421906 -1.49429715
v -0.87962162 1.74468184 -1.49799848
v -0.87668252 1.74760056 -1.50182211
v -0.87996691 1.74749494 -1.49793649
v -0.87409610 1.74466491 -1.50410736
v -0.87189704 1.74431753 -1.50552499
v -0.88226223 1.74340940 -1.49113595
v -0.87688273 1.74501455 -1.50143147
v -0.88203621 1.74653125 -1.49390960
v -0.87143868 1.74502587 -1.50574231
v -0.87355524 1.74653602 -1.50461912
v -0.88277280 1.74279451 -1.48505104
v -0.88272202 1.74226367 -1.48520112
v -0.84521931 1.48872995 -1.50767839
v -0.85111278 1.46979356 -1.51285803
v -0.88273251 1.74509454 -1.49059188
v -0.88272029 1.74225831 -1.48650038
v -0.88263470 1.74256563 -1.48852670
v -0.88285822 1.74406147 -1.48815024
v -0.88289207 1.74324346 -1.48623335
v -0.88001072 1.35718954 -1.29868793
v -0.87095237 1.35034859 -1.30868506
v -0.87189531 1.37807238 -1.25607252
v -0.85551327 1.38808537 -1.24928927
v -0.89193428 1.20692778 -1.51753020
v -0.78983557 1.25459719 -1.36375189
v -0.78749549 1.27287078 -1.35895526
v -0.72734231 1.27813256 -1.39450812
v -0.74091661 1.27306533 -1.38255930
v -0.87984943 1.24675667 -1.40424240
v -0.88244295 1.22966003 -1.40703142
v -0.89445841 1.24019980 -1.46445036
v -0.89365321 1.22203636 -1.46943963
v -0.89390725 1.20946884 -1.43174887
v -0.76163363 1.22338605 -1.37495935
v -0.75884157 1.24498320 -1.37571752
v -0.77537352 1.24011016 -1.36892688
v -0.77852994 1.21977878 -1.36703825
v -0.72014779 1.26011038 -1.41398358
v -0.71731561 1.28140581 -1.40994000
v -0.86665231 1.26822686 -1.38332987
v -0.84849977 1.27196455 -1.36903942
v -0.80761802 1.28219938 -1.35565174
v -0.78782505 1.28988957 -1.35540175
v -0.75327086 1.30813301 -1.36574066
v -0.77012926 1.29901409 -1.35890782
v -0.89674002 1.25861704 -1.48058224
v -0.89397967 1.27744412 -1.49707973
v -0.88044327 1.26522529 -1.40154505
v -0.87698442 1.26295531 -1.54037046
v -0.71952903 1.34598780 -1.38303697
v -0.73534644 1.34062314 -1.36941183
v -0.82829577 1.27655959 -1.36050892
v -0.88084769 1.42380738 -1.51836300
v -0.88890624 1.40647674 -1.52525163
v -0.89879882 1.40965033 -1.51106513
v -0.89035922 1.42624497 -1.50345063
v -0.90773165 1.41123295 -1.49681592
v -0.91486597 1.41189730 -1.48236215
v -0.91959316 1.41155469 -1.46816814
v -0.92325366 1.40521359 -1.43155360
v -0.92373067 1.40806663 -1.44275153
v -0.91791481 1.39720845 -1.41093242
v -0.92118078 1.40189290 -1.42100787
v -0.91384822 1.38807821 -1.40153360
v -0.90715504 1.37770176 -1.39171517
v -0.89733231 1.36797512 -1.38173091
v -0.89226979 1.37940836 -1.37684894
v -0.91238827 1.36563277 -1.39796066
v -0.91960484 1.37629855 -1.40725183
v -0.92479509 1.38411105 -1.41771245
v -0.89046669 1.36365676 -1.54813039
v -0.88882333 1.33904195 -1.54534388
v -0.84038961 1.50683737 -1.50330675
v -0.79624051 1.17466605 -1.19706178
v -0.87751609 1.06606305 -1.21186996
v -0.74551946 1.54489279 -1.39405549
v -0.73415935 1.54202616 -1.40968168
v -0.72198600 1.52972364 -1.42131734
v -0.72587180 1.54008102 -1.42349684
v -0.82014292 1.56298053 -1.35179448
v -0.79339844 1.55614913 -1.35358095
v -0.77126569 1.54777002 -1.36240458
v -0.75406605 1.54017425 -1.37588310
v -0.88985234 1.28087997 -1.42101920
v -0.73403162 1.51073861 -1.38577771
v -0.75067919 1.52943707 -1.37253165
v -0.76790291 1.53696322 -1.35751510
v -0.79043025 1.54632545 -1.34597766
v -0.82216883 1.55425239 -1.33985448
v -0.83859771 1.54941833 -1.33195019
v -0.84155560 1.52602267 -1.31543493
v -0.85061896 1.51793468 -1.30932963
v -0.86896992 1.52563047 -1.30993247
v -0.87525403 1.51367998 -1.30271590
v -0.85760021 1.50866342 -1.30205381
v -0.85300827 1.42054796 -1.25937057
v -0.84531254 1.40668392 -1.25434732
v -0.83448160 1.39828420 -1.25247502
v -0.82362205 1.39258599 -1.25472617
v -0.81418884 1.39009607 -1.26062453
v -0.80770129 1.39121056 -1.27002835
v -0.80491215 1.39641070 -1.28099215
v -0.81199694 1.41682839 -1.30770814
v -0.81726503 1.42361987 -1.31255233
v -0.81703758 1.40859842 -1.32464266
v -0.81385410 1.40122974 -1.32589567
v -0.78947359 1.36274767 -1.33411217
v -0.79853028 1.37701905 -1.33206773
v -0.78098089 1.34822321 -1.33927214
v -0.77322167 1.11687827 -1.35558879
v -0.77180797 1.13710439 -1.36205339
v -0.79187411 1.13836980 -1.35453296
v -0.79350185 1.11875045 -1.34833908
v -0.72488606 1.18368733 -1.41519761
v -0.73783165 1.18182158 -1.39798212
v -0.88068074 1.13937151 -1.37845707
v -0.85947371 1.13998151 -1.36261129
v -0.83638287 1.13991582 -1.35393333
v -0.81352782 1.13933444 -1.35174894
v -0.89516032 1.13947117 -1.39812529
v -0.90556234 1.12208724 -1.51772404
v -0.90897143 1.12653303 -1.49468577
v -0.87862802 1.11531126 -1.57330382
v -0.88948226 1.11643553 -1.55774772
v -0.90485668 1.13721442 -1.42045689
v -0.89887309 1.11858428 -1.53932774
v -0.91021478 1.13049436 -1.47033989
v -0.90949386 1.13406610 -1.44475257
v -0.76936251 1.15694058 -1.36833525
v -0.75266510 1.15809226 -1.37896657
v -0.75228429 1.18001544 -1.38412166
v -0.71012843 1.41556406 -1.37800562
v -0.72372085 1.41651011 -1.36378300
v -0.73670685 1.41932416 -1.35072803
v -0.75001681 1.44356751 -1.34112215
v -0.76389253 1.44939482 -1.33193481
v -0.76471728 1.43121743 -1.33212042
v -0.75150442 1.42561996 -1.34042549
v -0.78858066 1.45774937 -1.31870925
v -0.79756719 1.45973420 -1.31361127
v -0.79785007 1.44619966 -1.31559360
v -0.78950894 1.44300842 -1.31965399
v -0.80451584 1.44846213 -1.31030953
v -0.81141728 1.44938278 -1.30739284
v -0.81669241 1.44824028 -1.30518568
v -0.81801713 1.44402230 -1.29952681
v -0.82518119 1.46140122 -1.29197001
v -0.82238978 1.46818078 -1.29822516
v -0.79082358 1.47267473 -1.31791580
v -0.77896219 1.47070003 -1.32463121
v -0.71725786 1.44876075 -1.38216650
v -0.70806998 1.44533765 -1.39772058
v -0.88299727 1.36291003 -1.36957824
v -0.86733294 1.36048222 -1.35754681
v -0.85207266 1.36136055 -1.34807396
v -0.83845186 1.36440670 -1.34098172
v -0.82642579 1.36964035 -1.33532190
v -0.81485927 1.37650359 -1.33136106
v -0.80399764 1.38539481 -1.32885456
v -0.80926782 1.39363897 -1.32691002
v -0.79467851 1.39594102 -1.32698095
v -0.80168146 1.40328157 -1.32469606
v -0.78668427 1.40819359 -1.32574320
v -0.78095877 1.42193270 -1.32516932
v -0.77737015 1.43795002 -1.32530057
v -0.77679849 1.45403981 -1.32469726
v -0.75173837 1.46200395 -1.34094214
v -0.76569092 1.46698117 -1.33176112
v -0.74258351 1.47558904 -1.35211968
v -0.74930328 1.49273348 -1.35237479
v -0.73492873 1.43759871 -1.35142672
v -0.73760986 1.45674455 -1.35211861
v -0.79717475 1.57759500 -1.38102579
v -0.77569240 1.57326603 -1.38868392
v -0.81183416 1.41143525 -1.27720332
v -0.81048137 1.40260088 -1.27343214
v -0.80751258 1.40493548 -1.28146255
v -0.80917847 1.41060376 -1.28229356
v -0.81528258 1.40318632 -1.26693583
v -0.82128805 1.41732669 -1.26865542
v -0.82217711 1.40619755 -1.26215005
v -0.81569535 1.41338682 -1.27235162
v -0.83049852 1.41143394 -1.25973475
v -0.82798022 1.42193341 -1.26627278
v -0.83842903 1.41869760 -1.26014423
v -0.83488423 1.42754149 -1.26536250
v -0.84028250 1.43184233 -1.26518273
v -0.84504038 1.42746353 -1.26227462
v -0.84144342 1.46469879 -1.27994704
v -0.84167367 1.45271063 -1.27363729
v -0.84105092 1.44066036 -1.26861691
v -0.81687248 1.43756366 -1.29272020
v -0.81600118 1.43031895 -1.28520346
v -0.81585485 1.42223585 -1.27826428
v -0.82081401 1.42689919 -1.27472508
v -0.82058400 1.43596017 -1.28145814
v -0.82066935 1.44468725 -1.28870404
v -0.71228200 1.43164325 -1.37989473
v -0.72244287 1.43438435 -1.36514926
v -0.80533898 1.46089029 -1.30847168
v -0.81259972 1.46075475 -1.30502784
v -0.81871450 1.45809340 -1.30167699
v -0.82094049 1.45223999 -1.29604530
v -0.81641573 1.47171259 -1.30300343
v -0.80879945 1.47364879 -1.30717158
v -0.80035096 1.47347534 -1.31245255
v -0.72590512 1.45241129 -1.36613560
v -0.70253265 1.42952073 -1.39461708
v -0.90750068 1.47033513 -1.35512865
v -0.91399288 1.48821509 -1.33970106
v -0.91048431 1.50264919 -1.32175016
v -0.89564782 1.51135755 -1.30820560
v -0.73713529 1.57202601 -1.43170512
v -0.79081357 1.24693799 -1.25159121
v -0.69048631 1.37453437 -1.40832400
v -0.68760192 1.39618659 -1.40628147
v -0.70517349 1.30508494 -1.42137134
v -0.69718301 1.32555461 -1.41448689
v -0.73583770 1.20821631 -1.39973283
v -0.72401792 1.21314359 -1.41644382
v -0.72252011 1.23793387 -1.41601515
v -0.70576340 1.16327345 -1.42850649
v -0.71350783 1.18665969 -1.43528664
v -0.71521372 1.24179709 -1.43369102
v -0.71294028 1.26354277 -1.43026257
v -0.70549130 1.34787965 -1.39677155
v -0.69808161 1.41461730 -1.39101267
v -0.69260913 1.42936110 -1.40885758
v -0.69850260 1.44434333 -1.41233730
v -0.70230091 1.46190178 -1.41375089
v -0.93870217 1.37968647 -1.46961153
v -0.93094563 1.39519596 -1.46280575
v -0.92832774 1.39606380 -1.47598767
v -0.93619877 1.38030362 -1.48275113
v -0.93719620 1.37813830 -1.44538975
v -0.93054670 1.39205432 -1.43899822
v -0.93154329 1.39388657 -1.45040727
v -0.93895930 1.37911117 -1.45719337
v -0.92812496 1.38898206 -1.42816913
v -0.93426865 1.37604845 -1.43420434
v -0.94395036 1.36264265 -1.47496033
v -0.94406497 1.36228418 -1.46223462
v -0.94131124 1.36342812 -1.48799455
v -0.93888551 1.36136901 -1.43956089
v -0.94209439 1.36205101 -1.45052636
v -0.86964649 1.62956429 -1.52674770
v -0.88105464 1.63651490 -1.53702867
v -0.88360167 1.68094969 -1.54472780
v -0.88152933 1.68486428 -1.54332590
v -0.84865129 1.61446667 -1.51686895
v -0.84421426 1.60449052 -1.51429677
v -0.88145369 1.66311133 -1.54686713
v -0.88363630 1.64918959 -1.54840422
v -0.88042158 1.70659518 -1.54458666
v -0.87972748 1.70299554 -1.54402268
v -0.88173801 1.69270015 -1.54574144
v -0.88141882 1.68873310 -1.54545343
v -0.84008032 1.59340739 -1.51177919
v -0.85519636 1.62244582 -1.52217054
v -0.83121991 1.57003653 -1.50692546
v -0.82638770 1.55796278 -1.50426424
v -0.82972491 1.54656744 -1.49395776
v -0.83050072 1.53366005 -1.49472725
v -0.88638991 1.38504124 -1.54488039
v -0.86058944 1.43080211 -1.52243364
v -0.87143344 1.41954637 -1.53252053
v -0.85525596 1.44985628 -1.51761258
v -0.83547109 1.52110231 -1.49876726
v -0.83570403 1.58167744 -1.50937390
v -0.88241166 1.67637897 -1.54664719
v -0.88105965 1.67059708 -1.54604447
v -0.88007241 1.69930196 -1.54435396
v -0.88090771 1.69605184 -1.54505301
v -0.83667672 1.48702002 -1.52054477
v -0.84170300 1.46760988 -1.52609408
v -0.87957978 1.40309334 -1.53941631
v -0.87828046 1.36204016 -1.55955446
v -0.87462389 1.33702910 -1.55849409
v -0.83190745 1.50506389 -1.51526463
v -0.86467826 1.31694770 -1.55298460
v -0.86310476 0.94345772 -1.35964012
v -0.84164470 0.92382765 -1.36326253
v -0.82179916 0.93845654 -1.35494435
v -0.83793563 0.95272386 -1.35155261
v -0.84811532 0.99923122 -1.34802544
v -0.84802699 1.02667975 -1.34753799
v -0.84715372 1.05472207 -1.34539449
v -0.79956329 0.92990160 -1.36065912
v -0.76262480 0.94925177 -1.36366141
v -0.77388686 0.92706275 -1.37063336
v -0.82137644 1.05081093 -1.34057736
v -0.82197267 1.02337682 -1.34237909
v -0.82229811 0.95948803 -1.34837067
v -0.82266968 0.97418314 -1.34566450
v -0.84570569 0.97350830 -1.34897637
v -0.78763527 0.94914746 -1.35360026
v -0.80854297 0.95327514 -1.34977770
v -0.73857832 1.11671495 -1.38003457
v -0.73830783 1.09543395 -1.37448800
v -0.71769595 1.09819305 -1.39323449
v -0.81644601 1.12130308 -1.34607053
v -0.79489684 1.09784484 -1.34433866
v -0.70333749 0.95918918 -1.43078482
v -0.80226976 0.97189951 -1.34610224
v -0.75486952 0.97237694 -1.35717034
v -0.78004420 0.97129387 -1.34996438
v -0.75305665 1.04810882 -1.35253787
v -0.77474743 1.04726577 -1.34433436
v -0.77345431 1.02151561 -1.34435415
v -0.75063318 1.02364397 -1.35206461
v -0.79726446 1.04797459 -1.34045076
v -0.79600590 1.07430494 -1.34134471
v -0.75491548 1.07229292 -1.35568559
v -0.77493531 1.07273173 -1.34659314
v -0.77447337 1.09643412 -1.35069788
v -0.79750711 1.02037764 -1.34130692
v -0.75026321 0.99800718 -1.35344207
v -0.72585660 1.00073612 -1.36764872
v -0.70571142 1.00620806 -1.38880515
v -0.68727839 1.01047766 -1.41219389
v -0.68589211 1.03393185 -1.40993369
v -0.75583571 1.09487128 -1.36056292
v -0.75399619 1.13792884 -1.37270212
v -0.75610101 1.11683834 -1.36611068
v -0.75010890 1.20457363 -1.38568985
v -0.98135626 0.79300523 -1.56270146
v -0.78290641 0.92273450 -1.51215410
v -0.79880953 0.92602104 -1.52965677
v -0.93978155 1.01385415 -1.42305064
v -0.90487093 0.97017556 -1.37301850
v -0.87448817 0.97136438 -1.35764301
v -0.83177382 0.93797487 -1.55027390
v -0.85678095 0.95154780 -1.55310452
v -0.94324011 1.01845598 -1.45315790
v -0.92647749 0.99621087 -1.51256979
v -0.81369001 0.93031394 -1.54123664
v -0.82231033 0.99781930 -1.34482169
v -0.79897416 0.99439740 -1.34383965
v -0.77519429 0.99561465 -1.34619844
v -0.72864908 0.97660756 -1.37107086
v -0.70623028 0.98325169 -1.39252579
v -0.69049335 0.99064934 -1.41690421
v -0.85535610 0.99178457 -1.55419409
v -0.84946305 0.99872166 -1.56313527
v -0.85492033 1.00097775 -1.55909908
v -0.84590644 1.00981617 -1.57077622
v -0.84174973 0.99508858 -1.56713986
v -0.84518099 0.98513335 -1.55893981
v -0.83630282 0.98099685 -1.56236804
v -0.82911730 0.96770054 -1.55605006
v -0.90319365 1.10378766 -1.51916456
v -0.90850133 1.10832882 -1.49556851
v -0.87492102 1.09696245 -1.57390046
v -0.88551569 1.09825957 -1.55884755
v -0.90819532 1.12067080 -1.41920412
v -0.89525616 1.10025430 -1.54073179
v -0.91106051 1.11308575 -1.47093976
v -0.91179943 1.11734438 -1.44459331
v -0.68987358 1.08001840 -1.41305029
v -0.69435132 1.10403490 -1.41621554
v -0.86292642 1.09606421 -1.58584309
v -0.87715882 1.63683438 -1.54260039
v -0.86542326 1.62940407 -1.53168738
v -0.84166932 1.81737781 -1.50769365
v -0.75957912 1.60914481 -1.44673419
v -0.86467659 1.76652360 -1.52922595
v -0.88050437 1.68476844 -1.54470503
v -0.88227814 1.70943737 -1.54618943
v -0.82234538 1.54542208 -1.50205660
v -0.82195956 1.53174710 -1.50341010
v -0.77851051 0.92870617 -1.50907111
v -0.82691729 1.51950073 -1.50921166
v -0.77091277 0.92779660 -1.49989676
v -0.70984751 1.28457999 -1.42644072
v -0.98175377 0.32026434 -1.64731205
v -0.96958822 0.31783706 -1.63905752
v -0.98086172 0.29119116 -1.64698565
v -0.99127716 0.29475081 -1.65624976
v -0.96125573 0.31310064 -1.60778618
v -0.95988393 0.31426078 -1.62095845
v -0.96909159 0.31200570 -1.59649849
v -0.98129106 0.31145275 -1.59080589
v -0.98620135 0.28486115 -1.60309136
v -0.97437131 0.28445989 -1.60669422
v -0.99274647 0.31264132 -1.59113753
v -1.00936890 0.28791541 -1.60495412
v -1.00444651 0.31501603 -1.59407389
v -1.01975107 0.31922662 -1.60210621
v -1.02284360 0.29280990 -1.61322653
v -1.02965117 0.32133800 -1.61872721
v -1.03279972 0.29598749 -1.62978673
v -1.02957416 0.32305402 -1.63696730
v -0.99708045 0.32232404 -1.65235281
v -1.00533700 0.29772371 -1.66325760
v -0.96735865 0.28561848 -1.61687636
v -0.96895272 0.28716320 -1.62950540
v -0.97438926 0.28928649 -1.63890088
v -0.96328551 0.31578332 -1.63053370
v -0.98965746 0.26647538 -1.65770400
v -0.99760896 0.27106637 -1.66996634
v -0.97195524 0.25830477 -1.62543535
v -0.97869354 0.26140803 -1.63870752
v -0.99033052 0.25899011 -1.61452460
v -0.97771597 0.25746578 -1.61425817
v -1.01630688 0.26160699 -1.61256075
v -1.00349498 0.26047796 -1.61373615
v -0.99750680 0.28632897 -1.60391736
v -1.02801800 0.26648456 -1.62149775
v -1.03978562 0.27212232 -1.63991201
v -1.01325965 0.27552265 -1.67632902
v -0.98485970 0.26372665 -1.64814341
v -1.17211127 0.22157758 -1.75204039
v -1.17085648 0.22594005 -1.75130284
v -1.16864109 0.22701937 -1.75508165
v -1.16875839 0.22255725 -1.75794637
v -1.15598297 0.22996587 -1.78809929
v -1.15579581 0.24004728 -1.78765666
v -1.14923692 0.23973471 -1.79305422
v -1.14767361 0.22894436 -1.79611242
v -1.16537809 0.22655100 -1.77391553
v -1.16385984 0.22242993 -1.77205360
v -1.16643310 0.22136801 -1.76810670
v -1.16968155 0.22513574 -1.76772523
v -1.16322422 0.21506065 -1.71864438
v -1.16160226 0.21025211 -1.71880102
v -1.16291809 0.20924467 -1.71449733
v -1.16452241 0.21282703 -1.71295643
v -1.16827059 0.21798652 -1.74024868
v -1.16632652 0.21308142 -1.73994815
v -1.16781831 0.21255451 -1.73574829
v -1.17024159 0.21572322 -1.73428738
v -1.13973188 0.23827618 -1.77132487
v -1.12921524 0.24162906 -1.77963471
v -1.14074206 0.23986870 -1.78849232
v -1.14961672 0.23999161 -1.77992904
v -1.13465166 0.23189157 -1.79332614
v -1.12225509 0.23167640 -1.78415251
v -1.12614107 0.22287577 -1.78077078
v -1.13722873 0.22581536 -1.78806996
v -1.13622737 0.22129065 -1.77353430
v -1.14558268 0.22391754 -1.78063643
v -1.14314961 0.22731048 -1.76895452
v -1.15423918 0.23016936 -1.77557588
v -1.15580344 0.22517282 -1.75461483
v -1.15308094 0.23312837 -1.75644159
v -1.16329765 0.23203379 -1.76278472
v -1.16660833 0.22470134 -1.75949800
v -1.14773655 0.23497814 -1.76574945
v -1.15913987 0.23340029 -1.76973248
v -1.14559126 0.22599036 -1.77109504
v -1.14615893 0.21952909 -1.76633692
v -1.15720272 0.22163790 -1.77067959
v -1.15661502 0.22775441 -1.77579653
v -1.15135407 0.21849316 -1.75871122
v -1.16190767 0.21970195 -1.76344919
v -1.15850568 0.22866255 -1.73943758
v -1.15396142 0.23005635 -1.74893856
v -1.16305780 0.22777754 -1.75331926
v -1.16697025 0.22696131 -1.74684811
v -1.16081452 0.22138733 -1.75879741
v -1.15233707 0.22152537 -1.75438476
v -1.15365219 0.21572560 -1.75001860
v -1.16269636 0.21713191 -1.75435281
v -1.15855312 0.21452278 -1.74198258
v -1.16680217 0.21549076 -1.74848998
v -1.16195798 0.22147614 -1.73749352
v -1.16981292 0.22061127 -1.74466050
v -1.16095614 0.21624976 -1.71894217
v -1.15845323 0.22390026 -1.72010922
v -1.16570759 0.22209054 -1.72779667
v -1.16719365 0.21487564 -1.72688699
v -1.15633154 0.22534364 -1.72830272
v -1.16325760 0.22397894 -1.73328876
v -1.16137719 0.22026771 -1.73897612
v -1.15633535 0.22091633 -1.73363566
v -1.15552187 0.21171981 -1.73231268
v -1.16111422 0.21220523 -1.73825622
v -1.15797806 0.20988148 -1.72408533
v -1.16457319 0.21046788 -1.73144555
v -1.15482712 0.21797603 -1.70043635
v -1.16110778 0.21774095 -1.70668554
v -1.16118979 0.21149784 -1.70631146
v -1.15369248 0.21111947 -1.70000947
v -1.15441728 0.22073871 -1.70801520
v -1.15968847 0.21940273 -1.71236849
v -1.15776849 0.21542686 -1.71705806
v -1.15437341 0.21657878 -1.71260619
v -1.15216637 0.20778245 -1.71344125
v -1.15660477 0.20853513 -1.71758676
v -1.15264750 0.20637208 -1.70605969
v -1.15938783 0.20663375 -1.71105409
v -1.13151169 0.23590702 -1.75978649
v -1.11826348 0.24212283 -1.76960373
v -1.14542222 0.22746772 -1.79168367
v -1.11184573 0.23054475 -1.77424955
v -1.15003061 0.22649330 -1.78741646
v -1.12990689 0.21824437 -1.76362741
v -1.11599445 0.22039348 -1.77114117
v -1.13816977 0.22690719 -1.76632404
v -1.16799617 0.23086375 -1.76725602
v -1.14082026 0.21465784 -1.74804759
v -1.14749193 0.22237486 -1.75120664
v -1.16533852 0.23175579 -1.77135479
v -1.14175773 0.23207587 -1.74546385
v -1.14585519 0.22653979 -1.72776425
v -1.16810465 0.21827167 -1.75633407
v -1.17006254 0.21730703 -1.75322521
v -1.14734197 0.21030420 -1.73062730
v -1.15489388 0.22120363 -1.73168671
v -1.16923642 0.22086066 -1.73305655
v -1.14809251 0.20625657 -1.71356225
v -1.15438867 0.21632117 -1.71233594
v -1.16806817 0.22132701 -1.73641539
v -1.14726424 0.22284096 -1.70888174
v -1.16359568 0.21549124 -1.71186817
v -1.14522171 0.20323259 -1.69978201
v -1.14549589 0.20927793 -1.69158638
v -1.16306162 0.21716374 -1.71495974
v -1.14606857 0.21849960 -1.69385862
v -1.01923776 0.29907036 -1.66350389
v -1.01087689 0.32274938 -1.65306914
v -1.02203178 0.32244170 -1.64819360
v -1.02937889 0.29822499 -1.65812445
v -1.03430057 0.29774481 -1.64701605
v -1.02845335 0.27834910 -1.67594588
v -1.03899956 0.27804524 -1.66920936
v -1.04250979 0.27559286 -1.65749812
v -1.03391337 0.24491471 -1.62486529
v -1.02040124 0.24096745 -1.61570287
v -1.00558710 0.23976189 -1.61840427
v -0.99215651 0.23767656 -1.61730647
v -0.97881228 0.23589772 -1.61856413
v -1.02043605 0.25575608 -1.68679523
v -1.03793025 0.26211530 -1.68829131
v -1.05063152 0.26352197 -1.68107831
v -1.05487895 0.25993603 -1.66698503
v -1.10333776 0.24419910 -1.76022387
v -1.11530185 0.24385470 -1.74779856
v -1.09788775 0.24768263 -1.73559070
v -1.08763719 0.23970634 -1.74691319
v -1.12377763 0.23684996 -1.73410642
v -1.10606980 0.24382883 -1.72050321
v -1.12848163 0.23119324 -1.71769905
v -1.11056280 0.23651117 -1.70549011
v -1.13104558 0.22536391 -1.70066440
v -1.11348248 0.22857505 -1.69077373
v -1.13331032 0.21866578 -1.68605328
v -1.11588597 0.21815282 -1.67769599
v -1.13505197 0.20767385 -1.68142700
v -1.11865687 0.20616764 -1.67154384
v -1.09722281 0.22840363 -1.76604128
v -1.08306122 0.22422522 -1.75120044
v -1.10184264 0.21515995 -1.76137114
v -1.08881855 0.20939213 -1.74706531
v -1.11137366 0.21235782 -1.74948490
v -1.09680128 0.20707363 -1.73560917
v -1.11930990 0.19569951 -1.67950249
v -1.13434076 0.19879526 -1.69069946
v -1.11988521 0.20875341 -1.73374236
v -1.10438108 0.20457119 -1.72030735
v -1.12645388 0.20388275 -1.71787751
v -1.11064100 0.19983286 -1.70514238
v -1.13090038 0.20013422 -1.70338976
v -1.11550879 0.19602865 -1.69142532
v -1.07639074 0.24841756 -1.72126222
v -1.08660293 0.25150198 -1.70609343
v -1.09026623 0.24317306 -1.69170558
v -1.09262252 0.23216563 -1.67802382
v -1.09493279 0.21789545 -1.66643810
v -1.09884286 0.20454949 -1.66018343
v -1.07043099 0.23664075 -1.65822864
v -1.07295156 0.21424359 -1.65308082
v -1.07708883 0.20031911 -1.65119255
v -1.05643535 0.19583088 -1.64037538
v -1.05244756 0.21002954 -1.63890409
v -1.01792598 0.19983810 -1.62041199
v -1.03320503 0.20509893 -1.62797117
v -1.03765821 0.19061178 -1.62794554
v -1.02175379 0.18360287 -1.61998880
v -1.05059671 0.22930151 -1.64104557
v -1.03227687 0.22447878 -1.62821162
v -1.01706386 0.22136706 -1.62164295
v -0.99568671 0.17902893 -1.61855030
v -0.99281639 0.19517475 -1.61534846
v -1.00570321 0.19656450 -1.61645913
v -1.00895643 0.18008536 -1.61691904
v -0.98189855 0.17777210 -1.62817550
v -0.97780937 0.19340068 -1.62269926
v -0.97540855 0.19528133 -1.64139032
v -0.97734100 0.18019491 -1.64604926
v -0.99228662 0.21717662 -1.61682940
v -1.00444794 0.21923751 -1.61916018
v -0.97868115 0.21558243 -1.62084293
v -0.97657865 0.21774310 -1.63669729
v -0.98453701 0.20048565 -1.65795922
v -0.98505193 0.22098464 -1.65164781
v -0.98471713 0.18545276 -1.66288638
v -1.06994271 0.23392063 -1.73065281
v -1.06907082 0.22035223 -1.73137999
v -1.07165623 0.25164288 -1.67746401
v -1.06680107 0.25752705 -1.69288707
v -1.05137491 0.25094551 -1.70392156
v -1.04891658 0.22985607 -1.71461499
v -1.05122995 0.21437782 -1.71288109
v -1.02982616 0.22168046 -1.70089817
v -1.03381824 0.20801061 -1.69854403
v -1.07324004 0.20882660 -1.72732389
v -1.05542517 0.20595485 -1.70791101
v -1.03768730 0.20023030 -1.69405150
v -1.01395392 0.21476871 -1.68896508
v -1.01736379 0.20139331 -1.68831050
v -1.00303221 0.21033925 -1.67723715
v -1.00489235 0.19571477 -1.67947853
v -0.99468488 0.19069248 -1.67226303
v -0.99448508 0.20592111 -1.66783130
v -1.00009990 0.22812539 -1.67122769
v -0.99293357 0.22493631 -1.66173720
v -1.01102066 0.23282462 -1.68346870
v -1.02702045 0.23992139 -1.69584572
v -1.10032201 0.19320351 -1.66643977
v -1.07912207 0.19057280 -1.65542567
v -1.05788636 0.18677765 -1.64535320
v -1.03888988 0.17954320 -1.63439333
v -1.02255106 0.17315513 -1.62845063
v -1.01078796 0.17032319 -1.62608397
v -0.99914247 0.16980737 -1.62724841
v -0.98861659 0.17096907 -1.63575864
v -0.98468059 0.17260927 -1.64857006
v -0.99090892 0.17566365 -1.66157401
v -0.99932557 0.17935246 -1.67053819
v -1.02120399 0.19205934 -1.68447626
v -1.00861359 0.18465227 -1.67771220
v -1.00453448 0.25044781 -1.67890131
v -0.99437803 0.24598509 -1.66660881
v -0.98906034 0.24330229 -1.65643287
v -0.97629184 0.23807102 -1.63247573
v -0.98396850 0.24105209 -1.64623904
v -1.07955194 0.20312077 -1.71789610
v -1.08646178 0.20028359 -1.70369816
v -1.09243512 0.19574195 -1.68957496
v -1.09717083 0.19223636 -1.67719030
v -1.07703567 0.18832403 -1.66396904
v -1.07226968 0.19095010 -1.67474377
v -1.06612682 0.19407505 -1.68808830
v -1.06027246 0.19962317 -1.70027328
v -1.05637765 0.18357068 -1.65394223
v -1.05259418 0.18516999 -1.66388118
v -1.04613900 0.18793184 -1.67575967
v -1.04180956 0.19299573 -1.68705773
v -1.02476311 0.18464094 -1.67795455
v -1.02778339 0.18070954 -1.66710961
v -1.03368807 0.17873269 -1.65604281
v -1.03663492 0.17730075 -1.64556861
v -1.02107978 0.17256755 -1.63955140
v -1.01875877 0.17455631 -1.64989138
v -1.01414299 0.17619950 -1.66052544
v -1.01188493 0.17892057 -1.67006445
v -1.01118779 0.17030662 -1.63674903
v -0.99472660 0.16960388 -1.64088929
v -1.00257611 0.16926044 -1.63662088
v -0.99168903 0.17027956 -1.64909518
v -0.99672300 0.17264408 -1.65737045
v -1.00364161 0.17541414 -1.66404653
v -1.00081253 0.17208582 -1.65187883
v -1.00661445 0.17386132 -1.65588999
v -1.01015711 0.17235404 -1.64616036
v -1.00349903 0.17114156 -1.64419055
v -0.99681985 0.17101604 -1.64824378
v -0.99828994 0.17053705 -1.64434457
v -1.04795027 0.25072283 -1.64818668
v -0.74187326 1.58247542 -1.43609047
v -0.71756899 1.51858163 -1.41984332
v -0.97606170 0.61005592 -1.61199677
v -0.98965985 0.60826164 -1.60481203
v -0.99989563 0.60947859 -1.59383774
v -0.93536681 1.01990736 -1.48135161
v -0.89465970 1.20623362 -1.49653244
v -0.89581102 1.24035001 -1.48506153
v -0.89380366 1.22260451 -1.49079299
v -0.94417286 0.99818015 -1.48773408
v -0.88855737 1.26157224 -1.42148745
v -0.69616598 0.97423100 -1.42267108
v -0.70602340 1.47796345 -1.41520619
v -0.92245793 1.41026092 -1.45491183
v -0.68701905 1.05754066 -1.41061473
v -0.84758240 1.71137118 -1.41526592
v -0.84543622 1.70981741 -1.41632128
v -0.84530383 1.70633411 -1.41688240
v -0.84199935 1.70414948 -1.41518724
v -0.83955979 1.70171785 -1.41375327
v -0.83801955 1.70017815 -1.41251838
v -0.84436989 1.70598197 -1.41438174
v -0.84085208 1.70789373 -1.41332066
v -0.84411120 1.70833731 -1.41452551
v -0.84553701 1.70791531 -1.41466331
v -0.84526384 1.44651318 -1.53066409
v -0.85152614 1.42841756 -1.53635085
v -0.86343294 1.41780412 -1.54578018
v -0.87130564 1.40161705 -1.55239666
v -0.88235551 1.68099570 -1.54636228
v -0.86299306 1.16449881 -1.57679832
v -0.86133915 1.17552400 -1.57298899
v -0.71638018 1.21895289 -1.43542087
v -0.86605632 1.13204944 -1.58480334
v -0.86145794 1.18944407 -1.56976664
v -0.69303745 1.35053563 -1.41018987
v -0.87647164 1.38306069 -1.55721378
v -0.86565369 1.11492753 -1.58636594
v -0.68703276 1.41485333 -1.40492713
v -0.86272663 1.20835221 -1.56709731
v -0.85049391 1.02844429 -1.57466507
v -0.86312807 1.26339531 -1.55694032
v -0.81423825 1.78926218 -1.54237223
v -0.80187529 1.77802718 -1.54614234
v -0.81459039 1.77202225 -1.54951859
v -0.82670850 1.77906168 -1.54613030
v -0.82376790 1.76584125 -1.55314744
v -0.83446771 1.76942873 -1.54958248
v -0.79294962 1.76543665 -1.54594111
v -0.80539179 1.76257741 -1.55044222
v -0.80402702 1.72656202 -1.55753708
v -0.80325329 1.73534250 -1.55432594
v -0.79434007 1.73083496 -1.55253613
v -0.79592401 1.71889043 -1.55563438
v -0.80941367 1.70007765 -1.56119537
v -0.80248630 1.68811965 -1.55668974
v -0.81499833 1.68332291 -1.56136334
v -0.82097018 1.69524837 -1.56365216
v -0.85422993 1.71555901 -1.55153692
v -0.84976786 1.72086716 -1.55167186
v -0.84669358 1.71550632 -1.55668616
v -0.85146755 1.70933318 -1.55586004
v -0.86155427 1.72661424 -1.54542911
v -0.86777884 1.73130369 -1.54510188
v -0.86297357 1.73538911 -1.54136634
v -0.85729283 1.73040438 -1.54325521
v -0.85900247 1.71032643 -1.54891431
v -0.85579926 1.70361805 -1.55270076
v -0.86080676 1.71765232 -1.54840410
v -0.85690475 1.72120130 -1.54767299
v -0.87134308 1.71518731 -1.55325222
v -0.87627047 1.71700597 -1.55395257
v -0.87486184 1.72248530 -1.55364048
v -0.86866236 1.71937752 -1.55213714
v -0.86303645 1.71150994 -1.55041695
v -0.86716443 1.70890117 -1.54975927
v -0.86802703 1.71235585 -1.55181718
v -0.86451524 1.71540022 -1.55127037
v -0.86555582 1.72276974 -1.54818130
v -0.87185729 1.72717953 -1.54921949
v -0.87864393 1.73031616 -1.55005825
v -0.88211185 1.72413421 -1.55454576
v -0.84341359 1.69499898 -1.56178105
v -0.84884506 1.69186449 -1.55922127
v -0.85245734 1.69769239 -1.55667210
v -0.84786451 1.70235944 -1.55961323
v -0.86476696 1.70525265 -1.54899156
v -0.86684018 1.69084263 -1.55461049
v -0.87261623 1.69288337 -1.55247617
v -0.87160444 1.69658470 -1.55149770
v -0.86543936 1.69464254 -1.55394983
v -0.83706599 1.67834949 -1.56288743
v -0.83632338 1.66900468 -1.56255627
v -0.84432375 1.67166889 -1.56084561
v -0.84418845 1.67874193 -1.56102157
v -0.84674001 1.66511059 -1.56002033
v -0.83842069 1.65988517 -1.56100833
v -0.84917945 1.64643264 -1.55814898
v -0.85761601 1.65594697 -1.55910683
v -0.85120922 1.66014016 -1.55921960
v -0.84268081 1.65241218 -1.55948842
v -0.86919403 1.66393471 -1.55467629
v -0.86545789 1.65298939 -1.55869794
v -0.87342542 1.65065587 -1.55664730
v -0.87465328 1.66339207 -1.55210209
v -0.86582428 1.68419790 -1.55300879
v -0.86685389 1.68740797 -1.55408108
v -0.86217093 1.68562317 -1.55506241
v -0.86164922 1.68327236 -1.55421567
v -0.85716993 1.68223667 -1.55529583
v -0.85760254 1.68317366 -1.55556715
v -0.85637546 1.68382692 -1.55625236
v -0.85554856 1.68202710 -1.55584955
v -0.85900384 1.68279219 -1.55479193
v -0.85819000 1.68157816 -1.55508399
v -0.86076897 1.68127716 -1.55479360
v -0.86504960 1.68139410 -1.55441451
v -0.87866765 1.68148756 -1.54948688
v -0.87759584 1.68521166 -1.54742002
v -0.87498528 1.68511796 -1.54919159
v -0.87544745 1.68149805 -1.55154920
v -0.85830575 1.68578553 -1.55611575
v -0.86162168 1.68821597 -1.55562317
v -0.86014158 1.69123387 -1.55582869
v -0.85647768 1.68763208 -1.55695570
v -0.85337073 1.68976545 -1.55786002
v -0.85080445 1.68491292 -1.55857921
v -0.85424197 1.68442464 -1.55721641
v -0.85646349 1.68005371 -1.55557775
v -0.85314924 1.68109417 -1.55696619
v -0.85368985 1.67789030 -1.55651784
v -0.85636187 1.67539239 -1.55646133
v -0.85914028 1.67882609 -1.55551434
v -0.86347592 1.67815363 -1.55537188
v -0.86068225 1.67359614 -1.55624056
v -0.86633372 1.67244673 -1.55532563
v -0.86922848 1.67769194 -1.55467045
v -0.85717112 1.69433379 -1.55596077
v -0.84943384 1.67987609 -1.55868065
v -0.84610975 1.68553996 -1.56049860
v -0.84957844 1.67505765 -1.55834365
v -0.85229611 1.67068338 -1.55796027
v -0.86270785 1.66529059 -1.55651116
v -0.85677826 1.66741896 -1.55752885
v -0.85766393 1.64161980 -1.55638063
v -0.86606199 1.63857579 -1.55280280
v -0.82862139 1.75977397 -1.55310118
v -0.83629417 1.76151729 -1.54904628
v -0.82772607 1.75107336 -1.55322790
v -0.83193582 1.75239444 -1.55198181
v -0.83068120 1.75547814 -1.55164075
v -0.82553178 1.75317645 -1.55344570
v -0.81040502 1.73932028 -1.55399883
v -0.81059796 1.73286223 -1.55618072
v -0.81606734 1.73844099 -1.55370164
v -0.81635034 1.74260283 -1.55356431
v -0.82783854 1.73305535 -1.55486250
v -0.82897890 1.74033403 -1.55240595
v -0.82512665 1.74014330 -1.55285788
v -0.82256329 1.73335421 -1.55538964
v -0.83296913 1.74014676 -1.55127323
v -0.83273786 1.73389649 -1.55316627
v -0.83713394 1.73541284 -1.55070567
v -0.83659846 1.74066114 -1.54915953
v -0.83666754 1.75652266 -1.54812288
v -0.83677447 1.75331044 -1.54896438
v -0.84093827 1.75249553 -1.54422855
v -0.84178001 1.75579834 -1.54277062
v -0.84572744 1.74410176 -1.53523946
v -0.84881407 1.74407101 -1.53377008
v -0.84812135 1.74831343 -1.53410006
v -0.84528226 1.74660850 -1.53607070
v -0.84552753 1.74253917 -1.53691244
v -0.84784979 1.74132156 -1.53630161
v -0.81202519 1.80874217 -1.52913427
v -0.79757971 1.79809105 -1.53467083
v -0.82816732 1.79727399 -1.53726423
v -0.78641582 1.78357077 -1.53897905
v -0.77899629 1.76802111 -1.54073977
v -0.81093323 1.67193818 -1.55902517
v -0.82488471 1.66904330 -1.56207561
v -0.82705599 1.67988253 -1.56312871
v -0.81080437 1.65997267 -1.55611348
v -0.82611114 1.65758109 -1.56040907
v -0.83646739 1.63947093 -1.55083120
v -0.82986450 1.64711213 -1.55660975
v -0.79434144 1.66487622 -1.54844987
v -0.79443365 1.65592504 -1.54242682
v -0.81267947 1.64864898 -1.54977286
v -0.77967614 1.66592550 -1.53456330
v -0.77672124 1.66168547 -1.52856231
v -0.79220796 1.64616060 -1.53302336
v -0.80629748 1.61305165 -1.52783823
v -0.78999186 1.61678290 -1.53003323
v -0.78533202 1.60525393 -1.52928710
v -0.80167186 1.60138202 -1.52750587
v -0.79615736 1.67607725 -1.55240738
v -0.78537488 1.73850119 -1.54571187
v -0.78442806 1.72453427 -1.54841816
v -0.79553086 1.74219465 -1.55014372
v -0.75024301 1.78925037 -1.52096224
v -0.74905545 1.77099645 -1.52763498
v -0.76399499 1.77011847 -1.53462613
v -0.76875412 1.78856909 -1.53189909
v -0.76698047 1.82293880 -1.49715066
v -0.75708324 1.80760109 -1.51058018
v -0.77857435 1.80536151 -1.52467024
v -0.79128015 1.81965685 -1.51556885
v -0.73599541 1.76817250 -1.51772797
v -0.73357058 1.78459096 -1.50773311
v -0.71864748 1.77268004 -1.49604034
v -0.72421187 1.76149964 -1.50873697
v -0.73566103 1.80053854 -1.49345160
v -0.71767551 1.78803301 -1.47901547
v -0.76684690 1.66332936 -1.52236724
v -0.77332705 1.64835978 -1.52604365
v -0.77584529 1.63380051 -1.52746272
v -0.79330271 1.63050961 -1.53051150
v -0.72284490 1.79705667 -1.46045089
v -0.74238539 1.81419182 -1.47735417
v -0.70612383 1.72368932 -1.47810602
v -0.71390629 1.72018027 -1.49395001
v -0.71405172 1.73656487 -1.49803770
v -0.70554233 1.74259543 -1.48062539
v -0.70013756 1.72697449 -1.45908928
v -0.70065171 1.74856973 -1.45987737
v -0.72887319 1.67558384 -1.48437846
v -0.72223055 1.67224503 -1.46969068
v -0.73767346 1.66184866 -1.47399902
v -0.74199885 1.66430330 -1.48685694
v -0.81528318 1.75977302 -1.55468762
v -0.80912828 1.75243759 -1.55403519
v -0.81677973 1.75142241 -1.55503142
v -0.82182759 1.75608206 -1.55472744
v -0.78801674 1.75225866 -1.54545748
v -0.79915529 1.75241208 -1.55014372
v -0.76240259 1.75400662 -1.53531623
v -0.75005448 1.75531602 -1.52998269
v -0.72904265 1.74943161 -1.51561618
v -0.73891544 1.75373340 -1.52301311
v -0.72273391 1.71666741 -1.50411332
v -0.72266251 1.72726655 -1.50690615
v -0.75489050 1.66881895 -1.51226401
v -0.74742514 1.66607308 -1.49939108
v -0.75480437 1.65111613 -1.50314581
v -0.76072532 1.65087748 -1.51595652
v -0.74642110 1.64953566 -1.47784507
v -0.75052196 1.65056586 -1.48954880
v -0.76292539 1.62194777 -1.51687884
v -0.75661319 1.62328982 -1.50432122
v -0.75218612 1.61195445 -1.50397205
v -0.76018834 1.60959435 -1.51565409
v -0.74769521 1.61240983 -1.49113309
v -0.75252867 1.62436271 -1.49125028
v -0.75060445 1.62454581 -1.47915375
v -0.74634188 1.61210942 -1.47895670
v -0.82669508 1.59557021 -1.52098525
v -0.81547111 1.59816933 -1.52370369
v -0.81053680 1.58734155 -1.52350700
v -0.82198483 1.58487558 -1.51940680
v -0.75481147 1.60004783 -1.51448917
v -0.74576831 1.60452938 -1.50395131
v -0.73641175 1.67894268 -1.49687922
v -0.74246114 1.68341947 -1.50640261
v -0.74023908 1.60499597 -1.49101949
v -0.75778145 1.63714910 -1.50387359
v -0.75414783 1.63692069 -1.49090624
v -0.74504560 1.64701736 -1.46546113
v -0.73559636 1.65920639 -1.45995343
v -0.85284764 1.72545815 -1.54680872
v -0.84377182 1.73867321 -1.54333651
v -0.84607404 1.73979878 -1.53960550
v -0.84429729 1.74244332 -1.53947484
v -0.84236890 1.74203873 -1.54272306
v -0.85155380 1.78201675 -1.53465378
v -0.83993918 1.78296423 -1.54140353
v -0.84571201 1.76964545 -1.54442120
v -0.85613930 1.76567769 -1.53625333
v -0.82804000 1.70973229 -1.56406522
v -0.83651435 1.70060396 -1.56397271
v -0.84245551 1.70883512 -1.56124187
v -0.83727139 1.71694601 -1.56030595
v -0.82011634 1.74445558 -1.55317748
v -0.82202905 1.74672008 -1.55375290
v -0.81862223 1.74643159 -1.55396128
v -0.83972251 1.68704414 -1.56267035
v -0.83125043 1.69027829 -1.56412160
v -0.78699541 1.71000838 -1.55000591
v -0.80511415 1.74452364 -1.55299628
v -0.78137636 1.83232737 -1.48255861
v -0.80691916 1.82813549 -1.50388360
v -0.75488490 1.82398176 -1.46035409
v -0.73364323 1.80699718 -1.44252253
v -0.70141792 1.75431776 -1.43975759
v -0.70525372 1.75947952 -1.42182481
v -0.70443434 1.73443317 -1.41952705
v -0.70031530 1.72996235 -1.43891740
v -0.71993375 1.67001653 -1.45238709
v -0.75102907 1.62333620 -1.46757746
v -0.74837154 1.61095929 -1.46771789
v -0.82651794 1.81527710 -1.52024364
v -0.84224856 1.80017602 -1.52981389
v -0.77530295 1.75172698 -1.54058838
v -0.80804461 1.71870303 -1.56092644
v -0.81599361 1.71270359 -1.56349921
v -0.81966072 1.72427654 -1.56116438
v -0.81360626 1.72756767 -1.55894291
v -0.80073488 1.70787621 -1.55799913
v -0.79255646 1.69652581 -1.55156493
v -0.78304464 1.68510008 -1.54424095
v -0.78122675 1.67267370 -1.53984880
v -0.70796275 1.75989652 -1.48299980
v -0.71651822 1.75139070 -1.50052428
v -0.70826954 1.77709651 -1.44791996
v -0.70472473 1.77022672 -1.46748090
v -0.72171652 1.74279082 -1.50757289
v -0.71600592 1.78502274 -1.42904127
v -0.87058479 1.70044541 -1.55008054
v -0.87085497 1.70426488 -1.54848206
v -0.86276430 1.69942689 -1.55233526
v -0.87446386 1.67704928 -1.55286801
v -0.87161857 1.67162848 -1.55305541
v -0.87604493 1.67101789 -1.55030894
v -0.87824696 1.67674661 -1.55035543
v -0.85516673 1.63123393 -1.54208398
v -0.84624594 1.63440490 -1.54613698
v -0.83213913 1.60673106 -1.52419698
v -0.82073343 1.60934877 -1.52627599
v -0.87304848 1.71288872 -1.55016589
v -0.87130278 1.71191740 -1.54919469
v -0.87278581 1.71214426 -1.54814768
v -0.87413085 1.71329021 -1.54929483
v -0.85932541 1.68406856 -1.55545723
v -0.87682098 1.69346106 -1.55009472
v -0.87645340 1.68923068 -1.55004406
v -0.87883240 1.68897879 -1.54820156
v -0.87928444 1.69292879 -1.54832959
v -0.81758529 1.63614511 -1.53967333
v -0.81137210 1.62520051 -1.53069639
v -0.77075368 1.60691404 -1.52441502
v -0.77402133 1.62015414 -1.52664387
v -0.76372629 1.63607597 -1.51763630
v -0.75079226 1.63666105 -1.47893071
v -0.75050956 1.63587189 -1.46716475
v -0.75366324 1.63489962 -1.45532680
v -0.74765235 1.64525247 -1.45247233
v -0.83433986 1.62791157 -1.53619528
v -0.82663733 1.61924362 -1.52987492
v -0.83753610 1.61643505 -1.52726626
v -0.84494931 1.62456155 -1.53249729
v -0.87791389 1.71053171 -1.54763746
v -0.87591618 1.70902181 -1.54715204
v -0.87796932 1.70711279 -1.54649508
v -0.88001102 1.70983243 -1.54764915
v -0.86984962 1.70976067 -1.54899752
v -0.87133127 1.70691848 -1.54792035
v -0.87131619 1.70869112 -1.54752445
v -0.87046915 1.71132493 -1.55038536
v -0.87260348 1.71317673 -1.55145109
v -0.87873870 1.71472597 -1.55100000
v -0.88230538 1.71647525 -1.55384862
v -0.87579530 1.71440935 -1.55194402
v -0.87554151 1.71154189 -1.54786336
v -0.87412339 1.70994461 -1.54698932
v -0.87165970 1.71037269 -1.54724634
v -0.87070310 1.71064401 -1.54849696
v -0.87707561 1.71409845 -1.54991865
v -0.87507391 1.71372294 -1.55041289
v -0.87433326 1.73502970 -1.54501140
v -0.83955592 1.60518861 -1.51936829
v -0.84436631 1.61530626 -1.52255476
v -0.85796255 1.68261051 -1.55515623
v -0.84412116 1.76109290 -1.54337490
v -0.82749325 1.72360444 -1.56067109
v -0.84577441 1.72615123 -1.55041945
v -0.84284180 1.73169589 -1.54879606
v -0.83888328 1.72876430 -1.55300975
v -0.84201849 1.72213864 -1.55515242
v -0.85026503 1.75708580 -1.53695333
v -0.85346490 1.75086308 -1.53286397
v -0.86008763 1.75379896 -1.53302920
v -0.85444719 1.74419379 -1.53309608
v -0.85229594 1.73917913 -1.53583145
v -0.85776323 1.73784494 -1.53780115
v -0.86244464 1.74498463 -1.53524947
v -0.82173496 1.75008607 -1.55409384
v -0.82461083 1.74894762 -1.55377674
v -0.85314983 1.73316336 -1.54097116
v -0.84936827 1.73614407 -1.53973341
v -0.84628534 1.73404241 -1.54417932
v -0.84917885 1.72947669 -1.54533207
v -0.83403176 1.72581911 -1.55704701
v -0.81291741 1.74561477 -1.55415106
v -0.81833082 1.73482943 -1.55457449
v -0.75315470 1.68037605 -1.51629841
v -0.74409771 1.68912137 -1.51288998
v -0.76665127 1.67705822 -1.52862346
v -0.76408440 1.67797160 -1.52587962
v -0.76967353 1.67270899 -1.52442384
v -0.77161461 1.67364728 -1.52868247
v -0.73551089 1.72221065 -1.51935971
v -0.73885208 1.72331166 -1.52161992
v -0.73778665 1.72942042 -1.52138400
v -0.73258543 1.72698116 -1.51639259
v -0.74325198 1.72740817 -1.52544272
v -0.74458373 1.72405958 -1.52541864
v -0.74703872 1.72428131 -1.52756715
v -0.74423414 1.73068690 -1.52618349
v -0.75120747 1.73022676 -1.53021872
v -0.75134045 1.74147344 -1.53040743
v -0.74198574 1.74079108 -1.52544951
v -0.77253276 1.73272133 -1.54005075
v -0.76145571 1.73844290 -1.53417397
v -0.75852770 1.72595775 -1.53246868
v -0.76464570 1.71918035 -1.53415787
v -0.77252847 1.68566132 -1.53481460
v -0.77221054 1.67726874 -1.53352082
v -0.76266491 1.67475796 -1.52056205
v -0.70492136 1.70652318 -1.46073341
v -0.70972723 1.70572972 -1.47872055
v -0.71721584 1.70488596 -1.49368834
v -0.72608739 1.70492148 -1.50371301
v -0.70185566 1.70954978 -1.44240844
v -0.70714897 1.70815468 -1.42783546
v -0.77527642 1.71660233 -1.54214525
v -0.76795769 1.70859623 -1.53516543
v -0.71653622 1.68880630 -1.48151100
v -0.71067619 1.68739915 -1.46429312
v -0.72476178 1.69097900 -1.49533331
v -0.73247260 1.69406796 -1.50460339
v -0.70833200 1.69068742 -1.44437230
v -0.71397191 1.68642938 -1.42882109
v -0.72562182 1.66770935 -1.43564796
v -0.76193511 1.68543649 -1.53214002
v -0.76316267 1.67974067 -1.53372717
v -0.76660472 1.67850089 -1.53291428
v -0.76645035 1.68466079 -1.53300726
v -0.77003044 1.69686079 -1.53586781
v -0.77822459 1.70156169 -1.54228985
v -0.86916870 1.73982060 -1.54058444
v -0.87923574 1.64972258 -1.55282056
v -0.87852222 1.66341519 -1.54965472
v -0.87553358 1.70068884 -1.54812133
v -0.87621087 1.69697165 -1.54927707
v -0.87866920 1.69636321 -1.54747093
v -0.87802690 1.69988418 -1.54647577
v -0.84568924 1.75265837 -1.53745472
v -0.73914546 1.65690565 -1.44583189
v -0.75469005 1.62243533 -1.45673883
v -0.75262946 1.61007094 -1.45705938
v -0.73904014 1.60278463 -1.47824419
v -0.74130815 1.60067916 -1.46618581
v -0.87785804 1.70356238 -1.54595459
v -0.87523538 1.70416665 -1.54730344
v -0.87652653 1.71328211 -1.54886484
v -0.87243891 1.68868709 -1.55238318
v -0.87391227 1.70860887 -1.54700434
v -0.87490845 1.70668435 -1.54697382
v -0.87978888 1.70673311 -1.54537034
v -0.87907577 1.70320415 -1.54497945
v -0.84089965 1.73699713 -1.54726434
v -0.83983117 1.74112058 -1.54618418
v -0.87915474 1.71281075 -1.54924762
v -0.88181436 1.71247256 -1.55022180
v -0.79615980 1.58983803 -1.52768481
v -0.78016168 1.59298110 -1.52806306
v -0.88032120 1.68881106 -1.54674733
v -0.88073176 1.69264388 -1.54698479
v -0.75961924 1.71109152 -1.53060222
v -0.75581777 1.71737885 -1.53019714
v -0.75227934 1.71168995 -1.52876318
v -0.75587338 1.70654297 -1.52829015
v -0.83476418 1.59418654 -1.51697588
v -0.76621127 1.59601057 -1.52246296
v -0.74556655 1.59935021 -1.45409179
v -0.82202160 1.74086428 -1.55297542
v -0.82016647 1.74235153 -1.55283356
v -0.84355927 1.74995184 -1.53919649
v -0.87080979 1.68129015 -1.55352092
v -0.87108964 1.68455553 -1.55132365
v -0.85155481 1.62349987 -1.52816296
v -0.88169193 1.70954514 -1.54699206
v -0.74498504 1.71725297 -1.52265263
v -0.74613315 1.71414900 -1.52303028
v -0.74570149 1.71390510 -1.52661431
v -0.74541795 1.71698666 -1.52691281
v -0.74708331 1.72128630 -1.53086698
v -0.74469972 1.72407079 -1.53025246
v -0.74329537 1.72064877 -1.53076935
v -0.74501973 1.71805859 -1.53025770
v -0.75073540 1.72211194 -1.52990401
v -0.74934995 1.71760345 -1.52987468
v -0.74160188 1.72515798 -1.53061402
v -0.74131769 1.72240639 -1.53018117
v -0.74208409 1.72413826 -1.52429748
v -0.74208790 1.72580826 -1.52742946
v -0.73783535 1.72659111 -1.52517128
v -0.73726469 1.72549522 -1.52973235
v -0.73213309 1.72503805 -1.52296805
v -0.73185414 1.72356391 -1.52832425
v -0.72892928 1.71970189 -1.52083838
v -0.72803932 1.71895766 -1.52595758
v -0.76448452 1.69332993 -1.53213084
v -0.76030779 1.69276714 -1.52762198
v -0.72822970 1.71339417 -1.51976061
v -0.72628105 1.71310663 -1.52496541
v -0.72907150 1.70562196 -1.51917136
v -0.72693712 1.70612264 -1.52445328
v -0.73146182 1.69801342 -1.51973069
v -0.72959960 1.69893122 -1.52412665
v -0.73548937 1.69071317 -1.52083147
v -0.73382652 1.69257164 -1.52498662
v -0.74227285 1.68253672 -1.52369761
v -0.73985088 1.68680000 -1.52726817
v -0.73147750 1.71725035 -1.52408063
v -0.73439366 1.72106135 -1.52550673
v -0.73578662 1.71797013 -1.51793921
v -0.73835617 1.72283900 -1.52795863
v -0.74264753 1.70697546 -1.51880133
v -0.74451572 1.70474148 -1.51966798
v -0.74462229 1.70654774 -1.52347469
v -0.74459529 1.70806623 -1.52045202
v -0.75348026 1.70413566 -1.52666509
v -0.75440824 1.69883370 -1.52753365
v -0.75780439 1.69967198 -1.52884948
v -0.75593066 1.69481587 -1.52640867
v -0.75482243 1.69888377 -1.52463531
v -0.75494766 1.69568515 -1.52514541
v -0.75450605 1.70264530 -1.52310979
v -0.75407577 1.69386506 -1.52489471
v -0.75483608 1.69261968 -1.52638137
v -0.75405657 1.69454646 -1.52371037
v -0.75465697 1.69563770 -1.52378118
v -0.75448430 1.69706702 -1.52230966
v -0.75246924 1.69928885 -1.52036536
v -0.76202917 1.70258605 -1.53187096
v -0.75132918 1.68656826 -1.51949000
v -0.74458796 1.69368112 -1.51840067
v -0.74702108 1.68339181 -1.52978528
v -0.75011092 1.67784131 -1.52791846
v -0.76152521 1.67717838 -1.53399324
v -0.75657308 1.67604995 -1.53233278
v -0.73680872 1.71304154 -1.51721597
v -0.73696619 1.70647597 -1.51659632
v -0.75901282 1.68240643 -1.52271819
v -0.73957461 1.70029640 -1.51693130
v -0.74126768 1.69085407 -1.52627587
v -0.74663144 1.68841410 -1.52783823
v -0.73636913 1.69489336 -1.52499485
v -0.75657761 1.68999195 -1.52887011
v -0.75178307 1.68844700 -1.52915084
v -0.75310928 1.68356538 -1.53205645
v -0.75811499 1.68426228 -1.53278887
v -0.74776858 1.69220769 -1.52603543
v -0.74327481 1.69430161 -1.52628732
v -0.74863327 1.69386077 -1.52257192
v -0.74452668 1.69625115 -1.52297425
v -0.75200921 1.69323838 -1.52392983
v -0.75189841 1.69164777 -1.52615726
v -0.75017029 1.69538355 -1.51937830
v -0.74561483 1.69864845 -1.51907849
v -0.75296068 1.69450355 -1.52204537
v -0.74160814 1.69920087 -1.52442873
v -0.74243760 1.70176172 -1.52122962
v -0.74100107 1.70555305 -1.52467120
v -0.73920721 1.70293212 -1.52586722
v -0.73907328 1.69717336 -1.52619469
v -0.73579508 1.70117998 -1.52618527
v -0.73324746 1.70027423 -1.52350140
v -0.73372275 1.70626783 -1.52533603
v -0.73115867 1.70655584 -1.52279246
v -0.73679054 1.70676064 -1.52581036
v -0.73918867 1.70819974 -1.52616394
v -0.73023260 1.71266484 -1.52326548
v -0.73313528 1.71144462 -1.52488756
v -0.73395187 1.71567822 -1.52527547
v -0.73598522 1.71058679 -1.52612174
v -0.73669881 1.71388996 -1.52627218
v -0.73809367 1.71025872 -1.52633917
v -0.73906517 1.71215320 -1.52663815
v -0.74244738 1.72093892 -1.52728367
v -0.74435794 1.71940207 -1.52743912
v -0.73945057 1.72044206 -1.52673316
v -0.74091011 1.71795750 -1.52615774
v -0.74239993 1.71918845 -1.52602255
v -0.74374419 1.71818578 -1.52515292
v -0.74243742 1.71589756 -1.52595389
v -0.74308985 1.71380043 -1.52350128
v -0.81334060 1.56116807 -1.51888549
v -0.82115632 1.55954409 -1.51163852
v -0.82558304 1.57140958 -1.51295042
v -0.81724495 1.57333803 -1.51876223
v -0.73878181 1.71616733 -1.52633262
v -0.74090481 1.71396279 -1.52667892
v -0.73641235 1.71862853 -1.52579117
v -0.74122953 1.70971715 -1.52360308
v -0.74154419 1.71171451 -1.52527320
v -0.74047601 1.71001673 -1.52613723
v -0.74080729 1.70853031 -1.52486587
v -0.75185090 1.70726919 -1.52575088
v -0.75111216 1.70509303 -1.52216840
v -0.74880058 1.70152903 -1.52030039
v -0.77837759 1.54584050 -1.53352475
v -0.78063190 1.55628014 -1.52869296
v -0.76416868 1.56294513 -1.53246462
v -0.76085490 1.55481541 -1.53853035
v -0.78119546 1.52187645 -1.55307972
v -0.75722194 1.53153479 -1.56187153
v -0.76993591 1.50645733 -1.57038271
v -0.78509831 1.50148606 -1.56028724
v -0.78131843 1.48662663 -1.57832742
v -0.79223371 1.48280728 -1.56774449
v -0.80716652 1.43496144 -1.59892333
v -0.81897730 1.43410039 -1.58947587
v -0.81084192 1.45018291 -1.58209693
v -0.79901683 1.45141101 -1.59181237
v -0.80976218 1.35508513 -1.63778329
v -0.80965585 1.33674514 -1.63122642
v -0.82344401 1.34002912 -1.62562048
v -0.82138056 1.35672915 -1.63254237
v -0.73898488 1.45378172 -1.61434829
v -0.73341227 1.47271967 -1.60944223
v -0.72640383 1.46254897 -1.61262774
v -0.73166817 1.44447935 -1.61612153
v -0.71872073 1.57331920 -1.55243289
v -0.73763204 1.55638742 -1.55929136
v -0.74060059 1.56113958 -1.54658794
v -0.72336423 1.57577837 -1.54231882
v -0.74944025 1.37505579 -1.63579178
v -0.75552386 1.36164367 -1.63799000
v -0.76547450 1.37039900 -1.64032030
v -0.76078838 1.38351774 -1.63756919
v -0.75718248 1.28956962 -1.60284412
v -0.75401819 1.27246380 -1.60306430
v -0.77381915 1.27013087 -1.60199428
v -0.77583635 1.28660464 -1.60157335
v -0.69457078 1.31838489 -1.59218371
v -0.67451507 1.31977022 -1.57903469
v -0.67229259 1.30519259 -1.57745886
v -0.69160455 1.30280268 -1.59131825
v -0.78337717 1.43334341 -1.61301064
v -0.79501474 1.43468499 -1.60671091
v -0.78689826 1.45061362 -1.60017502
v -0.77510852 1.44910502 -1.60702181
v -0.66138941 1.34791565 -1.67203081
v -0.66598821 1.33973408 -1.65996826
v -0.67280287 1.36188352 -1.65238118
v -0.66803378 1.37032056 -1.66333938
v -0.68772590 1.21846807 -1.59677458
v -0.67249775 1.22224128 -1.58218849
v -0.67225128 1.20634556 -1.58557272
v -0.68808830 1.20279634 -1.59995472
v -0.68729281 1.49440098 -1.63632321
v -0.69278818 1.50910974 -1.63133562
v -0.67653728 1.52504098 -1.63078117
v -0.67072958 1.50929070 -1.63720524
v -0.74337918 1.41865861 -1.62322927
v -0.75230038 1.42480993 -1.62219751
v -0.74532568 1.43843091 -1.61844850
v -0.73737878 1.43021202 -1.62019050
v -0.67150801 1.34714663 -1.58497322
v -0.68790466 1.34655082 -1.59700572
v -0.68368518 1.36105263 -1.59668124
v -0.66886586 1.36201751 -1.58538890
v -0.69117343 1.33171618 -1.59601247
v -0.67309159 1.33260834 -1.58287430
v -0.76141411 1.42884350 -1.62048757
v -0.77196032 1.43140197 -1.61736023
v -0.76377517 1.44689536 -1.61213458
v -0.75352889 1.44403887 -1.61577046
v -0.80519426 1.32195497 -1.61951685
v -0.82226759 1.32605684 -1.61333907
v -0.70714289 1.19881582 -1.61011147
v -0.72807252 1.19411373 -1.61623693
v -0.72789705 1.21018791 -1.61354637
v -0.70664173 1.21461248 -1.60781884
v -0.79390883 1.30044758 -1.59673607
v -0.79883230 1.31174076 -1.60559142
v -0.78268808 1.31174946 -1.60998511
v -0.77757984 1.30093169 -1.60112274
v -0.75005132 1.18919325 -1.61761713
v -0.77244484 1.18455076 -1.61682940
v -0.77242517 1.20132065 -1.61160314
v -0.75029153 1.20540261 -1.61411023
v -0.79045409 1.46836460 -1.58498096
v -0.80188566 1.46623647 -1.57500362
v -0.78560948 1.35611844 -1.64182401
v -0.78272241 1.33882356 -1.63705349
v -0.79589510 1.33667493 -1.63503444
v -0.79733199 1.35502815 -1.64078093
v -0.71322286 1.41950631 -1.61228704
v -0.72327065 1.43224430 -1.61592448
v -0.71767437 1.44956064 -1.61393857
v -0.70810550 1.42998183 -1.60833657
v -0.67038620 1.19010091 -1.59047472
v -0.68608308 1.18766904 -1.60528314
v -0.74923718 1.17302132 -1.62316537
v -0.77207071 1.16767216 -1.62240875
v -0.65734792 1.42796898 -1.58055615
v -0.66042811 1.42339778 -1.57957673
v -0.67107284 1.42360520 -1.58649862
v -0.66766506 1.43066311 -1.58602130
v -0.84875500 1.35774899 -1.60455871
v -0.84009475 1.36743426 -1.61660933
v -0.83468723 1.35017788 -1.62079322
v -0.83870310 1.33736134 -1.60804725
v -0.77618533 1.32427883 -1.62706482
v -0.76803291 1.31426609 -1.61459875
v -0.78986597 1.32164395 -1.62410605
v -0.85487700 1.34785652 -1.58892500
v -0.83863991 1.32297492 -1.58907890
v -0.81320798 1.46257985 -1.56424177
v -0.82218790 1.44723046 -1.57177758
v -0.80608052 1.47912836 -1.55731833
v -0.81904012 1.47504592 -1.54702067
v -0.81491619 1.49324417 -1.54005206
v -0.80106688 1.49729407 -1.54999828
v -0.81352770 1.51167667 -1.53421557
v -0.79944783 1.51594901 -1.54363167
v -0.79550034 1.54067492 -1.52700186
v -0.79691690 1.55192459 -1.52319086
v -0.72872072 1.41994429 -1.61947870
v -0.73313403 1.40985882 -1.62275565
v -0.72678250 1.17834330 -1.62136686
v -0.64406186 1.51606596 -1.49906301
v -0.63986522 1.49890637 -1.49337614
v -0.63617432 1.50233424 -1.50892842
v -0.64018953 1.51864648 -1.51467395
v -0.71383893 1.57354927 -1.56246507
v -0.73220754 1.55664432 -1.57199061
v -0.62939364 1.44522786 -1.55107343
v -0.63065964 1.44282115 -1.54348505
v -0.63432723 1.43232620 -1.54746807
v -0.63323605 1.43737626 -1.55280185
v -0.64384538 1.42788625 -1.56998694
v -0.64225411 1.41970944 -1.57156110
v -0.63675886 1.42264307 -1.57062387
v -0.63973385 1.43187118 -1.56800830
v -0.66125804 1.20852661 -1.56886876
v -0.66144019 1.22498405 -1.56410074
v -0.64068478 1.33798075 -1.52501237
v -0.64872694 1.32945895 -1.54467916
v -0.64727348 1.34410274 -1.55075884
v -0.63860518 1.35399246 -1.53329861
v -0.69399267 1.48164475 -1.42785168
v -0.69068122 1.46561408 -1.42645001
v -0.67726701 1.47102594 -1.43860149
v -0.68058902 1.48746681 -1.44046867
v -0.66205585 1.52103317 -1.47115290
v -0.66788024 1.53517830 -1.47421265
v -0.67668116 1.52484822 -1.45783889
v -0.67219412 1.51091850 -1.45501113
v -0.65023279 1.51115084 -1.48235083
v -0.64559996 1.49367404 -1.47824097
v -0.65740138 1.36598659 -1.57267129
v -0.65828574 1.35164523 -1.57081103
v -0.65492100 1.38722229 -1.57296038
v -0.66522616 1.38470101 -1.58315527
v -0.66347998 1.39367950 -1.58247542
v -0.65332621 1.39518094 -1.57284355
v -0.72792405 1.58011448 -1.53399611
v -0.71313024 1.58668125 -1.52173662
v -0.70690525 1.58205962 -1.53130054
v -0.70129353 1.56793284 -1.46832097
v -0.69729078 1.56261718 -1.46581435
v -0.69322634 1.56837058 -1.47970891
v -0.69937819 1.57232141 -1.47926164
v -0.66502118 1.40028894 -1.43655717
v -0.67718798 1.39758956 -1.42062116
v -0.67856759 1.37550998 -1.42206419
v -0.66569555 1.37668753 -1.43862009
v -0.64679295 1.40783155 -1.56459630
v -0.64653569 1.41582167 -1.56520283
v -0.64162874 1.42204380 -1.55938435
v -0.64209479 1.41446900 -1.55772936
v -0.64170998 1.40705037 -1.55626869
v -0.64139551 1.39900804 -1.55403113
v -0.64724207 1.39201021 -1.56326592
v -0.64697862 1.40048707 -1.56430817
v -0.63992542 1.36851168 -1.54088378
v -0.64745224 1.35921359 -1.55654311
v -0.64868557 1.37272859 -1.55952966
v -0.64138478 1.38108110 -1.54623020
v -0.69077241 1.30507720 -1.43092978
v -0.67810869 1.30515933 -1.44302833
v -0.67465514 1.32810080 -1.44054163
v -0.68580568 1.32692599 -1.42647660
v -0.68407708 1.43179393 -1.60142708
v -0.69407147 1.43346083 -1.60837913
v -0.69047594 1.42391551 -1.60933948
v -0.67932373 1.42007077 -1.60121548
v -0.62041444 1.42796469 -1.57763088
v -0.61684948 1.42085886 -1.58363438
v -0.61445880 1.42499280 -1.58689594
v -0.61769867 1.43293226 -1.58055913
v -0.66586393 1.39701641 -1.59552097
v -0.67538708 1.40363216 -1.60284626
v -0.67116743 1.38346863 -1.60675859
v -0.66085786 1.37730002 -1.59832013
v -0.68734050 1.57854366 -1.55518544
v -0.70784330 1.57297039 -1.57193792
v -0.69418591 1.57949781 -1.54820502
v -0.65353423 1.40608573 -1.58068013
v -0.64867359 1.39140272 -1.58208823
v -0.64047468 1.39252496 -1.57854748
v -0.64551860 1.40660453 -1.57533789
v -0.64992577 1.35599601 -1.68015695
v -0.65651447 1.37829292 -1.67106855
v -0.64534336 1.35413742 -1.59807038
v -0.63489920 1.35352218 -1.59500337
v -0.64314747 1.37217951 -1.58659732
v -0.65207487 1.37310445 -1.59098458
v -0.64476997 1.32157648 -1.51804042
v -0.65043890 1.31427681 -1.53906119
v -0.65129203 1.21162951 -1.52888155
v -0.65386671 1.21048367 -1.54926372
v -0.65493631 1.22775149 -1.54374480
v -0.65281451 1.23008621 -1.52308953
v -0.65931612 1.19148731 -1.57287991
v -0.65027970 1.19244027 -1.53331590
v -0.65237951 1.19239700 -1.55356669
v -0.72860765 1.59494734 -1.50868464
v -0.72244358 1.59495938 -1.49333668
v -0.71429259 1.59008169 -1.49614918
v -0.72049069 1.59081483 -1.51417160
v -0.63594782 1.07166529 -1.59998155
v -0.63217324 1.04149246 -1.59950519
v -0.64774150 1.03763103 -1.62314749
v -0.65319443 1.07033634 -1.62225437
v -0.71801853 1.57902324 -1.46065748
v -0.71442646 1.58459938 -1.47796941
v -0.72240800 1.59057081 -1.47714376
v -0.72653210 1.58616781 -1.46203780
v -0.65407407 1.10013270 -1.62023997
v -0.63577658 1.10291803 -1.59934092
v -0.74062306 1.58809245 -1.52051282
v -0.73346049 1.58383954 -1.52711916
v -0.74836344 1.57312381 -1.53179467
v -0.75426400 1.57842684 -1.52635610
v -0.76928264 1.57179141 -1.52848792
v -0.66698515 1.03387821 -1.64137697
v -0.67318279 1.06357908 -1.63847995
v -0.73167592 1.59985614 -1.49100113
v -0.73106062 1.59623718 -1.47670090
v -0.73395413 1.59297156 -1.46358013
v -0.73929310 1.59103298 -1.45132351
v -0.65396225 1.17535448 -1.57840133
v -0.66667789 1.17399681 -1.59684873
v -0.61521769 0.94206107 -1.51620328
v -0.63069743 0.93791068 -1.49255133
v -0.63903439 0.92535877 -1.49945009
v -0.61817729 0.92805302 -1.52361715
v -0.68415385 0.94239348 -1.44867408
v -0.69767410 0.93123925 -1.45838034
v -0.66656977 0.92728770 -1.47728515
v -0.65368277 0.93806529 -1.47066557
v -0.66279268 1.06035590 -1.43374395
v -0.64050001 1.06154346 -1.45446169
v -0.64612824 1.08360255 -1.45936060
v -0.66629440 1.08191657 -1.43768609
v -0.64371783 1.17451537 -1.53691769
v -0.64605826 1.17535090 -1.55806601
v -0.68391371 1.17175639 -1.61196089
v -0.65289086 0.90424037 -1.63571525
v -0.62401611 0.91134059 -1.61664343
v -0.61960232 0.88018441 -1.60519779
v -0.64638466 0.87225169 -1.62501574
v -0.60708195 0.88961160 -1.54733932
v -0.60616702 0.91376764 -1.55294323
v -0.61946291 0.91062284 -1.52246702
v -0.62043589 0.89065373 -1.51888347
v -0.79400712 1.16297102 -1.61990297
v -0.77169096 1.15012372 -1.62692523
v -0.79375231 1.14484215 -1.62384343
v -0.84816188 1.15173018 -1.59592891
v -0.83077484 1.15512037 -1.60709047
v -0.83337390 1.13691998 -1.61005294
v -0.85048229 1.13393450 -1.59876835
v -0.82923537 1.02343225 -1.59038591
v -0.84097058 1.02682054 -1.58219945
v -0.84365708 1.04831326 -1.58703923
v -0.82996482 1.04503679 -1.59606326
v -0.69491434 1.05509210 -1.64882278
v -0.72045803 1.04889822 -1.65112519
v -0.72183770 1.07417536 -1.64714205
v -0.69719487 1.08238029 -1.64377475
v -0.70939887 0.92433590 -1.47110140
v -0.67818427 0.91756535 -1.48338473
v -0.67941171 0.86418104 -1.63630450
v -0.68741846 0.89884162 -1.64492404
v -0.71494257 0.85757154 -1.63647842
v -0.74476177 0.85622287 -1.62203562
v -0.75111359 0.88912547 -1.62951589
v -0.72127354 0.89159477 -1.64370668
v -0.80383176 0.94460440 -1.54878616
v -0.81019402 0.96491063 -1.56989801
v -0.80234122 0.95055795 -1.57101762
v -0.79927701 0.93565118 -1.54732370
v -0.66892642 0.97507793 -1.43399680
v -0.67463970 0.95807832 -1.43962193
v -0.64764035 0.95267612 -1.46078682
v -0.64244330 0.97088933 -1.45428228
v -0.65272027 1.19198108 -1.51358140
v -0.64588249 1.17239809 -1.51590085
v -0.65854520 1.19118333 -1.49539232
v -0.65351969 1.21263182 -1.50922930
v -0.65999752 1.21315062 -1.49128664
v -0.64823502 1.33956861 -1.47680175
v -0.64386183 1.32991660 -1.49687696
v -0.63812512 1.34736180 -1.50336504
v -0.64114815 1.35976338 -1.48276281
v -0.66403389 1.47874498 -1.44994426
v -0.66800612 1.49563003 -1.45238662
v -0.64818311 0.89425606 -1.49419641
v -0.68988883 0.90209305 -1.47934639
v -0.67166770 0.87369901 -1.47820389
v -0.64037144 0.87005699 -1.49386513
v -0.60640430 0.86357713 -1.54024959
v -0.60479665 0.85903955 -1.56732869
v -0.60639530 0.88706481 -1.57738471
v -0.61691970 0.85053647 -1.59420896
v -0.64265430 0.84115183 -1.61497879
v -0.70957619 0.82463551 -1.62816453
v -0.73832119 0.82405615 -1.61251938
v -0.77677453 0.86604536 -1.54183543
v -0.77426928 0.86045557 -1.56861913
v -0.76477426 0.83501482 -1.55829847
v -0.76528680 0.84254801 -1.53155971
v -0.79503703 1.00959563 -1.61198425
v -0.76867765 1.02515805 -1.63193166
v -0.76541650 1.00044012 -1.63389719
v -0.78634357 0.98624271 -1.61569536
v -0.84352553 1.16928351 -1.59401810
v -0.82950062 1.17318213 -1.60252476
v -0.81401008 1.15875101 -1.61456347
v -0.81369114 1.17681634 -1.60937643
v -0.79419762 1.18044543 -1.61433935
v -0.83321083 1.24752855 -1.58811986
v -0.81414628 1.24879599 -1.59708524
v -0.81497210 1.23105597 -1.59857059
v -0.83404619 1.22963047 -1.59054840
v -0.83192271 1.26648474 -1.58570361
v -0.81323856 1.26757050 -1.59506309
v -0.82794446 1.30457318 -1.57771111
v -0.81702751 1.31452513 -1.59861159
v -0.81069702 1.30182028 -1.58871698
v -0.82511932 1.45790148 -1.55378520
v -0.83296359 1.44217741 -1.56075633
v -0.68957740 1.02601051 -1.65346909
v -0.72433943 0.89686656 -1.47725928
v -0.74630916 0.88915890 -1.48468161
v -0.72928679 0.86559117 -1.47844100
v -0.70445228 0.87141460 -1.47254777
v -0.67471814 1.09216356 -1.63469625
v -0.70593005 1.18348145 -1.61548805
v -0.70399839 1.16753817 -1.62251401
v -0.72092068 1.31918085 -1.60413218
v -0.71470094 1.30023503 -1.59993565
v -0.83046597 1.37372470 -1.62525010
v -0.82940179 1.36061716 -1.62741804
v -0.60759205 0.91538978 -1.58692527
v -0.70359999 0.79331386 -1.61817110
v -0.69711024 0.76297188 -1.60752606
v -0.72213161 0.76218259 -1.59079611
v -0.73027164 0.79300261 -1.60221970
v -0.74273884 0.82308066 -1.50147521
v -0.75178218 0.81608665 -1.52219188
v -0.73726678 0.78805166 -1.51328874
v -0.72695881 0.79482281 -1.49429858
v -0.71287662 0.76620251 -1.48841107
v -0.72429532 0.75849932 -1.50616813
v -0.71243918 0.73026854 -1.49617898
v -0.70027214 0.73913050 -1.48106003
v -0.67506826 0.83114630 -1.62714112
v -0.63793772 0.77985990 -1.59546471
v -0.66622490 0.76885647 -1.60801196
v -0.67089587 0.79958647 -1.61710191
v -0.64082557 0.81027687 -1.60456085
v -0.61808002 0.86595017 -1.51539111
v -0.75892699 0.84956437 -1.50973082
v -0.77264488 0.87159455 -1.51876628
v -0.69325274 0.80666006 -1.47205257
v -0.66993737 0.81123322 -1.46905863
v -0.68532062 0.84141737 -1.47036266
v -0.71060747 0.83650494 -1.47424865
v -0.59861463 0.80901277 -1.53168070
v -0.60090119 0.80214554 -1.55576336
v -0.60365140 0.83054948 -1.56160617
v -0.60298103 0.83650720 -1.53614843
v -0.61709630 0.82117414 -1.58568287
v -0.61523974 0.79181814 -1.57751131
v -0.63189989 0.72121072 -1.58067000
v -0.65820110 0.71049654 -1.58941972
v -0.66190642 0.73945445 -1.59892511
v -0.63508648 0.75026059 -1.58758318
v -0.60921627 0.73400247 -1.56537843
v -0.61237401 0.76250267 -1.57118702
v -0.59786075 0.77365047 -1.55058885
v -0.59586328 0.74555010 -1.54623520
v -0.59311438 0.75420672 -1.52470148
v -0.59505647 0.78166288 -1.52793324
v -0.60089463 0.78576607 -1.50581992
v -0.59744638 0.75916106 -1.50420487
v -0.61572826 0.78741890 -1.48722994
v -0.63575786 0.78663504 -1.47430646
v -0.62744671 0.76024115 -1.47446918
v -0.61026150 0.76092678 -1.48736978
v -0.66602451 0.75231731 -1.46570957
v -0.64610636 0.75735301 -1.46642137
v -0.65713775 0.78332734 -1.46738493
v -0.67838043 0.77803677 -1.46913505
v -0.61806822 0.65872008 -1.44837189
v -0.60424078 0.66160560 -1.45991123
v -0.61550045 0.68547994 -1.46090782
v -0.63083506 0.68211806 -1.45102763
v -0.59128994 0.66431385 -1.47036064
v -0.57944417 0.66595006 -1.48258483
v -0.59074885 0.68766743 -1.48457873
v -0.60190898 0.68702072 -1.47274590
v -0.58310181 0.67837036 -1.51745617
v -0.58290249 0.68567801 -1.49981809
v -0.57285339 0.66316289 -1.49793828
v -0.57345188 0.65496331 -1.51503611
v -0.57684952 0.64415866 -1.53278327
v -0.58458501 0.66802216 -1.53701162
v -0.58977968 0.63060915 -1.54483843
v -0.59579927 0.65463716 -1.55222690
v -0.61956733 0.64143825 -1.55664992
v -0.61330074 0.61729825 -1.54730642
v -0.67324233 0.65705991 -1.46488798
v -0.65939492 0.63400877 -1.45642281
v -0.64889830 0.64472699 -1.44623196
v -0.66381019 0.66685379 -1.45315969
v -0.68353277 0.63731378 -1.50382149
v -0.68717825 0.62782902 -1.52868307
v -0.67284316 0.60587239 -1.51506650
v -0.66633016 0.61527717 -1.49207163
v -0.60613370 0.70690161 -1.56036925
v -0.62853068 0.69291025 -1.57437587
v -0.59192878 0.72767061 -1.52198410
v -0.59421331 0.71861756 -1.54256344
v -0.65442026 0.72825301 -1.46127284
v -0.63611239 0.73292178 -1.46499932
v -0.69987392 0.70413089 -1.48649597
v -0.68846196 0.71347386 -1.47191966
v -0.67830831 0.64950889 -1.56243396
v -0.68196076 0.67763978 -1.57237792
v -0.65548503 0.68252587 -1.57990861
v -0.65214670 0.65536845 -1.56960595
v -0.60174459 0.68012685 -1.55684614
v -0.59032959 0.69307005 -1.53928924
v -0.58908015 0.70262498 -1.51962590
v -0.58963996 0.70914614 -1.50175095
v -0.59860438 0.71096039 -1.48664927
v -0.61183780 0.71047962 -1.47459495
v -0.62632889 0.70905608 -1.46313500
v -0.64297599 0.70509320 -1.45624769
v -0.67635864 0.68952221 -1.46253872
v -0.68624526 0.67943007 -1.47600079
v -0.66037363 0.60291040 -1.53802621
v -0.67226291 0.62315822 -1.55146754
v -0.64583129 0.63000000 -1.55931127
v -0.63688219 0.60632449 -1.54959702
v -0.64534533 0.58471632 -1.52407944
v -0.65491581 0.58701146 -1.50396693
v -0.57775420 0.64354318 -1.46605909
v -0.56751937 0.64422214 -1.47893465
v -0.56173426 0.64047754 -1.49441195
v -0.56566560 0.62118906 -1.52801919
v -0.58248562 0.60600191 -1.53638256
v -0.60529357 0.59252858 -1.53850758
v -0.62730139 0.58689576 -1.53776443
v -0.61499602 0.59922087 -1.43752122
v -0.63279563 0.62249190 -1.44333434
v -0.64248234 0.61246479 -1.45177650
v -0.62503332 0.58957642 -1.44561970
v -0.58736688 0.61420023 -1.43864560
v -0.57261449 0.62050962 -1.44531262
v -0.59180033 0.63904613 -1.45774591
v -0.60506111 0.63556147 -1.44784987
v -0.55890518 0.62411088 -1.45644939
v -0.54939121 0.62317610 -1.47149062
v -0.54359955 0.61992329 -1.48792279
v -0.55310398 0.59657913 -1.52061212
v -0.56010598 0.63359499 -1.51159334
v -0.54350191 0.61086822 -1.50621927
v -0.57335079 0.57866019 -1.52989960
v -0.58426499 0.53775203 -1.51481736
v -0.59964049 0.56462753 -1.52482486
v -0.55927747 0.55113745 -1.52264166
v -0.55205321 0.45611864 -1.45653105
v -0.53711599 0.45802695 -1.47566104
v -0.52138108 0.43044293 -1.45908928
v -0.53428906 0.42811775 -1.44199216
v -0.60769993 0.56577712 -1.43617070
v -0.59696597 0.57596254 -1.42584026
v -0.56827015 0.59240448 -1.42435503
v -0.55216599 0.59951431 -1.43235505
v -0.52103037 0.54462487 -1.50411558
v -0.53863454 0.57018340 -1.51393318
v -0.52704972 0.58568615 -1.49861717
v -0.50958264 0.56028622 -1.48840690
v -0.56138194 0.48517656 -1.39555037
v -0.54998982 0.49494517 -1.38491058
v -0.56607729 0.52401018 -1.39699507
v -0.57761896 0.51331711 -1.40792060
v -0.53488970 0.57505774 -1.41702354
v -0.55152529 0.56766307 -1.40889609
v -0.53547341 0.54109430 -1.39549196
v -0.51848108 0.54764414 -1.40360284
v -0.49247724 0.48603904 -1.47656083
v -0.50570536 0.51654643 -1.49184346
v -0.49334320 0.53151709 -1.47688353
v -0.48001283 0.49958509 -1.46287596
v -0.56882733 0.51196510 -1.50415754
v -0.54280126 0.52608520 -1.51220763
v -0.52751219 0.49975365 -1.49885571
v -0.55214113 0.48555779 -1.49149203
v -0.58566171 0.51080972 -1.48268282
v -0.56905580 0.48436797 -1.47066271
v -0.51319355 0.42967916 -1.37042844
v -0.53208965 0.46322918 -1.37688959
v -0.54232985 0.45279473 -1.38671052
v -0.52088678 0.41967481 -1.37784123
v -0.50332373 0.51635087 -1.39327395
v -0.51962525 0.51106489 -1.38422132
v -0.50432867 0.47703719 -1.37667048
v -0.48961070 0.48151809 -1.38512266
v -0.46756402 0.42031854 -1.44083214
v -0.47955501 0.45394224 -1.45930481
v -0.46797737 0.46575344 -1.44616020
v -0.45695737 0.43166035 -1.42833531
v -0.50373620 0.40017825 -1.44156837
v -0.49981052 0.44039232 -1.46624422
v -0.48451355 0.40839672 -1.44787431
v -0.49024040 0.36855823 -1.42421722
v -0.50003630 0.36687762 -1.41128910
v -0.51596463 0.39826971 -1.42634463
v -0.50200355 0.38824087 -1.37054539
v -0.49575114 0.39651573 -1.36266625
v -0.47662583 0.40799791 -1.36032915
v -0.46491414 0.41344947 -1.36635888
v -0.47730920 0.44693995 -1.37690806
v -0.48991829 0.44199258 -1.36995864
v -0.45592141 0.44372904 -1.40089417
v -0.46502021 0.44735640 -1.38781714
v -0.45368302 0.41399688 -1.37630308
v -0.44597337 0.41045552 -1.38829827
v -0.44885218 0.39982074 -1.41156936
v -0.45333487 0.43923718 -1.41487718
v -0.44474757 0.40653425 -1.39998674
v -0.45785534 0.38982922 -1.42412412
v -0.47279453 0.37711388 -1.43060362
v -0.75470138 0.91885811 -1.49065471
v -0.77034348 0.91175508 -1.50236177
v -0.75909269 0.90397650 -1.49420059
v -0.74004287 0.91390526 -1.48583162
v -0.74121702 0.77709585 -1.53883624
v -0.75307888 0.80760568 -1.54921377
v -0.71860415 0.72028112 -1.51824701
v -0.72981673 0.74691474 -1.52992201
v -0.70613039 0.69409776 -1.50737345
v -0.69257885 0.66960841 -1.49523449
v -0.67863166 0.64636731 -1.48202610
v -0.66309386 0.62368542 -1.47216237
v -0.64651889 0.60150403 -1.46629894
v -0.63050467 0.57766187 -1.45990515
v -0.59838599 0.52930385 -1.44071198
v -0.59221262 0.54029626 -1.42252529
v -0.61364627 0.55377769 -1.45216286
v -0.56714487 0.47263360 -1.41483569
v -0.58377945 0.50216240 -1.42754757
v -0.54642814 0.44087613 -1.40261567
v -0.52465552 0.40898067 -1.39179909
v -0.50549316 0.37858182 -1.38313210
v -0.77507913 0.91562116 -1.61210585
v -0.78726715 0.90909541 -1.58580554
v -0.79088378 0.93016732 -1.59225714
v -0.77838558 0.94180632 -1.61626232
v -0.79382288 0.93032181 -1.52929437
v -0.79797667 0.93513769 -1.53671169
v -0.79374748 0.92951703 -1.53430128
v -0.78873116 0.92699814 -1.52511299
v -0.62414151 0.66650867 -1.56725740
v -0.59457064 0.73340040 -1.50326395
v -0.60534948 0.73511505 -1.48766804
v -0.62005180 0.73484462 -1.47514927
v -0.69753915 0.65902436 -1.51727319
v -0.70766646 0.68480599 -1.52994609
v -0.70086008 0.67897207 -1.55310941
v -0.69570398 0.65230924 -1.54143071
v -0.60039473 0.53373396 -1.49208927
v -0.59461838 0.51832628 -1.46109891
v -0.61098158 0.54175496 -1.47155476
v -0.61491162 0.55455190 -1.50227022
v -0.52892596 0.60166448 -1.46235931
v -0.52392846 0.59673983 -1.48060846
v -0.52031696 0.57887614 -1.43217683
v -0.50924480 0.57813120 -1.45047843
v -0.53847289 0.60293281 -1.44567931
v -0.72697169 0.73665208 -1.55563319
v -0.71461827 0.73293823 -1.57884502
v -0.70749152 0.70549738 -1.56586277
v -0.71827823 0.71083808 -1.54289436
v -0.65679443 1.24505377 -1.53743351
v -0.65580261 1.24867618 -1.51770759
v -0.75251675 1.33872390 -1.63110554
v -0.73917967 1.32946217 -1.61908591
v -0.75351334 1.31991553 -1.61796105
v -0.76386768 1.32995272 -1.62963629
v -0.72968221 1.34127975 -1.62084472
v -0.74407464 1.35028911 -1.63199162
v -0.73713136 1.36434889 -1.63066387
v -0.72309911 1.35495901 -1.62130153
v -0.70003712 1.41297209 -1.60485113
v -0.69631529 1.42173386 -1.60056520
v -0.82997733 1.28607774 -1.58161414
v -0.84659612 1.28407919 -1.56872225
v -0.84400964 1.30243349 -1.56428528
v -0.81447095 1.14012885 -1.61860490
v -0.79371458 1.04394901 -1.61783445
v -0.81470609 1.01725030 -1.59842122
v -0.81345886 1.04286599 -1.60600638
v -0.82179493 0.96486771 -1.55928874
v -0.66721064 1.30196941 -1.45851028
v -0.66383332 1.32498944 -1.45712352
v -0.68442965 1.50217783 -1.44183779
v -0.69772518 1.49660587 -1.42966664
v -0.69289082 1.52814913 -1.44594264
v -0.69764668 1.53949678 -1.44753277
v -0.70948690 1.53317726 -1.43486202
v -0.70529896 1.52227998 -1.43292916
v -0.73293322 1.58309388 -1.44800043
v -0.72663999 1.57465172 -1.44530487
v -0.78255856 0.92640382 -1.51582801
v -0.78454977 0.92224729 -1.51905477
v -0.77587312 0.92400014 -1.50820005
v -0.78575218 0.88734019 -1.55153155
v -0.78287357 0.88993800 -1.52840424
v -0.79009891 0.90441573 -1.53612328
v -0.79209459 0.90544218 -1.55931509
v -0.66234428 0.93538308 -1.64548242
v -0.63157505 0.94268250 -1.62771964
v -0.64461333 0.91272807 -1.49844933
v -0.61704469 1.31357920 -1.61717629
v -0.60485172 1.31471944 -1.61924863
v -0.61394173 1.33539104 -1.60666358
v -0.62628812 1.33413899 -1.60516918
v -0.65158951 1.40345764 -1.45300436
v -0.64963371 1.37683690 -1.46081412
v -0.74392384 1.56753528 -1.53847408
v -0.69665235 1.56769669 -1.59260297
v -0.71471065 1.55195868 -1.60228491
v -0.71918476 1.55472660 -1.59189308
v -0.70222330 1.57128167 -1.58193767
v -0.64291364 1.53461480 -1.53754616
v -0.65062439 1.54988480 -1.54754221
v -0.65311962 1.55232370 -1.53358150
v -0.64523405 1.53548169 -1.52300489
v -0.66198343 1.03748035 -1.43020451
v -0.63829345 1.03817606 -1.44998789
v -0.68321520 1.23677981 -1.45404375
v -0.67086083 1.23509693 -1.46891057
v -0.67082375 1.25666761 -1.46359515
v -0.68265420 1.25920224 -1.44936597
v -0.63755769 1.39243913 -1.47841203
v -0.63472396 1.37654042 -1.49507141
v -0.85890371 1.37301064 -1.58664155
v -0.85531378 1.39367187 -1.58117902
v -0.84486657 1.39840448 -1.59371030
v -0.84941852 1.37963045 -1.59995735
v -0.60505903 1.37595034 -1.60493255
v -0.61642510 1.38986039 -1.58956838
v -0.62225205 1.37985086 -1.58727431
v -0.61136431 1.36183453 -1.59947133
v -0.60989898 0.94856840 -1.59436691
v -0.60513288 0.93643165 -1.55546987
v -0.65840834 1.27632856 -1.55537319
v -0.65137690 1.28090596 -1.53353119
v -0.65516150 1.26267982 -1.53387988
v -0.66093934 1.25824547 -1.55533278
v -0.66031682 1.32326722 -1.56277120
v -0.65932697 1.30910790 -1.55915260
v -0.65893537 1.33680701 -1.56731737
v -0.64712220 1.42845106 -1.56824040
v -0.65261495 1.42438745 -1.57310045
v -0.65055496 1.42660165 -1.57445729
v -0.78208238 0.88628459 -1.57790756
v -0.79811889 0.96827585 -1.59521961
v -0.80617207 0.98383975 -1.59165514
v -0.78849667 0.92869556 -1.52179003
v -0.76074356 1.58640480 -1.52273715
v -0.77481407 1.58225465 -1.52715480
v -0.66159844 1.40910864 -1.58782697
v -0.65705472 1.39263988 -1.58807504
v -0.66255474 1.40209651 -1.58140552
v -0.67413962 1.40369380 -1.58921361
v -0.67219019 1.41134238 -1.58683085
v -0.66088772 1.41012788 -1.57930303
v -0.65228283 1.41171277 -1.57190037
v -0.65330362 1.40355814 -1.57290125
v -0.74661446 1.46071243 -1.61085415
v -0.75568718 1.46468103 -1.60658205
v -0.74929255 1.48498487 -1.60044503
v -0.74129099 1.48033392 -1.60569060
v -0.76643831 1.46673155 -1.60081065
v -0.77809674 1.46787858 -1.59388852
v -0.76910490 1.48713791 -1.58689749
v -0.75774807 1.48653817 -1.59427369
v -0.75954336 1.54709721 -1.54838979
v -0.77946377 1.53720093 -1.54354465
v -0.79773998 1.53058207 -1.53560293
v -0.81166416 1.52560544 -1.52870691
v -0.72089255 1.56447423 -1.44275117
v -0.71764451 1.55336809 -1.44025338
v -0.70558155 1.55829084 -1.45335197
v -0.70921993 1.56957674 -1.45989382
v -0.78497505 1.56757390 -1.52742720
v -0.80056483 1.56403804 -1.52389348
v -0.81028324 1.54876268 -1.51892602
v -0.63415033 1.35966969 -1.68318999
v -0.64015812 1.38223493 -1.67400932
v -0.73809218 1.59928226 -1.50456190
v -0.74862248 1.59342337 -1.51574874
v -0.62361449 1.38358665 -1.67169929
v -0.61781728 1.36025858 -1.68113947
v -0.73856330 1.53276110 -1.58659387
v -0.72533303 1.55625093 -1.58211958
v -0.73152745 1.53203773 -1.59520030
v -0.79006130 1.57863915 -1.52754045
v -0.80529338 1.57566142 -1.52429998
v -0.64296597 0.97331750 -1.63583112
v -0.67155641 0.96713513 -1.65080976
v -0.70671868 1.23048818 -1.60453904
v -0.68823045 1.23424947 -1.59327614
v -0.84967387 1.24599624 -1.57559478
v -0.85083640 1.22831750 -1.57861006
v -0.83022821 1.58302736 -1.51492572
v -0.83152103 1.19225776 -1.59709907
v -0.84751391 1.18755293 -1.58581638
v -0.84972930 1.20927107 -1.58141148
v -0.83354813 1.21145594 -1.59350717
v -0.85351366 1.16577077 -1.58600688
v -0.85527563 1.15683913 -1.58756924
v -0.82791245 1.00405395 -1.58262002
v -0.83767962 1.00789523 -1.57696378
v -0.68404788 1.43074358 -1.64497685
v -0.68880880 1.44819057 -1.64010239
v -0.67852771 1.46185660 -1.64569902
v -0.67278093 1.44259083 -1.65134931
v -0.81430900 1.19547498 -1.60460579
v -0.79397678 1.19828105 -1.60923052
v -0.71744162 1.40958142 -1.61581373
v -0.70400149 1.40298367 -1.60863161
v -0.85197955 1.32028449 -1.56974590
v -0.83882910 1.38545096 -1.61121976
v -0.83373499 1.40207684 -1.60477626
v -0.82192963 1.40439665 -1.61396658
v -0.82742935 1.38915372 -1.62066233
v -0.78385866 0.92967737 -1.51596010
v -0.61126274 1.45434988 -1.60581684
v -0.61292690 1.46595788 -1.59804654
v -0.61259896 1.45674741 -1.59268475
v -0.61064607 1.44579220 -1.60090685
v -0.77382183 0.89484525 -1.50892556
v -0.76184726 0.87937522 -1.50005150
v -0.72482514 0.92134351 -1.48151815
v -0.74694031 0.92306262 -1.48340809
v -0.75570589 0.82702076 -1.58726013
v -0.76407367 0.85755533 -1.59747982
v -0.74696553 0.79682577 -1.57688785
v -0.73689795 0.76554829 -1.56631589
v -0.64834398 0.59336722 -1.48390925
v -0.62988836 0.56655180 -1.48221755
v -0.57785386 0.49197125 -1.44896984
v -0.56054759 0.46351969 -1.43557501
v -0.54081231 0.43294114 -1.42229736
v -0.52116275 0.40147197 -1.40849268
v -0.50477690 0.37039417 -1.39687765
v -0.60375422 1.35640371 -1.67525876
v -0.60893327 1.38157928 -1.66426361
v -0.59863514 1.37308562 -1.65509188
v -0.59354448 1.34877586 -1.66705561
v -0.65521741 1.35703111 -1.60400379
v -0.66511220 1.36223567 -1.61260962
v -0.65748477 1.34190297 -1.62033200
v -0.64755684 1.33780015 -1.61274481
v -0.63918132 1.31771934 -1.62220812
v -0.62829638 1.31480253 -1.61843610
v -0.63760501 1.33525562 -1.60755670
v -0.59445304 1.32010078 -1.62543869
v -0.58740002 1.32700610 -1.63492405
v -0.59490222 1.34982657 -1.62094486
v -0.60233134 1.34024525 -1.61265564
v -0.58703846 1.34083295 -1.65737832
v -0.59253711 1.36394167 -1.64518249
v -0.59100705 1.35648155 -1.63358450
v -0.58482730 1.33349013 -1.64641631
v -0.66418934 1.33224654 -1.64766598
v -0.65848243 1.32604563 -1.63665640
v -0.66586274 1.34747529 -1.62958872
v -0.67153138 1.35412180 -1.64073980
v -0.66277379 1.47315276 -1.64854515
v -0.65686703 1.45170283 -1.65338695
v -0.70245802 1.43934226 -1.60598826
v -0.70879680 1.44943845 -1.61431193
v -0.70439512 1.44518209 -1.61608171
v -0.69750887 1.44059753 -1.60636318
v -0.66273773 1.40083921 -1.66267729
v -0.66803390 1.42227817 -1.65663826
v -0.65178961 1.42879319 -1.65907991
v -0.64610749 1.40513444 -1.66570330
v -0.67908913 1.37542498 -1.63358438
v -0.67385960 1.36834633 -1.62262821
v -0.68063247 1.38988709 -1.61611056
v -0.68685585 1.39605165 -1.62707233
v -0.62330168 1.35554910 -1.59512615
v -0.63294023 1.37437510 -1.58532333
v -0.69446009 1.43490887 -1.63063526
v -0.68966657 1.41936600 -1.63444436
v -0.72090763 1.40004146 -1.61917198
v -0.67861152 1.38510954 -1.59290397
v -0.67620718 1.39483774 -1.59133136
v -0.77184892 1.34346092 -1.63804257
v -0.77576035 1.35848439 -1.64172089
v -0.70632184 1.34901607 -1.60872936
v -0.70084274 1.36290431 -1.60843182
v -0.76275378 1.35074580 -1.63827777
v -0.76845360 1.36037397 -1.64082325
v -0.79399133 1.28581500 -1.59821630
v -0.80946279 1.53704011 -1.52141786
v -0.67932296 1.41224027 -1.64919841
v -0.68562895 1.40340126 -1.63829362
v -0.62488151 1.40201354 -1.58011854
v -0.63180882 1.41284275 -1.57371783
v -0.63819635 1.40953112 -1.57350838
v -0.63152272 1.39611173 -1.57867360
v -0.63062078 1.41656363 -1.50931418
v -0.63142073 1.40508771 -1.49404716
v -0.63216984 1.39081955 -1.50846231
v -0.63248497 1.40325272 -1.52104974
v -0.61491418 1.46291685 -1.61913347
v -0.61891228 1.46273923 -1.62892449
v -0.62260401 1.48125815 -1.62238634
v -0.61749291 1.47765446 -1.61232746
v -0.63107634 1.48283410 -1.63359523
v -0.62618202 1.46097398 -1.64004874
v -0.63959754 1.45722795 -1.64959514
v -0.64463323 1.48017323 -1.64389610
v -0.62463999 1.01382220 -1.59509408
v -0.63764513 1.00982964 -1.62164986
v -0.72567290 1.16170287 -1.62803650
v -0.74857974 1.15570915 -1.62862837
v -0.77045923 1.05198598 -1.63163972
v -0.79946023 0.93509054 -1.56969774
v -0.79706550 0.92511678 -1.54426897
v -0.74653572 0.85717952 -1.49207592
v -0.65740097 1.00317538 -1.64081979
v -0.72904712 0.82995510 -1.48602593
v -0.71220094 0.80102986 -1.48122585
v -0.64499199 0.81368935 -1.47553766
v -0.62234348 0.81440222 -1.48876834
v -0.63037312 0.84248364 -1.49113858
v -0.65596336 0.84311146 -1.47650492
v -0.60620081 0.81282878 -1.50848556
v -0.61226267 0.84020972 -1.51208806
v -0.68594164 0.70564169 -1.58368790
v -0.50336081 0.55048835 -1.41851342
v -0.47837639 0.51591700 -1.42475843
v -0.49233392 0.54987276 -1.43764257
v -0.48871905 0.51794106 -1.40708661
v -0.48885143 0.54334933 -1.45774865
v -0.50526452 0.57229578 -1.46993601
v -0.51431608 0.47078323 -1.48336506
v -0.47625417 0.48287183 -1.39793539
v -0.46693504 0.48005128 -1.41337538
v -0.47543296 0.51042295 -1.44457912
v -0.46409380 0.47483569 -1.43026304
v -0.78265321 0.90615577 -1.51740849
v -0.69621402 0.93053430 -1.65210783
v -0.70509619 0.96079195 -1.65637589
v -0.76293105 0.97643554 -1.63668156
v -0.78206652 0.96455890 -1.61777401
v -0.77194262 1.21742249 -1.60781515
v -0.75006634 1.22118521 -1.61110663
v -0.75179660 1.25530660 -1.60412741
v -0.73072618 1.25915575 -1.60413504
v -0.72901815 1.24236572 -1.60683548
v -0.75053304 1.23808253 -1.60744369
v -0.68821931 1.26787984 -1.59027302
v -0.67017072 1.27211821 -1.57491720
v -0.67166251 1.25432479 -1.57525396
v -0.68826067 1.25048876 -1.59087944
v -0.67319971 1.23780441 -1.57772970
v -0.66272324 1.24102938 -1.55859578
v -0.66104227 1.27575088 -1.47755826
v -0.65556169 1.27175140 -1.49505782
v -0.65187556 1.29224992 -1.49290371
v -0.65817565 1.29760909 -1.47535431
v -0.81750220 0.99690515 -1.58775485
v -0.79120606 0.92204410 -1.52957809
v -0.77023500 0.88769025 -1.60613656
v -0.75551683 0.92097920 -1.63461983
v -0.72788954 0.92488337 -1.64860249
v -0.66979170 1.41407967 -1.59455895
v -0.63170677 1.43783653 -1.53713465
v -0.63441330 1.42598236 -1.54266632
v -0.62188637 1.43793070 -1.64555097
v -0.63493395 1.43367255 -1.65509260
v -0.69270724 1.41288984 -1.62293684
v -0.68325073 1.47855866 -1.64067435
v -0.69316375 1.46332085 -1.63432145
v -0.69853348 1.47683370 -1.63029683
v -0.74440736 1.03628826 -1.64474285
v -0.71621096 1.01744103 -1.65585244
v -0.74247003 1.00953293 -1.64857614
v -0.75956696 0.92430753 -1.49183750
v -0.79389125 0.94934940 -1.59582698
v -0.69772220 0.77250797 -1.47616887
v -0.68473977 0.74605441 -1.47046828
v -0.67278534 0.72155946 -1.46373653
v -0.66052657 0.69826716 -1.45631111
v -0.64788610 0.67553318 -1.44892085
v -0.63348502 0.65325534 -1.44395173
v -0.61926669 0.63036537 -1.44262123
v -0.60145634 0.60742480 -1.43587017
v -0.58099872 0.55077076 -1.41147709
v -0.56702429 0.55994600 -1.40743697
v -0.58348364 0.58479422 -1.42229056
v -0.55142748 0.53299677 -1.39357269
v -0.53534353 0.50348985 -1.38164186
v -0.51854056 0.47096699 -1.37404156
v -0.50233322 0.43707615 -1.36817575
v -0.48734793 0.40323716 -1.35943413
v -0.77772939 0.92738599 -1.50976062
v -0.76933950 0.92597562 -1.50137830
v -0.74647754 1.53192568 -1.57631421
v -0.68712324 1.40821886 -1.59627342
v -0.68444330 1.41619921 -1.59351516
v -0.69679528 1.42669487 -1.61982656
v -0.59820259 1.38460612 -1.63264930
v -0.60242611 1.39527714 -1.64209557
v -0.68615025 1.40920210 -1.61146891
v -0.69235694 1.43314672 -1.59768951
v -0.68778658 1.43960083 -1.59787250
v -0.68335474 1.25536001 -1.77194762
v -0.67339820 1.24870539 -1.77740240
v -0.69060087 1.24060345 -1.78628862
v -0.69963676 1.24656320 -1.78027368
v -0.69193691 1.25692725 -1.76248384
v -0.70714861 1.24748385 -1.77074933
v -0.69506687 1.21256602 -1.72728026
v -0.69867772 1.22534096 -1.72895098
v -0.71139163 1.21540332 -1.74188399
v -0.70731992 1.20328498 -1.74124968
v -0.72639078 1.23381996 -1.76918304
v -0.72753733 1.22654557 -1.76166773
v -0.71410006 1.23651755 -1.75152469
v -0.71221119 1.24380076 -1.76065612
v -0.67873561 1.19396293 -1.73638713
v -0.66996878 1.19228649 -1.74431813
v -0.65735608 1.19897723 -1.72896874
v -0.66709143 1.20159638 -1.72120595
v -0.64798665 1.25614524 -1.67825270
v -0.64445400 1.24344277 -1.67510033
v -0.63872176 1.25293911 -1.66715252
v -0.64346159 1.26534653 -1.67157090
v -0.65124398 1.27349436 -1.75341427
v -0.63996309 1.26553869 -1.75653601
v -0.65670151 1.25733018 -1.76742291
v -0.66750550 1.26470757 -1.76289439
v -0.67267174 1.26877332 -1.72097051
v -0.67381161 1.25871563 -1.71079445
v -0.65963203 1.26928616 -1.70064235
v -0.65788388 1.27870810 -1.71128488
v -0.63456500 1.28216147 -1.74325335
v -0.62374181 1.27306378 -1.74420857
v -0.70090371 1.24722028 -1.74150038
v -0.70044613 1.23691750 -1.73350322
v -0.68752617 1.24798095 -1.72200239
v -0.68713117 1.25802982 -1.73138535
v -0.70496899 1.18166900 -1.76448977
v -0.69763070 1.18176079 -1.77234721
v -0.68333042 1.18682313 -1.75881338
v -0.69142002 1.18731642 -1.75091994
v -0.72636348 1.21710610 -1.75698721
v -0.72400492 1.20631409 -1.75475335
v -0.71333271 1.22668421 -1.74532211
v -0.69354087 1.21477437 -1.79869890
v -0.69963974 1.22448158 -1.79834342
v -0.68216461 1.23200417 -1.78909171
v -0.67587751 1.22127557 -1.78847218
v -0.66987938 1.23367679 -1.70059085
v -0.67261320 1.24628317 -1.70381081
v -0.68583673 1.23570180 -1.71592879
v -0.68249398 1.22298253 -1.71363246
v -0.66221207 1.27762663 -1.74450862
v -0.67707342 1.26712298 -1.75358355
v -0.65766257 1.22709906 -1.77762341
v -0.66471064 1.23936844 -1.77901947
v -0.64751333 1.24662852 -1.76777768
v -0.64116639 1.23403275 -1.76545620
v -0.62457812 1.22572792 -1.74343157
v -0.62890834 1.21503246 -1.73215938
v -0.64321727 1.20979559 -1.74810970
v -0.64004809 1.22050703 -1.75820625
v -0.65775537 1.24495590 -1.68819320
v -0.65321988 1.23214149 -1.68672562
v -0.65574104 1.21077764 -1.70601594
v -0.64549595 1.20686519 -1.71319985
v -0.63427061 1.21552241 -1.69697607
v -0.64491850 1.22071934 -1.68995678
v -0.63128132 1.30197263 -1.71041608
v -0.61796135 1.30058312 -1.71932757
v -0.62905824 1.29432118 -1.72646594
v -0.63910657 1.29391396 -1.71562445
v -0.61845440 1.28942895 -1.73199069
v -0.60637170 1.29563498 -1.72196102
v -0.58498889 1.29599285 -1.70218301
v -0.57979822 1.28684282 -1.69433260
v -0.58279401 1.28005874 -1.70241141
v -0.58834654 1.29036176 -1.71021569
v -0.59523219 1.23550844 -1.71063268
v -0.60155970 1.22806418 -1.69723558
v -0.61512727 1.22108269 -1.71509099
v -0.60937804 1.23029494 -1.72749925
v -0.60415709 1.23257959 -1.67241490
v -0.61797553 1.23355067 -1.66809666
v -0.62433398 1.22450972 -1.68105721
v -0.61189485 1.22398829 -1.68782580
v -0.61198640 1.27814436 -1.63729143
v -0.62302583 1.27970004 -1.63860488
v -0.61894792 1.26591647 -1.64491928
v -0.60740286 1.26367295 -1.64525342
v -0.63967985 1.27863669 -1.65336299
v -0.64412349 1.29017186 -1.64920592
v -0.65004134 1.29667461 -1.65888572
v -0.64555907 1.28637934 -1.66230226
v -0.62195325 1.32177496 -1.69888580
v -0.60556728 1.32164264 -1.69860959
v -0.60486108 1.31481409 -1.70415854
v -0.62052315 1.31517410 -1.70221794
v -0.58367878 1.24111509 -1.69526064
v -0.58989948 1.23552942 -1.67934966
v -0.63748890 1.26974237 -1.65710139
v -0.64364868 1.27928591 -1.66451597
v -0.64252675 1.27246571 -1.66715908
v -0.63700265 1.26174259 -1.66112685
v -0.64143163 1.29758048 -1.68443465
v -0.63453192 1.30602431 -1.69490910
v -0.63651389 1.30207109 -1.69619143
v -0.64175445 1.29278779 -1.68554807
v -0.62251717 1.31157088 -1.70438004
v -0.60664862 1.31025267 -1.70904505
v -0.61216336 1.30695462 -1.71373320
v -0.62654340 1.30774164 -1.70708442
v -0.57733315 1.24723661 -1.68476963
v -0.57707632 1.25700402 -1.69494283
v -0.57462156 1.26230025 -1.68480098
v -0.57610732 1.25388479 -1.67533123
v -0.60239100 1.24198055 -1.66113639
v -0.61522937 1.24309397 -1.65837264
v -0.64298397 1.28658307 -1.68813157
v -0.64524758 1.27636814 -1.67872751
v -0.64435291 1.28305686 -1.67583776
v -0.59900779 1.30076766 -1.71439135
v -0.60161656 1.27761376 -1.63819671
v -0.59192497 1.27941585 -1.64148068
v -0.59740245 1.29467857 -1.63144398
v -0.60786903 1.29288721 -1.62888801
v -0.61849099 1.29350793 -1.62926686
v -0.62946373 1.29591024 -1.63173521
v -0.65059221 1.30560994 -1.64380753
v -0.65652227 1.31203556 -1.65412581
v -0.65806526 1.31924677 -1.66643167
v -0.65419900 1.32699704 -1.67815614
v -0.64739877 1.31180167 -1.68250358
v -0.65140235 1.30423069 -1.67050242
v -0.62784630 1.33839893 -1.69153261
v -0.61138999 1.33823466 -1.69014835
v -0.59367448 1.31736636 -1.69403338
v -0.59820360 1.33320057 -1.68532181
v -0.62811512 1.26070476 -1.65223980
v -0.63041955 1.27120781 -1.64731765
v -0.65609843 1.21521425 -1.77174628
v -0.65786397 1.20440161 -1.76287973
v -0.67361224 1.19920790 -1.77634358
v -0.67349118 1.21007168 -1.78393877
v -0.69260126 1.18657243 -1.78073752
v -0.67718363 1.19117165 -1.76758122
v -0.69791991 1.25416303 -1.75175440
v -0.68341798 1.26454031 -1.74247336
v -0.72237957 1.23821831 -1.77861106
v -0.63902700 1.29560935 -1.69876051
v -0.64536673 1.28797758 -1.70338190
v -0.57593352 1.27803183 -1.68541121
v -0.57859904 1.29434288 -1.68641865
v -0.57580316 1.28617942 -1.67731428
v -0.58320653 1.25362194 -1.70738351
v -0.59429127 1.24998486 -1.72241163
v -0.60087913 1.26656032 -1.72736955
v -0.58736587 1.27027345 -1.71170318
v -0.57741302 1.26134980 -1.66703415
v -0.57436150 1.26895630 -1.67617822
v -0.57577801 1.27834356 -1.66768003
v -0.57978976 1.27149224 -1.65832365
v -0.63747787 1.31749749 -1.69260454
v -0.63459951 1.30970609 -1.69432771
v -0.58210897 1.31911683 -1.66870153
v -0.57973981 1.30491734 -1.67798877
v -0.58498937 1.31117558 -1.68690145
v -0.58827800 1.32556200 -1.67819321
v -0.58399296 1.30235362 -1.69458187
v -0.57994801 1.31318891 -1.65816474
v -0.57722825 1.29778481 -1.66838944
v -0.64375991 1.33423376 -1.68750548
v -0.58316034 1.28468442 -1.64856529
v -0.57807857 1.29110789 -1.65826535
v -0.58188802 1.30676866 -1.64771795
v -0.58806127 1.30011654 -1.63778591
v -0.66274184 1.19652545 -1.75331664
v -0.64912814 1.20223665 -1.73797238
v -0.63048261 1.24045777 -1.66581035
v -0.63622451 1.23092616 -1.67580152
v -0.62775409 1.25042033 -1.65813971
v -0.68799257 1.20069051 -1.72996771
v -0.70020860 1.19281375 -1.74436927
v -0.66451436 1.22076416 -1.70103836
v -0.67613941 1.21033418 -1.71539748
v -0.62421566 1.23966944 -1.75201595
v -0.59358013 1.25274634 -1.65590107
v -0.60430640 1.25178611 -1.65295708
v -0.59084612 1.24344087 -1.66477633
v -0.64109957 1.30039108 -1.63652468
v -0.63453650 1.28400087 -1.64235663
v -0.58143425 1.24231219 -1.67612648
v -0.64942712 1.32124388 -1.62818885
v -0.59617013 1.28544521 -1.71883345
v -0.59383202 1.30452037 -1.70769548
v -0.59249955 1.30969238 -1.70101011
v -0.70793504 1.23284090 -1.79487348
v -0.66900915 1.27523398 -1.73267603
v -0.64809579 1.27850175 -1.69281745
v -0.64938277 1.26806557 -1.68406665
v -0.58441263 1.25569093 -1.66014111
v -0.58760858 1.26606202 -1.65112340
v -0.59715664 1.26379299 -1.64744413
v -0.64338487 1.30226278 -1.68419826
v -0.64686102 1.29451871 -1.67312098
v -0.71280986 1.18604302 -1.75808692
v -0.64423203 1.28830874 -1.67444253
v -0.60692334 1.27849054 -1.73097873
v -0.70117289 1.51014090 -1.43110812
v -0.71200639 1.33440816 -1.60733378
v -0.76094657 1.30479062 -1.60424840
v -0.74268812 1.31040812 -1.60543036
v -0.69312376 1.38812447 -1.60301077
v -0.69004953 1.39862645 -1.59996390
v -0.68274689 1.42687786 -1.59294593
v -0.67874825 1.43538916 -1.59164238
v -0.71654439 1.36762071 -1.61921430
v -0.73054868 1.72169113 -1.51302075
v -0.73108155 1.71452546 -1.51097345
v -0.72676504 1.73436546 -1.51269281
v -0.85389405 1.17596292 -1.58151376
v -0.74267936 1.71145463 -1.52021766
v -0.74389434 1.70295143 -1.51820540
v -0.74116510 1.70717740 -1.52246499
v -0.74411958 1.71296287 -1.52056825
v -0.74428761 1.71415186 -1.52076757
v -0.73360348 1.73870325 -1.51962185
v -0.73366904 1.70644522 -1.50985587
v -0.73732412 1.69819236 -1.51114357
v -0.74144703 1.72702789 -1.52390623
v -0.67323685 1.16418397 -1.46353972
v -0.68809754 1.16275859 -1.44590116
v -0.68273008 1.14293218 -1.44375682
v -0.66686755 1.14473033 -1.46324587
v -0.67843813 1.12385440 -1.44125080
v -0.61886626 1.09469938 -1.54673529
v -0.62422317 1.09945595 -1.57400775
v -0.62685126 1.12225020 -1.57130527
v -0.62210947 1.11812162 -1.54549623
v -0.64078826 1.14254510 -1.59078157
v -0.63190526 1.14165306 -1.56678104
v -0.63785368 1.12497807 -1.59586179
v -0.65511739 1.12301123 -1.61630297
v -0.65711045 1.14129865 -1.61112285
v -0.67606956 1.11666894 -1.63078427
v -0.67737347 1.13707757 -1.62609184
v -0.69795448 1.10765362 -1.63941467
v -0.72202915 1.09909105 -1.64304948
v -0.74579328 1.06483722 -1.64177907
v -0.77144802 1.08214283 -1.63260508
v -0.74718350 1.09070826 -1.64008701
v -0.81455666 1.07141304 -1.61286235
v -0.79442650 1.07507861 -1.62334394
v -0.84696138 1.07188141 -1.59305167
v -0.83233774 1.07060945 -1.60290587
v -0.75802177 1.50870013 -1.58016837
v -0.69740826 1.58078337 -1.51234126
v -0.69029552 1.57736182 -1.52015233
v -0.70079046 1.57992542 -1.54025352
v -0.64948171 1.53327107 -1.50631869
v -0.65680510 1.55071425 -1.51685631
v -0.66132975 1.54384863 -1.49543369
v -0.65545827 1.52767241 -1.48820674
v -0.69317853 1.57436299 -1.49520600
v -0.69826961 1.57635605 -1.49115324
v -0.68608457 1.57137442 -1.49917781
v -0.69211626 1.55575871 -1.46405900
v -0.68682522 1.56358969 -1.48039699
v -0.67741346 1.57140160 -1.57632589
v -0.66179883 1.56393814 -1.56004381
v -0.65798515 1.55998111 -1.57149601
v -0.67267436 1.56635571 -1.58858955
v -0.63765395 1.51930571 -1.52929258
v -0.63399309 1.50355101 -1.52313697
v -0.63145787 1.50363052 -1.53475440
v -0.63484567 1.51830959 -1.54101729
v -0.65935832 1.53389609 -1.62109637
v -0.64558631 1.53351855 -1.60622597
v -0.64015275 1.51881874 -1.61669469
v -0.65369731 1.51791823 -1.62965620
v -0.64027756 1.53270495 -1.54933989
v -0.63988656 1.41208959 -1.46836638
v -0.63295418 1.42127109 -1.48390901
v -0.63035345 1.43019116 -1.49919915
v -0.62969804 1.45000958 -1.53278756
v -0.62951189 1.44517994 -1.52508736
v -0.63117415 1.43125606 -1.53022051
v -0.62804514 1.45381939 -1.53966844
v -0.62662840 1.45439196 -1.54872978
v -0.70388216 1.45962107 -1.62283587
v -0.71053654 1.46690011 -1.62015295
v -0.70429641 1.48877752 -1.62607789
v -0.62851197 1.44408560 -1.56632662
v -0.62917656 1.44912243 -1.55884624
v -0.63243705 1.44334459 -1.56012058
v -0.63157934 1.43955827 -1.56658030
v -0.68247920 1.57502031 -1.56484020
v -0.63136792 1.51322627 -1.60444450
v -0.63675523 1.52588940 -1.59342408
v -0.62996823 1.51496172 -1.58384442
v -0.62520105 1.50362182 -1.59508586
v -0.62129372 1.49604833 -1.58627498
v -0.62524670 1.50526083 -1.57516468
v -0.62236720 1.49518371 -1.56800163
v -0.61903596 1.48794842 -1.57872665
v -0.62479568 1.44992113 -1.56646323
v -0.62656140 1.45607281 -1.55789268
v -0.66744310 1.49166262 -1.64353859
v -0.68807644 1.55299628 -1.61414647
v -0.70648712 1.53611362 -1.61939597
v -0.71123320 1.54534137 -1.61114013
v -0.69250548 1.56189811 -1.60347021
v -0.66459012 1.42365861 -1.58794808
v -0.67413980 1.42851114 -1.59472156
v -0.65644491 1.41916072 -1.58098435
v -0.64169800 1.43360126 -1.56453705
v -0.64866740 1.41771901 -1.57509756
v -0.70000368 1.43765712 -1.61742449
v -0.69882834 1.44889832 -1.62693179
v -0.71692950 1.51147151 -1.61626291
v -0.72228885 1.52086627 -1.61008477
v -0.64936876 1.49986005 -1.63759375
v -0.63554484 1.50152516 -1.62647629
v -0.62464345 1.43536830 -1.57217848
v -0.62806755 1.43058705 -1.57112491
v -0.62364119 1.42271328 -1.57596576
v -0.63753879 1.42957938 -1.55571854
v -0.63638490 1.43856561 -1.56182849
v -0.66874206 1.55888629 -1.59980249
v -0.62637538 1.49801517 -1.61400342
v -0.62067229 1.49083209 -1.60392892
v -0.62846756 1.51182365 -1.56381714
v -0.63387930 1.52352691 -1.57195508
v -0.63721222 1.52926373 -1.56056404
v -0.63158852 1.51599884 -1.55240440
v -0.61486286 1.47781110 -1.58834648
v -0.61483389 1.46770704 -1.58363545
v -0.62810844 1.50269592 -1.54618299
v -0.62524438 1.50005901 -1.55716538
v -0.62082326 1.44141054 -1.57342052
v -0.72637719 1.52800465 -1.60311556
v -0.73396283 1.50316989 -1.60280013
v -0.74096030 1.50777531 -1.59647858
v -0.72236049 1.48618317 -1.61309719
v -0.72779351 1.49570918 -1.60745335
v -0.71692568 1.47492719 -1.61768186
v -0.74891186 1.50827634 -1.58938754
v -0.58237296 1.24783826 -1.66803479
v -0.62700135 1.41749668 -1.57504880
v -0.62097341 1.40897250 -1.58147776
v -0.61881274 1.41552329 -1.58214974
v -0.59846658 1.37890744 -1.62023377
v -0.87882811 1.67097807 -1.54794908
v -0.88052881 1.67677069 -1.54828811
v -0.87983215 1.69634175 -1.54612184
v -0.87907517 1.69968963 -1.54531801
v -0.57758754 1.27145875 -1.69369388
v -0.57999951 1.26614308 -1.70028698
v -0.60896569 1.24538374 -1.73750544
v -0.63100022 1.25409698 -1.75511396
v -0.61508900 1.26067853 -1.74156535
v -0.64615422 1.28734064 -1.73527515
v -0.65414900 1.28601050 -1.72330296
v -0.65955716 1.25712395 -1.69286454
v -0.62368864 1.21594632 -1.70483911
v -0.74916106 1.22362339 -1.80304468
v -0.74239796 1.21972895 -1.81117761
v -0.75961047 1.21385050 -1.81931639
v -0.76596081 1.21644807 -1.81033731
v -0.78214210 1.21013188 -1.81783366
v -0.78547430 1.20591116 -1.80925918
v -0.77038485 1.21373999 -1.80177069
v -0.78507984 1.19858921 -1.80371881
v -0.77106494 1.20707500 -1.79516876
v -0.78224498 1.19000828 -1.80053091
v -0.77918130 1.18170846 -1.80041540
v -0.76654124 1.19022179 -1.79029632
v -0.76915509 1.19891310 -1.79126811
v -0.74988073 1.18996704 -1.77940607
v -0.76292342 1.18163896 -1.79152536
v -0.75842088 1.17366910 -1.79371357
v -0.74543339 1.18057227 -1.78059006
v -0.76100141 1.16069031 -1.81664896
v -0.75725156 1.16229975 -1.82347500
v -0.74236929 1.16704118 -1.81126273
v -0.74670643 1.16520083 -1.80402315
v -0.72319895 1.18400288 -1.81257892
v -0.72413945 1.17671227 -1.80582023
v -0.73988038 1.17213273 -1.81861377
v -0.73900449 1.17935336 -1.82502890
v -0.75318778 1.17527568 -1.83723497
v -0.75603670 1.18447804 -1.83977556
v -0.74066931 1.18791831 -1.82857943
v -0.71579832 1.23783863 -1.78819728
v -0.73218030 1.23036671 -1.79564714
v -0.73813075 1.22966707 -1.78623891
v -0.75562114 1.20802712 -1.78147626
v -0.74167210 1.21727133 -1.77168393
v -0.74114305 1.22501123 -1.77790761
v -0.75611490 1.21591926 -1.78649426
v -0.71971768 1.19504154 -1.75462127
v -0.73696101 1.19808388 -1.76719272
v -0.73248667 1.18789625 -1.76785898
v -0.75331885 1.19928443 -1.77954423
v -0.73988861 1.20808542 -1.76848853
v -0.73905110 1.17333293 -1.78437424
v -0.75262511 1.16776490 -1.79786372
v -0.73504001 1.21213222 -1.81617284
v -0.72879022 1.20304811 -1.81849897
v -0.74595922 1.19747519 -1.82842565
v -0.75231743 1.20654750 -1.82536089
v -0.72592646 1.17965198 -1.77123582
v -0.71143800 1.20878255 -1.80884838
v -0.71746272 1.21798801 -1.80732095
v -0.72453809 1.19332457 -1.81724679
v -0.70775896 1.19858527 -1.80627322
v -0.76870614 1.20178819 -1.83381033
v -0.77618569 1.20854461 -1.82715738
v -0.72490865 1.22612643 -1.80294132
v -0.73253566 1.17043138 -1.79066157
v -0.72704822 1.17169499 -1.79833913
v -0.71224844 1.17668307 -1.78546226
v -0.71863109 1.17596745 -1.77764058
v -0.69040334 1.19436026 -1.78863335
v -0.70869762 1.18188834 -1.79331386
v -0.70708400 1.18932748 -1.80049658
v -0.75420016 1.16760945 -1.83089852
v -0.69038510 1.20386696 -1.79533124
v -0.84431452 1.16189396 -1.84869444
v -0.83932275 1.16300392 -1.84047747
v -0.84935021 1.16685855 -1.83809161
v -0.85334384 1.16615045 -1.84671319
v -0.84147900 1.17037773 -1.81766498
v -0.83832216 1.17988634 -1.81227005
v -0.85060740 1.18317866 -1.81482196
v -0.85312188 1.17509580 -1.81936586
v -0.86012822 1.17201948 -1.84611022
v -0.85691851 1.17165124 -1.83726561
v -0.86153728 1.17851448 -1.84550238
v -0.86457324 1.17951012 -1.85635090
v -0.86446363 1.17267156 -1.85374975
v -0.86893439 1.17909074 -1.86398602
v -0.85612440 1.18607521 -1.86071825
v -0.86315936 1.18230557 -1.87061763
v -0.83585578 1.17849112 -1.87542641
v -0.82819349 1.17233491 -1.87868452
v -0.83925277 1.16753542 -1.88677812
v -0.84729350 1.17377448 -1.88265562
v -0.82408470 1.15376103 -1.88614643
v -0.83237350 1.16039562 -1.88720989
v -0.82168514 1.16635656 -1.87922800
v -0.81487983 1.16007316 -1.87859607
v -0.83100981 1.15536559 -1.85284364
v -0.82421142 1.15587103 -1.84570491
v -0.82973820 1.15928066 -1.84377372
v -0.83576924 1.15837002 -1.85112083
v -0.86490303 1.18654764 -1.84052384
v -0.85581702 1.18862700 -1.84658766
v -0.86007828 1.18431616 -1.84869874
v -0.86614001 1.18316340 -1.84014773
v -0.80295247 1.14864612 -1.83024931
v -0.79431373 1.15394020 -1.82390344
v -0.79899281 1.15998340 -1.82104468
v -0.80603153 1.15432692 -1.82741523
v -0.81762391 1.17485046 -1.81085360
v -0.80876988 1.17333770 -1.81288981
v -0.80740803 1.18749630 -1.81171536
v -0.81597751 1.18826294 -1.81282878
v -0.82728565 1.17692184 -1.81075239
v -0.82450384 1.18934989 -1.81351304
v -0.83551669 1.19019914 -1.81530499
v -0.84856749 1.19141388 -1.81756032
v -0.78738672 1.14879584 -1.82941115
v -0.79245955 1.14336407 -1.83449650
v -0.90560859 1.15532815 -1.88907695
v -0.90357417 1.15018499 -1.89007401
v -0.89965838 1.15274334 -1.88713169
v -0.90169275 1.15791917 -1.88607311
v -0.78239685 1.14990640 -1.84948456
v -0.78252727 1.15739894 -1.85548329
v -0.77750462 1.15825725 -1.85021508
v -0.77878404 1.15160239 -1.84343231
v -0.78708959 1.14675534 -1.85653841
v -0.78856534 1.15584934 -1.86200595
v -0.90499997 1.16253757 -1.89914083
v -0.90656817 1.16233778 -1.89431465
v -0.90193075 1.16487730 -1.89212334
v -0.89994824 1.16496611 -1.89702749
v -0.85911959 1.16566408 -1.85339379
v -0.85095233 1.16094398 -1.85509038
v -0.87119013 1.16044700 -1.86609423
v -0.85966647 1.15951443 -1.86120248
v -0.86615705 1.16601849 -1.85870886
v -0.87320310 1.16635942 -1.86394739
v -0.84295130 1.14873362 -1.86615813
v -0.83508688 1.15146804 -1.86022174
v -0.84187293 1.15534699 -1.85951614
v -0.85015577 1.15245461 -1.86535478
v -0.82770354 1.14181304 -1.86092353
v -0.83466512 1.13943183 -1.86729515
v -0.83077908 1.13398373 -1.86761105
v -0.82502723 1.13653755 -1.86175716
v -0.85202587 1.13867521 -1.87855828
v -0.85773927 1.13712168 -1.88576508
v -0.85364181 1.13404286 -1.88707209
v -0.84820515 1.13501930 -1.87962055
v -0.77265364 1.15926862 -1.84595287
v -0.77422613 1.15389490 -1.83840203
v -0.81068271 1.13930392 -1.88251674
v -0.80679977 1.13221359 -1.87686229
v -0.81209391 1.12602353 -1.88286889
v -0.81598473 1.13363695 -1.88855386
v -0.78570253 1.16623259 -1.85933948
v -0.77973312 1.16739786 -1.85484087
v -0.90239447 1.15976501 -1.90344238
v -0.89726198 1.16227901 -1.90144515
v -0.83202678 1.19563484 -1.82423353
v -0.84628075 1.19615722 -1.82540941
v -0.82072634 1.19528341 -1.82292891
v -0.81299752 1.19549489 -1.82163477
v -0.80586493 1.19734347 -1.81905055
v -0.86101466 1.15515494 -1.86639714
v -0.84219366 1.15799427 -1.85556531
v -0.82770091 1.15247643 -1.85319698
v -0.81210536 1.12912059 -1.85700977
v -0.80678326 1.13107646 -1.85218883
v -0.81432623 1.13651621 -1.85021865
v -0.81736785 1.13400888 -1.85598779
v -0.80750901 1.12602353 -1.87027490
v -0.81264406 1.12474298 -1.86582136
v -0.81794596 1.12131560 -1.87140977
v -0.81300157 1.12113059 -1.87604833
v -0.86483657 1.19107831 -1.83928692
v -0.85340321 1.19290996 -1.84157825
v -0.78533995 1.14418900 -1.84205294
v -0.78187841 1.14812613 -1.83618498
v -0.77773601 1.15218782 -1.83129573
v -0.81485331 1.15418291 -1.83630657
v -0.80828267 1.15760553 -1.82551146
v -0.81272668 1.16045272 -1.82273650
v -0.81814343 1.15678370 -1.83536983
v -0.83464986 1.16269875 -1.82948995
v -0.82977146 1.16604781 -1.81784630
v -0.84568900 1.16686213 -1.82799184
v -0.80282217 1.16524434 -1.81753504
v -0.79230744 1.16489959 -1.81685114
v -0.79673034 1.17116129 -1.81350040
v -0.78741926 1.15870464 -1.82081771
v -0.78227568 1.15388489 -1.82553673
v -0.78530103 1.16865802 -1.81159520
v -0.78936660 1.17549598 -1.80843735
v -0.78023922 1.16269302 -1.81607223
v -0.77573293 1.15837634 -1.82088983
v -0.76415128 1.17232358 -1.84600377
v -0.76476383 1.16316938 -1.83985436
v -0.77293009 1.16915059 -1.85082507
v -0.79749578 1.19235992 -1.80959058
v -0.80152643 1.17894125 -1.81134784
v -0.79348749 1.18325031 -1.80792987
v -0.79764229 1.20066869 -1.81535316
v -0.86089402 1.17838430 -1.82076073
v -0.86833078 1.18033957 -1.82195020
v -0.86847287 1.17723668 -1.82849872
v -0.86162060 1.17576194 -1.82847738
v -0.87388104 1.17718542 -1.87080240
v -0.87501824 1.17272377 -1.86563826
v -0.86949927 1.17317820 -1.85966647
v -0.80638117 1.14261270 -1.83762872
v -0.79701322 1.13784909 -1.84103703
v -0.87027317 1.15610671 -1.86998415
v -0.89412528 1.16781306 -1.89378047
v -0.89644295 1.16750932 -1.88864851
v -0.88668019 1.17175031 -1.88157201
v -0.88442558 1.17219007 -1.88767385
v -0.87433815 1.15345025 -1.87975943
v -0.87604541 1.15632033 -1.87439823
v -0.88244814 1.15419626 -1.87883770
v -0.88072151 1.15259147 -1.88470459
v -0.84786040 1.12950969 -1.88586295
v -0.84341246 1.13011026 -1.87986743
v -0.85941964 1.16562939 -1.88710427
v -0.86391956 1.17544198 -1.88332903
v -0.85462552 1.18072641 -1.87740195
v -0.83820146 1.14411902 -1.86694348
v -0.84531754 1.14120936 -1.87257111
v -0.84173423 1.13695598 -1.87338901
v -0.86217338 1.15290272 -1.86967313
v -0.86822432 1.15302908 -1.87327421
v -0.86281401 1.14965498 -1.87425590
v -0.85632306 1.15049577 -1.86965489
v -0.79998821 1.13833213 -1.87047338
v -0.80122226 1.12993979 -1.86211121
v -0.90662235 1.15970564 -1.89075160
v -0.90255129 1.16235328 -1.88811660
v -0.76755929 1.15791607 -1.83246839
v -0.77178574 1.15640152 -1.82594800
v -0.83093768 1.14712846 -1.86046612
v -0.84441704 1.18423772 -1.86956298
v -0.82453305 1.14883423 -1.85314763
v -0.83373463 1.13610959 -1.89373100
v -0.83270782 1.12954974 -1.89066851
v -0.83938688 1.12863231 -1.89364898
v -0.83890623 1.13336110 -1.89809418
v -0.88930523 1.15016723 -1.89205980
v -0.89189070 1.15134847 -1.88642704
v -0.89697963 1.14912415 -1.89108729
v -0.89456290 1.14827132 -1.89634109
v -0.87721056 1.16044593 -1.87068701
v -0.87879139 1.16578555 -1.86899889
v -0.88602418 1.16354978 -1.87438607
v -0.88431096 1.15818381 -1.87529385
v -0.88000292 1.17104197 -1.87140107
v -0.88711101 1.16863966 -1.87686872
v -0.88784450 1.15277576 -1.89799714
v -0.88846093 1.15907288 -1.90051651
v -0.87870181 1.16245937 -1.89436328
v -0.87941062 1.15558386 -1.89135027
v -0.80584431 1.16559196 -1.87123132
v -0.80022413 1.15898657 -1.87073815
v -0.80869001 1.15270567 -1.87785053
v -0.81699717 1.14610195 -1.88476896
v -0.82562810 1.13891709 -1.88936353
v -0.83278668 1.14772487 -1.89262557
v -0.80373168 1.14639521 -1.87580061
v -0.86796921 1.15549612 -1.88747001
v -0.87000024 1.16314316 -1.88854754
v -0.86478752 1.15829647 -1.89144194
v -0.82068807 1.14267278 -1.85332310
v -0.89723480 1.16492319 -1.88433766
v -0.80490774 1.19739151 -1.84113097
v -0.79793721 1.19258809 -1.84941590
v -0.80523843 1.18915892 -1.85499263
v -0.81239200 1.19518745 -1.84468150
v -0.89430374 1.15499020 -1.88279653
v -0.89651817 1.15998363 -1.88189602
v -0.83919877 1.12582922 -1.88208342
v -0.84369045 1.12623656 -1.88713360
v -0.84096336 1.12467468 -1.88997614
v -0.83630073 1.12378156 -1.88676119
v -0.79588729 1.15243340 -1.86904645
v -0.81625873 1.12142801 -1.88706219
v -0.81897408 1.12922394 -1.89276123
v -0.79221261 1.16377711 -1.86453331
v -0.79768711 1.17086911 -1.86485100
v -0.79123479 1.17486930 -1.85972261
v -0.84471673 1.15256429 -1.89341426
v -0.81172794 1.17144108 -1.87143421
v -0.80298507 1.17651320 -1.86455572
v -0.79665238 1.18169951 -1.85847449
v -0.79076248 1.18514383 -1.85383844
v -0.78512347 1.17751384 -1.85558689
v -0.89120263 1.16496611 -1.89850736
v -0.89457589 1.15671980 -1.90347064
v -0.77754992 1.18034208 -1.85129464
v -0.76803666 1.18292570 -1.84721529
v -0.77412194 1.19066024 -1.84450483
v -0.78331387 1.18796325 -1.84938192
v -0.80944759 1.18211734 -1.86298513
v -0.81581134 1.18723571 -1.85989153
v -0.81790954 1.17699027 -1.87066567
v -0.82530648 1.18249965 -1.86784744
v -0.85006589 1.16176057 -1.89276874
v -0.90579665 1.14662790 -1.90747905
v -0.89887279 1.14930189 -1.90379012
v -0.89920294 1.14610529 -1.89966726
v -0.90582335 1.14352012 -1.90421379
v -0.89355725 1.15108681 -1.90122163
v -0.89983732 1.15453410 -1.90557837
v -0.83413059 1.18787777 -1.86136436
v -0.86835343 1.14957821 -1.88052535
v -0.82464671 1.19278324 -1.84967649
v -0.84581667 1.19108891 -1.85472965
v -0.84025520 1.19447458 -1.84552538
v -0.81729811 1.19810152 -1.83354354
v -0.82768744 1.19730604 -1.83484745
v -0.80256218 1.20110321 -1.82822943
v -0.80968302 1.19901037 -1.83115721
v -0.79416078 1.20460248 -1.82406116
v -0.84217024 1.19717026 -1.83484113
v -0.91133171 1.15126610 -1.89266884
v -0.90892702 1.14626217 -1.89414990
v -0.79755968 1.19990873 -1.83755386
v -0.78873175 1.20343375 -1.83324051
v -0.85501736 1.17173719 -1.82819009
v -0.81585914 1.14551330 -1.84529006
v -0.81873459 1.15015435 -1.84569538
v -0.80199349 1.13358557 -1.84729314
v -0.81100398 1.13899350 -1.84446657
v -0.78135478 1.19823027 -1.84028351
v -0.77556068 1.17397332 -1.80268216
v -0.77056712 1.16766036 -1.80635071
v -0.76190478 1.19324279 -1.83795214
v -0.91279274 1.15568268 -1.89419734
v -0.85762638 1.13830149 -1.89237475
v -0.85527092 1.13783932 -1.89308977
v -0.85965449 1.18527019 -1.81681550
v -0.86797887 1.18622375 -1.81969380
v -0.86717266 1.19460082 -1.82764697
v -0.86780280 1.19119978 -1.82221889
v -0.85872728 1.19207561 -1.81942701
v -0.85735446 1.19606113 -1.82612646
v -0.81296796 1.15152299 -1.83675957
v -0.81077367 1.14765930 -1.83750403
v -0.79312944 1.14305270 -1.86358976
v -0.79464310 1.13504720 -1.85589540
v -0.87922066 1.17463326 -1.87625957
v -0.86985606 1.17819786 -1.87738752
v -0.87624061 1.17490745 -1.88245916
v -0.88080174 1.16911495 -1.89245355
v -0.87038392 1.15294123 -1.88503778
v -0.87357116 1.15613842 -1.88624585
v -0.81996459 1.16302907 -1.82001567
v -0.82475215 1.15965962 -1.83292246
v -0.86162645 1.17620313 -1.83642149
v -0.86673361 1.17903686 -1.83637154
v -0.85000581 1.14619076 -1.87085462
v -0.85504997 1.14975405 -1.89838564
v -0.85848278 1.15724659 -1.89726841
v -0.85654765 1.14436579 -1.87596345
v -0.91173571 1.15853894 -1.90239286
v -0.91318899 1.15821099 -1.89761853
v -0.87219328 1.17172611 -1.88769150
v -0.83728200 1.13158417 -1.87375295
v -0.84881252 1.14476848 -1.89613724
v -0.85597861 1.14336443 -1.89659858
v -0.81691557 1.11863208 -1.88007760
v -0.79063803 1.19526029 -1.84509647
v -0.90093595 1.14625883 -1.89414585
v -0.90656382 1.14277112 -1.89847362
v -0.90659541 1.15109992 -1.90837801
v -0.90887457 1.15598869 -1.90653622
v -0.78937787 1.13960385 -1.84921026
v -0.82125026 1.15326464 -1.84595788
v -0.76537627 1.16283393 -1.81125450
v -0.85464436 1.19653225 -1.83425975
v -0.86586124 1.19460595 -1.83447671
v -0.86208963 1.14290011 -1.88155556
v -0.82625359 1.13142991 -1.89210248
v -0.83847839 1.14319646 -1.89750946
v -0.84260976 1.13984454 -1.90144801
v -0.84976417 1.14256704 -1.90016222
v -0.85427362 1.13987613 -1.89763665
v -0.91167796 1.14844751 -1.91103554
v -0.91412789 1.15310979 -1.90932369
v -0.91715950 1.15560627 -1.90554178
v -0.91813338 1.15523505 -1.90064836
v -0.91708964 1.15282536 -1.89708662
v -0.91084915 1.14442134 -1.91020334
v -0.91059250 1.14160252 -1.90690684
v -0.91099888 1.14097977 -1.90133834
v -0.91499656 1.14202845 -1.91237366
v -0.91685337 1.14563036 -1.91374755
v -0.92759866 1.14987171 -1.90973282
v -0.92263836 1.15249658 -1.90886140
v -0.92371327 1.15009987 -1.91167498
v -0.92675829 1.14866972 -1.91279078
v -0.92990154 1.14649224 -1.91452909
v -0.93086344 1.14680505 -1.91138625
v -0.92118233 1.14878654 -1.91309655
v -0.92429465 1.14679027 -1.91528296
v -0.92204124 1.14365184 -1.91605926
v -0.92533475 1.14161706 -1.91826928
v -0.92762595 1.14458609 -1.91751313
v -0.91984636 1.14600563 -1.91431272
v -0.91841149 1.15061450 -1.91157496
v -0.93276370 1.14368451 -1.91399229
v -0.93178380 1.14463460 -1.91601920
v -0.93059427 1.14253509 -1.91871715
v -0.93181723 1.14032960 -1.91722298
v -0.92233795 1.15264320 -1.90332198
v -0.92711318 1.14904177 -1.90613914
v -0.93062305 1.14528728 -1.90871072
v -0.93240768 1.14184690 -1.91159427
v -0.92637831 1.14634061 -1.90384829
v -0.92957717 1.14276052 -1.90725398
v -0.93089539 1.13993490 -1.90996802
v -0.92513317 1.14249372 -1.90314960
v -0.92840075 1.13997734 -1.90708125
v -0.91937596 1.14634550 -1.89848888
v -0.92109102 1.15034747 -1.89988375
v -0.92964834 1.13878870 -1.90935099
v -0.93137139 1.13853335 -1.91486180
v -0.92013496 1.14144647 -1.91570473
v -0.92396444 1.13908124 -1.91762996
v -0.91930479 1.13912976 -1.91444302
v -0.92351186 1.13693285 -1.91616964
v -0.92806298 1.13815475 -1.91883814
v -0.92803794 1.14039397 -1.91963649
v -0.91521960 1.14864564 -1.89553165
v -0.91277558 1.14397109 -1.89734983
v -0.91705418 1.14169312 -1.90007079
v -0.92280823 1.13828647 -1.90446877
v -0.91495657 1.13917983 -1.90399671
v -0.91466051 1.13958263 -1.90917277
v -0.91925102 1.13735843 -1.91189456
v -0.92012721 1.13655317 -1.90808070
v -0.92352402 1.13565540 -1.91367948
v -0.92445892 1.13553023 -1.91089725
v -0.92652053 1.13718271 -1.90839612
v -0.92724103 1.13557386 -1.91412115
v -0.92774129 1.13642716 -1.91667402
v -0.92994088 1.13744783 -1.91257560
v -0.92687756 1.13575041 -1.91211498
v -0.92844719 1.13712156 -1.91070533
v -0.89235061 1.13151944 -1.90556335
v -0.88942021 1.12700725 -1.90640700
v -0.88460135 1.13125563 -1.90293646
v -0.88753790 1.13547146 -1.90201330
v -0.89160901 1.14100361 -1.91389132
v -0.89401174 1.13903546 -1.90902841
v -0.88930488 1.14308357 -1.90618932
v -0.88668817 1.14482594 -1.91112077
v -0.88715869 1.13856113 -1.91768336
v -0.88203114 1.14216650 -1.91515183
v -0.88119209 1.14898884 -1.90703321
v -0.88391572 1.14704871 -1.90202451
v -0.87405860 1.15176988 -1.89344907
v -0.87174118 1.15448785 -1.89818418
v -0.86552668 1.13621390 -1.89149117
v -0.86360401 1.13598084 -1.89642251
v -0.89412338 1.13551021 -1.90636754
v -0.88935310 1.13944829 -1.90305614
v -0.87339300 1.13138103 -1.90472078
v -0.87602121 1.13169646 -1.90049529
v -0.88159442 1.12828314 -1.90544868
v -0.87906545 1.12772334 -1.90945220
v -0.87261319 1.14497876 -1.88754892
v -0.86892778 1.14011443 -1.88834548
v -0.87423605 1.14862597 -1.89001107
v -0.87175840 1.13387704 -1.90952539
v -0.87250590 1.13935053 -1.91248345
v -0.86292595 1.14587700 -1.90477347
v -0.86243278 1.13959813 -1.90193963
v -0.88388270 1.14332461 -1.89863396
v -0.87914383 1.13489962 -1.89770460
v -0.88219613 1.13914371 -1.89698195
v -0.87630248 1.14620566 -1.91136670
v -0.87833846 1.13528144 -1.91597176
v -0.88997847 1.12322402 -1.92138612
v -0.88294077 1.12709618 -1.91677809
v -0.88382775 1.12402523 -1.91320539
v -0.89071804 1.11979282 -1.91844666
v -0.87781829 1.13016653 -1.91337276
v -0.88364106 1.13227832 -1.91880834
v -0.89952868 1.12586486 -1.91078067
v -0.89646268 1.12148452 -1.91197288
v -0.90115029 1.12993455 -1.91136575
v -0.86655182 1.15281510 -1.90373230
v -0.89857215 1.13555884 -1.91800642
v -0.90085572 1.13324881 -1.91367793
v -0.88633090 1.12397027 -1.90905702
v -0.89305717 1.11887801 -1.91442299
v -0.89082223 1.12813234 -1.92294693
v -0.89410734 1.13375771 -1.92164612
v -0.89653832 1.12424779 -1.92616045
v -0.89979470 1.12924457 -1.92502356
v -0.90407920 1.13128352 -1.92185760
v -0.90572351 1.12943113 -1.91738498
v -0.90531558 1.12649739 -1.91496301
v -0.89545453 1.12000370 -1.92483878
v -0.89560169 1.11722517 -1.92199945
v -0.89715654 1.11640906 -1.91791177
v -0.90028000 1.11659586 -1.92831779
v -0.90201700 1.12008405 -1.93010819
v -0.91706347 1.12009120 -1.93054235
v -0.91377121 1.12376595 -1.92781794
v -0.91239268 1.12259412 -1.93069458
v -0.91582811 1.12037873 -1.93344188
v -0.90917295 1.12704206 -1.92618716
v -0.90956956 1.12433171 -1.92933321
v -0.90711558 1.12279785 -1.93066764
v -0.90980321 1.12075996 -1.93334937
v -0.90735602 1.11751747 -1.93355608
v -0.91035026 1.11517334 -1.93645918
v -0.91315007 1.11857486 -1.93659317
v -0.90524322 1.12005162 -1.93148828
v -0.91798323 1.11818922 -1.93583357
v -0.91860372 1.11648130 -1.93410218
v -0.90435821 1.12535048 -1.92856860
v -0.90977579 1.12645781 -1.92092144
v -0.91408223 1.12259102 -1.92440271
v -0.91703779 1.11823535 -1.92803001
v -0.91808832 1.11424518 -1.93175197
v -0.91341722 1.11953437 -1.92213118
v -0.91632712 1.11557710 -1.92630851
v -0.91702586 1.11259592 -1.92998779
v -0.91167480 1.11562705 -1.92116201
v -0.91484851 1.11269569 -1.92580795
v -0.90656775 1.12008679 -1.91677415
v -0.90867805 1.12376833 -1.91790271
v -0.91569740 1.11158788 -1.92883277
v -0.91739458 1.11344087 -1.93781006
v -0.91683745 1.11143422 -1.93514729
v -0.91666174 1.11632395 -1.93938231
v -0.90598398 1.11543965 -1.93257594
v -0.90938967 1.11287129 -1.93540502
v -0.90465516 1.11330175 -1.93176973
v -0.90866822 1.11078691 -1.93473005
v -0.91313905 1.11178350 -1.93813884
v -0.91315025 1.11387014 -1.93894529
v -0.90336585 1.12281990 -1.91414797
v -0.90022606 1.11888230 -1.91516674
v -0.90358901 1.11598301 -1.91768253
v -0.90863651 1.11169517 -1.92224491
v -0.90046567 1.11395276 -1.92057920
v -0.89970964 1.11441875 -1.92524195
v -0.90450686 1.11137080 -1.92914462
v -0.90564746 1.11029565 -1.92544079
v -0.90879279 1.10938799 -1.93233085
v -0.90976983 1.10868239 -1.92922950
v -0.91228741 1.10995770 -1.92683065
v -0.91259068 1.10885286 -1.93366766
v -0.91289622 1.10982299 -1.93641698
v -0.91572976 1.11024606 -1.93243480
v -0.91240132 1.10864246 -1.93119740
v -0.91433972 1.10981762 -1.93004453
v -0.87076706 1.11815453 -1.90811205
v -0.86774379 1.11384118 -1.90688884
v -0.86390549 1.11761308 -1.90423083
v -0.86721247 1.12166488 -1.90526402
v -0.86816114 1.12437046 -1.91709352
v -0.87057322 1.12378287 -1.91446292
v -0.86712748 1.12779260 -1.91122484
v -0.86413246 1.12915134 -1.91407990
v -0.86403316 1.12212050 -1.91919506
v -0.85923034 1.12663698 -1.91607749
v -0.86015064 1.13340354 -1.91073179
v -0.86370903 1.13148618 -1.90738583
v -0.85753435 1.13631344 -1.90088701
v -0.85389388 1.13881862 -1.90474033
v -0.87159258 1.12148428 -1.91128361
v -0.86815709 1.12514758 -1.90805650
v -0.85353488 1.11718631 -1.90277219
v -0.85642278 1.11801243 -1.90058374
v -0.86041993 1.11471212 -1.90506124
v -0.85776484 1.11408758 -1.90725720
v -0.85628265 1.13024914 -1.89314163
v -0.85253149 1.12652040 -1.89181042
v -0.85803437 1.13331914 -1.89669144
v -0.85133225 1.11935294 -1.90728760
v -0.85082585 1.12453675 -1.91157818
v -0.84408015 1.12957263 -1.90428317
v -0.84468395 1.12492633 -1.89942360
v -0.86482865 1.12840629 -1.90403223
v -0.86016411 1.12075543 -1.89958024
v -0.86363715 1.12489069 -1.90090919
v -0.85451585 1.13068271 -1.91252828
v -0.85558730 1.12092495 -1.91499412
v -0.86674130 1.10745990 -1.92049587
v -0.85981399 1.11257863 -1.91466510
v -0.86133164 1.11008346 -1.91065860
v -0.86765885 1.10485959 -1.91699028
v -0.85555977 1.11591685 -1.91118097
v -0.86052489 1.11714315 -1.91841269
v -0.87647206 1.11232245 -1.91297424
v -0.87348872 1.10814357 -1.91211033
v -0.87729919 1.11548710 -1.91585696
v -0.84784609 1.13596845 -1.90656424
v -0.84636045 1.12224317 -1.89462972
v -0.87469947 1.11810946 -1.92167449
v -0.87667423 1.11760235 -1.91902542
v -0.86398119 1.11060882 -1.90777230
v -0.86988157 1.10504699 -1.91350472
v -0.86751670 1.11166096 -1.92346168
v -0.87075239 1.11636698 -1.92386150
v -0.87200487 1.10781932 -1.92687929
v -0.87537122 1.11224699 -1.92705965
v -0.87935317 1.11415672 -1.92526424
v -0.88097626 1.11345363 -1.92214012
v -0.88099784 1.11148977 -1.91885698
v -0.87135482 1.10383844 -1.92422175
v -0.87201214 1.10192478 -1.92092645
v -0.87357748 1.10230255 -1.91699052
v -0.87451702 1.10098422 -1.92683876
v -0.87617427 1.10442042 -1.92970073
v -0.89114195 1.10395491 -1.93300533
v -0.88823944 1.10690916 -1.93041968
v -0.88667810 1.10587728 -1.93184137
v -0.88949627 1.10375881 -1.93461108
v -0.88354445 1.11026716 -1.92855883
v -0.88399786 1.10789716 -1.93055296
v -0.88115835 1.10677958 -1.93138444
v -0.88374400 1.10456192 -1.93382168
v -0.88080657 1.10169530 -1.93271291
v -0.88352191 1.09939897 -1.93522477
v -0.88656795 1.10219812 -1.93635297
v -0.87899649 1.10432196 -1.93146586
v -0.89100689 1.10197282 -1.93662214
v -0.89237887 1.10112023 -1.93552625
v -0.87889284 1.10894823 -1.92962098
v -0.88482350 1.11024046 -1.92465520
v -0.88888508 1.10657465 -1.92737460
v -0.89188069 1.10291934 -1.93041694
v -0.89254212 1.09972239 -1.93283153
v -0.88821709 1.10466337 -1.92435420
v -0.89112574 1.10113692 -1.92758024
v -0.89164686 1.09839392 -1.92992902
v -0.88645554 1.10209334 -1.92220855
v -0.88944733 1.09902120 -1.92587423
v -0.88237590 1.10587263 -1.91877985
v -0.88419622 1.10840178 -1.92124081
v -0.89032340 1.09764898 -1.92823315
v -0.89012784 1.09812236 -1.93711758
v -0.89017248 1.09639525 -1.93433714
v -0.88895702 1.10012579 -1.93830466
v -0.87907332 1.09996819 -1.93147767
v -0.88234437 1.09750521 -1.93383729
v -0.87838852 1.09804916 -1.92925596
v -0.88217485 1.09578502 -1.93200111
v -0.88580698 1.09662724 -1.93612742
v -0.88588959 1.09827065 -1.93715084
v -0.87957156 1.10874081 -1.91630411
v -0.87660927 1.10534322 -1.91542447
v -0.87954915 1.10280216 -1.91800070
v -0.88380563 1.09886992 -1.92166829
v -0.87657398 1.10006201 -1.91941500
v -0.87519503 1.09959412 -1.92330432
v -0.87892401 1.09675431 -1.92641580
v -0.88062805 1.09670532 -1.92325497
v -0.88265562 1.09474325 -1.92951632
v -0.88417518 1.09458470 -1.92698610
v -0.88705105 1.09640336 -1.92565536
v -0.88610327 1.09429002 -1.93140018
v -0.88584054 1.09505677 -1.93395734
v -0.88958120 1.09572113 -1.93133259
v -0.88629961 1.09436703 -1.92915630
v -0.88870949 1.09577191 -1.92870891
v -0.84884268 1.12378573 -1.89259720
v -0.83935994 1.10619915 -1.90165949
v -0.83680320 1.10376072 -1.89983320
v -0.83502805 1.10716820 -1.89727724
v -0.83729559 1.10951257 -1.89902902
v -0.83620393 1.11046600 -1.91082883
v -0.83939314 1.11036897 -1.90832734
v -0.83751088 1.11426318 -1.90542579
v -0.83404571 1.11471355 -1.90824747
v -0.83150470 1.10791063 -1.91087818
v -0.82906592 1.11205828 -1.90836239
v -0.83208108 1.11921167 -1.90443802
v -0.83586347 1.11845112 -1.90147078
v -0.83250958 1.12449431 -1.89480448
v -0.82851738 1.12629163 -1.89755487
v -0.82015783 1.11675429 -1.88314807
v -0.82397461 1.11757541 -1.88090491
v -0.82679540 1.11366296 -1.88607001
v -0.82289463 1.11274505 -1.88727450
v -0.84020406 1.10850644 -1.90489697
v -0.83837503 1.11209643 -1.90196669
v -0.82686174 1.10698712 -1.89396667
v -0.83054203 1.10802269 -1.89296818
v -0.83203834 1.10507214 -1.89674866
v -0.82877487 1.10388017 -1.89774311
v -0.82827240 1.11930954 -1.88069797
v -0.83258891 1.12147379 -1.88244510
v -0.83293223 1.11868382 -1.88819885
v -0.83036757 1.11567283 -1.88654113
v -0.83365846 1.12113786 -1.89112616
v -0.82413572 1.10815620 -1.89693618
v -0.82386655 1.11168897 -1.90130901
v -0.81913447 1.11805677 -1.89409101
v -0.82021803 1.11424077 -1.89016604
v -0.83670694 1.11564445 -1.89817572
v -0.83363974 1.11025250 -1.89350426
v -0.83607852 1.11298382 -1.89538252
v -0.82676417 1.11658406 -1.90472376
v -0.82635331 1.10775411 -1.90507686
v -0.83118236 1.09617889 -1.90741897
v -0.82802200 1.10114658 -1.90357840
v -0.83002901 1.10022140 -1.90033937
v -0.83269775 1.09538496 -1.90432417
v -0.82638913 1.10469580 -1.90080941
v -0.82846504 1.10399449 -1.90770257
v -0.84242094 1.10155213 -1.90546489
v -0.83965266 1.09907472 -1.90329254
v -0.84305865 1.10365462 -1.90856743
v -0.82250112 1.12419963 -1.89830613
v -0.83957928 1.10523176 -1.91427732
v -0.84236115 1.10508907 -1.91180611
v -0.83358800 1.10156035 -1.89925432
v -0.83602196 1.09674406 -1.90301299
v -0.83180052 1.09894061 -1.91132784
v -0.83500808 1.10289145 -1.91420412
v -0.83446258 1.09508145 -1.91454577
v -0.83755100 1.09905171 -1.91736960
v -0.84217376 1.10142708 -1.91704750
v -0.84477377 1.10164046 -1.91440606
v -0.84501678 1.10056877 -1.91114557
v -0.83393180 1.09250498 -1.91066599
v -0.83535397 1.09224665 -1.90769327
v -0.83803976 1.09394145 -1.90617812
v -0.83680874 1.09004295 -1.91350365
v -0.83777469 1.09210861 -1.91775608
v -0.85097140 1.09160364 -1.92292798
v -0.84879768 1.09458184 -1.92102981
v -0.84703887 1.09364414 -1.92206252
v -0.84928483 1.09152532 -1.92403412
v -0.84479588 1.09770513 -1.91948318
v -0.84456980 1.09575319 -1.92090344
v -0.84167528 1.09470606 -1.92078650
v -0.84392250 1.09248459 -1.92275429
v -0.84111363 1.09014034 -1.92124403
v -0.84360319 1.08731174 -1.92310047
v -0.84594572 1.09017348 -1.92498374
v -0.83998096 1.09218407 -1.92014647
v -0.85020590 1.08980584 -1.92574000
v -0.85163432 1.08884811 -1.92483497
v -0.84006435 1.09627163 -1.91949570
v -0.84681523 1.09843493 -1.91671884
v -0.84990770 1.09473276 -1.91914451
v -0.85213971 1.09092975 -1.92145014
v -0.85226601 1.08755887 -1.92278504
v -0.84960389 1.09409118 -1.91646326
v -0.85181940 1.09011650 -1.91915393
v -0.85178435 1.08704257 -1.92060006
v -0.84812498 1.09273505 -1.91370392
v -0.85049725 1.08907223 -1.91688991
v -0.84534782 1.09617364 -1.91055584
v -0.84671628 1.09781897 -1.91362810
v -0.85101354 1.08704019 -1.91890264
v -0.84921813 1.08598304 -1.92523623
v -0.85007375 1.08504915 -1.92290974
v -0.84766459 1.08789110 -1.92660332
v -0.84017968 1.08826089 -1.91924357
v -0.84314674 1.08538640 -1.92143035
v -0.83984071 1.08726346 -1.91624880
v -0.84355396 1.08448339 -1.91910136
v -0.84607089 1.08462393 -1.92359984
v -0.84530830 1.08604074 -1.92486143
v -0.84399521 1.09870636 -1.90816069
v -0.84127009 1.09625149 -1.90617478
v -0.84295523 1.09383225 -1.90856099
v -0.84585607 1.09062052 -1.91188335
v -0.84010267 1.09149599 -1.90866780
v -0.83788556 1.08989727 -1.91030478
v -0.84107977 1.08696091 -1.91374803
v -0.84322906 1.08820701 -1.91192508
v -0.84486824 1.08457851 -1.91707182
v -0.84651375 1.08560932 -1.91572618
v -0.84858465 1.08743465 -1.91557550
v -0.84800792 1.08416939 -1.91957569
v -0.84712976 1.08385611 -1.92153406
v -0.85029876 1.08513045 -1.92061806
v -0.84850121 1.08486068 -1.91812897
v -0.85001099 1.08575964 -1.91854334
v -0.81837839 1.11745143 -1.88627791
v -0.87603843 1.19081295 -1.84052503
v -0.87588876 1.18623698 -1.84186161
v -0.87751853 1.17782211 -1.82893062
v -0.87699229 1.17827356 -1.83540690
v -0.87795293 1.18131030 -1.82373214
v -0.87845808 1.19086337 -1.82417822
v -0.87863988 1.18630242 -1.82250631
v -0.87636441 1.18177450 -1.84040570
v -0.87679547 1.19428360 -1.83608794
v -0.87772101 1.19438589 -1.82925963
v -0.88667345 1.19457471 -1.83794761
v -0.88800853 1.19465840 -1.83104110
v -0.88864154 1.19083166 -1.82528770
v -0.88744694 1.18572974 -1.82347512
v -0.88559335 1.18079114 -1.82448876
v -0.88489074 1.19138801 -1.84244537
v -0.88368386 1.18639767 -1.84346700
v -0.88308042 1.18127227 -1.84082937
v -0.89353031 1.19157231 -1.84412575
v -0.89838529 1.19482458 -1.84068739
v -0.91020387 1.18981063 -1.82931685
v -0.90521342 1.18967414 -1.82798219
v -0.90605456 1.19281316 -1.83054388
v -0.91004270 1.19346941 -1.83100533
v -0.89944971 1.19078732 -1.82773399
v -0.90305173 1.19298625 -1.83076751
v -0.90291542 1.19485211 -1.83487725
v -0.90595239 1.19590676 -1.83520210
v -0.90276772 1.19565654 -1.83899808
v -0.90540951 1.19638133 -1.84052515
v -0.90993816 1.19684601 -1.83543324
v -0.91345495 1.19403791 -1.83232570
v -0.91381007 1.19631410 -1.83601916
v -0.91439480 1.19101179 -1.83194649
v -0.89837712 1.19418216 -1.83403969
v -0.89594483 1.18564332 -1.82477939
v -0.90366977 1.18566680 -1.82668209
v -0.90995175 1.18597412 -1.82932365
v -0.91401666 1.18703949 -1.83311856
v -0.90185326 1.18096340 -1.82811093
v -0.90853184 1.18226433 -1.83169031
v -0.91194427 1.18418276 -1.83508182
v -0.90004379 1.17848539 -1.83256030
v -0.90690953 1.18082964 -1.83526146
v -0.89047021 1.17736006 -1.82991827
v -0.89299184 1.18051744 -1.82553494
v -0.91002303 1.18269420 -1.83672595
v -0.91600126 1.19296932 -1.83712578
v -0.91495019 1.18874168 -1.83844411
v -0.90383285 1.19445300 -1.84369051
v -0.90914315 1.19680452 -1.84093952
v -0.90869725 1.19412959 -1.84398878
v -0.90148658 1.19106281 -1.84579051
v -0.90781933 1.19048023 -1.84540486
v -0.91305184 1.19405997 -1.84226239
v -0.91250139 1.19696879 -1.84026361
v -0.88393325 1.17780089 -1.82891023
v -0.88336319 1.17823505 -1.83513331
v -0.88940412 1.17823267 -1.83648062
v -0.89860135 1.17901385 -1.83833408
v -0.88953573 1.18162489 -1.84209943
v -0.89105755 1.18669808 -1.84503913
v -0.89996392 1.18652141 -1.84593105
v -0.89880294 1.18208754 -1.84345424
v -0.90682960 1.18664551 -1.84508073
v -0.90590614 1.18345714 -1.84295332
v -0.90602732 1.18145049 -1.83928156
v -0.91080636 1.18656397 -1.84266591
v -0.91245270 1.18998623 -1.84309053
v -0.91256255 1.18571150 -1.83905160
v -0.90927309 1.18448865 -1.84184480
v -0.90990627 1.18358541 -1.83932626
v -0.82156378 1.11902261 -1.87606418
v -0.82683903 1.12166309 -1.87510419
v -0.82274657 1.12410104 -1.86971545
v -0.81734866 1.12682712 -1.86339819
v -0.80846351 1.12691593 -1.86076224
v -0.82168573 1.13142252 -1.86236715
v -0.82708204 1.12852573 -1.86882234
v -0.83294880 1.12548769 -1.87610018
v -0.82100260 1.13778949 -1.85679436
v -0.82811946 1.74938393 -1.55200362
v -0.83158463 1.75067496 -1.55076814
v -0.82919902 1.74318814 -1.55116367
v -0.82627958 1.74305367 -1.55200219
v -0.83586109 1.74323583 -1.54794168
v -0.83261853 1.74306822 -1.54998219
v -0.83580828 1.75138950 -1.54836822
v -0.83946848 1.75068903 -1.54438722
v -0.84301364 1.74548900 -1.53726304
v -0.84437650 1.74382091 -1.53619623
v -0.84428293 1.74298882 -1.53716648
v -0.84288949 1.74320126 -1.53895903
v -0.84107566 1.74331284 -1.54221022
v -0.82214957 1.74508619 -1.55262363
v -0.82326031 1.74656498 -1.55261445
v -0.82550085 1.74792671 -1.55246973
v -0.83884984 1.74334383 -1.54534924
v -0.82384157 1.74334502 -1.55230355
v -0.82234859 1.74397671 -1.55241823
v -0.84172153 1.74834991 -1.54031360
v -0.83567208 1.74571037 -1.54815352
v -0.83221132 1.74534607 -1.55013633
v -0.83555669 1.74842453 -1.54827499
v -0.83889949 1.74819815 -1.54507208
v -0.84186959 1.74479675 -1.54018891
v -0.84067434 1.74517560 -1.54241848
v -0.82896173 1.74497032 -1.55117774
v -0.83863622 1.74566233 -1.54544163
v -0.83170104 1.74786949 -1.55029845
v -0.84109885 1.74706459 -1.54179299
v -0.84200639 1.74582005 -1.53960943
v -0.82306826 1.74506903 -1.55237889
v -0.82316381 1.74460888 -1.55232692
v -0.82655972 1.48949814 -1.53055930
v -0.83103478 1.47058415 -1.53703284
v -0.82853234 1.74711859 -1.55138457
v -0.82438105 1.74464345 -1.55220997
v -0.82634377 1.74479604 -1.55185997
v -0.82595718 1.74637032 -1.55200291
v -0.82411277 1.74565268 -1.55226517
v -0.67944020 1.38321817 -1.64425600
v -0.67411536 1.39202797 -1.65484500
v -0.62868387 1.40869248 -1.66231334
v -0.61286861 1.41098881 -1.65057909
v -0.81509387 1.21376061 -1.60125256
v -0.65362316 1.26711988 -1.51352441
v -0.64928728 1.28648949 -1.51211500
v -0.68046504 1.28229284 -1.44586861
v -0.66948688 1.27951598 -1.46077561
v -0.70758229 1.24674737 -1.60184443
v -0.70897323 1.26330125 -1.59978223
v -0.77176952 1.23424649 -1.60505056
v -0.77222914 1.25195312 -1.60213041
v -0.72783166 1.22607040 -1.61062908
v -0.66086596 1.23344219 -1.48553550
v -0.65474677 1.23199844 -1.50363982
v -0.65690464 1.25166392 -1.49851203
v -0.66194332 1.25424337 -1.48065937
v -0.69426388 1.28344798 -1.43498302
v -0.69726884 1.26159418 -1.43875432
v -0.68917358 1.28570080 -1.59141040
v -0.67001766 1.28931582 -1.57645988
v -0.65001470 1.29826617 -1.53502619
v -0.64718276 1.30440044 -1.51338804
v -0.64912409 1.31173551 -1.49354434
v -0.65503675 1.31876493 -1.47501540
v -0.79359996 1.26854491 -1.60008633
v -0.81225228 1.28583002 -1.59189022
v -0.71145344 1.28133893 -1.60009301
v -0.84858710 1.26495957 -1.57281983
v -0.65746063 1.34920204 -1.45695508
v -0.67003858 1.35197186 -1.43854702
v -0.65773910 1.29349566 -1.55677426
v -0.84236485 1.42796040 -1.56711602
v -0.83040357 1.43159056 -1.57866657
v -0.83807713 1.41522467 -1.58612096
v -0.84940654 1.41105068 -1.57384467
v -0.82689577 1.41803193 -1.59697556
v -0.81497967 1.41939259 -1.60654414
v -0.80306894 1.41966033 -1.61403918
v -0.76951915 1.41572380 -1.62589943
v -0.78015834 1.41751146 -1.62338066
v -0.74901146 1.40812874 -1.62783444
v -0.75933355 1.41293228 -1.62716782
v -0.73774213 1.39943600 -1.62695312
v -0.72510558 1.38978410 -1.62332332
v -0.70738077 1.39222276 -1.61214352
v -0.71179992 1.38001537 -1.61646295
v -0.73051441 1.37762022 -1.62725639
v -0.74350017 1.38868070 -1.63153625
v -0.75503612 1.39700866 -1.63244963
v -0.86349398 1.34200394 -1.57285333
v -0.86865491 1.36685359 -1.57213366
v -0.82374263 1.50783885 -1.52453387
v -0.63602406 1.20885217 -1.72163427
v -0.75421578 1.22190523 -1.79389024
v -0.71370262 1.54340696 -1.43716180
v -0.70188999 1.54921031 -1.44986761
v -0.67788213 1.56727183 -1.50318670
v -0.68211406 1.57432294 -1.52595675
v -0.68072987 1.55760980 -1.48012841
v -0.68747193 1.54753339 -1.46214163
v -0.73681402 1.29463935 -1.60286224
v -0.68862092 1.51581764 -1.44425917
v -0.68210274 1.53729856 -1.46030664
v -0.67398864 1.54817557 -1.47817528
v -0.66891754 1.55821347 -1.50207317
v -0.66973525 1.56854355 -1.53046823
v -0.66543752 1.56726766 -1.54717720
v -0.64789116 1.54699922 -1.55875111
v -0.64479178 1.54226172 -1.57002497
v -0.64105171 1.53506351 -1.58171391
v -0.65027362 1.54521513 -1.59498847
v -0.65420979 1.55378342 -1.58324194
v -0.61527234 1.44401550 -1.63345516
v -0.61015642 1.42602193 -1.63428831
v -0.60489249 1.41222036 -1.62946618
v -0.60246313 1.40192461 -1.62158144
v -0.60386330 1.39655089 -1.61105669
v -0.60852540 1.39522231 -1.60006642
v -0.61443055 1.40135837 -1.58979344
v -0.63212538 1.42583895 -1.57061863
v -0.63528353 1.43506575 -1.56722641
v -0.63831335 1.42308593 -1.55237901
v -0.63775742 1.41552997 -1.54918599
v -0.63635087 1.39158237 -1.53309023
v -0.63491195 1.37879193 -1.52437079
v -0.63427979 1.36436343 -1.51379657
v -0.63769478 1.13170934 -1.49945188
v -0.63058430 1.13479531 -1.51949155
v -0.63739938 1.15337181 -1.51815045
v -0.64425063 1.15050220 -1.49776506
v -0.67961723 1.18752503 -1.46322203
v -0.69485074 1.18632579 -1.44827569
v -0.64726645 1.15880036 -1.58496249
v -0.66186428 1.15725982 -1.60446954
v -0.63536298 1.15663743 -1.53994370
v -0.63876736 1.15820742 -1.56276417
v -0.68034416 1.15484416 -1.61964869
v -0.77211571 1.13045323 -1.63062096
v -0.79463077 1.12446165 -1.62648952
v -0.83474779 1.11729634 -1.61071587
v -0.85130417 1.11551237 -1.59923315
v -0.70145804 1.14953578 -1.62959075
v -0.81577790 1.11998749 -1.61997497
v -0.72415388 1.14292932 -1.63421798
v -0.74810606 1.13632762 -1.63353014
v -0.66763127 1.18916523 -1.47903955
v -0.66152632 1.16740584 -1.47972238
v -0.65232116 1.17024255 -1.49652505
v -0.66519576 1.42024708 -1.43389893
v -0.65376890 1.42474318 -1.44740748
v -0.64255553 1.43039024 -1.46126819
v -0.63817269 1.45688689 -1.47436190
v -0.63507873 1.43839991 -1.47650242
v -0.63138407 1.44621682 -1.49288034
v -0.63308722 1.46389723 -1.49017406
v -0.62965864 1.47322512 -1.51865315
v -0.62904948 1.45922792 -1.52073836
v -0.62863481 1.46272421 -1.52994430
v -0.62856477 1.47533345 -1.52868080
v -0.62684810 1.46488452 -1.53786790
v -0.62466019 1.46551895 -1.54748511
v -0.62470698 1.46379292 -1.55808365
v -0.62160075 1.45732474 -1.56751573
v -0.61826187 1.47762322 -1.57318521
v -0.62153924 1.48477662 -1.56250346
v -0.63124520 1.48834634 -1.51924133
v -0.63292551 1.48554516 -1.50544631
v -0.67420793 1.45321536 -1.43643486
v -0.68703473 1.44813037 -1.42478275
v -0.69693577 1.37568271 -1.60645723
v -0.68120569 1.37364364 -1.59469020
v -0.66746503 1.37425339 -1.58386290
v -0.65684211 1.37740815 -1.57233608
v -0.64837945 1.38307595 -1.56133521
v -0.64139909 1.39047277 -1.55039918
v -0.63659042 1.40792811 -1.54496408
v -0.63627845 1.40002859 -1.53973186
v -0.63341612 1.41908169 -1.53684437
v -0.63252622 1.41145337 -1.53008771
v -0.63009948 1.42387950 -1.52127731
v -0.62905473 1.43730617 -1.51374590
v -0.62946010 1.45340514 -1.50855005
v -0.63079995 1.46948171 -1.50525677
v -0.63604480 1.48179555 -1.49041343
v -0.64151627 1.47558641 -1.47579491
v -0.65307528 1.48689246 -1.46272564
v -0.65785092 1.50419974 -1.46637499
v -0.64908648 1.46844244 -1.46015882
v -0.64506799 1.44958377 -1.45866084
v -0.70469332 1.58381915 -1.50001538
v -0.70620787 1.57809019 -1.47872543
v -0.61200672 1.41688466 -1.59211957
v -0.61438870 1.41561139 -1.58817458
v -0.61429489 1.40958989 -1.58897090
v -0.61031455 1.40785968 -1.59619641
v -0.60697395 1.41002214 -1.60377169
v -0.60820180 1.42701256 -1.60323548
v -0.60974437 1.42012978 -1.59794044
v -0.60549396 1.41583407 -1.61161208
v -0.60643125 1.42512190 -1.61790276
v -0.60827166 1.43544197 -1.60868430
v -0.60896868 1.43621659 -1.62212777
v -0.60948676 1.44443548 -1.61300838
v -0.61235237 1.44872594 -1.62289667
v -0.61149544 1.45171285 -1.61575806
v -0.61718410 1.48527980 -1.59543025
v -0.61423963 1.47362339 -1.60371959
v -0.61221987 1.46137333 -1.61092722
v -0.61803651 1.44825196 -1.57566726
v -0.61513776 1.43927991 -1.58370173
v -0.61253440 1.42966533 -1.59104455
v -0.61059839 1.43740284 -1.59525204
v -0.61341971 1.44732559 -1.58778501
v -0.61576349 1.45738077 -1.57920671
v -0.66897017 1.43646061 -1.43417084
v -0.65646970 1.44263887 -1.44584060
v -0.62626112 1.47684121 -1.53846025
v -0.62429577 1.47707999 -1.54820287
v -0.62280637 1.47437406 -1.55888844
v -0.61926848 1.46721756 -1.56975603
v -0.62418944 1.48845887 -1.55195224
v -0.62672716 1.48965907 -1.54127455
v -0.62946206 1.48926985 -1.53045154
v -0.66047424 1.46042299 -1.44758105
v -0.68130875 1.43168640 -1.42161500
v -0.71022183 1.50050592 -1.62094831
v -0.70006323 1.52327061 -1.62613010
v -0.68270499 1.54012585 -1.62349403
v -0.66438788 1.54790449 -1.61143458
v -0.61630327 1.25396395 -1.65107644
v -0.69816113 1.23940217 -1.44225419
v -0.69766945 1.21543360 -1.44579029
v -0.68225604 1.21358967 -1.45908475
v -0.68166053 1.35132611 -1.42359114
v -0.67611152 1.41688251 -1.41913414
v -0.80424541 1.38985312 -1.63350749
v -0.81580734 1.39015603 -1.62824965
v -0.80998534 1.40497899 -1.62142766
v -0.79846090 1.40474439 -1.62676203
v -0.78188413 1.38910985 -1.63770735
v -0.79272920 1.38943744 -1.63675082
v -0.78699839 1.40393507 -1.63001800
v -0.77632570 1.40285325 -1.63200116
v -0.77135086 1.38769531 -1.63787961
v -0.76576805 1.40120769 -1.63258696
v -0.79653972 1.37305403 -1.64095974
v -0.80809242 1.37317681 -1.63782501
v -0.81961948 1.37385130 -1.63266754
v -0.77515346 1.37302029 -1.64140606
v -0.78512454 1.37326133 -1.64149821
v -0.86177176 1.62962103 -1.53766584
v -0.87264842 1.63692474 -1.54799700
v -0.88095754 1.68102682 -1.54790914
v -0.87941259 1.68473828 -1.54615688
v -0.81722623 1.53482425 -1.51335752
v -0.81753498 1.54745686 -1.51098108
v -0.86603385 1.38731849 -1.56876349
v -0.85349286 1.42242742 -1.55593991
v -0.84247714 1.43461549 -1.54880154
v -0.83594829 1.45165205 -1.54280937
v -0.82023901 1.52266634 -1.51897609
v -0.86056006 1.40547621 -1.56310976
v -0.60664982 0.96602225 -1.56937301
v -0.60601902 0.95092726 -1.54271495
v -0.60573852 0.97590709 -1.55022359
v -0.60641080 0.96391600 -1.53052330
v -0.62123728 1.04269302 -1.57399166
v -0.61598873 1.01648474 -1.56925488
v -0.62394613 1.07081842 -1.57486761
v -0.61266267 0.95643473 -1.50804520
v -0.62672907 0.95245206 -1.48520029
v -0.62374270 0.96996856 -1.47819173
v -0.61714631 1.06860626 -1.54848504
v -0.61467093 1.04147315 -1.54732537
v -0.60618848 0.98164213 -1.53739524
v -0.60946697 0.99366736 -1.56229401
v -0.60744834 0.99531889 -1.54105067
v -0.61239344 0.97246581 -1.50155187
v -0.60699087 0.97682112 -1.52245915
v -0.66005939 1.12505054 -1.46318471
v -0.67086977 1.10384262 -1.44187820
v -0.65325880 1.10498142 -1.46336949
v -0.62864470 1.13913274 -1.54292476
v -0.62494403 1.11461544 -1.52182996
v -0.60745943 0.99293625 -1.52032602
v -0.61210531 0.99086559 -1.49762535
v -0.62240028 0.99022627 -1.47320294
v -0.62598759 1.06313443 -1.47712529
v -0.62279183 1.03848457 -1.47302258
v -0.61489707 1.03840625 -1.49690926
v -0.61804777 1.06449842 -1.50033188
v -0.61955196 1.09144711 -1.52302182
v -0.61552566 1.06632233 -1.52357650
v -0.63224822 1.08601820 -1.48034918
v -0.62364352 1.08877754 -1.50118637
v -0.63047177 1.11103725 -1.50062215
v -0.61244684 1.03905523 -1.52227700
v -0.63872981 1.01388955 -1.44716525
v -0.62185180 1.01347733 -1.47112179
v -0.66280526 1.01481199 -1.42863071
v -0.63982147 1.10791087 -1.48146367
v -0.64788061 1.12869763 -1.48147357
v -0.65525556 1.14791989 -1.48035550
v -0.67007428 1.21311343 -1.47454095
v -0.69108981 0.73363423 -1.59600818
v -0.77923739 0.91744828 -1.51161480
v -0.76681858 0.92151976 -1.49935222
v -0.68193877 0.99743879 -1.65496838
v -0.62355870 0.98097086 -1.61336267
v -0.61376470 0.98909593 -1.58715832
v -0.79609138 0.92101336 -1.56576848
v -0.79452944 0.91547358 -1.54135823
v -0.71167761 0.98938811 -1.65873146
v -0.76026815 0.95106781 -1.63681614
v -0.78843284 0.91487682 -1.52437925
v -0.61076927 1.01635945 -1.54469240
v -0.60977989 1.01420450 -1.52093196
v -0.61297256 1.01326728 -1.49621522
v -0.63958663 0.99087632 -1.44949579
v -0.66521865 0.99418312 -1.43009996
v -0.82174957 0.98325270 -1.57640076
v -0.82830143 0.99376428 -1.57769144
v -0.83457786 0.99395031 -1.57218516
v -0.82893431 0.97983170 -1.56756258
v -0.77187532 1.10756207 -1.63224697
v -0.79460508 1.10128617 -1.62580657
v -0.83448535 1.09511662 -1.60836422
v -0.85007060 1.09473491 -1.59739852
v -0.69949305 1.13004637 -1.63507009
v -0.81600028 1.09735298 -1.61798847
v -0.72299981 1.12232351 -1.63870668
v -0.74781775 1.11449933 -1.63680804
v -0.48744890 0.35898358 -1.36502051
v -0.47868147 0.33217204 -1.35894370
v -0.46893749 0.33987421 -1.35180676
v -0.48044759 0.36670458 -1.35653055
v -0.45349759 0.38278031 -1.35595763
v -0.46502608 0.37733036 -1.35108626
v -0.44341093 0.38440096 -1.36493540
v -0.43384385 0.35647786 -1.35468984
v -0.43036485 0.35322124 -1.36564541
v -0.43773341 0.38184708 -1.37650609
v -0.43805954 0.37726623 -1.38743699
v -0.43412578 0.34369373 -1.38665485
v -0.44417852 0.33588320 -1.39821005
v -0.45086175 0.36179674 -1.40999532
v -0.44190806 0.37109208 -1.39775896
v -0.46460545 0.34892112 -1.41597271
v -0.45832059 0.32478940 -1.40459871
v -0.47999653 0.34140033 -1.41007638
v -0.49259305 0.35019916 -1.37681186
v -0.48633957 0.32381737 -1.37024963
v -0.44346359 0.35519153 -1.34632504
v -0.45480981 0.34920126 -1.34393191
v -0.47466308 0.37183988 -1.35178196
v -0.46219242 0.34452665 -1.34756851
v -0.46308810 0.31201816 -1.34488118
v -0.47578192 0.30608428 -1.35042751
v -0.43315953 0.32804644 -1.33610833
v -0.44472557 0.32156235 -1.33848405
v -0.42308572 0.32582444 -1.35547483
v -0.42315266 0.33030277 -1.34373772
v -0.42326167 0.31734812 -1.37908530
v -0.43159488 0.34877861 -1.37606728
v -0.42283601 0.32143843 -1.36730182
v -0.43484002 0.31128746 -1.39039516
v -0.45322412 0.30130780 -1.39839220
v -0.48426771 0.29913437 -1.36346161
v -0.45357260 0.31716418 -1.34202170
v -0.54087800 0.16716594 -1.47461927
v -0.54643410 0.16640180 -1.47072256
v -0.54551309 0.17152697 -1.47211182
v -0.54172701 0.17136103 -1.47468913
v -0.57397670 0.16806155 -1.45511043
v -0.58012897 0.16635245 -1.44498622
v -0.58199298 0.17695266 -1.44991207
v -0.57756597 0.17747909 -1.45694017
v -0.56108385 0.16562837 -1.46633005
v -0.55539954 0.16536134 -1.47132611
v -0.55414438 0.16269368 -1.46686101
v -0.55790085 0.16312689 -1.46365869
v -0.50775778 0.17641026 -1.47013330
v -0.50179547 0.17557102 -1.47217298
v -0.50162441 0.17316622 -1.46923470
v -0.50544101 0.17241842 -1.46742535
v -0.52866405 0.16913921 -1.47266090
v -0.52276474 0.16897970 -1.47460961
v -0.52240175 0.16622192 -1.47149503
v -0.52598429 0.16558999 -1.46965170
v -0.56135875 0.18776697 -1.44519925
v -0.57076949 0.18251485 -1.45354998
v -0.57794374 0.18253905 -1.44309103
v -0.57033914 0.19109458 -1.43407893
v -0.57844234 0.17492908 -1.43387127
v -0.57089049 0.16963881 -1.43652773
v -0.56272745 0.17335659 -1.42597544
v -0.56966764 0.18164271 -1.42384338
v -0.56353301 0.16771930 -1.44643033
v -0.55520856 0.17113549 -1.43730938
v -0.55324745 0.17702287 -1.44660270
v -0.56247115 0.17325920 -1.45768642
v -0.54133373 0.17549020 -1.46095896
v -0.54708689 0.16929692 -1.47012830
v -0.55263311 0.17568201 -1.46810603
v -0.54676616 0.18323666 -1.45949864
v -0.55906725 0.17580658 -1.46318150
v -0.55537599 0.18328220 -1.45277238
v -0.55527550 0.17404526 -1.44684327
v -0.56253856 0.16950625 -1.45772946
v -0.55605841 0.16522521 -1.45699239
v -0.54918593 0.16918665 -1.44646609
v -0.54288167 0.16878361 -1.45326138
v -0.54886967 0.16458434 -1.46280217
v -0.53066152 0.18285471 -1.46676338
v -0.53748262 0.17486292 -1.47207201
v -0.54336017 0.17506582 -1.46733975
v -0.53902102 0.18229109 -1.46073687
v -0.54595381 0.16767055 -1.46279764
v -0.54048818 0.16468996 -1.46431112
v -0.53522730 0.16881901 -1.45645809
v -0.54057080 0.17265016 -1.45590913
v -0.52791828 0.16937834 -1.46238792
v -0.53473210 0.16397327 -1.46881485
v -0.52709091 0.17617446 -1.46893740
v -0.53334200 0.16902107 -1.47372556
v -0.50861174 0.17831641 -1.46915638
v -0.51588458 0.17103404 -1.47278476
v -0.51936859 0.17632872 -1.47322428
v -0.51202190 0.18451315 -1.46897912
v -0.52472150 0.17729193 -1.47069001
v -0.51997560 0.18367738 -1.46621656
v -0.52763098 0.17331928 -1.46712720
v -0.52358764 0.16726667 -1.46498859
v -0.51785868 0.17114180 -1.46067226
v -0.52292031 0.17739528 -1.46378255
v -0.51754534 0.16694731 -1.46842670
v -0.51006442 0.17182487 -1.46373343
v -0.49166131 0.18872970 -1.46682930
v -0.48783618 0.18275291 -1.46441519
v -0.49521703 0.17915922 -1.47000492
v -0.49818659 0.18425554 -1.47068882
v -0.50361162 0.18386394 -1.46920347
v -0.49944556 0.18850845 -1.46600807
v -0.50615883 0.17979199 -1.46542430
v -0.50317448 0.17366141 -1.46273756
v -0.49865419 0.17593056 -1.45945966
v -0.50171107 0.18271428 -1.46380758
v -0.49712843 0.17386752 -1.46616340
v -0.49137297 0.17739481 -1.46115851
v -0.56141329 0.19781035 -1.42569304
v -0.54981917 0.19202989 -1.43882203
v -0.57526273 0.16710037 -1.44404697
v -0.56013441 0.18661278 -1.41503298
v -0.57116288 0.16598541 -1.44955826
v -0.54525894 0.17387658 -1.43171954
v -0.55285364 0.17733449 -1.41714978
v -0.55004740 0.17856401 -1.44107997
v -0.55653876 0.17085487 -1.47117257
v -0.53720301 0.17677850 -1.45242453
v -0.53121799 0.17270440 -1.44451678
v -0.56005031 0.17108625 -1.46806693
v -0.53590608 0.19012874 -1.45039606
v -0.51843828 0.19071656 -1.45655656
v -0.54314464 0.16337281 -1.46927786
v -0.53997296 0.16314501 -1.47154498
v -0.51461536 0.17353147 -1.45302260
v -0.52081412 0.17918760 -1.46341980
v -0.52351564 0.17259747 -1.47493160
v -0.50126100 0.18241471 -1.46445072
v -0.49755493 0.17602760 -1.45572746
v -0.52678597 0.17366236 -1.47369146
v -0.50009876 0.19368702 -1.46067262
v -0.50233895 0.17952043 -1.47154367
v -0.47864273 0.18810219 -1.45853901
v -0.48313692 0.17952079 -1.45500362
v -0.50554025 0.17994124 -1.47103381
v -0.48440510 0.19538552 -1.46145558
v -0.49395424 0.34233385 -1.38872397
v -0.48796219 0.31794614 -1.38229489
v -0.48916242 0.33883959 -1.39949358
v -0.47332311 0.31792176 -1.39986074
v -0.48278952 0.31528294 -1.39211869
v -0.48689011 0.29433715 -1.37839544
v -0.46975011 0.29455137 -1.39536738
v -0.48053655 0.29293567 -1.38909757
v -0.41348258 0.29862416 -1.37248099
v -0.42551568 0.29174894 -1.38549554
v -0.41495356 0.30264366 -1.35925627
v -0.41329303 0.31072932 -1.33459079
v -0.41345751 0.30732507 -1.34717250
v -0.49008071 0.27386600 -1.37846613
v -0.48343182 0.27781481 -1.36078393
v -0.48505732 0.27264780 -1.39193034
v -0.47094944 0.27467471 -1.39951229
v -0.55341715 0.20626563 -1.41304708
v -0.53882235 0.21294385 -1.39958215
v -0.53253388 0.22073632 -1.41421831
v -0.54186779 0.20698494 -1.42652094
v -0.51614004 0.21988398 -1.42449367
v -0.52633899 0.20434326 -1.43611288
v -0.49889606 0.21840888 -1.43111026
v -0.50912315 0.20410651 -1.44334769
v -0.48216328 0.21743482 -1.43634880
v -0.49153018 0.20455247 -1.44847679
v -0.46614718 0.21301407 -1.43878603
v -0.47592390 0.20347887 -1.45206809
v -0.45583519 0.20430452 -1.43930471
v -0.46704471 0.19497806 -1.45150042
v -0.55126250 0.19183892 -1.40199304
v -0.53647691 0.19860667 -1.39060497
v -0.54147387 0.18076247 -1.40429413
v -0.52556193 0.18617672 -1.39205134
v -0.52937686 0.17985708 -1.41519654
v -0.51339269 0.18563563 -1.40196967
v -0.45823613 0.19150132 -1.43386889
v -0.47150940 0.18322390 -1.44544232
v -0.51382756 0.17951924 -1.42565358
v -0.49854541 0.18697304 -1.41241944
v -0.49777845 0.17888993 -1.43367279
v -0.48299026 0.18694168 -1.42060602
v -0.48330158 0.17968148 -1.43973279
v -0.46903676 0.18749565 -1.42727077
v -0.51862675 0.23405200 -1.39898920
v -0.50591809 0.23833174 -1.41321921
v -0.48810899 0.23701829 -1.41911077
v -0.47062969 0.23299867 -1.42160273
v -0.45448762 0.22510260 -1.42215145
v -0.44404900 0.21592218 -1.42360258
v -0.45396942 0.25388390 -1.40787816
v -0.43978673 0.23720938 -1.40435052
v -0.43163726 0.22543353 -1.40520561
v -0.42338380 0.24887258 -1.38743663
v -0.41849738 0.23519880 -1.38705027
v -0.39861798 0.26422745 -1.35699379
v -0.39065850 0.24892920 -1.35608733
v -0.40351552 0.24439126 -1.37044418
v -0.40945050 0.25854927 -1.37059212
v -0.43486643 0.26497191 -1.39164114
v -0.41801560 0.27578038 -1.37553942
v -0.40901032 0.28236252 -1.36229455
v -0.38352379 0.25667232 -1.33031666
v -0.38426355 0.25263804 -1.34345627
v -0.39218107 0.26828843 -1.34568357
v -0.38890556 0.27305168 -1.33344436
v -0.39320838 0.27445894 -1.31713915
v -0.39082378 0.25673813 -1.31508744
v -0.41058671 0.26896650 -1.31045437
v -0.40676075 0.25285727 -1.30706704
v -0.40154451 0.29117751 -1.34009492
v -0.40496275 0.28654891 -1.35095143
v -0.40288180 0.29390824 -1.32580614
v -0.41824329 0.28887200 -1.32008445
v -0.43295869 0.28157443 -1.32692993
v -0.42728421 0.26176542 -1.31819844
v -0.42418319 0.24677509 -1.31183481
v -0.51985431 0.22115082 -1.38600600
v -0.51500368 0.20967311 -1.38130283
v -0.47773901 0.25680965 -1.40932131
v -0.49555311 0.25654989 -1.40132892
v -0.50097209 0.25260860 -1.38194978
v -0.50071704 0.23273534 -1.37042618
v -0.49226841 0.22023124 -1.36871839
v -0.47296080 0.22886199 -1.35574067
v -0.48122042 0.24023086 -1.35506344
v -0.50548792 0.20006996 -1.38192105
v -0.48378471 0.21384841 -1.37139249
v -0.46550372 0.22309572 -1.35824382
v -0.45822752 0.23500007 -1.34148407
v -0.46522352 0.24666828 -1.34176040
v -0.44632301 0.23946768 -1.33038497
v -0.45151913 0.25260633 -1.33351111
v -0.44014889 0.25702351 -1.32663298
v -0.43621159 0.24296504 -1.32105517
v -0.45576701 0.27115899 -1.33795941
v -0.44525686 0.27631372 -1.33277905
v -0.46919429 0.26437348 -1.34564257
v -0.48506317 0.25820202 -1.35933506
v -0.44446123 0.20318979 -1.41922426
v -0.43126765 0.21441394 -1.40233696
v -0.41855392 0.22506934 -1.38422203
v -0.40345144 0.23229557 -1.36705005
v -0.39318514 0.23645598 -1.35129142
v -0.38847837 0.23991758 -1.33994138
v -0.39437217 0.24473947 -1.31696546
v -0.38753659 0.24351519 -1.32860446
v -0.40591800 0.24233979 -1.31119609
v -0.41943830 0.23671335 -1.31519604
v -0.42991829 0.23242694 -1.32248950
v -0.45090985 0.22737914 -1.34313583
v -0.43970400 0.22939962 -1.33161783
v -0.47282192 0.28394574 -1.34579837
v -0.45927233 0.29072893 -1.33824766
v -0.44869983 0.29627889 -1.33538568
v -0.42533582 0.30813140 -1.32799804
v -0.43860072 0.30119330 -1.33254600
v -0.49406803 0.19715971 -1.38920903
v -0.48013747 0.19818503 -1.39894927
v -0.46558806 0.19822532 -1.40694010
v -0.45319453 0.19883651 -1.41321862
v -0.43786368 0.20983583 -1.39738190
v -0.44799969 0.20908648 -1.39113772
v -0.46087769 0.20880550 -1.38331163
v -0.47402382 0.21029240 -1.37617707
v -0.42455512 0.21930736 -1.37950087
v -0.43351129 0.21756130 -1.37400413
v -0.44429129 0.21721703 -1.36652422
v -0.45625180 0.21864361 -1.36154199
v -0.44196358 0.22281438 -1.34590816
v -0.43113196 0.22292060 -1.35002506
v -0.42135245 0.22377056 -1.35678887
v -0.41176236 0.22637099 -1.36166406
v -0.40238637 0.23163098 -1.34728873
v -0.41228813 0.22921199 -1.34342730
v -0.42167062 0.22783107 -1.33759212
v -0.43086258 0.22700208 -1.33443892
v -0.39808422 0.23492461 -1.33795691
v -0.39903149 0.23900491 -1.32143295
v -0.39672542 0.23784286 -1.32956243
v -0.40629822 0.23729557 -1.31732070
v -0.41530180 0.23360592 -1.32094908
v -0.42307609 0.23016030 -1.32693601
v -0.41583216 0.23102850 -1.33091474
v -0.41089344 0.23379046 -1.32583463
v -0.40718448 0.23260695 -1.33567595
v -0.40426612 0.23527700 -1.32961464
v -0.40665501 0.23609132 -1.32259798
v -0.40335238 0.23679680 -1.32458079
v -0.44968545 0.27915353 -1.39614892
v -0.62927389 0.57127553 -1.51226020
v -0.63725466 0.57565159 -1.49993026
v -0.61935097 0.57327193 -1.52492535
v -0.73892277 0.98308313 -1.65069318
v -0.79373038 1.21553314 -1.60538936
v -0.79290390 1.25023317 -1.60097742
v -0.79350346 1.23236263 -1.60290039
v -0.73463029 0.95507205 -1.65091133
v -0.73344082 1.27653265 -1.60343266
v -0.79122627 1.41898561 -1.61954474
v -0.74722838 1.71489310 -1.52905285
v -0.74872410 1.71156359 -1.52717626
v -0.74877244 1.70830703 -1.52528393
v -0.74780208 1.70515919 -1.52388334
v -0.74639118 1.70272779 -1.52179456
v -0.74520952 1.70175350 -1.51837993
v -0.74537200 1.70883560 -1.52509856
v -0.74473077 1.71038938 -1.52117431
v -0.74527353 1.71246123 -1.52196085
v -0.74584609 1.71139646 -1.52591777
f 2 3 1
f 1 3 4
f 3 2 5
f 5 2 6
f 3 7 4
f 4 7 8
f 10 11 9
f 9 11 12
f 14 15 13
f 13 15 16
f 18 19 17
f 17 19 20
f 22 23 21
f 21 23 24
f 26 18 25
f 25 18 17
f 27 28 17
f 17 28 25
f 30 31 29
f 29 31 32
f 34 35 33
f 33 35 36
f 21 24 37
f 37 24 38
f 40 31 39
f 39 31 38
f 34 33 28
f 28 33 25
f 41 42 44
f 44 42 43
f 36 45 33
f 33 45 25
f 46 47 49
f 49 47 48
f 51 52 50
f 50 52 53
f 55 53 54
f 54 53 52
f 57 58 56
f 56 58 59
f 61 62 60
f 60 62 63
f 65 66 64
f 64 66 67
f 69 70 68
f 68 70 71
f 65 73 72
f 72 73 74
f 64 75 65
f 65 75 73
f 77 78 76
f 76 78 79
f 80 81 83
f 83 81 82
f 81 85 84
f 84 85 86
f 88 89 87
f 87 89 69
f 88 87 90
f 90 87 91
f 93 94 92
f 92 94 95
f 96 84 43
f 43 84 44
f 51 98 97
f 97 98 86
f 97 99 51
f 51 99 52
f 54 52 100
f 100 52 99
f 58 101 59
f 59 101 102
f 62 103 63
f 63 103 104
f 105 106 6
f 6 106 5
f 108 109 107
f 107 109 110
f 112 113 111
f 111 113 114
f 116 117 115
f 115 117 118
f 120 121 119
f 119 121 122
f 124 125 123
f 123 125 126
f 128 129 127
f 127 129 130
f 130 131 127
f 127 131 132
f 134 1 133
f 133 1 135
f 1 4 135
f 135 4 136
f 4 8 136
f 136 8 137
f 138 139 15
f 15 139 140
f 140 139 141
f 141 139 142
f 144 57 143
f 143 57 56
f 145 146 141
f 141 146 147
f 146 149 148
f 148 149 150
f 152 153 151
f 151 153 154
f 141 147 140
f 140 147 155
f 157 11 156
f 156 11 158
f 160 161 159
f 159 161 162
f 164 165 163
f 163 165 166
f 165 160 166
f 166 160 159
f 168 169 167
f 167 169 170
f 169 171 170
f 170 171 172
f 149 173 150
f 150 173 174
f 175 176 149
f 149 176 173
f 178 172 177
f 177 172 171
f 180 181 179
f 179 181 182
f 184 180 183
f 183 180 179
f 186 187 185
f 185 187 188
f 190 191 189
f 189 191 192
f 7 193 8
f 8 193 194
f 196 162 195
f 195 162 161
f 197 168 198
f 198 168 167
f 181 199 182
f 182 199 200
f 202 203 201
f 201 203 204
f 187 186 205
f 205 186 206
f 208 209 207
f 207 209 210
f 212 213 211
f 211 213 214
f 215 216 218
f 218 216 217
f 220 209 219
f 219 209 208
f 204 186 221
f 221 186 185
f 201 204 222
f 222 204 221
f 223 211 220
f 220 211 209
f 224 225 214
f 214 225 210
f 203 206 204
f 204 206 186
f 227 187 226
f 226 187 205
f 27 228 21
f 21 228 22
f 230 231 229
f 229 231 232
f 234 235 233
f 233 235 236
f 238 239 237
f 237 239 240
f 119 122 118
f 118 122 115
f 112 242 241
f 241 242 243
f 98 51 244
f 244 51 50
f 245 138 14
f 14 138 15
f 11 10 158
f 158 10 246
f 89 85 69
f 69 85 70
f 11 157 12
f 12 157 247
f 249 164 248
f 248 164 163
f 177 250 178
f 178 250 251
f 253 254 252
f 252 254 255
f 187 227 188
f 188 227 256
f 212 257 213
f 213 257 258
f 260 134 259
f 259 134 133
f 165 164 135
f 135 164 133
f 160 165 136
f 136 165 135
f 136 137 160
f 160 137 161
f 137 261 161
f 161 261 195
f 263 264 262
f 262 264 265
f 13 16 266
f 266 16 267
f 268 267 155
f 155 267 16
f 147 269 155
f 155 269 268
f 162 196 167
f 167 196 198
f 167 170 162
f 162 170 159
f 170 172 159
f 159 172 166
f 172 178 166
f 166 178 163
f 178 251 163
f 163 251 248
f 168 270 169
f 169 270 271
f 272 273 171
f 171 273 177
f 271 272 169
f 169 272 171
f 168 197 270
f 270 197 274
f 250 177 275
f 275 177 273
f 277 45 276
f 276 45 278
f 280 281 279
f 279 281 282
f 284 104 283
f 283 104 103
f 285 215 286
f 286 215 218
f 288 289 287
f 287 289 290
f 291 80 66
f 66 80 83
f 293 294 292
f 292 294 295
f 73 91 74
f 74 91 87
f 91 73 92
f 92 73 75
f 279 77 280
f 280 77 76
f 80 291 70
f 70 291 71
f 277 47 96
f 96 47 82
f 297 175 296
f 296 175 149
f 299 154 298
f 298 154 153
f 225 300 210
f 210 300 207
f 224 301 206
f 206 301 205
f 210 209 214
f 214 209 211
f 226 205 302
f 302 205 301
f 304 305 303
f 303 305 306
f 308 309 307
f 307 309 310
f 72 291 65
f 65 291 66
f 66 83 67
f 67 83 46
f 312 313 311
f 311 313 314
f 316 317 315
f 315 317 36
f 29 318 35
f 35 318 319
f 321 32 320
f 320 32 322
f 311 314 323
f 323 314 324
f 315 325 316
f 316 325 326
f 318 287 319
f 319 287 290
f 328 321 327
f 327 321 320
f 329 330 39
f 39 330 331
f 332 333 40
f 40 333 322
f 309 334 285
f 285 334 335
f 236 2 134
f 134 2 1
f 260 336 233
f 233 336 337
f 237 14 265
f 265 14 13
f 84 86 44
f 44 86 98
f 189 192 7
f 7 192 193
f 44 98 41
f 41 98 244
f 237 240 14
f 14 240 245
f 7 3 189
f 189 3 5
f 338 71 72
f 72 71 291
f 262 265 266
f 266 265 13
f 124 123 339
f 339 123 105
f 123 109 105
f 105 109 106
f 189 5 190
f 190 5 106
f 111 114 12
f 12 114 9
f 264 340 265
f 265 340 237
f 342 343 341
f 341 343 344
f 6 235 105
f 105 235 339
f 234 346 345
f 345 346 347
f 349 350 348
f 348 350 351
f 107 352 108
f 108 352 353
f 355 356 354
f 354 356 357
f 237 340 238
f 238 340 358
f 12 247 111
f 111 247 359
f 264 263 116
f 116 263 360
f 361 362 222
f 222 362 201
f 364 365 363
f 363 365 366
f 368 369 367
f 367 369 370
f 372 373 371
f 371 373 374
f 375 376 372
f 372 376 377
f 378 379 381
f 381 379 380
f 382 383 269
f 269 383 268
f 150 174 365
f 365 174 384
f 380 377 381
f 381 377 376
f 271 270 180
f 180 270 181
f 273 272 252
f 252 272 184
f 272 271 184
f 184 271 180
f 181 270 274
f 252 255 273
f 273 255 275
f 254 385 255
f 255 385 386
f 387 388 179
f 179 388 183
f 389 387 182
f 182 387 179
f 182 200 389
f 389 200 390
f 388 391 183
f 183 391 253
f 391 392 253
f 253 392 254
f 394 379 393
f 393 379 378
f 185 188 395
f 395 188 396
f 221 185 397
f 397 185 395
f 222 221 398
f 398 221 397
f 188 256 396
f 396 256 399
f 400 401 256
f 256 401 399
f 402 403 405
f 405 403 404
f 148 150 364
f 364 150 365
f 393 406 394
f 394 406 407
f 158 246 393
f 393 246 406
f 342 19 238
f 238 19 239
f 23 22 350
f 350 22 354
f 244 50 245
f 245 50 138
f 55 142 53
f 53 142 139
f 145 144 296
f 296 144 143
f 355 228 341
f 341 228 20
f 41 240 42
f 42 240 239
f 283 308 284
f 284 308 307
f 349 409 408
f 408 409 410
f 244 245 41
f 41 245 240
f 268 383 406
f 406 383 407
f 346 411 349
f 349 411 409
f 251 412 248
f 248 412 413
f 275 414 250
f 250 414 415
f 25 45 26
f 26 45 277
f 43 26 96
f 96 26 277
f 416 417 61
f 61 417 62
f 329 24 408
f 408 24 23
f 31 40 32
f 32 40 322
f 39 38 329
f 329 38 24
f 37 38 30
f 30 38 31
f 418 419 421
f 421 419 420
f 78 295 79
f 79 295 294
f 124 339 422
f 422 339 345
f 232 131 357
f 357 131 351
f 2 236 6
f 6 236 235
f 252 184 253
f 253 184 183
f 227 423 256
f 256 423 400
f 423 227 305
f 305 227 226
f 424 258 425
f 425 258 257
f 426 427 212
f 212 427 257
f 259 133 249
f 249 133 164
f 419 418 428
f 428 418 429
f 327 430 328
f 328 430 288
f 49 431 46
f 46 431 67
f 306 302 424
f 424 302 258
f 313 432 314
f 314 432 433
f 32 321 29
f 29 321 318
f 324 314 433
f 287 318 328
f 328 318 321
f 134 260 236
f 236 260 233
f 345 339 234
f 234 339 235
f 357 351 354
f 354 351 350
f 408 23 349
f 349 23 350
f 317 278 36
f 36 278 45
f 432 313 429
f 429 313 428
f 435 428 434
f 434 428 313
f 42 239 18
f 18 239 19
f 43 42 26
f 26 42 18
f 121 120 436
f 436 120 437
f 302 301 258
f 258 301 213
f 110 109 126
f 126 109 123
f 238 358 342
f 342 358 343
f 341 20 342
f 342 20 19
f 322 438 320
f 320 438 439
f 320 439 327
f 327 439 430
f 333 440 322
f 322 440 438
f 289 288 323
f 323 288 430
f 115 340 116
f 116 340 264
f 146 145 149
f 149 145 296
f 15 140 16
f 16 140 155
f 441 442 152
f 152 442 153
f 225 224 203
f 203 224 206
f 175 297 154
f 154 297 151
f 293 443 294
f 294 443 444
f 248 413 249
f 249 413 445
f 446 447 400
f 400 447 401
f 388 387 396
f 396 387 395
f 387 389 395
f 395 389 397
f 391 388 399
f 399 388 396
f 401 392 399
f 399 392 391
f 255 386 275
f 275 386 414
f 449 450 448
f 448 450 451
f 335 452 285
f 285 452 215
f 453 298 442
f 442 298 153
f 211 223 212
f 212 223 426
f 425 257 454
f 454 257 427
f 266 10 262
f 262 10 9
f 360 113 456
f 456 113 455
f 8 194 137
f 137 194 261
f 10 266 246
f 246 266 267
f 203 202 225
f 225 202 300
f 262 9 263
f 263 9 114
f 108 353 190
f 190 353 191
f 389 390 397
f 397 390 398
f 457 422 128
f 128 422 129
f 156 158 378
f 378 158 393
f 347 346 348
f 348 346 349
f 447 458 401
f 401 458 392
f 364 382 148
f 148 382 269
f 55 54 57
f 57 54 58
f 75 64 459
f 459 64 460
f 100 90 101
f 101 90 95
f 101 58 100
f 100 58 54
f 142 55 144
f 144 55 57
f 147 146 269
f 269 146 148
f 459 93 75
f 75 93 92
f 144 145 142
f 142 145 141
f 228 27 20
f 20 27 17
f 154 299 175
f 175 299 176
f 214 213 224
f 224 213 301
f 424 461 306
f 306 461 303
f 285 286 309
f 309 286 310
f 462 334 308
f 308 334 309
f 302 306 226
f 226 306 305
f 37 28 21
f 21 28 27
f 29 35 30
f 30 35 34
f 30 34 37
f 37 34 28
f 344 436 356
f 356 436 229
f 325 290 326
f 326 290 289
f 311 439 312
f 312 439 438
f 35 319 36
f 36 319 315
f 439 311 430
f 430 311 323
f 315 319 325
f 325 319 290
f 440 463 438
f 438 463 312
f 341 344 355
f 355 344 356
f 360 456 116
f 116 456 117
f 354 22 355
f 355 22 228
f 326 289 324
f 324 289 323
f 74 87 68
f 68 87 69
f 50 53 138
f 138 53 139
f 268 406 267
f 267 406 246
f 190 106 108
f 108 106 109
f 241 455 112
f 112 455 113
f 358 122 343
f 343 122 121
f 129 347 130
f 130 347 348
f 348 351 130
f 130 351 131
f 229 232 356
f 356 232 357
f 340 115 358
f 358 115 122
f 111 359 112
f 112 359 242
f 125 124 457
f 457 124 422
f 231 132 232
f 232 132 131
f 343 121 344
f 344 121 436
f 263 114 360
f 360 114 113
f 347 129 345
f 345 129 422
f 230 229 437
f 437 229 436
f 464 446 423
f 423 446 400
f 465 466 468
f 468 466 467
f 470 471 469
f 469 471 472
f 469 472 373
f 373 472 374
f 474 469 473
f 473 469 373
f 471 475 472
f 472 475 476
f 472 477 374
f 374 477 478
f 477 472 476
f 479 480 476
f 476 480 477
f 473 373 377
f 377 373 372
f 481 482 479
f 479 482 480
f 483 484 481
f 481 484 482
f 403 402 485
f 485 402 486
f 487 488 483
f 483 488 484
f 487 489 488
f 488 489 490
f 489 491 490
f 490 491 492
f 491 493 492
f 492 493 494
f 493 495 494
f 494 495 496
f 497 498 481
f 481 498 483
f 484 499 482
f 482 499 367
f 370 480 367
f 367 480 482
f 480 370 477
f 477 370 478
f 500 497 479
f 479 497 481
f 451 473 380
f 380 473 377
f 448 451 379
f 379 451 380
f 501 502 504
f 504 502 503
f 449 505 507
f 507 505 506
f 486 508 505
f 505 508 506
f 508 509 506
f 506 509 510
f 511 507 510
f 510 507 506
f 509 508 512
f 512 508 513
f 515 509 514
f 514 509 512
f 509 515 510
f 510 515 516
f 510 516 511
f 511 516 517
f 486 505 485
f 485 505 518
f 505 449 518
f 518 449 448
f 383 382 403
f 403 382 404
f 363 404 364
f 364 404 382
f 403 485 383
f 383 485 407
f 519 520 361
f 361 520 362
f 522 496 521
f 521 496 495
f 450 474 451
f 451 474 473
f 363 366 523
f 523 366 524
f 525 499 488
f 488 499 484
f 488 490 525
f 525 490 526
f 496 522 520
f 520 522 527
f 494 496 519
f 519 496 520
f 492 494 528
f 528 494 519
f 529 530 495
f 495 530 521
f 490 492 526
f 526 492 528
f 529 495 531
f 531 495 493
f 533 534 532
f 532 534 535
f 523 524 533
f 533 524 534
f 486 402 532
f 532 402 533
f 529 536 530
f 530 536 537
f 536 538 537
f 537 538 539
f 540 541 539
f 539 541 537
f 530 537 535
f 535 537 541
f 542 539 543
f 543 539 538
f 539 542 540
f 540 542 544
f 541 540 513
f 513 540 512
f 540 544 512
f 512 544 514
f 546 547 545
f 545 547 548
f 549 550 531
f 531 550 551
f 550 549 552
f 552 549 553
f 546 550 554
f 554 550 552
f 547 546 555
f 555 546 554
f 498 556 558
f 558 556 557
f 559 557 560
f 560 557 556
f 561 562 560
f 560 562 559
f 557 559 552
f 552 559 554
f 559 562 554
f 554 562 555
f 558 557 553
f 553 557 552
f 475 471 563
f 563 471 564
f 565 563 567
f 567 563 566
f 471 470 564
f 564 470 466
f 564 466 568
f 568 466 465
f 568 465 569
f 569 465 570
f 572 573 571
f 571 573 574
f 569 575 567
f 567 575 576
f 577 565 576
f 576 565 567
f 578 579 581
f 581 579 580
f 575 561 576
f 576 561 560
f 556 577 560
f 560 577 576
f 577 556 497
f 497 556 498
f 565 577 500
f 500 577 497
f 563 565 475
f 475 565 500
f 553 489 558
f 558 489 487
f 531 493 549
f 549 493 491
f 489 553 491
f 491 553 549
f 394 407 518
f 518 407 485
f 518 448 394
f 394 448 379
f 545 548 538
f 538 548 543
f 551 545 536
f 536 545 538
f 536 529 551
f 551 529 531
f 507 582 449
f 449 582 450
f 511 583 507
f 507 583 582
f 511 517 583
f 583 517 584
f 585 586 588
f 588 586 587
f 590 591 589
f 589 591 592
f 591 590 593
f 593 590 594
f 596 597 595
f 595 597 598
f 599 600 602
f 602 600 601
f 604 605 603
f 603 605 606
f 608 609 607
f 607 609 610
f 612 613 611
f 611 613 614
f 615 616 618
f 618 616 617
f 620 621 619
f 619 621 622
f 624 625 623
f 623 625 626
f 628 629 627
f 627 629 630
f 632 633 631
f 631 633 634
f 635 636 638
f 638 636 637
f 639 640 642
f 642 640 641
f 644 645 643
f 643 645 646
f 619 622 647
f 647 622 648
f 650 651 649
f 649 651 652
f 601 653 602
f 602 653 654
f 656 657 655
f 655 657 658
f 660 661 659
f 659 661 662
f 664 665 663
f 663 665 666
f 593 594 667
f 667 594 668
f 669 670 672
f 672 670 671
f 673 674 676
f 676 674 675
f 633 632 677
f 677 632 678
f 663 666 679
f 679 666 680
f 681 682 684
f 684 682 683
f 686 687 685
f 685 687 688
f 690 661 689
f 689 661 691
f 693 686 692
f 692 686 685
f 695 597 694
f 694 597 668
f 594 696 668
f 668 696 694
f 697 698 696
f 696 698 699
f 700 701 697
f 697 701 698
f 702 585 703
f 703 585 588
f 671 690 672
f 672 690 689
f 640 639 704
f 704 639 705
f 679 706 663
f 663 706 658
f 708 709 707
f 707 709 710
f 711 712 610
f 610 712 607
f 713 714 716
f 716 714 715
f 717 718 720
f 720 718 719
f 722 634 721
f 721 634 633
f 724 725 723
f 723 725 726
f 728 729 727
f 727 729 730
f 732 733 731
f 731 733 734
f 707 710 735
f 735 710 736
f 643 737 644
f 644 737 738
f 740 741 739
f 739 741 742
f 608 744 743
f 743 744 745
f 747 748 746
f 746 748 749
f 751 752 750
f 750 752 753
f 754 755 757
f 757 755 756
f 758 759 761
f 761 759 760
f 763 764 762
f 762 764 765
f 767 768 766
f 766 768 769
f 771 772 770
f 770 772 773
f 775 776 774
f 774 776 777
f 779 780 778
f 778 780 781
f 783 712 782
f 782 712 784
f 785 786 788
f 788 786 787
f 790 628 789
f 789 628 627
f 792 793 791
f 791 793 794
f 795 796 726
f 726 796 723
f 798 799 797
f 797 799 800
f 721 633 801
f 801 633 677
f 797 800 802
f 802 800 803
f 805 806 804
f 804 806 807
f 809 810 808
f 808 810 811
f 813 814 812
f 812 814 815
f 809 808 817
f 817 808 816
f 818 819 804
f 804 819 805
f 820 821 818
f 818 821 819
f 821 820 587
f 587 820 822
f 809 823 810
f 810 823 824
f 814 807 815
f 815 807 806
f 826 426 825
f 825 426 223
f 426 826 427
f 427 826 827
f 828 829 454
f 454 829 830
f 831 832 677
f 677 832 801
f 834 835 833
f 833 835 836
f 838 839 837
f 837 839 840
f 841 842 844
f 844 842 843
f 845 846 803
f 803 846 802
f 847 831 678
f 678 831 677
f 848 849 851
f 851 849 850
f 853 854 852
f 852 854 855
f 857 858 856
f 856 858 680
f 860 861 859
f 859 861 862
f 864 865 863
f 863 865 866
f 868 869 867
f 867 869 870
f 839 871 840
f 840 871 872
f 849 848 874
f 874 848 873
f 876 877 875
f 875 877 878
f 880 881 879
f 879 881 882
f 883 884 886
f 886 884 885
f 846 887 802
f 802 887 888
f 890 891 889
f 889 891 888
f 893 894 892
f 892 894 895
f 896 897 728
f 728 897 729
f 899 900 898
f 898 900 901
f 902 852 904
f 904 852 903
f 849 905 850
f 850 905 906
f 875 878 907
f 907 878 908
f 910 911 909
f 909 911 912
f 914 915 913
f 913 915 916
f 917 918 862
f 862 918 859
f 919 920 856
f 856 920 921
f 923 924 922
f 922 924 925
f 926 927 925
f 925 927 922
f 929 930 928
f 928 930 693
f 932 695 931
f 931 695 694
f 823 867 824
f 824 867 933
f 935 936 934
f 934 936 937
f 938 868 823
f 823 868 867
f 940 847 939
f 939 847 678
f 632 655 678
f 678 655 939
f 941 942 619
f 619 942 620
f 687 943 688
f 688 943 944
f 851 850 945
f 945 850 903
f 850 906 903
f 903 906 904
f 946 947 949
f 949 947 948
f 951 952 950
f 950 952 953
f 955 956 954
f 954 956 957
f 907 958 875
f 875 958 874
f 960 961 959
f 959 961 962
f 963 853 902
f 902 853 852
f 909 964 910
f 910 964 965
f 967 968 966
f 966 968 969
f 971 972 970
f 970 972 973
f 974 960 975
f 975 960 959
f 977 978 976
f 976 978 979
f 981 977 980
f 980 977 976
f 980 982 981
f 981 982 983
f 985 983 984
f 984 983 982
f 984 986 985
f 985 986 987
f 989 990 988
f 988 990 991
f 993 994 992
f 992 994 995
f 997 998 996
f 996 998 999
f 1001 1002 1000
f 1000 1002 1003
f 1005 1006 1004
f 1004 1006 1007
f 1004 1008 1005
f 1005 1008 1009
f 1008 1010 1009
f 1009 1010 1011
f 1013 1011 1012
f 1012 1011 1010
f 1014 1015 1017
f 1017 1015 1016
f 1019 1020 1018
f 1018 1020 1021
f 1022 1023 976
f 976 1023 980
f 1024 1025 982
f 982 1025 984
f 992 995 1026
f 1026 995 1027
f 956 955 1028
f 1028 955 1029
f 1030 1031 1033
f 1033 1031 1032
f 1010 1008 1034
f 1034 1008 1035
f 1008 1004 1035
f 1035 1004 1036
f 1037 1038 1002
f 1002 1038 1007
f 1002 1001 1037
f 1037 1001 1039
f 1040 1041 997
f 997 1041 998
f 1015 1014 1043
f 1043 1014 1042
f 1044 1045 1047
f 1047 1045 1046
f 1044 1020 1048
f 1048 1020 1049
f 1050 1051 1003
f 1003 1051 1000
f 1052 1050 1006
f 1006 1050 1003
f 1053 1054 1011
f 1011 1054 1009
f 1013 1045 1055
f 1055 1045 1056
f 1058 1059 1057
f 1057 1059 1060
f 1062 1063 1061
f 1061 1063 1064
f 1065 1066 1050
f 1050 1066 1051
f 1067 1065 1052
f 1052 1065 1050
f 1068 1069 1054
f 1054 1069 1070
f 1071 1068 1053
f 1053 1068 1054
f 1073 1071 1072
f 1072 1071 1074
f 1074 1071 1055
f 1055 1071 1053
f 1076 1077 1075
f 1075 1077 1078
f 1079 1080 1057
f 1057 1080 1058
f 1081 1082 1064
f 1064 1082 1061
f 1084 1085 1083
f 1083 1085 1086
f 1088 1089 1087
f 1087 1089 1090
f 1092 1093 1091
f 1091 1093 1094
f 1096 1097 1095
f 1095 1097 1098
f 1099 1100 1102
f 1102 1100 1101
f 1103 1104 1099
f 1099 1104 1100
f 1106 1107 1105
f 1105 1107 1108
f 1110 1111 1109
f 1109 1111 1112
f 1114 1115 1113
f 1113 1115 1116
f 1118 1119 1117
f 1117 1119 1077
f 1117 1120 1122
f 1122 1120 1121
f 1105 1123 1106
f 1106 1123 1124
f 1125 1126 1128
f 1128 1126 1127
f 1130 1131 1129
f 1129 1131 1132
f 1134 1135 1133
f 1133 1135 1114
f 1113 1136 1114
f 1114 1136 1133
f 1118 1137 1113
f 1113 1137 1136
f 1118 1117 1137
f 1137 1117 1122
f 1139 1140 1138
f 1138 1140 1141
f 1143 953 1142
f 1142 953 952
f 1145 957 1144
f 1144 957 956
f 1028 1146 956
f 956 1146 1144
f 1014 1147 1042
f 1042 1147 1148
f 1014 1017 1147
f 1147 1017 1149
f 1059 1058 1150
f 1150 1058 1151
f 1153 1080 1152
f 1152 1080 1154
f 1156 1088 1155
f 1155 1088 1087
f 1157 1158 1106
f 1106 1158 1107
f 1106 1124 1157
f 1157 1124 1159
f 1161 1162 1160
f 1160 1162 1163
f 1165 1166 1164
f 1164 1166 1167
f 1168 1031 1012
f 1012 1031 1046
f 1024 1023 1035
f 1035 1023 1034
f 1036 1038 1025
f 1025 1038 1169
f 1170 1171 1039
f 1039 1171 1037
f 1028 1029 1042
f 1042 1029 1043
f 1172 1173 1175
f 1175 1173 1174
f 1055 1053 1013
f 1013 1053 1011
f 1005 1009 1070
f 1070 1009 1054
f 996 999 1062
f 1062 999 1063
f 1016 1060 1017
f 1017 1060 1059
f 1017 1059 1149
f 1149 1059 1150
f 1177 1178 1176
f 1176 1178 1103
f 1176 1072 1179
f 1179 1072 1074
f 1073 1102 1086
f 1086 1102 1083
f 1180 1181 1067
f 1067 1181 1065
f 1182 1183 1184
f 1184 1183 1181
f 1186 1187 1185
f 1185 1187 1188
f 1189 1190 798
f 798 1190 799
f 1192 1193 1191
f 1191 1193 1194
f 1195 1196 1194
f 1194 1196 1191
f 1196 1195 1198
f 1198 1195 1197
f 1200 674 1199
f 1199 674 673
f 928 1201 1203
f 1203 1201 1202
f 861 1204 862
f 862 1204 921
f 1205 1206 913
f 913 1206 1207
f 882 1208 879
f 879 1208 1209
f 1210 1211 1167
f 1167 1211 1164
f 1212 769 1213
f 1213 769 768
f 727 1214 728
f 728 1214 1215
f 1217 1218 1216
f 1216 1218 1219
f 1220 813 1221
f 1221 813 812
f 827 828 427
f 427 828 454
f 1223 1224 1222
f 1222 1224 1165
f 1226 1227 1225
f 1225 1227 1228
f 851 1229 848
f 848 1229 1230
f 834 854 835
f 835 854 1231
f 1233 1234 1232
f 1232 1234 1235
f 1237 751 1236
f 1236 751 750
f 743 819 1238
f 1238 819 821
f 1240 1241 1239
f 1239 1241 1242
f 1244 1245 1243
f 1243 1245 1246
f 844 1247 841
f 841 1247 1248
f 1250 1251 1249
f 1249 1251 1252
f 1254 893 1253
f 1253 893 1237
f 1255 1256 1258
f 1258 1256 1257
f 1260 1261 1259
f 1259 1261 1262
f 945 903 855
f 855 903 852
f 855 1263 945
f 945 1263 1264
f 832 845 801
f 801 845 803
f 800 721 803
f 803 721 801
f 721 800 722
f 722 800 799
f 1266 1267 1265
f 1265 1267 1268
f 1270 795 1269
f 1269 795 726
f 725 1271 726
f 726 1271 1269
f 737 765 738
f 738 765 764
f 759 740 760
f 760 740 739
f 717 1272 1274
f 1274 1272 1273
f 1163 1226 1275
f 1275 1226 1225
f 1277 882 1276
f 1276 882 881
f 1041 1040 1027
f 1027 1040 1026
f 900 935 901
f 901 935 934
f 1164 1278 1165
f 1165 1278 1222
f 1211 1279 1164
f 1164 1279 1278
f 442 1280 453
f 453 1280 1281
f 788 1282 785
f 785 1282 1283
f 1285 1286 1284
f 1284 1286 1287
f 1284 1288 1285
f 1285 1288 1289
f 757 1289 754
f 754 1289 1288
f 605 604 675
f 675 604 676
f 1290 1291 1293
f 1293 1291 1292
f 1295 1296 1294
f 1294 1296 1297
f 696 699 694
f 694 699 931
f 1298 1299 592
f 592 1299 589
f 1299 1300 589
f 589 1300 700
f 1300 1301 700
f 700 1301 701
f 743 745 819
f 819 745 805
f 1303 1304 1302
f 1302 1304 1305
f 1306 1307 1305
f 1305 1307 1302
f 609 1298 610
f 610 1298 592
f 587 822 588
f 588 822 1308
f 703 588 1309
f 1309 588 1308
f 1310 703 571
f 571 703 1309
f 1311 1312 789
f 789 1312 790
f 825 223 1313
f 1313 223 220
f 219 1314 220
f 220 1314 1313
f 1315 1316 1311
f 1311 1316 1312
f 1317 1318 1319
f 1319 1318 1241
f 441 1320 442
f 442 1320 1280
f 1321 217 572
f 572 217 216
f 1323 1230 1322
f 1322 1230 1229
f 1324 1325 631
f 631 1325 656
f 1034 1168 1010
f 1010 1168 1012
f 1327 1328 1326
f 1326 1328 1329
f 1331 1202 1330
f 1330 1202 1201
f 571 1309 572
f 572 1309 1321
f 573 572 1332
f 1332 572 216
f 1334 1335 1333
f 1333 1335 1336
f 1337 1338 918
f 918 1338 859
f 1339 863 1340
f 1340 863 866
f 1341 1342 1344
f 1344 1342 1343
f 1345 1346 919
f 919 1346 920
f 1347 1348 673
f 673 1348 1199
f 693 1349 928
f 928 1349 1201
f 1351 1257 1350
f 1350 1257 1256
f 1350 1352 1351
f 1351 1352 1353
f 653 930 654
f 654 930 662
f 1279 1354 1278
f 1278 1354 1355
f 1357 1358 1356
f 1356 1358 1359
f 937 1360 1140
f 1140 1360 1361
f 1225 1228 909
f 909 1228 964
f 901 934 1362
f 1362 934 1139
f 1364 1365 1363
f 1363 1365 1362
f 1367 912 1366
f 1366 912 911
f 1143 1142 1368
f 1368 1142 1369
f 1144 1186 1145
f 1145 1186 1185
f 1146 1175 1144
f 1144 1175 1186
f 1175 1146 1172
f 1172 1146 1148
f 1147 1018 1148
f 1148 1018 1172
f 1018 1147 1019
f 1019 1147 1149
f 1149 1150 1019
f 1019 1150 1370
f 1150 1151 1370
f 1370 1151 1371
f 1151 1153 1371
f 1371 1153 1177
f 1152 1156 1178
f 1178 1156 1372
f 1155 1158 1373
f 1373 1158 1374
f 1157 1159 1376
f 1376 1159 1375
f 1378 1379 1377
f 1377 1379 1380
f 1382 1383 1381
f 1381 1383 1384
f 1382 1386 1385
f 1385 1386 1387
f 1386 1233 1387
f 1387 1233 1232
f 1389 1390 1388
f 1388 1390 1391
f 1393 1394 1392
f 1392 1394 1395
f 1397 1398 1396
f 1396 1398 1399
f 629 1397 630
f 630 1397 1396
f 1342 1400 1343
f 1343 1400 1401
f 1403 1404 1402
f 1402 1404 1405
f 1407 1408 1406
f 1406 1408 1409
f 1411 1412 1410
f 1410 1412 1413
f 793 1414 794
f 794 1414 1415
f 1417 1341 1416
f 1416 1341 1344
f 704 705 1347
f 1347 705 1418
f 741 1419 742
f 742 1419 1420
f 1422 669 1421
f 1421 669 672
f 645 1423 646
f 646 1423 1424
f 1196 1198 614
f 614 1198 611
f 613 1425 614
f 614 1425 1426
f 1427 616 659
f 659 616 660
f 614 1426 1196
f 1196 1426 1191
f 696 594 697
f 697 594 590
f 697 590 700
f 700 590 589
f 703 1310 702
f 702 1310 1428
f 1421 672 1192
f 1192 672 689
f 1271 648 1269
f 1269 648 622
f 621 1270 622
f 622 1270 1269
f 1429 1430 1417
f 1417 1430 1341
f 1431 1432 1434
f 1434 1432 1433
f 1436 1437 1435
f 1435 1437 1438
f 1440 1441 1439
f 1439 1441 1442
f 1443 1444 1446
f 1446 1444 1445
f 823 809 938
f 938 809 817
f 810 1447 811
f 811 1447 1448
f 1449 1450 679
f 679 1450 706
f 913 916 1205
f 1205 916 1451
f 1275 1225 912
f 912 1225 909
f 1452 1453 880
f 880 1453 881
f 1444 1401 1445
f 1445 1401 1400
f 936 1454 937
f 937 1454 1360
f 824 1455 810
f 810 1455 1447
f 631 656 632
f 632 656 655
f 966 1456 967
f 967 1456 1457
f 1459 1460 1458
f 1458 1460 1461
f 1460 1462 1461
f 1461 1462 1463
f 972 974 973
f 973 974 975
f 990 995 991
f 991 995 994
f 1464 1187 1033
f 1033 1187 1174
f 1018 1021 1172
f 1172 1021 1173
f 1000 999 1001
f 1001 999 998
f 976 979 1022
f 1022 979 1032
f 1023 1024 980
f 980 1024 982
f 989 986 1171
f 1171 986 1169
f 1171 1170 989
f 989 1170 990
f 1170 1027 990
f 990 1027 995
f 1041 1039 998
f 998 1039 1001
f 1051 1063 1000
f 1000 1063 999
f 1066 1064 1051
f 1051 1064 1063
f 1183 1081 1066
f 1066 1081 1064
f 1178 1372 1103
f 1103 1372 1104
f 1092 1091 1465
f 1465 1091 1182
f 1467 1465 1466
f 1466 1465 1468
f 1469 1470 1184
f 1184 1470 1468
f 1095 1098 1471
f 1471 1098 1101
f 1076 1374 1120
f 1120 1374 1376
f 1110 1472 1127
f 1127 1472 1132
f 1472 1473 1132
f 1132 1473 1129
f 1474 1475 1466
f 1466 1475 1473
f 1119 1118 1116
f 1116 1118 1113
f 1375 1121 1376
f 1376 1121 1120
f 1127 1132 1128
f 1128 1132 1131
f 1227 1476 1228
f 1228 1476 1361
f 1365 1477 1362
f 1362 1477 872
f 1478 1479 1323
f 1323 1479 1230
f 1480 1481 914
f 914 1481 915
f 913 1277 914
f 914 1277 1276
f 1168 1034 1022
f 1022 1034 1023
f 1035 1036 1024
f 1024 1036 1025
f 1039 1041 1170
f 1170 1041 1027
f 1042 1148 1028
f 1028 1148 1146
f 968 1459 969
f 969 1459 1458
f 1482 1483 664
f 664 1483 665
f 1485 1486 1484
f 1484 1486 1487
f 1489 1490 1488
f 1488 1490 1491
f 1492 1493 722
f 722 1493 634
f 1495 1496 1494
f 1494 1496 1497
f 1498 1207 1339
f 1339 1207 863
f 1224 1499 1165
f 1165 1499 1166
f 1160 1163 1500
f 1500 1163 1275
f 1500 877 1160
f 1160 877 1501
f 876 873 1502
f 1502 873 1479
f 945 1264 851
f 851 1264 1229
f 835 1231 839
f 839 1231 871
f 1503 1283 778
f 778 1283 1282
f 716 715 1505
f 1505 715 1504
f 1446 1445 1507
f 1507 1445 1506
f 779 792 1381
f 1381 792 791
f 1430 1409 1341
f 1341 1409 1342
f 1411 1429 1508
f 1508 1429 1417
f 635 1510 1509
f 1509 1510 1511
f 1377 1380 1315
f 1315 1380 1316
f 1445 1400 1506
f 1506 1400 1408
f 918 917 1336
f 1336 917 1333
f 1513 1514 1512
f 1512 1514 870
f 1515 1516 1363
f 1363 1516 1364
f 1453 1517 881
f 881 1517 1276
f 992 1518 993
f 993 1518 1519
f 1520 1029 1518
f 1518 1029 955
f 1520 1026 1521
f 1521 1026 1040
f 1522 1015 1521
f 1521 1015 1043
f 996 1523 997
f 997 1523 1522
f 1060 1016 1524
f 1524 1016 1523
f 1061 1525 1062
f 1062 1525 1524
f 1079 1527 1526
f 1526 1527 1528
f 1093 1529 1094
f 1094 1529 1528
f 1111 1530 1112
f 1112 1530 1531
f 1532 1533 1105
f 1105 1533 1123
f 934 937 1139
f 1139 937 1140
f 1138 1363 1139
f 1139 1363 1362
f 1534 1222 1355
f 1355 1222 1278
f 1535 1223 1534
f 1534 1223 1222
f 821 587 1238
f 1238 587 586
f 1319 711 1317
f 1317 711 1536
f 1538 1200 1537
f 1537 1200 1199
f 1508 1417 1539
f 1539 1417 1416
f 1540 1541 840
f 840 1541 837
f 1231 898 871
f 871 898 901
f 1500 1275 1367
f 1367 1275 912
f 1543 1379 1542
f 1542 1379 1395
f 1539 772 1508
f 1508 772 1544
f 1546 1403 1545
f 1545 1403 1402
f 1548 1549 1547
f 1547 1549 1550
f 1552 1548 1551
f 1551 1548 1547
f 1554 1555 1553
f 1553 1555 1556
f 1558 1559 1557
f 1557 1559 1560
f 1562 1563 1561
f 1561 1563 1564
f 1566 1567 1565
f 1565 1567 1568
f 1570 1571 1569
f 1569 1571 1572
f 1574 1575 1573
f 1573 1575 1576
f 1577 1578 1572
f 1572 1578 1569
f 1580 1581 1579
f 1579 1581 1582
f 1584 1585 1583
f 1583 1585 1586
f 1588 1555 1587
f 1587 1555 1589
f 1591 1592 1590
f 1590 1592 1593
f 1595 1596 1594
f 1594 1596 1597
f 1596 1581 1597
f 1597 1581 1576
f 1599 1570 1598
f 1598 1570 1569
f 1601 1602 1600
f 1600 1602 1603
f 1605 1606 1604
f 1604 1606 1607
f 1608 1609 1568
f 1568 1609 1565
f 1611 1612 1610
f 1610 1612 1613
f 1615 1616 1614
f 1614 1616 1617
f 1619 1617 1618
f 1618 1617 1616
f 1621 1622 1620
f 1620 1622 1623
f 1625 1626 1624
f 1624 1626 1627
f 1629 1630 1628
f 1628 1630 1631
f 1633 1634 1632
f 1632 1634 1635
f 1636 1637 1639
f 1639 1637 1638
f 1641 1642 1640
f 1640 1642 1643
f 1624 1627 1644
f 1644 1627 1645
f 1647 1648 1646
f 1646 1648 1649
f 1651 1652 1650
f 1650 1652 1653
f 1655 1656 1654
f 1654 1656 1657
f 1659 1660 1658
f 1658 1660 1661
f 1662 1663 1631
f 1631 1663 1628
f 1651 1665 1664
f 1664 1665 1666
f 1667 1656 1619
f 1619 1656 1617
f 1669 1670 1668
f 1668 1670 1671
f 1632 1635 1672
f 1672 1635 1673
f 1674 1675 1638
f 1638 1675 1639
f 1677 1678 1676
f 1676 1678 1679
f 1680 1640 1681
f 1681 1640 1643
f 1682 1683 1643
f 1643 1683 1681
f 1670 1669 1235
f 1235 1669 1232
f 1396 1399 1674
f 1674 1399 1675
f 627 630 1679
f 1679 630 1676
f 1681 1315 1680
f 1680 1315 1311
f 1683 1377 1681
f 1681 1377 1315
f 1672 1673 1387
f 1387 1673 1385
f 1636 1684 1646
f 1646 1684 1685
f 1687 1688 1686
f 1686 1688 1689
f 1585 1690 1586
f 1586 1690 1691
f 1599 1692 1551
f 1551 1692 1693
f 1552 1558 1694
f 1694 1558 1557
f 1696 1615 1695
f 1695 1615 1614
f 1698 1699 1697
f 1697 1699 1623
f 1700 1701 1703
f 1703 1701 1702
f 1705 1706 1704
f 1704 1706 1707
f 1708 1709 1640
f 1640 1709 1641
f 1710 1711 1713
f 1713 1711 1712
f 1652 1655 1653
f 1653 1655 1654
f 1714 1699 1712
f 1712 1699 1713
f 1715 1710 1716
f 1716 1710 1713
f 1717 1708 1680
f 1680 1708 1640
f 1393 1392 1715
f 1715 1392 1710
f 1719 1720 1718
f 1718 1720 1721
f 1680 1311 1717
f 1717 1311 789
f 1378 1711 1392
f 1392 1711 1710
f 1388 1391 1719
f 1719 1391 1720
f 1723 1606 1722
f 1722 1606 1689
f 1725 1568 1724
f 1724 1568 1567
f 1726 1647 1685
f 1685 1647 1646
f 1728 1554 1727
f 1727 1554 1553
f 1591 1687 1600
f 1600 1687 1686
f 1730 1595 1729
f 1729 1595 1594
f 1601 1605 1731
f 1731 1605 1604
f 1733 1663 1732
f 1732 1663 1734
f 1736 1639 1735
f 1735 1639 1675
f 1658 1644 1737
f 1737 1644 1645
f 1726 1662 1724
f 1724 1662 1631
f 1399 1738 1675
f 1675 1738 1735
f 1621 1667 1739
f 1739 1667 1619
f 1714 1740 1620
f 1620 1740 1741
f 1592 1549 1593
f 1593 1549 1742
f 1602 1571 1603
f 1603 1571 1550
f 1688 1690 1689
f 1689 1690 1722
f 1588 1559 1582
f 1582 1559 1579
f 1673 1735 1385
f 1385 1735 1738
f 1387 1232 1672
f 1672 1232 1669
f 1580 1692 1573
f 1573 1692 1743
f 1377 1683 1378
f 1378 1683 1711
f 1664 1666 1744
f 1744 1666 1745
f 1744 1696 1664
f 1664 1696 1695
f 1746 1747 1732
f 1732 1747 1748
f 1749 1750 1677
f 1677 1750 1678
f 1709 1708 1750
f 1750 1708 1678
f 1668 1632 1669
f 1669 1632 1672
f 1633 1746 1734
f 1734 1746 1732
f 1679 1678 1717
f 1717 1678 1708
f 789 627 1717
f 1717 627 1679
f 1563 1723 1564
f 1564 1723 1722
f 1728 1584 1751
f 1751 1584 1583
f 1674 1676 1396
f 1396 1676 630
f 1666 1566 1745
f 1745 1566 1565
f 1627 1629 1645
f 1645 1629 1628
f 1637 1749 1638
f 1638 1749 1677
f 1648 1665 1649
f 1649 1665 1752
f 1740 1642 1741
f 1741 1642 1657
f 1676 1674 1677
f 1677 1674 1638
f 1683 1682 1711
f 1711 1682 1712
f 1618 1753 1619
f 1619 1753 1739
f 1701 1739 1702
f 1702 1739 1753
f 1754 1214 1756
f 1756 1214 1755
f 647 1757 619
f 619 1757 941
f 1759 1193 1758
f 1758 1193 691
f 1419 1760 1420
f 1420 1760 1761
f 682 1762 683
f 683 1762 1763
f 1412 780 1413
f 1413 780 1384
f 1383 1398 1384
f 1384 1398 1413
f 1197 1424 1764
f 1764 1424 1423
f 1537 1287 1538
f 1538 1287 1286
f 1634 1684 1635
f 1635 1684 1736
f 1724 1631 1725
f 1725 1631 1630
f 1562 1730 1610
f 1610 1730 1729
f 1735 1673 1736
f 1736 1673 1635
f 1757 1195 941
f 941 1195 1194
f 1766 200 1765
f 1765 200 199
f 475 500 476
f 476 500 479
f 498 558 483
f 483 558 487
f 545 551 546
f 546 551 550
f 453 1281 219
f 219 1281 1314
f 298 453 208
f 208 453 219
f 368 1765 1767
f 1767 1765 199
f 523 405 363
f 363 405 404
f 523 533 405
f 405 533 402
f 298 208 299
f 299 208 207
f 299 207 176
f 176 207 300
f 176 300 173
f 173 300 202
f 173 202 174
f 174 202 201
f 1337 918 1768
f 1768 918 1336
f 1769 1770 1338
f 1338 1770 859
f 581 570 578
f 578 570 1771
f 555 562 580
f 580 562 561
f 504 1772 501
f 501 1772 548
f 517 542 584
f 584 542 543
f 515 514 516
f 516 514 544
f 542 517 544
f 544 517 516
f 561 575 580
f 580 575 581
f 575 569 581
f 581 569 570
f 501 548 1773
f 1773 548 547
f 1774 1775 570
f 570 1775 1771
f 369 368 1776
f 1776 368 1767
f 372 369 375
f 375 369 1776
f 822 1280 1308
f 1308 1280 1320
f 820 1281 822
f 822 1281 1280
f 818 1314 820
f 820 1314 1281
f 1314 818 1313
f 1313 818 804
f 807 814 825
f 825 814 826
f 814 813 826
f 826 813 827
f 813 1220 827
f 827 1220 828
f 580 579 555
f 555 579 547
f 1477 1540 872
f 872 1540 840
f 367 499 368
f 368 499 1765
f 1766 1765 525
f 525 1765 499
f 1777 1766 526
f 526 1766 525
f 520 527 362
f 362 527 384
f 361 1778 519
f 519 1778 528
f 371 1779 372
f 372 1779 369
f 369 1779 370
f 370 1779 478
f 1779 371 478
f 478 371 374
f 1778 1777 528
f 528 1777 526
f 1781 1782 1780
f 1780 1782 1783
f 431 460 67
f 67 460 64
f 68 338 74
f 74 338 72
f 1785 1782 1784
f 1784 1782 1786
f 1787 1788 1790
f 1790 1788 1789
f 1792 1789 1791
f 1791 1789 1793
f 1791 1794 1792
f 1792 1794 1795
f 1794 1796 1795
f 1795 1796 1797
f 1797 1798 938
f 938 1798 868
f 1798 1799 868
f 868 1799 869
f 1801 1802 1800
f 1800 1802 1451
f 1803 1804 1205
f 1205 1804 1206
f 1805 1806 864
f 864 1806 865
f 1806 1807 865
f 865 1807 1808
f 68 71 338
f 287 328 288
f 1320 1321 1308
f 1308 1321 1309
f 1320 441 1321
f 1321 441 217
f 441 152 217
f 217 152 218
f 151 286 152
f 152 286 218
f 297 310 151
f 151 310 286
f 296 307 297
f 297 307 310
f 296 143 307
f 307 143 284
f 143 56 284
f 284 56 104
f 56 59 104
f 104 59 63
f 59 102 63
f 63 102 60
f 102 94 60
f 60 94 282
f 93 459 279
f 279 459 77
f 459 460 77
f 77 460 78
f 460 431 78
f 78 431 295
f 431 49 295
f 295 49 292
f 48 421 49
f 49 421 292
f 276 278 418
f 418 278 429
f 317 432 278
f 278 432 429
f 432 317 433
f 433 317 316
f 326 324 316
f 316 324 433
f 1536 592 1809
f 1809 592 591
f 1810 744 1812
f 1812 744 1811
f 1814 1815 1813
f 1813 1815 1816
f 1817 748 1818
f 1818 748 747
f 1812 1819 1810
f 1810 1819 1817
f 1820 1821 748
f 748 1821 749
f 1823 1824 1822
f 1822 1824 1825
f 1827 1828 1826
f 1826 1828 1829
f 1831 1832 1830
f 1830 1832 1833
f 1834 1827 1243
f 1243 1827 1826
f 1313 804 825
f 825 804 807
f 1835 1253 1236
f 1236 1253 1237
f 1836 1837 1438
f 1438 1837 1435
f 1838 1505 1840
f 1840 1505 1839
f 1841 1842 716
f 716 1842 713
f 1843 1844 1510
f 1510 1844 1845
f 1847 1848 1846
f 1846 1848 1849
f 1850 1240 1822
f 1822 1240 1239
f 636 1831 637
f 637 1831 1830
f 1852 1853 1851
f 1851 1853 1854
f 1855 1856 1858
f 1858 1856 1857
f 1846 1849 1859
f 1859 1849 1860
f 1343 1401 1509
f 1509 1401 1861
f 1509 1861 635
f 635 1861 636
f 1863 1864 1862
f 1862 1864 1865
f 1283 1503 1867
f 1867 1503 1866
f 1868 1867 681
f 681 1867 682
f 1286 1285 683
f 683 1285 684
f 757 756 1274
f 1274 756 1869
f 1274 1869 717
f 717 1869 718
f 1434 1433 719
f 719 1433 720
f 1200 1538 1545
f 1545 1538 1763
f 1285 1289 684
f 684 1289 1273
f 684 1273 681
f 681 1273 1272
f 785 1283 1868
f 1868 1283 1867
f 786 785 1870
f 1870 785 1868
f 1289 757 1273
f 1273 757 1274
f 1539 1416 1871
f 1871 1416 1872
f 773 1871 1403
f 1403 1871 1404
f 675 674 1405
f 1405 674 1402
f 1864 1873 1865
f 1865 1873 1874
f 638 1843 635
f 635 1843 1510
f 1344 1343 1511
f 1511 1343 1509
f 772 1539 773
f 773 1539 1871
f 674 1200 1402
f 1402 1200 1545
f 1538 1286 1763
f 1763 1286 683
f 1444 1443 1875
f 1875 1443 1876
f 1875 1876 1831
f 1831 1876 1832
f 1416 1344 1872
f 1872 1344 1511
f 1877 1878 774
f 774 1878 1879
f 1878 1847 1879
f 1879 1847 1846
f 1880 714 1881
f 1881 714 1848
f 1401 1444 1861
f 1861 1444 1875
f 1861 1875 636
f 636 1875 1831
f 1823 1863 1882
f 1882 1863 1862
f 1441 1440 1884
f 1884 1440 1883
f 1883 1852 1884
f 1884 1852 1851
f 1886 1887 1885
f 1885 1887 1888
f 1358 1889 1359
f 1359 1889 1890
f 1891 1886 1892
f 1892 1886 1885
f 774 1879 775
f 775 1879 1893
f 1859 1893 1846
f 1846 1893 1879
f 713 1842 1849
f 1849 1842 1860
f 1318 1895 1894
f 1894 1895 1896
f 1873 1897 1874
f 1874 1897 1898
f 1898 605 1899
f 1899 605 675
f 1405 1844 675
f 675 1844 1899
f 1404 1845 1405
f 1405 1845 1844
f 593 1296 591
f 591 1296 1809
f 1295 1292 1900
f 1900 1292 1895
f 606 1897 1291
f 1291 1897 1896
f 1510 1845 1511
f 1511 1845 1872
f 1871 1872 1404
f 1404 1872 1845
f 1866 770 1762
f 1762 770 1546
f 1762 682 1866
f 1866 682 1867
f 1870 1868 1272
f 1272 1868 681
f 1272 717 1870
f 1870 717 720
f 1870 720 786
f 786 720 1433
f 786 1433 787
f 787 1433 1432
f 1261 1414 1432
f 1432 1414 787
f 1389 1234 1260
f 1260 1234 1415
f 1719 1670 1388
f 1388 1670 1235
f 1718 1671 1719
f 1719 1671 1670
f 1705 1747 1718
f 1718 1747 1671
f 1659 1901 1704
f 1704 1901 1748
f 1877 1903 1902
f 1902 1903 1904
f 1259 1905 1390
f 1390 1905 1394
f 1715 1720 1393
f 1393 1720 1391
f 1716 1721 1715
f 1715 1721 1720
f 1698 1706 1716
f 1716 1706 1721
f 277 276 47
f 47 276 48
f 84 96 81
f 81 96 82
f 80 70 81
f 81 70 85
f 99 97 88
f 88 97 89
f 90 100 88
f 88 100 99
f 101 95 102
f 102 95 94
f 1906 1907 280
f 280 1907 281
f 97 86 89
f 89 86 85
f 60 282 61
f 61 282 281
f 83 82 46
f 46 82 47
f 293 292 420
f 420 292 421
f 419 1908 420
f 420 1908 1909
f 92 95 91
f 91 95 90
f 279 282 93
f 93 282 94
f 276 418 48
f 48 418 421
f 1910 1660 1697
f 1697 1660 1707
f 1703 1624 1700
f 1700 1624 1644
f 1622 1910 1623
f 1623 1910 1697
f 1701 1700 1911
f 1911 1700 1661
f 1700 1644 1661
f 1661 1644 1658
f 1901 1737 1733
f 1733 1737 1645
f 1625 1912 1604
f 1604 1912 1731
f 1912 1913 1731
f 1731 1913 1914
f 1913 1577 1914
f 1914 1577 1572
f 1915 1578 1616
f 1616 1578 1618
f 1915 1916 1598
f 1598 1916 1743
f 1916 1574 1743
f 1743 1574 1573
f 1575 1917 1576
f 1576 1917 1597
f 1917 1609 1597
f 1597 1609 1594
f 1608 1611 1729
f 1729 1611 1610
f 1918 1612 1629
f 1629 1612 1630
f 1626 1918 1627
f 1627 1918 1629
f 1920 1921 1919
f 1919 1921 1922
f 1920 1924 1923
f 1923 1924 1925
f 1926 1927 1924
f 1924 1927 1925
f 1929 1930 1928
f 1928 1930 1931
f 1932 1933 1935
f 1935 1933 1934
f 1937 1938 1936
f 1936 1938 1939
f 1941 1942 1940
f 1940 1942 1943
f 1941 1945 1944
f 1944 1945 1946
f 1947 1948 1694
f 1694 1948 1949
f 1950 1951 1953
f 1953 1951 1952
f 1955 1956 1954
f 1954 1956 1589
f 1958 1956 1957
f 1957 1956 1932
f 1960 1934 1959
f 1959 1934 1933
f 1962 1963 1961
f 1961 1963 1964
f 1965 1955 1751
f 1751 1955 1954
f 1935 1930 1932
f 1932 1930 1957
f 1951 1950 1926
f 1926 1950 1929
f 1966 1967 1593
f 1593 1967 1590
f 1969 1967 1968
f 1968 1967 1964
f 1962 1921 1970
f 1970 1921 1971
f 1963 1945 1964
f 1964 1945 1968
f 1972 1948 1922
f 1922 1948 1919
f 1966 1972 1961
f 1961 1972 1922
f 1958 1953 1587
f 1587 1953 1560
f 1974 1975 1973
f 1973 1975 1976
f 1978 1979 1977
f 1977 1979 1691
f 1979 1975 1691
f 1691 1975 1586
f 1938 1942 1939
f 1939 1942 1980
f 1952 1947 1557
f 1557 1947 1694
f 1969 1978 1981
f 1981 1978 1977
f 1983 1984 1982
f 1982 1984 1985
f 1986 1987 1989
f 1989 1987 1988
f 1990 1991 1983
f 1983 1991 1984
f 1990 1993 1992
f 1992 1993 1994
f 1995 1996 1994
f 1994 1996 1997
f 1999 2000 1998
f 1998 2000 2001
f 2003 2004 2002
f 2002 2004 2005
f 2007 2008 2006
f 2006 2008 2009
f 2011 2012 2010
f 2010 2012 2013
f 2014 2015 2017
f 2017 2015 2016
f 2018 2019 2021
f 2021 2019 2020
f 2022 1989 2024
f 2024 1989 2023
f 1989 1988 2023
f 2023 1988 2025
f 2026 2027 2017
f 2017 2027 2014
f 2029 2030 2028
f 2028 2030 2031
f 2033 2034 2032
f 2032 2034 2035
f 2032 2035 2036
f 2036 2035 2037
f 2039 2040 2038
f 2038 2040 2041
f 1982 2042 1983
f 1983 2042 2043
f 2045 2046 2044
f 2044 2046 2047
f 2049 2050 2048
f 2048 2050 2051
f 2053 2054 2052
f 2052 2054 2055
f 2057 2058 2056
f 2056 2058 2059
f 2060 2061 2033
f 2033 2061 2034
f 2063 2064 2062
f 2062 2064 2065
f 2066 2035 2067
f 2067 2035 2034
f 2069 2039 2068
f 2068 2039 2038
f 2025 2070 2023
f 2023 2070 2071
f 2072 2024 2071
f 2071 2024 2023
f 2074 2020 2073
f 2073 2020 2019
f 2050 2049 2047
f 2047 2049 2075
f 1983 2043 1990
f 1990 2043 1993
f 2006 2050 2007
f 2007 2050 2076
f 2050 2006 2051
f 2051 2006 2077
f 2079 2080 2078
f 2078 2080 2081
f 2082 2083 2085
f 2085 2083 2084
f 2010 2013 2086
f 2086 2013 2087
f 2089 2033 2088
f 2088 2033 2032
f 2090 2060 2089
f 2089 2060 2033
f 2092 2093 2091
f 2091 2093 2094
f 2096 1986 2095
f 2095 1986 2097
f 2097 1986 2022
f 2022 1986 1989
f 2015 2094 2016
f 2016 2094 2098
f 2016 2098 2100
f 2100 2098 2099
f 2017 2016 2101
f 2101 2016 2100
f 2017 2101 2026
f 2026 2101 2102
f 2100 2099 2104
f 2104 2099 2103
f 2104 2105 2100
f 2100 2105 2101
f 2105 2106 2101
f 2101 2106 2102
f 2108 2061 2107
f 2107 2061 2109
f 2111 2112 2110
f 2110 2112 2020
f 2020 2074 2110
f 2110 2074 2113
f 2115 2116 2114
f 2114 2116 2117
f 2118 2119 1995
f 1995 2119 2120
f 2121 2122 2027
f 2027 2122 2014
f 2047 2075 2044
f 2044 2075 2123
f 2124 2125 2127
f 2127 2125 2126
f 2129 2130 2128
f 2128 2130 2131
f 2132 2133 2057
f 2057 2133 2058
f 2134 1999 2136
f 2136 1999 2135
f 2055 2138 2137
f 2137 2138 2139
f 2141 2142 2140
f 2140 2142 2143
f 2083 2082 2064
f 2064 2082 2065
f 2082 2144 2065
f 2065 2144 2145
f 2040 2146 2041
f 2041 2146 2147
f 2060 2090 2148
f 2148 2090 2149
f 2048 2051 2137
f 2137 2051 2150
f 2151 1997 2135
f 2135 1997 1996
f 2152 2150 2077
f 2077 2150 2051
f 2046 2045 2118
f 2118 2045 2119
f 2154 2155 2153
f 2153 2155 2156
f 2158 2159 2157
f 2157 2159 2160
f 2162 2163 2161
f 2161 2163 2164
f 2164 2163 2165
f 2165 2163 2166
f 2168 2169 2167
f 2167 2169 2170
f 2003 2172 2171
f 2171 2172 2173
f 2174 2175 2002
f 2002 2175 2176
f 2145 2177 2065
f 2065 2177 2062
f 2178 2179 2180
f 2180 2179 2134
f 2181 2052 2152
f 2152 2052 2150
f 2040 2127 2146
f 2146 2127 2182
f 2130 2162 2131
f 2131 2162 2161
f 2052 2055 2150
f 2150 2055 2137
f 2184 2185 2183
f 2183 2185 2186
f 2159 2030 2160
f 2160 2030 2187
f 2146 2182 2029
f 2029 2182 2188
f 2189 2190 2192
f 2192 2190 2191
f 2172 2003 2176
f 2176 2003 2002
f 1998 2151 1999
f 1999 2151 2135
f 2177 2172 2062
f 2062 2172 2176
f 2172 2177 2173
f 2173 2177 2193
f 2063 2194 2064
f 2064 2194 2195
f 2066 2197 2196
f 2196 2197 2198
f 2002 2005 2174
f 2174 2005 2199
f 2004 2003 2200
f 2200 2003 2171
f 2198 2201 2171
f 2171 2201 2200
f 2197 2202 2198
f 2198 2202 2201
f 2202 2197 2203
f 2203 2197 2204
f 2196 2198 2173
f 2173 2198 2171
f 2205 2069 2170
f 2170 2069 2206
f 2197 2066 2204
f 2204 2066 2067
f 2107 2207 2108
f 2108 2207 2208
f 2210 2208 2209
f 2209 2208 2207
f 2185 2211 2212
f 2213 2214 2211
f 2211 2214 2212
f 1998 2001 2213
f 2213 2001 2214
f 2134 2215 1999
f 1999 2215 2000
f 2216 2217 2219
f 2219 2217 2218
f 2206 2220 2170
f 2170 2220 2167
f 2069 2068 2206
f 2206 2068 2221
f 2151 1998 2222
f 2222 1998 2213
f 2124 2039 2205
f 2205 2039 2069
f 2142 2223 2143
f 2143 2223 2128
f 2203 2186 2202
f 2202 2186 2185
f 2185 2184 2211
f 2211 2184 2224
f 2224 2225 2222
f 2222 2225 2226
f 2071 2227 2072
f 2072 2227 2228
f 2229 2074 2230
f 2230 2074 2073
f 2074 2229 2113
f 2113 2229 2231
f 2232 2225 2227
f 2227 2225 2224
f 2233 2234 2031
f 2031 2234 2028
f 2236 2231 2235
f 2235 2231 2229
f 2230 2183 2229
f 2229 2183 2235
f 2237 1987 2096
f 2096 1987 1986
f 2152 2238 2181
f 2181 2238 2239
f 2080 2240 2081
f 2081 2240 2241
f 2236 2242 1971
f 1971 2242 1970
f 1925 2113 1923
f 1923 2113 2231
f 2110 1927 2111
f 2111 1927 1928
f 2103 2111 1931
f 1931 2111 1928
f 1931 2243 2103
f 2103 2243 2104
f 2105 2104 2244
f 2244 2104 2243
f 1939 1980 2148
f 2148 1980 2109
f 1980 1944 2109
f 2109 1944 2107
f 1946 2245 2207
f 2207 2245 2209
f 2245 1970 2209
f 2209 1970 2242
f 2231 2236 1923
f 1923 2236 1971
f 2113 1925 2110
f 2110 1925 1927
f 2234 2246 2028
f 2028 2246 2147
f 2247 2248 2058
f 2058 2248 2059
f 2114 2117 2249
f 2249 2117 2250
f 2252 2253 2251
f 2251 2253 2254
f 2094 2015 2091
f 2091 2015 2255
f 2256 2255 2014
f 2014 2255 2015
f 2257 2145 2258
f 2258 2145 2144
f 2131 2161 2123
f 2123 2161 2044
f 2045 2044 2164
f 2164 2044 2161
f 2045 2164 2119
f 2119 2164 2165
f 2259 2120 2165
f 2165 2120 2119
f 2260 2261 2259
f 2259 2261 2120
f 2205 2262 2124
f 2124 2262 2125
f 2180 2263 2178
f 2178 2263 2264
f 2265 2266 2092
f 2092 2266 2093
f 1992 2267 2268
f 2184 2228 2224
f 2224 2228 2227
f 2048 2269 2049
f 2049 2269 2141
f 2129 2168 2157
f 2157 2168 2167
f 2049 2141 2075
f 2075 2141 2140
f 2199 2215 2270
f 2270 2215 2271
f 2142 2141 2272
f 2272 2141 2269
f 2089 2026 2090
f 2090 2026 2102
f 2146 2029 2147
f 2147 2029 2028
f 2111 2103 2112
f 2112 2103 2099
f 2061 2060 2109
f 2109 2060 2148
f 2273 2274 2041
f 2041 2274 2038
f 2260 2275 2261
f 2261 2275 2136
f 2057 2138 2132
f 2132 2138 2276
f 2272 2269 2056
f 2056 2269 2139
f 2277 2278 2270
f 2270 2278 2199
f 2029 2188 2030
f 2030 2188 2187
f 2040 2039 2127
f 2127 2039 2124
f 2064 2195 2083
f 2083 2195 2279
f 2056 2139 2057
f 2057 2139 2138
f 2278 2277 2247
f 2247 2277 2248
f 2062 2176 2063
f 2063 2176 2175
f 2280 2210 2242
f 2242 2210 2209
f 2282 2233 2281
f 2281 2233 2031
f 2216 2219 2283
f 2283 2219 2221
f 2158 2220 2218
f 2218 2220 2219
f 2217 2282 2218
f 2218 2282 2281
f 2220 2158 2167
f 2167 2158 2157
f 2223 2264 2128
f 2128 2264 2263
f 2261 1996 2120
f 2120 1996 1995
f 2213 2211 2222
f 2222 2211 2224
f 2283 2221 2284
f 2284 2221 2068
f 2135 1996 2136
f 2136 1996 2261
f 2144 2081 2258
f 2258 2081 2241
f 2235 2280 2236
f 2236 2280 2242
f 2246 2273 2147
f 2147 2273 2041
f 2036 2285 2032
f 2032 2285 2088
f 2077 2286 2152
f 2152 2286 2238
f 1937 1960 1973
f 1973 1960 1959
f 2070 2232 2071
f 2071 2232 2227
f 2244 2287 2105
f 2105 2287 2106
f 1936 1939 2149
f 2149 1939 2148
f 1944 1946 2107
f 2107 1946 2207
f 2285 2121 2088
f 2088 2121 2027
f 2253 2249 2254
f 2254 2249 2250
f 2006 2009 2077
f 2077 2009 2286
f 2289 2086 2288
f 2288 2086 2087
f 2223 2142 2290
f 2290 2142 2272
f 2128 2131 2143
f 2143 2131 2123
f 2156 2291 2153
f 2153 2291 2175
f 2292 2293 2278
f 2278 2293 2294
f 2075 2140 2123
f 2123 2140 2143
f 2262 2169 2275
f 2275 2169 2180
f 2275 2180 2136
f 2136 2180 2134
f 2274 2284 2038
f 2038 2284 2068
f 2127 2126 2182
f 2182 2126 2166
f 2094 2093 2098
f 2098 2093 2021
f 2098 2021 2099
f 2099 2021 2112
f 2018 2021 2266
f 2266 2021 2093
f 2251 2289 2252
f 2252 2289 2288
f 1997 2151 2226
f 2226 2151 2222
f 2206 2221 2220
f 2220 2221 2219
f 2269 2048 2139
f 2139 2048 2137
f 2159 2158 2281
f 2281 2158 2218
f 2156 2155 2190
f 2190 2155 2191
f 1974 1965 1583
f 1583 1965 1751
f 2088 2027 2089
f 2089 2027 2026
f 2030 2159 2031
f 2031 2159 2281
f 2106 2149 2102
f 2102 2149 2090
f 2287 1936 2106
f 2106 1936 2149
f 2293 2154 2294
f 2294 2154 2153
f 2021 2020 2112
f 2247 2295 2278
f 2278 2295 2292
f 2284 2296 2283
f 2283 2296 2297
f 2298 2296 2274
f 2274 2296 2284
f 2273 2299 2274
f 2274 2299 2298
f 2246 2300 2273
f 2273 2300 2299
f 2283 2297 2216
f 2216 2297 2301
f 2216 2301 2217
f 2217 2301 2302
f 2302 2303 2217
f 2217 2303 2282
f 2304 2301 2305
f 2305 2301 2297
f 2307 2308 2306
f 2306 2308 2309
f 2306 2310 2307
f 2307 2310 2311
f 2307 2312 2308
f 2308 2312 2313
f 2314 2315 2312
f 2312 2315 2316
f 2316 2317 2312
f 2312 2317 2313
f 2317 2305 2313
f 2313 2305 2318
f 2314 2312 2311
f 2311 2312 2307
f 2319 2320 2322
f 2322 2320 2321
f 2322 2311 2319
f 2319 2311 2310
f 2313 2318 2308
f 2308 2318 2309
f 2296 2298 2318
f 2318 2298 2309
f 2309 2298 2323
f 2323 2298 2299
f 2306 2309 2324
f 2324 2309 2323
f 2310 2306 2325
f 2325 2306 2324
f 2296 2318 2297
f 2297 2318 2305
f 2319 2310 2326
f 2326 2310 2325
f 2328 2325 2327
f 2327 2325 2324
f 2325 2328 2326
f 2326 2328 2329
f 2331 2328 2330
f 2330 2328 2327
f 2332 2333 2327
f 2327 2333 2330
f 2328 2331 2329
f 2329 2331 2334
f 2324 2323 2327
f 2327 2323 2332
f 2300 2332 2299
f 2299 2332 2323
f 2326 2335 2319
f 2319 2335 2320
f 2305 2317 2336
f 2336 2317 2316
f 2336 2316 2337
f 2337 2316 2315
f 2338 2304 2336
f 2336 2304 2305
f 2337 2339 2336
f 2336 2339 2338
f 2337 2315 2341
f 2341 2315 2340
f 2342 2300 2234
f 2234 2300 2246
f 2303 2343 2282
f 2282 2343 2233
f 2234 2233 2342
f 2342 2233 2343
f 2342 2343 2333
f 2333 2343 2344
f 2333 2344 2330
f 2330 2344 2345
f 2346 2344 2303
f 2303 2344 2343
f 2332 2300 2333
f 2333 2300 2342
f 2347 2346 2302
f 2302 2346 2303
f 2301 2304 2302
f 2302 2304 2347
f 2304 2338 2347
f 2347 2338 2348
f 2348 2349 2347
f 2347 2349 2346
f 2350 2351 2348
f 2348 2351 2349
f 2349 2345 2346
f 2346 2345 2344
f 2345 2349 2352
f 2352 2349 2351
f 2338 2339 2348
f 2348 2339 2350
f 2350 2339 2353
f 2353 2339 2354
f 2356 2357 2355
f 2355 2357 2353
f 2351 2350 2357
f 2357 2350 2353
f 2353 2354 2355
f 2355 2354 2335
f 2320 2335 2341
f 2341 2335 2354
f 2339 2337 2354
f 2354 2337 2341
f 2352 2331 2345
f 2345 2331 2330
f 2356 2334 2352
f 2352 2334 2331
f 2356 2352 2357
f 2357 2352 2351
f 2355 2329 2356
f 2356 2329 2334
f 2335 2326 2355
f 2355 2326 2329
f 2321 2314 2322
f 2322 2314 2311
f 2321 2320 2340
f 2340 2320 2341
f 2315 2314 2340
f 2340 2314 2321
f 2125 2260 2126
f 2126 2260 2259
f 2157 2160 2129
f 2129 2160 2130
f 2188 2163 2187
f 2187 2163 2162
f 2182 2166 2188
f 2188 2166 2163
f 2180 2169 2263
f 2263 2169 2168
f 2160 2187 2130
f 2130 2187 2162
f 2275 2260 2262
f 2262 2260 2125
f 2128 2263 2129
f 2129 2263 2168
f 2262 2205 2169
f 2169 2205 2170
f 2165 2166 2259
f 2259 2166 2126
f 2359 2360 2358
f 2358 2360 2361
f 2363 2364 2362
f 2362 2364 2365
f 2367 2363 2366
f 2366 2363 2362
f 2368 2369 2371
f 2371 2369 2370
f 2372 2373 2248
f 2248 2373 2059
f 2364 2374 2365
f 2365 2374 2375
f 2377 2378 2376
f 2376 2378 2379
f 2290 2380 2223
f 2223 2380 2381
f 2223 2381 2264
f 2264 2381 2382
f 2384 2385 2383
f 2383 2385 2386
f 2364 2371 2374
f 2374 2371 2387
f 2059 2373 2290
f 2290 2373 2380
f 2378 2360 2379
f 2379 2360 2388
f 2374 2387 2359
f 2359 2387 2389
f 2390 2367 2386
f 2386 2367 2391
f 2393 2394 2392
f 2392 2394 2395
f 2386 2391 2383
f 2383 2391 2396
f 2367 2366 2391
f 2391 2366 2397
f 2363 2367 2368
f 2368 2367 2390
f 2398 2399 2361
f 2361 2399 2358
f 2399 2400 2358
f 2358 2400 2375
f 2390 2401 2368
f 2368 2401 2369
f 2372 2384 2376
f 2376 2384 2383
f 2374 2359 2375
f 2375 2359 2358
f 2402 2403 2365
f 2365 2403 2362
f 2359 2389 2360
f 2360 2389 2388
f 2364 2363 2371
f 2371 2363 2368
f 2405 2398 2404
f 2404 2398 2361
f 2392 2395 2406
f 2406 2395 2397
f 2377 2396 2394
f 2394 2396 2395
f 2394 2393 2404
f 2404 2393 2405
f 2396 2377 2383
f 2383 2377 2376
f 2406 2397 2407
f 2407 2397 2366
f 2400 2402 2375
f 2375 2402 2365
f 2385 2270 2401
f 2401 2270 2271
f 2403 2407 2362
f 2362 2407 2366
f 2371 2370 2387
f 2387 2370 2382
f 2391 2397 2396
f 2396 2397 2395
f 2378 2377 2404
f 2404 2377 2394
f 2360 2378 2361
f 2361 2378 2404
f 2407 2408 2406
f 2406 2408 2409
f 2410 2408 2403
f 2403 2408 2407
f 2411 2410 2402
f 2402 2410 2403
f 2412 2411 2400
f 2400 2411 2402
f 2406 2409 2392
f 2392 2409 2413
f 2392 2413 2393
f 2393 2413 2414
f 2415 2405 2414
f 2414 2405 2393
f 2416 2413 2417
f 2417 2413 2409
f 2419 2420 2418
f 2418 2420 2421
f 2420 2422 2421
f 2421 2422 2423
f 2420 2424 2422
f 2422 2424 2425
f 2426 2427 2424
f 2424 2427 2428
f 2428 2429 2424
f 2424 2429 2425
f 2426 2424 2419
f 2419 2424 2420
f 2419 2418 2431
f 2431 2418 2430
f 2425 2432 2422
f 2422 2432 2423
f 2408 2410 2432
f 2432 2410 2423
f 2423 2410 2433
f 2433 2410 2411
f 2421 2423 2434
f 2434 2423 2433
f 2435 2418 2434
f 2434 2418 2421
f 2429 2417 2425
f 2425 2417 2432
f 2408 2432 2409
f 2409 2432 2417
f 2418 2435 2430
f 2430 2435 2436
f 2438 2435 2437
f 2437 2435 2434
f 2435 2438 2436
f 2436 2438 2439
f 2441 2438 2440
f 2440 2438 2437
f 2442 2443 2437
f 2437 2443 2440
f 2439 2438 2444
f 2444 2438 2441
f 2433 2442 2434
f 2434 2442 2437
f 2412 2442 2411
f 2411 2442 2433
f 2436 2445 2430
f 2430 2445 2446
f 2430 2446 2431
f 2431 2446 2447
f 2417 2429 2448
f 2448 2429 2428
f 2427 2449 2428
f 2428 2449 2448
f 2450 2416 2448
f 2448 2416 2417
f 2451 2450 2449
f 2449 2450 2448
f 2427 2452 2449
f 2449 2452 2453
f 2447 2446 2452
f 2452 2446 2453
f 2454 2412 2399
f 2399 2412 2400
f 2415 2455 2405
f 2405 2455 2398
f 2399 2398 2454
f 2454 2398 2455
f 2454 2455 2443
f 2443 2455 2456
f 2443 2456 2440
f 2440 2456 2457
f 2458 2456 2415
f 2415 2456 2455
f 2443 2442 2454
f 2454 2442 2412
f 2459 2458 2414
f 2414 2458 2415
f 2413 2416 2414
f 2414 2416 2459
f 2459 2416 2460
f 2460 2416 2450
f 2460 2461 2459
f 2459 2461 2458
f 2462 2463 2460
f 2460 2463 2461
f 2461 2457 2458
f 2458 2457 2456
f 2457 2461 2464
f 2464 2461 2463
f 2451 2462 2450
f 2450 2462 2460
f 2462 2451 2465
f 2465 2451 2466
f 2468 2469 2467
f 2467 2469 2465
f 2463 2462 2469
f 2469 2462 2465
f 2465 2466 2467
f 2467 2466 2445
f 2446 2445 2453
f 2453 2445 2466
f 2451 2449 2466
f 2466 2449 2453
f 2464 2441 2457
f 2457 2441 2440
f 2468 2444 2464
f 2464 2444 2441
f 2468 2464 2469
f 2469 2464 2463
f 2467 2439 2468
f 2468 2439 2444
f 2445 2436 2467
f 2467 2436 2439
f 2447 2426 2431
f 2431 2426 2419
f 2427 2426 2452
f 2452 2426 2447
f 2369 2179 2370
f 2370 2179 2178
f 2376 2379 2372
f 2372 2379 2373
f 2389 2381 2388
f 2388 2381 2380
f 2387 2382 2389
f 2389 2382 2381
f 2270 2385 2277
f 2277 2385 2384
f 2379 2388 2373
f 2373 2388 2380
f 2401 2271 2369
f 2369 2271 2179
f 2248 2277 2372
f 2372 2277 2384
f 2401 2390 2385
f 2385 2390 2386
f 2264 2382 2178
f 2178 2382 2370
f 2215 2134 2271
f 2271 2134 2179
f 2005 2000 2199
f 2199 2000 2215
f 2004 2001 2005
f 2005 2001 2000
f 2200 2214 2004
f 2004 2214 2001
f 2470 2471 2473
f 2473 2471 2472
f 2475 2476 2474
f 2474 2476 2477
f 2479 2475 2478
f 2478 2475 2474
f 2481 2482 2480
f 2480 2482 2483
f 2476 2484 2477
f 2477 2484 2485
f 2487 2488 2486
f 2486 2488 2489
f 2133 2490 2058
f 2058 2490 2491
f 2058 2491 2247
f 2247 2491 2492
f 2494 2495 2493
f 2493 2495 2496
f 2476 2483 2484
f 2484 2483 2497
f 2472 2498 2488
f 2488 2498 2489
f 2484 2497 2471
f 2471 2497 2499
f 2500 2479 2496
f 2496 2479 2501
f 2502 2503 2505
f 2505 2503 2504
f 2496 2501 2493
f 2493 2501 2506
f 2479 2478 2501
f 2501 2478 2507
f 2475 2479 2480
f 2480 2479 2500
f 2508 2509 2473
f 2473 2509 2470
f 2509 2510 2470
f 2470 2510 2485
f 2511 2481 2500
f 2500 2481 2480
f 2512 2494 2486
f 2486 2494 2493
f 2485 2484 2470
f 2470 2484 2471
f 2513 2514 2477
f 2477 2514 2474
f 2471 2499 2472
f 2472 2499 2498
f 2476 2475 2483
f 2483 2475 2480
f 2516 2508 2515
f 2515 2508 2473
f 2502 2505 2517
f 2517 2505 2507
f 2504 2487 2505
f 2505 2487 2506
f 2503 2516 2504
f 2504 2516 2515
f 2506 2487 2493
f 2493 2487 2486
f 2517 2507 2518
f 2518 2507 2478
f 2510 2513 2485
f 2485 2513 2477
f 2511 2495 2293
f 2293 2495 2154
f 2514 2518 2474
f 2474 2518 2478
f 2483 2482 2497
f 2497 2482 2492
f 2501 2507 2506
f 2506 2507 2505
f 2488 2487 2515
f 2515 2487 2504
f 2472 2488 2473
f 2473 2488 2515
f 2518 2519 2517
f 2517 2519 2520
f 2521 2519 2514
f 2514 2519 2518
f 2522 2521 2513
f 2513 2521 2514
f 2523 2522 2510
f 2510 2522 2513
f 2517 2520 2502
f 2502 2520 2524
f 2502 2524 2503
f 2503 2524 2525
f 2525 2526 2503
f 2503 2526 2516
f 2527 2524 2528
f 2528 2524 2520
f 2530 2531 2529
f 2529 2531 2532
f 2531 2533 2532
f 2532 2533 2534
f 2531 2535 2533
f 2533 2535 2536
f 2537 2538 2535
f 2535 2538 2539
f 2539 2540 2535
f 2535 2540 2536
f 2537 2535 2530
f 2530 2535 2531
f 2529 2541 2530
f 2530 2541 2542
f 2543 2534 2536
f 2536 2534 2533
f 2519 2521 2543
f 2543 2521 2534
f 2534 2521 2544
f 2544 2521 2522
f 2532 2534 2545
f 2545 2534 2544
f 2529 2532 2546
f 2546 2532 2545
f 2536 2540 2543
f 2543 2540 2528
f 2519 2543 2520
f 2520 2543 2528
f 2541 2529 2547
f 2547 2529 2546
f 2548 2549 2545
f 2545 2549 2546
f 2549 2550 2546
f 2546 2550 2547
f 2551 2552 2548
f 2548 2552 2549
f 2548 2553 2551
f 2551 2553 2554
f 2550 2549 2555
f 2555 2549 2552
f 2545 2544 2548
f 2548 2544 2553
f 2523 2553 2522
f 2522 2553 2544
f 2547 2556 2541
f 2541 2556 2557
f 2541 2557 2542
f 2542 2557 2558
f 2528 2540 2559
f 2559 2540 2539
f 2538 2560 2539
f 2539 2560 2559
f 2561 2527 2559
f 2559 2527 2528
f 2560 2562 2559
f 2559 2562 2561
f 2560 2538 2564
f 2564 2538 2563
f 2558 2557 2563
f 2563 2557 2564
f 2565 2523 2509
f 2509 2523 2510
f 2526 2566 2516
f 2516 2566 2508
f 2509 2508 2565
f 2565 2508 2566
f 2565 2566 2554
f 2554 2566 2567
f 2554 2567 2551
f 2551 2567 2568
f 2569 2567 2526
f 2526 2567 2566
f 2553 2523 2554
f 2554 2523 2565
f 2570 2569 2525
f 2525 2569 2526
f 2524 2527 2525
f 2525 2527 2570
f 2527 2561 2570
f 2570 2561 2571
f 2571 2572 2570
f 2570 2572 2569
f 2573 2574 2571
f 2571 2574 2572
f 2572 2568 2569
f 2569 2568 2567
f 2568 2572 2575
f 2575 2572 2574
f 2562 2573 2561
f 2561 2573 2571
f 2573 2562 2576
f 2576 2562 2577
f 2579 2580 2578
f 2578 2580 2576
f 2574 2573 2580
f 2580 2573 2576
f 2576 2577 2578
f 2578 2577 2556
f 2557 2556 2564
f 2564 2556 2577
f 2562 2560 2577
f 2577 2560 2564
f 2575 2552 2568
f 2568 2552 2551
f 2579 2555 2575
f 2575 2555 2552
f 2579 2575 2580
f 2580 2575 2574
f 2550 2555 2578
f 2578 2555 2579
f 2556 2547 2578
f 2578 2547 2550
f 2558 2537 2542
f 2542 2537 2530
f 2538 2537 2563
f 2563 2537 2558
f 2292 2295 2481
f 2481 2295 2482
f 2486 2489 2512
f 2512 2489 2581
f 2499 2491 2498
f 2498 2491 2490
f 2497 2492 2499
f 2499 2492 2491
f 2155 2154 2494
f 2494 2154 2495
f 2581 2489 2490
f 2490 2489 2498
f 2293 2292 2511
f 2511 2292 2481
f 2191 2155 2512
f 2512 2155 2494
f 2500 2496 2511
f 2511 2496 2495
f 2247 2492 2295
f 2295 2492 2482
f 2583 2584 2582
f 2582 2584 2585
f 2587 2588 2586
f 2586 2588 2589
f 2591 2587 2590
f 2590 2587 2586
f 2593 2594 2592
f 2592 2594 2595
f 2596 2597 2599
f 2599 2597 2598
f 2588 2600 2589
f 2589 2600 2601
f 2602 2603 2605
f 2605 2603 2604
f 2606 2607 2609
f 2609 2607 2608
f 2609 2608 2190
f 2190 2608 2610
f 2611 2612 2614
f 2614 2612 2613
f 2600 2588 2615
f 2615 2588 2595
f 2599 2598 2606
f 2606 2598 2607
f 2584 2616 2604
f 2604 2616 2605
f 2600 2615 2583
f 2583 2615 2617
f 2591 2619 2618
f 2618 2619 2614
f 2621 2622 2620
f 2620 2622 2623
f 2619 2624 2614
f 2614 2624 2611
f 2591 2590 2619
f 2619 2590 2625
f 2587 2591 2592
f 2592 2591 2618
f 2626 2627 2585
f 2585 2627 2582
f 2627 2628 2582
f 2582 2628 2601
f 2629 2593 2618
f 2618 2593 2592
f 2602 2597 2611
f 2611 2597 2612
f 2600 2583 2601
f 2601 2583 2582
f 2630 2631 2589
f 2589 2631 2586
f 2583 2617 2584
f 2584 2617 2616
f 2588 2587 2595
f 2595 2587 2592
f 2633 2626 2632
f 2632 2626 2585
f 2620 2623 2634
f 2634 2623 2625
f 2622 2603 2623
f 2623 2603 2624
f 2621 2633 2622
f 2622 2633 2632
f 2611 2624 2602
f 2602 2624 2603
f 2634 2625 2635
f 2635 2625 2590
f 2628 2630 2601
f 2601 2630 2589
f 2613 2195 2629
f 2629 2195 2194
f 2631 2635 2586
f 2586 2635 2590
f 2595 2594 2615
f 2615 2594 2610
f 2619 2625 2624
f 2624 2625 2623
f 2632 2604 2622
f 2622 2604 2603
f 2585 2584 2632
f 2632 2584 2604
f 2635 2636 2634
f 2634 2636 2637
f 2638 2636 2631
f 2631 2636 2635
f 2639 2638 2630
f 2630 2638 2631
f 2640 2639 2628
f 2628 2639 2630
f 2634 2637 2620
f 2620 2637 2641
f 2620 2641 2621
f 2621 2641 2642
f 2642 2643 2621
f 2621 2643 2633
f 2641 2637 2644
f 2644 2637 2645
f 2646 2647 2649
f 2649 2647 2648
f 2648 2650 2649
f 2649 2650 2651
f 2648 2652 2650
f 2650 2652 2653
f 2652 2654 2656
f 2656 2654 2655
f 2656 2657 2652
f 2652 2657 2653
f 2654 2652 2647
f 2647 2652 2648
f 2647 2646 2659
f 2659 2646 2658
f 2660 2651 2653
f 2653 2651 2650
f 2636 2638 2660
f 2660 2638 2651
f 2651 2638 2661
f 2661 2638 2639
f 2651 2661 2649
f 2649 2661 2662
f 2663 2646 2662
f 2662 2646 2649
f 2653 2657 2660
f 2660 2657 2645
f 2636 2660 2637
f 2637 2660 2645
f 2646 2663 2658
f 2658 2663 2664
f 2665 2666 2662
f 2662 2666 2663
f 2666 2667 2663
f 2663 2667 2664
f 2668 2669 2665
f 2665 2669 2666
f 2665 2670 2668
f 2668 2670 2671
f 2667 2666 2672
f 2672 2666 2669
f 2662 2661 2665
f 2665 2661 2670
f 2640 2670 2639
f 2639 2670 2661
f 2673 2674 2664
f 2664 2674 2658
f 2658 2674 2659
f 2659 2674 2675
f 2645 2657 2676
f 2676 2657 2656
f 2677 2676 2655
f 2655 2676 2656
f 2676 2678 2645
f 2645 2678 2644
f 2677 2679 2676
f 2676 2679 2678
f 2655 2680 2677
f 2677 2680 2681
f 2675 2674 2680
f 2680 2674 2681
f 2682 2640 2627
f 2627 2640 2628
f 2643 2683 2633
f 2633 2683 2626
f 2682 2627 2683
f 2683 2627 2626
f 2683 2684 2682
f 2682 2684 2671
f 2684 2685 2671
f 2671 2685 2668
f 2686 2684 2643
f 2643 2684 2683
f 2670 2640 2671
f 2671 2640 2682
f 2687 2686 2642
f 2642 2686 2643
f 2642 2641 2687
f 2687 2641 2644
f 2687 2644 2688
f 2688 2644 2678
f 2688 2689 2687
f 2687 2689 2686
f 2690 2691 2688
f 2688 2691 2689
f 2689 2685 2686
f 2686 2685 2684
f 2685 2689 2692
f 2692 2689 2691
f 2679 2690 2678
f 2678 2690 2688
f 2690 2679 2693
f 2693 2679 2694
f 2696 2697 2695
f 2695 2697 2693
f 2691 2690 2697
f 2697 2690 2693
f 2693 2694 2695
f 2695 2694 2673
f 2674 2673 2681
f 2681 2673 2694
f 2679 2677 2694
f 2694 2677 2681
f 2685 2692 2668
f 2668 2692 2669
f 2696 2672 2692
f 2692 2672 2669
f 2696 2692 2697
f 2697 2692 2691
f 2695 2667 2696
f 2696 2667 2672
f 2673 2664 2695
f 2695 2664 2667
f 2675 2654 2659
f 2659 2654 2647
f 2655 2654 2680
f 2680 2654 2675
f 2291 2156 2593
f 2593 2156 2594
f 2597 2602 2598
f 2598 2602 2605
f 2616 2617 2607
f 2607 2617 2608
f 2615 2610 2617
f 2617 2610 2608
f 2597 2596 2612
f 2612 2596 2698
f 2598 2605 2607
f 2607 2605 2616
f 2194 2291 2629
f 2629 2291 2593
f 2629 2618 2613
f 2613 2618 2614
f 2190 2610 2156
f 2156 2610 2594
f 2700 2010 2699
f 2699 2010 2086
f 2267 2701 2116
f 2116 2701 2702
f 2116 2702 2117
f 2117 2702 2703
f 2704 2705 2250
f 2250 2705 2254
f 2011 2706 2267
f 2267 2706 2701
f 2699 2086 2707
f 2707 2086 2289
f 2010 2700 2011
f 2011 2700 2706
f 2708 2707 2251
f 2251 2707 2289
f 2703 2704 2117
f 2117 2704 2250
f 2705 2708 2254
f 2254 2708 2251
f 2709 2710 2708
f 2708 2710 2707
f 2711 2709 2705
f 2705 2709 2708
f 2712 2711 2704
f 2704 2711 2705
f 2713 2712 2703
f 2703 2712 2704
f 2707 2710 2699
f 2699 2710 2714
f 2699 2714 2700
f 2700 2714 2715
f 2716 2706 2715
f 2715 2706 2700
f 2714 2710 2717
f 2717 2710 2718
f 2720 2721 2719
f 2719 2721 2722
f 2721 2723 2722
f 2722 2723 2724
f 2721 2725 2723
f 2723 2725 2726
f 2727 2728 2725
f 2725 2728 2726
f 2729 2725 2720
f 2720 2725 2721
f 2731 2729 2730
f 2730 2729 2720
f 2719 2732 2720
f 2720 2732 2730
f 2726 2733 2723
f 2723 2733 2724
f 2709 2711 2733
f 2733 2711 2724
f 2724 2711 2734
f 2734 2711 2712
f 2722 2724 2735
f 2735 2724 2734
f 2719 2722 2736
f 2736 2722 2735
f 2726 2728 2733
f 2733 2728 2718
f 2709 2733 2710
f 2710 2733 2718
f 2732 2719 2737
f 2737 2719 2736
f 2738 2739 2735
f 2735 2739 2736
f 2739 2740 2736
f 2736 2740 2737
f 2741 2742 2738
f 2738 2742 2739
f 2738 2743 2741
f 2741 2743 2744
f 2740 2739 2745
f 2745 2739 2742
f 2735 2734 2738
f 2738 2734 2743
f 2713 2743 2712
f 2712 2743 2734
f 2737 2746 2732
f 2732 2746 2747
f 2732 2747 2730
f 2730 2747 2731
f 2718 2728 2748
f 2748 2728 2727
f 2749 2750 2727
f 2727 2750 2748
f 2748 2751 2718
f 2718 2751 2717
f 2750 2752 2748
f 2748 2752 2751
f 2750 2749 2754
f 2754 2749 2753
f 2731 2747 2753
f 2753 2747 2754
f 2727 2725 2749
f 2749 2725 2729
f 2749 2729 2753
f 2753 2729 2731
f 2702 2755 2703
f 2703 2755 2713
f 2706 2716 2701
f 2701 2716 2756
f 2755 2702 2756
f 2756 2702 2701
f 2756 2757 2755
f 2755 2757 2744
f 2757 2758 2744
f 2744 2758 2741
f 2759 2757 2716
f 2716 2757 2756
f 2743 2713 2744
f 2744 2713 2755
f 2760 2759 2715
f 2715 2759 2716
f 2715 2714 2760
f 2760 2714 2717
f 2760 2717 2761
f 2761 2717 2751
f 2761 2762 2760
f 2760 2762 2759
f 2763 2764 2761
f 2761 2764 2762
f 2762 2758 2759
f 2759 2758 2757
f 2758 2762 2765
f 2765 2762 2764
f 2752 2763 2751
f 2751 2763 2761
f 2763 2752 2766
f 2766 2752 2767
f 2768 2769 2766
f 2766 2769 2770
f 2764 2763 2770
f 2770 2763 2766
f 2766 2767 2768
f 2768 2767 2746
f 2747 2746 2754
f 2754 2746 2767
f 2752 2750 2767
f 2767 2750 2754
f 2758 2765 2741
f 2741 2765 2742
f 2769 2745 2765
f 2765 2745 2742
f 2769 2765 2770
f 2770 2765 2764
f 2768 2740 2769
f 2769 2740 2745
f 2746 2737 2768
f 2768 2737 2740
f 2201 2212 2200
f 2200 2212 2214
f 2201 2202 2212
f 2212 2202 2185
f 2512 2581 2191
f 2191 2581 2192
f 2059 2290 2056
f 2056 2290 2272
f 2174 2199 2294
f 2294 2199 2278
f 2063 2175 2194
f 2194 2175 2291
f 2192 2581 2133
f 2133 2581 2490
f 2133 2132 2192
f 2192 2132 2189
f 2054 2276 2055
f 2055 2276 2138
f 2083 2279 2084
f 2084 2279 2771
f 2771 2279 2599
f 2599 2279 2596
f 2606 2772 2599
f 2599 2772 2771
f 2772 2773 2771
f 2771 2773 2084
f 2773 2774 2084
f 2084 2774 2085
f 2085 2775 2082
f 2082 2775 2144
f 2774 2078 2085
f 2085 2078 2775
f 2078 2774 2079
f 2079 2774 2776
f 2774 2773 2776
f 2776 2773 2777
f 2773 2772 2777
f 2777 2772 2778
f 2190 2189 2609
f 2609 2189 2778
f 2053 2052 2779
f 2779 2052 2181
f 2144 2775 2081
f 2081 2775 2078
f 2294 2153 2174
f 2174 2153 2175
f 2132 2276 2189
f 2189 2276 2778
f 2606 2609 2772
f 2772 2609 2778
f 2195 2613 2698
f 2698 2613 2612
f 2596 2279 2698
f 2698 2279 2195
f 2054 2777 2276
f 2276 2777 2778
f 2777 2054 2776
f 2776 2054 2053
f 2053 2779 2776
f 2776 2779 2079
f 2779 2181 2079
f 2079 2181 2080
f 2181 2239 2080
f 2080 2239 2240
f 2122 2256 2014
f 2042 1982 2076
f 2076 1982 2007
f 1982 1985 2007
f 2007 1985 2008
f 2095 2097 2265
f 2265 2097 2266
f 2076 2050 2042
f 2042 2050 2047
f 2046 2043 2047
f 2047 2043 2042
f 2118 1993 2046
f 2046 1993 2043
f 1995 1994 2118
f 2118 1994 1993
f 2267 1992 2011
f 2011 1992 2012
f 1997 2012 1994
f 1994 2012 1992
f 2226 2013 1997
f 1997 2013 2012
f 2225 2087 2226
f 2226 2087 2013
f 2225 2232 2087
f 2087 2232 2288
f 2232 2070 2288
f 2288 2070 2252
f 2070 2025 2252
f 2252 2025 2253
f 1988 2249 2025
f 2025 2249 2253
f 2116 2115 2267
f 2267 2115 2268
f 2096 1984 2237
f 2237 1984 1991
f 2095 1985 2096
f 2096 1985 1984
f 2265 2008 2095
f 2095 2008 1985
f 2092 2009 2265
f 2265 2009 2008
f 2091 2286 2092
f 2092 2286 2009
f 2255 2238 2091
f 2091 2238 2286
f 2256 2239 2255
f 2255 2239 2238
f 2122 2240 2256
f 2256 2240 2239
f 2121 2241 2122
f 2122 2241 2240
f 2022 2018 2097
f 2097 2018 2266
f 2022 2024 2018
f 2018 2024 2019
f 2024 2072 2019
f 2019 2072 2073
f 2072 2228 2073
f 2073 2228 2230
f 2228 2184 2230
f 2230 2184 2183
f 2121 2285 2241
f 2241 2285 2258
f 2285 2036 2258
f 2258 2036 2257
f 2177 2145 2193
f 2193 2145 2257
f 2173 2193 2196
f 2196 2193 2037
f 2036 2037 2257
f 2257 2037 2193
f 2196 2037 2066
f 2066 2037 2035
f 2061 2108 2034
f 2034 2108 2067
f 2108 2208 2067
f 2067 2208 2204
f 2208 2210 2204
f 2204 2210 2203
f 2210 2280 2203
f 2203 2280 2186
f 2183 2186 2235
f 2235 2186 2280
f 1987 2114 1988
f 1988 2114 2249
f 2237 2115 1987
f 1987 2115 2114
f 1991 2268 2237
f 2237 2268 2115
f 1991 1990 2268
f 2268 1990 1992
f 107 110 2781
f 2781 110 2780
f 117 2782 118
f 118 2782 2783
f 119 2784 120
f 120 2784 2785
f 125 2786 126
f 126 2786 2787
f 127 2788 128
f 128 2788 2789
f 127 132 2788
f 2788 132 2790
f 231 230 2792
f 2792 230 2791
f 118 2783 119
f 119 2783 2784
f 241 243 2794
f 2794 243 2793
f 2781 2795 107
f 107 2795 352
f 120 2785 437
f 437 2785 2796
f 126 2787 110
f 110 2787 2780
f 455 2797 456
f 456 2797 2798
f 128 2789 457
f 457 2789 2799
f 456 2798 117
f 117 2798 2782
f 2794 2797 241
f 241 2797 455
f 457 2799 125
f 125 2799 2786
f 132 231 2790
f 2790 231 2792
f 230 437 2791
f 2791 437 2796
f 2792 2789 2790
f 2790 2789 2788
f 2785 2784 2801
f 2801 2784 2800
f 2786 2802 2787
f 2787 2802 2803
f 2792 2791 2805
f 2805 2791 2804
f 2784 2783 2800
f 2800 2783 2806
f 2785 2801 2796
f 2796 2801 2807
f 2787 2803 2780
f 2780 2803 2808
f 2789 2809 2799
f 2799 2809 2810
f 2799 2810 2786
f 2786 2810 2802
f 2791 2796 2804
f 2804 2796 2807
f 2789 2792 2809
f 2809 2792 2805
f 2812 2797 2811
f 2811 2797 2794
f 2809 2805 2810
f 2810 2805 2804
f 2810 2804 2802
f 2802 2804 2807
f 2802 2807 2803
f 2803 2807 2801
f 2808 2803 2800
f 2800 2803 2801
f 2814 699 2813
f 2813 699 698
f 2808 2815 2780
f 2780 2815 2781
f 2817 2782 2816
f 2816 2782 2798
f 2815 2818 2781
f 2781 2818 2795
f 2797 2812 2798
f 2798 2812 2816
f 2783 2782 2806
f 2806 2782 2817
f 2800 2806 2808
f 2808 2806 2815
f 2794 2793 2811
f 2811 2793 2819
f 174 201 384
f 384 201 362
f 200 1766 390
f 390 1766 1777
f 1777 1778 390
f 390 1778 398
f 1778 361 398
f 398 361 222
f 2820 2821 628
f 628 2821 629
f 1406 2820 790
f 790 2820 628
f 794 1415 1233
f 1233 1415 1234
f 1406 790 1407
f 1407 790 1312
f 1407 1312 2822
f 2822 1312 1316
f 2823 1380 1543
f 1543 1380 1379
f 1385 1738 1382
f 1382 1738 1383
f 1381 791 1382
f 1382 791 1386
f 791 794 1386
f 1386 794 1233
f 1259 1390 1260
f 1260 1390 1389
f 1905 1542 1394
f 1394 1542 1395
f 1410 1413 1397
f 1397 1413 1398
f 2821 1410 629
f 629 1410 1397
f 2823 2822 1380
f 1380 2822 1316
f 1392 1395 1378
f 1378 1395 1379
f 1738 1399 1383
f 1383 1399 1398
f 1388 1235 1389
f 1389 1235 1234
f 1393 1391 1394
f 1394 1391 1390
f 1381 1384 779
f 779 1384 780
f 1282 788 792
f 792 788 793
f 1431 1262 1432
f 1432 1262 1261
f 1400 1342 1408
f 1408 1342 1409
f 1508 1544 1411
f 1411 1544 1412
f 788 787 793
f 793 787 1414
f 2821 2820 1429
f 1429 2820 1430
f 2822 2823 1506
f 1506 2823 1507
f 778 1282 779
f 779 1282 792
f 2820 1406 1430
f 1430 1406 1409
f 1410 2821 1411
f 1411 2821 1429
f 1407 2822 1408
f 1408 2822 1506
f 1544 781 1412
f 1412 781 780
f 1260 1415 1261
f 1261 1415 1414
f 1334 2824 923
f 923 2824 924
f 2826 1268 2825
f 2825 1268 1267
f 769 1212 2827
f 2827 1212 2828
f 1492 1190 1266
f 1266 1190 1267
f 1488 2829 1489
f 1489 2829 2830
f 922 1329 923
f 923 1329 1328
f 1484 2831 1485
f 1485 2831 2832
f 1482 2833 1485
f 1485 2833 1486
f 1324 1493 1489
f 1489 1493 1490
f 1265 1491 1266
f 1266 1491 1490
f 2835 2836 2834
f 2834 2836 2837
f 1250 2838 2827
f 2827 2838 2839
f 1488 1491 2840
f 2840 1491 2841
f 1268 2826 2842
f 2842 2826 2843
f 2844 2845 1495
f 1495 2845 1496
f 1427 2847 2846
f 2846 2847 926
f 2829 1488 2848
f 2848 1488 2840
f 1329 922 2849
f 2849 922 927
f 2850 2851 768
f 768 2851 1213
f 1265 1268 2852
f 2852 1268 2842
f 1491 1265 2841
f 2841 1265 2852
f 2854 2855 2853
f 2853 2855 2856
f 2855 2857 2856
f 2856 2857 598
f 2857 2858 598
f 598 2858 595
f 2858 2859 595
f 595 2859 626
f 649 652 2860
f 2860 652 2861
f 639 642 2862
f 2862 642 2863
f 2864 705 2862
f 2862 705 639
f 2865 1418 2864
f 2864 1418 705
f 2866 2867 2865
f 2865 2867 1418
f 1760 1348 1761
f 1761 1348 2867
f 1764 2868 1197
f 1197 2868 1198
f 2869 611 2868
f 2868 611 1198
f 2870 612 2869
f 2869 612 611
f 1352 1350 944
f 944 1350 688
f 1350 1256 688
f 688 1256 685
f 1256 1255 685
f 685 1255 692
f 1255 2871 692
f 692 2871 2872
f 701 2873 698
f 698 2873 2813
f 2872 1349 692
f 692 1349 693
f 1696 1744 1574
f 1574 1744 1575
f 1753 1618 1577
f 1577 1618 1578
f 1729 1594 1608
f 1608 1594 1609
f 1725 1630 1611
f 1611 1630 1612
f 1604 1607 1625
f 1625 1607 1626
f 1624 1703 1625
f 1625 1703 1912
f 1703 1702 1912
f 1912 1702 1913
f 1702 1753 1913
f 1913 1753 1577
f 1598 1569 1915
f 1915 1569 1578
f 1616 1615 1915
f 1915 1615 1916
f 1615 1696 1916
f 1916 1696 1574
f 1744 1745 1575
f 1575 1745 1917
f 1745 1565 1917
f 1917 1565 1609
f 1568 1725 1608
f 1608 1725 1611
f 2874 1613 1918
f 1918 1613 1612
f 1607 2874 1626
f 1626 2874 1918
f 1610 1613 1562
f 1562 1613 1563
f 1547 1550 1570
f 1570 1550 1571
f 1573 1576 1580
f 1580 1576 1581
f 1553 1556 1595
f 1595 1556 1596
f 1556 1582 1596
f 1596 1582 1581
f 1551 1547 1599
f 1599 1547 1570
f 1731 1914 1601
f 1601 1914 1602
f 1686 1689 1605
f 1605 1689 1606
f 1598 1743 1599
f 1599 1743 1692
f 2874 1607 1723
f 1723 1607 1606
f 1727 1553 1730
f 1730 1553 1595
f 1600 1686 1601
f 1601 1686 1605
f 1914 1572 1602
f 1602 1572 1571
f 1579 1693 1580
f 1580 1693 1692
f 1613 2874 1563
f 1563 2874 1723
f 1561 1727 1562
f 1562 1727 1730
f 1949 1742 1548
f 1548 1742 1549
f 1694 1949 1552
f 1552 1949 1548
f 1954 1589 1554
f 1554 1589 1555
f 1693 1579 1558
f 1558 1579 1559
f 1561 1564 1584
f 1584 1564 1585
f 1582 1556 1588
f 1588 1556 1555
f 1600 1603 1591
f 1591 1603 1592
f 1981 1977 1687
f 1687 1977 1688
f 1564 1722 1585
f 1585 1722 1690
f 1551 1693 1552
f 1552 1693 1558
f 1751 1954 1728
f 1728 1954 1554
f 1590 1981 1591
f 1591 1981 1687
f 1603 1550 1592
f 1592 1550 1549
f 1977 1691 1688
f 1688 1691 1690
f 1587 1560 1588
f 1588 1560 1559
f 1727 1561 1728
f 1728 1561 1584
f 2875 1919 1947
f 1947 1919 1948
f 1557 1560 1952
f 1952 1560 1953
f 1933 1932 1955
f 1955 1932 1956
f 1587 1589 1958
f 1958 1589 1956
f 1959 1933 1965
f 1965 1933 1955
f 1961 1964 1966
f 1966 1964 1967
f 1981 1590 1969
f 1969 1590 1967
f 1742 1949 1972
f 1972 1949 1948
f 1593 1742 1966
f 1966 1742 1972
f 1957 1950 1958
f 1958 1950 1953
f 1583 1586 1974
f 1974 1586 1975
f 1940 1943 1978
f 1978 1943 1979
f 1943 1976 1979
f 1979 1976 1975
f 1951 2875 1952
f 1952 2875 1947
f 1968 1940 1969
f 1969 1940 1978
f 1973 1959 1974
f 1974 1959 1965
f 1923 1971 1920
f 1920 1971 1921
f 1919 2875 1920
f 1920 2875 1924
f 2875 1951 1924
f 1924 1951 1926
f 1950 1957 1929
f 1929 1957 1930
f 2244 2243 1934
f 1934 2243 1935
f 1973 1976 1937
f 1937 1976 1938
f 1944 1980 1941
f 1941 1980 1942
f 1940 1968 1941
f 1941 1968 1945
f 2287 2244 1960
f 1960 2244 1934
f 1970 2245 1962
f 1962 2245 1963
f 2243 1931 1935
f 1935 1931 1930
f 1927 1926 1928
f 1928 1926 1929
f 1961 1922 1962
f 1962 1922 1921
f 2245 1946 1963
f 1963 1946 1945
f 1976 1943 1938
f 1938 1943 1942
f 1936 2287 1937
f 1937 2287 1960
f 743 1238 608
f 608 1238 609
f 607 1811 608
f 608 1811 744
f 1304 2876 1305
f 1305 2876 2877
f 586 585 1298
f 1298 585 1299
f 585 702 1299
f 1299 702 1300
f 702 1428 1300
f 1300 1428 1301
f 1238 586 609
f 609 586 1298
f 2878 2879 1218
f 1218 2879 2877
f 2880 2881 1812
f 1812 2881 1819
f 2883 1821 2882
f 2882 1821 1820
f 2840 2841 620
f 620 2841 621
f 2842 2843 795
f 795 2843 796
f 892 895 2844
f 2844 895 2845
f 2848 2840 942
f 942 2840 620
f 2849 927 1202
f 1202 927 1203
f 2852 2842 1270
f 1270 2842 795
f 2841 2852 621
f 621 2852 1270
f 941 1759 942
f 942 1759 2884
f 659 929 1427
f 1427 929 2847
f 1237 2851 751
f 751 2851 2850
f 1216 2885 1217
f 1217 2885 1754
f 2887 734 2886
f 2886 734 733
f 2889 1816 2888
f 2888 1816 1815
f 2890 1245 2889
f 2889 1245 1816
f 1824 2891 1825
f 1825 2891 1246
f 2892 2893 2895
f 2895 2893 2894
f 1854 1833 1851
f 1851 1833 1832
f 1851 1832 1884
f 1884 1832 1876
f 1884 1876 1441
f 1441 1876 1443
f 1441 1443 1442
f 1442 1443 1446
f 1442 1446 2896
f 2896 1446 1507
f 2897 2823 2898
f 2898 2823 1543
f 1542 2899 1543
f 1543 2899 2898
f 1542 1905 2899
f 2899 1905 2900
f 1905 1259 2900
f 2900 1259 2901
f 1262 1431 2902
f 2902 1431 1904
f 1431 1434 1904
f 1904 1434 1902
f 1902 1434 2903
f 2903 1434 719
f 2903 719 2904
f 2904 719 718
f 1869 1881 718
f 718 1881 2904
f 1881 1869 1880
f 1880 1869 756
f 1880 756 2905
f 2905 756 755
f 2905 755 2906
f 2906 755 758
f 762 2907 763
f 763 2907 2908
f 724 723 2909
f 2909 723 894
f 796 895 723
f 723 895 894
f 2843 2845 796
f 796 2845 895
f 2826 1496 2843
f 2843 1496 2845
f 2825 1497 2826
f 2826 1497 1496
f 1189 2836 2825
f 2825 2836 1497
f 797 891 798
f 798 891 2837
f 802 888 797
f 797 888 891
f 2910 2911 2913
f 2913 2911 2912
f 1780 1783 2915
f 2915 1783 2914
f 2916 2917 831
f 831 2917 832
f 2918 2919 845
f 845 2919 846
f 2920 2916 847
f 847 2916 831
f 2921 2922 857
f 857 2922 858
f 2923 2924 860
f 860 2924 861
f 2919 2912 846
f 846 2912 887
f 2925 2920 940
f 940 2920 847
f 2924 2926 861
f 861 2926 1204
f 2917 2918 832
f 832 2918 845
f 2927 2928 1449
f 1449 2928 1450
f 2929 2930 889
f 889 2930 2931
f 2896 1507 2897
f 2897 1507 2823
f 2902 2901 1262
f 1262 2901 1259
f 2932 2933 750
f 750 2933 1236
f 2933 2934 1236
f 1236 2934 1835
f 2936 2937 2935
f 2935 2937 2938
f 2940 2941 2939
f 2939 2941 2942
f 2943 2944 1841
f 1841 2944 1842
f 2945 1860 2944
f 2944 1860 1842
f 2945 2946 1860
f 1860 2946 1859
f 1889 2947 1890
f 1890 2947 1856
f 1856 2947 1857
f 1857 2947 2948
f 2950 709 2949
f 2949 709 1829
f 2952 730 2951
f 2951 730 729
f 2866 2953 2867
f 2867 2953 1761
f 2953 2954 1761
f 1761 2954 1420
f 2954 2955 1420
f 1420 2955 742
f 2955 2956 742
f 742 2956 739
f 2956 2957 739
f 739 2957 760
f 2957 2958 760
f 760 2958 761
f 2958 2959 761
f 761 2959 2960
f 2959 2961 2960
f 2960 2961 2962
f 2963 2964 1839
f 1839 2964 1840
f 2964 2965 1840
f 1840 2965 2942
f 2966 2950 2939
f 2939 2950 2949
f 2935 2967 2936
f 2936 2967 2968
f 2969 2970 736
f 736 2970 735
f 734 2887 1815
f 1815 2887 2888
f 2887 2882 2888
f 2888 2882 2881
f 1819 1820 1817
f 1817 1820 748
f 1195 1757 1197
f 1197 1757 1424
f 1757 647 1424
f 1424 647 646
f 647 648 646
f 646 648 643
f 648 1271 643
f 643 1271 737
f 1271 725 737
f 737 725 765
f 725 724 765
f 765 724 762
f 762 724 2907
f 2907 724 2909
f 1254 1437 2909
f 2909 1437 2907
f 1438 1253 1836
f 1836 1253 1835
f 1836 1835 2938
f 2938 1835 2934
f 2971 2972 2935
f 2935 2972 2967
f 897 896 2969
f 2969 896 2970
f 1815 1814 734
f 734 1814 731
f 728 1215 896
f 896 1215 732
f 2885 1216 733
f 733 1216 2886
f 1216 1219 2886
f 2886 1219 2883
f 2876 1304 1821
f 1821 1304 749
f 1304 1303 749
f 749 1303 746
f 1818 2973 1817
f 1817 2973 1810
f 747 2974 1818
f 1818 2974 2973
f 747 746 2974
f 2974 746 1303
f 2976 2977 2975
f 2975 2977 2978
f 2976 2979 2901
f 2901 2979 2900
f 2980 2981 2982
f 2982 2981 2979
f 2981 2980 2983
f 2983 2980 2984
f 2985 2897 2983
f 2983 2897 2898
f 2987 2988 2986
f 2986 2988 2985
f 2896 2988 1442
f 1442 2988 1439
f 1903 2977 1904
f 1904 2977 2902
f 1856 1855 1890
f 1890 1855 2989
f 2989 2990 1890
f 1890 2990 1359
f 2990 2991 1359
f 1359 2991 1356
f 2946 2992 1859
f 1859 2992 1893
f 2992 2993 1893
f 1893 2993 775
f 2993 2994 775
f 775 2994 776
f 2986 1356 2987
f 2987 1356 2991
f 2975 2978 776
f 776 2978 777
f 2982 2994 2980
f 2980 2994 2995
f 1357 2984 2995
f 2995 2984 2980
f 2995 2996 1357
f 1357 2996 1358
f 2996 2997 1358
f 1358 2997 1889
f 2998 2999 2932
f 2932 2999 2933
f 2999 2971 2933
f 2933 2971 2934
f 1837 1836 2937
f 2937 1836 2938
f 2943 1841 2941
f 2941 1841 1838
f 3001 2944 3000
f 3000 2944 2943
f 3001 3002 2944
f 2944 3002 2945
f 3002 3003 2945
f 2945 3003 2946
f 2997 3003 1889
f 1889 3003 2947
f 2947 3003 2948
f 2948 3003 3002
f 3001 3004 3002
f 3002 3004 2948
f 3000 3005 3001
f 3001 3005 3004
f 2940 3006 3000
f 3000 3006 3005
f 2999 3007 2971
f 2971 3007 2972
f 2998 2951 2999
f 2999 2951 3007
f 3008 2952 2998
f 2998 2952 2951
f 2966 2965 2936
f 2936 2965 2937
f 2935 2938 2971
f 2971 2938 2934
f 3003 2997 2946
f 2946 2997 2992
f 2997 2996 2992
f 2992 2996 2993
f 2996 2995 2993
f 2993 2995 2994
f 1356 2986 1357
f 1357 2986 2984
f 2982 2975 2994
f 2994 2975 776
f 1844 1843 1899
f 1899 1843 3009
f 1843 638 3009
f 3009 638 3010
f 638 637 3010
f 3010 637 3011
f 637 1830 3011
f 3011 1830 3012
f 1830 1833 3012
f 3012 1833 2894
f 1833 1854 2894
f 2894 1854 2895
f 1854 1853 2895
f 2895 1853 1888
f 1858 1857 1885
f 1885 1857 1892
f 1899 3009 1898
f 1898 3009 1874
f 3009 3010 1874
f 1874 3010 1865
f 3010 3011 1865
f 1865 3011 1862
f 3011 3012 1862
f 1862 3012 1882
f 3012 2894 1882
f 1882 2894 2893
f 1850 2890 782
f 782 2890 2889
f 783 2880 1811
f 1811 2880 1812
f 744 1810 745
f 745 1810 2973
f 745 2973 805
f 805 2973 806
f 2973 2974 806
f 806 2974 815
f 1303 812 2974
f 2974 812 815
f 1303 1302 812
f 812 1302 1221
f 1307 3013 1302
f 1302 3013 1221
f 1734 3014 1633
f 1633 3014 1634
f 1646 1649 1636
f 1636 1649 1637
f 1654 1657 1641
f 1641 1657 1642
f 1639 1736 1636
f 1636 1736 1684
f 1716 1713 1698
f 1698 1713 1699
f 1718 1721 1705
f 1705 1721 1706
f 1653 1654 1709
f 1709 1654 1641
f 1620 1623 1714
f 1714 1623 1699
f 1712 1682 1714
f 1714 1682 1740
f 1668 1671 1746
f 1746 1671 1747
f 1752 1650 1749
f 1749 1650 1750
f 1750 1650 1709
f 1709 1650 1653
f 1632 1668 1633
f 1633 1668 1746
f 1649 1752 1637
f 1637 1752 1749
f 1682 1643 1740
f 1740 1643 1642
f 3014 1685 1634
f 1634 1685 1684
f 1704 1748 1705
f 1705 1748 1747
f 1697 1707 1698
f 1698 1707 1706
f 1739 1701 1621
f 1621 1701 1622
f 1567 1566 1647
f 1647 1566 1648
f 1664 1695 1651
f 1651 1695 1652
f 1614 1617 1655
f 1655 1617 1656
f 1704 1707 1659
f 1659 1707 1660
f 3014 1734 1662
f 1662 1734 1663
f 1650 1752 1651
f 1651 1752 1665
f 1741 1657 1667
f 1667 1657 1656
f 1695 1614 1652
f 1652 1614 1655
f 1724 1567 1726
f 1726 1567 1647
f 1645 1628 1733
f 1733 1628 1663
f 1685 3014 1726
f 1726 3014 1662
f 1620 1741 1621
f 1621 1741 1667
f 1566 1666 1648
f 1648 1666 1665
f 1658 1737 1659
f 1659 1737 1901
f 1911 1661 1910
f 1910 1661 1660
f 1701 1911 1622
f 1622 1911 1910
f 1732 1748 1733
f 1733 1748 1901
f 1857 2948 1892
f 1892 2948 3004
f 1892 3004 1891
f 1891 3004 3005
f 1828 3006 1829
f 1829 3006 2949
f 2967 736 2968
f 2968 736 710
f 2972 2969 2967
f 2967 2969 736
f 2969 2972 897
f 897 2972 3007
f 897 3007 729
f 729 3007 2951
f 3016 753 3015
f 3015 753 752
f 3018 767 3017
f 3017 767 766
f 3019 3020 1249
f 1249 3020 3021
f 2915 2914 3019
f 3019 2914 3020
f 3023 2914 3022
f 3022 2914 1783
f 2827 2839 769
f 769 2839 766
f 3025 2838 3024
f 3024 2838 3021
f 768 767 2850
f 2850 767 3026
f 2850 3026 751
f 751 3026 752
f 750 753 2932
f 2932 753 3027
f 3008 2998 3027
f 3027 2998 2932
f 3028 3029 3008
f 3008 3029 2952
f 3029 3030 2952
f 2952 3030 730
f 3032 3033 3031
f 3031 3033 3034
f 3036 3037 3035
f 3035 3037 3038
f 2870 3039 612
f 612 3039 3040
f 3041 3042 3031
f 3031 3042 3038
f 3034 1352 3043
f 3043 1352 944
f 612 3040 613
f 613 3040 3044
f 613 3044 1425
f 1425 3044 1422
f 3045 3042 669
f 669 3042 670
f 3041 3043 599
f 599 3043 600
f 772 771 1544
f 1544 771 781
f 1503 771 1866
f 1866 771 770
f 771 1503 781
f 781 1503 778
f 61 281 416
f 416 281 1907
f 283 103 3046
f 3046 103 3047
f 76 79 3048
f 3048 79 3049
f 280 76 1906
f 1906 76 3048
f 3051 335 3050
f 3050 335 334
f 3053 417 3052
f 3052 417 416
f 3055 435 3054
f 3054 435 434
f 428 435 419
f 419 435 1908
f 420 1909 293
f 293 1909 443
f 79 294 3049
f 3049 294 444
f 3057 444 3056
f 3056 444 443
f 3051 3058 335
f 335 3058 452
f 216 215 1332
f 1332 215 452
f 308 283 462
f 462 283 3046
f 3050 334 3059
f 3059 334 462
f 103 62 3047
f 3047 62 417
f 313 312 434
f 434 312 463
f 3061 574 3060
f 3060 574 573
f 1310 3062 1428
f 1428 3062 3063
f 1258 3064 1255
f 1255 3064 2871
f 932 3065 2853
f 2853 3065 3066
f 699 2814 931
f 931 2814 3067
f 3068 1301 3063
f 3063 1301 1428
f 571 574 1310
f 1310 574 3062
f 3060 573 3069
f 3069 573 1332
f 3070 3071 1906
f 1906 3071 1907
f 3072 3073 1908
f 1908 3073 1909
f 3075 2814 3074
f 3074 2814 2813
f 2854 3076 1258
f 1258 3076 3064
f 2871 3077 2872
f 2872 3077 3078
f 3074 2813 3079
f 3079 2813 2873
f 2872 3078 1349
f 1349 3078 3080
f 2873 701 3068
f 3068 701 1301
f 1330 1201 3080
f 3080 1201 1349
f 1264 1263 3081
f 3081 1263 3082
f 3083 3084 3082
f 3082 3084 3081
f 811 1448 3086
f 3086 1448 3085
f 808 811 3087
f 3087 811 3086
f 3088 3083 833
f 833 3083 3082
f 884 3089 885
f 885 3089 3090
f 3087 1790 808
f 808 1790 816
f 1790 3087 1787
f 1787 3087 3091
f 3092 3091 3086
f 3086 3091 3087
f 3093 3094 3084
f 3084 3094 3095
f 3089 3096 3090
f 3090 3096 3088
f 3097 3093 3083
f 3083 3093 3084
f 3099 3100 3098
f 3098 3100 1786
f 3101 1788 2913
f 2913 1788 3102
f 838 837 885
f 885 837 886
f 886 837 3103
f 3103 837 1541
f 3094 3093 3104
f 3104 3093 3097
f 3105 3106 3089
f 3089 3106 3096
f 3108 3109 3107
f 3107 3109 3110
f 3111 3112 3091
f 3091 3112 1787
f 3114 3108 3113
f 3113 3108 3107
f 3114 3115 3112
f 3112 3115 3102
f 3091 3092 3111
f 3111 3092 3116
f 839 838 835
f 835 838 836
f 885 3090 838
f 838 3090 836
f 3110 3117 1247
f 1247 3117 3118
f 1247 3118 1248
f 1248 3118 3119
f 3120 3121 3119
f 3119 3121 1248
f 1247 844 3110
f 3110 844 3107
f 844 843 3107
f 3107 843 3113
f 843 3099 3113
f 3113 3099 3122
f 1781 3123 3098
f 3098 3123 3124
f 2915 2931 1780
f 1780 2931 2930
f 3019 3125 2915
f 2915 3125 2931
f 890 3125 2834
f 2834 3125 1252
f 3125 3019 1252
f 1252 3019 1249
f 907 908 946
f 946 908 947
f 1185 1188 1369
f 1369 1188 948
f 954 957 951
f 951 957 952
f 910 965 953
f 953 965 950
f 905 958 960
f 960 958 961
f 3126 978 949
f 949 978 962
f 936 935 967
f 967 935 968
f 994 993 969
f 969 993 966
f 902 904 971
f 971 904 972
f 983 985 973
f 973 985 970
f 906 905 974
f 974 905 960
f 977 981 959
f 959 981 975
f 911 910 1143
f 1143 910 953
f 952 957 1142
f 1142 957 1145
f 911 1143 1366
f 1366 1143 1368
f 1185 1369 1145
f 1145 1369 1142
f 993 1519 966
f 966 1519 1456
f 965 1454 950
f 950 1454 1457
f 900 899 1459
f 1459 899 1460
f 988 991 1461
f 1461 991 1458
f 899 963 1460
f 1460 963 1462
f 985 987 970
f 970 987 1463
f 904 906 972
f 972 906 974
f 981 983 975
f 975 983 973
f 935 900 968
f 968 900 1459
f 991 994 1458
f 1458 994 969
f 1154 1526 1088
f 1088 1526 1089
f 1109 1112 1092
f 1092 1112 1093
f 1083 1098 1084
f 1084 1098 1097
f 1078 1471 1100
f 1100 1471 1101
f 1075 1078 1104
f 1104 1078 1100
f 1152 1154 1156
f 1156 1154 1088
f 1156 1155 1372
f 1372 1155 1373
f 1372 1373 1104
f 1104 1373 1075
f 1467 1109 1465
f 1465 1109 1092
f 1465 1182 1468
f 1468 1182 1184
f 1474 1470 1096
f 1096 1470 1097
f 1102 1101 1083
f 1083 1101 1098
f 1112 1531 1093
f 1093 1531 1529
f 1102 1073 1099
f 1099 1073 1072
f 1526 1154 1079
f 1079 1154 1080
f 1081 1091 1082
f 1082 1091 1094
f 1069 1068 1085
f 1085 1068 1086
f 1153 1151 1080
f 1080 1151 1058
f 1371 1177 1179
f 1179 1177 1176
f 1099 1072 1103
f 1103 1072 1176
f 1068 1071 1086
f 1086 1071 1073
f 1085 1084 1180
f 1180 1084 1469
f 1066 1065 1183
f 1183 1065 1181
f 1153 1152 1177
f 1177 1152 1178
f 1091 1081 1182
f 1182 1081 1183
f 1057 1525 1079
f 1079 1525 1527
f 1120 1117 1076
f 1076 1117 1077
f 1087 1090 1107
f 1107 1090 1108
f 1127 1126 1110
f 1110 1126 1111
f 1095 1116 1096
f 1096 1116 1115
f 1471 1078 1119
f 1119 1078 1077
f 1087 1107 1155
f 1155 1107 1158
f 1376 1374 1157
f 1157 1374 1158
f 1076 1075 1374
f 1374 1075 1373
f 1109 1467 1110
f 1110 1467 1472
f 1467 1466 1472
f 1472 1466 1473
f 1135 1475 1114
f 1114 1475 1115
f 1471 1119 1095
f 1095 1119 1116
f 1126 1532 1111
f 1111 1532 1530
f 914 1276 1480
f 1480 1276 1517
f 3127 3128 1223
f 1223 3128 1224
f 824 933 1455
f 1455 933 3129
f 3131 1448 3130
f 3130 1448 1447
f 3132 3133 1452
f 1452 3133 1453
f 3130 1447 1322
f 1322 1447 1455
f 933 1514 3129
f 3129 1514 3134
f 1161 3135 1480
f 1480 3135 1481
f 3128 3136 1224
f 1224 3136 1499
f 3133 1162 1453
f 1453 1162 1517
f 1515 3127 1535
f 1535 3127 1223
f 3095 3085 3131
f 3131 3085 1448
f 3137 3092 3085
f 3085 3092 3086
f 3138 3116 3137
f 3137 3116 3092
f 3110 3109 3117
f 3117 3109 3139
f 3105 3140 3117
f 3117 3140 3118
f 3140 3141 3118
f 3118 3141 3119
f 3142 3120 3141
f 3141 3120 3119
f 1498 3143 1277
f 1277 3143 882
f 3144 3145 1340
f 1340 3145 1339
f 1340 3146 3144
f 3144 3146 3147
f 3145 3144 3143
f 3143 3144 3148
f 871 901 872
f 872 901 1362
f 3149 3148 3147
f 3147 3148 3144
f 1208 3150 1209
f 3098 1786 1781
f 1781 1786 1782
f 2930 2929 3123
f 3123 2929 2911
f 1794 1791 2916
f 2916 1791 2917
f 1793 3101 2918
f 2918 3101 2919
f 1796 1794 2920
f 2920 1794 2916
f 3151 3152 2921
f 2921 3152 2922
f 3153 3154 2923
f 2923 3154 2924
f 2919 3101 2912
f 2912 3101 2913
f 3155 1796 2925
f 2925 1796 2920
f 3154 3156 2924
f 2924 3156 2926
f 1791 1793 2917
f 2917 1793 2918
f 3157 3158 2927
f 2927 3158 2928
f 1780 2930 1781
f 1781 2930 3123
f 2825 1267 1189
f 1189 1267 1190
f 2827 2828 1250
f 1250 2828 1251
f 1489 2830 1324
f 1324 2830 1325
f 923 1328 1334
f 1334 1328 1335
f 1485 2832 1482
f 1482 2832 1483
f 1266 1490 1492
f 1492 1490 1493
f 1333 1346 1334
f 1334 1346 2824
f 722 799 1492
f 1492 799 1190
f 664 657 1482
f 1482 657 2833
f 631 634 1324
f 1324 634 1493
f 2828 1494 1251
f 1251 1494 2835
f 1249 3021 1250
f 1250 3021 2838
f 798 2837 1189
f 1189 2837 2836
f 3100 842 3160
f 3160 842 3159
f 1788 3101 1789
f 1789 3101 1793
f 1792 816 1789
f 1789 816 1790
f 817 816 1795
f 1795 816 1792
f 938 817 1797
f 1797 817 1795
f 1796 3155 1797
f 1797 3155 1798
f 3155 3158 1798
f 1798 3158 1799
f 3157 3152 1801
f 1801 3152 1802
f 3151 3156 1803
f 1803 3156 1804
f 3154 3153 1805
f 1805 3153 1806
f 3153 3161 1806
f 1806 3161 1807
f 3099 843 3100
f 3100 843 842
f 1788 1787 3102
f 3102 1787 3112
f 2910 3115 3124
f 3124 3115 3122
f 3099 3098 3122
f 3122 3098 3124
f 416 1907 3052
f 3052 1907 3071
f 3046 3047 3163
f 3163 3047 3162
f 249 445 259
f 259 445 3164
f 425 3165 424
f 424 3165 461
f 408 410 329
f 329 410 330
f 39 331 40
f 40 331 332
f 305 304 423
f 423 304 464
f 385 254 458
f 458 254 392
f 250 415 251
f 251 415 412
f 233 337 234
f 234 337 3166
f 435 3055 1908
f 1908 3055 3072
f 443 1909 3056
f 3056 1909 3073
f 3167 3049 3057
f 3057 3049 444
f 452 3058 1332
f 1332 3058 3069
f 234 3166 346
f 346 3166 411
f 3046 3163 462
f 462 3163 3059
f 259 3164 260
f 260 3164 336
f 3047 417 3162
f 3162 417 3053
f 463 3168 434
f 434 3168 3054
f 454 830 425
f 425 830 3165
f 3062 3169 3063
f 3063 3169 3170
f 1355 1354 1534
f 1534 1354 3171
f 3063 3170 3068
f 3068 3170 3172
f 574 3061 3062
f 3062 3061 3169
f 1534 3171 1535
f 1535 3171 3173
f 3079 2873 3172
f 3172 2873 3068
f 2838 3025 2839
f 2839 3025 3174
f 3176 3177 3175
f 3175 3177 3178
f 3180 1125 3179
f 3179 1125 1128
f 3182 3183 3181
f 3181 3183 3184
f 1134 3185 1130
f 1130 3185 3182
f 3186 3187 3189
f 3189 3187 3188
f 3191 3189 3190
f 3190 3189 3188
f 1137 1122 3190
f 3190 1122 3192
f 3175 3178 3193
f 3193 3178 3194
f 3181 3184 3179
f 3179 3184 3195
f 3197 3198 3196
f 3196 3198 3180
f 3200 3178 3199
f 3199 3178 3177
f 3202 3196 3201
f 3201 3196 3195
f 3204 3184 3203
f 3203 3184 3183
f 3206 3207 3205
f 3205 3207 3186
f 3205 3186 3208
f 3208 3186 3189
f 3209 3208 3191
f 3191 3208 3189
f 3210 3194 3200
f 3200 3194 3178
f 3201 3195 3204
f 3204 3195 3184
f 3197 3211 3177
f 3177 3211 3199
f 3213 3214 3212
f 3212 3214 3215
f 3217 3218 3216
f 3216 3218 3219
f 3221 3222 3220
f 3220 3222 3223
f 3225 3226 3224
f 3224 3226 3227
f 3229 3230 3228
f 3228 3230 3231
f 3233 3234 3232
f 3232 3234 3235
f 3237 3238 3236
f 3236 3238 3239
f 3238 3240 3239
f 3239 3240 3241
f 3232 3235 3242
f 3242 3235 3243
f 3245 3246 3244
f 3244 3246 3247
f 3248 3249 3245
f 3245 3249 3246
f 3251 3252 3250
f 3250 3252 3253
f 3255 3252 3254
f 3254 3252 3251
f 3256 3257 3259
f 3259 3257 3258
f 3261 3262 3260
f 3260 3262 3263
f 3265 3263 3264
f 3264 3263 3262
f 3256 3259 3266
f 3266 3259 3267
f 3269 3270 3268
f 3268 3270 3271
f 3269 3272 3270
f 3270 3272 3273
f 3274 3275 3277
f 3277 3275 3276
f 3278 3279 3276
f 3276 3279 3277
f 3281 3282 3280
f 3280 3282 3283
f 3280 3284 3281
f 3281 3284 3285
f 3287 3288 3286
f 3286 3288 3289
f 3290 3291 3288
f 3288 3291 3289
f 3234 3218 3235
f 3235 3218 3217
f 3232 3292 3233
f 3233 3292 3293
f 3239 3294 3236
f 3236 3294 3219
f 3233 3293 3237
f 3237 3293 3295
f 3296 3294 3241
f 3241 3294 3239
f 3240 3238 3297
f 3297 3238 3298
f 3217 3216 3235
f 3235 3216 3243
f 3297 3299 3240
f 3240 3299 3242
f 3246 3300 3247
f 3247 3300 3223
f 3301 3302 3254
f 3254 3302 3244
f 3249 3303 3246
f 3246 3303 3300
f 3245 3304 3248
f 3248 3304 3292
f 3252 3221 3253
f 3253 3221 3220
f 3250 3248 3299
f 3299 3248 3292
f 3222 3221 3255
f 3255 3221 3252
f 3297 3301 3251
f 3251 3301 3254
f 3258 3214 3259
f 3259 3214 3213
f 3257 3256 3304
f 3304 3256 3305
f 3263 3306 3260
f 3260 3306 3215
f 3261 3257 3302
f 3302 3257 3304
f 3307 3306 3265
f 3265 3306 3263
f 3262 3301 3264
f 3264 3301 3308
f 3259 3213 3267
f 3267 3213 3212
f 3308 3309 3264
f 3264 3309 3266
f 3270 3310 3271
f 3271 3310 3231
f 3311 3312 3278
f 3278 3312 3268
f 3270 3273 3310
f 3310 3273 3313
f 3272 3269 3305
f 3305 3269 3314
f 3277 3229 3274
f 3274 3229 3228
f 3275 3272 3309
f 3309 3272 3305
f 3279 3230 3277
f 3277 3230 3229
f 3276 3308 3278
f 3278 3308 3311
f 3281 3315 3282
f 3282 3315 3227
f 3290 3316 3283
f 3283 3316 3317
f 3281 3285 3315
f 3315 3285 3318
f 3284 3280 3314
f 3314 3280 3319
f 3289 3225 3286
f 3286 3225 3224
f 3287 3284 3312
f 3284 3314 3312
f 3291 3226 3289
f 3289 3226 3225
f 3288 3311 3290
f 3290 3311 3316
f 3212 3215 3307
f 3307 3215 3306
f 3294 3296 3219
f 3219 3296 3216
f 3303 3220 3300
f 3300 3220 3223
f 3224 3227 3318
f 3318 3227 3315
f 3228 3231 3313
f 3313 3231 3310
f 3234 3233 3236
f 3236 3233 3237
f 3243 3241 3242
f 3242 3241 3240
f 3247 3255 3244
f 3244 3255 3254
f 3253 3249 3250
f 3250 3249 3248
f 3260 3258 3261
f 3261 3258 3257
f 3266 3267 3264
f 3264 3267 3265
f 3268 3271 3278
f 3278 3271 3279
f 3274 3273 3275
f 3275 3273 3272
f 3283 3282 3290
f 3290 3282 3291
f 3286 3285 3287
f 3287 3285 3284
f 3218 3234 3219
f 3219 3234 3236
f 3295 3298 3237
f 3237 3298 3238
f 3216 3296 3243
f 3243 3296 3241
f 3242 3299 3232
f 3232 3299 3292
f 3223 3222 3247
f 3247 3222 3255
f 3244 3302 3245
f 3245 3302 3304
f 3303 3249 3220
f 3220 3249 3253
f 3297 3251 3299
f 3299 3251 3250
f 3215 3214 3260
f 3260 3214 3258
f 3301 3262 3302
f 3302 3262 3261
f 3212 3307 3267
f 3267 3307 3265
f 3266 3309 3256
f 3256 3309 3305
f 3271 3231 3279
f 3279 3231 3230
f 3268 3312 3269
f 3269 3312 3314
f 3228 3313 3274
f 3274 3313 3273
f 3308 3276 3309
f 3309 3276 3275
f 3282 3227 3291
f 3291 3227 3226
f 3317 3319 3283
f 3283 3319 3280
f 3224 3318 3286
f 3286 3318 3285
f 3312 3311 3287
f 3311 3288 3287
f 3320 3321 3194
f 3194 3321 3193
f 1375 3321 1121
f 1121 3321 3322
f 3323 3324 3322
f 3322 3324 3192
f 3175 1124 3176
f 3176 1124 1123
f 3179 3195 3180
f 3180 3195 3196
f 3181 1131 3182
f 3182 1131 1130
f 3207 3185 3186
f 3186 3185 3187
f 1136 3188 1133
f 1133 3188 3187
f 3190 3188 1137
f 1137 3188 1136
f 3193 1159 3175
f 3175 1159 1124
f 3179 1128 3181
f 3181 1128 1131
f 1533 3198 1123
f 1123 3198 3176
f 3321 1375 3193
f 3193 1375 1159
f 3321 3320 3322
f 3322 3320 3323
f 1122 1121 3192
f 3192 1121 3322
f 3194 3210 3320
f 3320 3210 3325
f 3324 3323 3327
f 3327 3323 3326
f 3320 3325 3323
f 3323 3325 3326
f 3208 3328 3205
f 3205 3328 3329
f 3330 3206 3329
f 3329 3206 3205
f 3203 3331 3204
f 3204 3331 3332
f 3210 3333 3325
f 3325 3333 3334
f 3325 3334 3326
f 3326 3334 3335
f 3327 3326 3336
f 3336 3326 3335
f 3327 3209 3324
f 3324 3209 3191
f 3190 3192 3191
f 3191 3192 3324
f 3338 3339 3337
f 3337 3339 3340
f 3338 3341 3339
f 3339 3341 3342
f 3341 3343 3342
f 3342 3343 3344
f 3343 3345 3344
f 3344 3345 3346
f 3345 3347 3346
f 3346 3347 3348
f 3347 3349 3348
f 3348 3349 3350
f 3337 3340 3351
f 3351 3340 3352
f 3351 3352 3353
f 3353 3352 3354
f 3353 3354 3355
f 3355 3354 3356
f 3350 3349 3357
f 3357 3349 3358
f 3355 3356 3359
f 3359 3356 3360
f 3359 3360 3361
f 3361 3360 3362
f 3361 3362 3363
f 3363 3362 3364
f 3363 3364 3358
f 3358 3364 3357
f 3339 3342 3365
f 3365 3342 3366
f 3342 3344 3366
f 3366 3344 3367
f 3344 3346 3367
f 3367 3346 3368
f 3346 3348 3368
f 3368 3348 3369
f 3348 3350 3369
f 3369 3350 3370
f 3368 3369 3371
f 3371 3369 3372
f 3369 3370 3372
f 3372 3370 3373
f 3373 3374 3372
f 3372 3374 3375
f 3377 3378 3376
f 3376 3378 3379
f 3377 3375 3378
f 3378 3375 3374
f 3375 3380 3372
f 3372 3380 3371
f 3377 3381 3375
f 3375 3381 3380
f 3376 3382 3377
f 3377 3382 3381
f 3384 3385 3383
f 3383 3385 3386
f 3384 3383 3388
f 3388 3383 3387
f 3388 3387 3389
f 3389 3387 3390
f 3392 3385 3391
f 3391 3385 3384
f 3388 3393 3384
f 3384 3393 3391
f 3389 3394 3388
f 3388 3394 3393
f 3389 3395 3394
f 3394 3395 3396
f 3395 3389 3397
f 3397 3389 3390
f 3339 3365 3340
f 3340 3365 3398
f 3340 3398 3352
f 3352 3398 3399
f 3371 3400 3368
f 3368 3400 3367
f 3400 3401 3367
f 3367 3401 3366
f 3366 3401 3365
f 3365 3401 3402
f 3398 3365 3403
f 3403 3365 3402
f 3398 3403 3399
f 3399 3403 3404
f 3403 3405 3404
f 3404 3405 3406
f 3352 3399 3354
f 3354 3399 3407
f 3399 3404 3407
f 3407 3404 3408
f 3404 3406 3408
f 3408 3406 3409
f 3405 3410 3406
f 3406 3410 3411
f 3410 3412 3411
f 3411 3412 3413
f 3397 3414 3395
f 3395 3414 3415
f 3417 3415 3416
f 3416 3415 3412
f 3410 3418 3412
f 3412 3418 3416
f 3410 3405 3418
f 3418 3405 3419
f 3405 3403 3419
f 3419 3403 3402
f 3370 3350 3420
f 3420 3350 3357
f 3373 3370 3421
f 3421 3370 3420
f 3374 3373 3422
f 3422 3373 3421
f 3378 3374 3423
f 3423 3374 3422
f 3378 3423 3379
f 3379 3423 3424
f 3424 3425 3379
f 3379 3425 3386
f 3383 3426 3387
f 3387 3426 3427
f 3387 3427 3390
f 3390 3427 3428
f 3390 3428 3397
f 3397 3428 3429
f 3429 3430 3397
f 3397 3430 3414
f 3411 3413 3431
f 3431 3413 3432
f 3406 3411 3409
f 3409 3411 3431
f 3401 3400 3335
f 3335 3400 3336
f 3401 3335 3402
f 3402 3335 3334
f 3402 3334 3419
f 3419 3334 3333
f 3419 3333 3418
f 3418 3333 3433
f 3418 3433 3416
f 3416 3433 3434
f 3435 3417 3434
f 3434 3417 3416
f 3394 3396 3436
f 3436 3396 3437
f 3393 3394 3332
f 3332 3394 3436
f 3393 3332 3391
f 3391 3332 3331
f 3330 3392 3331
f 3331 3392 3391
f 3382 3329 3381
f 3381 3329 3328
f 3354 3407 3356
f 3356 3407 3438
f 3356 3438 3360
f 3360 3438 3439
f 3360 3439 3362
f 3362 3439 3440
f 3362 3440 3364
f 3364 3440 3441
f 3364 3441 3357
f 3357 3441 3420
f 3421 3420 3442
f 3442 3420 3441
f 3442 3441 3443
f 3443 3441 3440
f 3443 3440 3444
f 3444 3440 3439
f 3444 3439 3445
f 3445 3439 3438
f 3445 3438 3408
f 3408 3438 3407
f 3422 3421 3446
f 3446 3421 3442
f 3446 3442 3447
f 3447 3442 3443
f 3447 3443 3448
f 3448 3443 3444
f 3448 3444 3449
f 3449 3444 3445
f 3449 3445 3409
f 3409 3445 3408
f 3409 3431 3449
f 3449 3431 3450
f 3449 3450 3448
f 3448 3450 3451
f 3451 3452 3448
f 3448 3452 3447
f 3447 3452 3446
f 3446 3452 3453
f 3446 3453 3422
f 3422 3453 3423
f 3424 3423 3454
f 3454 3423 3453
f 3452 3455 3453
f 3453 3455 3454
f 3452 3451 3455
f 3455 3451 3456
f 3450 3457 3451
f 3451 3457 3456
f 3431 3432 3450
f 3450 3432 3457
f 3454 3458 3424
f 3424 3458 3425
f 3427 3426 3459
f 3459 3426 3460
f 3428 3427 3461
f 3461 3427 3459
f 3428 3461 3429
f 3429 3461 3462
f 3462 3463 3429
f 3429 3463 3430
f 3464 3465 3462
f 3462 3465 3463
f 3455 3466 3454
f 3454 3466 3458
f 3465 3464 3466
f 3466 3464 3467
f 3461 3459 3468
f 3468 3459 3469
f 3468 3469 3464
f 3464 3469 3467
f 3464 3462 3468
f 3468 3462 3461
f 3459 3460 3469
f 3469 3460 3467
f 3295 3351 3298
f 3298 3351 3353
f 3353 3355 3298
f 3298 3355 3297
f 3297 3355 3301
f 3301 3355 3359
f 3301 3359 3308
f 3308 3359 3361
f 3308 3361 3311
f 3311 3361 3363
f 3311 3363 3316
f 3316 3363 3358
f 3316 3358 3317
f 3317 3358 3349
f 3349 3347 3317
f 3317 3347 3319
f 3347 3345 3319
f 3319 3345 3314
f 3345 3343 3314
f 3314 3343 3305
f 3343 3341 3305
f 3305 3341 3304
f 3304 3341 3292
f 3292 3341 3338
f 3292 3338 3293
f 3293 3338 3337
f 3293 3337 3295
f 3295 3337 3351
f 3437 3202 3436
f 3436 3202 3201
f 3436 3201 3332
f 3332 3201 3204
f 3433 3200 3434
f 3434 3200 3199
f 3211 3435 3199
f 3199 3435 3434
f 3333 3210 3433
f 3433 3210 3200
f 3380 3470 3371
f 3400 3371 3336
f 3336 3371 3470
f 3381 3328 3380
f 3380 3328 3470
f 3470 3328 3209
f 3209 3328 3208
f 3336 3470 3327
f 3327 3470 3209
f 1545 1763 1546
f 1546 1763 1762
f 1403 1546 773
f 773 1546 770
f 1221 3013 1220
f 1220 3013 3471
f 1305 2877 1306
f 1306 2877 2879
f 1220 3471 828
f 828 3471 829
f 1217 1754 3472
f 3472 1754 1756
f 1049 3473 1048
f 1048 3473 3474
f 1371 1179 3473
f 3473 1179 3474
f 1074 3475 1179
f 1179 3475 3474
f 3474 3475 1048
f 1048 3475 1056
f 919 666 1345
f 1345 666 665
f 856 680 919
f 919 680 666
f 679 680 1449
f 1449 680 858
f 1367 878 1500
f 1500 878 877
f 1366 908 1367
f 1367 908 878
f 1512 916 1513
f 1513 916 915
f 947 1368 948
f 948 1368 1369
f 1047 1021 1044
f 1044 1021 1020
f 1370 1049 1019
f 1019 1049 1020
f 1173 1030 1174
f 1174 1030 1033
f 3126 1188 1464
f 1464 1188 1187
f 1800 1451 1512
f 1512 1451 916
f 1175 1174 1186
f 1186 1174 1187
f 1030 1173 1047
f 1047 1173 1021
f 1513 915 3476
f 3476 915 1481
f 1345 665 3477
f 3477 665 1483
f 1502 1501 876
f 876 1501 877
f 1205 1451 1803
f 1803 1451 1802
f 3479 2832 3478
f 3478 2832 2831
f 1449 858 2927
f 2927 858 2922
f 908 1366 947
f 947 1366 1368
f 949 948 3126
f 3126 948 1188
f 3480 3135 1502
f 1502 3135 1501
f 2927 2922 3157
f 3157 2922 3152
f 3477 1483 3479
f 3479 1483 2832
f 1803 1802 3151
f 3151 1802 3152
f 663 658 664
f 664 658 657
f 655 658 939
f 939 658 706
f 1512 870 1800
f 1800 870 869
f 875 874 876
f 876 874 873
f 849 874 905
f 905 874 958
f 949 962 946
f 946 962 961
f 978 3126 979
f 979 3126 1464
f 1031 1168 1032
f 1032 1168 1022
f 1045 1013 1046
f 1046 1013 1012
f 1045 1044 1056
f 1056 1044 1048
f 1047 1046 1030
f 1030 1046 1031
f 939 706 940
f 940 706 1450
f 979 1464 1032
f 1032 1464 1033
f 3480 1478 3476
f 3476 1478 3134
f 2829 1487 2830
f 2830 1487 1486
f 848 1230 873
f 873 1230 1479
f 867 870 933
f 933 870 1514
f 1800 869 1801
f 1801 869 1799
f 2830 1486 1325
f 1325 1486 2833
f 940 1450 2925
f 2925 1450 2928
f 946 961 907
f 907 961 958
f 959 962 977
f 977 962 978
f 3476 3134 1513
f 1513 3134 1514
f 2925 2928 3155
f 3155 2928 3158
f 1325 2833 656
f 656 2833 657
f 1801 1799 3157
f 3157 1799 3158
f 1074 1055 3475
f 3475 1055 1056
f 1371 3473 1370
f 1370 3473 1049
f 2884 615 3481
f 3481 615 618
f 3478 2831 2846
f 2846 2831 617
f 2831 1484 617
f 617 1484 618
f 1484 1487 618
f 618 1487 3481
f 2848 3481 2829
f 2829 3481 1487
f 1480 1517 1161
f 1161 1517 1162
f 3129 1323 1455
f 1455 1323 1322
f 3129 3134 1323
f 1323 3134 1478
f 1535 3173 1515
f 1515 3173 1516
f 3085 3095 3137
f 3137 3095 3094
f 3137 3094 3138
f 3138 3094 3104
f 3117 3139 3105
f 3105 3139 3106
f 1138 1141 3127
f 3127 1141 3128
f 3081 3131 1264
f 1264 3131 3130
f 1227 1226 3132
f 3132 1226 3133
f 1264 3130 1229
f 1229 3130 1322
f 1160 1501 1161
f 1161 1501 3135
f 1141 1476 3128
f 3128 1476 3136
f 1226 1163 3133
f 3133 1163 1162
f 1363 1138 1515
f 1515 1138 3127
f 3084 3095 3081
f 3081 3095 3131
f 3089 884 3105
f 3105 884 3140
f 884 883 3140
f 3140 883 3141
f 883 3482 3141
f 3141 3482 3142
f 3476 1481 3480
f 3480 1481 3135
f 1502 1479 3480
f 3480 1479 1478
f 3168 463 440
f 714 1880 715
f 715 1880 2905
f 896 732 2970
f 2970 732 731
f 1263 834 3082
f 3082 834 833
f 898 1231 853
f 853 1231 854
f 3125 890 2931
f 2931 890 889
f 1237 893 2851
f 2851 893 892
f 898 853 899
f 899 853 963
f 988 987 989
f 989 987 986
f 1002 1007 1003
f 1003 1007 1006
f 1038 1036 1007
f 1007 1036 1004
f 1070 1052 1005
f 1005 1052 1006
f 1069 1067 1070
f 1070 1067 1052
f 1130 1129 1134
f 1134 1129 1135
f 879 1167 880
f 880 1167 1166
f 1171 1169 1037
f 1037 1169 1038
f 1085 1180 1069
f 1069 1180 1067
f 1209 1210 879
f 879 1210 1167
f 2885 1215 1754
f 1754 1215 1214
f 1263 855 834
f 834 855 854
f 708 1244 1826
f 1826 1244 1243
f 2909 894 1254
f 1254 894 893
f 1228 1361 964
f 964 1361 1360
f 2908 2907 1436
f 1436 2907 1437
f 2990 1440 2991
f 2991 1440 1439
f 964 1360 965
f 965 1360 1454
f 950 1457 951
f 951 1457 1456
f 970 1463 971
f 971 1463 1462
f 1025 1169 984
f 984 1169 986
f 1084 1097 1469
f 1469 1097 1470
f 1096 1115 1474
f 1474 1115 1475
f 1140 1361 1141
f 1141 1361 1476
f 1212 1495 2828
f 2828 1495 1494
f 880 1166 1452
f 1452 1166 1499
f 715 2905 1504
f 1504 2905 2906
f 954 1519 955
f 955 1519 1518
f 1026 1520 992
f 992 1520 1518
f 1029 1520 1043
f 1043 1520 1521
f 997 1522 1040
f 1040 1522 1521
f 1015 1522 1016
f 1016 1522 1523
f 1523 996 1524
f 1524 996 1062
f 1057 1060 1525
f 1525 1060 1524
f 1094 1528 1082
f 1082 1528 1527
f 1526 1528 1089
f 1089 1528 1529
f 1090 1531 1108
f 1108 1531 1530
f 1125 1533 1126
f 1126 1533 1532
f 3483 1755 727
f 727 1755 1214
f 735 1814 707
f 707 1814 1813
f 2891 1834 1246
f 1246 1834 1243
f 2904 1881 1847
f 1847 1881 1848
f 1852 1855 1853
f 1853 1855 1858
f 1902 2903 1877
f 1877 2903 1878
f 2903 2904 1878
f 1878 2904 1847
f 714 713 1848
f 1848 713 1849
f 1440 2990 1883
f 1883 2990 2989
f 1883 2989 1852
f 1852 2989 1855
f 2895 1888 2892
f 2892 1888 1887
f 774 777 1877
f 1877 777 1903
f 1251 2835 1252
f 1252 2835 2834
f 1213 2844 1212
f 1212 2844 1495
f 2851 892 1213
f 1213 892 2844
f 3123 2911 3124
f 3124 2911 2910
f 887 2929 888
f 888 2929 889
f 1435 2963 1436
f 1436 2963 2961
f 1253 1438 1254
f 1254 1438 1437
f 2970 731 735
f 735 731 1814
f 733 732 2885
f 2885 732 1215
f 2901 2902 2976
f 2976 2902 2977
f 2975 2982 2976
f 2976 2982 2979
f 2899 2900 2981
f 2981 2900 2979
f 2899 2981 2898
f 2898 2981 2983
f 2986 2985 2984
f 2984 2985 2983
f 2897 2985 2896
f 2896 2985 2988
f 2991 1439 2987
f 2987 1439 2988
f 777 2978 1903
f 1903 2978 2977
f 1885 1888 1858
f 1858 1888 1853
f 3090 3088 836
f 836 3088 833
f 3083 3088 3097
f 3097 3088 3096
f 3097 3096 3104
f 3104 3096 3106
f 3111 3116 3108
f 3108 3116 3109
f 3112 3111 3114
f 3114 3111 3108
f 3113 3122 3114
f 3114 3122 3115
f 891 890 2837
f 2837 890 2834
f 951 1456 954
f 954 1456 1519
f 967 1457 936
f 936 1457 1454
f 971 1462 902
f 902 1462 963
f 1461 1463 988
f 988 1463 987
f 1466 1468 1474
f 1474 1468 1470
f 1089 1529 1090
f 1090 1529 1531
f 1184 1181 1469
f 1469 1181 1180
f 1082 1527 1061
f 1061 1527 1525
f 1129 1473 1135
f 1135 1473 1475
f 1108 1530 1105
f 1105 1530 1532
f 1452 1499 3132
f 3132 1499 3136
f 3109 3116 3139
f 3139 3116 3138
f 2912 2911 887
f 887 2911 2929
f 2836 2835 1497
f 1497 2835 1494
f 2913 3102 2910
f 2910 3102 3115
f 1133 3187 1134
f 1134 3187 3185
f 3177 3176 3197
f 3197 3176 3198
f 3203 3183 3206
f 3206 3183 3207
f 3196 3202 3197
f 3197 3202 3211
f 3183 3182 3207
f 3207 3182 3185
f 1125 3180 1533
f 1533 3180 3198
f 3331 3203 3330
f 3330 3203 3206
f 3376 3379 3385
f 3385 3379 3386
f 3382 3376 3392
f 3392 3376 3385
f 3412 3415 3413
f 3413 3415 3414
f 3417 3396 3415
f 3415 3396 3395
f 3383 3386 3426
f 3426 3386 3425
f 3413 3414 3432
f 3432 3414 3430
f 3437 3396 3435
f 3435 3396 3417
f 3329 3382 3330
f 3330 3382 3392
f 3426 3425 3460
f 3460 3425 3458
f 3432 3430 3457
f 3457 3430 3463
f 3457 3463 3456
f 3456 3463 3465
f 3460 3458 3467
f 3467 3458 3466
f 3466 3455 3465
f 3465 3455 3456
f 3202 3437 3211
f 3211 3437 3435
f 3104 3106 3138
f 3138 3106 3139
f 3132 3136 1227
f 1227 3136 1476
f 943 687 600
f 600 687 601
f 596 625 667
f 667 625 1297
f 687 686 601
f 601 686 653
f 1319 784 711
f 711 784 712
f 1811 607 783
f 783 607 712
f 862 921 917
f 917 921 920
f 3478 925 3479
f 3479 925 924
f 2846 926 3478
f 3478 926 925
f 659 662 929
f 929 662 930
f 856 921 857
f 857 921 1204
f 1206 864 1207
f 1207 864 863
f 2876 1219 2877
f 2877 1219 1218
f 667 1297 593
f 593 1297 1296
f 917 920 1333
f 1333 920 1346
f 686 693 653
f 653 693 930
f 1277 913 1498
f 1498 913 1207
f 592 1536 610
f 610 1536 711
f 864 1206 1805
f 1805 1206 1804
f 1317 1536 1900
f 1900 1536 1809
f 1900 1809 1295
f 1295 1809 1296
f 3479 924 3477
f 3477 924 2824
f 927 926 1203
f 1203 926 2847
f 3484 2859 3032
f 3032 2859 3033
f 3472 2878 1217
f 1217 2878 1218
f 2889 2888 2880
f 2880 2888 2881
f 2886 2883 2887
f 2887 2883 2882
f 929 928 2847
f 2847 928 1203
f 857 1204 2921
f 2921 1204 2926
f 1820 1819 2882
f 2882 1819 2881
f 1821 2883 2876
f 2876 2883 1219
f 782 2889 783
f 783 2889 2880
f 1352 3034 1353
f 1353 3034 3033
f 3031 3034 3041
f 3041 3034 3043
f 944 943 3043
f 3043 943 600
f 1339 3145 1498
f 1498 3145 3143
f 1208 882 3148
f 3148 882 3143
f 2921 2926 3151
f 3151 2926 3156
f 3477 2824 1345
f 1345 2824 1346
f 1805 1804 3154
f 3154 1804 3156
f 886 3103 883
f 883 3103 3482
f 841 1248 3485
f 3485 1248 3121
f 2811 2819 2812
f 2812 2819 2816
f 2818 2815 2817
f 2817 2815 2806
f 2817 2816 2818
f 2818 2816 2819
f 2793 2795 2819
f 2819 2795 2818
f 243 352 2793
f 2793 352 2795
f 242 353 243
f 243 353 352
f 359 191 242
f 242 191 353
f 247 192 359
f 359 192 191
f 157 193 247
f 247 193 192
f 156 194 157
f 157 194 193
f 378 261 156
f 156 261 194
f 378 381 261
f 261 381 195
f 195 381 196
f 196 381 376
f 196 376 198
f 198 376 375
f 375 1776 198
f 198 1776 197
f 1776 1767 197
f 197 1767 274
f 181 274 199
f 199 274 1767
f 568 566 564
f 564 566 563
f 568 569 566
f 566 569 567
f 501 1773 1771
f 1771 1773 578
f 547 579 1773
f 1773 579 578
f 3486 470 474
f 474 470 469
f 450 582 3487
f 3487 582 3488
f 582 583 3488
f 3488 583 3489
f 583 584 3489
f 3489 584 3490
f 3490 584 3491
f 3491 584 543
f 470 3486 466
f 466 3486 467
f 3489 3490 503
f 503 3490 504
f 503 3492 3489
f 3489 3492 3488
f 3492 503 3493
f 3493 503 502
f 3495 3492 3494
f 3494 3492 3493
f 3487 3488 3495
f 3495 3488 3492
f 468 1774 465
f 465 1774 570
f 3494 3493 1775
f 1775 3493 1771
f 3490 3491 504
f 504 3491 1772
f 3491 543 1772
f 1772 543 548
f 450 3487 474
f 474 3487 3486
f 3495 467 3487
f 3487 467 3486
f 3494 468 3495
f 3495 468 467
f 468 3494 1774
f 1774 3494 1775
f 501 1771 502
f 502 1771 3493
f 527 366 384
f 384 366 365
f 522 524 527
f 527 524 366
f 521 534 522
f 522 534 524
f 530 535 521
f 521 535 534
f 508 486 513
f 513 486 532
f 513 532 541
f 541 532 535
f 667 668 596
f 596 668 597
f 1294 1297 624
f 624 1297 625
f 603 641 604
f 604 641 640
f 1290 1293 650
f 650 1293 651
f 1758 691 660
f 660 691 661
f 602 671 599
f 599 671 670
f 654 662 690
f 690 662 661
f 2856 598 695
f 695 598 597
f 602 654 671
f 671 654 690
f 604 640 676
f 676 640 704
f 1826 1829 708
f 708 1829 709
f 1288 1284 740
f 740 1284 741
f 755 754 758
f 758 754 759
f 2853 2856 932
f 932 2856 695
f 689 691 1192
f 1192 691 1193
f 784 1319 1240
f 1240 1319 1241
f 1813 1816 1244
f 1244 1816 1245
f 754 1288 759
f 759 1288 740
f 1894 1242 1318
f 1318 1242 1241
f 2867 1348 1418
f 1418 1348 1347
f 676 704 673
f 673 704 1347
f 1284 1287 741
f 741 1287 1419
f 1421 1426 1422
f 1422 1426 1425
f 1758 660 615
f 615 660 616
f 1192 1191 1421
f 1421 1191 1426
f 2962 1839 1504
f 1504 1839 1505
f 941 1194 1759
f 1759 1194 1193
f 1287 1537 1419
f 1419 1537 1760
f 1882 2893 1823
f 1823 2893 1824
f 1886 1891 1827
f 1827 1891 1828
f 1887 1886 1834
f 1834 1886 1827
f 1841 716 1838
f 1838 716 1505
f 782 784 1850
f 1850 784 1240
f 1239 1242 1863
f 1863 1242 1864
f 1242 1894 1864
f 1864 1894 1873
f 1822 1239 1823
f 1823 1239 1863
f 1318 1317 1895
f 1895 1317 1900
f 1894 1896 1873
f 1873 1896 1897
f 1291 1896 1292
f 1292 1896 1895
f 605 1898 606
f 606 1898 1897
f 1258 1257 2854
f 2854 1257 2855
f 1257 1351 2855
f 2855 1351 2857
f 1351 1353 2857
f 2857 1353 2858
f 1353 3033 2858
f 2858 3033 2859
f 2860 2861 3036
f 3036 2861 3037
f 2862 2863 2870
f 2870 2863 3039
f 2870 2869 2862
f 2862 2869 2864
f 2868 2865 2869
f 2869 2865 2864
f 1764 2866 2868
f 2868 2866 2865
f 1537 1199 1760
f 1760 1199 1348
f 615 2884 1758
f 1758 2884 1759
f 1825 1246 2890
f 2890 1246 1245
f 2893 2892 1824
f 1824 2892 2891
f 761 2960 758
f 758 2960 2906
f 3000 2943 2940
f 2940 2943 2941
f 2968 710 2950
f 2950 710 709
f 1764 1423 2866
f 2866 1423 2953
f 1423 645 2953
f 2953 645 2954
f 645 644 2954
f 2954 644 2955
f 644 738 2955
f 2955 738 2956
f 738 764 2956
f 2956 764 2957
f 764 763 2957
f 2957 763 2958
f 763 2908 2958
f 2958 2908 2959
f 2908 1436 2959
f 2959 1436 2961
f 1837 2964 1435
f 1435 2964 2963
f 1837 2937 2964
f 2964 2937 2965
f 2936 2968 2966
f 2966 2968 2950
f 1840 2942 1838
f 1838 2942 2941
f 2939 2949 2940
f 2940 2949 3006
f 2939 2942 2966
f 2966 2942 2965
f 1822 1825 1850
f 1850 1825 2890
f 1891 3005 1828
f 1828 3005 3006
f 3035 3038 3045
f 3045 3038 3042
f 3045 3044 3035
f 3035 3044 3040
f 669 1422 3045
f 3045 1422 3044
f 599 670 3041
f 3041 670 3042
f 931 3067 932
f 932 3067 3065
f 2853 3066 2854
f 2854 3066 3076
f 3067 3496 3065
f 3065 3496 3497
f 3066 3498 3076
f 3076 3498 3499
f 707 1813 708
f 708 1813 1244
f 2960 2962 2906
f 2906 2962 1504
f 2892 1887 2891
f 2891 1887 1834
f 1839 2962 2963
f 2963 2962 2961
f 595 626 596
f 596 626 625
f 623 626 3484
f 3484 626 2859
f 1291 1290 606
f 606 1290 603
f 1290 650 603
f 603 650 641
f 641 650 642
f 642 650 649
f 2860 2863 649
f 649 2863 642
f 3036 3039 2860
f 2860 3039 2863
f 3035 3040 3036
f 3036 3040 3039
f 1294 1293 1295
f 1295 1293 1292
f 624 651 1294
f 1294 651 1293
f 623 652 624
f 624 652 651
f 3484 2861 623
f 623 2861 652
f 3032 3037 3484
f 3484 3037 2861
f 3031 3038 3032
f 3032 3038 3037
f 3481 2848 2884
f 2884 2848 942
f 2846 617 1427
f 1427 617 616
f 3049 3167 3048
f 3048 3167 3500
f 1906 3048 3070
f 3070 3048 3500
f 1337 1768 3501
f 3501 1768 3502
f 3020 3503 3021
f 3021 3503 3024
f 2914 3023 3020
f 3020 3023 3503
f 859 1770 860
f 860 1770 3504
f 1336 3505 1768
f 1768 3505 3502
f 3065 3497 3066
f 3066 3497 3498
f 2814 3075 3067
f 3067 3075 3496
f 2839 3174 766
f 766 3174 3017
f 1337 3501 1338
f 1338 3501 1769
f 767 3018 3026
f 3026 3018 3506
f 3076 3499 3064
f 3064 3499 3507
f 727 730 3483
f 3483 730 3030
f 3064 3507 2871
f 2871 3507 3077
f 3100 3160 1786
f 1786 3160 1784
f 3026 3506 752
f 752 3506 3015
f 860 3504 2923
f 2923 3504 3508
f 753 3016 3027
f 3027 3016 3509
f 3027 3509 3008
f 3008 3509 3028
f 1782 1785 1783
f 1783 1785 3022
f 2923 3508 3153
f 3153 3508 3161
f 3148 3149 1208
f 1208 3149 3150
f 1335 1328 3510
f 3510 1328 1327
f 1336 1335 3505
f 3505 1335 3510
f 866 3511 1340
f 1340 3511 3146
f 865 1808 866
f 866 1808 3511
f 842 841 3159
f 3159 841 3485
f 2849 3512 1329
f 1329 3512 1326
f 1202 1331 2849
f 2849 1331 3512
f 3514 3515 3513
f 3513 3515 3516
f 3518 3516 3517
f 3517 3516 3515
f 3519 3520 3514
f 3514 3520 3515
f 3522 3523 3521
f 3521 3523 3524
f 3526 3527 3525
f 3525 3527 3528
f 3530 3531 3529
f 3529 3531 3532
f 3534 3535 3533
f 3533 3535 3536
f 3529 3532 3537
f 3537 3532 3538
f 3537 3539 3529
f 3529 3539 3540
f 3542 3543 3541
f 3541 3543 3544
f 3546 3547 3545
f 3545 3547 3548
f 3550 3534 3549
f 3549 3534 3533
f 3550 3543 3551
f 3551 3543 3552
f 3537 3545 3539
f 3539 3545 3548
f 3553 3554 3556
f 3556 3554 3555
f 3537 3557 3545
f 3545 3557 3546
f 3558 3559 3561
f 3561 3559 3560
f 3563 3564 3562
f 3562 3564 3565
f 3564 3563 3566
f 3566 3563 3567
f 3569 3570 3568
f 3568 3570 3571
f 3573 3574 3572
f 3572 3574 3575
f 3577 3578 3576
f 3576 3578 3579
f 3581 3582 3580
f 3580 3582 3583
f 3585 3586 3584
f 3584 3586 3579
f 3586 3587 3579
f 3579 3587 3576
f 3589 3590 3588
f 3588 3590 3591
f 3592 3593 3595
f 3595 3593 3594
f 3597 3598 3596
f 3596 3598 3595
f 3583 3600 3599
f 3599 3600 3601
f 3603 3599 3602
f 3602 3599 3601
f 3605 3606 3604
f 3604 3606 3607
f 3608 3555 3596
f 3596 3555 3554
f 3597 3610 3609
f 3609 3610 3565
f 3564 3611 3565
f 3565 3611 3609
f 3611 3564 3612
f 3612 3564 3566
f 3613 3614 3569
f 3569 3614 3570
f 3615 3616 3573
f 3573 3616 3574
f 3517 3617 3518
f 3518 3617 3618
f 3620 3621 3619
f 3619 3621 3622
f 3624 3625 3623
f 3623 3625 3626
f 3628 3629 3627
f 3627 3629 3630
f 3632 3633 3631
f 3631 3633 3634
f 3636 3637 3635
f 3635 3637 3638
f 3640 3641 3639
f 3639 3641 3642
f 3643 3644 3639
f 3639 3644 3640
f 3646 3513 3645
f 3645 3513 3647
f 3648 3514 3646
f 3646 3514 3513
f 3649 3519 3648
f 3648 3519 3514
f 3650 3651 3527
f 3527 3651 3652
f 3654 3651 3653
f 3653 3651 3650
f 3568 3571 3655
f 3655 3571 3656
f 3657 3658 3653
f 3653 3658 3659
f 3661 3662 3660
f 3660 3662 3658
f 3664 3665 3663
f 3663 3665 3666
f 3667 3657 3650
f 3650 3657 3653
f 3669 3523 3668
f 3668 3523 3670
f 3672 3673 3671
f 3671 3673 3674
f 3676 3677 3675
f 3675 3677 3678
f 3671 3674 3676
f 3676 3674 3677
f 3680 3681 3679
f 3679 3681 3682
f 3683 3684 3680
f 3680 3684 3681
f 3685 3686 3661
f 3661 3686 3662
f 3686 3687 3662
f 3662 3687 3688
f 3684 3683 3689
f 3689 3683 3690
f 3692 3693 3691
f 3691 3693 3694
f 3691 3694 3695
f 3695 3694 3696
f 3698 3699 3697
f 3697 3699 3700
f 3702 3703 3701
f 3701 3703 3704
f 3705 3706 3519
f 3519 3706 3520
f 3673 3672 3707
f 3707 3672 3708
f 3709 3710 3682
f 3682 3710 3679
f 3711 3712 3692
f 3692 3712 3693
f 3714 3715 3713
f 3713 3715 3716
f 3718 3700 3717
f 3717 3700 3699
f 3720 3721 3719
f 3719 3721 3722
f 3724 3725 3723
f 3723 3725 3726
f 3727 3728 3730
f 3730 3728 3729
f 3722 3721 3731
f 3731 3721 3732
f 3697 3700 3733
f 3733 3700 3714
f 3733 3714 3734
f 3734 3714 3713
f 3721 3723 3732
f 3732 3723 3735
f 3720 3736 3724
f 3724 3736 3737
f 3700 3718 3714
f 3714 3718 3715
f 3717 3699 3738
f 3738 3699 3739
f 3536 3740 3533
f 3533 3740 3540
f 3742 3743 3741
f 3741 3743 3744
f 3746 3747 3745
f 3745 3747 3748
f 3750 3751 3749
f 3749 3751 3752
f 3627 3632 3628
f 3628 3632 3631
f 3754 3755 3753
f 3753 3755 3626
f 3562 3565 3756
f 3756 3565 3610
f 3527 3652 3528
f 3528 3652 3757
f 3758 3524 3669
f 3669 3524 3523
f 3582 3598 3583
f 3583 3598 3600
f 3759 3670 3522
f 3522 3670 3523
f 3675 3678 3760
f 3760 3678 3761
f 3762 3763 3690
f 3690 3763 3689
f 3765 3766 3764
f 3764 3766 3767
f 3768 3739 3698
f 3698 3739 3699
f 3726 3725 3770
f 3770 3725 3769
f 3645 3647 3771
f 3771 3647 3772
f 3645 3678 3646
f 3646 3678 3677
f 3646 3677 3648
f 3648 3677 3674
f 3673 3649 3674
f 3674 3649 3648
f 3707 3773 3673
f 3673 3773 3649
f 3775 3776 3774
f 3774 3776 3777
f 3779 3526 3778
f 3778 3526 3525
f 3526 3779 3667
f 3667 3779 3780
f 3780 3781 3667
f 3667 3781 3657
f 3672 3679 3708
f 3708 3679 3710
f 3671 3680 3672
f 3672 3680 3679
f 3676 3683 3671
f 3671 3683 3680
f 3675 3690 3676
f 3676 3690 3683
f 3760 3762 3675
f 3675 3762 3690
f 3682 3681 3783
f 3783 3681 3782
f 3689 3784 3684
f 3684 3784 3785
f 3684 3785 3681
f 3681 3785 3782
f 3786 3709 3783
f 3783 3709 3682
f 3784 3689 3787
f 3787 3689 3763
f 3789 3557 3788
f 3788 3557 3790
f 3792 3793 3791
f 3791 3793 3794
f 3616 3615 3795
f 3795 3615 3796
f 3797 3798 3727
f 3727 3798 3728
f 3800 3801 3799
f 3799 3801 3802
f 3803 3578 3592
f 3592 3578 3593
f 3805 3806 3804
f 3804 3806 3807
f 3599 3603 3585
f 3585 3603 3586
f 3587 3586 3604
f 3604 3586 3603
f 3588 3591 3794
f 3794 3591 3791
f 3581 3803 3582
f 3582 3803 3592
f 3594 3561 3608
f 3608 3561 3790
f 3662 3688 3808
f 3808 3688 3809
f 3665 3664 3810
f 3810 3664 3811
f 3719 3812 3720
f 3720 3812 3736
f 3717 3813 3718
f 3718 3813 3737
f 3723 3721 3724
f 3724 3721 3720
f 3813 3717 3814
f 3814 3717 3738
f 3815 3816 303
f 303 3816 304
f 3818 3819 3817
f 3817 3819 3820
f 3578 3803 3579
f 3579 3803 3584
f 3558 3593 3577
f 3577 3593 3578
f 3822 3823 3821
f 3821 3823 3824
f 3546 3826 3825
f 3825 3826 3827
f 3828 3829 3547
f 3547 3829 3541
f 3831 3542 3830
f 3830 3542 3832
f 3834 3822 3833
f 3833 3822 3821
f 3835 3836 3827
f 3827 3836 3825
f 3800 3799 3828
f 3828 3799 3829
f 3830 3832 3837
f 3837 3832 3838
f 331 330 3551
f 3551 330 3839
f 3831 333 3552
f 3552 333 332
f 3819 3797 3841
f 3841 3797 3840
f 3513 3516 3647
f 3647 3516 3746
f 337 336 3745
f 3745 336 3772
f 3525 3528 3775
f 3775 3528 3749
f 3610 3597 3554
f 3554 3597 3596
f 3706 3702 3520
f 3520 3702 3701
f 3756 3610 3553
f 3553 3610 3554
f 3757 3750 3528
f 3528 3750 3749
f 3517 3515 3701
f 3701 3515 3520
f 3842 3584 3581
f 3581 3584 3803
f 3525 3775 3778
f 3778 3775 3774
f 3638 3843 3635
f 3635 3843 3618
f 3617 3621 3618
f 3618 3621 3635
f 3617 3517 3704
f 3704 3517 3701
f 3521 3624 3522
f 3522 3624 3623
f 3749 3844 3775
f 3775 3844 3776
f 3846 3847 3845
f 3845 3847 3848
f 3843 3747 3618
f 3618 3747 3518
f 3850 3851 3849
f 3849 3851 3748
f 3853 3854 3852
f 3852 3854 3855
f 3856 3857 3622
f 3622 3857 3619
f 3859 3860 3858
f 3858 3860 3861
f 3862 3844 3752
f 3752 3844 3749
f 3863 3759 3623
f 3623 3759 3522
f 3864 3777 3630
f 3630 3777 3776
f 3713 3865 3734
f 3734 3865 3866
f 3868 3869 3867
f 3867 3869 3870
f 3872 3873 3871
f 3871 3873 3874
f 3876 3877 3875
f 3875 3877 3878
f 3879 3880 3878
f 3878 3880 3881
f 3882 3883 3885
f 3885 3883 3884
f 3780 3886 3781
f 3781 3886 3887
f 3888 3685 3869
f 3869 3685 3661
f 3880 3879 3883
f 3883 3879 3884
f 3693 3783 3694
f 3694 3783 3782
f 3696 3785 3764
f 3764 3785 3784
f 3694 3782 3696
f 3696 3782 3785
f 3693 3786 3783
f 3787 3765 3784
f 3784 3765 3764
f 386 385 3765
f 3765 385 3766
f 3695 3889 3691
f 3691 3889 3890
f 3691 3890 3692
f 3692 3890 3891
f 3892 3711 3891
f 3891 3711 3692
f 3767 3893 3695
f 3695 3893 3889
f 3766 3894 3767
f 3767 3894 3893
f 3882 3885 3895
f 3895 3885 3896
f 3898 3698 3897
f 3897 3698 3697
f 3897 3697 3899
f 3899 3697 3733
f 3899 3733 3900
f 3900 3733 3734
f 3901 3768 3898
f 3898 3768 3698
f 3901 3902 3768
f 3768 3902 3903
f 3904 3905 3907
f 3907 3905 3906
f 3869 3661 3870
f 3870 3661 3660
f 3908 3909 3896
f 3896 3909 3895
f 3909 3758 3895
f 3895 3758 3669
f 3751 3531 3752
f 3752 3531 3848
f 3858 3536 3854
f 3854 3536 3535
f 3652 3562 3757
f 3757 3562 3756
f 3651 3654 3563
f 3563 3654 3567
f 3655 3656 3808
f 3808 3656 3659
f 3530 3740 3845
f 3845 3740 3861
f 3751 3750 3556
f 3556 3750 3553
f 3817 3820 3796
f 3796 3820 3795
f 410 409 3910
f 3910 409 3855
f 3750 3757 3553
f 3553 3757 3756
f 3908 3886 3909
f 3909 3886 3780
f 409 411 3855
f 3855 411 3851
f 413 412 3760
f 3760 412 3762
f 415 414 3763
f 3763 414 3787
f 3790 3557 3538
f 3538 3557 3537
f 3555 3608 3538
f 3538 3608 3790
f 3574 3911 3575
f 3575 3911 3912
f 3535 3534 3910
f 3910 3534 3839
f 3831 3552 3542
f 3542 3552 3543
f 3534 3550 3839
f 3839 3550 3551
f 3543 3550 3544
f 3544 3550 3549
f 3913 3914 3916
f 3916 3914 3915
f 3806 3805 3589
f 3589 3805 3590
f 3849 3843 3917
f 3917 3843 3638
f 3853 3644 3859
f 3859 3644 3742
f 3747 3746 3518
f 3518 3746 3516
f 3695 3696 3767
f 3767 3696 3764
f 3903 3918 3768
f 3768 3918 3739
f 3738 3739 3816
f 3816 3739 3918
f 3919 3920 3769
f 3769 3920 3770
f 3921 3726 3922
f 3922 3726 3770
f 3678 3645 3761
f 3761 3645 3771
f 3924 3913 3923
f 3923 3913 3916
f 3802 3925 3838
f 3838 3925 3837
f 3577 3926 3558
f 3558 3926 3559
f 3815 3919 3814
f 3814 3919 3769
f 3927 3928 3822
f 3822 3928 3823
f 3829 3832 3541
f 3541 3832 3542
f 3834 3927 3822
f 3832 3829 3838
f 3838 3829 3799
f 3745 3772 3746
f 3746 3772 3647
f 3849 3748 3843
f 3843 3748 3747
f 3854 3853 3858
f 3858 3853 3859
f 3854 3535 3855
f 3855 3535 3910
f 3557 3789 3546
f 3546 3789 3826
f 3923 3823 3924
f 3924 3823 3928
f 3823 3923 3929
f 3929 3923 3930
f 3531 3751 3532
f 3532 3751 3556
f 3532 3556 3538
f 3538 3556 3555
f 3932 3634 3931
f 3931 3634 3633
f 3814 3769 3813
f 3813 3769 3725
f 3620 3636 3621
f 3621 3636 3635
f 3847 3862 3848
f 3848 3862 3752
f 3531 3530 3848
f 3848 3530 3845
f 3933 3934 3830
f 3830 3934 3831
f 3925 3933 3837
f 3837 3933 3830
f 3934 440 3831
f 3831 440 333
f 3925 3802 3833
f 3833 3802 3801
f 3776 3844 3630
f 3630 3844 3627
f 3808 3659 3662
f 3662 3659 3658
f 3667 3650 3526
f 3526 3650 3527
f 3935 3666 3936
f 3936 3666 3665
f 3718 3737 3715
f 3715 3737 3736
f 3663 3809 3664
f 3664 3809 3688
f 3807 3806 3938
f 3938 3806 3937
f 445 413 3761
f 3761 413 3760
f 3902 447 3903
f 3903 447 446
f 3897 3890 3898
f 3898 3890 3889
f 3899 3891 3897
f 3897 3891 3890
f 3898 3889 3901
f 3901 3889 3893
f 3893 3894 3901
f 3901 3894 3902
f 414 386 3787
f 3787 386 3765
f 3940 3941 3939
f 3939 3941 3942
f 3840 3797 3943
f 3943 3797 3727
f 3665 3810 3936
f 3936 3810 3944
f 3921 3735 3726
f 3726 3735 3723
f 3920 3945 3770
f 3770 3945 3922
f 3521 3524 3774
f 3774 3524 3778
f 3864 3946 3625
f 3625 3946 3947
f 3773 3705 3649
f 3649 3705 3519
f 3779 3778 3758
f 3758 3778 3524
f 3812 3716 3736
f 3736 3716 3715
f 3624 3521 3777
f 3777 3521 3774
f 3703 3856 3704
f 3704 3856 3622
f 3900 3892 3899
f 3899 3892 3891
f 3641 3917 3642
f 3642 3917 3948
f 3895 3669 3882
f 3882 3669 3668
f 3855 3851 3852
f 3852 3851 3850
f 3894 458 3902
f 3902 458 447
f 3781 3887 3660
f 3660 3887 3870
f 3570 3566 3571
f 3571 3566 3567
f 3950 3576 3949
f 3949 3576 3587
f 3605 3602 3614
f 3614 3602 3612
f 3614 3612 3570
f 3570 3612 3566
f 3571 3567 3656
f 3656 3567 3654
f 3660 3658 3781
f 3781 3658 3657
f 3604 3607 3587
f 3587 3607 3949
f 3653 3659 3654
f 3654 3659 3656
f 3529 3540 3530
f 3530 3540 3740
f 3687 3811 3688
f 3688 3811 3664
f 3813 3725 3737
f 3737 3725 3724
f 3919 3815 461
f 461 3815 303
f 3818 3798 3819
f 3819 3798 3797
f 3819 3841 3820
f 3820 3841 3951
f 3816 3815 3738
f 3738 3815 3814
f 3540 3539 3533
f 3533 3539 3549
f 3548 3547 3544
f 3544 3547 3541
f 3539 3548 3549
f 3549 3548 3544
f 3741 3931 3860
f 3860 3931 3846
f 3801 3800 3835
f 3835 3800 3836
f 3934 3933 3824
f 3824 3933 3821
f 3825 3828 3546
f 3546 3828 3547
f 3833 3821 3925
f 3925 3821 3933
f 3800 3828 3836
f 3836 3828 3825
f 3824 3952 3934
f 3934 3952 440
f 3860 3846 3861
f 3861 3846 3845
f 3629 3946 3630
f 3630 3946 3864
f 3740 3536 3861
f 3861 3536 3858
f 3833 3801 3834
f 3834 3801 3835
f 3583 3599 3580
f 3580 3599 3585
f 3651 3563 3652
f 3652 3563 3562
f 3758 3909 3779
f 3779 3909 3780
f 3621 3617 3622
f 3622 3617 3704
f 3625 3947 3626
f 3626 3947 3753
f 3633 3632 3847
f 3847 3632 3862
f 3852 3850 3640
f 3640 3850 3641
f 3644 3853 3640
f 3640 3853 3852
f 3859 3742 3860
f 3860 3742 3741
f 3632 3627 3862
f 3862 3627 3844
f 3755 3863 3626
f 3626 3863 3623
f 3917 3638 3948
f 3948 3638 3637
f 3644 3643 3742
f 3742 3643 3743
f 3931 3633 3846
f 3846 3633 3847
f 3625 3624 3864
f 3864 3624 3777
f 3917 3641 3849
f 3849 3641 3850
f 3744 3932 3741
f 3741 3932 3931
f 3903 446 3918
f 3918 446 464
f 3953 3954 3956
f 3956 3954 3955
f 3958 3959 3957
f 3957 3959 3960
f 3876 3958 3877
f 3877 3958 3957
f 3877 3957 3961
f 3961 3957 3962
f 3963 3964 3958
f 3958 3964 3959
f 3965 3966 3876
f 3876 3966 3958
f 3966 3963 3958
f 3966 3967 3963
f 3963 3967 3968
f 3878 3877 3879
f 3879 3877 3961
f 3967 3969 3968
f 3968 3969 3970
f 3969 3971 3970
f 3970 3971 3972
f 3974 3904 3973
f 3973 3904 3907
f 3971 3975 3972
f 3972 3975 3976
f 3976 3975 3978
f 3978 3975 3977
f 3979 3980 3977
f 3977 3980 3978
f 3981 3982 3979
f 3979 3982 3980
f 3983 3984 3981
f 3981 3984 3982
f 3972 3985 3970
f 3970 3985 3986
f 3871 3987 3969
f 3969 3987 3971
f 3872 3871 3967
f 3967 3871 3969
f 3965 3872 3966
f 3966 3872 3967
f 3970 3986 3968
f 3968 3986 3988
f 3879 3961 3884
f 3884 3961 3940
f 3884 3940 3885
f 3885 3940 3939
f 3989 3990 3992
f 3992 3990 3991
f 3942 3993 3995
f 3995 3993 3994
f 3994 3996 3995
f 3995 3996 3974
f 3997 3998 3994
f 3994 3998 3996
f 3999 3997 3993
f 3993 3997 3994
f 4001 3996 4000
f 4000 3996 3998
f 4000 3998 4002
f 4002 3998 4003
f 4004 4003 3997
f 3997 4003 3998
f 3997 3999 4004
f 4004 3999 4005
f 4006 3995 3973
f 3973 3995 3974
f 3939 3942 4006
f 4006 3942 3995
f 3906 3887 3907
f 3907 3887 3886
f 3887 3906 3870
f 3870 3906 3867
f 3908 3973 3886
f 3886 3973 3907
f 3865 4007 3866
f 3866 4007 4008
f 3984 3983 4009
f 4009 3983 4010
f 3961 3962 3940
f 3940 3962 3941
f 4012 3868 4011
f 4011 3868 3867
f 4013 3975 3987
f 3987 3975 3971
f 4014 3977 4013
f 4013 3977 3975
f 4015 4010 4007
f 4007 4010 3983
f 4007 3983 4008
f 4008 3983 3981
f 4008 3981 4016
f 4016 3981 3979
f 4017 3984 4018
f 4018 3984 4009
f 3977 4014 3979
f 3979 4014 4016
f 3982 3984 4019
f 4019 3984 4017
f 4021 4022 4020
f 4020 4022 4023
f 4022 4012 4023
f 4023 4012 4011
f 4023 3904 4020
f 4020 3904 3974
f 4024 4025 4018
f 4018 4025 4017
f 4026 4027 4024
f 4024 4027 4025
f 4028 4026 4029
f 4029 4026 4024
f 4018 4021 4024
f 4024 4021 4029
f 4030 4031 4026
f 4026 4031 4027
f 4032 4030 4028
f 4028 4030 4026
f 4029 4001 4028
f 4028 4001 4000
f 4028 4000 4032
f 4032 4000 4002
f 4034 4035 4033
f 4033 4035 4036
f 4037 4038 4019
f 4019 4038 4039
f 4041 4039 4040
f 4040 4039 4038
f 4040 4038 4042
f 4042 4038 4036
f 4042 4036 4043
f 4043 4036 4035
f 3985 4044 4046
f 4046 4044 4045
f 4047 4048 4045
f 4045 4048 4046
f 4047 4049 4048
f 4048 4049 4050
f 4042 4047 4040
f 4040 4047 4045
f 4043 4049 4042
f 4042 4049 4047
f 4040 4045 4041
f 4041 4045 4044
f 4052 3959 4051
f 4051 3959 3964
f 4053 4054 4051
f 4051 4054 4055
f 3956 3960 4052
f 4052 3960 3959
f 3953 3956 4056
f 4056 3956 4052
f 4058 3953 4057
f 4057 3953 4056
f 4060 4061 4059
f 4059 4061 4062
f 4063 4064 4054
f 4054 4064 4057
f 4054 4053 4063
f 4063 4053 4065
f 4066 4067 4069
f 4069 4067 4068
f 4048 4050 4063
f 4063 4050 4064
f 4063 4065 4048
f 4048 4065 4046
f 3985 4046 3986
f 3986 4046 4065
f 3986 4065 3988
f 3988 4065 4053
f 3988 4053 3964
f 3964 4053 4051
f 3976 3978 4044
f 4044 3978 4041
f 3980 3982 4039
f 4039 3982 4019
f 4039 4041 3980
f 3980 4041 3978
f 3973 3908 4006
f 4006 3908 3896
f 3885 3939 3896
f 3896 3939 4006
f 4031 4034 4027
f 4027 4034 4033
f 4027 4033 4025
f 4025 4033 4037
f 4019 4017 4037
f 4037 4017 4025
f 3993 3942 4070
f 4070 3942 3941
f 3999 3993 4071
f 4071 3993 4070
f 3999 4071 4005
f 4005 4071 4072
f 4073 4074 4076
f 4076 4074 4075
f 4078 4079 4077
f 4077 4079 4080
f 4082 4080 4081
f 4081 4080 4079
f 4084 4085 4083
f 4083 4085 4086
f 4087 4088 4090
f 4090 4088 4089
f 4092 4093 4091
f 4091 4093 4094
f 4096 4097 4095
f 4095 4097 4098
f 4100 4101 4099
f 4099 4101 4102
f 4103 4104 4106
f 4106 4104 4105
f 4108 4109 4107
f 4107 4109 4110
f 4112 4113 4111
f 4111 4113 4114
f 4116 4117 4115
f 4115 4117 4118
f 4120 4121 4119
f 4119 4121 4122
f 4123 4124 4126
f 4126 4124 4125
f 4127 4128 4130
f 4130 4128 4129
f 4132 4133 4131
f 4131 4133 4134
f 4136 4108 4135
f 4135 4108 4107
f 4138 4139 4137
f 4137 4139 4140
f 4141 4142 4088
f 4088 4142 4089
f 4144 4145 4143
f 4143 4145 4146
f 4148 4149 4147
f 4147 4149 4150
f 4152 4153 4151
f 4151 4153 4154
f 4156 4082 4155
f 4155 4082 4081
f 4157 4158 4160
f 4160 4158 4159
f 4161 4162 4164
f 4164 4162 4163
f 4166 4122 4165
f 4165 4122 4121
f 4168 4152 4167
f 4167 4152 4151
f 4169 4170 4172
f 4172 4170 4171
f 4174 4175 4173
f 4173 4175 4176
f 4178 4149 4177
f 4177 4149 4179
f 4173 4176 4180
f 4180 4176 4181
f 4156 4085 4182
f 4182 4085 4183
f 4182 4184 4156
f 4156 4184 4082
f 4185 4186 4184
f 4184 4186 4187
f 4186 4188 4187
f 4187 4188 4189
f 4190 4191 4073
f 4073 4191 4074
f 4177 4179 4158
f 4158 4179 4159
f 4193 4127 4192
f 4192 4127 4130
f 4144 4194 4151
f 4151 4194 4167
f 4196 4197 4195
f 4195 4197 4198
f 4095 4199 4096
f 4096 4199 4200
f 4201 4202 4204
f 4204 4202 4203
f 4205 4206 4208
f 4208 4206 4207
f 4121 4120 4209
f 4209 4120 4210
f 4212 4213 4211
f 4211 4213 4214
f 4216 4217 4215
f 4215 4217 4218
f 4220 4221 4219
f 4219 4221 4222
f 4224 4196 4223
f 4223 4196 4195
f 4225 4226 4134
f 4134 4226 4131
f 4228 4229 4227
f 4227 4229 4230
f 4232 4233 4231
f 4231 4233 4098
f 4235 4236 4234
f 4234 4236 4237
f 4239 4240 4238
f 4238 4240 4241
f 4242 4243 4245
f 4245 4243 4244
f 4246 4247 4249
f 4249 4247 4248
f 4251 4252 4250
f 4250 4252 4253
f 4255 4256 4254
f 4254 4256 4257
f 4259 4260 4258
f 4258 4260 4261
f 4263 4264 4262
f 4262 4264 4265
f 4267 4268 4266
f 4266 4268 4269
f 4271 4199 4270
f 4270 4199 4272
f 4273 4274 4276
f 4276 4274 4275
f 4115 4118 4277
f 4277 4118 4278
f 4280 4281 4279
f 4279 4281 4282
f 4211 4283 4212
f 4212 4283 4284
f 4286 4287 4285
f 4285 4287 4288
f 4165 4121 4289
f 4289 4121 4209
f 4291 4286 4290
f 4290 4286 4285
f 4293 4294 4292
f 4292 4294 4295
f 4297 4298 4296
f 4296 4298 4299
f 4301 4302 4300
f 4300 4302 4303
f 4299 4304 4296
f 4296 4304 4305
f 4306 4292 4307
f 4307 4292 4295
f 4307 4308 4306
f 4306 4308 4309
f 4310 4309 4075
f 4075 4309 4308
f 4299 4298 4312
f 4312 4298 4311
f 4302 4301 4293
f 4293 4301 4294
f 3735 3921 4313
f 4313 3921 4314
f 4315 4314 3922
f 3922 4314 3921
f 4316 3945 829
f 829 3945 830
f 4289 4317 4165
f 4165 4317 4318
f 4320 4321 4319
f 4319 4321 4322
f 4324 4325 4323
f 4323 4325 4326
f 4327 4328 4330
f 4330 4328 4329
f 4290 4331 4291
f 4291 4331 4332
f 4165 4318 4166
f 4166 4318 4333
f 4334 4335 4337
f 4337 4335 4336
f 4339 4340 4338
f 4338 4340 4341
f 4168 4343 4342
f 4342 4343 4344
f 4346 4347 4345
f 4345 4347 4348
f 4350 4351 4349
f 4349 4351 4352
f 4354 4355 4353
f 4353 4355 4356
f 4357 4358 4324
f 4324 4358 4325
f 4337 4359 4334
f 4334 4359 4360
f 4362 4363 4361
f 4361 4363 4364
f 4366 4367 4365
f 4365 4367 4368
f 4369 4370 4372
f 4372 4370 4371
f 4331 4290 4374
f 4374 4290 4373
f 4373 4376 4375
f 4375 4376 4377
f 4379 4380 4378
f 4378 4380 4381
f 4217 4382 4218
f 4218 4382 4383
f 4385 4386 4384
f 4384 4386 4387
f 4388 4389 4338
f 4338 4389 4390
f 4337 4336 4392
f 4392 4336 4391
f 4394 4362 4393
f 4393 4362 4361
f 4396 4397 4395
f 4395 4397 4398
f 4400 4401 4399
f 4399 4401 4402
f 4345 4403 4346
f 4346 4403 4404
f 4405 4406 4342
f 4342 4406 4407
f 4409 4410 4408
f 4408 4410 4411
f 4408 4412 4409
f 4409 4412 4413
f 4181 4415 4414
f 4414 4415 4416
f 4182 4183 4417
f 4417 4183 4418
f 4419 4353 4311
f 4311 4353 4312
f 4421 4422 4420
f 4420 4422 4423
f 4353 4356 4312
f 4312 4356 4424
f 4166 4333 4425
f 4425 4333 4426
f 4425 4143 4166
f 4166 4143 4122
f 4427 4107 4428
f 4428 4107 4110
f 4429 4430 4174
f 4174 4430 4175
f 4335 4431 4336
f 4336 4431 4390
f 4336 4390 4391
f 4391 4390 4389
f 4432 4433 4435
f 4435 4433 4434
f 4437 4438 4436
f 4436 4438 4439
f 4441 4442 4440
f 4440 4442 4443
f 4359 4444 4361
f 4361 4444 4393
f 4446 4447 4445
f 4445 4447 4448
f 4338 4341 4388
f 4388 4341 4449
f 4450 4451 4398
f 4398 4451 4395
f 4453 4454 4452
f 4452 4454 4455
f 4457 4458 4456
f 4456 4458 4459
f 4460 4461 4448
f 4448 4461 4445
f 4463 4464 4462
f 4462 4464 4465
f 4462 4465 4466
f 4466 4465 4467
f 4468 4469 4467
f 4467 4469 4466
f 4469 4468 4470
f 4470 4468 4471
f 4472 4473 4471
f 4471 4473 4470
f 4475 4476 4474
f 4474 4476 4477
f 4479 4480 4478
f 4478 4480 4481
f 4483 4484 4482
f 4482 4484 4485
f 4487 4488 4486
f 4486 4488 4489
f 4491 4492 4490
f 4490 4492 4493
f 4494 4495 4493
f 4493 4495 4490
f 4496 4497 4494
f 4494 4497 4495
f 4497 4496 4498
f 4498 4496 4499
f 4500 4501 4503
f 4503 4501 4502
f 4505 4506 4504
f 4504 4506 4507
f 4466 4508 4462
f 4462 4508 4509
f 4470 4510 4469
f 4469 4510 4511
f 4513 4479 4512
f 4512 4479 4478
f 4515 4443 4514
f 4514 4443 4442
f 4516 4517 4519
f 4519 4517 4518
f 4521 4495 4520
f 4520 4495 4497
f 4522 4490 4521
f 4521 4490 4495
f 4491 4523 4488
f 4488 4523 4524
f 4525 4489 4524
f 4524 4489 4488
f 4484 4526 4485
f 4485 4526 4527
f 4503 4528 4500
f 4500 4528 4529
f 4530 4531 4533
f 4533 4531 4532
f 4535 4506 4534
f 4534 4506 4530
f 4486 4536 4487
f 4487 4536 4537
f 4487 4537 4492
f 4492 4537 4538
f 4494 4539 4496
f 4496 4539 4540
f 4542 4533 4541
f 4541 4533 4499
f 4544 4545 4543
f 4543 4545 4546
f 4548 4549 4547
f 4547 4549 4550
f 4536 4551 4537
f 4537 4551 4552
f 4537 4552 4538
f 4538 4552 4553
f 4554 4539 4556
f 4556 4539 4555
f 4557 4540 4554
f 4554 4540 4539
f 4559 4557 4558
f 4558 4557 4560
f 4540 4557 4541
f 4541 4557 4559
f 4562 4563 4561
f 4561 4563 4564
f 4546 4565 4543
f 4543 4565 4566
f 4547 4567 4548
f 4548 4567 4568
f 4570 4571 4569
f 4569 4571 4572
f 4574 4575 4573
f 4573 4575 4576
f 4578 4579 4577
f 4577 4579 4580
f 4582 4583 4581
f 4581 4583 4584
f 4585 4586 4588
f 4588 4586 4587
f 4589 4585 4590
f 4590 4585 4588
f 4592 4593 4591
f 4591 4593 4594
f 4596 4597 4595
f 4595 4597 4598
f 4600 4601 4599
f 4599 4601 4602
f 4563 4604 4603
f 4603 4604 4605
f 4603 4606 4608
f 4608 4606 4607
f 4609 4610 4594
f 4594 4610 4591
f 4611 4612 4614
f 4614 4612 4613
f 4616 4617 4615
f 4615 4617 4618
f 4602 4620 4619
f 4619 4620 4621
f 4619 4622 4602
f 4602 4622 4599
f 4605 4599 4623
f 4623 4599 4622
f 4605 4623 4603
f 4603 4623 4606
f 4625 4626 4624
f 4624 4626 4627
f 4438 4437 4628
f 4628 4437 4629
f 4442 4441 4630
f 4630 4441 4631
f 4630 4632 4442
f 4442 4632 4514
f 4633 4634 4529
f 4529 4634 4500
f 4500 4634 4501
f 4501 4634 4635
f 4637 4546 4636
f 4636 4546 4545
f 4639 4565 4638
f 4638 4565 4640
f 4573 4576 4641
f 4641 4576 4642
f 4593 4643 4594
f 4594 4643 4644
f 4645 4609 4644
f 4644 4609 4594
f 4647 4648 4646
f 4646 4648 4649
f 4651 4652 4650
f 4650 4652 4653
f 4654 4498 4519
f 4519 4498 4532
f 4520 4508 4521
f 4521 4508 4511
f 4522 4510 4523
f 4523 4510 4655
f 4524 4656 4525
f 4525 4656 4657
f 4514 4529 4515
f 4515 4529 4528
f 4658 4659 4661
f 4661 4659 4660
f 4496 4540 4499
f 4499 4540 4541
f 4493 4555 4494
f 4494 4555 4539
f 4549 4483 4550
f 4550 4483 4482
f 4545 4544 4501
f 4501 4544 4502
f 4636 4545 4635
f 4635 4545 4501
f 4589 4663 4662
f 4662 4663 4664
f 4662 4665 4558
f 4558 4665 4559
f 4569 4586 4570
f 4570 4586 4560
f 4552 4666 4553
f 4553 4666 4667
f 4668 4669 4670
f 4670 4669 4666
f 4672 4673 4671
f 4671 4673 4674
f 4287 4675 4288
f 4288 4675 4676
f 4678 4679 4677
f 4677 4679 4680
f 4681 4678 4682
f 4682 4678 4677
f 4682 4683 4681
f 4681 4683 4684
f 4161 4164 4685
f 4685 4164 4686
f 4414 4687 4689
f 4689 4687 4688
f 4405 4690 4346
f 4346 4690 4347
f 4691 4399 4693
f 4693 4399 4692
f 1209 4694 4365
f 4365 4694 4366
f 4650 1211 4651
f 4651 1211 1210
f 4695 4696 4255
f 4255 4696 4256
f 4697 4698 4218
f 4218 4698 4215
f 4700 4701 4699
f 4699 4701 4702
f 4703 4704 4303
f 4303 4704 4300
f 4315 3922 4316
f 4316 3922 3945
f 4653 4706 4705
f 4705 4706 4707
f 4709 4710 4708
f 4708 4710 4711
f 4335 4334 4713
f 4713 4334 4712
f 4714 4340 4321
f 4321 4340 4322
f 4716 4717 4715
f 4715 4717 4718
f 4238 4241 4719
f 4719 4241 4720
f 4231 4721 4307
f 4307 4721 4308
f 4723 4724 4722
f 4722 4724 4725
f 4727 4728 4726
f 4726 4728 4729
f 4730 4731 4327
f 4327 4731 4328
f 4733 4734 4732
f 4732 4734 4735
f 4720 4381 4736
f 4736 4381 4737
f 4738 4739 4741
f 4741 4739 4740
f 4743 4744 4742
f 4742 4744 4745
f 4338 4390 4339
f 4339 4390 4431
f 4746 4747 4431
f 4431 4747 4339
f 4291 4332 4289
f 4289 4332 4317
f 4289 4209 4291
f 4291 4209 4286
f 4287 4286 4210
f 4210 4286 4209
f 4749 4750 4748
f 4748 4750 4751
f 4212 4284 4752
f 4752 4284 4753
f 4752 4754 4212
f 4212 4754 4213
f 4252 4251 4225
f 4225 4251 4226
f 4227 4230 4248
f 4248 4230 4249
f 4205 4755 4757
f 4757 4755 4756
f 4708 4711 4758
f 4758 4711 4647
f 4367 4366 4759
f 4759 4366 4760
f 4526 4513 4527
f 4527 4513 4512
f 4420 4423 4385
f 4385 4423 4386
f 4705 4761 4653
f 4653 4761 4650
f 4761 1279 4650
f 4650 1279 1211
f 4762 4763 3944
f 3944 4763 3936
f 4274 4273 4765
f 4765 4273 4764
f 4767 4768 4766
f 4766 4768 4769
f 4770 4771 4769
f 4769 4771 4766
f 4771 4770 4242
f 4242 4770 4243
f 4093 4163 4094
f 4094 4163 4162
f 4772 4773 4775
f 4775 4773 4774
f 4777 4778 4776
f 4776 4778 4779
f 4417 4185 4182
f 4182 4185 4184
f 4780 4078 4781
f 4781 4078 4077
f 4781 4077 4782
f 4782 4077 4189
f 4188 4783 4189
f 4189 4783 4782
f 4295 4232 4307
f 4307 4232 4231
f 4785 4786 4784
f 4784 4786 4787
f 4784 1307 4785
f 4785 1307 1306
f 4078 4780 4096
f 4096 4780 4097
f 4075 4074 4310
f 4310 4074 4788
f 4788 4074 4789
f 4789 4074 4191
f 4789 4191 4059
f 4059 4191 4790
f 4791 4277 4792
f 4792 4277 4278
f 3732 3735 4793
f 4793 3735 4313
f 4793 4794 3732
f 3732 4794 3731
f 4792 4795 4791
f 4791 4795 4796
f 4797 4798 4799
f 4799 4798 4724
f 4763 4800 3936
f 3936 4800 3935
f 4801 4062 3729
f 3729 4062 3730
f 4713 4712 4802
f 4802 4712 4803
f 4146 4804 4119
f 4119 4804 4805
f 4498 4654 4497
f 4497 4654 4520
f 4806 4807 1326
f 1326 4807 1327
f 4689 4688 1330
f 1330 4688 1331
f 4801 4789 4062
f 4062 4789 4059
f 3730 4062 4808
f 4808 4062 4061
f 4810 4811 4809
f 4809 4811 4812
f 4813 4403 4814
f 4814 4403 4345
f 4815 4816 4349
f 4349 4816 4350
f 4817 4818 4820
f 4820 4818 4819
f 4406 4821 4407
f 4407 4821 4822
f 4823 4161 4824
f 4824 4161 4685
f 4181 4414 4825
f 4825 4414 4689
f 4741 4740 4826
f 4826 4740 4827
f 4828 4829 4827
f 4827 4829 4826
f 4142 4141 4415
f 4415 4141 4148
f 4830 1354 4761
f 4761 1354 1279
f 4832 4833 4831
f 4831 4833 4834
f 4835 4836 4626
f 4626 4836 4421
f 4451 4709 4395
f 4395 4709 4708
f 4627 4420 4837
f 4837 4420 4385
f 4837 1365 4838
f 4838 1365 1364
f 4397 4396 4839
f 4839 4396 4840
f 4842 4628 4841
f 4841 4628 4629
f 4671 4674 4631
f 4631 4674 4630
f 4674 4659 4630
f 4630 4659 4632
f 4633 4632 4658
f 4658 4632 4659
f 4658 4504 4633
f 4633 4504 4634
f 4635 4634 4507
f 4507 4634 4504
f 4843 4636 4507
f 4507 4636 4635
f 4844 4637 4843
f 4843 4637 4636
f 4637 4844 4640
f 4640 4844 4664
f 4638 4663 4642
f 4642 4663 4845
f 4847 4643 4846
f 4846 4643 4641
f 4644 4848 4645
f 4645 4848 4849
f 4851 4852 4850
f 4850 4852 4853
f 4855 4856 4854
f 4854 4856 4857
f 4859 4860 4858
f 4858 4860 4857
f 4715 4718 4859
f 4859 4718 4860
f 4862 4863 4861
f 4861 4863 4864
f 4866 4867 4865
f 4865 4867 4868
f 4870 4871 4869
f 4869 4871 4872
f 4869 4872 4116
f 4116 4872 4117
f 4820 4819 4874
f 4874 4819 4873
f 4876 4877 4875
f 4875 4877 4878
f 4880 4881 4879
f 4879 4881 4882
f 4884 4885 4883
f 4883 4885 4886
f 4887 4888 4280
f 4280 4888 4281
f 4818 4817 4889
f 4889 4817 4890
f 4891 4193 4823
f 4823 4193 4192
f 4892 4893 4228
f 4228 4893 4229
f 4158 4157 4894
f 4894 4157 4895
f 4896 4897 4132
f 4132 4897 4133
f 4099 4683 4100
f 4100 4683 4682
f 4101 4100 4899
f 4899 4100 4898
f 4150 4106 4147
f 4147 4106 4900
f 4100 4682 4898
f 4898 4682 4677
f 4080 4082 4187
f 4187 4082 4184
f 4077 4080 4189
f 4189 4080 4187
f 4191 4190 4790
f 4790 4190 4901
f 4177 4158 4680
f 4680 4158 4894
f 4108 4136 4752
f 4752 4136 4754
f 4752 4753 4108
f 4108 4753 4109
f 4817 4902 4890
f 4890 4902 4903
f 4904 4905 4907
f 4907 4905 4906
f 4909 4910 4908
f 4908 4910 4911
f 4913 4914 4912
f 4912 4914 4915
f 4916 4917 4919
f 4919 4917 4918
f 4312 4424 4299
f 4299 4424 4304
f 4920 4921 4297
f 4297 4921 4298
f 4194 4922 4167
f 4167 4922 4923
f 4924 4400 4691
f 4691 4400 4399
f 4395 4708 4396
f 4396 4708 4758
f 4367 4925 4368
f 4368 4925 4926
f 4919 4918 4873
f 4873 4918 4874
f 4836 4927 4421
f 4421 4927 4422
f 4921 4928 4298
f 4298 4928 4311
f 4143 4146 4122
f 4122 4146 4119
f 4929 4930 4455
f 4455 4930 4452
f 4932 4933 4931
f 4931 4933 4934
f 4935 4936 4932
f 4932 4936 4933
f 4461 4460 4457
f 4457 4460 4458
f 4480 4479 4475
f 4475 4479 4476
f 4660 4673 4517
f 4517 4673 4937
f 4661 4505 4658
f 4658 4505 4504
f 4484 4483 4489
f 4489 4483 4486
f 4462 4509 4463
f 4463 4509 4518
f 4469 4511 4466
f 4466 4511 4508
f 4655 4473 4656
f 4656 4473 4477
f 4476 4657 4477
f 4477 4657 4656
f 4479 4513 4476
f 4476 4513 4657
f 4489 4525 4484
f 4484 4525 4526
f 4483 4549 4486
f 4486 4549 4536
f 4549 4548 4536
f 4536 4548 4551
f 4548 4568 4551
f 4551 4568 4670
f 4663 4589 4845
f 4845 4589 4590
f 4668 4577 4938
f 4938 4577 4580
f 4940 4938 4939
f 4939 4938 4941
f 4940 4942 4669
f 4669 4942 4943
f 4587 4582 4944
f 4944 4582 4581
f 4848 4847 4608
f 4608 4847 4564
f 4616 4945 4613
f 4613 4945 4598
f 4615 4946 4616
f 4616 4946 4945
f 4947 4939 4948
f 4948 4939 4946
f 4599 4605 4600
f 4600 4605 4604
f 4608 4607 4848
f 4848 4607 4849
f 4613 4612 4616
f 4616 4612 4617
f 4835 4949 4709
f 4709 4949 4710
f 4357 1477 4837
f 4837 1477 1365
f 4712 4950 4803
f 4803 4950 4951
f 4401 4952 4402
f 4402 4952 4953
f 4759 4760 4402
f 4402 4760 4399
f 4508 4520 4509
f 4509 4520 4654
f 4510 4522 4511
f 4511 4522 4521
f 4513 4526 4657
f 4657 4526 4525
f 4632 4633 4514
f 4514 4633 4529
f 4931 4934 4453
f 4453 4934 4454
f 4153 4954 4154
f 4154 4954 4955
f 4957 4958 4956
f 4956 4958 4959
f 4961 4962 4960
f 4960 4962 4963
f 4120 4964 4210
f 4210 4964 4965
f 4967 4968 4966
f 4966 4968 4969
f 4349 4692 4815
f 4815 4692 4970
f 4652 4971 4653
f 4653 4971 4706
f 4758 4647 4972
f 4972 4647 4646
f 4973 4363 4646
f 4646 4363 4972
f 4950 4360 4974
f 4974 4360 4364
f 4431 4335 4746
f 4746 4335 4713
f 4358 4714 4325
f 4325 4714 4321
f 4765 4764 4266
f 4266 4764 4975
f 4202 4976 4203
f 4203 4976 4977
f 4917 4978 4918
f 4918 4978 4979
f 4279 4282 4854
f 4854 4282 4269
f 4820 4880 4817
f 4817 4880 4902
f 4890 4903 4980
f 4980 4903 4886
f 4982 4983 4981
f 4981 4983 4123
f 4795 4851 4796
f 4796 4851 4850
f 4918 4979 4874
f 4874 4979 4881
f 4809 4404 4810
f 4810 4404 4403
f 4354 4985 4984
f 4984 4985 4986
f 1364 1516 4838
f 4838 1516 4987
f 4759 4988 4367
f 4367 4988 4925
f 4989 4990 4481
f 4481 4990 4478
f 4443 4515 4990
f 4990 4515 4991
f 4527 4512 4992
f 4992 4512 4991
f 4528 4503 4992
f 4992 4503 4993
f 4993 4994 4485
f 4485 4994 4482
f 4544 4995 4502
f 4502 4995 4994
f 4995 4996 4550
f 4550 4996 4547
f 4998 4999 4997
f 4997 4999 4566
f 4998 5000 4578
f 4578 5000 4579
f 5001 5002 4596
f 4596 5002 4597
f 5003 4591 5004
f 5004 4591 4610
f 4626 4421 4627
f 4627 4421 4420
f 4837 4838 4627
f 4627 4838 4624
f 4761 4705 4830
f 4830 4705 5005
f 4705 4707 5005
f 5005 4707 5006
f 4308 4721 4075
f 4075 4721 4076
f 5007 4200 4797
f 4797 4200 4798
f 4685 4686 5008
f 5008 4686 5009
f 4889 4890 5010
f 5010 4890 4980
f 4323 1541 4324
f 4324 1541 1540
f 4385 4384 4358
f 4358 4384 4714
f 4396 4758 4840
f 4840 4758 4972
f 4866 4852 5011
f 5011 4852 5012
f 5013 4260 4980
f 4980 4260 5010
f 4875 4878 5014
f 5014 4878 5015
f 5017 5018 5016
f 5016 5018 5019
f 5016 5019 5020
f 5020 5019 5021
f 5023 5024 5022
f 5022 5024 5025
f 5027 5028 5026
f 5026 5028 5029
f 5031 5032 5030
f 5030 5032 5033
f 5035 5036 5034
f 5034 5036 5037
f 5039 5040 5038
f 5038 5040 5041
f 5043 5044 5042
f 5042 5044 5045
f 5038 5046 5039
f 5039 5046 5047
f 5049 5050 5048
f 5048 5050 5051
f 5053 5054 5052
f 5052 5054 5055
f 5057 5024 5056
f 5056 5024 5058
f 5060 5061 5059
f 5059 5061 5062
f 5064 5065 5063
f 5063 5065 5066
f 5043 5050 5064
f 5064 5050 5065
f 5038 5041 5067
f 5067 5041 5068
f 5070 5071 5069
f 5069 5071 5072
f 5074 5075 5073
f 5073 5075 5076
f 5034 5077 5035
f 5035 5077 5078
f 5080 5081 5079
f 5079 5081 5082
f 5084 5085 5083
f 5083 5085 5086
f 5085 5084 5087
f 5087 5084 5088
f 5090 5091 5089
f 5089 5091 5092
f 5094 5095 5093
f 5093 5095 5096
f 5098 5099 5097
f 5097 5099 5100
f 5102 5103 5101
f 5101 5103 5104
f 5105 5106 5108
f 5108 5106 5107
f 5110 5111 5109
f 5109 5111 5112
f 5114 5094 5113
f 5113 5094 5093
f 5116 5117 5115
f 5115 5117 5118
f 5120 5121 5119
f 5119 5121 5122
f 5124 5125 5123
f 5123 5125 5126
f 5128 5129 5127
f 5127 5129 5130
f 5097 5131 5098
f 5098 5131 5132
f 5134 5135 5133
f 5133 5135 5122
f 5084 5125 5088
f 5088 5125 5136
f 5138 5139 5137
f 5137 5139 5140
f 5142 5102 5141
f 5141 5102 5101
f 5106 5143 5107
f 5107 5143 5144
f 5146 5147 5145
f 5145 5147 5148
f 5149 5150 5109
f 5109 5150 5110
f 5151 5110 5152
f 5152 5110 5150
f 4715 5140 4716
f 4716 5140 5139
f 5143 4870 5144
f 5144 4870 4869
f 4115 5146 4116
f 4116 5146 5145
f 4791 4796 5149
f 5149 4796 5150
f 4796 4850 5150
f 5150 4850 5152
f 4858 5142 4859
f 4859 5142 5141
f 5153 5154 5115
f 5115 5154 5105
f 5156 5157 5155
f 5155 5157 5158
f 5159 5160 5053
f 5053 5160 5054
f 5161 5162 5020
f 5020 5162 5068
f 5026 5029 5163
f 5163 5029 5021
f 5083 5086 5164
f 5164 5086 5165
f 5090 5167 5166
f 5166 5167 5168
f 5169 5170 5172
f 5172 5170 5171
f 5174 5175 5173
f 5173 5175 5176
f 5177 5109 5178
f 5178 5109 5112
f 5179 5180 5182
f 5182 5180 5181
f 5123 5126 5120
f 5120 5126 5121
f 5180 5167 5181
f 5181 5167 5183
f 5184 5185 5179
f 5179 5185 5180
f 5186 5149 5177
f 5177 5149 5109
f 4868 5184 4865
f 4865 5184 5179
f 5188 5189 5187
f 5187 5189 5190
f 4277 4791 5186
f 5186 4791 5149
f 5179 5182 4865
f 4865 5182 4853
f 5189 4862 5190
f 5190 4862 4861
f 5156 5075 5191
f 5191 5075 5192
f 5036 5035 5193
f 5193 5035 5194
f 5115 5118 5153
f 5153 5118 5195
f 5022 5025 5196
f 5196 5025 5197
f 5155 5158 5069
f 5069 5158 5062
f 5063 5066 5198
f 5198 5066 5199
f 5073 5076 5200
f 5200 5076 5072
f 5202 5131 5201
f 5201 5131 5203
f 5143 5106 5204
f 5204 5106 5205
f 5114 5113 5206
f 5206 5113 5127
f 5098 5132 5193
f 5193 5132 5195
f 5204 5207 5143
f 5143 5207 4870
f 5088 5136 5208
f 5208 5136 5092
f 5209 5210 5089
f 5089 5210 5183
f 5211 5018 5060
f 5060 5018 5061
f 5017 5040 5070
f 5070 5040 5071
f 5191 5160 5156
f 5156 5160 5157
f 5048 5028 5049
f 5049 5028 5058
f 5207 5204 4858
f 4858 5204 5142
f 4859 5141 4715
f 4715 5141 5140
f 5212 5162 5042
f 5042 5162 5051
f 5182 5152 4853
f 4853 5152 4850
f 5214 5134 5213
f 5213 5134 5133
f 5164 5165 5133
f 5133 5165 5213
f 5215 5216 5201
f 5201 5216 5217
f 5147 5218 5148
f 5148 5218 5219
f 5147 5177 5218
f 5218 5177 5178
f 5141 5101 5140
f 5140 5101 5137
f 5201 5217 5202
f 5202 5217 5104
f 5146 5186 5147
f 5147 5186 5177
f 4277 5186 4115
f 4115 5186 5146
f 5191 5192 5031
f 5031 5192 5032
f 5052 5055 5220
f 5220 5055 5197
f 4116 5145 4869
f 4869 5145 5144
f 5034 5037 5214
f 5214 5037 5134
f 5097 5100 5114
f 5114 5100 5094
f 5108 5107 5219
f 5219 5107 5148
f 5221 5135 5116
f 5116 5135 5117
f 5124 5111 5209
f 5209 5111 5210
f 5107 5144 5148
f 5148 5144 5145
f 5152 5182 5151
f 5151 5182 5181
f 5208 5222 5088
f 5088 5222 5087
f 5222 5208 5171
f 5171 5208 5172
f 5223 1756 4698
f 4698 1756 1755
f 4427 5224 4107
f 4107 5224 4135
f 4178 4679 5225
f 5225 4679 5226
f 5227 5228 4892
f 4892 5228 4893
f 5229 5230 4171
f 4171 5230 4172
f 4855 4268 4884
f 4884 4268 4885
f 4884 4871 4855
f 4855 4871 4856
f 4684 5231 4896
f 4896 5231 4897
f 4768 4767 5009
f 5009 4767 5008
f 5205 5154 5102
f 5102 5154 5103
f 5099 5098 5194
f 5194 5098 5193
f 5198 5199 5079
f 5079 5199 5033
f 5102 5142 5205
f 5205 5142 5204
f 5224 4427 4681
f 4681 4427 4678
f 3712 3711 5232
f 5232 3711 5233
f 3968 3988 3963
f 3963 3988 3964
f 3976 4044 3972
f 3972 4044 3985
f 4038 4037 4036
f 4036 4037 4033
f 4794 4762 3731
f 3731 4762 3944
f 3731 3944 3722
f 3722 3944 3810
f 3874 5234 5232
f 5232 5234 3712
f 3906 3905 3867
f 3867 3905 4011
f 3904 4023 3905
f 3905 4023 4011
f 3719 3722 3811
f 3811 3722 3810
f 3812 3719 3687
f 3687 3719 3811
f 3716 3812 3686
f 3686 3812 3687
f 3713 3716 3685
f 3685 3716 3686
f 4810 4403 5235
f 5235 4403 4813
f 4345 1770 4814
f 4814 1770 1769
f 4067 4066 4058
f 4058 4066 5236
f 4043 4068 4049
f 4049 4068 4050
f 4034 5237 3989
f 3989 5237 3990
f 4031 4030 4072
f 4072 4030 4005
f 4003 4004 4002
f 4002 4004 4032
f 4004 4005 4032
f 4032 4005 4030
f 4067 4064 4068
f 4068 4064 4050
f 4058 4057 4067
f 4067 4057 4064
f 4035 4034 5238
f 5238 4034 3989
f 5236 5239 4058
f 4058 5239 5240
f 5234 3874 5241
f 5241 3874 3873
f 5241 3873 3881
f 3881 3873 3878
f 4800 4763 4788
f 4788 4763 4310
f 4763 4762 4310
f 4310 4762 4309
f 4762 4794 4309
f 4309 4794 4306
f 4794 4793 4306
f 4306 4793 4292
f 4293 4313 4302
f 4302 4313 4314
f 4302 4314 4303
f 4303 4314 4315
f 4303 4315 4703
f 4703 4315 4316
f 4035 4069 4043
f 4043 4069 4068
f 4324 1540 4357
f 4357 1540 1477
f 5232 3987 3874
f 3874 3987 3871
f 3987 5232 4013
f 4013 5232 5233
f 4013 5233 4014
f 4014 5233 5242
f 3888 4015 3865
f 3865 4015 4007
f 3866 4008 5243
f 5243 4008 4016
f 3873 5244 3878
f 3878 5244 3875
f 3965 5244 3872
f 3872 5244 3873
f 3876 3875 3965
f 3965 3875 5244
f 5243 4016 5242
f 5242 4016 4014
f 5246 5247 5245
f 5245 5247 5248
f 3576 3950 3577
f 3577 3950 3926
f 3584 3842 3585
f 3585 3842 3580
f 5249 5247 1784
f 1784 5247 1785
f 5250 5251 5253
f 5253 5251 5252
f 5255 5252 5254
f 5254 5252 5256
f 5254 5256 5258
f 5258 5256 5257
f 5258 5257 5260
f 5260 5257 5259
f 4356 5261 4424
f 4424 5261 5259
f 4355 5262 4356
f 4356 5262 5261
f 4924 5264 5263
f 5263 5264 5265
f 4693 5266 4691
f 4691 5266 5267
f 4351 5268 4352
f 4352 5268 5269
f 1808 1807 4351
f 4351 1807 5268
f 3580 3842 3581
f 3799 3802 3838
f 4800 4788 4801
f 4801 4788 4789
f 3729 3935 4801
f 4801 3935 4800
f 3728 3666 3729
f 3729 3666 3935
f 3728 3798 3666
f 3666 3798 3663
f 3798 3818 3663
f 3663 3818 3809
f 3818 3817 3809
f 3809 3817 3808
f 3796 3655 3817
f 3817 3655 3808
f 3615 3568 3796
f 3796 3568 3655
f 3573 3569 3615
f 3615 3569 3568
f 3572 3613 3573
f 3573 3613 3569
f 3792 3606 3572
f 3572 3606 3613
f 3607 3791 3949
f 3949 3791 3591
f 3590 3950 3591
f 3591 3950 3949
f 3805 3926 3590
f 3590 3926 3950
f 3804 3559 3805
f 3805 3559 3926
f 3804 3914 3559
f 3559 3914 3560
f 3924 3789 3913
f 3913 3789 3788
f 3924 3928 3789
f 3789 3928 3826
f 3928 3927 3826
f 3826 3927 3827
f 3927 3834 3827
f 3827 3834 3835
f 4079 4078 5270
f 5270 4078 5007
f 5271 5272 4233
f 4233 5272 5273
f 5275 5276 5274
f 5274 5276 5277
f 5278 5279 4236
f 4236 5279 4237
f 5278 5280 5271
f 5271 5280 5272
f 4235 5281 4236
f 4236 5281 5282
f 5284 5285 5283
f 5283 5285 5286
f 5288 5289 5287
f 5287 5289 5290
f 5292 5293 5291
f 5291 5293 5294
f 5287 5290 4726
f 4726 5290 5295
f 4293 4292 4313
f 4313 4292 4793
f 4720 4736 4719
f 4719 4736 5296
f 5297 4909 5298
f 5298 4909 4908
f 5299 5300 4976
f 4976 5300 5301
f 5302 4202 5303
f 5303 4202 4201
f 5304 5305 4983
f 4983 5305 5306
f 5308 5309 5307
f 5307 5309 5310
f 4722 4725 5283
f 5283 4725 5311
f 5291 5294 4125
f 4125 5294 4126
f 5313 5314 5312
f 5312 5314 5315
f 5316 5317 5319
f 5319 5317 5318
f 5321 5308 5320
f 5320 5308 5307
f 4819 4981 4873
f 4873 4981 5322
f 4981 4123 5322
f 5322 4123 4126
f 5324 5325 5323
f 5323 5325 5326
f 4764 5327 4975
f 4975 5327 5328
f 4172 5327 4169
f 4169 5327 5329
f 4768 4171 4769
f 4769 4171 4170
f 4243 4755 4244
f 4244 4755 5330
f 4755 4205 5330
f 5330 4205 4208
f 4206 4906 4207
f 4207 4906 4905
f 4686 5014 5009
f 5009 5014 5229
f 4756 4770 4170
f 4170 4770 4769
f 4170 4169 4756
f 4756 4169 4757
f 4273 5329 4764
f 4764 5329 5327
f 4276 5331 4273
f 4273 5331 5329
f 4770 4756 4243
f 4243 4756 4755
f 5333 4889 5332
f 5332 4889 5010
f 4877 5332 4878
f 4878 5332 4259
f 4875 4164 4876
f 4876 4164 4163
f 5334 5335 5324
f 5324 5335 5325
f 4983 5306 4123
f 4123 5306 4124
f 4818 4982 4819
f 4819 4982 4981
f 5332 5010 4259
f 4259 5010 4260
f 5014 4686 4875
f 4875 4686 4164
f 4171 4768 5229
f 5229 4768 5009
f 5337 4916 5336
f 5336 4916 4919
f 5293 5337 5294
f 5294 5337 5336
f 4982 4818 5333
f 5333 4818 4889
f 5338 5339 4262
f 4262 5339 5340
f 5307 5310 5338
f 5338 5310 5339
f 5341 5342 4204
f 4204 5342 5309
f 5336 4919 5322
f 5322 4919 4873
f 5294 5336 4126
f 4126 5336 5322
f 5323 5326 5343
f 5343 5326 5286
f 4914 5344 4915
f 4915 5344 5345
f 5312 5315 5344
f 5344 5315 5345
f 5347 5348 5346
f 5346 5348 5349
f 5350 5351 4832
f 4832 5351 4833
f 5352 5353 5349
f 5349 5353 5346
f 5354 5338 4265
f 4265 5338 4262
f 5320 5307 5354
f 5354 5307 5338
f 4201 5308 5303
f 5303 5308 5321
f 5356 5357 5355
f 5355 5357 4799
f 5358 5359 5334
f 5334 5359 5335
f 5358 5360 4093
f 4093 5360 4163
f 5360 5305 4163
f 4163 5305 4876
f 5305 5304 4876
f 4876 5304 4877
f 5270 4778 4079
f 4079 4778 4081
f 4779 5361 4774
f 4774 5361 5357
f 5356 5359 4775
f 4775 5359 4092
f 5333 5304 4982
f 4982 5304 4983
f 5332 4877 5333
f 5333 4877 5304
f 5015 4258 5230
f 5230 4258 5328
f 5327 4172 5328
f 5328 4172 5230
f 4169 5329 4757
f 4757 5329 5331
f 4757 5331 4205
f 4205 5331 4206
f 5331 4276 4206
f 4206 4276 4906
f 4276 4275 4906
f 4906 4275 4907
f 4275 4888 4907
f 4907 4888 4744
f 4887 4717 4745
f 4745 4717 4864
f 4716 5139 4861
f 4861 5139 5190
f 5139 5138 5190
f 5190 5138 5187
f 5138 5216 5187
f 5187 5216 5176
f 5215 5362 5173
f 5173 5362 5130
f 5364 5365 5363
f 5363 5365 5340
f 4742 4863 5366
f 5366 4863 4867
f 4862 5189 4868
f 4868 5189 5184
f 5189 5188 5184
f 5184 5188 5185
f 5188 5175 5185
f 5185 5175 5168
f 3560 3788 3561
f 3561 3788 3790
f 3596 3595 3608
f 3608 3595 3594
f 3598 3582 3595
f 3595 3582 3592
f 3600 3609 3601
f 3601 3609 3611
f 3602 3601 3612
f 3612 3601 3611
f 3606 3605 3613
f 3613 3605 3614
f 3793 5367 3794
f 3794 5367 5368
f 3598 3597 3600
f 3600 3597 3609
f 3793 3792 3575
f 3575 3792 3572
f 3561 3594 3558
f 3558 3594 3593
f 3807 3915 3804
f 3804 3915 3914
f 3916 3915 5370
f 5370 3915 5369
f 3602 3605 3603
f 3603 3605 3604
f 3606 3792 3607
f 3607 3792 3791
f 3914 3913 3560
f 3560 3913 3788
f 5174 5129 5166
f 5166 5129 5371
f 5170 5169 5093
f 5093 5169 5113
f 5166 5371 5090
f 5090 5371 5091
f 5128 5169 5372
f 5372 5169 5172
f 5127 5113 5128
f 5128 5113 5169
f 5114 5206 5203
f 5203 5206 5362
f 5200 5373 5073
f 5073 5373 5096
f 5374 5375 5200
f 5200 5375 5373
f 5039 5047 5374
f 5374 5047 5375
f 5087 5046 5085
f 5085 5046 5376
f 5212 5377 5067
f 5067 5377 5376
f 5042 5045 5212
f 5212 5045 5377
f 5064 5378 5043
f 5043 5378 5044
f 5063 5077 5064
f 5064 5077 5378
f 5079 5082 5198
f 5198 5082 5078
f 5099 5081 5100
f 5100 5081 5379
f 5100 5379 5094
f 5094 5379 5095
f 5381 5382 5380
f 5380 5382 5383
f 5385 5386 5384
f 5384 5386 5383
f 5385 5387 5386
f 5386 5387 5388
f 5390 5391 5389
f 5389 5391 5392
f 5393 5394 5396
f 5396 5394 5395
f 5398 5399 5397
f 5397 5399 5400
f 5402 5403 5401
f 5401 5403 5404
f 5406 5407 5405
f 5405 5407 5404
f 5408 5409 5163
f 5163 5409 5410
f 5411 5412 5414
f 5414 5412 5413
f 5057 5416 5415
f 5415 5416 5417
f 5393 5416 5418
f 5418 5416 5419
f 5396 5395 5420
f 5420 5395 5421
f 5423 5424 5422
f 5422 5424 5425
f 5415 5417 5220
f 5220 5417 5426
f 5418 5391 5393
f 5393 5391 5394
f 5414 5388 5411
f 5411 5388 5392
f 5059 5427 5060
f 5060 5427 5428
f 5423 5427 5429
f 5429 5427 5430
f 5432 5382 5431
f 5431 5382 5425
f 5429 5407 5423
f 5423 5407 5424
f 5380 5409 5381
f 5381 5409 5433
f 5381 5433 5422
f 5422 5433 5428
f 5027 5412 5056
f 5056 5412 5419
f 5435 5436 5434
f 5434 5436 5437
f 5159 5439 5438
f 5438 5439 5440
f 5053 5436 5159
f 5159 5436 5439
f 5441 5403 5398
f 5398 5403 5399
f 5163 5410 5026
f 5026 5410 5413
f 5438 5440 5442
f 5442 5440 5430
f 5444 5445 5443
f 5443 5445 5446
f 5447 5448 5450
f 5450 5448 5449
f 5451 5446 5452
f 5452 5446 5445
f 5454 5455 5453
f 5453 5455 5451
f 5456 5454 5458
f 5458 5454 5457
f 5460 5461 5459
f 5459 5461 5462
f 5464 5465 5463
f 5463 5465 5466
f 5468 5469 5467
f 5467 5469 5470
f 5472 5473 5471
f 5471 5473 5474
f 5475 5476 5478
f 5478 5476 5477
f 5479 5480 5482
f 5482 5480 5481
f 5483 5484 5448
f 5448 5484 5485
f 5448 5485 5449
f 5449 5485 5486
f 5487 5476 5488
f 5488 5476 5475
f 5490 5491 5489
f 5489 5491 5492
f 5494 5495 5493
f 5493 5495 5496
f 5498 5494 5497
f 5497 5494 5493
f 5500 5501 5499
f 5499 5501 5502
f 5503 5504 5446
f 5446 5504 5443
f 5506 5507 5505
f 5505 5507 5508
f 5510 5511 5509
f 5509 5511 5512
f 5514 5515 5513
f 5513 5515 5516
f 5518 5519 5517
f 5517 5519 5520
f 5495 5521 5496
f 5496 5521 5522
f 5524 5525 5523
f 5523 5525 5526
f 5527 5528 5494
f 5494 5528 5495
f 5499 5502 5529
f 5529 5502 5530
f 5531 5532 5485
f 5485 5532 5486
f 5485 5484 5531
f 5531 5484 5533
f 5482 5481 5534
f 5534 5481 5535
f 5536 5512 5506
f 5506 5512 5511
f 5455 5503 5451
f 5451 5503 5446
f 5467 5470 5511
f 5511 5470 5537
f 5538 5467 5510
f 5510 5467 5511
f 5540 5541 5539
f 5539 5541 5542
f 5543 5544 5546
f 5546 5544 5545
f 5548 5472 5547
f 5547 5472 5471
f 5493 5496 5549
f 5549 5496 5550
f 5496 5522 5550
f 5550 5522 5551
f 5553 5554 5552
f 5552 5554 5555
f 5557 5447 5556
f 5556 5447 5558
f 5557 5483 5447
f 5447 5483 5448
f 5478 5477 5553
f 5553 5477 5559
f 5477 5560 5559
f 5559 5560 5561
f 5476 5562 5477
f 5477 5562 5560
f 5476 5487 5562
f 5562 5487 5563
f 5560 5564 5561
f 5561 5564 5565
f 5564 5560 5566
f 5566 5560 5562
f 5563 5567 5562
f 5562 5567 5566
f 5569 5521 5568
f 5568 5521 5570
f 5481 5572 5571
f 5571 5572 5573
f 5574 5535 5571
f 5571 5535 5481
f 5576 5577 5575
f 5575 5577 5578
f 5579 5580 5456
f 5456 5580 5581
f 5475 5582 5488
f 5488 5582 5583
f 5584 5536 5505
f 5505 5536 5506
f 5585 5586 5588
f 5588 5586 5587
f 5590 5591 5589
f 5589 5591 5592
f 5519 5593 5520
f 5520 5593 5594
f 5595 5596 5462
f 5462 5596 5597
f 5599 5600 5598
f 5598 5600 5514
f 5602 5603 5601
f 5601 5603 5604
f 5524 5543 5525
f 5525 5543 5546
f 5543 5524 5606
f 5606 5524 5605
f 5607 5608 5500
f 5500 5608 5501
f 5610 5551 5609
f 5609 5551 5522
f 5611 5510 5598
f 5598 5510 5509
f 5612 5597 5457
f 5457 5597 5458
f 5510 5611 5538
f 5538 5611 5613
f 5580 5508 5581
f 5581 5508 5507
f 5615 5616 5614
f 5614 5616 5617
f 5619 5620 5618
f 5618 5620 5621
f 5623 5624 5622
f 5622 5624 5625
f 5627 5624 5626
f 5626 5624 5623
f 5629 5630 5628
f 5628 5630 5631
f 5633 5634 5632
f 5632 5634 5466
f 5635 5636 5463
f 5463 5636 5637
f 5523 5638 5524
f 5524 5638 5605
f 5639 5640 5641
f 5641 5640 5595
f 5611 5513 5613
f 5613 5513 5642
f 5643 5586 5608
f 5608 5586 5501
f 5622 5625 5590
f 5590 5625 5591
f 5598 5514 5611
f 5611 5514 5513
f 5645 5646 5644
f 5644 5646 5647
f 5620 5619 5491
f 5491 5619 5648
f 5649 5643 5492
f 5492 5643 5608
f 5650 5651 5653
f 5653 5651 5652
f 5463 5466 5635
f 5635 5466 5634
f 5597 5612 5462
f 5462 5612 5459
f 5635 5634 5523
f 5523 5634 5638
f 5654 5638 5633
f 5633 5638 5634
f 5655 5656 5525
f 5525 5656 5526
f 5658 5659 5657
f 5657 5659 5527
f 5660 5464 5637
f 5637 5464 5463
f 5632 5466 5661
f 5661 5466 5465
f 5661 5662 5632
f 5632 5662 5658
f 5662 5663 5658
f 5658 5663 5659
f 5665 5659 5664
f 5664 5659 5663
f 5632 5658 5633
f 5633 5658 5657
f 5666 5629 5530
f 5530 5629 5667
f 5528 5527 5665
f 5665 5527 5659
f 5668 5669 5570
f 5570 5669 5568
f 5669 5668 5670
f 5670 5668 5671
f 5646 5672 5673
f 5672 5674 5673
f 5673 5674 5675
f 5674 5460 5675
f 5675 5460 5459
f 5461 5676 5462
f 5462 5676 5595
f 5677 5678 5680
f 5680 5678 5679
f 5628 5681 5629
f 5629 5681 5667
f 5682 5529 5667
f 5667 5529 5530
f 5675 5459 5683
f 5683 5459 5612
f 5585 5666 5502
f 5502 5666 5530
f 5589 5684 5602
f 5602 5684 5603
f 5646 5645 5663
f 5663 5645 5664
f 5685 5647 5673
f 5673 5647 5646
f 5686 5687 5683
f 5683 5687 5685
f 5688 5689 5533
f 5533 5689 5531
f 5690 5691 5535
f 5535 5691 5534
f 5692 5690 5574
f 5574 5690 5535
f 5685 5687 5689
f 5689 5687 5693
f 5489 5694 5490
f 5490 5694 5695
f 5690 5692 5696
f 5696 5692 5697
f 5696 5644 5690
f 5690 5644 5691
f 5447 5450 5558
f 5558 5450 5698
f 5699 5700 5642
f 5642 5700 5613
f 5701 5702 5540
f 5540 5702 5541
f 5431 5703 5432
f 5432 5703 5697
f 5385 5384 5574
f 5574 5384 5692
f 5389 5387 5573
f 5573 5387 5571
f 5565 5390 5573
f 5573 5390 5389
f 5390 5565 5704
f 5704 5565 5564
f 5566 5705 5564
f 5564 5705 5704
f 5569 5441 5609
f 5609 5441 5398
f 5568 5405 5569
f 5569 5405 5441
f 5670 5706 5669
f 5669 5706 5406
f 5703 5431 5670
f 5670 5431 5706
f 5432 5697 5384
f 5384 5697 5692
f 5574 5571 5385
f 5385 5571 5387
f 5607 5707 5489
f 5489 5707 5694
f 5518 5708 5519
f 5519 5708 5709
f 5711 5576 5710
f 5710 5576 5575
f 5713 5714 5712
f 5712 5714 5715
f 5553 5552 5478
f 5478 5552 5716
f 5717 5475 5716
f 5716 5475 5478
f 5718 5719 5605
f 5605 5719 5606
f 5505 5622 5584
f 5584 5622 5590
f 5508 5623 5505
f 5505 5623 5622
f 5626 5623 5580
f 5580 5623 5508
f 5580 5579 5626
f 5626 5579 5720
f 5579 5721 5720
f 5720 5721 5722
f 5666 5585 5723
f 5723 5585 5588
f 5724 5725 5639
f 5639 5725 5640
f 5554 5726 5555
f 5555 5726 5727
f 5453 5728 5729
f 5689 5688 5685
f 5685 5688 5647
f 5604 5730 5512
f 5512 5730 5509
f 5628 5631 5618
f 5618 5631 5592
f 5601 5604 5536
f 5536 5604 5512
f 5732 5676 5731
f 5731 5676 5660
f 5730 5604 5733
f 5733 5604 5603
f 5563 5487 5551
f 5551 5487 5550
f 5489 5492 5607
f 5607 5492 5608
f 5573 5572 5565
f 5565 5572 5561
f 5609 5522 5569
f 5569 5522 5521
f 5499 5734 5500
f 5500 5734 5735
f 5596 5736 5721
f 5721 5736 5722
f 5737 5600 5594
f 5594 5600 5520
f 5599 5730 5517
f 5517 5730 5733
f 5660 5738 5731
f 5731 5738 5739
f 5648 5649 5491
f 5491 5649 5492
f 5501 5586 5502
f 5502 5586 5585
f 5525 5546 5655
f 5655 5546 5740
f 5600 5599 5520
f 5520 5599 5517
f 5708 5739 5709
f 5709 5739 5738
f 5636 5635 5526
f 5526 5635 5523
f 5670 5671 5703
f 5703 5671 5741
f 5490 5695 5742
f 5742 5695 5743
f 5682 5678 5744
f 5744 5678 5677
f 5678 5681 5679
f 5679 5681 5621
f 5742 5743 5679
f 5679 5743 5680
f 5618 5621 5628
f 5628 5621 5681
f 5725 5724 5589
f 5589 5724 5684
f 5456 5458 5579
f 5579 5458 5721
f 5675 5683 5673
f 5673 5683 5685
f 5529 5682 5745
f 5745 5682 5744
f 5721 5458 5596
f 5596 5458 5597
f 5701 5540 5719
f 5719 5540 5606
f 5703 5741 5697
f 5697 5741 5696
f 5500 5735 5607
f 5607 5735 5707
f 5549 5746 5493
f 5493 5746 5497
f 5700 5747 5613
f 5613 5747 5538
f 5420 5421 5434
f 5434 5421 5400
f 5689 5693 5531
f 5531 5693 5532
f 5705 5566 5748
f 5748 5566 5567
f 5609 5398 5610
f 5610 5398 5397
f 5669 5406 5568
f 5568 5406 5405
f 5488 5583 5549
f 5549 5583 5746
f 5714 5713 5710
f 5710 5713 5711
f 5747 5468 5538
f 5538 5468 5467
f 5548 5547 5749
f 5749 5547 5750
f 5733 5603 5751
f 5751 5603 5684
f 5589 5602 5590
f 5590 5602 5584
f 5636 5752 5614
f 5614 5752 5615
f 5753 5754 5738
f 5738 5754 5755
f 5602 5601 5584
f 5584 5601 5536
f 5723 5736 5630
f 5630 5736 5640
f 5595 5640 5596
f 5596 5640 5736
f 5734 5499 5745
f 5745 5499 5529
f 5627 5587 5643
f 5643 5587 5586
f 5553 5559 5554
f 5554 5559 5480
f 5559 5561 5480
f 5480 5561 5572
f 5554 5480 5726
f 5726 5480 5479
f 5749 5750 5715
f 5715 5750 5712
f 5683 5612 5686
f 5686 5612 5457
f 5678 5682 5681
f 5681 5682 5667
f 5598 5509 5599
f 5599 5509 5730
f 5679 5621 5742
f 5742 5621 5620
f 5652 5616 5653
f 5653 5616 5615
f 5220 5426 5052
f 5052 5426 5437
f 5487 5488 5550
f 5550 5488 5549
f 5742 5620 5490
f 5490 5620 5491
f 5551 5610 5563
f 5563 5610 5567
f 5610 5397 5567
f 5567 5397 5748
f 5614 5617 5753
f 5753 5617 5754
f 5480 5572 5481
f 5755 5756 5738
f 5738 5756 5709
f 5745 5744 5758
f 5758 5744 5757
f 5745 5758 5734
f 5734 5758 5759
f 5735 5734 5760
f 5760 5734 5759
f 5707 5735 5761
f 5761 5735 5760
f 5744 5677 5757
f 5757 5677 5762
f 5677 5680 5762
f 5762 5680 5763
f 5763 5680 5764
f 5764 5680 5743
f 5765 5766 5762
f 5762 5766 5757
f 5768 5769 5767
f 5767 5769 5770
f 5771 5772 5770
f 5770 5772 5767
f 5770 5769 5774
f 5774 5769 5773
f 5775 5776 5774
f 5774 5776 5777
f 5773 5778 5774
f 5774 5778 5775
f 5779 5766 5773
f 5773 5766 5778
f 5777 5771 5774
f 5774 5771 5770
f 5780 5781 5783
f 5783 5781 5782
f 5781 5780 5771
f 5771 5780 5772
f 5773 5769 5779
f 5779 5769 5768
f 5768 5759 5779
f 5779 5759 5758
f 5768 5784 5759
f 5759 5784 5760
f 5767 5785 5768
f 5768 5785 5784
f 5785 5767 5786
f 5786 5767 5772
f 5766 5779 5757
f 5757 5779 5758
f 5780 5787 5772
f 5772 5787 5786
f 5785 5786 5788
f 5788 5786 5789
f 5786 5787 5789
f 5789 5787 5790
f 5788 5789 5791
f 5791 5789 5792
f 5791 5793 5788
f 5788 5793 5794
f 5795 5792 5790
f 5790 5792 5789
f 5785 5788 5784
f 5784 5788 5794
f 5784 5794 5760
f 5760 5794 5761
f 5787 5780 5796
f 5796 5780 5783
f 5775 5778 5797
f 5797 5778 5766
f 5797 5798 5775
f 5775 5798 5776
f 5766 5765 5797
f 5797 5765 5799
f 5798 5797 5800
f 5800 5797 5799
f 5798 5801 5776
f 5776 5801 5802
f 5707 5761 5694
f 5694 5761 5803
f 5695 5804 5743
f 5743 5804 5764
f 5804 5695 5803
f 5803 5695 5694
f 5803 5793 5804
f 5804 5793 5805
f 5793 5791 5805
f 5805 5791 5806
f 5804 5805 5764
f 5764 5805 5807
f 5803 5761 5793
f 5793 5761 5794
f 5808 5763 5807
f 5807 5763 5764
f 5808 5765 5763
f 5763 5765 5762
f 5809 5799 5808
f 5808 5799 5765
f 5809 5808 5810
f 5810 5808 5807
f 5811 5809 5812
f 5812 5809 5810
f 5805 5806 5807
f 5807 5806 5810
f 5806 5813 5810
f 5810 5813 5812
f 5799 5809 5800
f 5800 5809 5811
f 5815 5800 5814
f 5814 5800 5811
f 5814 5817 5816
f 5816 5817 5818
f 5814 5811 5817
f 5817 5811 5812
f 5814 5816 5815
f 5815 5816 5796
f 5815 5796 5801
f 5801 5796 5783
f 5801 5798 5815
f 5815 5798 5800
f 5791 5792 5806
f 5806 5792 5813
f 5818 5813 5795
f 5795 5813 5792
f 5818 5817 5813
f 5813 5817 5812
f 5816 5818 5790
f 5790 5818 5795
f 5790 5787 5816
f 5816 5787 5796
f 5771 5777 5781
f 5781 5777 5782
f 5782 5802 5783
f 5783 5802 5801
f 5782 5777 5802
f 5802 5777 5776
f 5588 5587 5722
f 5722 5587 5720
f 5591 5619 5592
f 5592 5619 5618
f 5625 5624 5648
f 5648 5624 5649
f 5624 5627 5649
f 5649 5627 5643
f 5631 5630 5725
f 5725 5630 5640
f 5625 5648 5591
f 5591 5648 5619
f 5588 5722 5723
f 5723 5722 5736
f 5631 5725 5592
f 5592 5725 5589
f 5723 5630 5666
f 5666 5630 5629
f 5587 5627 5720
f 5720 5627 5626
f 5820 5821 5819
f 5819 5821 5822
f 5824 5825 5823
f 5823 5825 5826
f 5823 5826 5827
f 5827 5826 5828
f 5829 5830 5832
f 5832 5830 5831
f 5518 5833 5708
f 5708 5833 5834
f 5835 5836 5824
f 5824 5836 5825
f 5838 5839 5837
f 5837 5839 5840
f 5751 5684 5842
f 5842 5684 5841
f 5843 5841 5724
f 5724 5841 5684
f 5845 5846 5844
f 5844 5846 5847
f 5848 5830 5836
f 5836 5830 5825
f 5518 5751 5833
f 5833 5751 5842
f 5839 5838 5821
f 5821 5838 5849
f 5850 5848 5822
f 5822 5848 5836
f 5851 5845 5828
f 5828 5845 5852
f 5854 5855 5853
f 5853 5855 5856
f 5845 5844 5852
f 5852 5844 5857
f 5858 5827 5852
f 5852 5827 5828
f 5851 5828 5829
f 5829 5828 5826
f 5819 5859 5820
f 5820 5859 5860
f 5835 5861 5819
f 5819 5861 5859
f 5851 5829 5862
f 5862 5829 5832
f 5844 5847 5837
f 5837 5847 5834
f 5819 5822 5835
f 5835 5822 5836
f 5823 5863 5824
f 5824 5863 5864
f 5849 5850 5821
f 5821 5850 5822
f 5825 5830 5826
f 5826 5830 5829
f 5820 5860 5865
f 5865 5860 5866
f 5858 5854 5867
f 5867 5854 5853
f 5854 5857 5855
f 5855 5857 5840
f 5855 5865 5856
f 5856 5865 5866
f 5837 5840 5844
f 5844 5840 5857
f 5827 5858 5868
f 5868 5858 5867
f 5824 5864 5835
f 5835 5864 5861
f 5732 5731 5862
f 5862 5731 5846
f 5863 5823 5868
f 5868 5823 5827
f 5843 5831 5848
f 5848 5831 5830
f 5854 5858 5857
f 5857 5858 5852
f 5855 5840 5865
f 5865 5840 5839
f 5865 5839 5820
f 5820 5839 5821
f 5868 5867 5870
f 5870 5867 5869
f 5868 5870 5863
f 5863 5870 5871
f 5863 5871 5864
f 5864 5871 5872
f 5864 5872 5861
f 5861 5872 5873
f 5867 5853 5869
f 5869 5853 5874
f 5853 5856 5874
f 5874 5856 5875
f 5856 5866 5875
f 5875 5866 5876
f 5877 5878 5874
f 5874 5878 5869
f 5880 5881 5879
f 5879 5881 5882
f 5883 5884 5880
f 5880 5884 5881
f 5881 5884 5886
f 5886 5884 5885
f 5887 5888 5886
f 5886 5888 5889
f 5885 5890 5886
f 5886 5890 5887
f 5889 5882 5886
f 5886 5882 5881
f 5882 5891 5879
f 5879 5891 5892
f 5885 5884 5893
f 5893 5884 5883
f 5883 5871 5893
f 5893 5871 5870
f 5883 5894 5871
f 5871 5894 5872
f 5880 5895 5883
f 5883 5895 5894
f 5896 5895 5879
f 5879 5895 5880
f 5893 5878 5885
f 5885 5878 5890
f 5878 5893 5869
f 5869 5893 5870
f 5897 5896 5892
f 5892 5896 5879
f 5895 5896 5898
f 5898 5896 5899
f 5896 5897 5899
f 5899 5897 5900
f 5898 5899 5901
f 5901 5899 5902
f 5901 5903 5898
f 5898 5903 5904
f 5900 5905 5899
f 5899 5905 5902
f 5898 5904 5895
f 5895 5904 5894
f 5894 5904 5872
f 5872 5904 5873
f 5897 5892 5907
f 5907 5892 5906
f 5892 5891 5906
f 5906 5891 5908
f 5887 5890 5909
f 5909 5890 5878
f 5888 5887 5910
f 5910 5887 5909
f 5878 5877 5909
f 5909 5877 5911
f 5909 5911 5910
f 5910 5911 5912
f 5913 5914 5910
f 5910 5914 5888
f 5908 5914 5906
f 5906 5914 5913
f 5861 5873 5859
f 5859 5873 5915
f 5860 5916 5866
f 5866 5916 5876
f 5916 5860 5915
f 5915 5860 5859
f 5915 5903 5916
f 5916 5903 5917
f 5903 5901 5917
f 5917 5901 5918
f 5916 5917 5876
f 5876 5917 5919
f 5903 5915 5904
f 5904 5915 5873
f 5920 5875 5919
f 5919 5875 5876
f 5920 5877 5875
f 5875 5877 5874
f 5920 5921 5877
f 5877 5921 5911
f 5921 5920 5922
f 5922 5920 5919
f 5923 5921 5924
f 5924 5921 5922
f 5917 5918 5919
f 5919 5918 5922
f 5918 5925 5922
f 5922 5925 5924
f 5921 5923 5911
f 5911 5923 5912
f 5927 5912 5926
f 5926 5912 5923
f 5926 5929 5928
f 5928 5929 5930
f 5926 5923 5929
f 5929 5923 5924
f 5926 5928 5927
f 5927 5928 5907
f 5927 5907 5913
f 5913 5907 5906
f 5913 5910 5927
f 5927 5910 5912
f 5901 5902 5918
f 5918 5902 5925
f 5930 5925 5905
f 5905 5925 5902
f 5930 5929 5925
f 5925 5929 5924
f 5928 5930 5900
f 5900 5930 5905
f 5900 5897 5928
f 5928 5897 5907
f 5882 5889 5891
f 5891 5889 5908
f 5908 5889 5914
f 5914 5889 5888
f 5832 5831 5641
f 5641 5831 5639
f 5833 5838 5834
f 5834 5838 5837
f 5842 5841 5849
f 5849 5841 5850
f 5841 5843 5850
f 5850 5843 5848
f 5847 5846 5739
f 5739 5846 5731
f 5842 5849 5833
f 5833 5849 5838
f 5862 5832 5732
f 5732 5832 5641
f 5847 5739 5834
f 5834 5739 5708
f 5862 5846 5851
f 5851 5846 5845
f 5831 5843 5639
f 5639 5843 5724
f 5676 5732 5595
f 5595 5732 5641
f 5676 5461 5660
f 5660 5461 5464
f 5461 5460 5464
f 5464 5460 5465
f 5460 5674 5465
f 5465 5674 5661
f 5931 5932 5934
f 5934 5932 5933
f 5936 5937 5935
f 5935 5937 5938
f 5935 5938 5939
f 5939 5938 5940
f 5942 5943 5941
f 5941 5943 5944
f 5945 5946 5936
f 5936 5946 5937
f 5948 5949 5947
f 5947 5949 5950
f 5951 5952 5519
f 5519 5952 5593
f 5953 5951 5709
f 5709 5951 5519
f 5955 5956 5954
f 5954 5956 5957
f 5958 5942 5946
f 5946 5942 5937
f 5948 5959 5949
f 5949 5959 5933
f 5960 5958 5934
f 5934 5958 5946
f 5961 5955 5940
f 5940 5955 5962
f 5963 5964 5966
f 5966 5964 5965
f 5955 5954 5962
f 5962 5954 5967
f 5968 5939 5962
f 5962 5939 5940
f 5961 5940 5941
f 5941 5940 5938
f 5931 5969 5932
f 5932 5969 5970
f 5945 5971 5931
f 5931 5971 5969
f 5941 5944 5961
f 5961 5944 5972
f 5954 5957 5947
f 5947 5957 5973
f 5945 5931 5946
f 5946 5931 5934
f 5935 5974 5936
f 5936 5974 5975
f 5959 5960 5933
f 5933 5960 5934
f 5937 5942 5938
f 5938 5942 5941
f 5932 5970 5976
f 5976 5970 5977
f 5968 5964 5978
f 5978 5964 5963
f 5965 5964 5950
f 5950 5964 5967
f 5976 5977 5965
f 5965 5977 5966
f 5947 5950 5954
f 5954 5950 5967
f 5939 5968 5979
f 5979 5968 5978
f 5936 5975 5945
f 5945 5975 5971
f 5972 5754 5956
f 5956 5754 5617
f 5974 5935 5979
f 5979 5935 5939
f 5953 5943 5958
f 5958 5943 5942
f 5964 5968 5967
f 5967 5968 5962
f 5965 5950 5976
f 5976 5950 5949
f 5976 5949 5932
f 5932 5949 5933
f 5979 5978 5981
f 5981 5978 5980
f 5979 5981 5974
f 5974 5981 5982
f 5974 5982 5975
f 5975 5982 5983
f 5975 5983 5971
f 5971 5983 5984
f 5978 5963 5980
f 5980 5963 5985
f 5963 5966 5985
f 5985 5966 5986
f 5986 5966 5987
f 5987 5966 5977
f 5988 5989 5985
f 5985 5989 5980
f 5991 5992 5990
f 5990 5992 5993
f 5994 5995 5991
f 5991 5995 5992
f 5992 5995 5997
f 5997 5995 5996
f 5998 5999 5997
f 5997 5999 6000
f 5996 6001 5997
f 5997 6001 5998
f 6000 5993 5997
f 5997 5993 5992
f 6002 6003 5993
f 5993 6003 5990
f 5995 5994 5996
f 5996 5994 6004
f 5994 5982 6004
f 6004 5982 5981
f 5994 6005 5982
f 5982 6005 5983
f 5991 6006 5994
f 5994 6006 6005
f 6006 5991 6007
f 6007 5991 5990
f 5996 6004 6001
f 6001 6004 5989
f 5989 6004 5980
f 5980 6004 5981
f 6003 6008 5990
f 5990 6008 6007
f 6009 6006 6010
f 6010 6006 6007
f 6008 6011 6007
f 6007 6011 6010
f 6012 6009 6013
f 6013 6009 6010
f 6009 6012 6015
f 6015 6012 6014
f 6011 6016 6010
f 6010 6016 6013
f 6006 6009 6005
f 6005 6009 6015
f 6005 6015 5983
f 5983 6015 5984
f 6008 6003 6018
f 6018 6003 6017
f 6003 6002 6017
f 6017 6002 6019
f 5998 6001 6020
f 6020 6001 5989
f 5999 5998 6021
f 6021 5998 6020
f 5989 5988 6020
f 6020 5988 6022
f 6021 6020 6023
f 6023 6020 6022
f 6021 6024 5999
f 5999 6024 6025
f 6019 6025 6017
f 6017 6025 6024
f 5971 5984 5969
f 5969 5984 6026
f 5970 6027 5977
f 5977 6027 5987
f 6027 5970 6026
f 6026 5970 5969
f 6026 6014 6027
f 6027 6014 6028
f 6014 6012 6028
f 6028 6012 6029
f 6027 6028 5987
f 5987 6028 6030
f 6026 5984 6014
f 6014 5984 6015
f 6031 5986 6030
f 6030 5986 5987
f 6031 5988 5986
f 5986 5988 5985
f 6032 6022 6031
f 6031 6022 5988
f 6032 6031 6033
f 6033 6031 6030
f 6034 6032 6035
f 6035 6032 6033
f 6028 6029 6030
f 6030 6029 6033
f 6029 6036 6033
f 6033 6036 6035
f 6032 6034 6022
f 6022 6034 6023
f 6038 6023 6037
f 6037 6023 6034
f 6037 6040 6039
f 6039 6040 6041
f 6037 6034 6040
f 6040 6034 6035
f 6037 6039 6038
f 6038 6039 6018
f 6038 6018 6024
f 6024 6018 6017
f 6024 6021 6038
f 6038 6021 6023
f 6012 6013 6029
f 6029 6013 6036
f 6041 6036 6016
f 6016 6036 6013
f 6041 6040 6036
f 6036 6040 6035
f 6041 6016 6039
f 6039 6016 6011
f 6011 6008 6039
f 6039 6008 6018
f 5993 6000 6002
f 6002 6000 6019
f 6019 6000 6025
f 6025 6000 5999
f 5943 5756 5944
f 5944 5756 5755
f 6042 5948 5973
f 5973 5948 5947
f 5952 5951 5959
f 5959 5951 5960
f 5951 5953 5960
f 5960 5953 5958
f 5616 5957 5617
f 5617 5957 5956
f 6042 5952 5948
f 5948 5952 5959
f 5944 5755 5972
f 5972 5755 5754
f 5957 5616 5973
f 5973 5616 5652
f 5956 5955 5972
f 5972 5955 5961
f 5943 5953 5756
f 5756 5953 5709
f 6044 6045 6043
f 6043 6045 6046
f 6048 6049 6047
f 6047 6049 6050
f 6047 6050 6051
f 6051 6050 6052
f 6054 6055 6053
f 6053 6055 6056
f 6057 6058 6060
f 6060 6058 6059
f 6061 6062 6048
f 6048 6062 6049
f 6063 6064 6066
f 6066 6064 6065
f 6067 6068 6070
f 6070 6068 6069
f 6071 6069 5653
f 5653 6069 6068
f 6072 6073 6075
f 6075 6073 6074
f 6062 6076 6049
f 6049 6076 6054
f 6058 6067 6059
f 6059 6067 6070
f 6064 6077 6065
f 6065 6077 6045
f 6078 6076 6046
f 6046 6076 6062
f 6073 6080 6079
f 6079 6080 6052
f 6082 6083 6081
f 6081 6083 6084
f 6072 6085 6073
f 6073 6085 6080
f 6086 6051 6080
f 6080 6051 6052
f 6079 6052 6053
f 6053 6052 6050
f 6043 6087 6044
f 6044 6087 6088
f 6061 6089 6043
f 6043 6089 6087
f 6053 6056 6079
f 6079 6056 6090
f 6063 6072 6060
f 6060 6072 6075
f 6043 6046 6061
f 6061 6046 6062
f 6047 6091 6048
f 6048 6091 6092
f 6077 6078 6045
f 6045 6078 6046
f 6049 6054 6050
f 6050 6054 6053
f 6044 6088 6093
f 6093 6088 6094
f 6086 6082 6095
f 6095 6082 6081
f 6083 6082 6066
f 6066 6082 6085
f 6093 6094 6083
f 6083 6094 6084
f 6072 6063 6085
f 6085 6063 6066
f 6051 6086 6096
f 6096 6086 6095
f 6048 6092 6061
f 6061 6092 6089
f 5656 5655 6090
f 6090 5655 6074
f 6091 6047 6096
f 6096 6047 6051
f 6071 6055 6076
f 6076 6055 6054
f 6082 6086 6085
f 6085 6086 6080
f 6093 6083 6065
f 6065 6083 6066
f 6044 6093 6045
f 6045 6093 6065
f 6096 6095 6098
f 6098 6095 6097
f 6096 6098 6091
f 6091 6098 6099
f 6091 6099 6092
f 6092 6099 6100
f 6092 6100 6089
f 6089 6100 6101
f 6095 6081 6097
f 6097 6081 6102
f 6081 6084 6102
f 6102 6084 6103
f 6103 6084 6104
f 6104 6084 6094
f 6106 6097 6105
f 6105 6097 6102
f 6107 6108 6110
f 6110 6108 6109
f 6111 6112 6108
f 6108 6112 6109
f 6109 6112 6114
f 6114 6112 6113
f 6114 6115 6117
f 6117 6115 6116
f 6113 6118 6114
f 6114 6118 6115
f 6117 6110 6114
f 6114 6110 6109
f 6110 6119 6107
f 6107 6119 6120
f 6112 6111 6113
f 6113 6111 6121
f 6111 6099 6121
f 6121 6099 6098
f 6111 6122 6099
f 6099 6122 6100
f 6123 6122 6108
f 6108 6122 6111
f 6124 6123 6107
f 6107 6123 6108
f 6113 6121 6118
f 6118 6121 6106
f 6106 6121 6097
f 6097 6121 6098
f 6125 6124 6120
f 6120 6124 6107
f 6126 6123 6127
f 6127 6123 6124
f 6125 6128 6124
f 6124 6128 6127
f 6129 6126 6130
f 6130 6126 6127
f 6126 6129 6132
f 6132 6129 6131
f 6128 6133 6127
f 6127 6133 6130
f 6123 6126 6122
f 6122 6126 6132
f 6122 6132 6100
f 6100 6132 6101
f 6120 6134 6125
f 6125 6134 6135
f 6120 6119 6134
f 6134 6119 6136
f 6115 6118 6137
f 6137 6118 6106
f 6115 6137 6116
f 6116 6137 6138
f 6137 6106 6139
f 6139 6106 6105
f 6138 6137 6140
f 6140 6137 6139
f 6141 6142 6138
f 6138 6142 6116
f 6136 6142 6134
f 6134 6142 6141
f 6089 6101 6087
f 6087 6101 6143
f 6088 6144 6094
f 6094 6144 6104
f 6143 6144 6087
f 6087 6144 6088
f 6131 6145 6143
f 6143 6145 6144
f 6129 6146 6131
f 6131 6146 6145
f 6144 6145 6104
f 6104 6145 6147
f 6143 6101 6131
f 6131 6101 6132
f 6148 6103 6147
f 6147 6103 6104
f 6103 6148 6102
f 6102 6148 6105
f 6148 6149 6105
f 6105 6149 6139
f 6149 6148 6150
f 6150 6148 6147
f 6151 6149 6152
f 6152 6149 6150
f 6145 6146 6147
f 6147 6146 6150
f 6146 6153 6150
f 6150 6153 6152
f 6149 6151 6139
f 6139 6151 6140
f 6155 6140 6154
f 6154 6140 6151
f 6154 6157 6156
f 6156 6157 6158
f 6154 6151 6157
f 6157 6151 6152
f 6154 6156 6155
f 6155 6156 6135
f 6155 6135 6141
f 6141 6135 6134
f 6141 6138 6155
f 6155 6138 6140
f 6146 6129 6153
f 6153 6129 6130
f 6158 6153 6133
f 6133 6153 6130
f 6158 6157 6153
f 6153 6157 6152
f 6156 6158 6128
f 6128 6158 6133
f 6128 6125 6156
f 6156 6125 6135
f 6110 6117 6119
f 6119 6117 6136
f 6136 6117 6142
f 6142 6117 6116
f 6055 5615 6056
f 6056 5615 5752
f 6060 6059 6063
f 6063 6059 6064
f 6077 6070 6078
f 6078 6070 6069
f 6069 6071 6078
f 6078 6071 6076
f 6159 6057 6075
f 6075 6057 6060
f 6059 6070 6064
f 6064 6070 6077
f 6056 5752 6090
f 6090 5752 5656
f 6090 6074 6079
f 6079 6074 6073
f 6055 6071 5615
f 5615 6071 5653
f 5547 5471 6160
f 6160 5471 6161
f 5729 5577 6163
f 6163 5577 6162
f 5577 5576 6162
f 6162 5576 6164
f 5713 6165 5711
f 5711 6165 6166
f 5474 5729 6167
f 6167 5729 6163
f 5750 5547 6168
f 6168 5547 6160
f 5471 5474 6161
f 6161 5474 6167
f 6169 5712 6168
f 6168 5712 5750
f 5711 6166 5576
f 5576 6166 6164
f 6165 5713 6169
f 6169 5713 5712
f 6168 6170 6169
f 6169 6170 6171
f 6169 6171 6165
f 6165 6171 6172
f 6165 6172 6166
f 6166 6172 6173
f 6166 6173 6164
f 6164 6173 6174
f 6168 6160 6170
f 6170 6160 6175
f 6160 6161 6175
f 6175 6161 6176
f 6161 6167 6176
f 6176 6167 6177
f 6179 6170 6178
f 6178 6170 6175
f 6181 6182 6180
f 6180 6182 6183
f 6184 6185 6181
f 6181 6185 6182
f 6186 6187 6185
f 6185 6187 6182
f 6186 6188 6187
f 6187 6188 6189
f 6190 6183 6187
f 6187 6183 6182
f 6183 6190 6191
f 6191 6190 6192
f 6191 6193 6183
f 6183 6193 6180
f 6186 6185 6194
f 6194 6185 6184
f 6184 6172 6194
f 6194 6172 6171
f 6184 6195 6172
f 6172 6195 6173
f 6181 6196 6184
f 6184 6196 6195
f 6196 6181 6197
f 6197 6181 6180
f 6186 6194 6188
f 6188 6194 6179
f 6179 6194 6170
f 6170 6194 6171
f 6193 6198 6180
f 6180 6198 6197
f 6199 6196 6200
f 6200 6196 6197
f 6198 6201 6197
f 6197 6201 6200
f 6202 6199 6203
f 6203 6199 6200
f 6199 6202 6205
f 6205 6202 6204
f 6201 6206 6200
f 6200 6206 6203
f 6196 6199 6195
f 6195 6199 6205
f 6195 6205 6173
f 6173 6205 6174
f 6198 6193 6208
f 6208 6193 6207
f 6193 6191 6207
f 6207 6191 6192
f 6189 6188 6209
f 6209 6188 6179
f 6210 6189 6211
f 6211 6189 6209
f 6209 6179 6212
f 6212 6179 6178
f 6211 6209 6213
f 6213 6209 6212
f 6211 6214 6210
f 6210 6214 6215
f 6192 6215 6207
f 6207 6215 6214
f 6190 6187 6210
f 6210 6187 6189
f 6192 6190 6215
f 6215 6190 6210
f 6162 6164 6216
f 6216 6164 6174
f 6167 6163 6177
f 6177 6163 6217
f 6216 6217 6162
f 6162 6217 6163
f 6204 6218 6216
f 6216 6218 6217
f 6202 6219 6204
f 6204 6219 6218
f 6217 6218 6177
f 6177 6218 6220
f 6216 6174 6204
f 6204 6174 6205
f 6221 6176 6220
f 6220 6176 6177
f 6176 6221 6175
f 6175 6221 6178
f 6221 6222 6178
f 6178 6222 6212
f 6222 6221 6223
f 6223 6221 6220
f 6224 6222 6225
f 6225 6222 6223
f 6218 6219 6220
f 6220 6219 6223
f 6219 6226 6223
f 6223 6226 6225
f 6222 6224 6212
f 6212 6224 6213
f 6228 6213 6227
f 6227 6213 6224
f 6229 6227 6231
f 6231 6227 6230
f 6227 6224 6230
f 6230 6224 6225
f 6227 6229 6228
f 6228 6229 6208
f 6228 6208 6214
f 6214 6208 6207
f 6214 6211 6228
f 6228 6211 6213
f 6219 6202 6226
f 6226 6202 6203
f 6231 6226 6206
f 6206 6226 6203
f 6231 6230 6226
f 6226 6230 6225
f 6229 6231 6201
f 6201 6231 6206
f 6201 6198 6229
f 6229 6198 6208
f 5674 5672 5661
f 5661 5672 5662
f 5662 5672 5663
f 5663 5672 5646
f 5651 6042 5652
f 5652 6042 5973
f 5518 5517 5751
f 5751 5517 5733
f 5738 5660 5753
f 5753 5660 5637
f 5752 5636 5656
f 5656 5636 5526
f 5952 6042 5593
f 5593 6042 5651
f 5593 5651 5594
f 5594 5651 5650
f 5600 5737 5514
f 5514 5737 5515
f 5546 5545 5740
f 5740 5545 6232
f 6232 6058 5740
f 5740 6058 6057
f 6067 6058 6233
f 6233 6058 6232
f 6233 6232 6234
f 6234 6232 5545
f 6234 5545 6235
f 6235 5545 5544
f 5606 6236 5543
f 5543 6236 5544
f 6235 5544 5539
f 5539 5544 6236
f 6237 6235 5542
f 5542 6235 5539
f 6235 6237 6234
f 6234 6237 6238
f 6234 6238 6233
f 6233 6238 6239
f 5653 6068 5650
f 5650 6068 6239
f 5642 5513 6240
f 6240 5513 5516
f 5539 6236 5540
f 5540 6236 5606
f 5636 5614 5637
f 5637 5614 5753
f 6239 5737 5650
f 5650 5737 5594
f 6239 6068 6233
f 6233 6068 6067
f 6075 6074 6159
f 6159 6074 5655
f 6057 6159 5740
f 5740 6159 5655
f 5515 5737 6238
f 6238 5737 6239
f 6238 6237 5515
f 5515 6237 5516
f 5542 6240 6237
f 6237 6240 5516
f 6240 5542 5642
f 5642 5542 5541
f 5702 5699 5541
f 5541 5699 5642
f 5582 5475 5717
f 5470 5443 5537
f 5537 5443 5504
f 5469 5444 5470
f 5470 5444 5443
f 5726 5557 5727
f 5727 5557 5556
f 5537 5504 5511
f 5511 5504 5506
f 5504 5503 5506
f 5506 5503 5507
f 5503 5455 5507
f 5507 5455 5581
f 5455 5454 5581
f 5581 5454 5456
f 5473 5453 5474
f 5474 5453 5729
f 5457 5454 5473
f 5473 5454 5453
f 5473 5472 5457
f 5457 5472 5686
f 5472 5548 5686
f 5686 5548 5687
f 5749 5693 5548
f 5548 5693 5687
f 5715 5532 5749
f 5749 5532 5693
f 5714 5486 5715
f 5715 5486 5532
f 5714 5710 5486
f 5486 5710 5449
f 5728 5578 5729
f 5729 5578 5577
f 5452 5445 5698
f 5698 5445 5558
f 5445 5444 5558
f 5558 5444 5556
f 5444 5469 5556
f 5556 5469 5727
f 5469 5468 5727
f 5727 5468 5555
f 5468 5747 5555
f 5555 5747 5552
f 5747 5700 5552
f 5552 5700 5716
f 5700 5699 5716
f 5716 5699 5717
f 5699 5702 5717
f 5717 5702 5582
f 5702 5701 5582
f 5582 5701 5583
f 5726 5479 5557
f 5557 5479 5483
f 5483 5479 5484
f 5484 5479 5482
f 5534 5533 5482
f 5482 5533 5484
f 5691 5688 5534
f 5534 5688 5533
f 5644 5647 5691
f 5691 5647 5688
f 5719 5746 5701
f 5701 5746 5583
f 5718 5497 5719
f 5719 5497 5746
f 5718 5605 5654
f 5654 5605 5638
f 5498 5654 5657
f 5657 5654 5633
f 5497 5718 5498
f 5498 5718 5654
f 5657 5527 5498
f 5498 5527 5494
f 5528 5570 5495
f 5495 5570 5521
f 5665 5668 5528
f 5528 5668 5570
f 5664 5671 5665
f 5665 5671 5668
f 5645 5741 5664
f 5664 5741 5671
f 5644 5696 5645
f 5645 5696 5741
f 5710 5575 5449
f 5449 5575 5450
f 5575 5578 5450
f 5450 5578 5698
f 5578 5728 5698
f 5698 5728 5452
f 5452 5728 5451
f 5451 5728 5453
f 3619 6241 3620
f 3620 6241 6242
f 6243 6244 3628
f 3628 6244 3629
f 6245 6246 3634
f 3634 6246 3631
f 6247 6248 3636
f 3636 6248 3637
f 6249 6250 3642
f 3642 6250 3639
f 3639 6250 3643
f 3643 6250 6251
f 3743 6252 3744
f 3744 6252 6253
f 6246 6243 3631
f 3631 6243 3628
f 3753 6254 3754
f 3754 6254 6255
f 3857 6256 3619
f 3619 6256 6241
f 6257 6245 3932
f 3932 6245 3634
f 6242 6247 3620
f 3620 6247 3636
f 6258 6259 3946
f 3946 6259 3947
f 6260 6249 3948
f 3948 6249 3642
f 6244 6258 3629
f 3629 6258 3946
f 3947 6259 3753
f 3753 6259 6254
f 6248 6260 3637
f 3637 6260 3948
f 3643 6251 3743
f 3743 6251 6252
f 3744 6253 3932
f 3932 6253 6257
f 6250 6249 6251
f 6251 6249 6252
f 6245 6261 6246
f 6246 6261 6262
f 6263 6264 6247
f 6247 6264 6248
f 6252 6265 6253
f 6253 6265 6266
f 6246 6262 6243
f 6243 6262 6267
f 6268 6261 6257
f 6257 6261 6245
f 6269 6263 6242
f 6242 6263 6247
f 6270 6271 6260
f 6260 6271 6249
f 6264 6270 6248
f 6248 6270 6260
f 6253 6266 6257
f 6257 6266 6268
f 6249 6271 6252
f 6252 6271 6265
f 6254 6259 6272
f 6272 6259 6273
f 6266 6265 6270
f 6270 6265 6271
f 6268 6266 6264
f 6264 6266 6270
f 6261 6268 6263
f 6263 6268 6264
f 6269 6262 6263
f 6263 6262 6261
f 4186 4185 6274
f 6274 4185 6275
f 6241 6276 6242
f 6242 6276 6269
f 6258 6244 6277
f 6277 6244 6278
f 6256 6279 6241
f 6241 6279 6276
f 6259 6258 6273
f 6273 6258 6277
f 6243 6267 6244
f 6244 6267 6278
f 6276 6267 6269
f 6269 6267 6262
f 6254 6272 6255
f 6255 6272 6280
f 3865 3713 3888
f 3888 3713 3685
f 5242 5233 3892
f 3892 5233 3711
f 3900 5243 3892
f 3892 5243 5242
f 3734 3866 3900
f 3900 3866 5243
f 4117 6281 4118
f 4118 6281 6282
f 4118 6282 4278
f 4278 6282 4879
f 4717 4887 4718
f 4718 4887 4280
f 4792 4278 4882
f 4882 4278 4879
f 4795 4792 6283
f 6283 4792 4882
f 4852 4851 5012
f 5012 4851 6284
f 4856 5207 4857
f 4857 5207 4858
f 4860 4279 4857
f 4857 4279 4854
f 4718 4280 4860
f 4860 4280 4279
f 4864 4863 4745
f 4745 4863 4742
f 5366 4867 5011
f 5011 4867 4866
f 4871 4884 4872
f 4872 4884 4883
f 4872 4883 4117
f 4117 4883 6281
f 6284 4851 6283
f 6283 4851 4795
f 4852 4866 4853
f 4853 4866 4865
f 4871 4870 4856
f 4856 4870 5207
f 4717 4716 4864
f 4864 4716 4861
f 4868 4867 4862
f 4862 4867 4863
f 4268 4855 4269
f 4269 4855 4854
f 4281 4274 4282
f 4282 4274 4765
f 4744 4743 4907
f 4907 4743 4904
f 4874 4881 4820
f 4820 4881 4880
f 4885 5013 4886
f 4886 5013 4980
f 4888 4275 4281
f 4281 4275 4274
f 4902 6282 4903
f 4903 6282 6281
f 6283 4979 6284
f 6284 4979 4978
f 4282 4765 4269
f 4269 4765 4266
f 4880 4879 4902
f 4902 4879 6282
f 4903 6281 4886
f 4886 6281 4883
f 4882 4881 6283
f 6283 4881 4979
f 5013 4885 4267
f 4267 4885 4268
f 4888 4887 4744
f 4744 4887 4745
f 4410 6285 4411
f 4411 6285 4812
f 4750 4749 6286
f 6286 4749 6287
f 6289 4695 6288
f 6288 4695 4255
f 4750 4675 4751
f 4751 4675 4965
f 6290 6291 4963
f 4963 6291 4960
f 4807 4806 4411
f 4411 4806 4408
f 6292 6293 4959
f 4959 6293 4956
f 4958 6294 4959
f 4959 6294 4955
f 4962 4964 4963
f 4963 4964 4805
f 4962 4961 4751
f 4751 4961 4748
f 6296 6297 6295
f 6295 6297 6298
f 6299 6300 6288
f 6288 6300 4735
f 6302 4961 6301
f 6301 4961 4960
f 6304 6287 6303
f 6303 6287 4749
f 4968 6305 4969
f 4969 6305 6306
f 4413 6308 6307
f 6307 6308 4900
f 6301 4960 6309
f 6309 4960 6291
f 4412 4408 6310
f 6310 4408 4806
f 4696 6311 4256
f 4256 6311 6312
f 6303 4749 6313
f 6313 4749 4748
f 6313 4748 6302
f 6302 4748 4961
f 6315 6316 6314
f 6314 6316 6317
f 4084 6318 6315
f 6315 6318 6316
f 4083 6319 4084
f 4084 6319 6318
f 4112 6320 4083
f 4083 6320 6319
f 6322 4138 6321
f 6321 4138 4137
f 6324 4128 6323
f 6323 4128 4127
f 4127 4193 6323
f 6323 4193 6325
f 4193 4891 6325
f 6325 4891 6326
f 4891 6327 6326
f 6326 6327 6328
f 6327 4824 5227
f 5227 4824 5228
f 5231 4684 6329
f 6329 4684 4683
f 4683 4099 6329
f 6329 4099 6330
f 4099 4102 6330
f 6330 4102 6331
f 4174 4826 4429
f 4429 4826 4829
f 4173 4741 4174
f 4174 4741 4826
f 4180 4738 4173
f 4173 4738 4741
f 6332 6333 4180
f 4180 6333 4738
f 6274 6334 4186
f 4186 6334 4188
f 4181 4825 4180
f 4180 4825 6332
f 5044 5213 5045
f 5045 5213 5165
f 5046 5087 5047
f 5047 5087 5222
f 5077 5063 5078
f 5078 5063 5198
f 5081 5099 5082
f 5082 5099 5194
f 5095 5074 5096
f 5096 5074 5073
f 5373 5170 5096
f 5096 5170 5093
f 5375 5171 5373
f 5373 5171 5170
f 5047 5222 5375
f 5375 5222 5171
f 5046 5038 5376
f 5376 5038 5067
f 5377 5086 5376
f 5376 5086 5085
f 5045 5165 5377
f 5377 5165 5086
f 5378 5214 5044
f 5044 5214 5213
f 5077 5034 5378
f 5378 5034 5214
f 5082 5194 5078
f 5078 5194 5035
f 5081 5080 5379
f 5379 5080 6335
f 5379 6335 5095
f 5095 6335 5074
f 5032 5080 5033
f 5033 5080 5079
f 5040 5017 5041
f 5041 5017 5016
f 5050 5043 5051
f 5051 5043 5042
f 5065 5023 5066
f 5066 5023 5022
f 5050 5049 5065
f 5065 5049 5023
f 5041 5016 5068
f 5068 5016 5020
f 5071 5374 5072
f 5072 5374 5200
f 5075 5156 5076
f 5076 5156 5155
f 5162 5212 5068
f 5068 5212 5067
f 5075 5074 5192
f 5192 5074 6335
f 5066 5022 5199
f 5199 5022 5196
f 5076 5155 5072
f 5072 5155 5069
f 5040 5039 5071
f 5071 5039 5374
f 5162 5161 5051
f 5051 5161 5048
f 5192 6335 5032
f 5032 6335 5080
f 5199 5196 5033
f 5033 5196 5030
f 5018 5211 5019
f 5019 5211 5408
f 5019 5408 5021
f 5021 5408 5163
f 5024 5057 5025
f 5025 5057 5415
f 5028 5048 5029
f 5029 5048 5161
f 5054 5031 5055
f 5055 5031 5030
f 5024 5023 5058
f 5058 5023 5049
f 5061 5070 5062
f 5062 5070 5069
f 5157 5438 5158
f 5158 5438 5442
f 5160 5191 5054
f 5054 5191 5031
f 5029 5161 5021
f 5021 5161 5020
f 5025 5415 5197
f 5197 5415 5220
f 5158 5442 5062
f 5062 5442 5059
f 5018 5017 5061
f 5061 5017 5070
f 5160 5159 5157
f 5157 5159 5438
f 5028 5027 5058
f 5058 5027 5056
f 5055 5030 5197
f 5197 5030 5196
f 5409 5380 5410
f 5410 5380 6336
f 5026 5413 5027
f 5027 5413 5412
f 5396 5417 5393
f 5393 5417 5416
f 5416 5057 5419
f 5419 5057 5056
f 5417 5396 5426
f 5426 5396 5420
f 5427 5423 5428
f 5428 5423 5422
f 5427 5059 5430
f 5430 5059 5442
f 5409 5408 5433
f 5433 5408 5211
f 5433 5211 5428
f 5428 5211 5060
f 5412 5411 5419
f 5419 5411 5418
f 5436 5053 5437
f 5437 5053 5052
f 5439 5402 5440
f 5440 5402 5401
f 5436 5435 5439
f 5439 5435 5402
f 5410 6336 5413
f 5413 6336 5414
f 5440 5401 5430
f 5430 5401 5429
f 5426 5420 5437
f 5437 5420 5434
f 5382 5432 5383
f 5383 5432 5384
f 5386 6336 5383
f 5383 6336 5380
f 6336 5386 5414
f 5414 5386 5388
f 5391 5418 5392
f 5392 5418 5411
f 5705 5395 5704
f 5704 5395 5394
f 5399 5435 5400
f 5400 5435 5434
f 5403 5441 5404
f 5404 5441 5405
f 5407 5429 5404
f 5404 5429 5401
f 5395 5705 5421
f 5421 5705 5748
f 5424 5706 5425
f 5425 5706 5431
f 5391 5390 5394
f 5394 5390 5704
f 5392 5388 5389
f 5389 5388 5387
f 5382 5381 5425
f 5425 5381 5422
f 5407 5406 5424
f 5424 5406 5706
f 5403 5402 5399
f 5399 5402 5435
f 5421 5748 5400
f 5400 5748 5397
f 4097 4721 4098
f 4098 4721 4231
f 4233 5273 4098
f 4098 5273 4095
f 6337 6338 4785
f 4785 6338 4786
f 4076 4780 4073
f 4073 4780 4781
f 4782 4190 4781
f 4781 4190 4073
f 4783 4901 4782
f 4782 4901 4190
f 4780 4076 4097
f 4097 4076 4721
f 6337 2879 4701
f 4701 2879 2878
f 5280 6339 5272
f 5272 6339 6340
f 5282 5281 6341
f 6341 5281 6342
f 4109 6302 4110
f 4110 6302 6301
f 4283 6304 4284
f 4284 6304 6303
f 6305 4379 6306
f 6306 4379 4378
f 4110 6301 4428
f 4428 6301 6309
f 6310 4688 4412
f 4412 4688 4687
f 4284 6303 4753
f 4753 6303 6313
f 4753 6313 4109
f 4109 6313 6302
f 6343 5226 4428
f 4428 5226 4427
f 4147 4900 4416
f 4416 4900 6308
f 6312 6311 4241
f 4241 6311 4720
f 5223 6344 4702
f 4702 6344 4699
f 4221 4220 6345
f 6345 4220 6346
f 5276 5275 6347
f 6347 5275 6348
f 5275 4728 6348
f 6348 4728 6349
f 4727 6350 5284
f 5284 6350 5285
f 6351 6352 6354
f 6354 6352 6353
f 5313 5312 5292
f 5292 5312 5293
f 5312 5344 5293
f 5293 5344 5337
f 5344 4914 5337
f 5337 4914 4916
f 4914 4913 4916
f 4916 4913 4917
f 4913 6355 4917
f 4917 6355 4978
f 6356 6357 6284
f 6284 6357 5012
f 6357 6358 5012
f 5012 6358 5011
f 5011 6358 5366
f 5366 6358 6359
f 6360 4742 6359
f 6359 4742 5366
f 4743 6361 4904
f 4904 6361 5364
f 5363 4905 5364
f 5364 4905 4904
f 5363 6362 4905
f 4905 6362 4207
f 6362 6363 4207
f 4207 6363 4208
f 6363 5342 4208
f 4208 5342 5330
f 5342 5341 5330
f 5330 5341 4244
f 5341 6364 4244
f 4244 6364 4245
f 6364 6365 4245
f 4245 6365 4246
f 6366 6367 4253
f 4253 6367 4250
f 4214 6368 4211
f 4211 6368 4380
f 4380 4379 4211
f 4211 4379 4283
f 4379 6305 4283
f 4283 6305 6304
f 6305 4968 6304
f 6304 4968 6287
f 4968 4967 6287
f 6287 4967 6286
f 4967 6297 6286
f 6286 6297 4676
f 6296 4376 4288
f 4288 4376 4285
f 4376 4373 4285
f 4285 4373 4290
f 6369 6370 6372
f 6372 6370 6371
f 5245 6373 5246
f 5246 6373 6374
f 4317 6375 4318
f 4318 6375 6376
f 4331 6377 4332
f 4332 6377 6378
f 6379 4333 6376
f 6376 4333 4318
f 4343 6380 4344
f 4344 6380 6381
f 4347 6382 4348
f 4348 6382 6383
f 4374 6371 4331
f 4331 6371 6377
f 4333 6379 4426
f 4426 6379 6384
f 4690 6385 4347
f 4347 6385 6382
f 4332 6378 4317
f 4317 6378 6375
f 4922 6386 4923
f 4923 6386 6387
f 6388 6389 4375
f 4375 6389 6390
f 6355 6356 4978
f 4978 6356 6284
f 4742 6360 4743
f 4743 6360 6361
f 6391 4238 6392
f 6392 4238 4719
f 6392 4719 6393
f 6393 4719 5296
f 6395 6396 6394
f 6394 6396 6397
f 6399 6400 6398
f 6398 6400 6401
f 6402 5302 6403
f 6403 5302 5303
f 5303 5321 6403
f 6403 5321 6404
f 5320 6405 5321
f 5321 6405 6404
f 5319 6406 5350
f 5350 6406 5351
f 5319 5318 6406
f 6406 5318 6407
f 5288 4197 6408
f 6408 4197 6409
f 4217 4216 6410
f 6410 4216 6411
f 5227 6412 6327
f 6327 6412 6328
f 4892 6413 5227
f 5227 6413 6412
f 4228 6414 4892
f 4892 6414 6413
f 4227 6415 4228
f 4228 6415 6414
f 4248 6416 4227
f 4227 6416 6415
f 4247 6417 4248
f 4248 6417 6416
f 6417 4247 6419
f 6419 4247 6418
f 6419 6418 6421
f 6421 6418 6420
f 6422 5301 6423
f 6423 5301 5300
f 6423 5300 6424
f 6424 5300 6399
f 6408 6409 6398
f 6398 6409 6425
f 6426 6427 6397
f 6397 6427 6394
f 6428 4224 6429
f 6429 4224 4223
f 6347 6346 5276
f 5276 6346 4220
f 6346 6347 6341
f 6341 6347 6339
f 5280 5278 5282
f 5282 5278 4236
f 4896 5224 4684
f 4684 5224 4681
f 4132 4135 4896
f 4896 4135 5224
f 4131 4136 4132
f 4132 4136 4135
f 4226 4754 4131
f 4131 4754 4136
f 4251 4213 4226
f 4226 4213 4754
f 4250 4214 4251
f 4251 4214 4213
f 4250 6367 4214
f 4214 6367 6368
f 6367 4910 6368
f 6368 4910 4737
f 4909 5297 4736
f 4736 5297 5296
f 5297 6395 5296
f 5296 6395 6393
f 6427 6430 6394
f 6394 6430 6431
f 6429 4383 6428
f 6428 4383 4382
f 4219 5277 4220
f 4220 5277 5276
f 4222 4697 4383
f 4383 4697 4218
f 6345 4699 4221
f 4221 4699 6344
f 6342 4700 6345
f 6345 4700 4699
f 4235 4786 5281
f 5281 4786 6338
f 4234 4787 4235
f 4235 4787 4786
f 5279 5278 6432
f 6432 5278 5271
f 4237 5279 6433
f 6433 5279 6432
f 4787 4234 6433
f 6433 4234 4237
f 6435 6436 6434
f 6434 6436 6437
f 6359 6438 6360
f 6360 6438 6437
f 6439 6440 6441
f 6441 6440 6438
f 6443 6439 6442
f 6442 6439 6441
f 6357 6356 6442
f 6442 6356 6444
f 6444 6446 6445
f 6445 6446 6447
f 4912 6446 4913
f 4913 6446 6355
f 6361 6436 5364
f 5364 6436 5365
f 5319 5350 5316
f 5316 5350 6448
f 4832 6449 5350
f 5350 6449 6448
f 4831 6450 4832
f 4832 6450 6449
f 5354 6451 5320
f 5320 6451 6405
f 4265 6452 5354
f 5354 6452 6451
f 4264 6453 4265
f 4265 6453 6452
f 6450 4831 6447
f 6447 4831 6445
f 4263 6435 4264
f 4264 6435 6434
f 6454 6453 6439
f 6439 6453 6440
f 6439 6443 6454
f 6454 6443 4834
f 4833 6455 4834
f 4834 6455 6454
f 5351 6456 4833
f 4833 6456 6455
f 6457 6391 6458
f 6458 6391 6392
f 6458 6392 6431
f 6431 6392 6393
f 5298 6396 5297
f 5297 6396 6395
f 6402 6400 5302
f 5302 6400 5299
f 6402 6403 6459
f 6459 6403 6460
f 6460 6403 6461
f 6461 6403 6404
f 6405 6462 6404
f 6404 6462 6461
f 6406 6462 5351
f 5351 6462 6456
f 6406 6407 6462
f 6462 6407 6461
f 6407 6463 6461
f 6461 6463 6460
f 6463 6464 6460
f 6460 6464 6459
f 6464 6465 6459
f 6459 6465 6401
f 6430 6466 6431
f 6431 6466 6458
f 6466 6410 6458
f 6458 6410 6457
f 6410 6411 6457
f 6457 6411 6467
f 6396 6424 6397
f 6397 6424 6425
f 6393 6395 6431
f 6431 6395 6394
f 6451 6456 6405
f 6405 6456 6462
f 6452 6455 6451
f 6451 6455 6456
f 6453 6454 6452
f 6452 6454 6455
f 6443 6445 4834
f 4834 6445 4831
f 6440 6453 6434
f 6434 6453 4264
f 6468 5306 5360
f 5360 5306 5305
f 6469 4124 6468
f 6468 4124 5306
f 6470 4125 6469
f 6469 4125 4124
f 6471 5291 6470
f 6470 5291 4125
f 6353 5292 6471
f 6471 5292 5291
f 5292 6353 5313
f 5313 6353 6352
f 5347 5314 6352
f 6352 5314 5313
f 5353 5318 5346
f 5346 5318 5317
f 5334 6468 5358
f 5358 6468 5360
f 5324 6469 5334
f 5334 6469 6468
f 5323 6470 5324
f 5324 6470 6469
f 5343 6471 5323
f 5323 6471 6470
f 6354 6353 5343
f 5343 6353 6471
f 6348 6349 4270
f 4270 6349 5311
f 5272 6340 5273
f 5273 6340 4272
f 6432 5271 4232
f 4232 5271 4233
f 4294 6432 4295
f 4295 6432 4232
f 6432 4294 6433
f 6433 4294 4301
f 4301 4300 6433
f 6433 4300 4787
f 4704 4784 4300
f 4300 4784 4787
f 4704 3013 4784
f 4784 3013 1307
f 5103 6472 5104
f 5104 6472 5202
f 5108 5116 5105
f 5105 5116 5115
f 5111 5124 5112
f 5112 5124 5123
f 5154 5205 5105
f 5105 5205 5106
f 5167 5180 5168
f 5168 5180 5185
f 5175 5188 5176
f 5176 5188 5187
f 5112 5123 5178
f 5178 5123 5120
f 5167 5090 5183
f 5183 5090 5089
f 5210 5151 5183
f 5183 5151 5181
f 5216 5138 5217
f 5217 5138 5137
f 5218 5119 5219
f 5219 5119 5221
f 5218 5178 5119
f 5119 5178 5120
f 5217 5137 5104
f 5104 5137 5101
f 5116 5108 5221
f 5221 5108 5219
f 5111 5110 5210
f 5210 5110 5151
f 5154 5153 5103
f 5103 5153 6472
f 5216 5215 5176
f 5176 5215 5173
f 5175 5174 5168
f 5168 5174 5166
f 5091 5172 5092
f 5092 5172 5208
f 5117 5037 5118
f 5118 5037 5036
f 5121 5164 5122
f 5122 5164 5133
f 5125 5084 5126
f 5126 5084 5083
f 5129 5174 5130
f 5130 5174 5173
f 5131 5202 5132
f 5132 5202 6472
f 5135 5221 5122
f 5122 5221 5119
f 5125 5124 5136
f 5136 5124 5209
f 5126 5083 5121
f 5121 5083 5164
f 5118 5036 5195
f 5195 5036 5193
f 5131 5097 5203
f 5203 5097 5114
f 5132 6472 5195
f 5195 6472 5153
f 5136 5209 5092
f 5092 5209 5089
f 5135 5134 5117
f 5117 5134 5037
f 5362 5206 5130
f 5130 5206 5127
f 5372 5371 5128
f 5128 5371 5129
f 5371 5372 5091
f 5091 5372 5172
f 5362 5215 5203
f 5203 5215 5201
f 6463 6407 5353
f 5353 6407 5318
f 6464 6463 5352
f 5352 6463 5353
f 6408 6465 5288
f 5288 6465 5289
f 4196 4224 6426
f 6426 4224 6427
f 6430 6427 6428
f 6428 6427 4224
f 6466 6430 4382
f 4382 6430 6428
f 6410 6466 4217
f 4217 6466 4382
f 4240 4239 3015
f 3015 4239 3016
f 4254 4257 3017
f 3017 4257 3018
f 6473 6474 4732
f 4732 6474 6475
f 6474 6374 6475
f 6475 6374 6373
f 5246 6374 3022
f 3022 6374 3023
f 4254 6299 4255
f 4255 6299 6288
f 6473 6300 3024
f 3024 6300 3025
f 6476 4257 6312
f 6312 4257 4256
f 4240 6476 4241
f 4241 6476 6312
f 6477 4239 6391
f 6391 4239 4238
f 6467 6477 6457
f 6457 6477 6391
f 6411 3029 6467
f 6467 3029 3028
f 4216 3030 6411
f 6411 3030 3029
f 6479 6480 6478
f 6478 6480 6481
f 6483 6484 6482
f 6482 6484 6485
f 6486 6487 4102
f 4102 6487 6331
f 6483 6488 6478
f 6478 6488 6489
f 4429 4829 6490
f 6490 4829 6479
f 6491 6486 4101
f 4101 6486 4102
f 4895 6491 4899
f 4899 6491 4101
f 4160 6488 4157
f 4157 6488 6492
f 6489 4087 6490
f 6490 4087 4090
f 4267 4261 5013
f 5013 4261 4260
f 4258 4261 5328
f 5328 4261 4975
f 4261 4267 4975
f 4975 4267 4266
f 5367 3793 3912
f 3912 3793 3575
f 6494 3616 6493
f 6493 3616 3795
f 6496 3589 6495
f 6495 3589 3588
f 6495 3588 5368
f 5368 3588 3794
f 3841 3840 3050
f 3050 3840 3051
f 3912 3911 3052
f 3052 3911 3053
f 3929 3930 3054
f 3054 3930 3055
f 5370 3930 3916
f 3916 3930 3923
f 3938 5369 3807
f 3807 5369 3915
f 3589 6496 3806
f 3806 6496 3937
f 3938 3937 3056
f 3056 3937 3057
f 3051 3840 3058
f 3058 3840 3943
f 3730 4808 3727
f 3727 4808 3943
f 3820 3951 3795
f 3795 3951 6493
f 3951 3841 3059
f 3059 3841 3050
f 3911 3574 6494
f 6494 3574 3616
f 3823 3929 3824
f 3824 3929 3952
f 4061 4060 3060
f 3060 4060 3061
f 6497 6498 4901
f 4901 6498 4790
f 6333 6499 4738
f 4738 6499 4739
f 6500 6501 6314
f 6314 6501 4418
f 6502 6275 4417
f 4417 6275 4185
f 6503 6497 4783
f 4783 6497 4901
f 6498 4060 4790
f 4790 4060 4059
f 4808 4061 3069
f 3069 4061 3060
f 5367 3071 5368
f 5368 3071 3070
f 5369 3073 5370
f 5370 3073 3072
f 6274 6275 3074
f 3074 6275 3075
f 6499 6504 4739
f 4739 6504 6317
f 6333 6332 3077
f 3077 6332 3078
f 6334 6274 3079
f 3079 6274 3074
f 6332 4825 3078
f 3078 4825 3080
f 6334 6503 4188
f 4188 6503 4783
f 4825 4689 3080
f 3080 4689 1330
f 6506 4747 6505
f 6505 4747 4746
f 6505 6507 6506
f 6506 6507 6508
f 4297 6509 4920
f 4920 6509 6510
f 4296 6511 4297
f 4297 6511 6509
f 6506 6508 4319
f 4319 6508 6512
f 4372 4371 6514
f 6514 4371 6513
f 6511 4296 5251
f 5251 4296 4305
f 5251 5250 6511
f 6511 5250 6515
f 6516 6509 6515
f 6515 6509 6511
f 6517 6507 6519
f 6519 6507 6518
f 6512 6520 6513
f 6513 6520 6514
f 6507 6517 6508
f 6508 6517 6521
f 5249 6523 6522
f 6522 6523 6524
f 6525 6370 5253
f 5253 6370 6526
f 4370 4323 4371
f 4371 4323 4326
f 4370 3103 4323
f 4323 3103 1541
f 6521 6517 6527
f 6527 6517 6519
f 6520 6528 6514
f 6514 6528 6529
f 6531 6532 6530
f 6530 6532 6533
f 5250 6534 6515
f 6515 6534 6535
f 6530 6533 6536
f 6536 6533 6537
f 6526 6538 6534
f 6534 6538 6537
f 6515 6535 6516
f 6516 6535 6539
f 4325 4321 4326
f 4326 4321 4320
f 4371 4326 6513
f 6513 4326 4320
f 6531 4731 6541
f 6541 4731 6540
f 4731 4730 6540
f 6540 4730 6542
f 4730 3121 6542
f 6542 3121 3120
f 6530 4328 6531
f 6531 4328 4731
f 4328 6530 4329
f 4329 6530 6536
f 4329 6536 6524
f 6524 6536 6543
f 6544 6545 6522
f 6522 6545 5248
f 6389 6388 5245
f 5245 6388 6373
f 6388 6546 6373
f 6373 6546 6475
f 4733 6546 6295
f 6295 6546 4377
f 4732 6475 4733
f 4733 6475 6546
f 4393 4432 4394
f 4394 4432 4435
f 4434 4672 4842
f 4842 4672 4671
f 4440 4439 4441
f 4441 4439 4438
f 4436 4450 4437
f 4437 4450 4398
f 4447 4444 4448
f 4448 4444 4392
f 4446 4464 4433
f 4433 4464 6547
f 4454 4423 4455
f 4455 4423 4422
f 4452 4481 4453
f 4453 4481 4480
f 4458 4389 4459
f 4459 4389 4388
f 4456 4471 4457
f 4457 4471 4468
f 4391 4460 4392
f 4392 4460 4448
f 4461 4467 4445
f 4445 4467 4465
f 4437 4398 4629
f 4629 4398 4397
f 4438 4628 4441
f 4441 4628 4631
f 4841 4629 4839
f 4839 4629 4397
f 4628 4842 4631
f 4631 4842 4671
f 4930 4989 4452
f 4452 4989 4481
f 4929 4927 4436
f 4436 4927 4450
f 4933 4387 4934
f 4934 4387 4386
f 4931 4475 4932
f 4932 4475 4474
f 4936 4449 4933
f 4933 4449 4387
f 4935 4472 4456
f 4456 4472 4471
f 4389 4458 4391
f 4391 4458 4460
f 4457 4468 4461
f 4461 4468 4467
f 4934 4386 4454
f 4454 4386 4423
f 4453 4480 4931
f 4931 4480 4475
f 4575 4997 4576
f 4576 4997 4639
f 4579 4596 4580
f 4580 4596 4595
f 4583 4582 4572
f 4572 4582 4569
f 4587 4944 4588
f 4588 4944 4562
f 4588 4562 4590
f 4590 4562 4561
f 4576 4639 4642
f 4642 4639 4638
f 4642 4845 4641
f 4641 4845 4846
f 4845 4590 4846
f 4846 4590 4561
f 4941 4938 4595
f 4595 4938 4580
f 4938 4940 4668
f 4668 4940 4669
f 4583 4942 4584
f 4584 4942 4947
f 4582 4587 4569
f 4569 4587 4586
f 5000 5001 4579
f 4579 5001 4596
f 4558 4560 4585
f 4585 4560 4586
f 4565 4639 4566
f 4566 4639 4997
f 4568 4567 4577
f 4577 4567 4578
f 4570 4554 4571
f 4571 4554 4556
f 4640 4565 4637
f 4637 4565 4546
f 4662 4664 4665
f 4665 4664 4844
f 4662 4558 4589
f 4589 4558 4585
f 4554 4570 4557
f 4557 4570 4560
f 4571 4667 4572
f 4572 4667 4943
f 4551 4670 4552
f 4552 4670 4666
f 4640 4664 4638
f 4638 4664 4663
f 4670 4568 4668
f 4668 4568 4577
f 4999 4996 4566
f 4566 4996 4543
f 4608 4564 4603
f 4603 4564 4563
f 4573 4593 4574
f 4574 4593 4592
f 4597 4614 4598
f 4598 4614 4613
f 4601 4600 4584
f 4584 4600 4581
f 4563 4562 4604
f 4604 4562 4944
f 4643 4593 4641
f 4641 4593 4573
f 4643 4847 4644
f 4644 4847 4848
f 4564 4847 4561
f 4561 4847 4846
f 4945 4941 4598
f 4598 4941 4595
f 4941 4945 4939
f 4939 4945 4946
f 4601 4948 4602
f 4602 4948 4620
f 4600 4604 4581
f 4581 4604 4944
f 5002 5003 4597
f 4597 5003 4614
f 4988 4759 4953
f 4953 4759 4402
f 4706 6548 4707
f 4707 6548 6549
f 4311 4928 4419
f 4419 4928 6550
f 4921 4920 6551
f 6551 4920 6552
f 4925 6553 4926
f 4926 6553 6554
f 4928 4921 4802
f 4802 4921 6551
f 6555 4985 6550
f 6550 4985 4419
f 4952 6556 4953
f 4953 6556 4649
f 4971 6557 4706
f 4706 6557 6548
f 4988 4648 4925
f 4925 4648 6553
f 4707 6549 5006
f 5006 6549 4987
f 4920 6510 6552
f 6552 6510 6518
f 6558 6510 6516
f 6516 6510 6509
f 6559 6558 6539
f 6539 6558 6516
f 6531 6541 6532
f 6532 6541 6560
f 6540 6561 6541
f 6541 6561 6529
f 6542 6562 6540
f 6540 6562 6561
f 6542 3120 6562
f 6562 3120 3142
f 4366 6563 4760
f 4760 6563 4970
f 4815 6564 4816
f 4816 6564 6565
f 3147 3146 6565
f 6565 3146 4816
f 6564 6563 6565
f 6565 6563 6566
f 4837 4385 4357
f 4357 4385 4358
f 6565 6566 3147
f 3147 6566 3149
f 4694 1209 3150
f 5247 5249 5248
f 5248 5249 6522
f 6372 6390 6545
f 6545 6390 6389
f 6375 5254 6376
f 6376 5254 5258
f 6377 6525 6378
f 6378 6525 5255
f 5260 6379 5258
f 5258 6379 6376
f 6380 6567 6381
f 6381 6567 6568
f 6382 6569 6383
f 6383 6569 6570
f 6377 6371 6525
f 6525 6371 6370
f 6379 5260 6384
f 6384 5260 6571
f 6385 6572 6382
f 6382 6572 6569
f 6378 5255 6375
f 6375 5255 5254
f 6386 6573 6387
f 6387 6573 6574
f 6545 6389 5248
f 5248 6389 5245
f 4675 4750 4676
f 4676 4750 6286
f 4734 6289 4735
f 4735 6289 6288
f 4804 6290 4805
f 4805 6290 4963
f 4811 4807 4812
f 4812 4807 4411
f 4954 6292 4955
f 4955 6292 4959
f 4964 4962 4965
f 4965 4962 4751
f 6285 4821 4812
f 4812 4821 4809
f 4675 4287 4965
f 4965 4287 4210
f 6294 4145 4955
f 4955 4145 4154
f 4964 4120 4805
f 4805 4120 4119
f 6298 4966 4734
f 4734 4966 6289
f 6300 6473 4735
f 4735 6473 4732
f 6297 6296 4676
f 4676 6296 4288
f 6523 3160 4330
f 4330 3160 3159
f 5253 5252 6525
f 6525 5252 5255
f 5256 5252 4305
f 4305 5252 5251
f 4304 5257 4305
f 4305 5257 5256
f 4424 5259 4304
f 4304 5259 5257
f 5261 6571 5259
f 5259 6571 5260
f 5262 6573 5261
f 5261 6573 6571
f 5264 6567 5265
f 5265 6567 6574
f 5266 6572 5267
f 5267 6572 6568
f 5268 6570 5269
f 5269 6570 6569
f 1807 3161 5268
f 5268 3161 6570
f 6524 6523 4329
f 4329 6523 4330
f 5253 6526 5250
f 5250 6526 6534
f 6543 6538 6544
f 6544 6538 6369
f 6524 6543 6522
f 6522 6543 6544
f 3071 5367 3052
f 3052 5367 3912
f 6493 3163 6494
f 6494 3163 3162
f 3164 445 3771
f 3771 445 3761
f 461 3165 3919
f 3919 3165 3920
f 330 410 3839
f 3839 410 3910
f 332 331 3552
f 3552 331 3551
f 464 304 3918
f 3918 304 3816
f 385 458 3766
f 3766 458 3894
f 412 415 3762
f 3762 415 3763
f 3166 337 3748
f 3748 337 3745
f 3072 3055 5370
f 5370 3055 3930
f 3073 5369 3056
f 3056 5369 3938
f 3167 3057 6496
f 6496 3057 3937
f 3069 3058 4808
f 4808 3058 3943
f 411 3166 3851
f 3851 3166 3748
f 3059 3163 3951
f 3951 3163 6493
f 336 3164 3772
f 3772 3164 3771
f 3053 3911 3162
f 3162 3911 6494
f 3054 3168 3929
f 3929 3168 3952
f 3165 830 3920
f 3920 830 3945
f 3170 3169 6497
f 6497 3169 6498
f 3171 1354 5005
f 5005 1354 4830
f 3172 3170 6503
f 6503 3170 6497
f 3169 3061 6498
f 6498 3061 4060
f 3173 3171 5006
f 5006 3171 5005
f 3079 3172 6334
f 6334 3172 6503
f 3174 3025 6299
f 6299 3025 6300
f 6576 6577 6575
f 6575 6577 6578
f 4612 4611 6579
f 6579 4611 6580
f 6582 6583 6581
f 6581 6583 6584
f 6584 6585 4618
f 4618 6585 4621
f 6586 6587 6589
f 6589 6587 6588
f 6588 6587 6590
f 6590 6587 6591
f 6592 4606 6590
f 6590 4606 4623
f 6594 6576 6593
f 6593 6576 6575
f 6595 6582 6579
f 6579 6582 6581
f 6580 6597 6596
f 6596 6597 6598
f 6577 6576 6599
f 6599 6576 6600
f 6595 6596 6601
f 6601 6596 6602
f 6583 6582 6603
f 6603 6582 6604
f 6586 6606 6605
f 6605 6606 6607
f 6587 6586 6608
f 6608 6586 6605
f 6587 6608 6591
f 6591 6608 6609
f 6576 6594 6600
f 6600 6594 6610
f 6582 6595 6604
f 6604 6595 6601
f 6599 6611 6577
f 6577 6611 6598
f 6613 6614 6612
f 6612 6614 6615
f 6617 6618 6616
f 6616 6618 6619
f 6621 6622 6620
f 6620 6622 6623
f 6625 6626 6624
f 6624 6626 6627
f 6629 6630 6628
f 6628 6630 6631
f 6633 6634 6632
f 6632 6634 6635
f 6637 6638 6636
f 6636 6638 6639
f 6640 6641 6637
f 6637 6641 6638
f 6643 6633 6642
f 6642 6633 6632
f 6645 6646 6644
f 6644 6646 6647
f 6646 6648 6647
f 6647 6648 6649
f 6651 6652 6650
f 6650 6652 6653
f 6653 6652 6654
f 6654 6652 6655
f 6656 6657 6659
f 6659 6657 6658
f 6661 6662 6660
f 6660 6662 6663
f 6662 6661 6664
f 6664 6661 6665
f 6667 6657 6666
f 6666 6657 6656
f 6669 6670 6668
f 6668 6670 6671
f 6672 6673 6670
f 6670 6673 6671
f 6674 6675 6677
f 6677 6675 6676
f 6675 6678 6676
f 6676 6678 6679
f 6681 6682 6680
f 6680 6682 6683
f 6684 6685 6683
f 6683 6685 6680
f 6687 6688 6686
f 6686 6688 6689
f 6687 6690 6688
f 6688 6690 6691
f 6619 6618 6633
f 6633 6618 6634
f 6632 6635 6693
f 6693 6635 6692
f 6617 6694 6636
f 6636 6694 6637
f 6695 6692 6639
f 6639 6692 6635
f 6637 6694 6640
f 6640 6694 6696
f 6698 6638 6697
f 6697 6638 6641
f 6643 6616 6633
f 6633 6616 6619
f 6642 6699 6641
f 6641 6699 6697
f 6646 6645 6700
f 6700 6645 6621
f 6644 6701 6654
f 6654 6701 6702
f 6700 6703 6646
f 6646 6703 6648
f 6693 6704 6649
f 6649 6704 6647
f 6620 6623 6651
f 6651 6623 6652
f 6693 6649 6699
f 6699 6649 6650
f 6652 6623 6655
f 6655 6623 6622
f 6654 6702 6653
f 6653 6702 6697
f 6615 6614 6657
f 6657 6614 6658
f 6705 6656 6704
f 6704 6656 6659
f 6613 6706 6660
f 6660 6706 6661
f 6704 6659 6701
f 6701 6659 6663
f 6661 6706 6665
f 6665 6706 6707
f 6708 6702 6664
f 6664 6702 6662
f 6612 6615 6667
f 6667 6615 6657
f 6666 6709 6664
f 6664 6709 6708
f 6629 6710 6669
f 6669 6710 6670
f 6668 6711 6679
f 6679 6711 6712
f 6713 6672 6710
f 6710 6672 6670
f 6714 6671 6705
f 6705 6671 6673
f 6628 6631 6674
f 6674 6631 6675
f 6705 6673 6709
f 6709 6673 6677
f 6631 6630 6675
f 6675 6630 6678
f 6712 6708 6679
f 6679 6708 6676
f 6625 6715 6682
f 6682 6715 6683
f 6716 6717 6681
f 6681 6717 6691
f 6718 6684 6715
f 6715 6684 6683
f 6719 6680 6714
f 6714 6680 6685
f 6624 6627 6686
f 6686 6627 6687
f 6689 6711 6685
f 6685 6711 6714
f 6627 6626 6687
f 6687 6626 6690
f 6717 6712 6691
f 6691 6712 6688
f 6612 6707 6613
f 6613 6707 6706
f 6616 6696 6617
f 6617 6696 6694
f 6703 6700 6620
f 6620 6700 6621
f 6715 6625 6718
f 6718 6625 6624
f 6710 6629 6713
f 6713 6629 6628
f 6639 6635 6636
f 6636 6635 6634
f 6641 6640 6642
f 6642 6640 6643
f 6654 6655 6644
f 6644 6655 6645
f 6651 6650 6648
f 6648 6650 6649
f 6659 6658 6663
f 6663 6658 6660
f 6665 6667 6664
f 6664 6667 6666
f 6678 6669 6679
f 6679 6669 6668
f 6673 6672 6677
f 6677 6672 6674
f 6690 6682 6691
f 6691 6682 6681
f 6685 6684 6689
f 6689 6684 6686
f 6636 6634 6617
f 6617 6634 6618
f 6638 6698 6639
f 6639 6698 6695
f 6640 6696 6643
f 6643 6696 6616
f 6693 6699 6632
f 6632 6699 6642
f 6655 6622 6645
f 6645 6622 6621
f 6704 6701 6647
f 6647 6701 6644
f 6651 6648 6620
f 6620 6648 6703
f 6650 6653 6699
f 6699 6653 6697
f 6613 6660 6614
f 6614 6660 6658
f 6663 6662 6701
f 6701 6662 6702
f 6665 6707 6667
f 6667 6707 6612
f 6705 6709 6656
f 6656 6709 6666
f 6630 6629 6678
f 6678 6629 6669
f 6714 6711 6671
f 6671 6711 6668
f 6672 6713 6674
f 6674 6713 6628
f 6677 6676 6709
f 6709 6676 6708
f 6626 6625 6690
f 6690 6625 6682
f 6680 6719 6681
f 6681 6719 6716
f 6684 6718 6686
f 6686 6718 6624
f 6711 6689 6712
f 6689 6688 6712
f 6593 6720 6594
f 6594 6720 6721
f 6722 6720 4607
f 4607 6720 4849
f 6592 6723 6722
f 6722 6723 6724
f 4610 4609 6578
f 6578 4609 6575
f 6596 6595 6580
f 6580 6595 6579
f 4618 4617 6584
f 6584 4617 6581
f 6589 6585 6586
f 6586 6585 6606
f 4622 4619 6588
f 6588 4619 6589
f 4622 6588 4623
f 4623 6588 6590
f 4609 4645 6575
f 6575 4645 6593
f 4617 4612 6581
f 6581 4612 6579
f 5004 4610 6597
f 6597 4610 6578
f 4645 4849 6593
f 6593 4849 6720
f 6724 6721 6722
f 6722 6721 6720
f 6722 4607 6592
f 6592 4607 4606
f 6725 6610 6721
f 6721 6610 6594
f 6723 6726 6724
f 6724 6726 6727
f 6727 6725 6724
f 6724 6725 6721
f 6728 6729 6605
f 6605 6729 6608
f 6605 6607 6728
f 6728 6607 6730
f 6731 6732 6604
f 6604 6732 6603
f 6733 6734 6725
f 6725 6734 6610
f 6735 6733 6727
f 6727 6733 6725
f 6735 6727 6736
f 6736 6727 6726
f 6591 6609 6723
f 6723 6609 6726
f 6723 6592 6591
f 6591 6592 6590
f 6738 6739 6737
f 6737 6739 6740
f 6740 6739 6742
f 6742 6739 6741
f 6743 6744 6741
f 6741 6744 6742
f 6745 6746 6743
f 6743 6746 6744
f 6747 6748 6745
f 6745 6748 6746
f 6749 6750 6747
f 6747 6750 6748
f 6752 6738 6751
f 6751 6738 6737
f 6754 6752 6753
f 6753 6752 6751
f 6756 6754 6755
f 6755 6754 6753
f 6758 6750 6757
f 6757 6750 6749
f 6760 6756 6759
f 6759 6756 6755
f 6762 6760 6761
f 6761 6760 6759
f 6764 6762 6763
f 6763 6762 6761
f 6757 6764 6758
f 6758 6764 6763
f 6766 6741 6765
f 6765 6741 6739
f 6767 6743 6766
f 6766 6743 6741
f 6768 6745 6767
f 6767 6745 6743
f 6769 6747 6768
f 6768 6747 6745
f 6770 6749 6769
f 6769 6749 6747
f 6772 6769 6771
f 6771 6769 6768
f 6773 6770 6772
f 6772 6770 6769
f 6774 6775 6772
f 6772 6775 6773
f 6777 6778 6776
f 6776 6778 6779
f 6775 6774 6778
f 6778 6774 6779
f 6771 6780 6772
f 6772 6780 6774
f 6780 6781 6774
f 6774 6781 6779
f 6781 6782 6779
f 6779 6782 6776
f 6784 6785 6783
f 6783 6785 6786
f 6786 6787 6783
f 6783 6787 6788
f 6790 6788 6789
f 6789 6788 6787
f 6786 6785 6791
f 6791 6785 6792
f 6791 6793 6786
f 6786 6793 6787
f 6793 6794 6787
f 6787 6794 6789
f 6795 6796 6794
f 6794 6796 6789
f 6790 6789 6797
f 6797 6789 6796
f 6798 6765 6738
f 6738 6765 6739
f 6799 6798 6752
f 6752 6798 6738
f 6767 6800 6768
f 6768 6800 6771
f 6766 6801 6767
f 6767 6801 6800
f 6802 6801 6765
f 6765 6801 6766
f 6798 6803 6765
f 6765 6803 6802
f 6804 6803 6799
f 6799 6803 6798
f 6805 6806 6804
f 6804 6806 6803
f 6807 6799 6754
f 6754 6799 6752
f 6808 6804 6807
f 6807 6804 6799
f 6809 6805 6808
f 6808 6805 6804
f 6810 6811 6805
f 6805 6811 6806
f 6812 6813 6810
f 6810 6813 6811
f 6814 6815 6796
f 6796 6815 6797
f 6813 6814 6816
f 6816 6814 6817
f 6816 6818 6813
f 6813 6818 6811
f 6819 6806 6818
f 6818 6806 6811
f 6802 6803 6819
f 6819 6803 6806
f 6757 6749 6820
f 6820 6749 6770
f 6820 6770 6821
f 6821 6770 6773
f 6821 6773 6822
f 6822 6773 6775
f 6822 6775 6823
f 6823 6775 6778
f 6824 6823 6777
f 6777 6823 6778
f 6784 6825 6777
f 6777 6825 6824
f 6826 6827 6788
f 6788 6827 6783
f 6828 6826 6790
f 6790 6826 6788
f 6829 6828 6797
f 6797 6828 6790
f 6815 6830 6797
f 6797 6830 6829
f 6832 6812 6831
f 6831 6812 6810
f 6831 6810 6809
f 6809 6810 6805
f 6736 6800 6735
f 6735 6800 6801
f 6733 6735 6802
f 6802 6735 6801
f 6734 6733 6819
f 6819 6733 6802
f 6833 6734 6818
f 6818 6734 6819
f 6834 6833 6816
f 6816 6833 6818
f 6816 6817 6834
f 6834 6817 6835
f 6837 6795 6836
f 6836 6795 6794
f 6836 6794 6731
f 6731 6794 6793
f 6732 6731 6791
f 6791 6731 6793
f 6791 6792 6732
f 6732 6792 6730
f 6729 6728 6781
f 6781 6728 6782
f 6838 6807 6756
f 6756 6807 6754
f 6839 6838 6760
f 6760 6838 6756
f 6840 6839 6762
f 6762 6839 6760
f 6841 6840 6764
f 6764 6840 6762
f 6820 6841 6757
f 6757 6841 6764
f 6841 6820 6842
f 6842 6820 6821
f 6840 6841 6843
f 6843 6841 6842
f 6839 6840 6844
f 6844 6840 6843
f 6838 6839 6845
f 6845 6839 6844
f 6807 6838 6808
f 6808 6838 6845
f 6842 6821 6846
f 6846 6821 6822
f 6843 6842 6847
f 6847 6842 6846
f 6844 6843 6848
f 6848 6843 6847
f 6845 6844 6849
f 6849 6844 6848
f 6808 6845 6809
f 6809 6845 6849
f 6850 6831 6849
f 6849 6831 6809
f 6851 6850 6848
f 6848 6850 6849
f 6847 6852 6848
f 6848 6852 6851
f 6853 6852 6846
f 6846 6852 6847
f 6846 6822 6853
f 6853 6822 6823
f 6853 6823 6854
f 6854 6823 6824
f 6854 6855 6853
f 6853 6855 6852
f 6856 6851 6855
f 6855 6851 6852
f 6856 6857 6851
f 6851 6857 6850
f 6857 6832 6850
f 6850 6832 6831
f 6825 6858 6824
f 6824 6858 6854
f 6860 6827 6859
f 6859 6827 6826
f 6859 6826 6861
f 6861 6826 6828
f 6862 6861 6829
f 6829 6861 6828
f 6830 6863 6829
f 6829 6863 6862
f 6863 6864 6862
f 6862 6864 6865
f 6858 6866 6854
f 6854 6866 6855
f 6867 6865 6866
f 6866 6865 6864
f 6869 6859 6868
f 6868 6859 6861
f 6867 6869 6865
f 6865 6869 6868
f 6861 6862 6868
f 6868 6862 6865
f 6867 6860 6869
f 6869 6860 6859
f 6753 6751 6698
f 6698 6751 6695
f 6697 6755 6698
f 6698 6755 6753
f 6759 6755 6702
f 6702 6755 6697
f 6761 6759 6708
f 6708 6759 6702
f 6763 6761 6712
f 6712 6761 6708
f 6758 6763 6717
f 6717 6763 6712
f 6750 6758 6716
f 6716 6758 6717
f 6719 6748 6716
f 6716 6748 6750
f 6714 6746 6719
f 6719 6746 6748
f 6705 6744 6714
f 6714 6744 6746
f 6704 6742 6705
f 6705 6742 6744
f 6740 6742 6693
f 6693 6742 6704
f 6737 6740 6692
f 6692 6740 6693
f 6751 6737 6695
f 6695 6737 6692
f 6601 6602 6836
f 6836 6602 6837
f 6604 6601 6731
f 6731 6601 6836
f 6599 6600 6834
f 6834 6600 6833
f 6834 6835 6599
f 6599 6835 6611
f 6600 6610 6833
f 6833 6610 6734
f 6780 6771 6870
f 6870 6771 6736
f 6736 6771 6800
f 6870 6729 6780
f 6780 6729 6781
f 6608 6729 6609
f 6609 6729 6870
f 6609 6870 6726
f 6726 6870 6736
f 5014 5015 5229
f 5229 5015 5230
f 4258 5015 4259
f 4259 5015 4878
f 3471 3013 4703
f 4703 3013 4704
f 2879 6337 1306
f 1306 6337 4785
f 829 3471 4316
f 4316 3471 4703
f 4702 3472 5223
f 5223 3472 1756
f 6871 6872 4534
f 4534 6872 4535
f 6871 4665 6872
f 6872 4665 4844
f 6871 6873 4665
f 4665 6873 4559
f 6871 4534 6873
f 6873 4534 4542
f 4153 4152 4822
f 4822 4152 4407
f 4152 4168 4407
f 4407 4168 4342
f 4343 4168 4923
f 4923 4168 4167
f 4363 4362 4972
f 4972 4362 4840
f 4362 4394 4840
f 4840 4394 4839
f 4401 4400 4986
f 4986 4400 4984
f 4435 4434 4841
f 4841 4434 4842
f 4506 4505 4530
f 4530 4505 4531
f 4506 4535 4507
f 4507 4535 4843
f 4661 4660 4516
f 4516 4660 4517
f 4673 4672 4937
f 4937 4672 6547
f 4400 4924 4984
f 4984 4924 5263
f 4673 4660 4674
f 4674 4660 4659
f 4505 4661 4531
f 4531 4661 4516
f 4952 4401 6874
f 6874 4401 4986
f 4954 4153 6875
f 6875 4153 4822
f 4363 4973 4364
f 4364 4973 4974
f 5264 4924 5267
f 5267 4924 4691
f 6293 6292 6876
f 6876 6292 6877
f 6380 4343 6387
f 6387 4343 4923
f 4394 4435 4839
f 4839 4435 4841
f 4672 4434 6547
f 6547 4434 4433
f 4973 6556 4974
f 4974 6556 6878
f 6567 6380 6574
f 6574 6380 6387
f 6292 4954 6877
f 6877 4954 6875
f 6567 5264 6568
f 6568 5264 5267
f 4145 4144 4154
f 4154 4144 4151
f 4194 4144 4425
f 4425 4144 4143
f 4355 4354 5263
f 5263 4354 4984
f 4360 4359 4364
f 4364 4359 4361
f 4444 4359 4392
f 4392 4359 4337
f 4447 4446 4432
f 4432 4446 4433
f 4464 4463 6547
f 6547 4463 4937
f 4519 4518 4654
f 4654 4518 4509
f 4533 4532 4499
f 4499 4532 4498
f 4533 4542 4530
f 4530 4542 4534
f 4519 4532 4516
f 4516 4532 4531
f 4922 4194 4426
f 4426 4194 4425
f 4463 4518 4937
f 4937 4518 4517
f 6555 4951 6874
f 6874 4951 6878
f 4958 4957 6290
f 6290 4957 6291
f 4334 4360 4712
f 4712 4360 4950
f 4985 4354 4419
f 4419 4354 4353
f 5262 4355 5265
f 5265 4355 5263
f 6294 4958 4804
f 4804 4958 6290
f 6386 4922 6384
f 6384 4922 4426
f 4444 4447 4393
f 4393 4447 4432
f 4464 4446 4465
f 4465 4446 4445
f 4985 6555 4986
f 4986 6555 6874
f 6573 6386 6571
f 6571 6386 6384
f 4145 6294 4146
f 4146 6294 4804
f 6573 5262 6574
f 6574 5262 5265
f 4542 4541 6873
f 6873 4541 4559
f 4535 6872 4843
f 4843 6872 4844
f 4104 4103 6879
f 6879 4103 6343
f 4105 6293 6307
f 6307 6293 6876
f 4104 4956 4105
f 4105 4956 6293
f 4956 4104 4957
f 4957 4104 6879
f 4957 6879 6291
f 6291 6879 6309
f 4648 4988 4649
f 4649 4988 4953
f 4802 4803 4928
f 4928 4803 6550
f 6550 4803 6555
f 6555 4803 4951
f 1516 3173 4987
f 4987 3173 5006
f 6519 6518 6558
f 6558 6518 6510
f 6527 6519 6559
f 6559 6519 6558
f 6528 6560 6529
f 6529 6560 6541
f 6548 4625 6549
f 6549 4625 4624
f 6551 6552 4746
f 4746 6552 6505
f 6553 4711 6554
f 6554 4711 4710
f 4802 6551 4713
f 4713 6551 4746
f 6556 4973 4649
f 4649 4973 4646
f 6557 4949 6548
f 6548 4949 4625
f 4648 4647 6553
f 6553 4647 4711
f 6549 4624 4987
f 4987 4624 4838
f 6552 6518 6505
f 6505 6518 6507
f 6561 4372 6529
f 6529 4372 6514
f 6562 4369 6561
f 6561 4369 4372
f 3142 3482 6562
f 6562 3482 4369
f 6556 4952 6878
f 6878 4952 6874
f 4951 4950 6878
f 6878 4950 4974
f 3168 440 3952
f 4204 4203 5341
f 5341 4203 6364
f 4219 4222 6429
f 6429 4222 4383
f 4319 4322 6506
f 6506 4322 4747
f 4340 4714 4341
f 4341 4714 4384
f 4375 4377 6388
f 6388 4377 6546
f 4378 4381 6311
f 6311 4381 4720
f 4449 4341 4387
f 4387 4341 4384
f 4473 4472 4477
f 4477 4472 4474
f 4492 4491 4487
f 4487 4491 4488
f 4523 4491 4522
f 4522 4491 4490
f 4492 4538 4493
f 4493 4538 4555
f 4538 4553 4555
f 4555 4553 4556
f 4620 4615 4621
f 4621 4615 4618
f 4652 4651 4368
f 4368 4651 4365
f 4523 4655 4524
f 4524 4655 4656
f 4553 4667 4556
f 4556 4667 4571
f 4651 1210 4365
f 4365 1210 1209
f 4698 4697 5223
f 5223 4697 6344
f 4340 4339 4322
f 4322 4339 4747
f 4726 4729 5287
f 5287 4729 4198
f 4381 4380 4737
f 4737 4380 6368
f 4836 4835 4451
f 4451 4835 4709
f 4910 6367 4911
f 4911 6367 6366
f 4912 4915 6450
f 6450 4915 6449
f 4927 4836 4450
f 4450 4836 4451
f 4930 4929 4439
f 4439 4929 4436
f 4936 4935 4459
f 4459 4935 4456
f 4473 4655 4470
f 4470 4655 4510
f 4942 4583 4943
f 4943 4583 4572
f 4948 4601 4947
f 4947 4601 4584
f 4949 4835 4625
f 4625 4835 4626
f 4966 4969 6289
f 6289 4969 4695
f 4971 4652 4926
f 4926 4652 4368
f 4203 4977 6364
f 6364 4977 6365
f 4990 4989 4443
f 4443 4989 4440
f 4990 4991 4478
f 4478 4991 4512
f 4992 4991 4528
f 4528 4991 4515
f 4992 4993 4527
f 4527 4993 4485
f 4994 4993 4502
f 4502 4993 4503
f 4994 4995 4482
f 4482 4995 4550
f 4543 4996 4544
f 4544 4996 4995
f 4999 4998 4567
f 4567 4998 4578
f 5000 4998 4575
f 4575 4998 4997
f 5002 5001 4592
f 4592 5001 4574
f 5003 5004 4614
f 4614 5004 4611
f 3483 4215 1755
f 1755 4215 4698
f 5274 5277 4195
f 4195 5277 4223
f 4726 5295 4727
f 4727 5295 6350
f 5309 5342 5310
f 5310 5342 6363
f 5315 5314 5316
f 5316 5314 5317
f 5339 6362 5340
f 5340 6362 5363
f 5310 6363 5339
f 5339 6363 6362
f 4204 5309 4201
f 4201 5309 5308
f 4915 5345 6449
f 6449 5345 6448
f 5345 5315 6448
f 6448 5315 5316
f 5348 5347 6351
f 6351 5347 6352
f 5365 4263 5340
f 5340 4263 4262
f 6295 6298 4733
f 4733 6298 4734
f 4969 6306 4695
f 4695 6306 4696
f 6306 4378 4696
f 4696 4378 6311
f 6369 6372 6544
f 6544 6372 6545
f 4375 6390 4373
f 4373 6390 4374
f 6421 6422 4911
f 4911 6422 4908
f 4910 4909 4737
f 4737 4909 4736
f 5277 4219 4223
f 4223 4219 6429
f 4697 4222 6344
f 6344 4222 4221
f 6436 6361 6437
f 6437 6361 6360
f 6438 6440 6437
f 6437 6440 6434
f 6438 6359 6441
f 6441 6359 6358
f 6442 6441 6357
f 6357 6441 6358
f 6442 6444 6443
f 6443 6444 6445
f 6446 6444 6355
f 6355 6444 6356
f 6446 4912 6447
f 6447 4912 6450
f 6436 6435 5365
f 5365 6435 4263
f 5314 5347 5317
f 5317 5347 5346
f 4319 6512 4320
f 4320 6512 6513
f 6520 6512 6521
f 6521 6512 6508
f 6528 6520 6527
f 6527 6520 6521
f 6532 6539 6533
f 6533 6539 6535
f 6533 6535 6537
f 6537 6535 6534
f 6538 6543 6537
f 6537 6543 6536
f 6295 4377 6296
f 6296 4377 4376
f 4989 4930 4440
f 4440 4930 4439
f 4927 4929 4422
f 4422 4929 4455
f 4449 4936 4388
f 4388 4936 4459
f 4472 4935 4474
f 4474 4935 4932
f 4942 4940 4947
f 4947 4940 4939
f 5001 5000 4574
f 4574 5000 4575
f 4669 4943 4666
f 4666 4943 4667
f 4996 4999 4547
f 4547 4999 4567
f 4948 4946 4620
f 4620 4946 4615
f 5003 5002 4591
f 4591 5002 4592
f 6557 4971 6554
f 6554 4971 4926
f 6532 6560 6539
f 6539 6560 6559
f 6390 6372 4374
f 4374 6372 6371
f 4966 6298 4967
f 4967 6298 6297
f 6538 6526 6369
f 6369 6526 6370
f 6585 6589 4621
f 4621 6589 4619
f 6597 6578 6598
f 6598 6578 6577
f 6606 6583 6607
f 6607 6583 6603
f 6611 6602 6598
f 6598 6602 6596
f 6585 6584 6606
f 6606 6584 6583
f 6597 6580 5004
f 5004 6580 4611
f 6607 6603 6730
f 6730 6603 6732
f 6776 6785 6777
f 6777 6785 6784
f 6785 6776 6792
f 6792 6776 6782
f 6815 6814 6812
f 6812 6814 6813
f 6817 6814 6795
f 6795 6814 6796
f 6825 6784 6827
f 6827 6784 6783
f 6830 6815 6832
f 6832 6815 6812
f 6817 6795 6835
f 6835 6795 6837
f 6792 6782 6730
f 6730 6782 6728
f 6858 6825 6860
f 6860 6825 6827
f 6863 6830 6857
f 6857 6830 6832
f 6864 6863 6856
f 6856 6863 6857
f 6866 6858 6867
f 6867 6858 6860
f 6866 6864 6855
f 6855 6864 6856
f 6835 6837 6611
f 6611 6837 6602
f 6560 6528 6559
f 6559 6528 6527
f 4949 6557 4710
f 4710 6557 6554
f 4430 4090 4175
f 4175 4090 4089
f 4777 4113 4155
f 4155 4113 4086
f 4175 4089 4176
f 4176 4089 4142
f 4199 4271 4200
f 4200 4271 4798
f 4199 4095 4272
f 4272 4095 5273
f 4406 4405 4404
f 4404 4405 4346
f 4410 4409 6877
f 6877 4409 6876
f 4409 4413 6876
f 6876 4413 6307
f 4415 4148 4416
f 4416 4148 4147
f 4690 4405 4344
f 4344 4405 4342
f 4693 4692 4352
f 4352 4692 4349
f 4701 4700 6337
f 6337 4700 6338
f 4778 4777 4081
f 4081 4777 4155
f 4821 4406 4809
f 4809 4406 4404
f 4176 4142 4181
f 4181 4142 4415
f 4760 4970 4399
f 4399 4970 4692
f 4200 5007 4096
f 4096 5007 4078
f 5266 4693 5269
f 5269 4693 4352
f 5270 5007 5361
f 5361 5007 4797
f 4778 5270 4779
f 4779 5270 5361
f 6285 4410 6875
f 6875 4410 6877
f 6308 4413 4687
f 4687 4413 4412
f 6480 6320 6481
f 6481 6320 6880
f 4701 2878 4702
f 4702 2878 3472
f 6339 6347 6340
f 6340 6347 6348
f 6341 6342 6346
f 6346 6342 6345
f 4416 6308 4414
f 4414 6308 4687
f 6385 4690 6381
f 6381 4690 4344
f 5282 6341 5280
f 5280 6341 6339
f 4700 6342 6338
f 6338 6342 5281
f 6340 6348 4272
f 4272 6348 4270
f 6480 6479 4828
f 4828 6479 4829
f 6490 6479 6489
f 6489 6479 6478
f 4090 4430 6490
f 6490 4430 4429
f 6563 6564 4970
f 4970 6564 4815
f 4694 6566 4366
f 4366 6566 6563
f 6572 6385 6568
f 6568 6385 6381
f 4821 6285 4822
f 4822 6285 6875
f 6572 5266 6569
f 6569 5266 5269
f 3482 3103 4369
f 4369 3103 4370
f 3121 4730 3485
f 3485 4730 4327
f 6277 6280 6273
f 6273 6280 6272
f 6267 6276 6278
f 6278 6276 6279
f 6278 6279 6277
f 6277 6279 6280
f 6279 6256 6280
f 6280 6256 6255
f 6256 3857 6255
f 6255 3857 3754
f 3857 3856 3754
f 3754 3856 3755
f 3856 3703 3755
f 3755 3703 3863
f 3703 3702 3863
f 3863 3702 3759
f 3702 3706 3759
f 3759 3706 3670
f 3706 3705 3670
f 3670 3705 3668
f 3705 3773 3668
f 3668 3773 3882
f 3882 3773 3883
f 3883 3773 3707
f 3707 3708 3883
f 3883 3708 3880
f 3708 3710 3880
f 3880 3710 3881
f 3709 5241 3710
f 3710 5241 3881
f 5241 3709 5234
f 5234 3709 3786
f 3693 3712 3786
f 3786 3712 5234
f 4051 4055 4052
f 4052 4055 4056
f 4056 4055 4057
f 4057 4055 4054
f 4066 5238 5236
f 5236 5238 3989
f 4066 4069 5238
f 5238 4069 4035
f 6881 3962 3960
f 3960 3962 3957
f 6883 4070 6882
f 6882 4070 3941
f 4070 6883 4071
f 4071 6883 6884
f 4071 6884 4072
f 4072 6884 6885
f 6885 6886 4072
f 4072 6886 4031
f 3955 6881 3956
f 3956 6881 3960
f 6884 3991 6885
f 6885 3991 3990
f 6883 6887 6884
f 6884 6887 3991
f 6887 6888 3991
f 3991 6888 3992
f 6888 6887 6889
f 6889 6887 6890
f 6887 6883 6890
f 6890 6883 6882
f 4058 5240 3953
f 3953 5240 3954
f 5236 6888 5239
f 5239 6888 6889
f 5237 6886 3990
f 3990 6886 6885
f 4034 4031 5237
f 5237 4031 6886
f 6881 6882 3962
f 3962 6882 3941
f 6881 3955 6882
f 6882 3955 6890
f 3955 3954 6890
f 6890 3954 6889
f 5239 6889 5240
f 5240 6889 3954
f 6888 5236 3992
f 3992 5236 3989
f 3869 3868 3888
f 3888 3868 4015
f 3868 4012 4015
f 4015 4012 4010
f 4012 4022 4010
f 4010 4022 4009
f 4022 4021 4009
f 4009 4021 4018
f 4020 3974 4001
f 4001 3974 3996
f 4021 4020 4029
f 4029 4020 4001
f 4085 4156 4086
f 4086 4156 4155
f 4113 4777 4114
f 4114 4777 4776
f 4130 4129 4094
f 4094 4129 4091
f 4139 4773 4140
f 4140 4773 4772
f 4149 4178 4150
f 4150 4178 5225
f 4160 4159 4087
f 4087 4159 4088
f 4149 4148 4179
f 4179 4148 4141
f 4085 4084 4183
f 4183 4084 6315
f 4179 4141 4159
f 4159 4141 4088
f 4192 4130 4162
f 4162 4130 4094
f 4197 5288 4198
f 4198 5288 5287
f 4229 4766 4230
f 4230 4766 4771
f 4245 4246 4242
f 4242 4246 4249
f 4183 6315 4418
f 4418 6315 6314
f 4679 4178 4680
f 4680 4178 4177
f 4724 4798 4725
f 4725 4798 4271
f 4728 5275 4729
f 4729 5275 5274
f 4230 4771 4249
f 4249 4771 4242
f 4724 4723 4799
f 4799 4723 5355
f 4823 4824 4891
f 4891 4824 6327
f 4823 4192 4161
f 4161 4192 4162
f 4893 4767 4229
f 4229 4767 4766
f 4894 4895 4898
f 4898 4895 4899
f 4106 4150 4103
f 4103 4150 5225
f 4680 4894 4677
f 4677 4894 4898
f 6420 4977 5301
f 5301 4977 4976
f 4679 4678 5226
f 5226 4678 4427
f 5228 5008 4893
f 4893 5008 4767
f 5285 6354 5286
f 5286 6354 5343
f 5289 5352 5290
f 5290 5352 5349
f 5290 5349 5295
f 5295 5349 5348
f 5302 5299 4202
f 4202 5299 4976
f 4725 4271 5311
f 5311 4271 4270
f 5325 4723 5326
f 5326 4723 4722
f 5335 5355 5325
f 5325 5355 4723
f 5326 4722 5286
f 5286 4722 5283
f 4799 5357 4797
f 4797 5357 5361
f 5359 5356 5335
f 5335 5356 5355
f 4775 4774 5356
f 5356 4774 5357
f 5359 5358 4092
f 4092 5358 4093
f 6316 4740 6317
f 6317 4740 4739
f 6318 4827 6316
f 6316 4827 4740
f 6319 4828 6318
f 6318 4828 4827
f 6320 6480 6319
f 6319 6480 4828
f 6484 6322 6485
f 6485 6322 6321
f 6487 6324 6331
f 6331 6324 6323
f 6331 6323 6330
f 6330 6323 6325
f 6325 6326 6330
f 6330 6326 6329
f 6326 6328 6329
f 6329 6328 5231
f 4824 4685 5228
f 5228 4685 5008
f 5226 6343 5225
f 5225 6343 4103
f 4728 4727 6349
f 6349 4727 5284
f 6350 6351 5285
f 5285 6351 6354
f 4247 4246 6418
f 6418 4246 6365
f 6400 6402 6401
f 6401 6402 6459
f 4197 4196 6409
f 6409 4196 6426
f 6412 4897 6328
f 6328 4897 5231
f 6413 4133 6412
f 6412 4133 4897
f 6414 4134 6413
f 6413 4134 4133
f 6415 4225 6414
f 6414 4225 4134
f 6416 4252 6415
f 6415 4252 4225
f 6417 4253 6416
f 6416 4253 4252
f 4253 6417 6366
f 6366 6417 6419
f 6366 6419 4911
f 4911 6419 6421
f 6422 6423 4908
f 4908 6423 5298
f 5298 6423 6396
f 6396 6423 6424
f 6409 6426 6425
f 6425 6426 6397
f 5300 5299 6399
f 6399 5299 6400
f 6465 6408 6401
f 6401 6408 6398
f 6424 6399 6425
f 6425 6399 6398
f 6349 5284 5311
f 5311 5284 5283
f 6465 6464 5289
f 5289 6464 5352
f 6488 6483 6492
f 6492 6483 6482
f 6486 6491 6482
f 6482 6491 6492
f 6491 4895 6492
f 6492 4895 4157
f 6488 4160 6489
f 6489 4160 4087
f 6501 6502 4418
f 4418 6502 4417
f 6504 6500 6317
f 6317 6500 6314
f 3497 3496 6501
f 6501 3496 6502
f 3499 3498 6504
f 6504 3498 6500
f 4729 5274 4198
f 4198 5274 4195
f 6418 6365 6420
f 6420 6365 4977
f 5295 5348 6350
f 6350 5348 6351
f 5301 6422 6420
f 6420 6422 6421
f 4113 4112 4086
f 4086 4112 4083
f 6320 4112 6880
f 6880 4112 4111
f 4091 4772 4092
f 4092 4772 4775
f 4129 4140 4091
f 4091 4140 4772
f 4137 4140 4128
f 4128 4140 4129
f 4128 6324 4137
f 4137 6324 6321
f 6324 6487 6321
f 6321 6487 6485
f 6487 6486 6485
f 6485 6486 6482
f 4774 4773 4779
f 4779 4773 4776
f 4773 4139 4776
f 4776 4139 4114
f 4139 4138 4114
f 4114 4138 4111
f 4138 6322 4111
f 4111 6322 6880
f 6322 6484 6880
f 6880 6484 6481
f 6484 6483 6481
f 6481 6483 6478
f 6879 6343 6309
f 6309 6343 4428
f 4106 4105 4900
f 4900 4105 6307
f 3500 3167 6495
f 6495 3167 6496
f 3500 6495 3070
f 3070 6495 5368
f 3502 5235 3501
f 3501 5235 4813
f 3024 3503 6473
f 6473 3503 6474
f 3503 3023 6474
f 6474 3023 6374
f 3504 1770 4348
f 4348 1770 4345
f 3502 3505 5235
f 5235 3505 4810
f 3498 3497 6500
f 6500 3497 6501
f 3496 3075 6502
f 6502 3075 6275
f 6299 4254 3174
f 3174 4254 3017
f 1769 3501 4814
f 4814 3501 4813
f 3506 3018 6476
f 6476 3018 4257
f 3507 3499 6499
f 6499 3499 6504
f 3030 4216 3483
f 3483 4216 4215
f 3077 3507 6333
f 6333 3507 6499
f 1784 3160 5249
f 5249 3160 6523
f 3015 3506 4240
f 4240 3506 6476
f 3508 3504 6383
f 6383 3504 4348
f 3509 3016 6477
f 6477 3016 4239
f 3028 3509 6467
f 6467 3509 6477
f 3022 1785 5246
f 5246 1785 5247
f 3161 3508 6570
f 6570 3508 6383
f 3150 3149 4694
f 4694 3149 6566
f 1327 4807 3510
f 3510 4807 4811
f 3510 4811 3505
f 3505 4811 4810
f 3146 3511 4816
f 4816 3511 4350
f 3511 1808 4350
f 4350 1808 4351
f 3485 4327 3159
f 3159 4327 4330
f 1326 3512 4806
f 4806 3512 6310
f 3512 1331 6310
f 6310 1331 4688

