# https://github.com/mikedh/trimesh
v -1.69403410 1.81504023 -1.87625945
v -1.70464075 1.80649829 -1.88532209
v -1.70083129 1.79759359 -1.87470961
v -1.68897378 1.80181491 -1.86610043
v -1.70946383 1.79266548 -1.88058221
v -1.71254587 1.79867971 -1.89054763
v -1.69655299 1.78679013 -1.86830080
v -1.68434060 1.78826189 -1.86112869
v -1.70439279 1.75032210 -1.86741889
v -1.69863832 1.74142385 -1.86374879
v -1.69436705 1.75198674 -1.86259425
v -1.70070100 1.75797451 -1.86766946
v -1.71279442 1.72604227 -1.87343585
v -1.72316909 1.72284615 -1.88159549
v -1.71886313 1.71011257 -1.88095975
v -1.70790803 1.71300817 -1.87397838
v -1.73216379 1.74928808 -1.91108835
v -1.73470747 1.74245024 -1.90716004
v -1.73152268 1.74742961 -1.90217066
v -1.72882092 1.75357914 -1.90700555
v -1.73206174 1.76116061 -1.91864967
v -1.72674108 1.76451349 -1.91640520
v -1.72877002 1.77072501 -1.92066121
v -1.73535132 1.76715779 -1.92243564
v -1.73392880 1.74512744 -1.91711688
v -1.73597848 1.73785472 -1.91291952
v -1.73055208 1.75546825 -1.91452456
v -1.73402572 1.75212312 -1.91769814
v -1.74520707 1.75154924 -1.92277801
v -1.74210072 1.75493824 -1.92054081
v -1.74704528 1.75965130 -1.92402184
v -1.74871743 1.75439572 -1.92595112
v -1.73788142 1.74654925 -1.91920900
v -1.73911643 1.75028324 -1.91875052
v -1.74245465 1.74822831 -1.92179155
v -1.74036849 1.74503493 -1.92300415
v -1.73621345 1.75851750 -1.92064214
v -1.74111342 1.76384497 -1.92356503
v -1.74591386 1.76873326 -1.92756951
v -1.75258899 1.76287293 -1.92848229
v -1.73604262 1.72633672 -1.89928937
v -1.73620546 1.73513794 -1.90269411
v -1.73765624 1.73119438 -1.90871942
v -1.73787570 1.72444832 -1.90526235
v -1.73850811 1.74084353 -1.92215884
v -1.74486411 1.72661030 -1.92186248
v -1.74360442 1.72990966 -1.92098033
v -1.74555540 1.73319983 -1.92679751
v -1.74674714 1.73000932 -1.92699862
v -1.73458993 1.70902228 -1.89710951
v -1.73761618 1.71063256 -1.90315342
v -1.73806572 1.70343423 -1.90387428
v -1.73480046 1.69985557 -1.89856374
v -1.73937583 1.69779575 -1.90703750
v -1.73495030 1.69111133 -1.90121162
v -1.73882556 1.67944622 -1.91171932
v -1.73716688 1.68432200 -1.90643728
v -1.74144781 1.69334412 -1.91143525
v -1.74547040 1.69066906 -1.91718912
v -1.74922121 1.70101976 -1.92758107
v -1.75142145 1.70178401 -1.93326366
v -1.75453806 1.68902922 -1.93123198
v -1.75096059 1.68930006 -1.92454779
v -1.74374354 1.72005916 -1.92253327
v -1.74166226 1.71839082 -1.91884112
v -1.74313164 1.72070920 -1.91840911
v -1.74509060 1.72371173 -1.92210627
v -1.74015105 1.71698046 -1.91576481
v -1.73982882 1.71621692 -1.91433728
v -1.74051178 1.71786034 -1.91425300
v -1.74050653 1.71809506 -1.91554892
v -1.74098694 1.71829677 -1.91739380
v -1.74200332 1.71698403 -1.91858423
v -1.74080348 1.71665561 -1.91669607
v -1.74430752 1.71802258 -1.92204428
v -1.75031483 1.72037590 -1.93481493
v -1.74938655 1.72017550 -1.93084168
v -1.74701881 1.72369123 -1.93131101
v -1.74749708 1.72405148 -1.93477225
v -1.74118948 1.72019851 -1.91557789
v -1.74045873 1.72119999 -1.91293836
v -1.74193883 1.72561860 -1.91592431
v -1.74250174 1.72307301 -1.91745460
v -1.73996425 1.72273493 -1.91000390
v -1.73968625 1.71832907 -1.91203415
v -1.73914862 1.71786809 -1.90926397
v -1.74024272 1.71482205 -1.91517115
v -1.73977697 1.71233511 -1.91304862
v -1.73986065 1.71499586 -1.91203892
v -1.74115634 1.71005559 -1.91533816
v -1.74177718 1.71404839 -1.91756630
v -1.74441040 1.71421027 -1.92112041
v -1.74755037 1.71494901 -1.92578459
v -1.74692142 1.70907211 -1.92420685
v -1.74397147 1.70899308 -1.91912878
v -1.74002516 1.72798038 -1.91346264
v -1.73877847 1.71303892 -1.90827847
v -1.73718894 1.71813893 -1.90372312
v -1.73939776 1.70839262 -1.90925157
v -1.74069250 1.70461988 -1.91188133
v -1.74311650 1.70172024 -1.91633141
v -1.74627829 1.70118642 -1.92168379
v -1.74797773 1.67554116 -1.92958915
v -1.74444413 1.67666948 -1.92101979
v -1.71421301 1.79113913 -1.89297616
v -1.71350706 1.78780067 -1.88481236
v -1.71362972 1.77867341 -1.88471901
v -1.71247232 1.78101861 -1.88238192
v -1.71368921 1.78378606 -1.88778746
v -1.71453297 1.78124738 -1.88851011
v -1.70449126 1.76369214 -1.87281001
v -1.70778859 1.76803589 -1.87682414
v -1.70779502 1.76391339 -1.87744939
v -1.70655203 1.75727284 -1.87268329
v -1.71596050 1.76151752 -1.88632834
v -1.71307623 1.76049590 -1.88195801
v -1.71230114 1.76831210 -1.88411534
v -1.71441197 1.76904750 -1.88734174
v -1.71616304 1.77016175 -1.89101708
v -1.71662986 1.77098131 -1.89531517
v -1.71852958 1.76616120 -1.89615452
v -1.71792388 1.76393580 -1.89125645
v -1.71352088 1.78642368 -1.89381289
v -1.71296155 1.78625631 -1.90116930
v -1.71385455 1.78333306 -1.90016806
v -1.71482599 1.78344822 -1.89393675
v -1.71124315 1.77619076 -1.91094804
v -1.71132755 1.77870369 -1.90934718
v -1.71177030 1.78102601 -1.91242170
v -1.71258748 1.77678823 -1.91413593
v -1.71390414 1.77390051 -1.91258502
v -1.71226716 1.77476811 -1.91004968
v -1.68005836 1.83451962 -1.88096344
v -1.69742191 1.82437444 -1.88951743
v -1.67541981 1.82024145 -1.86663353
v -1.67292988 1.80495167 -1.85791326
v -1.67072630 1.78767133 -1.85415018
v -1.72814178 1.70876265 -1.88936412
v -1.72661448 1.69777513 -1.88969314
v -1.71475625 1.69776034 -1.88077927
v -1.71414602 1.68678308 -1.88452601
v -1.72686338 1.68664539 -1.89314294
v -1.72769737 1.67058110 -1.90870464
v -1.72765648 1.67701054 -1.89959407
v -1.71187663 1.67635465 -1.89118040
v -1.69537008 1.68091321 -1.88145375
v -1.70014155 1.68959439 -1.87753117
v -1.67934394 1.68872452 -1.87433910
v -1.68631291 1.67164803 -1.88798237
v -1.67257321 1.68518329 -1.87682664
v -1.69293356 1.64026427 -1.90682769
v -1.69077301 1.62726319 -1.90482140
v -1.68212569 1.63002396 -1.89126539
v -1.68390810 1.64200830 -1.89236104
v -1.70348525 1.70058155 -1.87458324
v -1.68246663 1.75855088 -1.85813761
v -1.69162798 1.76354599 -1.86347055
v -1.68574417 1.74488068 -1.85928631
v -1.63801563 1.80051816 -1.84252667
v -1.65560400 1.80570698 -1.85051131
v -1.65726936 1.78730392 -1.84599721
v -1.64129484 1.78455174 -1.84013188
v -1.62515521 1.83751965 -1.86358237
v -1.65305984 1.83879888 -1.87030554
v -1.65432012 1.82360160 -1.86017799
v -1.63137853 1.82177591 -1.85236573
v -1.62920976 1.77886307 -1.83707070
v -1.61249173 1.77025509 -1.83536494
v -1.59782863 1.77953029 -1.83704889
v -1.61622858 1.79323435 -1.83999431
v -1.58161211 1.79411578 -1.84528029
v -1.60387135 1.81057429 -1.84748256
v -1.66833913 1.67148542 -1.87838113
v -1.66009581 1.68495798 -1.87471735
v -1.68599808 1.65660024 -1.89366531
v -1.67279720 1.65769482 -1.88175404
v -1.56958413 1.80573678 -1.86013329
v -1.59403157 1.82569611 -1.86090708
v -1.58075750 1.72946763 -1.84822500
v -1.57878554 1.74788189 -1.84316254
v -1.59967446 1.74423349 -1.83942711
v -1.59823954 1.72803438 -1.84447992
v -1.56163037 1.73206663 -1.85656905
v -1.55909860 1.75294697 -1.85160935
v -1.60559189 1.68680847 -1.86897731
v -1.61816883 1.67828822 -1.87741530
v -1.60472465 1.67532420 -1.88349211
v -1.59034908 1.68330050 -1.87601709
v -1.70555532 1.78567147 -1.87371624
v -1.71137846 1.78272593 -1.87864029
v -1.70831931 1.77685523 -1.87484491
v -1.70215797 1.77739620 -1.86993682
v -1.69273806 1.77558279 -1.86497736
v -1.68172133 1.77352178 -1.85913205
v -1.65799677 1.77182555 -1.84700406
v -1.64370883 1.77113175 -1.84109437
v -1.62201893 1.75975633 -1.83680725
v -1.63439810 1.76621890 -1.83861160
v -1.61363971 1.73698902 -1.84103751
v -1.61267400 1.72689462 -1.84443998
v -1.64382505 1.68656468 -1.87046051
v -1.65181828 1.67131603 -1.87734056
v -1.63890374 1.67039442 -1.88206041
v -1.62993550 1.68224001 -1.87350273
v -1.61607826 1.66470778 -1.89032400
v -1.62749255 1.66817534 -1.88608325
v -1.65900934 1.64387727 -1.88288546
v -1.65649879 1.63140810 -1.88255024
v -1.64273930 1.63319957 -1.88393712
v -1.64592183 1.64370728 -1.88584065
v -1.63011611 1.63276196 -1.88758969
v -1.62045538 1.63302922 -1.89510274
v -1.62291408 1.64367282 -1.89628839
v -1.63271558 1.64491177 -1.89037704
v -1.70291376 1.62379313 -1.92786539
v -1.69843554 1.61252546 -1.92791259
v -1.69371116 1.61405540 -1.91623044
v -1.69673014 1.62523377 -1.91809285
v -1.65215063 1.62184429 -1.88021016
v -1.63827920 1.62623656 -1.87984216
v -1.62049544 1.69184852 -1.86404276
v -1.63048029 1.69687057 -1.86192775
v -1.62539887 1.62588811 -1.88300312
v -1.63328230 1.65586782 -1.88968849
v -1.64554024 1.65654409 -1.88513279
v -1.60638964 1.66349089 -1.89846158
v -1.59432006 1.67339158 -1.89311576
v -1.72679949 1.75848591 -1.91199327
v -1.71671581 1.76993084 -1.90563083
v -1.71497881 1.77333736 -1.90402782
v -1.71362650 1.77398086 -1.90773046
v -1.71528578 1.77165091 -1.90963399
v -1.70974207 1.81479740 -1.91127288
v -1.71735716 1.79944587 -1.91529167
v -1.71542144 1.80120921 -1.90204644
v -1.70749462 1.81256115 -1.89803541
v -1.72654724 1.73792028 -1.88389707
v -1.72843540 1.74678159 -1.89235091
v -1.73330212 1.74007249 -1.89697027
v -1.73266637 1.73053789 -1.89249635
v -1.70973194 1.77049017 -1.87955153
v -1.70910537 1.77269602 -1.87726152
v -1.71111727 1.77315116 -1.88039863
v -1.73533595 1.71821260 -1.89797413
v -1.73053777 1.71983600 -1.89014602
v -1.69097245 1.73127472 -1.86263585
v -1.70003033 1.76780295 -1.86846292
v -1.62016451 1.85069156 -1.88280463
v -1.65342724 1.85139537 -1.88876414
v -1.56133151 1.81721926 -1.87742615
v -1.58754623 1.83726645 -1.87871265
v -1.54349077 1.75713050 -1.86572492
v -1.54432344 1.73539495 -1.87095761
v -1.53299618 1.73693371 -1.88402033
v -1.53361952 1.76637876 -1.88180673
v -1.57935941 1.68106747 -1.88666725
v -1.61298776 1.63200521 -1.90312493
v -1.61481261 1.64329696 -1.90399981
v -1.67992365 1.84166145 -1.89620984
v -1.69823229 1.82988191 -1.90319562
v -1.66903448 1.77180219 -1.85225868
v -1.71080112 1.74301362 -1.87020767
v -1.71162105 1.75222862 -1.87384486
v -1.71664000 1.75104654 -1.87681901
v -1.71712363 1.73930871 -1.87417996
v -1.70598984 1.73200774 -1.86845028
v -1.69740188 1.72024322 -1.86820710
v -1.68766117 1.70784807 -1.86779404
v -1.68436050 1.69554818 -1.87114811
v -1.60110795 1.75901318 -1.83589458
v -1.58074474 1.76544201 -1.83971715
v -1.56502378 1.77460611 -1.84763539
v -1.55254579 1.78245783 -1.86241233
v -1.61127734 1.75163007 -1.83728087
v -1.54487109 1.79130328 -1.87990534
v -1.74329209 1.73730564 -1.92638826
v -1.74020374 1.73439693 -1.91934359
v -1.74208617 1.74109960 -1.92710471
v -1.74995911 1.71545768 -1.93047321
v -1.75116599 1.71602011 -1.93454421
v -1.75028551 1.70985532 -1.93431985
v -1.74910581 1.70936394 -1.92950463
v -1.73343706 1.66655195 -1.92822409
v -1.73002529 1.66774344 -1.91869962
v -1.70750880 1.63536608 -1.92722726
v -1.70112288 1.63704765 -1.91838217
v -1.74376762 1.75009990 -1.92651439
v -1.74369895 1.75066781 -1.92795575
v -1.74197936 1.74875712 -1.92808735
v -1.74203193 1.74857664 -1.92617607
v -1.74167657 1.71911645 -1.91695178
v -1.74801314 1.73139834 -1.93173742
v -1.74821281 1.73185396 -1.93464959
v -1.74820626 1.72800958 -1.93482530
v -1.74816751 1.72748768 -1.93177843
v -1.70747662 1.66537237 -1.90296352
v -1.69792759 1.65375280 -1.90663469
v -1.67094088 1.62920952 -1.88475466
v -1.67277718 1.64287663 -1.88373995
v -1.65760088 1.65784729 -1.88045549
v -1.62154901 1.65546846 -1.89401782
v -1.61268818 1.65259361 -1.90165150
v -1.60183585 1.65401411 -1.92242944
v -1.59338939 1.66388822 -1.92211962
v -1.59773278 1.66255975 -1.90940893
v -1.60564625 1.65387225 -1.91210079
v -1.71578205 1.65921211 -1.91732419
v -1.72039199 1.65834832 -1.92676544
v -1.71230066 1.64848232 -1.92669988
v -1.70678723 1.64981961 -1.91803956
v -1.74494827 1.74838233 -1.93199492
v -1.74648774 1.74837303 -1.93363190
v -1.74447536 1.74532247 -1.93315828
v -1.74357355 1.74657989 -1.93104136
v -1.74107873 1.74626136 -1.92551327
v -1.74121737 1.74543619 -1.92784333
v -1.74160600 1.74371433 -1.92766535
v -1.74464738 1.75003481 -1.92532539
v -1.74256790 1.74790239 -1.92474115
v -1.74812865 1.75298536 -1.93002403
v -1.74692786 1.75212908 -1.92726970
v -1.75264764 1.75511456 -1.93048489
v -1.74351442 1.74874830 -1.93018126
v -1.74240136 1.74704242 -1.92963541
v -1.74104965 1.74735653 -1.92647135
v -1.74104345 1.74722922 -1.92809093
v -1.74612129 1.75241756 -1.92943323
v -1.74524975 1.75149393 -1.92768800
v -1.73880184 1.77267289 -1.92619324
v -1.73973024 1.77501154 -1.93194735
v -1.74707139 1.77067304 -1.93376243
v -1.75414491 1.76486921 -1.93570971
v -1.75464022 1.75673306 -1.93678641
v -1.71467102 1.64711404 -1.93376684
v -1.70986962 1.63443840 -1.93474293
v -1.69800091 1.83217096 -1.92042649
v -1.70945883 1.81526709 -1.92408979
v -1.74038744 1.71744275 -1.91645515
v -1.71436608 1.79105258 -1.90167749
v -1.72131300 1.75217402 -1.88329089
v -1.72444987 1.75798512 -1.90462303
v -1.72670734 1.75361419 -1.89871764
v -1.72213948 1.75985479 -1.89744020
v -1.72079909 1.76320171 -1.90276802
v -1.71476710 1.79000282 -1.91089797
v -1.71971762 1.78953767 -1.92047572
v -1.71492219 1.78481817 -1.91640091
v -1.71635425 1.77848279 -1.91834629
v -1.72338998 1.78114963 -1.92209899
v -1.72248709 1.77267921 -1.91897595
v -1.71694374 1.77280104 -1.91643178
v -1.71242738 1.77619457 -1.88209903
v -1.71087456 1.77650666 -1.87959695
v -1.72181845 1.76679444 -1.91460025
v -1.72263575 1.76207995 -1.90988946
v -1.71923387 1.76591671 -1.90780687
v -1.71777046 1.76888931 -1.91244364
v -1.72263730 1.75559747 -1.89119291
v -1.70589459 1.77043724 -1.87334692
v -1.71005845 1.76132011 -1.87899280
v -1.63611805 1.70385814 -1.85935616
v -1.64581263 1.69649804 -1.86477149
v -1.66717947 1.69344294 -1.86247337
v -1.67058623 1.69181848 -1.86619174
v -1.66543949 1.69409132 -1.87043762
v -1.66173923 1.69383264 -1.86387968
v -1.63430738 1.73327327 -1.84410024
v -1.62848592 1.73866653 -1.84203470
v -1.63415253 1.74199438 -1.84313238
v -1.63611507 1.73473883 -1.84471476
v -1.64031172 1.74035311 -1.84473598
v -1.64154196 1.74445605 -1.84434545
v -1.64521766 1.73778260 -1.84687674
v -1.64232278 1.73633027 -1.84607267
v -1.63851893 1.75432396 -1.84169996
v -1.64763999 1.75697660 -1.84470177
v -1.64902568 1.74497628 -1.84732509
v -1.67012525 1.75240886 -1.85439956
v -1.66289556 1.73753762 -1.85457039
v -1.65567338 1.74202704 -1.85081053
v -1.65788698 1.75631678 -1.85010219
v -1.67243659 1.69766176 -1.86567211
v -1.67301977 1.70621765 -1.86446977
v -1.65627682 1.69379830 -1.86971605
v -1.52604496 1.75169706 -1.90025377
v -1.53015494 1.77923942 -1.89873028
v -1.58502674 1.71307564 -1.85432136
v -1.56842649 1.71254539 -1.86252916
v -1.60226536 1.71451402 -1.85061991
v -1.61656880 1.71588778 -1.84869432
v -1.55302107 1.71616375 -1.87224245
v -1.54303741 1.71323740 -1.88420594
v -1.67675328 1.73590374 -1.85697842
v -1.66784286 1.72685742 -1.85855687
v -1.59423494 1.69932461 -1.86196935
v -1.57870030 1.69771838 -1.86940312
v -1.60970247 1.70165014 -1.85687041
v -1.62201953 1.70584869 -1.85467637
v -1.56241333 1.69950414 -1.87925935
v -1.57021034 1.68170261 -1.90060830
v -1.55513275 1.69606352 -1.89648128
v -1.66217732 1.70349526 -1.86001217
v -1.66665423 1.70401907 -1.86224854
v -1.66776109 1.69759297 -1.86335754
v -1.66573226 1.69841313 -1.85966134
v -1.68118858 1.72281885 -1.86193609
v -1.67067444 1.71644032 -1.86090696
v -1.73186862 1.77673578 -1.92423761
v -1.72548330 1.78465486 -1.92860973
v -1.73272645 1.77961564 -1.93018055
v -1.71986985 1.79162288 -1.92741382
v -1.58929181 1.84690785 -1.90053380
v -1.61781704 1.85694098 -1.90456319
v -1.54392803 1.80595982 -1.89839971
v -1.56420338 1.82852983 -1.89863408
v -1.75247824 1.70165789 -1.93856239
v -1.75618112 1.68950617 -1.93763340
v -1.74510884 1.73842669 -1.93128705
v -1.74545205 1.73841190 -1.93413889
v -1.74692845 1.73505807 -1.93440366
v -1.74657238 1.73490930 -1.93148446
v -1.71200502 1.78443551 -1.90782452
v -1.58608878 1.67341566 -1.90597498
v -1.60926020 1.64309645 -1.91341352
v -1.60769606 1.63176990 -1.91292059
v -1.61486816 1.62435973 -1.89005065
v -1.60760975 1.62265897 -1.89933443
v -1.74448454 1.74194419 -1.93382001
v -1.74380887 1.74178529 -1.93116856
v -1.74483979 1.75129032 -1.93008113
v -1.74722457 1.72660339 -1.92689323
v -1.74300289 1.74436319 -1.93073797
v -1.74245775 1.74595690 -1.92967284
v -1.74480999 1.74544883 -1.93522346
v -1.74443555 1.74192584 -1.93531096
v -1.71807539 1.76823473 -1.90101564
v -1.71602559 1.77290678 -1.89939404
v -1.74959266 1.75139785 -1.93301225
v -1.74693859 1.75125825 -1.93176842
v -1.74987090 1.75125241 -1.93650365
v -1.68857598 1.61505711 -1.90200603
v -1.67918015 1.61714923 -1.89017808
v -1.74809420 1.73198080 -1.93658340
v -1.74830163 1.72809875 -1.93690372
v -1.65221846 1.85726023 -1.91024113
v -1.56842411 1.67908359 -1.91745389
v -1.55393291 1.69304967 -1.91382027
v -1.65846789 1.72822821 -1.85477149
v -1.65601814 1.72294509 -1.85396564
v -1.65149581 1.72840607 -1.85119450
v -1.65420520 1.73374617 -1.85249400
v -1.70574760 1.62296724 -1.93575132
v -1.66593194 1.61852741 -1.88344467
v -1.60157776 1.62122989 -1.91033173
v -1.70970738 1.76881266 -1.88007843
v -1.71060371 1.76799679 -1.88173032
v -1.71221340 1.78148723 -1.90555155
v -1.53762245 1.71614528 -1.90896535
v -1.74745440 1.71882057 -1.92662036
v -1.74591029 1.72193956 -1.92736077
v -1.60655415 1.64408016 -1.92352998
v -1.72279012 1.65709293 -1.93451381
v -1.74717903 1.74855900 -1.93517733
v -1.58311749 1.67342412 -1.91992974
v -1.64226127 1.73043013 -1.84688783
v -1.64596653 1.72980905 -1.84649873
v -1.64695001 1.72695076 -1.84753680
v -1.64533734 1.72706628 -1.84853554
v -1.64899302 1.73380864 -1.84525537
v -1.64833629 1.73016524 -1.84500706
v -1.64673388 1.73222542 -1.84249675
v -1.64661753 1.73551106 -1.84293997
v -1.64998078 1.73637211 -1.84928548
v -1.65066969 1.73109806 -1.84814155
v -1.64478672 1.73234296 -1.84095061
v -1.64508903 1.73511839 -1.84042406
v -1.64293504 1.73656976 -1.84240544
v -1.63905776 1.73563981 -1.84518743
v -1.64171362 1.73433495 -1.83775687
v -1.63885617 1.73600411 -1.84045255
v -1.63772500 1.73201084 -1.83495057
v -1.63440955 1.73382068 -1.83865285
v -1.63414395 1.72716022 -1.83332372
v -1.63126123 1.72838950 -1.83827639
v -1.66476667 1.71117878 -1.85976446
v -1.65892029 1.70903039 -1.85796702
v -1.63362229 1.72120142 -1.83348620
v -1.63111734 1.72161579 -1.83976138
v -1.63382554 1.71441913 -1.83533931
v -1.63122356 1.71451008 -1.84076202
v -1.63623405 1.70818377 -1.83814752
v -1.63402724 1.70756555 -1.84243023
v -1.63998556 1.70245504 -1.84103727
v -1.63819504 1.70104575 -1.84548652
v -1.64528120 1.69764042 -1.84488559
v -1.64435625 1.69472671 -1.84988487
v -1.63708818 1.73003173 -1.83837366
v -1.63502574 1.72583556 -1.83739340
v -1.63435209 1.72944093 -1.84689677
v -1.64095318 1.73280096 -1.83951533
v -1.64245200 1.71997523 -1.84865534
v -1.64032888 1.72278547 -1.84999859
v -1.64125991 1.72186923 -1.85001957
v -1.63990712 1.71951163 -1.85047030
v -1.65828621 1.71626389 -1.85600746
v -1.65522754 1.71481264 -1.85409570
v -1.65405631 1.72021914 -1.85298073
v -1.65579391 1.71082687 -1.85596371
v -1.65426850 1.71194589 -1.85643697
v -1.65342057 1.71557689 -1.85619533
v -1.65215099 1.71950173 -1.85622835
v -1.65309381 1.70981431 -1.85590291
v -1.65422511 1.70747387 -1.85568833
v -1.65223145 1.71054316 -1.85717952
v -1.65295196 1.71183395 -1.85756397
v -1.65138292 1.71400452 -1.85798419
v -1.64815724 1.71619153 -1.85647690
v -1.66248512 1.72027504 -1.85724759
v -1.64139307 1.70791483 -1.85553527
v -1.64699495 1.70137286 -1.85965002
v -1.65122736 1.69577742 -1.84961581
v -1.65301514 1.68996847 -1.85332370
v -1.66524005 1.69332552 -1.85668135
v -1.66065419 1.68869042 -1.85501790
v -1.63416553 1.72397578 -1.84866309
v -1.63412440 1.71814775 -1.84932482
v -1.65492201 1.69673193 -1.86288726
v -1.63597012 1.71213937 -1.85094142
v -1.64431453 1.70218444 -1.84623086
v -1.64823651 1.70057404 -1.85052848
v -1.64045215 1.70489061 -1.84320021
v -1.65641713 1.70489573 -1.85578310
v -1.66021526 1.69958591 -1.85576451
v -1.65638149 1.69660378 -1.85273051
v -1.65243232 1.70211351 -1.85372055
v -1.64493442 1.70609963 -1.84723246
v -1.64757013 1.70553231 -1.85100389
v -1.64400351 1.70942342 -1.84934795
v -1.64639902 1.70938087 -1.85279250
v -1.65013766 1.70863366 -1.85518563
v -1.65086675 1.70617771 -1.85405242
v -1.64505005 1.71255398 -1.85560453
v -1.64280152 1.71319342 -1.85230494
v -1.64963818 1.71081233 -1.85721731
v -1.64254272 1.71129584 -1.84659064
v -1.64098430 1.71415591 -1.84365010
v -1.64238155 1.71733034 -1.84555423
v -1.64217687 1.71509111 -1.84877765
v -1.63696647 1.70954680 -1.84131718
v -1.63973796 1.71155763 -1.84130704
v -1.64205992 1.70819640 -1.84413207
v -1.63733840 1.71555805 -1.83983433
v -1.63431823 1.71539998 -1.83941174
v -1.63921428 1.71665645 -1.84189534
v -1.64051723 1.71873510 -1.84316373
v -1.63725126 1.72475481 -1.83867621
v -1.63673067 1.72050619 -1.83900726
v -1.63432944 1.72103667 -1.83731902
v -1.63893378 1.72019696 -1.84064400
v -1.63893878 1.72352648 -1.84083223
v -1.63966227 1.72328329 -1.84211671
v -1.63931763 1.72068357 -1.84190845
v -1.64310980 1.73244524 -1.84259546
v -1.64489388 1.73219991 -1.84437823
v -1.64082932 1.73071635 -1.84144855
v -1.64024162 1.73295093 -1.84322739
v -1.64075446 1.72925222 -1.84323621
v -1.64072883 1.73250270 -1.84483337
v -1.64148057 1.72845507 -1.84439218
v -1.64272499 1.72643566 -1.84681237
v -1.69131041 1.58671522 -1.92490113
v -1.69418406 1.60022354 -1.92663789
v -1.69572639 1.59810972 -1.93733144
v -1.69076061 1.58518839 -1.93680120
v -1.64084041 1.72557044 -1.84324956
v -1.63962865 1.72649765 -1.84191310
v -1.63830614 1.72855902 -1.83985233
v -1.64225411 1.72208285 -1.84621906
v -1.64197016 1.72058487 -1.84499502
v -1.64115679 1.72171044 -1.84374428
v -1.64181006 1.72380614 -1.84518635
v -1.65182424 1.72283316 -1.85221183
v -1.64907742 1.72092998 -1.85325122
v -1.64586592 1.71684432 -1.85336685
v -1.68542409 1.56858146 -1.88854408
v -1.67977417 1.57550240 -1.87125218
v -1.67550051 1.58505559 -1.87702441
v -1.68174052 1.57959342 -1.89210343
v -1.70133626 1.54066920 -1.88460481
v -1.70834255 1.51975489 -1.88786316
v -1.70796490 1.52240014 -1.86669219
v -1.69666386 1.54730296 -1.85774720
v -1.71884692 1.50250697 -1.87420833
v -1.71737099 1.50061929 -1.89219213
v -1.74834919 1.44943464 -1.88918972
v -1.73812079 1.46618056 -1.88473988
v -1.73740327 1.46595931 -1.90093827
v -1.74752676 1.44875205 -1.90489531
v -1.78508389 1.36642706 -1.87507606
v -1.78767502 1.36824644 -1.88827288
v -1.78353322 1.35184228 -1.89555836
v -1.77981699 1.34712291 -1.88073123
v -1.72382152 1.46475601 -1.82019556
v -1.72157085 1.45440102 -1.81369686
v -1.71570170 1.46897125 -1.80857921
v -1.71751773 1.48081779 -1.81482387
v -1.67163908 1.58769655 -1.82518220
v -1.66498363 1.59226906 -1.83541763
v -1.67727804 1.57790685 -1.84857023
v -1.68625259 1.57141972 -1.83909392
v -1.74418354 1.38592052 -1.82478464
v -1.75219262 1.39451528 -1.83224928
v -1.75831664 1.38131058 -1.83547139
v -1.75090671 1.37192822 -1.82944012
v -1.72732627 1.29868531 -1.85876393
v -1.73653495 1.29742646 -1.87524879
v -1.73620403 1.27988267 -1.87856817
v -1.72611511 1.28109884 -1.86137426
v -1.68161488 1.32443023 -1.81390238
v -1.67988598 1.30771828 -1.81586993
v -1.65804648 1.31034589 -1.80923831
v -1.65897167 1.32599461 -1.80771017
v -1.74643111 1.44738853 -1.86132562
v -1.73750484 1.46344042 -1.85580158
v -1.73818135 1.46514022 -1.86959636
v -1.74800730 1.44901943 -1.87447977
v -1.68072772 1.33523786 -1.72226822
v -1.68608844 1.35952163 -1.73134780
v -1.67809808 1.35229754 -1.74334836
v -1.67241716 1.32920003 -1.73427474
v -1.69514477 1.22106242 -1.82166052
v -1.69861007 1.20516348 -1.82223499
v -1.67722821 1.20744145 -1.81264663
v -1.67436409 1.22422731 -1.81291687
v -1.71170187 1.48190761 -1.75571823
v -1.70695722 1.49375916 -1.73925495
v -1.70872974 1.51106882 -1.74548626
v -1.71571195 1.49805284 -1.76210666
v -1.73180473 1.43198180 -1.82313132
v -1.72714651 1.44266295 -1.81839037
v -1.73070633 1.45125842 -1.82528555
v -1.73616922 1.43850207 -1.83061814
v -1.65975487 1.35629332 -1.79737687
v -1.65935218 1.37208748 -1.79345822
v -1.67701948 1.37101197 -1.79685473
v -1.67974138 1.35528183 -1.80166435
v -1.68108726 1.33958626 -1.80723226
v -1.65958118 1.34092522 -1.80255663
v -1.74054492 1.44228888 -1.83923912
v -1.73323214 1.45829868 -1.83316004
v -1.73568845 1.46118510 -1.84379113
v -1.74392569 1.44529653 -1.84960055
v -1.77306008 1.33829105 -1.90336692
v -1.76796722 1.33298683 -1.88578439
v -1.71893001 1.20270371 -1.83665061
v -1.71483684 1.21838319 -1.83566236
v -1.73023391 1.21546805 -1.85384977
v -1.73450744 1.20038772 -1.85527158
v -1.74268103 1.31288242 -1.89077675
v -1.73727274 1.31311417 -1.87415051
v -1.74850798 1.32348788 -1.87262523
v -1.75312686 1.32406902 -1.88885617
v -1.74636161 1.19899786 -1.87709212
v -1.74093390 1.21317446 -1.87443399
v -1.75005364 1.21148503 -1.89396119
v -1.75557339 1.19507575 -1.89560759
v -1.72875595 1.48396087 -1.88008320
v -1.72737873 1.48304188 -1.89642262
v -1.77370965 1.36757517 -1.85201979
v -1.78010011 1.36641514 -1.86264348
v -1.77482963 1.34657001 -1.86673260
v -1.76885879 1.34872103 -1.85417938
v -1.70771289 1.42978048 -1.80219007
v -1.70016360 1.43830240 -1.79705596
v -1.71014261 1.45432091 -1.80094326
v -1.71658742 1.44226861 -1.80736017
v -1.68002772 1.19133234 -1.80905843
v -1.70288444 1.19043970 -1.81906998
v -1.75005066 1.18407774 -1.87467504
v -1.75974834 1.17993426 -1.89412105
v -1.64843524 1.44225872 -1.77426398
v -1.65703690 1.44425142 -1.77854383
v -1.65874696 1.43786812 -1.78213859
v -1.64995122 1.43707001 -1.77737486
v -1.78012204 1.37257659 -1.92765379
v -1.77832174 1.35118008 -1.91906369
v -1.78591859 1.36343265 -1.90719426
v -1.78439486 1.38127446 -1.91294551
v -1.75725532 1.33441854 -1.85631835
v -1.76285875 1.33220124 -1.86990893
v -1.74330914 1.32524800 -1.85751534
v -1.77082288 1.36422384 -1.94204783
v -1.76175034 1.33854592 -1.93086135
v -1.72519577 1.47998977 -1.91342461
v -1.73535037 1.46357346 -1.91758204
v -1.71677160 1.49823940 -1.91065872
v -1.70910382 1.51714540 -1.90808213
v -1.70869052 1.51469767 -1.92696023
v -1.71540427 1.49537277 -1.92880833
v -1.70339620 1.53695786 -1.90647316
v -1.70382047 1.53374326 -1.92550409
v -1.68922698 1.56465697 -1.90689611
v -1.68679678 1.57634747 -1.90861273
v -1.72127450 1.43210292 -1.81205940
v -1.72568023 1.42232251 -1.81589317
v -1.73801482 1.18668878 -1.85350585
v -1.58409405 1.52781928 -1.79693580
v -1.59797418 1.52881861 -1.78580117
v -1.58952045 1.51300406 -1.78858078
v -1.57710087 1.51019979 -1.79905760
v -1.69462049 1.56931472 -1.82643557
v -1.67739224 1.58679366 -1.81494880
v -1.61710811 1.45356083 -1.76615524
v -1.61976671 1.44649005 -1.76930094
v -1.61639273 1.44198585 -1.77535844
v -1.61285114 1.45124090 -1.77155280
v -1.63246965 1.44104886 -1.76704848
v -1.62672198 1.44274378 -1.76341736
v -1.62103069 1.43427074 -1.76058137
v -1.62592602 1.43176603 -1.76407671
v -1.65555346 1.21065164 -1.80929506
v -1.65201926 1.22779799 -1.81108785
v -1.59966910 1.34524381 -1.80962801
v -1.60283267 1.36211646 -1.80255723
v -1.62031078 1.35221827 -1.79998159
v -1.61810958 1.33597255 -1.80594563
v -1.55014884 1.50405431 -1.88866770
v -1.55271888 1.50692618 -1.86967945
v -1.54920757 1.49134552 -1.87008297
v -1.54666519 1.48818660 -1.88874197
v -1.56821299 1.53422594 -1.82642937
v -1.56086910 1.52754343 -1.84720647
v -1.56613553 1.54171634 -1.84686553
v -1.57477272 1.54951620 -1.82576931
v -1.57204616 1.52330565 -1.81208682
v -1.56520689 1.50589788 -1.81349540
v -1.64109743 1.36108196 -1.79560661
v -1.64340460 1.37596560 -1.79196930
v -1.64367831 1.39820099 -1.78567123
v -1.64378643 1.40774715 -1.78381824
v -1.65570843 1.40544724 -1.78552449
v -1.65706873 1.39566445 -1.78714967
v -1.65864515 1.59858394 -1.84502935
v -1.64613640 1.60022748 -1.82725239
v -1.63945639 1.60599780 -1.83906054
v -1.58689880 1.58747900 -1.86143672
v -1.59457445 1.59136128 -1.85299349
v -1.59161770 1.58625889 -1.84628046
v -1.58282423 1.58164334 -1.85937548
v -1.53927302 1.42004597 -1.86756790
v -1.54207671 1.39531684 -1.86737776
v -1.53463805 1.39776278 -1.88658130
v -1.53274345 1.42083263 -1.88595939
v -1.63399315 1.42084551 -1.78026927
v -1.62648356 1.42644453 -1.77915382
v -1.62714517 1.43441665 -1.77504051
v -1.63349283 1.42910588 -1.77675855
v -1.62415552 1.41766846 -1.78218019
v -1.63338292 1.41179943 -1.78289211
v -1.63216591 1.40276194 -1.78514338
v -1.62194610 1.40934765 -1.78509915
v -1.60856426 1.37698674 -1.79693711
v -1.61520612 1.39118814 -1.79296350
v -1.62890375 1.38369715 -1.79217613
v -1.62418747 1.36818624 -1.79521680
v -1.54996669 1.32463694 -1.89363170
v -1.54264224 1.34634471 -1.89079130
v -1.54958057 1.34495354 -1.87373328
v -1.55423963 1.32196021 -1.87641478
v -1.67116547 1.44040704 -1.78091025
v -1.66531801 1.42597675 -1.77820206
v -1.67772138 1.42696536 -1.78279138
v -1.68255997 1.43900096 -1.78514743
v -1.61582780 1.44048858 -1.74485898
v -1.61691272 1.44487953 -1.74044704
v -1.61629105 1.43768001 -1.73398328
v -1.61444139 1.43410850 -1.73854327
v -1.64767182 1.40251112 -1.77053010
v -1.64114070 1.38161707 -1.76568365
v -1.65401530 1.38432789 -1.76969421
v -1.65981948 1.40621769 -1.77523088
v -1.65871286 1.59013772 -1.79480982
v -1.65522289 1.59377933 -1.80482495
v -1.68308413 1.58442879 -1.80436420
v -1.63484871 1.41778946 -1.76842940
v -1.62592864 1.41876674 -1.76520252
v -1.61888051 1.40431821 -1.75954473
v -1.62671947 1.40109086 -1.76432109
v -1.68354630 1.34254694 -1.70721900
v -1.68799233 1.36649942 -1.71646643
v -1.62473881 1.36031365 -1.75330663
v -1.62978494 1.38014567 -1.76226747
v -1.62045979 1.38233399 -1.75731623
v -1.61555421 1.36266828 -1.74634027
v -1.61708951 1.31986952 -1.81111991
v -1.59868205 1.32813072 -1.81659174
v -1.61372328 1.21743941 -1.81842566
v -1.61061215 1.23700714 -1.82204103
v -1.63002825 1.23293161 -1.81436563
v -1.63369179 1.21472383 -1.81142879
v -1.65738130 1.19373417 -1.80680144
v -1.61583507 1.19723964 -1.81658387
v -1.63582289 1.19556928 -1.80910206
v -1.63518584 1.61560988 -1.86202502
v -1.63649273 1.61057532 -1.85049868
v -1.61795712 1.60908484 -1.85700476
v -1.61911380 1.61500764 -1.86700702
v -1.67164183 1.08303177 -1.78261697
v -1.70048273 1.08724844 -1.78864360
v -1.70629478 1.05933416 -1.78826475
v -1.67426026 1.05313373 -1.78345001
v -1.58980417 1.60072541 -1.88136709
v -1.59522796 1.60816872 -1.88829458
v -1.60518944 1.61183667 -1.87656415
v -1.60200763 1.60475314 -1.86813283
v -1.66907215 1.10947013 -1.78260148
v -1.69577312 1.11106753 -1.78896809
v -1.65100110 1.60882545 -1.86542344
v -1.65424514 1.60378790 -1.85467362
v -1.66326737 1.59979033 -1.87301850
v -1.66557395 1.59265542 -1.86442137
v -1.67423451 1.59458506 -1.88296020
v -1.72483218 1.08700800 -1.80076826
v -1.73326147 1.06177294 -1.79900789
v -1.62110043 1.62057590 -1.87614453
v -1.60908473 1.61792374 -1.88456500
v -1.60087371 1.61549234 -1.89445329
v -1.59504855 1.61440909 -1.90668559
v -1.59110689 1.61352849 -1.92057574
v -1.59604621 1.62029910 -1.92200255
v -1.68444002 1.17653894 -1.80476141
v -1.65990913 1.17700696 -1.80065215
v -1.62415743 0.93870860 -1.82160270
v -1.64385331 0.92469549 -1.82485890
v -1.62248778 0.92228544 -1.85114205
v -1.60489917 0.93446171 -1.84447789
v -1.57284546 0.94820923 -1.90683925
v -1.58758938 0.93774700 -1.87290716
v -1.60443306 0.92838562 -1.88205492
v -1.59069574 0.94080496 -1.91634953
v -1.53752315 1.06796753 -1.88042295
v -1.54084897 1.09152627 -1.88006532
v -1.55113375 1.08971620 -1.85347688
v -1.54718053 1.06662929 -1.85295951
v -1.63712275 1.17773104 -1.80346763
v -1.61646724 1.17784381 -1.81105566
v -1.70651960 1.17689133 -1.81580758
v -1.78151357 0.93796325 -1.81465530
v -1.78656721 0.90716606 -1.81836033
v -1.75410938 0.89809698 -1.80469513
v -1.75038838 0.92962259 -1.79797673
v -1.69072664 0.88679779 -1.81621695
v -1.66563404 0.88483471 -1.83883965
v -1.65567029 0.90580624 -1.83164644
v -1.68019354 0.91109598 -1.80790412
v -1.76665151 1.17617285 -1.91462100
v -1.76881289 1.16023040 -1.91433561
v -1.76207352 1.16514981 -1.89331532
v -1.76693606 1.16853750 -1.97306013
v -1.76867414 1.15307975 -1.97439849
v -1.77168262 1.15456581 -1.95556819
v -1.77000022 1.17025113 -1.95383203
v -1.75532651 1.05825210 -1.96679628
v -1.76069725 1.08155179 -1.96286428
v -1.75655818 1.08236349 -1.97762024
v -1.75176108 1.06251669 -1.97839999
v -1.74414873 1.08709013 -1.81838989
v -1.73796439 1.10829842 -1.81991994
v -1.75230587 1.10382557 -1.84330583
v -1.76049376 1.08328295 -1.84259415
v -1.62274408 0.92126602 -1.89242542
v -1.61178708 0.93737817 -1.92508805
v -1.80382860 0.95072013 -1.84037018
v -1.81125271 0.91684914 -1.84209132
v -1.82396626 0.92594528 -1.87416756
v -1.81343651 0.95787805 -1.87068152
v -1.80932987 0.95917034 -1.90198290
v -1.81946623 0.92830580 -1.90585482
v -1.72680092 0.97370797 -1.96943462
v -1.72361219 0.96558338 -1.96800864
v -1.74514234 0.98621476 -1.95787108
v -1.74575651 0.99881005 -1.96443772
v -1.54724061 0.97935021 -1.89457989
v -1.55933797 0.97214323 -1.86440170
v -1.57129216 0.95317036 -1.86813569
v -1.55793393 0.96244651 -1.89971519
v -1.59844339 1.17712772 -1.82239962
v -1.59910679 1.19783974 -1.82782769
v -1.58576202 1.19917202 -1.84184766
v -1.58451521 1.22256553 -1.84401679
v -1.59733200 1.21969795 -1.82959676
v -1.56768668 1.35076964 -1.83691955
v -1.56747925 1.36930537 -1.82788742
v -1.58309162 1.35554695 -1.81713676
v -1.58235216 1.33888769 -1.82457864
v -1.55555511 1.51203036 -1.84860694
v -1.55097902 1.49554062 -1.85016394
v -1.64606321 0.89014375 -1.86810267
v -1.66035342 0.86374807 -1.86789560
v -1.65315771 0.87148088 -1.90025687
v -1.63847971 0.90832758 -1.90864944
v -1.70014060 0.86049807 -1.82320189
v -1.72009408 0.89237726 -1.80386925
v -1.72685242 0.86408716 -1.81167173
v -1.79423320 0.87716347 -1.82539916
v -1.76079035 0.86898935 -1.81268251
v -1.83363569 0.89387226 -1.87943971
v -1.82843328 0.89670360 -1.91084754
v -1.75059259 0.91613615 -1.96369839
v -1.75382531 0.88898653 -1.96326208
v -1.78139055 0.89286739 -1.95259511
v -1.77636826 0.92050016 -1.95133197
v -1.76891768 1.04731047 -1.93199062
v -1.77274036 1.02950108 -1.92261028
v -1.77647150 1.04724443 -1.89555609
v -1.77173316 1.06470323 -1.89773571
v -1.76698112 1.18725812 -1.95193195
v -1.76502955 1.18476999 -1.96786964
v -1.76286542 1.19224429 -1.91470659
v -1.76673174 1.18984032 -1.93431449
v -1.77000630 1.17288327 -1.93517184
v -1.75745547 1.26319206 -1.94170487
v -1.75991178 1.24525309 -1.94595408
v -1.75756335 1.24484479 -1.92575812
v -1.75511110 1.26227331 -1.92071068
v -1.75217938 1.28123891 -1.91571140
v -1.75449073 1.28266847 -1.93690312
v -1.74547482 1.32080090 -1.92973673
v -1.74575460 1.31552470 -1.90924799
v -1.75728762 1.32777143 -1.90838873
v -1.72294652 1.47676599 -1.93135202
v -1.73195148 1.45982051 -1.93450153
v -1.75749910 1.05931044 -1.81754076
v -1.65494180 0.91187072 -1.94071388
v -1.66207874 0.87882847 -1.93221438
v -1.68130052 0.88278568 -1.95250881
v -1.67658865 0.91144943 -1.95744312
v -1.71781635 1.10970426 -1.80231571
v -1.72261643 1.18901420 -1.83426917
v -1.72592485 1.17550790 -1.83082473
v -1.70652318 1.32647097 -1.82623112
v -1.69989264 1.30619001 -1.82770503
v -1.78756785 1.37297511 -1.89832664
v -1.78565800 1.38579011 -1.89918816
v -1.71264839 0.91985768 -1.79511499
v -1.84219384 0.86163193 -1.88539767
v -1.83694184 0.86382192 -1.91493893
v -1.84374452 0.83047777 -1.91946721
v -1.85004544 0.82815498 -1.89108562
v -1.73343766 0.85650831 -1.96263516
v -1.74104059 0.82403451 -1.95875871
v -1.76485097 0.82887548 -1.95973945
v -1.75877583 0.85981220 -1.96182859
v -1.75038612 0.79261470 -1.95631731
v -1.75771666 0.76093030 -1.95550466
v -1.78125405 0.76294184 -1.96013737
v -1.77459741 0.79657644 -1.95966649
v -1.81991327 0.88627499 -1.84842312
v -1.81424212 0.81831229 -1.84203553
v -1.80458999 0.84858960 -1.83493161
v -1.82869518 0.85532439 -1.85607922
v -1.83757091 0.82280600 -1.86260498
v -1.67678428 0.85989380 -1.84262419
v -1.72501981 0.91254449 -1.96912527
v -1.72837389 0.88670516 -1.96614957
v -1.70187616 0.81658936 -1.93903375
v -1.69014251 0.84982276 -1.94584930
v -1.67302597 0.84418315 -1.92468381
v -1.68718278 0.81146973 -1.91803694
v -1.72680986 0.80816221 -1.83191001
v -1.71311259 0.83407849 -1.82819355
v -1.74082339 0.83784860 -1.81911480
v -1.75410783 0.81162548 -1.82458663
v -1.77257109 0.84246522 -1.82166469
v -1.78464472 0.81388843 -1.82916105
v -1.83418167 0.75768274 -1.85696805
v -1.82400429 0.78808814 -1.84969389
v -1.84618843 0.79114938 -1.87012768
v -1.85524833 0.75943613 -1.87719285
v -1.80732083 0.75655353 -1.84176159
v -1.79608333 0.78532076 -1.83548212
v -1.77974689 0.75724965 -1.83722520
v -1.76741254 0.78438681 -1.83024359
v -1.75489557 0.75702494 -1.84367394
v -1.74133122 0.78287119 -1.83701634
v -1.73590899 0.75653040 -1.85400236
v -1.72047770 0.78085595 -1.85026181
v -1.70504391 0.77981246 -1.86964262
v -1.72175336 0.75580668 -1.87085319
v -1.71457267 0.75589490 -1.89150119
v -1.69900882 0.78156167 -1.89195108
v -1.72391355 0.75788802 -1.93104661
v -1.71387768 0.78608757 -1.93433559
v -1.70130420 0.78322846 -1.91506016
v -1.71479046 0.75659782 -1.91266632
v -1.73862684 0.66650224 -1.92029738
v -1.73651159 0.68548179 -1.92440343
v -1.73952508 0.68917453 -1.90601039
v -1.74260306 0.67074233 -1.90283132
v -1.74900830 0.67490184 -1.88679099
v -1.74722886 0.69218826 -1.88970816
v -1.75528288 0.69366497 -1.87418759
v -1.75768423 0.67680228 -1.87109041
v -1.78420985 0.68919230 -1.85332346
v -1.78503335 0.67044562 -1.84993303
v -1.76879942 0.67540294 -1.85801923
v -1.76719165 0.69277114 -1.86045539
v -1.80543864 0.68395633 -1.85042012
v -1.80528474 0.66209126 -1.84794676
v -1.82901669 0.67516518 -1.85563970
v -1.82441401 0.65029204 -1.85679030
v -1.84868932 0.66494566 -1.87278736
v -1.83929479 0.63884407 -1.87495828
v -1.77846766 0.67465484 -1.95639729
v -1.75817883 0.67862105 -1.95238519
v -1.75357044 0.65752542 -1.94636083
v -1.77097857 0.65164644 -1.95151234
v -1.82772410 0.66027814 -1.95636249
v -1.81068408 0.63433045 -1.94608223
v -1.83734751 0.62896913 -1.94240475
v -1.85547757 0.65434009 -1.94714236
v -1.84442151 0.72633225 -1.86246634
v -1.81702173 0.72878826 -1.84849429
v -1.79075217 0.73162162 -1.84414244
v -1.76788485 0.73344487 -1.84950066
v -1.73046350 0.73121983 -1.92914474
v -1.72528124 0.73134136 -1.90994525
v -1.78433633 0.73036695 -1.96048522
v -1.76181841 0.73096526 -1.95588887
v -1.87461925 0.68824416 -1.91797209
v -1.86880684 0.69005489 -1.89130390
v -1.86407936 0.72469437 -1.88351727
v -1.86934161 0.72526699 -1.91122305
v -1.82538939 0.70167959 -1.85363603
v -1.79985499 0.70744050 -1.84920549
v -1.77836263 0.71087134 -1.85301471
v -1.74811423 0.71231872 -1.87369788
v -1.76093209 0.71264446 -1.86026549
v -1.73928249 0.71087223 -1.88977230
v -1.73422229 0.70700151 -1.92675936
v -1.73309779 0.70899504 -1.90761304
v -1.78335547 0.70056897 -1.95881438
v -1.76198947 0.70373237 -1.95483363
v -1.85620427 0.62601519 -1.91916609
v -1.85565948 0.62862366 -1.89340746
v -1.86650324 0.65643656 -1.89361763
v -1.87226880 0.65271598 -1.92078805
v -1.83182764 0.60577530 -1.91356480
v -1.81734014 0.60834616 -1.93109286
v -1.75294054 0.66689211 -1.86484635
v -1.74377644 0.66589117 -1.88062739
v -1.76474929 0.66332871 -1.85217190
v -1.81309617 0.62683463 -1.85551715
v -1.79878414 0.64268845 -1.84218645
v -1.82650447 0.61292779 -1.87281501
v -1.83682740 0.60715419 -1.89275503
v -1.73335922 0.62722230 -1.92687869
v -1.74670124 0.61665738 -1.93167281
v -1.76207054 0.63482761 -1.94251001
v -1.74806702 0.64219898 -1.93827784
v -1.72106218 0.64709163 -1.90466034
v -1.73639119 0.65521419 -1.91466820
v -1.73890507 0.66058630 -1.89810574
v -1.72087693 0.65558249 -1.88806283
v -1.73566830 0.65872753 -1.85272241
v -1.72601545 0.65948164 -1.86953068
v -1.74921274 0.65352118 -1.83869612
v -1.78128326 0.62303948 -1.83616102
v -1.76594734 0.64066225 -1.83042395
v -1.78051245 0.65615761 -1.84247577
v -1.79522061 0.60366923 -1.85025156
v -1.77337420 0.56859720 -1.86472869
v -1.77212703 0.58088833 -1.84039569
v -1.80151784 0.58863169 -1.87418687
v -1.67382634 0.51482874 -1.85710979
v -1.64193094 0.49706167 -1.84735191
v -1.65175164 0.49740785 -1.82955253
v -1.68419600 0.51439589 -1.83605540
v -1.70956147 0.61391079 -1.91946530
v -1.72409213 0.60055548 -1.92313862
v -1.69616187 0.64771914 -1.87630212
v -1.69577444 0.63818771 -1.89500320
v -1.73243821 0.58574980 -1.81287289
v -1.71747720 0.60652786 -1.80691528
v -1.74349046 0.62321407 -1.81806672
v -1.75902402 0.60340744 -1.82484090
v -1.63608098 0.54969585 -1.89884079
v -1.66512501 0.56739485 -1.90903723
v -1.65177739 0.58341199 -1.90364313
v -1.62360704 0.56516153 -1.89379251
v -1.66868770 0.63424629 -1.86730337
v -1.64146936 0.61709458 -1.85829878
v -1.64068663 0.60853666 -1.87767363
v -1.66833782 0.62493074 -1.88667095
v -1.67268598 0.54696584 -1.79882979
v -1.65877831 0.56575722 -1.79284132
v -1.68908930 0.58752781 -1.79799771
v -1.70368707 0.56713688 -1.80430138
v -1.74557364 0.54993498 -1.85327232
v -1.71591163 0.53217334 -1.84303343
v -1.71525180 0.54639041 -1.82059884
v -1.74454010 0.56362432 -1.82887077
v -1.73581457 0.54982936 -1.87648654
v -1.70584059 0.53239745 -1.86583865
v -1.57280159 0.52167785 -1.86421251
v -1.57928205 0.50755972 -1.86781478
v -1.60775244 0.52951920 -1.88390362
v -1.59841168 0.54434580 -1.88005722
v -1.61549222 0.59567624 -1.84878063
v -1.59112442 0.57024425 -1.83885169
v -1.58978927 0.56463647 -1.85595751
v -1.61379945 0.58878469 -1.86788893
v -1.60763609 0.50468647 -1.79081678
v -1.59568572 0.51979989 -1.78757727
v -1.62782681 0.54252356 -1.79001081
v -1.64042270 0.52657109 -1.79448724
v -1.61804116 0.47903782 -1.82132661
v -1.61735404 0.48877639 -1.80222929
v -1.65161932 0.50867665 -1.80830312
v -1.60953915 0.47837538 -1.83784831
v -1.57895243 0.45818669 -1.82882690
v -1.58610559 0.45855099 -1.81500483
v -1.54604924 0.49866486 -1.85097682
v -1.55313122 0.48633951 -1.85302150
v -1.53971076 0.51479959 -1.83537960
v -1.56510818 0.53899604 -1.84423363
v -1.56659746 0.54470998 -1.83004618
v -1.54067540 0.52060050 -1.82266653
v -1.57562077 0.53906775 -1.80005550
v -1.54977453 0.51483542 -1.79560292
v -1.54423249 0.52050078 -1.80821288
v -1.56988370 0.54456347 -1.81369591
v -1.56665730 0.49821824 -1.78655708
v -1.55705869 0.50815052 -1.78944302
v -1.58461487 0.53136998 -1.79055059
v -1.57879412 0.48408228 -1.78821933
v -1.58622539 0.46871185 -1.79836047
v -1.65553057 0.93931615 -1.95730495
v -1.65376627 0.93357557 -1.94820356
v -1.67593920 0.93019694 -1.96135712
v -1.67720342 0.93907744 -1.96675336
v -1.79621983 0.83036077 -1.95399523
v -1.78855634 0.86268145 -1.95279908
v -1.80828917 0.76321626 -1.95871437
v -1.80378699 0.79708260 -1.95643497
v -1.81067622 0.72877258 -1.95975471
v -1.80090392 0.66719872 -1.95574129
v -1.80847085 0.69607055 -1.95849812
v -1.79023039 0.64279789 -1.94796610
v -1.77839935 0.62303656 -1.93891525
v -1.76085913 0.60391611 -1.92907548
v -1.71326029 0.56965297 -1.91108680
v -1.73933434 0.58702552 -1.91874576
v -1.69539583 0.58391780 -1.91665578
v -1.65133774 0.53272909 -1.89229333
v -1.68284011 0.55127960 -1.90267622
v -1.58880329 0.49345475 -1.86300063
v -1.61970353 0.51321602 -1.87786210
v -1.56210172 0.47394979 -1.84838974
v -1.78567898 0.97721940 -1.92440915
v -1.78019786 0.99892211 -1.92073524
v -1.76510227 0.98331577 -1.94293904
v -1.76847243 0.96617937 -1.94605589
v -1.70235777 0.95648271 -1.97084546
v -1.69717216 0.95335573 -1.97079337
v -1.70889425 0.95686293 -1.97024369
v -1.71238697 0.96176034 -1.97046530
v -1.85074890 0.69447410 -1.86807632
v -1.74973166 0.73374373 -1.85794508
v -1.72832322 0.73231232 -1.89074540
v -1.73665679 0.73298347 -1.87263584
v -1.83728755 0.69179469 -1.95745194
v -1.86353528 0.68837619 -1.94434297
v -1.85965300 0.72621548 -1.93770504
v -1.83734357 0.72634482 -1.95385706
v -1.76157868 0.56549752 -1.88612890
v -1.75235510 0.57360977 -1.90597069
v -1.72550023 0.55735475 -1.89556718
v -1.78758466 0.57982224 -1.89514148
v -1.72780836 0.63998336 -1.82345521
v -1.71375859 0.64887780 -1.83774471
v -1.67637789 0.63774920 -1.84578764
v -1.70287585 0.65106469 -1.85609424
v -1.68741167 0.63487905 -1.82568920
v -1.83101392 0.79540384 -1.94572687
v -1.83477104 0.76157516 -1.94978797
v -1.85537720 0.76176220 -1.93100238
v -1.84979081 0.79659539 -1.92491901
v -1.60777915 1.25628972 -1.82626903
v -1.62617612 1.25122905 -1.81944990
v -1.74503887 1.34868717 -1.83341014
v -1.75134826 1.33955812 -1.84408939
v -1.73589122 1.32985663 -1.84365869
v -1.72794175 1.33875287 -1.83089435
v -1.72322679 1.35091186 -1.82118905
v -1.73949492 1.36066210 -1.82506418
v -1.71867466 1.36467445 -1.81415391
v -1.73363912 1.37466145 -1.81900835
v -1.69413567 1.42387986 -1.79748130
v -1.68865097 1.43249702 -1.79461157
v -1.74249172 1.32095265 -1.95125663
v -1.74785340 1.30247545 -1.95428729
v -1.75030041 1.30125475 -1.93313181
v -1.77219486 1.15672243 -1.93579924
v -1.76728988 1.08267689 -1.92364061
v -1.76461887 1.08126175 -1.94524705
v -1.75992596 1.05638313 -1.95142305
v -1.73607945 0.99734199 -1.97700250
v -1.72389209 0.98331439 -1.98056114
v -1.71075940 0.96670318 -1.97613907
v -1.70302641 0.95885873 -1.97400832
v -1.56275749 1.31691539 -1.86052990
v -1.55890250 1.33945191 -1.85762107
v -1.55405474 1.51845074 -1.88855267
v -1.55745161 1.52178717 -1.86838484
v -1.56559205 1.54795361 -1.86850023
v -1.56184983 1.54425120 -1.88852286
v -1.56496894 1.55627680 -1.89011705
v -1.56890500 1.55942583 -1.87040389
v -1.58737087 1.60723352 -1.90324688
v -1.58158875 1.59787393 -1.89893913
v -1.68255341 0.95182675 -1.96860695
v -1.67420220 0.94853407 -1.96734059
v -1.69089007 0.95008332 -1.97111523
v -1.74749136 0.93829423 -1.96383595
v -1.74605918 0.95582753 -1.96287572
v -1.72194707 0.94673467 -1.97146523
v -1.72330451 0.93260127 -1.97097313
v -1.74746311 0.96327353 -1.79362512
v -1.77878261 0.97200894 -1.81301916
v -1.63600421 0.90913796 -1.86044872
v -1.60738516 1.32042623 -1.72106719
v -1.61148906 1.34238911 -1.73410845
v -1.60475492 1.34583271 -1.72302949
v -1.60207760 1.32331347 -1.70968938
v -1.54640913 1.41891265 -1.84725487
v -1.55294788 1.39055276 -1.84373987
v -1.67039990 1.58579993 -1.85663676
v -1.69792020 1.57272732 -1.78086185
v -1.69043624 1.58004451 -1.79315710
v -1.70716417 1.56220388 -1.80256724
v -1.71323180 1.55606484 -1.79310679
v -1.61944115 1.54252863 -1.77407575
v -1.60770702 1.54484367 -1.78325903
v -1.62177622 1.56147671 -1.78060746
v -1.63283777 1.55720508 -1.77164900
v -1.54443955 1.04147398 -1.85478520
v -1.53521764 1.04462242 -1.88257623
v -1.56568229 1.25410914 -1.88016343
v -1.56173694 1.27689910 -1.88014781
v -1.56903350 1.27134013 -1.86370647
v -1.57267916 1.24858236 -1.86240816
v -1.56083119 1.40331578 -1.82454705
v -1.57262361 1.38476551 -1.81583023
v -1.76937306 1.38962793 -1.94521570
v -1.77511573 1.39459050 -1.92961228
v -1.76674902 1.41389012 -1.92836344
v -1.76215112 1.41047895 -1.94531798
v -1.60961938 1.38741422 -1.71583128
v -1.60572493 1.37393534 -1.72480440
v -1.60889900 1.39267278 -1.73977757
v -1.60918796 1.40259147 -1.73385108
v -1.66745889 0.93331325 -1.80184519
v -1.70272958 0.95381296 -1.78762138
v -1.63931596 1.28037596 -1.81399298
v -1.64263332 1.26304102 -1.81590843
v -1.62184048 1.26940155 -1.82056022
v -1.61855662 1.28662539 -1.81832898
v -1.63802445 1.32990050 -1.80534315
v -1.63700008 1.31408489 -1.80839837
v -1.63932931 1.34524870 -1.79988563
v -1.63912880 1.44058144 -1.77044833
v -1.64139712 1.43840337 -1.77406037
v -1.63456440 1.44112158 -1.77157843
v -1.77252758 0.94581366 -1.94900525
v -1.76288950 1.00772429 -1.94326127
v -1.76004696 1.01962578 -1.95115101
v -1.69092560 0.95427984 -1.97003317
v -1.69386566 0.95538688 -1.97168148
v -1.67585754 1.60591507 -1.88753521
v -1.66329789 1.60861039 -1.87994230
v -1.63659239 1.40034485 -1.76724732
v -1.64448786 1.41923714 -1.77109766
v -1.65441871 1.41512692 -1.78375983
v -1.65140581 1.42454982 -1.78054333
v -1.66310143 1.42564034 -1.78535914
v -1.66695213 1.41606390 -1.78792393
v -1.64349651 1.41662145 -1.78133392
v -1.64146984 1.42565823 -1.77784181
v -1.72574449 1.47327769 -1.82818389
v -1.71930015 1.49051023 -1.82274795
v -1.71963060 1.49690557 -1.83184803
v -1.72768199 1.47883773 -1.83753562
v -1.72818673 1.48082471 -1.84969079
v -1.71978784 1.49987400 -1.84319365
v -1.71907985 1.50174010 -1.85701549
v -1.72862732 1.48274958 -1.86395872
v -1.68811762 1.56628549 -1.86548936
v -1.69456279 1.55850291 -1.88533139
v -1.69680572 1.55352652 -1.90609694
v -1.69829047 1.54952741 -1.92483521
v -1.57797027 1.58709753 -1.89450526
v -1.58528435 1.59062433 -1.87320387
v -1.57811129 1.57900870 -1.87445474
v -1.57387698 1.57626903 -1.89291418
v -1.56913757 1.57519984 -1.91095567
v -1.57370281 1.58590865 -1.91283858
v -1.68285537 1.59200668 -1.89538121
v -1.68879533 1.58921504 -1.91052806
v -1.68966401 1.57379150 -1.92392313
v -1.67882752 1.34776497 -1.69238174
v -1.68269300 1.37098277 -1.70108056
v -1.63551211 1.62064457 -1.87304258
v -1.65022552 1.61509359 -1.87474334
v -1.66727304 1.35050988 -1.67987967
v -1.67121756 1.37453008 -1.68899012
v -1.70853031 1.54278982 -1.82518065
v -1.71292317 1.53984118 -1.81344390
v -1.70109558 1.56639218 -1.81402147
v -1.68566751 1.60371673 -1.89880073
v -1.69150829 1.60195935 -1.91308260
v -1.74620867 0.99496436 -1.79428160
v -1.77503037 1.00329185 -1.81403732
v -1.69069207 1.23723769 -1.82164621
v -1.71009314 1.23418450 -1.83380806
v -1.75011086 1.26536834 -1.98152626
v -1.75211751 1.24777389 -1.98386037
v -1.75801468 1.24623227 -1.96531653
v -1.75554037 1.26449692 -1.96183193
v -1.73667300 1.32056999 -1.97249126
v -1.74139869 1.30283892 -1.97525859
v -1.70098960 1.61096442 -1.93674052
v -1.76344872 1.20740044 -1.95080495
v -1.76196444 1.22745061 -1.94888592
v -1.75932372 1.22731054 -1.96773934
v -1.75928402 1.20455980 -1.97022402
v -1.76205695 1.18287039 -1.98027194
v -1.76362813 1.17425799 -1.98216891
v -1.75251615 1.03978431 -1.97038448
v -1.74863064 1.04246652 -1.97927892
v -1.70092833 1.42366970 -1.75354910
v -1.70243049 1.43206167 -1.73815870
v -1.70574844 1.45028996 -1.74427950
v -1.70442092 1.44039726 -1.75886571
v -1.75844836 1.21043074 -1.91283822
v -1.76304281 1.20936203 -1.93233562
v -1.71179259 1.42067719 -1.80699444
v -1.69837809 1.41419911 -1.80121970
v -1.75076139 1.33828390 -1.95225883
v -1.77828610 1.39966154 -1.91362917
v -1.76931465 1.41639495 -1.91196787
v -1.77918911 1.40205145 -1.89818740
v -1.76978719 1.41775644 -1.89620757
v -1.68412900 0.95286423 -1.96933913
v -1.67954540 0.95482343 -1.96723533
v -1.63474154 1.45786524 -1.71881461
v -1.62915683 1.45212483 -1.72196233
v -1.62808394 1.46286893 -1.72801733
v -1.63389862 1.46904206 -1.72395730
v -1.70182014 0.91201586 -1.96724463
v -1.69960845 0.92950416 -1.96997726
v -1.63387239 0.93888676 -1.93515229
v -1.63996637 0.94267195 -1.95148134
v -1.62966990 0.95098823 -1.95228469
v -1.62111974 0.95313144 -1.94998765
v -1.80874622 0.89408433 -1.93564427
v -1.80116701 0.92504174 -1.93127835
v -1.81685543 0.86188734 -1.93800712
v -1.82386422 0.82831973 -1.94154274
v -1.79558492 0.61338693 -1.93380022
v -1.77986610 0.59154236 -1.91796815
v -1.69497061 0.54022539 -1.88490546
v -1.66350746 0.52263111 -1.87421489
v -1.63076651 0.50339431 -1.86273885
v -1.57083809 0.46395689 -1.83990467
v -1.59834421 0.48358762 -1.85126698
v -1.65420091 1.35008323 -1.67313623
v -1.63997412 1.34623563 -1.66987491
v -1.64111614 1.37252736 -1.68034315
v -1.65693808 1.37676978 -1.68293440
v -1.63616586 1.36088061 -1.75794375
v -1.63134480 1.34071147 -1.74834430
v -1.64346266 1.34106433 -1.75284421
v -1.64863741 1.36245131 -1.76155078
v -1.62612617 1.31956995 -1.73803174
v -1.62062263 1.34122622 -1.74255037
v -1.61592329 1.31970739 -1.73033082
v -1.60168862 1.32853889 -1.69719148
v -1.60318339 1.35128498 -1.71070814
v -1.60742617 1.35931253 -1.69910860
v -1.60672367 1.33365679 -1.68546653
v -1.62657213 1.34168947 -1.67099333
v -1.61507452 1.33750093 -1.67650914
v -1.61613762 1.36304152 -1.68853068
v -1.62806022 1.36743665 -1.68253493
v -1.66149938 1.32436848 -1.74171460
v -1.66729987 1.34663951 -1.75115764
v -1.65572202 1.34258366 -1.75412250
v -1.64993680 1.32146227 -1.74450588
v -1.69683850 1.43910789 -1.72213912
v -1.70174968 1.45908225 -1.72890329
v -1.69338989 1.44516599 -1.79362774
v -1.68642318 1.44735277 -1.78923285
v -1.69863343 1.44776726 -1.78806293
v -1.70361102 1.45243609 -1.79322422
v -1.69302702 1.39110124 -1.72588634
v -1.68730509 1.39498925 -1.70952666
v -1.69241428 1.41838622 -1.71713543
v -1.69831908 1.41269493 -1.73284280
v -1.67260623 1.36927938 -1.76019347
v -1.67869711 1.39157414 -1.76974142
v -1.66716659 1.38672996 -1.77223194
v -1.66127348 1.36452997 -1.76314235
v -1.61338139 1.38711739 -1.74958801
v -1.60857677 1.36724567 -1.73680460
v -1.69766188 1.43189406 -1.77198446
v -1.69407308 1.41653168 -1.76716149
v -1.71571100 1.41128516 -1.80962968
v -1.66992486 1.40630496 -1.78953695
v -1.67212820 1.39590645 -1.79153645
v -1.76270211 1.35319638 -1.84419405
v -1.76718318 1.36903250 -1.84405327
v -1.69557095 1.37347293 -1.80325973
v -1.69959283 1.35826969 -1.80842054
v -1.76175582 1.37086892 -1.83832490
v -1.75669801 1.36059785 -1.83596230
v -1.74364591 1.29745078 -1.89260340
v -1.69161403 1.56159091 -1.92386377
v -1.68919778 1.39857268 -1.76082635
v -1.69648957 1.40506387 -1.74774957
v -1.61160946 1.41494119 -1.74581945
v -1.61357558 1.40884507 -1.75253272
v -1.61950517 1.42207897 -1.76092672
v -1.61592960 1.42550552 -1.75509703
v -1.58305061 1.42566442 -1.80035603
v -1.59200573 1.41258883 -1.79742229
v -1.58184791 1.39890265 -1.80575860
v -1.57112718 1.41389251 -1.81060576
v -1.64776301 1.46070325 -1.71127760
v -1.64856660 1.47505355 -1.71595597
v -1.66018844 1.47446966 -1.71279073
v -1.65790188 1.45762515 -1.70801294
v -1.67422366 1.47207308 -1.71231687
v -1.68943202 1.46612692 -1.71597636
v -1.68522024 1.44656503 -1.71151829
v -1.67050326 1.45323586 -1.70762157
v -1.71001518 1.02572227 -1.78686607
v -1.67689168 1.02549326 -1.78359103
v -1.75254881 1.16935194 -1.87235570
v -1.74130595 1.17232275 -1.85042679
v -1.76770341 1.08831644 -1.89681280
v -1.72219706 0.95982975 -1.96936715
v -1.74588931 0.97595334 -1.95907187
v -1.70465279 0.88452536 -1.96345186
v -1.73920560 1.02895725 -1.79647863
v -1.72106779 0.82048595 -1.95201516
v -1.71116877 0.85328871 -1.95737886
v -1.68298888 0.80772197 -1.89238763
v -1.66719520 0.83739513 -1.89495790
v -1.67446196 0.83392334 -1.86776781
v -1.68939865 0.80599719 -1.86830461
v -1.69009435 0.83290231 -1.84541130
v -1.70486403 0.80575979 -1.84784794
v -1.86360919 0.76206845 -1.90495753
v -1.64787400 0.61959130 -1.83656025
v -1.63091493 0.59226012 -1.81034064
v -1.62123740 0.59660417 -1.82865322
v -1.65926433 0.61582094 -1.81667864
v -1.70198762 0.62377995 -1.81151021
v -1.67396307 0.60512894 -1.80326772
v -1.68453634 0.52769327 -1.81465757
v -1.59577119 0.57081258 -1.82084262
v -1.60308552 0.56532204 -1.80468106
v -1.64476430 0.58163083 -1.79768515
v -1.61487889 0.55635422 -1.79369676
v -1.69953358 0.94172770 -1.97180033
v -1.60718763 0.95196670 -1.94581604
v -1.79118812 1.01187527 -1.84007752
v -1.79666197 0.98251671 -1.83877718
v -1.77517474 1.01573586 -1.91919470
v -1.78312552 1.02821958 -1.89494276
v -1.73649740 1.22820270 -1.87061810
v -1.74529111 1.22716880 -1.89028454
v -1.72766387 1.26240909 -1.86405551
v -1.73136163 1.24496078 -1.86700010
v -1.72027063 1.24811840 -1.84860063
v -1.71563494 1.26483846 -1.84700012
v -1.68235385 1.27138138 -1.81991744
v -1.68593836 1.25370693 -1.82139242
v -1.66471779 1.25756359 -1.81554699
v -1.66102231 1.27547657 -1.81393218
v -1.64713693 1.24552345 -1.81461060
v -1.66929901 1.24032581 -1.81469393
v -1.57688046 1.28802681 -1.84898746
v -1.57354879 1.30986965 -1.84655607
v -1.58592165 1.30228066 -1.83504415
v -1.58950841 1.28188908 -1.83717847
v -1.75627029 1.03167593 -1.96040237
v -1.70476925 0.95312339 -1.97177875
v -1.79370344 0.95318198 -1.92764401
v -1.79813159 0.98693901 -1.89731634
v -1.80259371 0.98706901 -1.86724532
v -1.65455151 1.42272115 -1.77401364
v -1.61165738 1.43553507 -1.78034520
v -1.60733950 1.44663477 -1.77848887
v -1.68036067 1.42477942 -1.70617557
v -1.66551769 1.43211508 -1.70272577
v -1.68479931 1.41094756 -1.77731252
v -1.70855153 1.46621192 -1.75010943
v -1.70964062 1.46960604 -1.77061164
v -1.70651555 1.45576775 -1.76433372
v -1.76824832 1.07709718 -1.86892104
v -1.77755415 1.05623078 -1.86862957
v -1.77258170 1.05937862 -1.84082937
v -1.64959264 0.94513834 -1.95844698
v -1.64353204 0.94958699 -1.95649064
v -1.76471961 0.99729842 -1.94114733
v -1.73864615 0.75945163 -1.94608951
v -1.73086596 0.78926909 -1.94867456
v -1.74336016 0.73173767 -1.94516575
v -1.74464905 0.70618409 -1.94343424
v -1.74276960 0.68224233 -1.94077539
v -1.74240494 0.66305107 -1.93542576
v -1.73861659 0.64925653 -1.92833340
v -1.72507095 0.63766575 -1.91778326
v -1.68111885 0.59953707 -1.91194117
v -1.70131147 0.62651843 -1.90961945
v -1.67290401 0.61307961 -1.90146315
v -1.64426303 0.59705299 -1.89250171
v -1.59232581 0.55595404 -1.86956310
v -1.61671031 0.57859951 -1.88234317
v -1.56785882 0.53217912 -1.85545886
v -1.54217792 0.50722229 -1.84368515
v -1.67250872 0.95079660 -1.96598315
v -1.66107869 0.94774956 -1.96264040
v -1.70309699 1.54485285 -1.83857536
v -1.68021178 1.42003655 -1.79316342
v -1.67571950 1.42867041 -1.79087400
v -1.69011903 1.42681479 -1.78181481
v -1.58961189 0.95551461 -1.94072247
v -1.57230175 0.96270192 -1.93433833
v -1.62748373 1.38967347 -1.69409680
v -1.64016211 1.39701378 -1.69105971
v -1.67247128 1.40871954 -1.77925396
v -1.68002081 1.44265389 -1.79066682
v -1.67395675 1.44811964 -1.78646278
v -1.72845924 1.28491426 -1.73526156
v -1.74061406 1.28300810 -1.75038052
v -1.74618983 1.27662218 -1.74390781
v -1.73373830 1.27784729 -1.72804618
v -1.72115910 1.28775179 -1.74335670
v -1.73288095 1.28495252 -1.75767231
v -1.69200921 1.24715018 -1.76605237
v -1.70918798 1.24353290 -1.77718806
v -1.70977080 1.25548279 -1.77614725
v -1.69359195 1.25955820 -1.76478934
v -1.73697698 1.27885771 -1.77779019
v -1.72480106 1.28244495 -1.76435423
v -1.71766198 1.27547002 -1.76926744
v -1.73135304 1.27145100 -1.78192902
v -1.69959998 1.22498643 -1.75570524
v -1.68087447 1.22731471 -1.74596047
v -1.68797266 1.22233355 -1.73615658
v -1.70654643 1.22137284 -1.74646521
v -1.63391745 1.26809108 -1.72293615
v -1.62939942 1.27161026 -1.71544552
v -1.62314737 1.26139355 -1.71742868
v -1.62931728 1.25673270 -1.72421384
v -1.70361686 1.29007173 -1.70419836
v -1.71612906 1.28729451 -1.71978307
v -1.72010612 1.27912378 -1.71191955
v -1.70606780 1.28022408 -1.69598830
v -1.67681432 1.28877664 -1.73184204
v -1.66399682 1.29190695 -1.71803427
v -1.65479779 1.28361106 -1.72517931
v -1.66777813 1.27918816 -1.73792708
v -1.69103873 1.28071690 -1.68023753
v -1.69134045 1.29201341 -1.68864775
v -1.70403326 1.27969694 -1.75669038
v -1.69028509 1.28442192 -1.74456143
v -1.68230140 1.27533245 -1.74974537
v -1.69760847 1.27044964 -1.76132870
v -1.73423719 1.22398543 -1.77720141
v -1.71743405 1.22406220 -1.76618552
v -1.72425342 1.22161996 -1.75724590
v -1.74094534 1.22274446 -1.76905584
v -1.72786701 1.26229191 -1.78497255
v -1.71274090 1.26627183 -1.77300930
v -1.72583163 1.25167918 -1.78759897
v -1.76264298 1.25484192 -1.75218046
v -1.74877048 1.25373888 -1.73620176
v -1.74817812 1.26633167 -1.73919117
v -1.76125264 1.26656961 -1.75510597
v -1.65835416 1.25654197 -1.74407327
v -1.67463505 1.25175941 -1.75517440
v -1.67725194 1.26397014 -1.75322509
v -1.66176021 1.26812613 -1.74207211
v -1.69656849 1.29437876 -1.71405685
v -1.70856142 1.29083574 -1.72879004
v -1.73422778 1.25235581 -1.72015917
v -1.71869624 1.25107634 -1.70440674
v -1.72047341 1.26653409 -1.70652747
v -1.73474395 1.26644993 -1.72287762
v -1.69432199 1.23575795 -1.69417930
v -1.71289444 1.23711419 -1.70765483
v -1.70457339 1.22758079 -1.71550834
v -1.68489289 1.22698975 -1.70357203
v -1.64147556 1.25022888 -1.73276436
v -1.64396024 1.26241136 -1.73259902
v -1.66160166 1.23159564 -1.73608935
v -1.64264607 1.23699188 -1.72713912
v -1.64792299 1.22864175 -1.71624327
v -1.66808629 1.22478664 -1.72592509
v -1.66054189 1.30119348 -1.68422806
v -1.66547847 1.30057108 -1.69513535
v -1.67401671 1.30055428 -1.68358684
v -1.66628540 1.30065536 -1.67161369
v -1.67787921 1.29308450 -1.67296040
v -1.66648662 1.29404640 -1.66123545
v -1.64579284 1.28932059 -1.64609516
v -1.65129972 1.28549743 -1.64763498
v -1.64093077 1.27624273 -1.64745867
v -1.63512647 1.28222466 -1.64740288
v -1.65291226 1.23369586 -1.67002499
v -1.67420650 1.23414469 -1.68166041
v -1.66365540 1.22689104 -1.69264460
v -1.64096642 1.22808492 -1.68172014
v -1.61591566 1.23473263 -1.69002926
v -1.63309515 1.22877598 -1.69466233
v -1.62884367 1.23381531 -1.70853913
v -1.61564803 1.24004221 -1.70391417
v -1.60576260 1.27985930 -1.70779455
v -1.60344946 1.26508415 -1.70080364
v -1.61038792 1.26664484 -1.71121025
v -1.61391819 1.27980685 -1.71698868
v -1.63203943 1.27586579 -1.71983659
v -1.64250135 1.28104699 -1.71713495
v -1.64844310 1.28978252 -1.72347307
v -1.63719487 1.28570151 -1.72606432
v -1.66845870 1.30832195 -1.67481601
v -1.66484940 1.30278516 -1.67186689
v -1.66121221 1.30397260 -1.65886974
v -1.66115558 1.31146944 -1.66217005
v -1.63409841 1.23547316 -1.66168761
v -1.61925721 1.23169851 -1.67455041
v -1.62651002 1.26943183 -1.71520925
v -1.62251830 1.26517320 -1.71457839
v -1.63056481 1.27429414 -1.71255612
v -1.63605273 1.27639830 -1.71241724
v -1.65314579 1.28905094 -1.69751084
v -1.64651179 1.28848493 -1.69784188
v -1.65312278 1.29509044 -1.68788862
v -1.65736973 1.29528379 -1.68550920
v -1.66192615 1.29991817 -1.67133963
v -1.65954673 1.30019474 -1.67517853
v -1.66215408 1.29979563 -1.66211545
v -1.66119933 1.30033946 -1.65800118
v -1.62311268 1.24188685 -1.65858269
v -1.61388326 1.24985588 -1.65998435
v -1.62214434 1.25880802 -1.65304589
v -1.63178933 1.25238431 -1.65158081
v -1.60904181 1.24719107 -1.70313966
v -1.60678530 1.24321401 -1.69087970
v -1.64412057 1.28921926 -1.70532453
v -1.63900900 1.28266573 -1.70708585
v -1.63658202 1.28099525 -1.71193039
v -1.65920877 1.29469073 -1.65266228
v -1.60055506 1.28050089 -1.69810295
v -1.60305810 1.29801774 -1.70782256
v -1.59913826 1.30053186 -1.69698334
v -1.59787035 1.28266323 -1.68749404
v -1.61029315 1.29693234 -1.71715069
v -1.61949515 1.29703689 -1.72556686
v -1.65508974 1.30436420 -1.73185968
v -1.64377046 1.30114150 -1.73442173
v -1.66515458 1.30884171 -1.72463393
v -1.65872335 1.29433417 -1.71631455
v -1.66711915 1.29926419 -1.70679092
v -1.67363524 1.31408226 -1.71436346
v -1.67273080 1.32538807 -1.68305421
v -1.66339993 1.32798660 -1.67054844
v -1.65056229 1.30942583 -1.65544462
v -1.65127337 1.32632041 -1.66335523
v -1.62102950 1.27070856 -1.71802616
v -1.61696255 1.26220417 -1.71346366
v -1.72971261 1.23872757 -1.72202361
v -1.74574971 1.24078488 -1.73694658
v -1.73900998 1.23095679 -1.74178374
v -1.72233772 1.22904384 -1.72812295
v -1.73152363 1.22436869 -1.74878860
v -1.74785829 1.22615480 -1.76156712
v -1.69973409 1.29002571 -1.73720670
v -1.71244025 1.28612232 -1.75092614
v -1.74468422 1.28266859 -1.77191699
v -1.65201783 1.29586768 -1.69613397
v -1.65529180 1.29490471 -1.70572519
v -1.62527120 1.27480507 -1.65120268
v -1.62119687 1.28385961 -1.65400767
v -1.63143408 1.28997171 -1.64985847
v -1.64549601 1.24982119 -1.65430903
v -1.65063059 1.26891541 -1.65084672
v -1.66980398 1.26704657 -1.66221738
v -1.66326296 1.24914491 -1.66224730
v -1.60686624 1.25973415 -1.66372156
v -1.60252273 1.27169538 -1.66888666
v -1.61059701 1.27761841 -1.65970874
v -1.61543202 1.26684630 -1.65569866
v -1.67040956 1.30337191 -1.69198084
v -1.66386223 1.29724360 -1.68756795
v -1.62620735 1.31805205 -1.66091931
v -1.63863599 1.32144952 -1.65971971
v -1.63971829 1.30529666 -1.65257192
v -1.62882507 1.30144691 -1.65415990
v -1.64228225 1.29558575 -1.64837968
v -1.61537719 1.31444073 -1.66623211
v -1.61786771 1.29670596 -1.65851474
v -1.67698467 1.31989563 -1.69975114
v -1.60067880 1.28713036 -1.67623234
v -1.60048175 1.30526161 -1.68546021
v -1.60655534 1.31015396 -1.67427206
v -1.60791194 1.29194939 -1.66584051
v -1.71419847 1.22331560 -1.73659754
v -1.69589841 1.22292876 -1.72535717
v -1.61781180 1.24960685 -1.71446824
v -1.62692940 1.24356771 -1.71969008
v -1.61493599 1.25543833 -1.71201515
v -1.69413257 1.23400867 -1.76306593
v -1.71208036 1.23178387 -1.77349567
v -1.65781891 1.24350441 -1.74278593
v -1.67580104 1.23815608 -1.75298810
v -1.70142233 1.24980485 -1.68952894
v -1.60152364 1.25243843 -1.68438649
v -1.60612094 1.24188888 -1.67917061
v -1.60345459 1.25291693 -1.69485819
v -1.63166845 1.29872656 -1.73210168
v -1.62506926 1.28193212 -1.72356713
v -1.61448228 1.23790693 -1.66616333
v -1.63790429 1.31985974 -1.74296534
v -1.66059709 1.28240657 -1.65416503
v -1.65269756 1.30066729 -1.65132999
v -1.65533280 1.29588902 -1.64953899
v -1.75851953 1.27627778 -1.75895286
v -1.68706083 1.29411530 -1.72369695
v -1.64664185 1.28676450 -1.71394849
v -1.63979518 1.27803314 -1.71949458
v -1.60004401 1.26488280 -1.69057035
v -1.59892178 1.26679516 -1.68027294
v -1.60234332 1.25471246 -1.67437184
v -1.65243924 1.28641200 -1.71043861
v -1.66099060 1.29181957 -1.70217967
v -1.72894466 1.23028398 -1.78397548
v -1.64511693 1.28288579 -1.70613599
v -1.67491376 1.28097057 -1.66571355
v -1.55806923 1.53194690 -1.88858914
v -1.55052102 1.51754105 -1.90576887
v -1.55441034 1.53113198 -1.90639234
v -1.70291948 1.34317493 -1.81558609
v -1.73039484 1.31516814 -1.85839581
v -1.72080004 1.31814575 -1.84267354
v -1.68417060 1.41007602 -1.79520881
v -1.68719125 1.39881015 -1.79800534
v -1.66481805 1.44606853 -1.78346741
v -1.66901636 1.44019449 -1.78728437
v -1.71290696 1.37868214 -1.80874157
v -1.62480307 1.73247766 -1.84338009
v -1.62394905 1.72573423 -1.84524763
v -1.61970031 1.74496531 -1.83928239
v -1.75876606 1.19342113 -1.98044062
v -1.75867271 1.17369270 -1.99267662
v -1.76069105 1.16546702 -1.99331152
v -1.64312077 1.72324657 -1.84843075
v -1.64037669 1.71685791 -1.85086834
v -1.64222085 1.72003555 -1.84685397
v -1.64450526 1.72576344 -1.84834135
v -1.64454401 1.72478104 -1.84882689
v -1.62917697 1.75073314 -1.83946836
v -1.62576330 1.71841002 -1.84928560
v -1.62975538 1.71095622 -1.85360432
v -1.63818729 1.73985589 -1.84418464
v -1.56388152 1.17771816 -1.87115872
v -1.56163776 1.15667510 -1.86652792
v -1.55228126 1.15863526 -1.88946247
v -1.55629253 1.18013668 -1.89286530
v -1.53940928 1.14245844 -1.91304028
v -1.54328036 1.16225708 -1.91488564
v -1.54849708 1.13645160 -1.88622582
v -1.61618984 1.09829307 -1.79125404
v -1.61517894 1.12147939 -1.79273510
v -1.64039135 1.12638235 -1.78545594
v -1.64186049 1.10353875 -1.78367627
v -1.66528928 1.14645875 -1.78841996
v -1.66756654 1.12926245 -1.78448820
v -1.63943219 1.14503801 -1.78977883
v -1.69074512 1.14712536 -1.79473591
v -1.69258702 1.13045216 -1.79138339
v -1.71235442 1.14664936 -1.80734217
v -1.71455085 1.12896705 -1.80453563
v -1.73288167 1.12714982 -1.82170260
v -1.74707282 1.12412786 -1.84413040
v -1.76192045 1.09810960 -1.86929619
v -1.75721705 1.11786592 -1.86995947
v -1.76438880 1.11062694 -1.89504242
v -1.76778305 1.10475266 -1.92057681
v -1.76847851 1.10209942 -1.94216299
v -1.76601958 1.10285509 -1.96077728
v -1.76191306 1.10274148 -1.97721934
v -1.75593030 1.10291541 -1.99099302
v -1.75176919 1.08214390 -1.98954010
v -1.70995867 1.52232015 -1.84930658
v -1.62356246 1.59821224 -1.82910061
v -1.65149689 1.59614468 -1.81585419
v -1.62756395 1.59371543 -1.81710625
v -1.59300780 1.54460359 -1.79436088
v -1.57871985 1.53988981 -1.80927777
v -1.58823812 1.55641246 -1.80770755
v -1.60650671 1.56242752 -1.79166734
v -1.60527122 1.59187531 -1.83557141
v -1.60451722 1.59492970 -1.84400332
v -1.60514224 1.58776975 -1.82536101
v -1.58931041 1.58039272 -1.83866715
v -1.57936823 1.57414818 -1.85468233
v -1.67444289 1.57783222 -1.77322888
v -1.68231308 1.56765068 -1.76106799
v -1.65899301 1.56299198 -1.76115441
v -1.65108585 1.57041681 -1.77077854
v -1.60913908 1.52774358 -1.77630866
v -1.61817193 1.52500558 -1.76817131
v -1.60976672 1.51173341 -1.77020311
v -1.60071039 1.51292026 -1.77875602
v -1.69308698 1.52027559 -1.73502994
v -1.69368863 1.50313962 -1.72847056
v -1.67606592 1.50743258 -1.72485089
v -1.67515552 1.52390361 -1.73301852
v -1.62974024 1.53894246 -1.76678252
v -1.55360878 1.42459118 -1.82905960
v -1.56317377 1.43122149 -1.81517899
v -1.57566690 1.43919790 -1.80314064
v -1.60400665 1.45824766 -1.77586114
v -1.59981239 1.43957639 -1.78477883
v -1.59632254 1.45362687 -1.78320122
v -1.61005223 1.46177769 -1.76871407
v -1.61483276 1.46285844 -1.76362097
v -1.71331525 1.48193014 -1.77696586
v -1.71004236 1.46570289 -1.78820550
v -1.70448804 1.45755076 -1.78144789
v -1.62148523 1.45424247 -1.75613558
v -1.62193406 1.45018554 -1.75835991
v -1.62230849 1.45305181 -1.76230419
v -1.62102449 1.45735276 -1.76040554
v -1.66554928 1.58484221 -1.78529453
v -1.66038394 1.50599205 -1.72582483
v -1.64809525 1.50156319 -1.72942519
v -1.64643919 1.51338196 -1.73830533
v -1.65925014 1.52044666 -1.73527384
v -1.63840485 1.49658132 -1.73306549
v -1.63130975 1.49065733 -1.73716235
v -1.62898850 1.49908948 -1.74541998
v -1.63653207 1.50673652 -1.74217761
v -1.62150240 1.45886946 -1.75298941
v -1.61999464 1.46360409 -1.75864613
v -1.70452344 1.47624946 -1.73359764
v -1.71037793 1.54684210 -1.76077998
v -1.70588672 1.56180358 -1.77032804
v -1.71974587 1.54579544 -1.78500509
v -1.71997440 1.53100812 -1.77635765
v -1.66116726 1.43892181 -1.77724934
v -1.65199673 1.43561625 -1.77370167
v -1.64183652 1.43233967 -1.77050316
v -1.62827027 1.44492292 -1.76850188
v -1.63285255 1.43076861 -1.76739883
v -1.69428778 1.43909073 -1.78490794
v -1.70180821 1.44580543 -1.77660787
v -1.71916735 1.52325487 -1.79833126
v -1.71911907 1.51068091 -1.79118812
v -1.69268596 1.48409486 -1.72172618
v -1.67613316 1.48941433 -1.71787107
v -1.61518669 1.43578851 -1.74806488
v -1.61855233 1.44187403 -1.75392032
v -1.61856365 1.44653440 -1.75078928
v -1.62271798 1.44048476 -1.77272165
v -1.62414515 1.44853044 -1.76534510
v -1.68857932 1.55441046 -1.75042295
v -1.64876080 1.48852706 -1.72179699
v -1.66121209 1.49008942 -1.71865940
v -1.63286924 1.51471376 -1.75066578
v -1.62597740 1.52095044 -1.75941598
v -1.63665700 1.53222251 -1.75712144
v -1.64226282 1.52331805 -1.74800253
v -1.62678623 1.47307980 -1.73410141
v -1.63206637 1.48007751 -1.72948396
v -1.61831594 1.50954747 -1.76216829
v -1.62478924 1.50512934 -1.75378382
v -1.61891508 1.45184851 -1.74719930
v -1.71744633 1.53350818 -1.80538392
v -1.71468711 1.51721716 -1.82362390
v -1.71548939 1.51062131 -1.81453609
v -1.71567774 1.50096655 -1.80812287
v -1.71481979 1.48891842 -1.80154598
v -1.71338356 1.47579324 -1.79544830
v -1.71314859 1.52040410 -1.83540392
v -1.60700023 1.24506247 -1.66974294
v -1.61470723 1.43034983 -1.75106156
v -1.61297929 1.42843831 -1.74068117
v -1.61210811 1.42190456 -1.74250257
v -1.61737061 1.38737965 -1.70213342
v -1.75134146 1.71645129 -1.93762481
v -1.75060284 1.71040702 -1.93792546
v -1.74530160 1.73827446 -1.93570793
v -1.74670517 1.73512673 -1.93616188
v -1.63111377 1.26794791 -1.64951241
v -1.63787270 1.26248145 -1.64993834
v -1.68298805 1.24936080 -1.67520988
v -1.68789017 1.26667798 -1.67597556
v -1.70490563 1.26649773 -1.69087481
v -1.68485296 1.29766214 -1.69833457
v -1.67492950 1.29775822 -1.70897532
v -1.64866984 1.27330160 -1.73001206
v -1.65513146 1.22562099 -1.70414424
v -1.77518451 1.28026438 -1.79460955
v -1.78619349 1.27937269 -1.80985212
v -1.79364550 1.27749133 -1.80368280
v -1.78232157 1.27692151 -1.78857541
v -1.79660344 1.27982402 -1.82422423
v -1.77956605 1.27684057 -1.81551194
v -1.79014492 1.27580166 -1.82905042
v -1.77443600 1.27059543 -1.81899941
v -1.78584039 1.26913548 -1.83183789
v -1.78337169 1.26089334 -1.83338737
v -1.77149761 1.26239121 -1.82103240
v -1.77065551 1.25373161 -1.82234204
v -1.78324234 1.25223255 -1.83425450
v -1.75654936 1.24628854 -1.81061399
v -1.75774598 1.23688209 -1.80957782
v -1.77356958 1.23686600 -1.82049513
v -1.77161407 1.24485660 -1.82243371
v -1.79737496 1.22830963 -1.82265651
v -1.78238630 1.22628665 -1.81154990
v -1.78862059 1.22787869 -1.80511057
v -1.80313408 1.22982883 -1.81684208
v -1.78559124 1.23818588 -1.78319633
v -1.80059135 1.23998749 -1.79539466
v -1.79501736 1.23274660 -1.79932308
v -1.77953148 1.23069477 -1.78731203
v -1.81463850 1.24136364 -1.80668259
v -1.80216134 1.24924469 -1.79435563
v -1.81521475 1.25119483 -1.80650795
v -1.75621903 1.28097534 -1.78645146
v -1.76389039 1.28107715 -1.77981603
v -1.75258052 1.28200889 -1.76509333
v -1.75838828 1.26507580 -1.80810773
v -1.76187682 1.27326775 -1.80546618
v -1.74957263 1.27613246 -1.79178429
v -1.74506867 1.26825142 -1.79507375
v -1.72595596 1.24036002 -1.78765655
v -1.74203718 1.23812175 -1.79847217
v -1.74140024 1.24875069 -1.79889274
v -1.75684524 1.25605094 -1.80966055
v -1.74273610 1.25896657 -1.79721475
v -1.76094043 1.22881913 -1.80591762
v -1.77704394 1.22954702 -1.81690991
v -1.78617489 1.26801729 -1.78482354
v -1.79852748 1.26954198 -1.79916799
v -1.80119431 1.25964546 -1.79652143
v -1.78853750 1.25818276 -1.78234887
v -1.74486685 1.22927833 -1.79491103
v -1.77390146 1.26744783 -1.77027023
v -1.77566946 1.25654125 -1.76763093
v -1.78850496 1.24745023 -1.78094220
v -1.77484095 1.24532068 -1.76693141
v -1.80996859 1.27114773 -1.81223154
v -1.80438876 1.27845335 -1.81738901
v -1.77029216 1.27636504 -1.77378261
v -1.76650274 1.22475493 -1.79977608
v -1.75050724 1.22435641 -1.78849101
v -1.75707984 1.22404754 -1.78089511
v -1.77288616 1.22581112 -1.79300129
v -1.75463355 1.23350835 -1.75550056
v -1.77027941 1.23574936 -1.76989627
v -1.76368785 1.22848439 -1.77470684
v -1.80927050 1.23390532 -1.81053305
v -1.76043403 1.24313879 -1.75234258
v -1.84390318 1.26565528 -1.88835406
v -1.84322321 1.27302122 -1.89537275
v -1.83380473 1.27114391 -1.89317966
v -1.83471096 1.26346874 -1.88523185
v -1.81154954 1.26949263 -1.88800561
v -1.81473649 1.27891374 -1.89601123
v -1.80890417 1.28503799 -1.89120626
v -1.80448067 1.27616239 -1.88255954
v -1.84316432 1.28108859 -1.89939368
v -1.83363235 1.27856112 -1.89828134
v -1.84243870 1.28814316 -1.89739490
v -1.85170436 1.28411078 -1.90086496
v -1.85342300 1.29057860 -1.89735973
v -1.86196303 1.29200792 -1.89973605
v -1.86682510 1.29252231 -1.89179206
v -1.85549796 1.29362535 -1.88603473
v -1.86564159 1.27813005 -1.86780071
v -1.87541986 1.27858424 -1.87875688
v -1.87831712 1.26980889 -1.87299967
v -1.86772966 1.26945233 -1.86276686
v -1.87553144 1.25179672 -1.86604428
v -1.86543882 1.25286794 -1.85676658
v -1.86677790 1.26115859 -1.85995948
v -1.87745631 1.26091635 -1.87037563
v -1.84617138 1.25462258 -1.87812412
v -1.84495091 1.25922632 -1.88143802
v -1.83664846 1.25664949 -1.87720323
v -1.83790314 1.25176454 -1.87333643
v -1.83815730 1.29682148 -1.89764822
v -1.83783233 1.29419899 -1.90012074
v -1.84462941 1.29280233 -1.89280450
v -1.84157217 1.29471409 -1.88743687
v -1.81883097 1.23553443 -1.86097181
v -1.81600320 1.24159801 -1.86244023
v -1.80788338 1.24313021 -1.85526800
v -1.81049693 1.23613298 -1.85288215
v -1.80059552 1.26326346 -1.86652088
v -1.80038810 1.27445292 -1.85923338
v -1.79808080 1.27008390 -1.85293412
v -1.80083799 1.25833011 -1.85927963
v -1.80176604 1.26875746 -1.87416196
v -1.80557621 1.28445196 -1.87495708
v -1.80215847 1.27889454 -1.86638904
v -1.81027615 1.29178250 -1.88509297
v -1.81456769 1.22917151 -1.84741259
v -1.82089055 1.22636056 -1.85240889
v -1.89614904 1.28816581 -1.93558097
v -1.89212489 1.28836823 -1.93184114
v -1.89377046 1.28336453 -1.93168473
v -1.89803970 1.28321552 -1.93533587
v -1.83173954 1.22936594 -1.83704865
v -1.82541025 1.22901702 -1.83426106
v -1.83068550 1.23480141 -1.82959986
v -1.83634996 1.23657739 -1.83323240
v -1.83965683 1.22904181 -1.84106064
v -1.84391916 1.23795485 -1.83834434
v -1.90570533 1.29479766 -1.92922473
v -1.90211296 1.29465365 -1.92447519
v -1.89777017 1.29464865 -1.92743742
v -1.90124428 1.29463243 -1.93203497
v -1.85135162 1.26841271 -1.89308977
v -1.85064149 1.27568793 -1.89912724
v -1.86579335 1.27695560 -1.90955758
v -1.86341751 1.28267193 -1.90936744
v -1.85717547 1.27922368 -1.90432668
v -1.85915947 1.27121782 -1.90032911
v -1.86201167 1.25516558 -1.88862562
v -1.86234581 1.26111412 -1.89383268
v -1.85467887 1.25990605 -1.88637185
v -1.85459447 1.25378525 -1.88161731
v -1.85426247 1.24289417 -1.87932014
v -1.85503650 1.23718023 -1.87940812
v -1.86189616 1.23767817 -1.88460565
v -1.86202383 1.24406743 -1.88527060
v -1.87654531 1.25071371 -1.89860713
v -1.87717402 1.24604273 -1.89673328
v -1.88551128 1.24776578 -1.90051425
v -1.88508976 1.25184250 -1.90248907
v -1.81996095 1.22855735 -1.83024991
v -1.82543647 1.23389328 -1.82523572
v -1.87020636 1.23403537 -1.86089492
v -1.87758946 1.23185349 -1.86726987
v -1.87256539 1.22316885 -1.86819685
v -1.86482835 1.22515118 -1.86157548
v -1.83962715 1.24559259 -1.83281946
v -1.83422720 1.24388599 -1.82823074
v -1.90992057 1.29172730 -1.92709804
v -1.90644348 1.29165006 -1.92213547
v -1.81762803 1.29618740 -1.87942469
v -1.81352913 1.28903532 -1.86789131
v -1.80997753 1.28299940 -1.85860205
v -1.80703437 1.27971292 -1.85197723
v -1.80383599 1.27815711 -1.84653950
v -1.86489141 1.26787043 -1.90246475
v -1.85043705 1.26217008 -1.88638699
v -1.84633029 1.25101948 -1.87612426
v -1.84784663 1.22449374 -1.87166381
v -1.84798491 1.23111057 -1.87461710
v -1.84099615 1.23149061 -1.87160885
v -1.84097493 1.22311020 -1.86627829
v -1.85962832 1.22033954 -1.86653376
v -1.86734235 1.21940136 -1.87277722
v -1.86377251 1.22098398 -1.87813532
v -1.85648143 1.22120595 -1.87264490
v -1.83691061 1.30075574 -1.89579761
v -1.83626616 1.29752183 -1.88457155
v -1.82655418 1.22512388 -1.84352815
v -1.82006729 1.22653151 -1.83999991
v -1.81443310 1.22834468 -1.83670211
v -1.82688034 1.24601769 -1.86795926
v -1.82661605 1.24910617 -1.87001121
v -1.81254804 1.24921167 -1.86654162
v -1.81441629 1.24533832 -1.86357141
v -1.82337236 1.26015759 -1.88336098
v -1.82318163 1.26860583 -1.89171278
v -1.81053388 1.26044357 -1.87943840
v -1.80501461 1.24938154 -1.85705209
v -1.79958355 1.25177336 -1.85042083
v -1.80271459 1.24459279 -1.84866989
v -1.80571473 1.23720837 -1.84603512
v -1.80961716 1.23076367 -1.84171796
v -1.79338157 1.25186837 -1.84394979
v -1.79625452 1.24435329 -1.84250414
v -1.79979455 1.23697209 -1.83963501
v -1.80383623 1.23130286 -1.83585882
v -1.82350266 1.24233639 -1.81558251
v -1.82896769 1.24286032 -1.82260787
v -1.81933880 1.23385978 -1.81942320
v -1.79425693 1.26953077 -1.84349918
v -1.79273140 1.26044202 -1.84398723
v -1.79773116 1.26022613 -1.85152555
v -1.79857409 1.27676749 -1.84001148
v -1.81757414 1.28610730 -1.90117383
v -1.82548630 1.28421700 -1.90140629
v -1.82711363 1.28903651 -1.90640175
v -1.82069600 1.29126084 -1.90684903
v -1.85849702 1.28688002 -1.90362775
v -1.86521280 1.28878403 -1.90745270
v -1.86951315 1.29266119 -1.90345693
v -1.82824099 1.22408307 -1.85675538
v -1.82660806 1.23228407 -1.86404169
v -1.87005556 1.27272928 -1.90937459
v -1.89739811 1.29427814 -1.91905916
v -1.88869035 1.29358506 -1.91025209
v -1.88314092 1.29328966 -1.91400027
v -1.89277160 1.29425573 -1.92251837
v -1.88087046 1.27283704 -1.91113985
v -1.88750005 1.27533197 -1.91530919
v -1.88158929 1.27730227 -1.91741478
v -1.87543285 1.27575696 -1.91284800
v -1.87691045 1.23998260 -1.89481211
v -1.88374031 1.24138081 -1.89780033
v -1.88412964 1.27712488 -1.89118528
v -1.87208855 1.28776431 -1.88313556
v -1.88048220 1.28710866 -1.89224637
v -1.86211228 1.24953079 -1.88621926
v -1.86952019 1.24496031 -1.89140344
v -1.86914980 1.24991620 -1.89285541
v -1.86871600 1.26641619 -1.90384817
v -1.86795175 1.26208019 -1.89955163
v -1.87382686 1.26422000 -1.90450144
v -1.87341869 1.26933467 -1.90794253
v -1.84988415 1.22015536 -1.86041021
v -1.85633492 1.22698641 -1.85399175
v -1.89399350 1.29242146 -1.93008018
v -1.89769423 1.29221022 -1.93424678
v -1.81386161 1.22929883 -1.82518446
v -1.80838394 1.22834921 -1.83093333
v -1.85429132 1.24850714 -1.87985730
v -1.86205828 1.28680897 -1.87441468
v -1.84584725 1.24672651 -1.87484491
v -1.88767147 1.24123168 -1.88052487
v -1.89371645 1.24126303 -1.88486063
v -1.89016736 1.23712075 -1.88857615
v -1.88480306 1.23576307 -1.88406813
v -1.89713919 1.27743936 -1.92217815
v -1.90296423 1.27834606 -1.92650187
v -1.89806366 1.27958763 -1.92960501
v -1.89178610 1.27906084 -1.92520654
v -1.87142861 1.27957475 -1.91335046
v -1.87759984 1.28108847 -1.91870356
v -1.87627745 1.28615570 -1.91851163
v -1.86930871 1.28475499 -1.91296792
v -1.87153780 1.28971171 -1.91107535
v -1.87874496 1.29065835 -1.91669977
v -1.90231478 1.27942610 -1.91853964
v -1.89334333 1.27759075 -1.91151536
v -1.89536476 1.28344417 -1.90740347
v -1.90408289 1.28532004 -1.91595912
v -1.85550535 1.25382710 -1.84781373
v -1.86385620 1.24391687 -1.85460460
v -1.85431910 1.24535239 -1.84593773
v -1.88484561 1.25034082 -1.87496519
v -1.88052046 1.24017215 -1.87353420
v -1.87304020 1.24245274 -1.86341810
v -1.86130893 1.23608208 -1.85325575
v -1.88691604 1.27169168 -1.90257835
v -1.88998401 1.27295411 -1.89766204
v -1.88786805 1.27955794 -1.90078604
v -1.84543324 1.24020612 -1.87435746
v -1.88868320 1.29215539 -1.92541850
v -1.82431722 1.28121901 -1.84105098
v -1.82942426 1.28276968 -1.84682870
v -1.83853793 1.27485013 -1.84073985
v -1.83166385 1.27470076 -1.83528805
v -1.88775361 1.28310287 -1.92725897
v -1.88643599 1.28797650 -1.92756701
v -1.87864339 1.23466992 -1.89285159
v -1.88281560 1.23201036 -1.89085698
v -1.88735211 1.23455524 -1.89269722
v -1.88470805 1.23699522 -1.89517808
v -1.85241258 1.23766160 -1.84495401
v -1.88263643 1.22939754 -1.87173796
v -1.87848628 1.22102654 -1.87347758
v -1.84612751 1.24608374 -1.83813500
v -1.84051692 1.25529838 -1.83375621
v -1.84702551 1.25483501 -1.83972573
v -1.88755190 1.25970781 -1.88284862
v -1.85656333 1.26132536 -1.85051799
v -1.84745777 1.26235282 -1.84246886
v -1.84024978 1.26428187 -1.83602417
v -1.83465457 1.26454973 -1.83093441
v -1.83541703 1.25495219 -1.82918763
v -1.90189040 1.29126871 -1.91639626
v -1.90879452 1.28601801 -1.92139733
v -1.82366204 1.25298238 -1.81567001
v -1.82971776 1.25405693 -1.82318687
v -1.82202888 1.26282632 -1.81785321
v -1.82884252 1.26391554 -1.82516408
v -1.84528339 1.27732861 -1.84935868
v -1.84706700 1.26983643 -1.84539008
v -1.85539639 1.27723038 -1.85826349
v -1.85688937 1.26893640 -1.85352826
v -1.88750982 1.26966298 -1.88346756
v -1.91679943 1.28266549 -1.93436277
v -1.91394413 1.27976799 -1.93638039
v -1.90779889 1.27880001 -1.93069935
v -1.91146564 1.28169155 -1.92827892
v -1.90720046 1.28069735 -1.92345428
v -1.91256607 1.28656805 -1.92640352
v -1.85112154 1.28527403 -1.86553669
v -1.88085532 1.26680791 -1.90774560
v -1.83720970 1.28528309 -1.85751975
v -1.83722198 1.29337525 -1.87205434
v -1.84718573 1.29299498 -1.87643135
v -1.82386100 1.29016531 -1.86175919
v -1.81915319 1.28522515 -1.85199940
v -1.81129062 1.28109217 -1.84136117
v -1.81510580 1.28224432 -1.84595466
v -1.80559778 1.28042245 -1.83531785
v -1.82682359 1.29641747 -1.87398303
v -1.90382087 1.28247452 -1.94037676
v -1.90155005 1.28744268 -1.94115210
v -1.81942928 1.28015673 -1.83565283
v -1.81310976 1.27891552 -1.82855237
v -1.82428133 1.27711797 -1.89793801
v -1.83709133 1.24514329 -1.87074351
v -1.83589590 1.23994350 -1.87027657
v -1.83409679 1.23176277 -1.86822081
v -1.83509398 1.22297609 -1.86200237
v -1.81914628 1.27270842 -1.82199359
v -1.78529322 1.24417913 -1.83368468
v -1.78860152 1.23686600 -1.83078599
v -1.81325901 1.26110077 -1.80864060
v -1.90254843 1.29165423 -1.94018126
v -1.89159405 1.25169969 -1.89845085
v -1.89170706 1.25308836 -1.90013659
v -1.81294346 1.29073083 -1.89768922
v -1.81746399 1.29578054 -1.90443933
v -1.82549822 1.30455852 -1.89838982
v -1.82099855 1.30127847 -1.88926089
v -1.81430888 1.29704416 -1.89332712
v -1.81959534 1.30087829 -1.90142441
v -1.82688046 1.24312556 -1.86711323
v -1.82715070 1.23888564 -1.86630046
v -1.84777701 1.22840142 -1.84679067
v -1.84172416 1.22151875 -1.85308456
v -1.87608612 1.29267395 -1.90774190
v -1.88165486 1.29233229 -1.90347695
v -1.87544167 1.29224789 -1.89779425
v -1.89325833 1.28976548 -1.90691948
v -1.88686407 1.27509892 -1.90740418
v -1.88516521 1.27065825 -1.90670729
v -1.82513535 1.25366068 -1.87490582
v -1.81100881 1.25362897 -1.87180817
v -1.83434451 1.28995788 -1.90291131
v -1.83322310 1.28502476 -1.90016758
v -1.86818206 1.25595009 -1.89535844
v -1.89579046 1.26214588 -1.89130986
v -1.89447963 1.26982105 -1.89148104
v -1.87455177 1.25723195 -1.90076900
v -1.90603673 1.29407156 -1.93843865
v -1.91060901 1.29453385 -1.93575037
v -1.88656855 1.28798079 -1.89945507
v -1.86932266 1.23848987 -1.89032948
v -1.89498150 1.25689387 -1.89558458
v -1.89243817 1.25500548 -1.88899612
v -1.87270236 1.21913636 -1.87706876
v -1.82595539 1.27380407 -1.82920361
v -1.90253508 1.27940404 -1.93343222
v -1.90837204 1.27919841 -1.93854642
v -1.91707265 1.28670669 -1.93285608
v -1.91471469 1.29142237 -1.93312788
v -1.83384132 1.22354376 -1.84789610
v -1.83798599 1.24857116 -1.87168384
v -1.79241669 1.23111808 -1.82710600
v -1.82906353 1.30107129 -1.88495028
v -1.83246696 1.30434382 -1.89564264
v -1.88141072 1.25848460 -1.90459037
v -1.88359869 1.23468590 -1.87745726
v -1.89673495 1.25359321 -1.88999045
v -1.89694583 1.24870086 -1.88456738
v -1.89167857 1.24928927 -1.88053870
v -1.89550209 1.25287545 -1.89570415
v -1.91911829 1.29143906 -1.93838120
v -1.92120886 1.28686440 -1.93802238
v -1.91515887 1.29454100 -1.94109797
v -1.91041028 1.29375029 -1.94324303
v -1.90683842 1.29130590 -1.94432855
v -1.92096889 1.28309202 -1.93919754
v -1.91815686 1.28047240 -1.94080710
v -1.91257513 1.27970660 -1.94242918
v -1.92444932 1.28295326 -1.94337916
v -1.92538214 1.28683138 -1.94322085
v -1.92268145 1.29407227 -1.95166016
v -1.92567658 1.29335856 -1.95082700
v -1.92372859 1.29331684 -1.94783831
v -1.92031896 1.29436636 -1.94650137
v -1.92569256 1.29315662 -1.95543075
v -1.92875719 1.29290867 -1.95424902
v -1.92838275 1.29111195 -1.94903529
v -1.92517602 1.29135656 -1.94590473
v -1.93179429 1.29061770 -1.95260000
v -1.93263781 1.28713131 -1.95168686
v -1.92917049 1.28762293 -1.94844770
v -1.92651236 1.28859878 -1.94575310
v -1.92291725 1.29144764 -1.94302356
v -1.92916214 1.29149365 -1.95796108
v -1.93298674 1.28829026 -1.95796490
v -1.93421578 1.28992867 -1.95581794
v -1.93099916 1.29213393 -1.95650518
v -1.91469920 1.29346967 -1.94758844
v -1.91913688 1.29271245 -1.95259953
v -1.92297447 1.29150581 -1.95647430
v -1.92687368 1.28952789 -1.95877647
v -1.91688013 1.29014218 -1.95387197
v -1.92169476 1.28891337 -1.95710194
v -1.92518127 1.28728604 -1.95860279
v -1.91662014 1.28654361 -1.95425856
v -1.92184186 1.28605914 -1.95705926
v -1.91100371 1.29102015 -1.94843543
v -1.90979958 1.28722572 -1.94865358
v -1.92449534 1.28574014 -1.95795000
v -1.93069005 1.28639269 -1.95838344
v -1.92895973 1.28479886 -1.94765210
v -1.93208551 1.28431857 -1.95159483
v -1.92793226 1.28234839 -1.94796717
v -1.93085194 1.28240132 -1.95219386
v -1.93488562 1.28712249 -1.95414424
v -1.93422270 1.28499842 -1.95510459
v -1.90551162 1.28731561 -1.94473016
v -1.90801537 1.28247356 -1.94369948
v -1.91198862 1.28258848 -1.94764185
v -1.91843975 1.28219008 -1.95319521
v -1.91650283 1.28005290 -1.94606960
v -1.92188346 1.28051615 -1.94476485
v -1.92587054 1.28065586 -1.94918489
v -1.92218816 1.27999640 -1.95099306
v -1.92866576 1.28112006 -1.95318222
v -1.92597520 1.28102434 -1.95456600
v -1.92350125 1.28295577 -1.95614493
v -1.92964041 1.28237629 -1.95612991
v -1.93216050 1.28335726 -1.95566726
v -1.92822969 1.28484046 -1.95806766
v -1.92615569 1.28377986 -1.95739675
v -1.92751586 1.28221345 -1.95627773
v -1.91351330 1.26204503 -1.93001711
v -1.90808237 1.26325893 -1.92500353
v -1.90913582 1.25860465 -1.92381799
v -1.91496253 1.25730634 -1.92865825
v -1.92010689 1.27046514 -1.92321670
v -1.91570985 1.27134776 -1.91796017
v -1.91175985 1.27034557 -1.92175651
v -1.91623509 1.26905167 -1.92715836
v -1.92362666 1.26661921 -1.91938972
v -1.91940880 1.26756406 -1.91400230
v -1.90994847 1.27246821 -1.91220844
v -1.89863789 1.27271926 -1.90365088
v -1.89459944 1.27073574 -1.90799093
v -1.90586972 1.27106619 -1.91639459
v -1.89795637 1.25354218 -1.90496588
v -1.89315426 1.25493670 -1.90740299
v -1.90924823 1.26705813 -1.92408848
v -1.91403687 1.26589859 -1.92946911
v -1.90911448 1.25373077 -1.91323078
v -1.91607916 1.25320339 -1.91854548
v -1.91207302 1.25477874 -1.92154443
v -1.90490651 1.25521469 -1.91639030
v -1.88988721 1.25960279 -1.90956903
v -1.88887751 1.26509333 -1.91153204
v -1.89124715 1.26863182 -1.91070282
v -1.91338766 1.25556278 -1.90980065
v -1.90290391 1.25620162 -1.90128875
v -1.90492642 1.26202893 -1.89829588
v -1.91545630 1.26109707 -1.90754366
v -1.90265930 1.26813436 -1.91900110
v -1.90185046 1.25944686 -1.91851997
v -1.90097463 1.26426256 -1.91989708
v -1.91369832 1.26831412 -1.90823901
v -1.92099941 1.26044250 -1.91344678
v -1.93149960 1.25503147 -1.92723250
v -1.92934251 1.25222623 -1.92984784
v -1.92180371 1.25237083 -1.92336011
v -1.92474353 1.25493944 -1.92065990
v -1.91944361 1.25528228 -1.91568542
v -1.92549205 1.26013899 -1.91869438
v -1.92331398 1.25565159 -1.93577158
v -1.92118490 1.26040351 -1.93712354
v -1.92132640 1.26427007 -1.93685770
v -1.90335476 1.26944423 -1.89881921
v -1.92308080 1.26724958 -1.93456507
v -1.92649376 1.26889324 -1.93054712
v -1.91801178 1.25350833 -1.92639232
v -1.92590880 1.25232971 -1.93312228
v -1.93177867 1.25955021 -1.92557836
v -1.92985857 1.26549053 -1.92627251
v -1.93539667 1.26416874 -1.93228936
v -1.93704212 1.25875688 -1.93131804
v -1.93231940 1.26771092 -1.93622684
v -1.92844141 1.26625967 -1.93944430
v -1.92635643 1.26343036 -1.94096613
v -1.93690050 1.25505173 -1.93239117
v -1.93469596 1.25246215 -1.93443966
v -1.93083692 1.25220633 -1.93713009
v -1.94193900 1.25459719 -1.93729639
v -1.94304395 1.25788879 -1.93716121
v -1.94624603 1.26368845 -1.95039117
v -1.94882882 1.26355290 -1.94844592
v -1.94493365 1.26419401 -1.94519234
v -1.94215786 1.26519668 -1.94655871
v -1.94262576 1.26447821 -1.94238210
v -1.93882048 1.26624632 -1.94159162
v -1.94787097 1.26221251 -1.94364941
v -1.94376576 1.26215219 -1.94049263
v -1.95191312 1.26125491 -1.94631398
v -1.95216048 1.25770330 -1.94533288
v -1.94740701 1.25856507 -1.94205189
v -1.94461715 1.25927496 -1.93980694
v -1.95067537 1.26189041 -1.95273221
v -1.95199597 1.26290011 -1.95079863
v -1.94079947 1.26294971 -1.93740547
v -1.93356550 1.26529670 -1.94332993
v -1.93890870 1.26407349 -1.94816768
v -1.94415903 1.26222086 -1.95195448
v -1.94871938 1.26006913 -1.95391893
v -1.93662035 1.26136684 -1.94939303
v -1.94248164 1.25994325 -1.95270824
v -1.94672644 1.25805163 -1.95367575
v -1.93616426 1.25737751 -1.94939578
v -1.94224882 1.25671411 -1.95234156
v -1.93071401 1.26255393 -1.94449782
v -1.92990160 1.25869715 -1.94425285
v -1.94558227 1.25646257 -1.95297670
v -1.95233023 1.25724602 -1.95292985
v -1.95474339 1.25901318 -1.95208633
v -1.95588529 1.26095581 -1.94959652
v -1.94699752 1.25626719 -1.94185495
v -1.95136821 1.25562167 -1.94596934
v -1.94677961 1.25393951 -1.94197237
v -1.95078564 1.25386047 -1.94632578
v -1.95550394 1.25753069 -1.94788980
v -1.95481575 1.25606143 -1.94913900
v -1.92614090 1.25954294 -1.94096589
v -1.92781198 1.25527477 -1.93954349
v -1.93143380 1.25445843 -1.94286060
v -1.93785167 1.25321054 -1.94773471
v -1.93481350 1.25161803 -1.94046617
v -1.93939614 1.25219727 -1.93846321
v -1.94465578 1.25209773 -1.94290221
v -1.94116640 1.25131571 -1.94490981
v -1.94871318 1.25274491 -1.94692183
v -1.94607139 1.25210142 -1.94837642
v -1.94350243 1.25347447 -1.95071518
v -1.95067418 1.25368965 -1.95013106
v -1.95313776 1.25457561 -1.94998038
v -1.94962955 1.25577867 -1.95260072
v -1.94705081 1.25451267 -1.95199966
v -1.94824553 1.25319505 -1.95022249
v -1.91273987 1.24206746 -1.91673934
v -1.90839124 1.24342489 -1.91287279
v -1.90737438 1.23869920 -1.91200876
v -1.91173804 1.23713243 -1.91607797
v -1.92041659 1.24679732 -1.90951705
v -1.91573143 1.24908209 -1.90466273
v -1.91343272 1.24899328 -1.90870893
v -1.91801465 1.24702382 -1.91281223
v -1.92197752 1.24319720 -1.90659690
v -1.91709244 1.24492919 -1.90118289
v -1.91052663 1.25072825 -1.90017462
v -1.90263832 1.25215220 -1.89413440
v -1.90001333 1.25151086 -1.89919591
v -1.90818429 1.25053275 -1.90493202
v -1.91084111 1.24698877 -1.91157115
v -1.91536987 1.24548423 -1.91545188
v -1.90418696 1.23337221 -1.90307271
v -1.91044819 1.23273683 -1.90693605
v -1.90830898 1.23472667 -1.90975463
v -1.90206516 1.23576295 -1.90582848
v -1.89105058 1.24119973 -1.90148377
v -1.89271176 1.24599206 -1.90295613
v -1.89629865 1.24909282 -1.90205634
v -1.90777814 1.23436677 -1.89922845
v -1.89791417 1.23603952 -1.89301157
v -1.90180397 1.24044085 -1.88952374
v -1.91074431 1.23939049 -1.89594495
v -1.90542948 1.24813223 -1.90818393
v -1.90115702 1.23965454 -1.90843296
v -1.90259182 1.24453354 -1.90943563
v -1.91152954 1.24624133 -1.89625323
v -1.91615486 1.23846710 -1.90084875
v -1.92709649 1.23191524 -1.91417396
v -1.92433441 1.22983897 -1.91676903
v -1.91568983 1.23110545 -1.91074824
v -1.91891634 1.23281527 -1.90772390
v -1.91344035 1.23358107 -1.90352058
v -1.92150080 1.23747611 -1.90593934
v -1.91917527 1.23495793 -1.92185950
v -1.91935062 1.23968911 -1.92285562
v -1.92176533 1.24304068 -1.92150080
v -1.90370584 1.24768400 -1.88976192
v -1.89393222 1.23487091 -1.89675951
v -1.92427504 1.24446392 -1.91940773
v -1.92686927 1.24435973 -1.91664612
v -1.91304481 1.23301959 -1.91356039
v -1.92093813 1.23098707 -1.91937006
v -1.92880356 1.23615217 -1.91276872
v -1.92876112 1.24134946 -1.91336334
v -1.93368864 1.23999381 -1.91822398
v -1.93403006 1.23501110 -1.91703629
v -1.93197465 1.24306679 -1.92153358
v -1.92900193 1.24280620 -1.92398310
v -1.92621481 1.24138975 -1.92547810
v -1.93228197 1.23108494 -1.91846466
v -1.92974627 1.22942197 -1.92070019
v -1.92575586 1.23032665 -1.92277551
v -1.93605888 1.23004603 -1.92173183
v -1.93828571 1.23382449 -1.92154229
v -1.94361341 1.23946154 -1.93399632
v -1.94522393 1.23858047 -1.93252218
v -1.94152701 1.23932457 -1.92973208
v -1.94006395 1.24071848 -1.93089461
v -1.93942285 1.24000263 -1.92696619
v -1.93679297 1.24167657 -1.92594135
v -1.94346702 1.23721600 -1.92715669
v -1.94011271 1.23805130 -1.92467833
v -1.94724000 1.23616338 -1.93003917
v -1.94640887 1.23236644 -1.92871332
v -1.94255686 1.23348260 -1.92603695
v -1.94034636 1.23503613 -1.92376828
v -1.94721496 1.23749745 -1.93584704
v -1.94813669 1.23768806 -1.93412876
v -1.93745291 1.23877716 -1.92220712
v -1.93303788 1.24177778 -1.92756236
v -1.93736613 1.24040294 -1.93218946
v -1.94137287 1.23883581 -1.93548286
v -1.94474089 1.23639464 -1.93710220
v -1.93474627 1.23863494 -1.93319070
v -1.93922400 1.23699021 -1.93619061
v -1.94226086 1.23499966 -1.93723941
v -1.93280375 1.23586869 -1.93346167
v -1.93782938 1.23460877 -1.93619144
v -1.93002820 1.24007881 -1.92879534
v -1.92764544 1.23726773 -1.92892861
v -1.94064236 1.23374927 -1.93678880
v -1.94704592 1.23247015 -1.93607473
v -1.94978535 1.23390305 -1.93476856
v -1.95061457 1.23529661 -1.93250060
v -1.94170713 1.23105478 -1.92534351
v -1.94533217 1.23017168 -1.92883039
v -1.93970346 1.22895026 -1.92581880
v -1.94361687 1.22863293 -1.92958760
v -1.94920981 1.23231769 -1.93080533
v -1.94849885 1.23079443 -1.93166208
v -1.92395031 1.23846579 -1.92597997
v -1.92362201 1.23415947 -1.92488074
v -1.92721438 1.23335576 -1.92775798
v -1.93279135 1.23189402 -1.93221843
v -1.92926717 1.22970843 -1.92547143
v -1.93300629 1.22888052 -1.92348993
v -1.93712449 1.22805524 -1.92725039
v -1.93434262 1.22886181 -1.92952657
v -1.94134665 1.22804642 -1.93099451
v -1.93907177 1.22869277 -1.93278646
v -1.93780553 1.23126864 -1.93501687
v -1.94367564 1.22913587 -1.93361223
v -1.94629359 1.22959757 -1.93260300
v -1.94381261 1.23182034 -1.93621397
v -1.94116127 1.23140204 -1.93592370
v -1.94150591 1.22934687 -1.93434894
v -1.89170241 1.23755217 -1.89904296
v -1.89965200 1.21987438 -1.89886236
v -1.89614785 1.22197986 -1.89622128
v -1.89452612 1.21839547 -1.89540207
v -1.89791572 1.21625137 -1.89799476
v -1.90731883 1.22224295 -1.89146185
v -1.90360224 1.22477102 -1.88814545
v -1.90161085 1.22609735 -1.89208508
v -1.90542972 1.22366369 -1.89526236
v -1.90713418 1.21807265 -1.88848519
v -1.90332747 1.22036731 -1.88493490
v -1.89844155 1.22735000 -1.88505888
v -1.88989782 1.23159027 -1.88028312
v -1.88872862 1.23171878 -1.88527071
v -1.89648080 1.22856593 -1.88915718
v -1.87659228 1.21881938 -1.88031757
v -1.88215101 1.21739352 -1.88371873
v -1.88158882 1.21977246 -1.88710904
v -1.87493134 1.22112346 -1.88405776
v -1.89874756 1.22488618 -1.89504981
v -1.90251720 1.22250009 -1.89784849
v -1.89024866 1.21460760 -1.88796818
v -1.89503133 1.21259952 -1.89042461
v -1.89414811 1.21503973 -1.89346862
v -1.88953722 1.21692300 -1.89133120
v -1.87548554 1.22460890 -1.88741374
v -1.88220239 1.22296238 -1.88952804
v -1.88376510 1.22655404 -1.89010417
v -1.87773955 1.22848773 -1.88994873
v -1.88622367 1.22925234 -1.88902867
v -1.89235675 1.21468127 -1.88423491
v -1.88388860 1.21749079 -1.87990761
v -1.88646388 1.22014916 -1.87603402
v -1.89555573 1.21739161 -1.88142920
v -1.89403665 1.22688413 -1.89241111
v -1.88989604 1.22020137 -1.89321792
v -1.89156699 1.22387397 -1.89378417
v -1.89810526 1.22310245 -1.88162065
v -1.90070736 1.21534920 -1.88476968
v -1.90642357 1.20760906 -1.89365470
v -1.90408254 1.20762444 -1.89624405
v -1.89884865 1.21036124 -1.89294887
v -1.90140915 1.21021605 -1.88969612
v -1.89751279 1.21249294 -1.88698125
v -1.90463710 1.21307254 -1.88782525
v -1.90278721 1.21349907 -1.90135896
v -1.90452254 1.21696651 -1.90258265
v -1.90720129 1.21955061 -1.90165937
v -1.88929319 1.22721767 -1.87579775
v -1.91007042 1.22051728 -1.89957941
v -1.91191375 1.21920574 -1.89627934
v -1.89769244 1.21281624 -1.89596343
v -1.90276015 1.21002173 -1.89913702
v -1.90944052 1.21027577 -1.89218712
v -1.91160369 1.21524060 -1.89305508
v -1.91562665 1.21323800 -1.89643741
v -1.91363740 1.20844805 -1.89549458
v -1.91552961 1.21711588 -1.89966452
v -1.91363728 1.21843123 -1.90250158
v -1.91050184 1.21733975 -1.90410256
v -1.91016698 1.20587647 -1.89687872
v -1.90799832 1.20618403 -1.89889288
v -1.90665352 1.20843506 -1.90102160
v -1.91416538 1.20457840 -1.89972949
v -1.91785014 1.20704532 -1.89896798
v -1.92421460 1.21250713 -1.90975690
v -1.92507696 1.21174896 -1.90788150
v -1.92262959 1.21275902 -1.90590668
v -1.92147624 1.21418500 -1.90719795
v -1.92071009 1.21333683 -1.90341508
v -1.91882145 1.21519756 -1.90297282
v -1.92314744 1.21025229 -1.90334177
v -1.92046082 1.21111107 -1.90132499
v -1.92620480 1.20890927 -1.90552998
v -1.92455029 1.20495272 -1.90491080
v -1.92197406 1.20621037 -1.90242016
v -1.92019069 1.20794821 -1.90059221
v -1.92683494 1.21016932 -1.91114187
v -1.92732751 1.21039069 -1.90928960
v -1.91850555 1.21194017 -1.89932716
v -1.91651726 1.21661997 -1.90505719
v -1.91978347 1.21474016 -1.90856099
v -1.92316818 1.21236372 -1.91177893
v -1.92534077 1.20902371 -1.91267955
v -1.91739392 1.21375811 -1.90946937
v -1.92087471 1.21110749 -1.91214013
v -1.92302382 1.20818567 -1.91279078
v -1.91472280 1.21208608 -1.90928829
v -1.91866088 1.20978808 -1.91183996
v -1.91362417 1.21593666 -1.90609276
v -1.91075516 1.21411896 -1.90607679
v -1.92097914 1.20820665 -1.91266060
v -1.92565024 1.20587671 -1.91152000
v -1.92765617 1.20644450 -1.91004586
v -1.92859316 1.20752478 -1.90767646
v -1.92036796 1.20421112 -1.90231454
v -1.92323935 1.20304716 -1.90552592
v -1.91771114 1.20323253 -1.90302622
v -1.92147589 1.20254135 -1.90690792
v -1.92689204 1.20475841 -1.90664840
v -1.92592502 1.20376468 -1.90805435
v -1.90784681 1.21504486 -1.90457714
v -1.90640903 1.21201348 -1.90356123
v -1.90904284 1.21077240 -1.90524650
v -1.91312325 1.20911241 -1.90833449
v -1.90944135 1.20732164 -1.90327954
v -1.91119802 1.20509255 -1.90121424
v -1.91535246 1.20366859 -1.90462530
v -1.91341388 1.20568466 -1.90656817
v -1.91943359 1.20321918 -1.90824616
v -1.91791439 1.20490646 -1.90964782
v -1.91753602 1.20746136 -1.91106176
v -1.92221367 1.20415676 -1.91061199
v -1.92415547 1.20351410 -1.90959513
v -1.92325354 1.20596457 -1.91211247
v -1.92088950 1.20649600 -1.91204190
v -1.92061388 1.20501888 -1.91103423
v -1.87893486 1.21865439 -1.87749827
v -1.84073150 1.30477226 -1.90576899
v -1.84158492 1.30068541 -1.90724206
v -1.83616614 1.29370499 -1.91220856
v -1.83008635 1.29342985 -1.91465712
v -1.82459831 1.29655111 -1.91506946
v -1.82330549 1.30142510 -1.91341722
v -1.82559049 1.30582750 -1.91112280
v -1.84060562 1.29663634 -1.90930486
v -1.83698869 1.30836916 -1.90534425
v -1.83058524 1.30849993 -1.90786541
v -1.83518231 1.31267285 -1.91647625
v -1.84137166 1.31228101 -1.91325879
v -1.82949173 1.31011426 -1.91970861
v -1.82671964 1.30508482 -1.92139757
v -1.82727861 1.29963028 -1.92177320
v -1.84493041 1.30828524 -1.91266656
v -1.84556389 1.30333364 -1.91338038
v -1.84299290 1.29863322 -1.91542339
v -1.84866595 1.31163323 -1.91966426
v -1.84700596 1.31682038 -1.92310607
v -1.83905816 1.31676650 -1.93856657
v -1.84081924 1.31993389 -1.93674493
v -1.83879924 1.31798685 -1.93321300
v -1.83621109 1.31494665 -1.93454874
v -1.83845079 1.31675982 -1.93030620
v -1.83496654 1.31408310 -1.92870462
v -1.84331799 1.32083797 -1.93078542
v -1.84246075 1.31876159 -1.92858624
v -1.84872377 1.32071674 -1.92924285
v -1.84633052 1.31957030 -1.92702127
v -1.84508789 1.32320166 -1.93431592
v -1.84312713 1.32160449 -1.93931794
v -1.84691083 1.32383728 -1.93793511
v -1.84298480 1.31943142 -1.94136250
v -1.84028268 1.31657648 -1.92500222
v -1.83067620 1.30834401 -1.92878807
v -1.83449399 1.31104040 -1.93533862
v -1.83863175 1.31353760 -1.94006002
v -1.84384930 1.31599522 -1.94239914
v -1.83536029 1.30623198 -1.93566465
v -1.84055007 1.31002188 -1.93997288
v -1.84511459 1.31288230 -1.94139540
v -1.83924937 1.30320203 -1.93365109
v -1.84362555 1.30811417 -1.93814278
v -1.83035982 1.30230260 -1.92823720
v -1.83424044 1.29823935 -1.92582393
v -1.84621799 1.31106424 -1.93988168
v -1.84943783 1.31809115 -1.94148648
v -1.84862339 1.32190049 -1.94117332
v -1.85125923 1.31834674 -1.92798162
v -1.85003221 1.32286429 -1.93248892
v -1.85289562 1.32024646 -1.93247771
v -1.85241735 1.31446671 -1.92663479
v -1.85401940 1.31676972 -1.93274188
v -1.85052586 1.32403362 -1.93580317
v -1.85258782 1.32189322 -1.93700576
v -1.83183944 1.29584503 -1.92033100
v -1.83777893 1.29575276 -1.91805530
v -1.84004593 1.29830194 -1.92293549
v -1.84444940 1.30323064 -1.93025708
v -1.84585512 1.30133390 -1.92071831
v -1.84897363 1.30651987 -1.91917753
v -1.85205245 1.31026745 -1.92683947
v -1.84950817 1.30586374 -1.92800665
v -1.85324168 1.31330538 -1.93322575
v -1.85109210 1.31025171 -1.93407679
v -1.84758270 1.30831647 -1.93604755
v -1.85221493 1.31482470 -1.93744195
v -1.85311913 1.31827784 -1.93776083
v -1.84928882 1.31465483 -1.94033802
v -1.84886086 1.31186593 -1.93873072
v -1.85102808 1.31252360 -1.93699646
v -1.86952257 1.22091472 -1.88185179
v -1.86931658 1.22545719 -1.88573158
v -1.86298335 1.22554994 -1.88152266
v -1.85539520 1.22509813 -1.87669897
v -1.85051298 1.22088516 -1.86876523
v -1.85530770 1.23115444 -1.87886775
v -1.86277926 1.23112893 -1.88384259
v -1.87128115 1.23139691 -1.88906097
v -1.84947896 1.23627877 -1.87612057
v -1.71419156 1.77970171 -1.88871598
v -1.71332300 1.77810454 -1.88527966
v -1.71245217 1.77115357 -1.88505971
v -1.71375322 1.77176535 -1.88781261
v -1.71477485 1.77318859 -1.89076507
v -1.71494651 1.77407241 -1.89463615
v -1.71350121 1.78200340 -1.89909053
v -1.71441305 1.78177392 -1.89340055
v -1.71098721 1.77585149 -1.90938210
v -1.71100581 1.77700698 -1.90740454
v -1.71157920 1.77504849 -1.90886354
v -1.71358502 1.77460098 -1.90313411
v -1.71209896 1.77490783 -1.90663767
v -1.71116436 1.77355289 -1.88192797
v -1.71046317 1.77204597 -1.88116431
v -1.71219409 1.77607203 -1.88315523
v -1.71461260 1.77495027 -1.89878416
v -1.71031046 1.77111912 -1.88153052
v -1.71097970 1.77084696 -1.88292563
v -1.71198905 1.77959800 -1.90417731
v -1.71432209 1.77523780 -1.89002168
v -1.71464503 1.77621317 -1.89403546
v -1.71398222 1.77965045 -1.89852881
v -1.71450257 1.77906346 -1.89349127
v -1.71340954 1.77647710 -1.90245771
v -1.71240592 1.77630639 -1.90487814
v -1.71358836 1.77351415 -1.88727736
v -1.71427178 1.77701426 -1.89835942
v -1.71432328 1.77706683 -1.88937283
v -1.71206367 1.77697825 -1.90531373
v -1.71297586 1.77839994 -1.90299034
v -1.71084809 1.77240849 -1.88177800
v -1.71084070 1.77146149 -1.88230371
v -1.70689499 1.51172972 -1.94381130
v -1.71365297 1.49203432 -1.94599116
v -1.71338880 1.77520359 -1.88644314
v -1.71151888 1.77169371 -1.88341260
v -1.71255517 1.77234912 -1.88510334
v -1.71237969 1.77376199 -1.88449049
v -1.71148121 1.77260208 -1.88298488
v -1.69101155 1.38372469 -1.74063873
v -1.68342865 1.37626100 -1.75232005
v -1.67558300 1.40059638 -1.69840002
v -1.65748155 1.40777183 -1.69403243
v -1.76054680 1.22806263 -1.92960608
v -1.60426521 1.27575815 -1.82773519
v -1.60061264 1.29410911 -1.82571316
v -1.55808723 1.29946733 -1.87869763
v -1.56617403 1.29438663 -1.86282849
v -1.70095050 1.26834893 -1.83135927
v -1.70485604 1.25097203 -1.83303618
v -1.73812997 1.26175165 -1.88181019
v -1.74088192 1.24354732 -1.88581038
v -1.72557569 1.23132229 -1.85076606
v -1.58232713 1.24451351 -1.84638309
v -1.57933438 1.26602244 -1.84886229
v -1.59237349 1.26124287 -1.83629656
v -1.59417427 1.24096680 -1.83300304
v -1.55928981 1.28171790 -1.89833784
v -1.55454910 1.30330765 -1.89648056
v -1.68036461 1.28919744 -1.81736803
v -1.65853989 1.29313457 -1.81127810
v -1.61683798 1.30363882 -1.81520116
v -1.59860373 1.31155860 -1.82187927
v -1.57065725 1.33028281 -1.84329164
v -1.58356762 1.32095122 -1.83106077
v -1.74567688 1.28026319 -1.89590430
v -1.74846029 1.29908860 -1.91180134
v -1.69971859 1.28633285 -1.82909966
v -1.75221205 1.28350568 -1.95780098
v -1.54549873 1.36961937 -1.87095213
v -1.55502975 1.36346817 -1.85246587
v -1.63709557 1.29776692 -1.81164777
v -1.74259925 1.44479728 -1.93844748
v -1.75249004 1.42767155 -1.94184434
v -1.75611615 1.43077207 -1.92513287
v -1.74550438 1.44754303 -1.92144620
v -1.75858366 1.43260276 -1.90881026
v -1.75933504 1.43344235 -1.89304292
v -1.75823271 1.43326128 -1.87851727
v -1.74877238 1.42793441 -1.84407389
v -1.75285780 1.43052244 -1.85415328
v -1.73780429 1.42045152 -1.82677448
v -1.74370790 1.42495263 -1.83510089
v -1.73072028 1.41137433 -1.81866932
v -1.72060847 1.40081191 -1.81148505
v -1.70783377 1.39120841 -1.80568182
v -1.70240855 1.40343761 -1.80351937
v -1.72647512 1.38853467 -1.81444645
v -1.73683822 1.39948797 -1.82137752
v -1.74523795 1.40706122 -1.82953453
v -1.76255441 1.38478959 -1.96048594
v -1.76064765 1.36009431 -1.95778370
v -1.70114434 1.53055954 -1.94171596
v -1.67609513 1.22359860 -1.71451664
v -1.76759541 1.27900362 -1.80087113
v -1.57353044 1.56953311 -1.87274384
v -1.56832874 1.56702042 -1.89256358
v -1.56276214 1.55484653 -1.90765858
v -1.56619132 1.56542945 -1.90861666
v -1.62900627 1.58838856 -1.80590320
v -1.60402894 1.58133173 -1.81646764
v -1.58565271 1.57315576 -1.83197427
v -1.57485294 1.56518459 -1.85143101
v -1.71584904 1.30138874 -1.84264934
v -1.56098855 1.53543520 -1.86806118
v -1.57069325 1.55434072 -1.84861767
v -1.58081770 1.56284189 -1.82762790
v -1.59882009 1.57167065 -1.80934286
v -1.62737691 1.58083940 -1.79297507
v -1.64126337 1.57620263 -1.78076959
v -1.64171684 1.55159760 -1.76366997
v -1.64958417 1.54312730 -1.75466013
v -1.66651809 1.55221415 -1.75053942
v -1.67142844 1.53896308 -1.74153090
v -1.65516508 1.53254175 -1.74503088
v -1.65329826 1.44133413 -1.70434642
v -1.64661241 1.42617333 -1.70080519
v -1.63642657 1.41611636 -1.70049441
v -1.62669814 1.40898919 -1.70388508
v -1.61869240 1.40620255 -1.71101665
v -1.61325741 1.40741992 -1.72106457
v -1.61120808 1.41374612 -1.73229289
v -1.61844623 1.43759799 -1.75709569
v -1.62255299 1.44582725 -1.76111460
v -1.62070286 1.43352771 -1.77774179
v -1.61749589 1.42598689 -1.78140640
v -1.59454906 1.38650250 -1.80092514
v -1.60280943 1.40085757 -1.79519963
v -1.58677661 1.37143254 -1.80756521
v -1.58073139 1.13623965 -1.82410538
v -1.58242476 1.15637994 -1.83026111
v -1.59816384 1.15816879 -1.81572020
v -1.59590805 1.13844442 -1.80915916
v -1.56254792 1.20370817 -1.89626598
v -1.56776512 1.20162940 -1.87566209
v -1.68899512 1.16206908 -1.79960990
v -1.66279435 1.16192269 -1.79461312
v -1.63824284 1.16120791 -1.79648697
v -1.61646366 1.16028607 -1.80394793
v -1.71031451 1.16262555 -1.81119454
v -1.76991963 1.14451706 -1.91517532
v -1.76315868 1.14907753 -1.89334154
v -1.76853085 1.13864207 -1.97561002
v -1.77204442 1.13921571 -1.95737040
v -1.72847497 1.16094041 -1.82755876
v -1.77300119 1.14118171 -1.93714893
v -1.75377285 1.15379381 -1.87108386
v -1.74278104 1.15754628 -1.84805787
v -1.58380878 1.17691803 -1.83649755
v -1.57286084 1.17759001 -1.85303450
v -1.57575011 1.20053959 -1.85775626
v -1.53616810 1.44144285 -1.86897576
v -1.54261959 1.44183791 -1.85062027
v -1.54942513 1.44444895 -1.83300090
v -1.55976927 1.46854496 -1.81761599
v -1.57048857 1.47416043 -1.80295563
v -1.57161522 1.45592713 -1.80402064
v -1.56027520 1.45018637 -1.81685805
v -1.59332085 1.48260617 -1.78062701
v -1.60147703 1.48416281 -1.77300525
v -1.60190654 1.47064793 -1.77430034
v -1.59378791 1.46760774 -1.78188407
v -1.60801470 1.47264588 -1.76706040
v -1.61446321 1.47284091 -1.76068842
v -1.62040782 1.47073841 -1.75658488
v -1.62181020 1.46550739 -1.74961543
v -1.62636697 1.48259187 -1.74154603
v -1.62381363 1.49012017 -1.74915409
v -1.59533262 1.49776947 -1.77976465
v -1.58400524 1.49612331 -1.78985894
v -1.54483378 1.47421122 -1.87029552
v -1.54292464 1.47075021 -1.88820863
v -1.69146931 1.38623786 -1.80009055
v -1.67422366 1.38356411 -1.79401231
v -1.65792894 1.38455081 -1.79072320
v -1.64360750 1.38783622 -1.78915715
v -1.63070095 1.39342308 -1.78814673
v -1.61871850 1.40048790 -1.78839421
v -1.60805464 1.40955210 -1.78947496
v -1.61313891 1.41837025 -1.78520536
v -1.59904206 1.42033827 -1.79079795
v -1.60544324 1.42799187 -1.78534198
v -1.59140062 1.43231487 -1.79233444
v -1.58580327 1.44637442 -1.79237700
v -1.58278453 1.46257436 -1.79220819
v -1.58228648 1.47894168 -1.79044950
v -1.56132436 1.48718703 -1.81582046
v -1.57250953 1.49192858 -1.80104768
v -1.55638707 1.50105786 -1.83006239
v -1.56252933 1.51811254 -1.82779598
v -1.54844308 1.46296418 -1.83414102
v -1.55153108 1.48227823 -1.83223426
v -1.61616719 1.60222495 -1.84423542
v -1.59885669 1.59773731 -1.85936224
v -1.61624432 1.42968071 -1.72773314
v -1.61525750 1.42025304 -1.72419250
v -1.61285365 1.42295194 -1.73240352
v -1.61420870 1.42909074 -1.73304784
v -1.61924410 1.42049253 -1.71731269
v -1.62432063 1.43551242 -1.71831322
v -1.62545085 1.42373216 -1.71195781
v -1.61955345 1.43133748 -1.72259152
v -1.63294923 1.42989969 -1.70863152
v -1.63019145 1.44086385 -1.71529675
v -1.63963079 1.43791628 -1.70735979
v -1.63595510 1.44696915 -1.71305990
v -1.64056325 1.45184481 -1.71187496
v -1.64530110 1.44761157 -1.70830607
v -1.63927424 1.48565483 -1.72563028
v -1.64013374 1.47344398 -1.71962249
v -1.64031041 1.46113527 -1.71478450
v -1.62025344 1.45803297 -1.74279213
v -1.61930823 1.44983435 -1.73525500
v -1.61943054 1.44099128 -1.72848308
v -1.62345672 1.44588244 -1.72446454
v -1.62281919 1.45565796 -1.73114944
v -1.62287867 1.46521258 -1.73840415
v -1.53937387 1.45767140 -1.86984336
v -1.54198110 1.46024275 -1.85240328
v -1.60844064 1.48473334 -1.76526237
v -1.61534345 1.48384595 -1.75947404
v -1.62134814 1.48046756 -1.75347304
v -1.62335026 1.47366929 -1.74601793
v -1.61861408 1.49460435 -1.75652051
v -1.61168838 1.49726772 -1.76402831
v -1.60437834 1.49781096 -1.77205312
v -1.54571497 1.47831810 -1.85172510
v -1.53661776 1.45524716 -1.88731182
v -1.71586573 1.49607897 -1.78367412
v -1.71776402 1.51423895 -1.76841891
v -1.70947707 1.52859497 -1.75226724
v -1.69225812 1.53791451 -1.74260223
v -1.57787132 1.59689343 -1.91564465
v -1.60799468 1.25615764 -1.70612025
v -1.52789962 1.39928198 -1.90376353
v -1.52556324 1.42128718 -1.90332294
v -1.54760742 1.32843351 -1.91104424
v -1.53700149 1.34842706 -1.90728629
v -1.56814671 1.22924781 -1.87830937
v -1.56376910 1.23433208 -1.89782465
v -1.56170630 1.25931764 -1.89873922
v -1.54784906 1.18326199 -1.91606665
v -1.55862343 1.20738125 -1.91914225
v -1.55995476 1.26339984 -1.91779470
v -1.55872488 1.28589177 -1.91679049
v -1.53754008 1.37233520 -1.88835144
v -1.53034580 1.44054484 -1.88577735
v -1.53171313 1.45523405 -1.90375566
v -1.53798425 1.46960652 -1.90498388
v -1.54218090 1.48734379 -1.90545535
v -1.77550542 1.40201640 -1.87087417
v -1.76606154 1.41722322 -1.86868393
v -1.76852596 1.41785431 -1.88177371
v -1.77829027 1.40245283 -1.88389933
v -1.76512551 1.40062296 -1.84960580
v -1.75717652 1.41454268 -1.84728861
v -1.76198316 1.41614974 -1.85732305
v -1.77090585 1.40130866 -1.85928106
v -1.75161755 1.41170657 -1.83828020
v -1.75894952 1.39867973 -1.84052277
v -1.78249991 1.38533056 -1.87261748
v -1.77767348 1.38493752 -1.86095107
v -1.78539336 1.38571203 -1.88571680
v -1.76493311 1.38404775 -1.84260988
v -1.77159441 1.38470864 -1.85122240
v -1.73506951 1.66629148 -1.93552613
v -1.74927437 1.67543292 -1.93711782
v -1.75069749 1.72052979 -1.93759716
v -1.74767029 1.72409523 -1.93712664
v -1.71425784 1.64622211 -1.93995988
v -1.70980644 1.63526487 -1.94120240
v -1.75199080 1.70352435 -1.94217908
v -1.75597703 1.69009399 -1.94362843
v -1.74468756 1.74540997 -1.93625259
v -1.74412429 1.74179029 -1.93655133
v -1.74795198 1.73208690 -1.93812048
v -1.74818027 1.72816014 -1.93852484
v -1.70518994 1.62285757 -1.94268870
v -1.72163904 1.65592194 -1.94021797
v -1.69455755 1.59662294 -1.94591868
v -1.68857718 1.58393931 -1.94662094
v -1.68694758 1.57205737 -1.93643415
v -1.68789828 1.55861759 -1.93696940
v -1.75686777 1.40580606 -1.96022415
v -1.72710001 1.45377469 -1.95084584
v -1.73897338 1.44059134 -1.95544672
v -1.71930516 1.47204208 -1.94861352
v -1.69441748 1.54541230 -1.93903124
v -1.69998634 1.60939705 -1.94449699
v -1.75138378 1.71619713 -1.94038272
v -1.75046742 1.71084189 -1.94090867
v -1.74504447 1.73830152 -1.93705666
v -1.74646437 1.73525524 -1.93757725
v -1.70386505 1.50952971 -1.95869887
v -1.71016300 1.48954082 -1.96158159
v -1.74860835 1.42357659 -1.95807469
v -1.75615394 1.38265789 -1.97493780
v -1.75355029 1.35811710 -1.97511220
v -1.69793940 1.52822983 -1.95587528
v -1.74228811 1.33827341 -1.97359538
v -1.66383028 0.96862519 -1.79065096
v -1.64491069 0.94891703 -1.80297375
v -1.62400436 0.96339983 -1.80463278
v -1.63752186 0.97795892 -1.79435349
v -1.64618731 1.02360237 -1.78734326
v -1.64480269 1.04920590 -1.78552639
v -1.64302945 1.07641888 -1.78397155
v -1.60678506 0.95416868 -1.82007718
v -1.57520366 0.96979237 -1.83905447
v -1.58900881 0.95040488 -1.84111047
v -1.61764526 1.07159829 -1.79080272
v -1.61893380 1.04445696 -1.79198241
v -1.62237227 0.98340398 -1.79844177
v -1.62176955 0.99769914 -1.79576361
v -1.64411438 0.99848545 -1.78891742
v -1.59365344 0.97141063 -1.81944191
v -1.61034811 0.97682041 -1.80615520
v -1.55916071 1.13462043 -1.86031604
v -1.55594826 1.11249161 -1.85558188
v -1.54462695 1.11434329 -1.88123393
v -1.61568809 1.14214253 -1.79706717
v -1.59491944 1.11767983 -1.80461621
v -1.55764878 0.97413331 -1.92800772
v -1.60339141 0.99399042 -1.80531430
v -1.56662452 0.99127656 -1.83719158
v -1.58489013 0.99192160 -1.81835485
v -1.56083298 1.06566310 -1.83113980
v -1.57717192 1.06568599 -1.81438041
v -1.57645774 1.04005897 -1.81548405
v -1.55916858 1.04061735 -1.83242381
v -1.59575748 1.06719685 -1.80087674
v -1.59496343 1.09384632 -1.80226552
v -1.56357145 1.08965445 -1.83250964
v -1.57817864 1.09131789 -1.81570780
v -1.57917035 1.11532021 -1.81917107
v -1.59671760 1.04032767 -1.80245841
v -1.56029820 1.01503897 -1.83495760
v -1.54461396 1.01667893 -1.85900354
v -1.53600991 1.02135110 -1.88697040
v -1.53077626 1.02298391 -1.91581166
v -1.52734053 1.04639184 -1.91402042
v -1.56660426 1.11305118 -1.83587277
v -1.57120037 1.15640950 -1.84760678
v -1.56975770 1.13534987 -1.84082210
v -1.57527316 1.22598767 -1.86045384
v -1.85612702 0.79467934 -1.89748549
v -1.66413546 0.94380480 -1.96365631
v -1.68388307 0.94553500 -1.97053492
v -1.76684928 1.03390431 -1.81493509
v -1.70996141 0.99340934 -1.78490317
v -1.67484069 0.99700654 -1.78440690
v -1.72132599 0.95471084 -1.97063982
v -1.74504936 0.96737802 -1.96109664
v -1.78465486 1.03546810 -1.84116769
v -1.79039264 1.00874281 -1.89533889
v -1.70104086 0.94819182 -1.97250199
v -1.61995840 1.02030671 -1.79372549
v -1.59878850 1.01558912 -1.80403066
v -1.57917321 1.01433611 -1.81691849
v -1.54952729 0.99320769 -1.86152732
v -1.53952801 0.99877286 -1.89085221
v -1.53707480 1.00382543 -1.91973567
v -1.74921107 1.01807809 -1.96878278
v -1.74632466 1.02938843 -1.97891426
v -1.74893486 1.02955031 -1.97304463
v -1.74464762 1.04383135 -1.98721027
v -1.74235308 1.02849054 -1.98625803
v -1.74379587 1.01425505 -1.97768056
v -1.73868203 1.01324654 -1.98504853
v -1.73148572 0.99901551 -1.98293734
v -1.76858139 1.12767458 -1.91697097
v -1.76276124 1.13157439 -1.89406431
v -1.76616681 1.12223113 -1.97678065
v -1.76990795 1.12256920 -1.95912397
v -1.73037302 1.14485276 -1.82475913
v -1.77081907 1.12426996 -1.93927205
v -1.75445533 1.13684058 -1.87107396
v -1.74427545 1.14147687 -1.84642982
v -1.52939630 1.09414315 -1.91249371
v -1.53348291 1.11918855 -1.91260898
v -1.75984597 1.12222958 -1.99233782
v -1.74905384 1.67655349 -1.94347918
v -1.73419213 1.66645288 -1.94150615
v -1.67817795 1.84626544 -1.91567016
v -1.60506201 1.63178015 -1.92365849
v -1.71636033 1.80190873 -1.92643547
v -1.74771249 1.72408950 -1.93881702
v -1.74695086 1.74842286 -1.93622339
v -1.68331492 1.57039595 -1.94700515
v -1.68323493 1.55591989 -1.94825411
v -1.67024744 0.95198739 -1.96539819
v -1.69046307 1.54314077 -1.95181370
v -1.65765023 0.95032370 -1.96101940
v -1.55334175 1.30666602 -1.91390455
v -1.53140616 0.46579629 -1.84204769
v -1.52347529 0.47735584 -1.84036851
v -1.50482619 0.45683950 -1.83238971
v -1.51328874 0.44621050 -1.83587420
v -1.51724970 0.49868840 -1.81671321
v -1.51672471 0.49269462 -1.82878768
v -1.52085245 0.49925488 -1.80378377
v -1.52673948 0.49414831 -1.79320240
v -1.50444114 0.47460133 -1.79152870
v -1.49831378 0.47997600 -1.79996037
v -1.53354967 0.48656988 -1.78812313
v -1.51857722 0.45963365 -1.78325427
v -1.54135621 0.47821856 -1.78587878
v -1.55300081 0.46508783 -1.78728414
v -1.53044879 0.44805932 -1.78544974
v -1.55966365 0.44982708 -1.79644156
v -1.53787577 0.43365210 -1.79459071
v -1.56044078 0.43971246 -1.81134892
v -1.54141879 0.45319235 -1.83903623
v -1.52381551 0.43396276 -1.83518171
v -1.49560392 0.47900879 -1.81163645
v -1.49646080 0.47222972 -1.82197607
v -1.50016201 0.46422130 -1.82808578
v -1.51901865 0.48577446 -1.83577299
v -1.48781967 0.43621671 -1.82816970
v -1.49646389 0.42605007 -1.83415818
v -1.47351766 0.46100026 -1.80711269
v -1.47781003 0.45120889 -1.81655288
v -1.48291278 0.45678926 -1.78895092
v -1.47601151 0.46326983 -1.79513621
v -1.49950707 0.44175756 -1.77625787
v -1.49125302 0.44904637 -1.78249657
v -1.51093447 0.46719772 -1.78707683
v -1.50999272 0.43093216 -1.78001356
v -1.52116442 0.41568261 -1.79071271
v -1.50956404 0.41387451 -1.83289397
v -1.48270905 0.44327205 -1.82212722
v -1.56055236 0.24368376 -1.79667413
v -1.56331098 0.24746472 -1.79802465
v -1.56329703 0.24726850 -1.80256462
v -1.55996251 0.24286288 -1.80338097
v -1.56172252 0.23734456 -1.83519495
v -1.57002878 0.24358600 -1.83796871
v -1.56615245 0.24430090 -1.84582579
v -1.55681717 0.23718101 -1.84571159
v -1.56272936 0.23763150 -1.81877697
v -1.55815315 0.23719031 -1.81685376
v -1.55837476 0.23731691 -1.81202269
v -1.56338155 0.23783928 -1.81127274
v -1.54537666 0.26467067 -1.77402210
v -1.54054034 0.26288825 -1.77364624
v -1.53997648 0.26401645 -1.76920927
v -1.54371727 0.26596242 -1.76813042
v -1.55397177 0.25094253 -1.78866982
v -1.54879332 0.24942940 -1.78804898
v -1.54878211 0.25082690 -1.78387749
v -1.55263698 0.25208658 -1.78234768
v -1.55652261 0.26179391 -1.83357084
v -1.55388331 0.26515120 -1.84660578
v -1.56045032 0.25222307 -1.84702909
v -1.56483674 0.25160760 -1.83521795
v -1.55094254 0.24848622 -1.85177958
v -1.54229128 0.26116008 -1.85118055
v -1.53688574 0.25569099 -1.84355521
v -1.54682970 0.24626964 -1.84417689
v -1.54057682 0.25252444 -1.83185732
v -1.54939556 0.24428803 -1.83313584
v -1.54928887 0.25454921 -1.82637775
v -1.55919218 0.24554878 -1.82630289
v -1.55362046 0.25397640 -1.80815637
v -1.55883265 0.25931793 -1.81368327
v -1.56468701 0.24877578 -1.81285715
v -1.56025839 0.24438566 -1.80625832
v -1.55821645 0.25812560 -1.82459331
v -1.56414199 0.24796659 -1.82108259
v -1.54999828 0.25095278 -1.82716334
v -1.54454434 0.24968201 -1.82116914
v -1.55318284 0.24137789 -1.81908703
v -1.55856800 0.24255604 -1.82530797
v -1.54606497 0.25049216 -1.81196213
v -1.55373526 0.24192852 -1.81026232
v -1.55690384 0.26385492 -1.79615939
v -1.55609787 0.26155156 -1.80631971
v -1.56031120 0.25213152 -1.80429518
v -1.56102133 0.25304645 -1.79695797
v -1.55419385 0.24649721 -1.80799747
v -1.54871035 0.25442439 -1.80900919
v -1.54434931 0.25283521 -1.80321407
v -1.55124116 0.24544722 -1.80217683
v -1.54546106 0.25399023 -1.79400074
v -1.55185926 0.24565309 -1.79502094
v -1.55270088 0.25862128 -1.79059744
v -1.55725873 0.24888307 -1.79197407
v -1.54562581 0.26712710 -1.77525294
v -1.55059993 0.27247292 -1.77977908
v -1.55394447 0.26213199 -1.78142226
v -1.54930961 0.25787324 -1.77795589
v -1.55137169 0.26960534 -1.78764284
v -1.55460072 0.26139671 -1.78753114
v -1.55150306 0.25733727 -1.79204082
v -1.54837668 0.26385027 -1.79050136
v -1.54021132 0.25989705 -1.78740013
v -1.54463506 0.25319451 -1.78928053
v -1.53906226 0.26211482 -1.77916658
v -1.54457343 0.25413865 -1.78171289
v -1.54095542 0.28272253 -1.76486301
v -1.54482412 0.27478617 -1.76649606
v -1.53985107 0.27152139 -1.76450920
v -1.53424394 0.27985424 -1.76372242
v -1.54388595 0.28002590 -1.77162170
v -1.54638588 0.27343780 -1.77205324
v -1.54264104 0.26964456 -1.77577758
v -1.54070914 0.27491993 -1.77427053
v -1.53235233 0.27073854 -1.77358592
v -1.53604400 0.26586884 -1.77494943
v -1.53049982 0.27414888 -1.76739144
v -1.53544533 0.26701444 -1.76776862
v -1.54888296 0.27241999 -1.82876110
v -1.54705608 0.27812296 -1.84496546
v -1.55363977 0.24021643 -1.84294558
v -1.53403223 0.27266055 -1.84843862
v -1.55508542 0.23920757 -1.83675528
v -1.53334415 0.26056176 -1.82704055
v -1.52791393 0.26612800 -1.84052157
v -1.54582894 0.25876719 -1.82732141
v -1.56699824 0.24261969 -1.81354690
v -1.53529501 0.26094466 -1.80806589
v -1.54618859 0.25956017 -1.80930758
v -1.56673288 0.24245030 -1.81868160
v -1.55030930 0.27230769 -1.81104505
v -1.54662573 0.27724975 -1.79343164
v -1.55567110 0.24166602 -1.80143261
v -1.55594850 0.24152559 -1.79745758
v -1.53372633 0.26477629 -1.78971314
v -1.54762280 0.26605541 -1.78975940
v -1.55572283 0.25605136 -1.78336358
v -1.52889240 0.27240020 -1.77496421
v -1.54095471 0.27506787 -1.77341795
v -1.55607986 0.25540262 -1.78678477
v -1.54198468 0.28524703 -1.77676117
v -1.54562557 0.26913470 -1.76848197
v -1.52309704 0.28109461 -1.76516950
v -1.52749360 0.28935248 -1.76059294
v -1.54706109 0.26840526 -1.77164543
v -1.53574908 0.29235882 -1.76454926
v -1.53296506 0.42436713 -1.82893622
v -1.54952037 0.44333345 -1.83314097
v -1.55561757 0.43794596 -1.82374895
v -1.53831327 0.41962630 -1.81951094
v -1.54029405 0.42262203 -1.80755281
v -1.52128303 0.40493298 -1.82711887
v -1.52721214 0.40117103 -1.81601596
v -1.52634966 0.40513498 -1.80401242
v -1.49453890 0.41649491 -1.77380574
v -1.48359287 0.42900759 -1.76962984
v -1.47402346 0.43664587 -1.77825701
v -1.46525800 0.44484723 -1.78384840
v -1.45716226 0.45114332 -1.79128230
v -1.49826717 0.39476871 -1.83085251
v -1.51444185 0.38519394 -1.82601619
v -1.52260077 0.38175875 -1.81397557
v -1.52112222 0.38603944 -1.79954433
v -1.53893149 0.29324287 -1.84556139
v -1.54455268 0.29354578 -1.83003139
v -1.53801787 0.31283981 -1.82984388
v -1.52626181 0.30843240 -1.84127951
v -1.54293275 0.29272467 -1.81293797
v -1.53856599 0.31419927 -1.81293929
v -1.53959930 0.29654187 -1.79602265
v -1.53359520 0.31666392 -1.79652202
v -1.53437603 0.30166227 -1.77948391
v -1.52706659 0.31968063 -1.78094113
v -1.52862024 0.30521423 -1.76476765
v -1.51910007 0.32074952 -1.76611853
v -1.52051389 0.30156511 -1.75662744
v -1.51041532 0.31670576 -1.75628603
v -1.52341783 0.28531462 -1.84837794
v -1.51145375 0.30079371 -1.84187901
v -1.51436269 0.27756232 -1.83820748
v -1.50191903 0.29171830 -1.83138013
v -1.51550972 0.27623910 -1.82335854
v -1.50237048 0.29145688 -1.81768763
v -1.50200069 0.30634934 -1.75852311
v -1.51282918 0.29149538 -1.76156271
v -1.51605225 0.27831978 -1.80566931
v -1.50339758 0.29454416 -1.80127263
v -1.51430583 0.28120500 -1.78836524
v -1.50147426 0.29733998 -1.78463829
v -1.51259720 0.28577906 -1.77366447
v -1.50014973 0.30095404 -1.76999831
v -1.52595532 0.33444053 -1.82833922
v -1.53379393 0.33821958 -1.81262290
v -1.52789271 0.34044790 -1.79679000
v -1.51919603 0.34195852 -1.78120983
v -1.50753963 0.34041208 -1.76669765
v -1.49799621 0.33510691 -1.75624478
v -1.51011014 0.36994249 -1.77763057
v -1.49228418 0.36085457 -1.76486981
v -1.48252082 0.35262913 -1.75701761
v -1.46714330 0.37043279 -1.75742638
v -1.47682106 0.38049603 -1.76286674
v -1.44828999 0.40918750 -1.76186836
v -1.46146309 0.39715248 -1.76232302
v -1.45190930 0.38747436 -1.75564456
v -1.43681335 0.39918041 -1.75443351
v -1.49231553 0.38950819 -1.77055955
v -1.47716701 0.40685409 -1.76908207
v -1.46570563 0.41905230 -1.77013886
v -1.41780686 0.41474938 -1.76458800
v -1.42968225 0.42638958 -1.76851857
v -1.43835032 0.41789132 -1.76346517
v -1.42623305 0.40755004 -1.75699425
v -1.40884459 0.41759098 -1.77850795
v -1.41957009 0.43130654 -1.78126585
v -1.41998219 0.42277455 -1.79799795
v -1.40857542 0.41113979 -1.79550171
v -1.44800866 0.43599373 -1.77712810
v -1.45649457 0.42752320 -1.77358711
v -1.43882656 0.44212568 -1.78662312
v -1.43941915 0.43496466 -1.80161190
v -1.43035781 0.40923351 -1.80772662
v -1.44735920 0.42235273 -1.81028235
v -1.41809213 0.39888561 -1.80626786
v -1.51119709 0.32615560 -1.83457112
v -1.49984753 0.31970090 -1.83115673
v -1.52387679 0.36480659 -1.79685664
v -1.52738702 0.36143070 -1.81342316
v -1.51324701 0.36183310 -1.82766235
v -1.49542391 0.34708756 -1.83011663
v -1.48409307 0.33926469 -1.82236910
v -1.47708726 0.36384439 -1.82544446
v -1.46790159 0.35624778 -1.81737053
v -1.49264956 0.31358498 -1.82221866
v -1.47926009 0.33546567 -1.81380320
v -1.46303523 0.35294622 -1.80936539
v -1.46114171 0.37823939 -1.82204461
v -1.45178831 0.37021124 -1.81546926
v -1.45004904 0.39014697 -1.81709540
v -1.43934023 0.38089257 -1.81282961
v -1.42881012 0.38947082 -1.81042075
v -1.44105172 0.39919090 -1.81222105
v -1.46216857 0.40397060 -1.82014096
v -1.45488489 0.41285014 -1.81520927
v -1.47327197 0.39171749 -1.82533622
v -1.48970425 0.37756068 -1.82964158
v -1.48960829 0.32504755 -1.75666666
v -1.47561491 0.34407812 -1.75644541
v -1.46037781 0.36211020 -1.75775182
v -1.44350207 0.37753052 -1.75630021
v -1.42857707 0.38860297 -1.75714326
v -1.41940153 0.39636427 -1.75999880
v -1.41205168 0.40301555 -1.76646352
v -1.40660107 0.40540093 -1.77876198
v -1.40651381 0.40122998 -1.79135633
v -1.41347182 0.39079463 -1.79924834
v -1.42189169 0.38186049 -1.80326831
v -1.44591177 0.36529738 -1.80751395
v -1.43204606 0.37405640 -1.80573905
v -1.48313200 0.40705186 -1.83132148
v -1.47297657 0.41887563 -1.82539093
v -1.46736634 0.42706448 -1.81950271
v -1.45680845 0.44571841 -1.80434024
v -1.46268117 0.43513077 -1.81331754
v -1.49041605 0.31251007 -1.81015873
v -1.49025166 0.31477988 -1.79467893
v -1.48790538 0.31670469 -1.77911234
v -1.48677027 0.31947798 -1.76593161
v -1.47247565 0.33882022 -1.76367617
v -1.47230899 0.33640403 -1.77516818
v -1.47342205 0.33456433 -1.78940153
v -1.47590363 0.33373880 -1.80354452
v -1.45700824 0.35621780 -1.76411188
v -1.45646751 0.35328490 -1.77407849
v -1.45587862 0.35194290 -1.78724015
v -1.45881462 0.35099751 -1.79955995
v -1.44134748 0.36342269 -1.79817522
v -1.43877077 0.36539352 -1.78721416
v -1.44010615 0.36708516 -1.77502561
v -1.44034493 0.37091452 -1.76510954
v -1.42733061 0.38238519 -1.76635230
v -1.42764413 0.37827522 -1.77614462
v -1.42679870 0.37586027 -1.78729928
v -1.42859137 0.37347072 -1.79667747
v -1.41958058 0.38942188 -1.76810801
v -1.40947735 0.39754766 -1.77924800
v -1.41368055 0.39470053 -1.77187133
v -1.40882552 0.39513129 -1.78739846
v -1.41393721 0.38786477 -1.79214787
v -1.42050946 0.38069284 -1.79486918
v -1.41535985 0.38792992 -1.78565145
v -1.42025268 0.38246083 -1.78654420
v -1.42059004 0.38510275 -1.77665913
v -1.41567099 0.39015424 -1.77796173
v -1.41206634 0.39232725 -1.78441799
v -1.41231441 0.39339578 -1.78045690
v -1.50889313 0.39700383 -1.78491211
v -1.58368278 1.60688543 -1.91891944
v -1.55850434 1.54344332 -1.90704036
v -1.80273187 0.59676170 -1.91710007
v -1.80937493 0.59212011 -1.90437746
v -1.81649983 0.59366924 -1.89109766
v -1.78907907 1.03554296 -1.86851525
v -1.75443733 1.22758460 -1.90956938
v -1.74805832 1.26182532 -1.90015328
v -1.75058150 1.24397123 -1.90503502
v -1.79655659 1.01237500 -1.86775100
v -1.71459782 1.28319550 -1.84431028
v -1.54600263 0.98814428 -1.92325044
v -1.54645813 1.50284278 -1.90537655
v -1.75601995 1.43229640 -1.86558044
v -1.52689791 1.07020128 -1.91258585
v -1.64910161 1.72868645 -1.84718013
v -1.64784372 1.72697878 -1.84944749
v -1.64843714 1.72351146 -1.85050714
v -1.64462984 1.72113395 -1.85120201
v -1.64209461 1.71835232 -1.85163546
v -1.64067292 1.71658504 -1.85143065
v -1.64604998 1.72278440 -1.84927189
v -1.64216685 1.72413111 -1.84998393
v -1.64563036 1.72501302 -1.84919298
v -1.64697719 1.72485638 -1.84858060
v -1.71493816 1.46855855 -1.96397805
v -1.72285593 1.45029676 -1.96651495
v -1.73583984 1.43808651 -1.96999097
v -1.74516702 1.42142892 -1.97259045
v -1.75057614 1.72073150 -1.93968689
v -1.75754476 1.18310428 -1.99226546
v -1.75420332 1.19422197 -1.99061763
v -1.56193757 1.24041188 -1.91830909
v -1.76212811 1.15327024 -1.99285507
v -1.75245464 1.20923734 -1.98854578
v -1.53083348 1.37462795 -1.90473735
v -1.75220513 1.40349650 -1.97378778
v -1.76207054 1.13868785 -1.99252295
v -1.52442598 1.44083405 -1.90207803
v -1.75304341 1.22857022 -1.98657656
v -1.74802494 1.06197143 -1.98803914
v -1.74587393 1.28400660 -1.97827601
v -1.67811036 1.82311320 -1.96221006
v -1.67029154 1.81278992 -1.97244048
v -1.68466592 1.80859208 -1.96988237
v -1.69216597 1.81514215 -1.95984221
v -1.69477153 1.80306816 -1.96831441
v -1.70159042 1.80677390 -1.95950520
v -1.66533935 1.79945159 -1.97949195
v -1.67820716 1.79848385 -1.97624385
v -1.68551874 1.76367879 -1.98667014
v -1.68218243 1.77179384 -1.98385119
v -1.67447317 1.76601648 -1.98761201
v -1.67869055 1.75510097 -1.99020565
v -1.69543719 1.73783791 -1.98944378
v -1.68853295 1.72494793 -1.99069846
v -1.70212674 1.72149658 -1.98831892
v -1.70692372 1.73409009 -1.98577952
v -1.72549939 1.75424576 -1.95570660
v -1.72112143 1.75933766 -1.95770395
v -1.72204614 1.75462794 -1.96407390
v -1.72642517 1.74847960 -1.96133363
v -1.72701645 1.76463914 -1.94554174
v -1.73149848 1.76953459 -1.94132853
v -1.72496176 1.77283788 -1.94042897
v -1.72177827 1.76783061 -1.94555199
v -1.72868180 1.74865556 -1.95146441
v -1.72892094 1.74260092 -1.95690298
v -1.72899735 1.75608325 -1.94937003
v -1.72491443 1.75936282 -1.95053017
v -1.74065626 1.75502419 -1.94765139
v -1.74503863 1.75722086 -1.94529665
v -1.74304676 1.76237333 -1.94512177
v -1.73737061 1.75883472 -1.94788063
v -1.73272002 1.75048494 -1.95030785
v -1.73603785 1.74807239 -1.94762325
v -1.73755348 1.75174022 -1.94869399
v -1.73390996 1.75464618 -1.94997025
v -1.73229361 1.76146221 -1.94602549
v -1.73766720 1.76622736 -1.94283605
v -1.74336672 1.76972508 -1.93938792
v -1.74944746 1.76451349 -1.94184291
v -1.72476351 1.73449647 -1.97235918
v -1.72828603 1.73134720 -1.96759117
v -1.72902727 1.73719835 -1.96268868
v -1.72626519 1.74195158 -1.96722698
v -1.73418248 1.74421787 -1.94877863
v -1.74033749 1.73086715 -1.95360446
v -1.74383628 1.73282528 -1.94850087
v -1.74201322 1.73624873 -1.94785905
v -1.73842156 1.73452580 -1.95343137
v -1.72211099 1.71801174 -1.97827601
v -1.72235215 1.70840549 -1.97935772
v -1.72783375 1.71137476 -1.97326303
v -1.72692442 1.71852088 -1.97269547
v -1.73018301 1.70455289 -1.97183096
v -1.72448361 1.69890773 -1.97772741
v -1.73330498 1.68575311 -1.97053790
v -1.73991871 1.69607997 -1.96607125
v -1.73410988 1.69979024 -1.96916223
v -1.72807670 1.69149184 -1.97476578
v -1.74584937 1.70477152 -1.95525181
v -1.74651015 1.69363880 -1.96180058
v -1.75190592 1.69209719 -1.95583749
v -1.74907935 1.70414209 -1.95014548
v -1.73965251 1.72448778 -1.95340490
v -1.74069166 1.72783899 -1.95338488
v -1.73743665 1.72595596 -1.95686054
v -1.73684192 1.72344971 -1.95666325
v -1.73366058 1.72228932 -1.96006644
v -1.73416090 1.72312617 -1.95996213
v -1.73342097 1.72389519 -1.96114242
v -1.73272407 1.72206092 -1.96145725
v -1.73496568 1.72282243 -1.95857942
v -1.73461366 1.72157598 -1.95941591
v -1.73671412 1.72140813 -1.95783865
v -1.74013162 1.72173953 -1.95525730
v -1.74902773 1.72160184 -1.94402635
v -1.74651682 1.72486973 -1.94248819
v -1.74521875 1.72486222 -1.94533598
v -1.74727201 1.72211862 -1.94728601
v -1.73475313 1.72611475 -1.95980895
v -1.73698056 1.72859812 -1.95732701
v -1.73548710 1.73152900 -1.95800054
v -1.73354149 1.72800446 -1.96136844
v -1.73123300 1.73004878 -1.96369100
v -1.72993243 1.72519028 -1.96615314
v -1.73208010 1.72470331 -1.96309793
v -1.73345006 1.72008550 -1.96092200
v -1.73137915 1.72122657 -1.96391082
v -1.73196888 1.71788716 -1.96354413
v -1.73449790 1.71553445 -1.96231318
v -1.73591065 1.71902370 -1.95963335
v -1.73961544 1.71863508 -1.95730400
v -1.73832190 1.71401715 -1.96005189
v -1.74273241 1.71311402 -1.95636415
v -1.74411380 1.71844506 -1.95366848
v -1.73276365 1.73410702 -1.95976710
v -1.72939384 1.72002721 -1.96754456
v -1.72713339 1.72575188 -1.97028732
v -1.73026383 1.71462715 -1.96781456
v -1.73278368 1.70989692 -1.96665931
v -1.74152112 1.70508468 -1.96052420
v -1.73683369 1.70691586 -1.96428239
v -1.73997164 1.68136764 -1.96502268
v -1.74536014 1.67856884 -1.95782626
v -1.69976664 1.79721665 -1.96681654
v -1.70422411 1.79863453 -1.95889103
v -1.70011878 1.78896761 -1.96775603
v -1.70264804 1.79033279 -1.96407795
v -1.70169342 1.79308808 -1.96475184
v -1.69813406 1.79067707 -1.96928442
v -1.68733263 1.77628851 -1.97901404
v -1.68950474 1.77008796 -1.98141611
v -1.69194138 1.77556539 -1.97575164
v -1.69151294 1.77979016 -1.97490335
v -1.70308661 1.77129412 -1.97087419
v -1.70196867 1.77816701 -1.96734071
v -1.69901967 1.77749133 -1.97022223
v -1.69902539 1.77121019 -1.97428083
v -1.70462430 1.77782726 -1.96441364
v -1.70618677 1.77177906 -1.96691692
v -1.70837915 1.77320719 -1.96223247
v -1.70650160 1.77823758 -1.96061087
v -1.70417309 1.79397392 -1.95801723
v -1.70507157 1.79072571 -1.95903313
v -1.70585728 1.78970671 -1.95266116
v -1.70522225 1.79273701 -1.95068407
v -1.70617497 1.78018355 -1.94337797
v -1.70804203 1.78010607 -1.94049478
v -1.70670855 1.78443789 -1.94070292
v -1.70567381 1.78276682 -1.94410098
v -1.70706809 1.77903223 -1.94507456
v -1.70894587 1.77779520 -1.94342542
v -1.66600716 1.84069765 -1.95075536
v -1.65921605 1.83047891 -1.96456575
v -1.68560243 1.83125520 -1.94945300
v -1.65340436 1.81681108 -1.97495580
v -1.65065897 1.80057383 -1.98246765
v -1.69898140 1.70954895 -1.98992622
v -1.71266687 1.70773304 -1.98520410
v -1.71367216 1.71897697 -1.98372698
v -1.69859195 1.69672441 -1.98842776
v -1.71397293 1.69569182 -1.98425126
v -1.71919477 1.67687964 -1.97144127
v -1.71620905 1.68492770 -1.97948122
v -1.67996716 1.70025921 -1.98998570
v -1.67794418 1.69005680 -1.98502350
v -1.69795990 1.68474388 -1.98210311
v -1.66038620 1.69851208 -1.98562980
v -1.65539622 1.69330859 -1.98333192
v -1.67214060 1.67895722 -1.97936535
v -1.68308687 1.64298153 -1.97061038
v -1.67035019 1.64635861 -1.98084342
v -1.66569829 1.63343036 -1.98321998
v -1.67874801 1.62974834 -1.97379255
v -1.68231416 1.71189499 -1.99179792
v -1.66185331 1.77188993 -1.98571932
v -1.66460776 1.75845122 -1.98990524
v -1.67279422 1.77677906 -1.98343158
v -1.61338973 1.81725287 -1.97868848
v -1.61784363 1.79991734 -1.98646700
v -1.63460529 1.80133748 -1.98530853
v -1.63385975 1.81866431 -1.97793663
v -1.60985720 1.84719169 -1.94651031
v -1.61025846 1.83359265 -1.96498060
v -1.63586318 1.83487487 -1.96581054
v -1.63996220 1.84894109 -1.94962347
v -1.60134852 1.79553485 -1.98600161
v -1.59228730 1.80942893 -1.97757256
v -1.57472587 1.79480398 -1.97734320
v -1.58785844 1.78689361 -1.98559821
v -1.58464551 1.82291412 -1.96308088
v -1.56291866 1.80703688 -1.96165180
v -1.64421308 1.69376612 -1.98330021
v -1.65254450 1.67939568 -1.98445582
v -1.65666080 1.66429591 -1.98526645
v -1.67286992 1.66165972 -1.97841597
v -1.55592883 1.81310666 -1.94246840
v -1.57954228 1.83383036 -1.94405079
v -1.56215525 1.74348211 -1.97296405
v -1.57803023 1.74327874 -1.98130488
v -1.57747996 1.75950623 -1.98395324
v -1.55966413 1.76263833 -1.97340107
v -1.54631019 1.74314737 -1.95968187
v -1.54373038 1.76479936 -1.95862210
v -1.59167933 1.69900322 -1.97036183
v -1.57917285 1.69368279 -1.96100616
v -1.59448743 1.68394661 -1.95843434
v -1.60358667 1.68714666 -1.96858180
v -1.68936551 1.79667151 -1.97507942
v -1.68467033 1.78893971 -1.97874999
v -1.69191658 1.78831232 -1.97563076
v -1.69563246 1.79317498 -1.97230029
v -1.66245675 1.78531408 -1.98308575
v -1.67433357 1.78730333 -1.98032045
v -1.63486099 1.78507805 -1.98789597
v -1.62174845 1.78466380 -1.98963928
v -1.59745741 1.77631474 -1.98969483
v -1.60876131 1.78182101 -1.99024045
v -1.59061205 1.74222672 -1.98647881
v -1.59072292 1.75240886 -1.98774767
v -1.62810516 1.69736505 -1.98036218
v -1.61539328 1.69252348 -1.97357059
v -1.62539017 1.67841971 -1.97417963
v -1.63632727 1.68039656 -1.98139715
v -1.60472131 1.67277431 -1.95767760
v -1.61460614 1.67698598 -1.96438050
v -1.64040518 1.64998913 -1.98297644
v -1.62862325 1.65033221 -1.97520518
v -1.62419426 1.63791752 -1.97751760
v -1.63629830 1.63690996 -1.98342931
v -1.61462843 1.63734138 -1.96742070
v -1.61885405 1.65020192 -1.96541405
v -1.61125433 1.65000725 -1.95558417
v -1.60698640 1.63684678 -1.95743012
v -1.69795406 1.62507105 -1.95682013
v -1.68906200 1.62702787 -1.96403599
v -1.68423545 1.61470604 -1.96711147
v -1.69276202 1.61275411 -1.95869362
v -1.63045251 1.62524772 -1.98506999
v -1.61750150 1.62932718 -1.97975290
v -1.60372782 1.70430565 -1.97631955
v -1.61321163 1.71025229 -1.98089910
v -1.60643184 1.62967670 -1.97084355
v -1.62923574 1.66496909 -1.97328591
v -1.61956370 1.66332090 -1.96383798
v -1.59845424 1.66921163 -1.94861269
v -1.58642030 1.67967176 -1.94766498
v -1.72053063 1.76321959 -1.95153821
v -1.70989072 1.77600908 -1.95193553
v -1.70964158 1.77660012 -1.94740367
v -1.70780933 1.77913046 -1.94796908
v -1.70811713 1.77924752 -1.95185852
v -1.70616519 1.81764793 -1.93605208
v -1.70006108 1.81879687 -1.94823158
v -1.70860696 1.80680084 -1.94914293
v -1.71340883 1.80216134 -1.93681872
v -1.71135068 1.74871874 -1.98121095
v -1.71958220 1.74026299 -1.97712326
v -1.72198355 1.74872386 -1.97072899
v -1.71588159 1.75606227 -1.97219706
v -1.69433010 1.78179097 -1.97252297
v -1.69596970 1.78393841 -1.97207975
v -1.69316161 1.78346634 -1.97410285
v -1.72312510 1.72682667 -1.97567236
v -1.71632290 1.72972298 -1.98104668
v -1.66925561 1.74472642 -1.99153888
v -1.68198621 1.78063703 -1.98082614
v -1.61269546 1.85453272 -1.92584193
v -1.64574409 1.85514975 -1.93092632
v -1.58005881 1.84177423 -1.92231631
v -1.55559278 1.81958079 -1.92030776
v -1.53391278 1.76643038 -1.94078851
v -1.52756023 1.76780605 -1.92190135
v -1.52707565 1.74325180 -1.92328131
v -1.53531277 1.74195337 -1.94210064
v -1.56865883 1.68754458 -1.94773245
v -1.60625446 1.64757693 -1.94574332
v -1.60379612 1.63543499 -1.94673109
v -1.67310846 1.84626317 -1.93416357
v -1.69356143 1.83378530 -1.93534064
v -1.64912021 1.78386641 -1.98552561
v -1.69160545 1.75664568 -1.98820949
v -1.70044863 1.75153375 -1.98666120
v -1.70083034 1.76280069 -1.98152792
v -1.69416130 1.76549149 -1.98270810
v -1.68530393 1.74460387 -1.99081516
v -1.67631304 1.73167765 -1.99128878
v -1.66585553 1.71896005 -1.99100375
v -1.66337204 1.70618987 -1.98897862
v -1.56058109 1.77970672 -1.97256136
v -1.57837760 1.77518940 -1.98360705
v -1.53961766 1.79031646 -1.94138384
v -1.54824638 1.78713369 -1.96027720
v -1.58799887 1.76789618 -1.98757446
v -1.53615654 1.79623270 -1.92088008
v -1.74011326 1.73984015 -1.94692290
v -1.73897922 1.74347162 -1.94496429
v -1.73490715 1.73878396 -1.95323193
v -1.74765253 1.71785641 -1.94944882
v -1.74644268 1.71133876 -1.95226181
v -1.74834657 1.71157444 -1.94711614
v -1.74961698 1.71739686 -1.94538319
v -1.73114383 1.66875958 -1.95502996
v -1.72540152 1.67175925 -1.96283698
v -1.70400715 1.63795114 -1.95491338
v -1.69493306 1.63994932 -1.96229053
v -1.74065757 1.75230503 -1.94426286
v -1.73880184 1.75151873 -1.94418144
v -1.73939931 1.75142145 -1.94267905
v -1.74107134 1.75264907 -1.94288063
v -1.73528814 1.72395384 -1.95911372
v -1.74613273 1.73366463 -1.94399655
v -1.74629331 1.72915626 -1.94488680
v -1.74738944 1.72875643 -1.94215441
v -1.74725699 1.73264790 -1.94150627
v -1.69765651 1.67066407 -1.97229588
v -1.68857586 1.65675402 -1.96952820
v -1.65048349 1.63432670 -1.98593295
v -1.65492427 1.64923298 -1.98596537
v -1.64102924 1.66518450 -1.98262584
v -1.61109650 1.66233218 -1.95515501
v -1.60484183 1.65969956 -1.94610322
v -1.60204101 1.65648198 -1.93489242
v -1.59417510 1.66622901 -1.93564022
v -1.71053731 1.66264164 -1.96147013
v -1.70153856 1.65164113 -1.96152592
v -1.70993495 1.64941216 -1.95349658
v -1.71803856 1.65952253 -1.95306396
v -1.74369156 1.74972272 -1.93977427
v -1.74183798 1.74812102 -1.94049239
v -1.74354863 1.74615312 -1.93904901
v -1.74555802 1.74909592 -1.93868041
v -1.73767972 1.74894834 -1.94532061
v -1.73863983 1.74600148 -1.94389784
v -1.73814774 1.74765921 -1.94336796
v -1.73881781 1.75061178 -1.94607472
v -1.74091649 1.75279415 -1.94563818
v -1.74571860 1.75448740 -1.94175935
v -1.75011110 1.75677943 -1.94196594
v -1.74374354 1.75438416 -1.94418907
v -1.74168003 1.75073028 -1.94111848
v -1.74012864 1.74911273 -1.94124091
v -1.73802865 1.74944282 -1.94270992
v -1.73796999 1.74969804 -1.94428897
v -1.74385464 1.75364590 -1.94179773
v -1.74242628 1.75327039 -1.94332147
v -1.73643458 1.77345574 -1.93719780
v -1.70836568 1.63635969 -1.94764447
v -1.71357703 1.64767575 -1.94656670
v -1.73426378 1.72264838 -1.95950508
v -1.70723701 1.79815996 -1.94942105
v -1.70718670 1.76217854 -1.97720790
v -1.71653283 1.76419961 -1.95837009
v -1.71278048 1.76984453 -1.95776141
v -1.71190333 1.76691782 -1.96402836
v -1.71666276 1.76039517 -1.96484685
v -1.70916784 1.79338241 -1.94147635
v -1.71061432 1.78691995 -1.93667293
v -1.71589243 1.78977537 -1.93318796
v -1.71238589 1.77996325 -1.93722224
v -1.71254504 1.77524781 -1.94110692
v -1.71846521 1.77450192 -1.94015157
v -1.72025216 1.78131640 -1.93482494
v -1.69556820 1.78735971 -1.97213936
v -1.69788659 1.78644967 -1.97037458
v -1.71680689 1.77010226 -1.94569409
v -1.71265173 1.77285361 -1.94633543
v -1.71284759 1.77123642 -1.95199168
v -1.71622968 1.76690936 -1.95186448
v -1.71027637 1.76434493 -1.97033668
v -1.68860805 1.78246713 -1.97736299
v -1.69476092 1.77202916 -1.97600543
v -1.62804782 1.70979190 -1.98364997
v -1.61719155 1.71730113 -1.98504961
v -1.64565670 1.70900393 -1.98726511
v -1.64187324 1.70900071 -1.98620057
v -1.64623392 1.70363796 -1.98255301
v -1.64991748 1.70549417 -1.98508525
v -1.60875607 1.74995565 -1.99202931
v -1.61276495 1.75144553 -1.99208879
v -1.61070156 1.75743878 -1.99206638
v -1.60389805 1.75397134 -1.99044669
v -1.61776745 1.75625348 -1.99262464
v -1.61935139 1.75312734 -1.99216974
v -1.62240434 1.75370312 -1.99303162
v -1.61833656 1.75954700 -1.99239004
v -1.62607694 1.75995457 -1.99214315
v -1.62483227 1.77138400 -1.99129784
v -1.61465788 1.76957774 -1.99158335
v -1.64858854 1.76465797 -1.98827338
v -1.63535273 1.76948893 -1.98899317
v -1.63376796 1.75695157 -1.99049139
v -1.64063406 1.75069261 -1.98846030
v -1.65244591 1.71758914 -1.98902392
v -1.65254903 1.70964289 -1.98866487
v -1.63845599 1.70473194 -1.98232126
v -1.55478156 1.72436619 -1.96014166
v -1.56872463 1.72670412 -1.97266030
v -1.58253920 1.72827387 -1.98155427
v -1.59508741 1.73057318 -1.98452914
v -1.54253805 1.72377968 -1.94573271
v -1.53849673 1.71913195 -1.93097913
v -1.65451944 1.74910712 -1.99083900
v -1.64577496 1.74014187 -1.98989856
v -1.57819867 1.71108389 -1.97296464
v -1.56487966 1.70660675 -1.96099782
v -1.59218764 1.71513391 -1.97949326
v -1.60266364 1.72002792 -1.98272789
v -1.55228281 1.70589685 -1.94589853
v -1.54927146 1.69937420 -1.92971611
v -1.56440127 1.68111920 -1.93345022
v -1.64250016 1.71722984 -1.99256396
v -1.64524448 1.71209216 -1.99361312
v -1.64747727 1.71096098 -1.99073195
v -1.64677584 1.71664310 -1.99074185
v -1.64959586 1.72873473 -1.99011600
v -1.65914488 1.73451400 -1.99081492
v -1.72913945 1.77729797 -1.93592942
v -1.75484550 1.69098735 -1.94968355
v -1.75100672 1.70398521 -1.94604826
v -1.74319661 1.74035716 -1.94223177
v -1.74470007 1.73651278 -1.94349957
v -1.74592149 1.73580682 -1.94075465
v -1.74447799 1.73906851 -1.93984830
v -1.70608199 1.78862453 -1.94467497
v -1.58243704 1.67476439 -1.93495321
v -1.60496736 1.64565444 -1.93460035
v -1.60337710 1.63370132 -1.93528414
v -1.59945714 1.62743628 -1.95977306
v -1.59644961 1.62524390 -1.94799328
v -1.74357295 1.74267852 -1.93902409
v -1.74215114 1.74374950 -1.94127738
v -1.74290180 1.75275481 -1.94122016
v -1.74414551 1.72871351 -1.94900811
v -1.74015701 1.74773860 -1.94151533
v -1.74122941 1.74583650 -1.94112098
v -1.74461055 1.74573040 -1.93718469
v -1.74416900 1.74218607 -1.93764007
v -1.70956838 1.77441180 -1.95726275
v -1.70770288 1.77842355 -1.95651007
v -1.74542558 1.75226498 -1.94024551
v -1.74825203 1.75213051 -1.93960845
v -1.67347479 1.61677670 -1.97769189
v -1.65962422 1.61967778 -1.98500538
v -1.74794292 1.72840393 -1.94020927
v -1.74781013 1.73218501 -1.93969941
v -1.63604546 1.74135065 -1.98958695
v -1.63142002 1.74757624 -1.99037123
v -1.62851775 1.74144959 -1.99211216
v -1.63211894 1.73625886 -1.99123728
v -1.70318222 1.62395787 -1.94940543
v -1.64436042 1.62185907 -1.98632193
v -1.59529138 1.62336266 -1.93535686
v -1.69629860 1.77830386 -1.97185659
v -1.69441617 1.77965486 -1.97250128
v -1.70552063 1.78643775 -1.94738293
v -1.74436712 1.72152245 -1.95175159
v -1.74297607 1.72444534 -1.94936013
v -1.72160077 1.65805781 -1.94641197
v -1.74679804 1.74879718 -1.93723094
v -1.61920190 1.74559474 -1.99070418
v -1.62068880 1.74268055 -1.99073410
v -1.62220037 1.74288845 -1.99408078
v -1.62185144 1.74604392 -1.99401724
v -1.62448490 1.75132585 -1.99604750
v -1.62204051 1.75385690 -1.99635470
v -1.62157059 1.75024247 -1.99807489
v -1.62303138 1.74773645 -1.99690092
v -1.62678146 1.75230718 -1.99311745
v -1.62612844 1.74749088 -1.99383688
v -1.61957073 1.75513268 -1.99811530
v -1.61949110 1.75210822 -1.99821401
v -1.61674523 1.75275695 -1.99260128
v -1.61820960 1.75514531 -1.99500561
v -1.61341012 1.75549936 -1.99516249
v -1.61553454 1.75500607 -1.99962997
v -1.60761464 1.75322700 -1.99653089
v -1.61081839 1.75242376 -2.00129890
v -1.60427690 1.74737656 -1.99701142
v -1.60699964 1.74741495 -2.00189781
v -1.64336920 1.72433186 -1.99084210
v -1.63749373 1.72336709 -1.98898387
v -1.60456502 1.74096394 -1.99749196
v -1.60611331 1.74156547 -2.00268722
v -1.60605562 1.73364639 -1.99725568
v -1.60718334 1.73477554 -2.00244904
v -1.60925639 1.72641540 -1.99726248
v -1.60986984 1.72789598 -2.00172281
v -1.61417270 1.72021246 -1.99671566
v -1.61474633 1.72230625 -2.00110769
v -1.62252307 1.71365035 -1.99630022
v -1.62158549 1.71748114 -2.00000978
v -1.60895646 1.74568701 -1.99870133
v -1.61164832 1.74972773 -1.99811852
v -1.60861623 1.74555171 -1.99108410
v -1.61588669 1.75204039 -1.99794519
v -1.61638105 1.73522818 -1.98932981
v -1.61877847 1.73324311 -1.98941362
v -1.62062395 1.73557401 -1.99249673
v -1.61885405 1.73651898 -1.98976767
v -1.62926590 1.73402727 -1.99210846
v -1.63136852 1.72905755 -1.99267125
v -1.63506615 1.73006308 -1.99184442
v -1.63278973 1.72516298 -1.99085283
v -1.62995219 1.72874963 -1.98972058
v -1.63110316 1.72585177 -1.99022806
v -1.62844181 1.73215985 -1.98808646
v -1.63062620 1.72409856 -1.99054122
v -1.63234341 1.72320485 -1.99131572
v -1.62977421 1.72454965 -1.98951030
v -1.63004196 1.72560048 -1.98923075
v -1.62894523 1.72673166 -1.98787594
v -1.62599993 1.72853589 -1.98696005
v -1.64000380 1.73327184 -1.99082828
v -1.62707400 1.71666861 -1.98721981
v -1.61995900 1.72297060 -1.98905027
v -1.62934005 1.71480680 -1.99910986
v -1.63173711 1.70932138 -1.99612820
v -1.64422333 1.70969379 -1.99490321
v -1.63953137 1.70814478 -1.99628997
v -1.60972500 1.74074268 -1.99036181
v -1.61112642 1.73447728 -1.99054158
v -1.63584411 1.71281552 -1.98592603
v -1.61442924 1.72885227 -1.98993015
v -1.62153065 1.72097075 -1.99813938
v -1.62723172 1.71918082 -1.99678028
v -1.61645198 1.72459602 -1.99924707
v -1.63572788 1.72115147 -1.99247110
v -1.63225198 1.71965396 -1.99540651
v -1.63572037 1.71554279 -1.99741817
v -1.63999653 1.71635985 -1.99533224
v -1.62657368 1.72257233 -1.99457228
v -1.62270129 1.72439885 -1.99697328
v -1.62497342 1.72358799 -1.99102581
v -1.62137520 1.72542048 -1.99334526
v -1.62854290 1.72348559 -1.99068666
v -1.63011694 1.72231627 -1.99265862
v -1.62426674 1.72468925 -1.98736703
v -1.61983240 1.72747397 -1.98899448
v -1.62805426 1.72441101 -1.98861635
v -1.61927247 1.72843075 -1.99578547
v -1.61822677 1.73058021 -1.99233675
v -1.61847627 1.73468137 -1.99547791
v -1.61810136 1.73219681 -1.99781179
v -1.61879206 1.72686231 -1.99873424
v -1.61584496 1.73060226 -1.99973965
v -1.61243510 1.72924590 -1.99907470
v -1.61303568 1.73524570 -1.99951637
v -1.60948837 1.73514283 -1.99900579
v -1.61587048 1.73594213 -1.99852014
v -1.61773145 1.73742127 -1.99734557
v -1.60811961 1.74111342 -1.99925268
v -1.61162531 1.74021935 -1.99917459
v -1.61181796 1.74451005 -1.99861050
v -1.61477232 1.73972070 -1.99870062
v -1.61493564 1.74302649 -1.99811602
v -1.61671221 1.73948050 -1.99790013
v -1.61733246 1.74146402 -1.99737763
v -1.61901462 1.75007355 -1.99545538
v -1.62095034 1.74855340 -1.99472177
v -1.61650395 1.74946785 -1.99661613
v -1.61772716 1.74703121 -1.99568760
v -1.61870873 1.74804091 -1.99461114
v -1.61951089 1.74690449 -1.99327552
v -1.61908042 1.74497962 -1.99492085
v -1.61848986 1.74253333 -1.99273813
v -1.68350542 1.58683181 -1.96436214
v -1.68698597 1.58543968 -1.95499039
v -1.69245839 1.59820437 -1.95316625
v -1.68766749 1.60008597 -1.96132290
v -1.61637676 1.74530900 -1.99705184
v -1.61855161 1.74322557 -1.99648166
v -1.61375928 1.74746966 -1.99747002
v -1.61761749 1.73855162 -1.99398863
v -1.61853111 1.74077797 -1.99513292
v -1.61845088 1.73920882 -1.99646986
v -1.61824501 1.73759913 -1.99543011
v -1.62723124 1.73667753 -1.99094856
v -1.62481523 1.73450172 -1.98839462
v -1.62260175 1.73073590 -1.98809850
v -1.65653384 1.56985807 -1.99406493
v -1.65722895 1.58060920 -1.98742783
v -1.64318728 1.58698297 -1.99817359
v -1.64184046 1.57864141 -2.00640631
v -1.66417265 1.54340184 -2.01121283
v -1.64459753 1.55193782 -2.02994370
v -1.65915704 1.52600145 -2.03149414
v -1.67041516 1.52202845 -2.01512480
v -1.67169416 1.50520396 -2.03343344
v -1.67932916 1.50257218 -2.01847768
v -1.70249188 1.45232081 -2.04041219
v -1.70993066 1.45161176 -2.02762985
v -1.69961035 1.46767581 -2.02419281
v -1.69225430 1.46883595 -2.03746676
v -1.72357237 1.37551808 -2.07374644
v -1.72222257 1.35744846 -2.06759858
v -1.73284256 1.36082089 -2.05731153
v -1.73248351 1.37730098 -2.06456470
v -1.64229083 1.46900249 -2.08201289
v -1.63460886 1.48734665 -2.08133531
v -1.62873089 1.47677875 -2.08649898
v -1.63604081 1.45960212 -2.08602500
v -1.60634542 1.59408832 -2.03937173
v -1.62617922 1.57680392 -2.03778791
v -1.62455845 1.58276105 -2.02355814
v -1.60704255 1.59749746 -2.02706194
v -1.66320276 1.39430714 -2.09320164
v -1.67121136 1.38139796 -2.09325933
v -1.68040061 1.38957858 -2.09178019
v -1.67375124 1.40202153 -2.09061861
v -1.66284716 1.31049585 -2.05776453
v -1.66018295 1.29278243 -2.05933666
v -1.67830408 1.29042256 -2.05112815
v -1.67999458 1.30745101 -2.05011821
v -1.60104549 1.33918262 -2.07034016
v -1.57769322 1.34089351 -2.06609654
v -1.57551062 1.32608664 -2.06564426
v -1.59832716 1.32349539 -2.07137179
v -1.68524659 1.45052600 -2.06210923
v -1.69379044 1.45183408 -2.05218387
v -1.68404257 1.46791065 -2.04977751
v -1.67534983 1.46597826 -2.06044316
v -1.55277872 1.35232258 -2.13960838
v -1.55511475 1.34598792 -2.12600827
v -1.56321573 1.36835504 -2.12134099
v -1.56040788 1.37517583 -2.13395882
v -1.59754860 1.23861814 -2.08045673
v -1.57770658 1.24229932 -2.07236290
v -1.57959652 1.22600627 -2.07653403
v -1.60032248 1.22211051 -2.08349323
v -1.59456933 1.50408924 -2.12318301
v -1.60052884 1.51964164 -2.11860895
v -1.58563232 1.53583658 -2.12411261
v -1.57978582 1.51956499 -2.12987781
v -1.65119934 1.43501401 -2.08454108
v -1.65921676 1.44123518 -2.08095050
v -1.65099001 1.45425391 -2.08205366
v -1.64403045 1.44638109 -2.08523250
v -1.57511747 1.36844766 -2.07321477
v -1.59407353 1.36729443 -2.07829857
v -1.58930588 1.38129413 -2.07936835
v -1.57177222 1.38285089 -2.07408237
v -1.59794605 1.35256326 -2.07549500
v -1.57666302 1.35360885 -2.07026887
v -1.66727924 1.44561923 -2.07661939
v -1.67615449 1.44830644 -2.07013297
v -1.66668582 1.46352148 -2.06972671
v -1.65798867 1.46049786 -2.07677150
v -1.71437705 1.34229851 -2.05838132
v -1.72779298 1.34669745 -2.04623580
v -1.62248373 1.21812081 -2.08447146
v -1.64441359 1.21326017 -2.08172679
v -1.64227843 1.23002899 -2.07975626
v -1.61990941 1.23456323 -2.08280897
v -1.69531727 1.32100844 -2.03964281
v -1.70339119 1.33215976 -2.04722500
v -1.68994403 1.33190477 -2.05714083
v -1.68158782 1.32164645 -2.04956388
v -1.66571188 1.20829773 -2.07451439
v -1.68630552 1.20377040 -2.06446266
v -1.68346655 1.22100520 -2.06048560
v -1.66377449 1.22523046 -2.07144117
v -1.68222046 1.48628390 -2.03506541
v -1.68973517 1.48484683 -2.02134943
v -1.70204556 1.37643647 -2.08641958
v -1.69903576 1.35926580 -2.08315396
v -1.71068299 1.35729122 -2.07633018
v -1.71280432 1.37545681 -2.08097315
v -1.61794424 1.43655884 -2.08621716
v -1.62818766 1.44809711 -2.08771014
v -1.61956608 1.46363509 -2.09053087
v -1.61057115 1.44560814 -2.08632231
v -1.58080256 1.20881939 -2.08101797
v -1.60152757 1.20631647 -2.08795786
v -1.66749418 1.19278646 -2.07873368
v -1.68845773 1.18793511 -2.06818748
v -1.55346036 1.44903576 -2.07399011
v -1.55802751 1.44433141 -2.07300520
v -1.57018149 1.44345665 -2.07607985
v -1.56501782 1.45065832 -2.07618570
v -1.74734235 1.37833571 -2.02831435
v -1.74303067 1.38764954 -2.04309297
v -1.74082398 1.37082529 -2.04873753
v -1.74039769 1.35819149 -2.03511930
v -1.69002163 1.34428906 -2.07624221
v -1.67789936 1.33460736 -2.06696653
v -1.70181751 1.34186029 -2.06839442
v -1.74804795 1.36878848 -2.01110268
v -1.73410451 1.34364045 -2.01742792
v -1.69609070 1.48144913 -2.00704741
v -1.70637929 1.46523595 -2.01057100
v -1.68842769 1.49955332 -2.00374174
v -1.69664478 1.49593997 -1.98955762
v -1.69104016 1.51516974 -1.98467112
v -1.68187177 1.51868713 -1.99911654
v -1.68804634 1.53434849 -1.97997022
v -1.67825806 1.53801799 -1.99429858
v -1.66978407 1.56489086 -1.98076785
v -1.67010558 1.57664967 -1.97600830
v -1.63551366 1.43662214 -2.08643579
v -1.64154410 1.42660451 -2.08690643
v -1.64553177 1.19794381 -2.08622503
v -1.51822078 1.54043841 -2.00793958
v -1.51230180 1.52405393 -2.00272226
v -1.51454127 1.52592659 -2.01908231
v -1.52050579 1.54141402 -2.02421403
v -1.60586762 1.59293079 -2.05129695
v -1.62518275 1.57490826 -2.05269170
v -1.51985252 1.46797144 -2.05750132
v -1.51875198 1.46561277 -2.05064011
v -1.52436876 1.45517755 -2.05292296
v -1.52444243 1.46002340 -2.05784988
v -1.53664160 1.45020962 -2.06815147
v -1.53127432 1.44215417 -2.06702185
v -1.52492249 1.44542646 -2.06705737
v -1.53137100 1.45419943 -2.06707549
v -1.56240487 1.22796285 -2.06516981
v -1.56042993 1.24499607 -2.05970502
v -1.52572381 1.36064804 -2.02899790
v -1.54086614 1.35141563 -2.04400444
v -1.54086256 1.36654294 -2.05047655
v -1.52641606 1.37708259 -2.03761935
v -1.54014373 1.50699329 -1.92205513
v -1.53591526 1.49113178 -1.92167377
v -1.52862561 1.49716711 -1.93769968
v -1.53265893 1.51315832 -1.93879652
v -1.52524674 1.54649544 -1.97539723
v -1.53189850 1.56161678 -1.97862554
v -1.53534412 1.55087399 -1.95941985
v -1.52981877 1.53674829 -1.95714116
v -1.51798999 1.53677201 -1.99033833
v -1.51266682 1.51994693 -1.98646665
v -1.55667126 1.38762784 -2.06699181
v -1.55778670 1.37350512 -2.06469822
v -1.55250740 1.40817451 -2.06994104
v -1.56558847 1.40508795 -2.07542443
v -1.56354296 1.41397572 -2.07557869
v -1.55165148 1.41738391 -2.06915188
v -1.60863996 1.60246825 -2.01666546
v -1.59080303 1.60952318 -2.01062751
v -1.58772624 1.60523796 -2.02261329
v -1.55992711 1.59371924 -1.96238923
v -1.55545819 1.58803594 -1.96142530
v -1.55639458 1.59359646 -1.97617424
v -1.56155813 1.59803772 -1.97346556
v -1.51500452 1.42530179 -1.93876386
v -1.52024651 1.42269742 -1.92037344
v -1.52166522 1.39913917 -1.92080414
v -1.51615524 1.40059400 -1.94058335
v -1.54265106 1.43012476 -2.06388116
v -1.54197812 1.43792152 -2.06449890
v -1.53560221 1.44480443 -2.06042480
v -1.53582132 1.43710136 -2.05924296
v -1.53502309 1.42943549 -2.05827141
v -1.53419173 1.42163551 -2.05618739
v -1.54239559 1.41388249 -2.06310654
v -1.54247653 1.42232525 -2.06407213
v -1.53026092 1.39124250 -2.04392314
v -1.54291236 1.38166642 -2.05531883
v -1.54362619 1.39468181 -2.05831051
v -1.53170145 1.40379298 -2.04932690
v -1.53659034 1.32755983 -1.92529666
v -1.52873027 1.32789540 -1.94107866
v -1.52399433 1.35073876 -1.94001758
v -1.52970922 1.34994578 -1.92269719
v -1.58141983 1.44747639 -2.08562613
v -1.59224176 1.44653344 -2.08930874
v -1.58663297 1.43627238 -2.08918333
v -1.57302368 1.43532407 -2.08448124
v -1.50913012 1.45127773 -2.07644463
v -1.50466478 1.44406557 -2.08098364
v -1.50325036 1.44776738 -2.08497596
v -1.50725543 1.45598793 -2.08024263
v -1.55387127 1.41477561 -2.07895708
v -1.56611013 1.41880512 -2.08366942
v -1.55886137 1.39850140 -2.08447623
v -1.54578304 1.39540744 -2.07874632
v -1.57895041 1.59779048 -2.05298495
v -1.60373926 1.59101808 -2.06260085
v -1.58246684 1.60016584 -2.04414344
v -1.54179108 1.42740989 -2.07068133
v -1.53368104 1.41341066 -2.06934667
v -1.52438414 1.41565955 -2.06763124
v -1.53219104 1.42914033 -2.06677151
v -1.54359162 1.35993171 -2.15142298
v -1.55158770 1.38269043 -2.14532089
v -1.52651072 1.37507844 -2.07794499
v -1.51570201 1.37630057 -2.07750463
v -1.52464998 1.39479196 -2.07107401
v -1.53469110 1.39379394 -2.07354450
v -1.52697885 1.34364557 -2.02226090
v -1.54032147 1.33608663 -2.03921318
v -1.53731585 1.23061168 -2.03100276
v -1.54753232 1.22961807 -2.04916596
v -1.54687417 1.24755275 -2.04249525
v -1.53714287 1.24987006 -2.02455568
v -1.56321645 1.21047330 -2.06912923
v -1.53908038 1.21064901 -2.03575516
v -1.54944479 1.21043372 -2.05351830
v -1.60144806 1.61934805 -1.99192953
v -1.58939099 1.61940360 -1.97980905
v -1.58288836 1.61401653 -1.98530066
v -1.59523547 1.61372757 -2.00028825
v -1.56313837 1.09103537 -2.10765839
v -1.56507432 1.05896354 -2.11222029
v -1.59140229 1.06064010 -2.12703085
v -1.58798897 1.09421337 -2.11963725
v -1.57195842 1.60408902 -1.95014322
v -1.57552278 1.60929370 -1.96810913
v -1.58293104 1.61514521 -1.96474409
v -1.58027232 1.61102581 -1.94872296
v -1.58481288 1.12181282 -2.11362958
v -1.56017029 1.12162352 -2.10289359
v -1.61685908 1.61172915 -1.99737310
v -1.61219466 1.60719121 -2.00720453
v -1.62771070 1.59653282 -2.00419068
v -1.63211203 1.60235286 -1.99602377
v -1.64725339 1.59631896 -1.99137807
v -1.61764455 1.06213331 -2.13338304
v -1.61372018 1.09091163 -2.12533593
v -1.59766364 1.62447476 -1.97416055
v -1.59084404 1.62091005 -1.96115267
v -1.58794820 1.61756217 -1.94795132
v -1.58811820 1.61534023 -1.93476605
v -1.56185317 1.19312799 -2.07591224
v -1.58056915 1.19227767 -2.08763766
v -1.54513860 0.93995887 -2.05248022
v -1.54350078 0.93703318 -2.02306175
v -1.56238198 0.92263466 -2.02799487
v -1.56244063 0.92328757 -2.06033444
v -1.55696654 0.95082700 -1.95589316
v -1.57719994 0.94147563 -1.96039486
v -1.56734002 0.92967862 -1.99334359
v -1.54796517 0.94010037 -1.99120188
v -1.51562178 1.07097387 -1.94506788
v -1.50604796 1.07115650 -1.97425175
v -1.51008713 1.09551167 -1.97488749
v -1.51860440 1.09518683 -1.94571185
v -1.53519678 1.19193745 -2.04197621
v -1.54651618 1.19269872 -2.05991030
v -1.60215724 1.19081759 -2.09394622
v -1.66672373 0.93907571 -2.14582133
v -1.63068736 0.92919111 -2.14189315
v -1.64218593 0.89789850 -2.13705778
v -1.67570603 0.90688634 -2.14292431
v -1.59766495 0.88249958 -2.09194732
v -1.58301449 0.90834260 -2.09396648
v -1.57726026 0.90167564 -2.06119728
v -1.59248090 0.88058192 -2.06004190
v -1.70795166 1.18320894 -2.05660319
v -1.69021332 1.17198825 -2.07083130
v -1.70983267 1.16679406 -2.05878854
v -1.75045753 1.17109227 -2.01326346
v -1.73812604 1.17494226 -2.03064156
v -1.74201393 1.15848184 -2.03028774
v -1.75363505 1.15525436 -2.01279259
v -1.73711002 1.06126356 -2.01138878
v -1.74307811 1.06252670 -1.99882567
v -1.74554789 1.08243418 -2.00188398
v -1.73755682 1.08238339 -2.01635408
v -1.63961148 1.08911562 -2.12490392
v -1.66473746 1.08906150 -2.11564398
v -1.65871668 1.10876250 -2.10971117
v -1.63410008 1.11259508 -2.11736345
v -1.59853375 0.93832231 -1.96677709
v -1.58811402 0.92204618 -1.99472737
v -1.71021855 0.91626608 -2.13865256
v -1.70026577 0.95005774 -2.13870573
v -1.74081206 0.92562872 -2.12053442
v -1.75664783 0.93206483 -2.09124756
v -1.74640346 0.96234649 -2.09083319
v -1.72924876 0.95699596 -2.11986136
v -1.71628726 0.97702593 -1.98975897
v -1.72633815 1.00287211 -2.00462008
v -1.72450984 0.99258661 -2.00872135
v -1.71377957 0.97302109 -1.98901665
v -1.53026879 0.98310846 -1.94815958
v -1.54099691 0.96604270 -1.95145369
v -1.53174245 0.95573252 -1.98460722
v -1.52060926 0.97591490 -1.97975194
v -1.53306961 1.21000886 -2.01641703
v -1.52829111 1.18967187 -2.02173543
v -1.53094566 1.20940375 -1.99702203
v -1.53132284 1.23154545 -2.01152277
v -1.53002751 1.23243034 -1.99214935
v -1.51406515 1.36254847 -1.98357153
v -1.51789045 1.35237586 -2.00346208
v -1.51507831 1.37052834 -2.01028347
v -1.51006389 1.38328409 -1.99032378
v -1.52060401 1.50473154 -1.95298600
v -1.52518678 1.52132118 -1.95509243
v -1.59398949 0.88760358 -2.02383327
v -1.60991585 0.90676337 -1.98837209
v -1.61993134 0.87128645 -2.00170040
v -1.60696447 0.86244732 -2.03120589
v -1.61095989 0.85719651 -2.08991075
v -1.62636876 0.86109507 -2.11399078
v -1.61351657 0.88933289 -2.11891675
v -1.65374041 0.86756349 -2.13238478
v -1.68841612 0.87630427 -2.14039683
v -1.75299573 0.89531398 -2.11965752
v -1.76703453 0.90131706 -2.09024549
v -1.73497665 0.92448086 -2.00375652
v -1.74972975 0.92767423 -2.02840805
v -1.75414181 0.90108418 -2.02846384
v -1.73664701 0.89806330 -2.00485086
v -1.72433043 1.05459356 -2.04688311
v -1.70675063 1.07061327 -2.07709575
v -1.71134448 1.05171704 -2.08228827
v -1.72358394 1.03640962 -2.05586171
v -1.74577475 1.18802571 -2.01586246
v -1.73539519 1.19203281 -2.02935362
v -1.72491932 1.17866957 -2.04400468
v -1.72253966 1.19552469 -2.04169726
v -1.70557749 1.19945788 -2.05348492
v -1.73027349 1.26790988 -2.01807165
v -1.71548176 1.26898468 -2.03312111
v -1.71797419 1.25112987 -2.03441405
v -1.73335826 1.24971008 -2.02015376
v -1.72696924 1.28713226 -2.01598501
v -1.71341372 1.28806496 -2.03135610
v -1.72044659 1.32514298 -2.01114607
v -1.71773708 1.33489919 -2.03437257
v -1.70858026 1.32235551 -2.02723479
v -1.70361316 1.47771907 -1.99296784
v -1.71275842 1.46106720 -1.99612749
v -1.64655828 1.06300020 -2.13390040
v -1.64153206 0.91166580 -1.97220266
v -1.66881955 0.91435826 -1.96940601
v -1.66978312 0.88583130 -1.97492278
v -1.64342082 0.87920105 -1.98173738
v -1.60949087 1.11733150 -2.11886239
v -1.62375879 1.20304692 -2.08948183
v -1.62470615 1.18762338 -2.09500360
v -1.62950420 1.33932185 -2.07271218
v -1.62255514 1.32073724 -2.07061744
v -1.73657346 1.39339113 -2.05511999
v -1.73743880 1.38081765 -2.05719423
v -1.59998119 0.91871291 -2.12342763
v -1.76266801 0.86414802 -2.11733818
v -1.77228796 0.83218455 -2.11479807
v -1.78403413 0.83672726 -2.08735037
v -1.77588391 0.86976147 -2.08884072
v -1.71920311 0.86390519 -1.99345624
v -1.73994815 0.86872673 -2.00795269
v -1.74396884 0.83717841 -2.01159430
v -1.72306561 0.83248442 -1.99984705
v -1.72950912 0.80145699 -2.00523877
v -1.75119412 0.80550158 -2.01555681
v -1.75686562 0.77374852 -2.01621962
v -1.73571742 0.77136999 -2.00842333
v -1.72326314 0.88513136 -2.13642383
v -1.71421373 0.81692713 -2.13354754
v -1.74618971 0.82390857 -2.13131213
v -1.73462808 0.85423988 -2.13363004
v -1.70155430 0.84693515 -2.13596678
v -1.60573781 0.85620421 -2.06272531
v -1.71757770 0.89417619 -1.98846793
v -1.71729779 0.91982675 -1.98601258
v -1.68203020 0.82060611 -1.99616158
v -1.66038918 0.81461185 -2.00457811
v -1.65045381 0.84601432 -1.99381745
v -1.67498255 0.85285228 -1.98511207
v -1.64016271 0.80463326 -2.09419990
v -1.65733802 0.80780572 -2.11403561
v -1.64271820 0.83450311 -2.11428666
v -1.62624192 0.83088636 -2.09219980
v -1.66942954 0.84033847 -2.12879014
v -1.68333781 0.81200552 -2.12635875
v -1.73975694 0.76000392 -2.13025689
v -1.76870561 0.76493388 -2.12574291
v -1.75742352 0.79447794 -2.12845898
v -1.72699833 0.78806049 -2.13169718
v -1.70966315 0.75668389 -2.12589645
v -1.69668996 0.78392249 -2.12624025
v -1.67111635 0.78083450 -2.11445737
v -1.68509948 0.75511932 -2.11479330
v -1.66868174 0.75421005 -2.09689689
v -1.65390599 0.77882224 -2.09568548
v -1.64522147 0.77759570 -2.07334471
v -1.65968454 0.75375324 -2.07667160
v -1.64573824 0.77861094 -2.04994440
v -1.65460837 0.78170377 -2.02911544
v -1.66666341 0.75641090 -2.03653359
v -1.65989387 0.75450599 -2.05582643
v -1.69589496 0.76313460 -2.01077628
v -1.67863572 0.75929618 -2.02054787
v -1.66948366 0.78568178 -2.01283789
v -1.68937290 0.79056162 -2.00482845
v -1.71251929 0.66051096 -2.02405906
v -1.70411122 0.66111195 -2.03954339
v -1.69894481 0.68555611 -2.03536916
v -1.70865679 0.68594712 -2.02007508
v -1.69722545 0.66234326 -2.05477929
v -1.69281554 0.66350687 -2.07140446
v -1.68961632 0.68649441 -2.06783795
v -1.69307804 0.68618566 -2.05160689
v -1.70085621 0.68460459 -2.10167694
v -1.69091499 0.68579453 -2.08546996
v -1.69531763 0.66319555 -2.08875489
v -1.70522320 0.66105819 -2.10458922
v -1.72103810 0.65857154 -2.11922169
v -1.71653950 0.68312669 -2.11849499
v -1.74323702 0.65514797 -2.12536430
v -1.73955882 0.68068951 -2.12822366
v -1.76713777 0.67898327 -2.12366819
v -1.76969326 0.65260613 -2.11931181
v -1.76066768 0.68672144 -2.01535845
v -1.76053190 0.65908486 -2.01549673
v -1.74227393 0.66078091 -2.00969267
v -1.74260199 0.68720096 -2.00773525
v -1.79889894 0.68488115 -2.04695773
v -1.81790638 0.68428254 -2.06866264
v -1.81198812 0.65585893 -2.06513715
v -1.79296327 0.65534270 -2.04653549
v -1.72164404 0.73089498 -2.12601781
v -1.75207782 0.73268402 -2.12964725
v -1.68255699 0.73112661 -2.09772372
v -1.69821751 0.73068386 -2.11514187
v -1.70144594 0.73729277 -2.01468086
v -1.68681002 0.73463565 -2.02656412
v -1.76074910 0.74359131 -2.01673460
v -1.74014914 0.74235874 -2.00893784
v -1.81204975 0.71032119 -2.10110664
v -1.80087209 0.74008936 -2.10386539
v -1.78114641 0.73606515 -2.12318468
v -1.79119158 0.70723027 -2.11943674
v -1.73214376 0.70576608 -2.12755799
v -1.70858586 0.70728815 -2.11619353
v -1.69336641 0.70818466 -2.09957027
v -1.68342817 0.70810241 -2.08284664
v -1.68241036 0.70847571 -2.06497884
v -1.68671906 0.70906037 -2.04780674
v -1.69345832 0.71020794 -2.03144670
v -1.70556200 0.71135885 -2.01754665
v -1.74200165 0.71442848 -2.00866318
v -1.76126993 0.71426916 -2.01675248
v -1.81276751 0.65466100 -2.09206867
v -1.81774771 0.68137741 -2.09720755
v -1.79641819 0.67900604 -2.11678624
v -1.79651511 0.65222335 -2.11318564
v -1.80312181 0.62911034 -2.08700967
v -1.80209267 0.62967509 -2.06421804
v -1.69659019 0.64173669 -2.05662799
v -1.69362402 0.64215833 -2.07337475
v -1.69608986 0.64121372 -2.09003854
v -1.72086918 0.63442677 -2.12034941
v -1.74461186 0.62891567 -2.12242150
v -1.77073860 0.62520725 -2.11590457
v -1.79223847 0.62785691 -2.10661364
v -1.73870242 0.61157435 -2.01828671
v -1.74275029 0.63725543 -2.01548767
v -1.75898349 0.63436145 -2.02039886
v -1.75447357 0.60766226 -2.02325702
v -1.70855212 0.61552858 -2.02838802
v -1.69566536 0.61801690 -2.03990602
v -1.70593274 0.64019686 -2.04259610
v -1.71558750 0.63923466 -2.02934027
v -1.68702757 0.61943549 -2.05585790
v -1.68489778 0.61903000 -2.07369661
v -1.68765318 0.61774671 -2.09139466
v -1.71739161 0.60673696 -2.11962867
v -1.70488393 0.63928396 -2.10704541
v -1.69802737 0.61334330 -2.10896587
v -1.74488091 0.59947693 -2.12085247
v -1.76448011 0.56296033 -2.10387015
v -1.77186215 0.59480983 -2.10681772
v -1.73990476 0.56804526 -2.11982799
v -1.74284077 0.46430105 -2.06359792
v -1.73539877 0.46460682 -2.08757734
v -1.72465467 0.43154812 -2.07757473
v -1.73048258 0.43072212 -2.05754352
v -1.74655998 0.58003724 -2.02174878
v -1.72937298 0.58371294 -2.01504850
v -1.69679391 0.58979452 -2.02274632
v -1.68259501 0.59288490 -2.03588033
v -1.70093477 0.54539508 -2.11702275
v -1.71176052 0.57655531 -2.11938620
v -1.68993807 0.58401358 -2.10925388
v -1.67928588 0.55351359 -2.10640931
v -1.71987844 0.48468494 -2.00184798
v -1.70243633 0.48823553 -1.99532533
v -1.71109378 0.52246737 -2.00028276
v -1.72901165 0.51791984 -2.00705099
v -1.67162478 0.56317753 -2.02907157
v -1.68634319 0.56017214 -2.01551676
v -1.67710710 0.52851456 -2.00979853
v -1.66224754 0.53055125 -2.02332711
v -1.68545043 0.47709548 -2.10231328
v -1.69186103 0.51230067 -2.11136198
v -1.67046154 0.51983291 -2.10230494
v -1.66429305 0.48342478 -2.09480071
v -1.75505507 0.53087109 -2.10079312
v -1.72978711 0.53688794 -2.11682320
v -1.72019982 0.50485516 -2.11050248
v -1.74468803 0.49781603 -2.09593725
v -1.76277411 0.53174180 -2.07512045
v -1.75267637 0.49891883 -2.07044244
v -1.68684042 0.41386735 -1.99717498
v -1.69414687 0.45180386 -1.99520850
v -1.71000040 0.44756645 -2.00145483
v -1.69948268 0.40819776 -2.00211740
v -1.65572345 0.49520886 -2.01975536
v -1.66925228 0.49387538 -2.00551271
v -1.66437495 0.45609963 -2.00440025
v -1.65255296 0.45703888 -2.01781368
v -1.67370510 0.40245169 -2.07977152
v -1.67893934 0.44039577 -2.09167814
v -1.65944123 0.44543564 -2.08417535
v -1.65538061 0.40765733 -2.07187319
v -1.71291494 0.39511865 -2.06841207
v -1.70447695 0.43521631 -2.09154010
v -1.69517243 0.39790863 -2.08067918
v -1.70515740 0.35883796 -2.05769491
v -1.71027124 0.35801929 -2.04222274
v -1.71899664 0.39456636 -2.04984641
v -1.69091213 0.37169516 -2.00294876
v -1.68011117 0.37616587 -1.99746954
v -1.65855312 0.38057667 -2.00146246
v -1.64811647 0.38320571 -2.01124668
v -1.65089905 0.41988027 -2.01595736
v -1.66173100 0.41796279 -2.00468755
v -1.64080751 0.41425061 -2.04604816
v -1.64351809 0.41826874 -2.03057814
v -1.64110696 0.38198727 -2.02443671
v -1.63908112 0.37829810 -2.03820157
v -1.65332735 0.37286413 -2.05962753
v -1.64459980 0.41150469 -2.06031251
v -1.64305294 0.37619382 -2.05007625
v -1.66916728 0.36868244 -2.06846189
v -1.68904912 0.36244881 -2.06973386
v -1.65282166 0.94345212 -1.96414983
v -1.67743719 0.94443113 -1.96778512
v -1.67172146 0.93411160 -1.96896672
v -1.64406812 0.93619019 -1.96826541
v -1.76565635 0.83820808 -2.03166676
v -1.75906098 0.87138349 -2.03041148
v -1.77767777 0.77493495 -2.03226852
v -1.77333283 0.80589658 -2.03373861
v -1.78095257 0.74416715 -2.03229284
v -1.78173757 0.71442950 -2.03179765
v -1.78008258 0.68458807 -2.02902055
v -1.77715111 0.65604836 -2.02952504
v -1.77353466 0.63010979 -2.03297138
v -1.76931787 0.60267800 -2.03517294
v -1.75352943 0.54528332 -2.03033066
v -1.73764920 0.54983908 -2.01505351
v -1.76193345 0.57445437 -2.03491640
v -1.73568642 0.47801524 -2.01857972
v -1.74525881 0.51305336 -2.02395487
v -1.72349346 0.43984091 -2.01551151
v -1.71102500 0.40174705 -2.01428223
v -1.70119369 0.36599141 -2.01365447
v -1.74178410 0.98432887 -2.05949736
v -1.73999870 0.97340119 -2.03016734
v -1.73539746 0.98972350 -2.03219843
v -1.73387146 1.00453436 -2.05929184
v -1.69949257 0.96009672 -1.97676539
v -1.70667541 0.96562147 -1.98149931
v -1.70339644 0.96428680 -1.98020768
v -1.69432819 0.95951653 -1.97459626
v -1.76199353 0.70572072 -2.12876511
v -1.67348468 0.73099780 -2.08001566
v -1.67303169 0.73149246 -2.06099963
v -1.67779326 0.73269016 -2.04284024
v -1.80119431 0.71365213 -2.04913497
v -1.79778957 0.74381632 -2.05210710
v -1.80665433 0.74347711 -2.07657146
v -1.81570733 0.71352959 -2.07288814
v -1.77161086 0.55962002 -2.07767582
v -1.76074886 0.53779179 -2.05121160
v -1.77075624 0.56677443 -2.05408883
v -1.78120184 0.58581251 -2.08079886
v -1.67241037 0.59264010 -2.07356310
v -1.67639041 0.58994734 -2.09291768
v -1.66247725 0.56453431 -2.04869866
v -1.65920246 0.56321013 -2.07007813
v -1.67441595 0.59377038 -2.05389571
v -1.78865373 0.80490053 -2.05815005
v -1.79207706 0.80457169 -2.08500504
v -1.79895222 0.77384973 -2.08076310
v -1.79400194 0.77477938 -2.05496550
v -1.54630315 1.26524389 -2.03581023
v -1.53811586 1.26902533 -2.01808071
v -1.66807485 1.35898650 -2.08812070
v -1.65113664 1.34971082 -2.08059549
v -1.66492856 1.34004688 -2.07497501
v -1.67879868 1.34995449 -2.08299160
v -1.64221704 1.36129773 -2.08564067
v -1.65952027 1.37035012 -2.09154630
v -1.65112591 1.38427866 -2.09264374
v -1.63505518 1.37514985 -2.08841085
v -1.60369456 1.43089843 -2.08285165
v -1.59824514 1.43876314 -2.08114243
v -1.72403896 1.30653310 -2.01358557
v -1.73444533 1.30505061 -1.99514496
v -1.72990990 1.32309222 -1.99276876
v -1.72745550 1.16190767 -2.04570222
v -1.71584487 1.08472466 -2.05206990
v -1.72974610 1.05830288 -2.02578521
v -1.72769654 1.08254635 -2.03307223
v -1.72952139 0.99897808 -1.99036217
v -1.52449369 1.32407510 -1.95973039
v -1.52063346 1.34765399 -1.95971346
v -1.53696918 1.52759945 -1.93975925
v -1.54430950 1.52182531 -1.92272568
v -1.54602718 1.55375636 -1.94240844
v -1.54997945 1.56535244 -1.94249451
v -1.55650949 1.55866265 -1.92572320
v -1.55241227 1.54756784 -1.92452180
v -1.58047783 1.60781693 -1.93315697
v -1.57419717 1.59935069 -1.93227434
v -1.68311107 0.95553064 -1.97010183
v -1.69050336 0.95690364 -1.97197652
v -1.67527449 0.95263642 -1.96716499
v -1.73290813 0.94677156 -2.00403380
v -1.71666431 0.94031411 -1.98641360
v -1.71616292 0.95444041 -1.98670769
v -1.73097789 0.96225947 -2.00513220
v -1.66088974 0.97171563 -2.14710450
v -1.62389672 0.96331584 -2.14520431
v -1.57835901 0.90584058 -2.02613544
v -1.49563766 1.33542240 -2.09358382
v -1.48389578 1.33750808 -2.09801412
v -1.49382746 1.35868311 -2.08877635
v -1.50580704 1.35645556 -2.08477712
v -1.50905728 1.42829096 -1.95877624
v -1.50947630 1.40090561 -1.96702635
v -1.62506485 1.58993459 -2.01322937
v -1.59991670 1.58288765 -2.08578563
v -1.61820900 1.56581175 -2.08789396
v -1.61960864 1.56970716 -2.07673907
v -1.60182977 1.58759141 -2.07413697
v -1.53096879 1.55508018 -2.04564214
v -1.54215872 1.56893158 -2.05406785
v -1.53972542 1.57298779 -2.04044247
v -1.52845263 1.55736387 -2.03146601
v -1.51542866 1.04749262 -1.94370174
v -1.50457263 1.04700363 -1.97301149
v -1.53803289 1.25759113 -1.94873953
v -1.53207779 1.25571883 -1.96725929
v -1.52986276 1.27741325 -1.96276844
v -1.53613019 1.28023565 -1.94502187
v -1.50544167 1.41721845 -1.98777986
v -1.50848103 1.39997077 -2.00384808
v -1.74938178 1.39312780 -2.00763845
v -1.74319339 1.41320777 -2.00474072
v -1.73759246 1.41757619 -2.02095389
v -1.74479032 1.39954519 -2.02429128
v -1.48961163 1.39917731 -2.09509182
v -1.50046539 1.41374040 -2.08093166
v -1.50508916 1.40387905 -2.07631779
v -1.49369073 1.38590872 -2.08672285
v -1.58613467 0.95487648 -2.12587309
v -1.56795001 0.93291879 -2.09363961
v -1.55389810 1.29748607 -2.05157065
v -1.53893220 1.30226207 -2.03430963
v -1.54248917 1.28399086 -2.03336692
v -1.55639279 1.27950871 -2.05060339
v -1.55853891 1.34495223 -2.05650258
v -1.55654216 1.33041334 -2.05395436
v -1.55814421 1.35838699 -2.06121778
v -1.54225898 1.45071459 -2.06697273
v -1.54906845 1.44631696 -2.06957889
v -1.54473627 1.44830179 -2.07040262
v -1.74457896 0.95341355 -2.02890515
v -1.72800100 1.01611447 -2.03242803
v -1.73039198 1.02688646 -2.02615333
v -1.69036663 0.95696384 -1.97268391
v -1.63795221 1.61111510 -1.98954260
v -1.65302515 1.60748792 -1.98714769
v -1.55187678 1.42852879 -2.07570601
v -1.54331553 1.41293585 -2.07371974
v -1.56238055 1.42241466 -2.07465863
v -1.57559228 1.42320311 -2.07777214
v -1.57267880 1.43101311 -2.07594275
v -1.55967510 1.43071592 -2.07263112
v -1.54950619 1.43340898 -2.06852818
v -1.55104971 1.42470598 -2.06988931
v -1.64849699 1.47606564 -2.07651997
v -1.65680563 1.48075068 -2.06948161
v -1.64724147 1.50045943 -2.06805730
v -1.64039528 1.49502802 -2.07548666
v -1.66538370 1.48328555 -2.05962777
v -1.67395747 1.48519111 -2.04813623
v -1.66334832 1.50463247 -2.04677320
v -1.65541959 1.50295174 -2.05861950
v -1.64337611 1.56959224 -2.01705456
v -1.66089857 1.56071091 -2.00381994
v -1.67452788 1.55384445 -1.98813879
v -1.68460405 1.54893625 -1.97582293
v -1.56810939 1.58957505 -1.93104100
v -1.56374145 1.57861567 -1.92847157
v -1.55882263 1.58400893 -1.94654357
v -1.56412780 1.59554291 -1.95147800
v -1.66151679 1.59256697 -1.98348808
v -1.67416620 1.58932972 -1.97387338
v -1.68050039 1.57359993 -1.96675348
v -1.52994764 1.36491978 -2.15883470
v -1.53720999 1.38802814 -2.15282845
v -1.60937560 1.62408638 -1.98408711
v -1.62370694 1.61774719 -1.98928654
v -1.52092910 1.39185536 -2.15460014
v -1.51398063 1.36791778 -2.16084743
v -1.63424218 1.54888725 -2.06255102
v -1.62216389 1.57244992 -2.06521034
v -1.63022184 1.54693353 -2.07344818
v -1.66728151 1.60440993 -1.98079729
v -1.67929184 1.60194302 -1.97135758
v -1.62222838 0.99685073 -2.14557672
v -1.65652812 1.00372684 -2.14526296
v -1.61778665 1.25122428 -2.07950616
v -1.59625602 1.25483167 -2.07614994
v -1.74175310 1.26657152 -2.00069332
v -1.74488258 1.24839044 -2.00263596
v -1.69799960 1.61119413 -1.95134735
v -1.73453140 1.21163177 -2.02489829
v -1.74622703 1.20698595 -2.00831604
v -1.74596977 1.22937202 -2.00478268
v -1.73471522 1.23121786 -2.02227449
v -1.75228298 1.18442142 -2.00456309
v -1.75435531 1.17575073 -2.00399399
v -1.73566055 1.04322875 -2.00666857
v -1.74023283 1.04471862 -1.99649394
v -1.58312917 1.43725538 -2.12392139
v -1.59030473 1.45569420 -2.12104082
v -1.58259535 1.46916258 -2.13047028
v -1.57496858 1.44884086 -2.13423419
v -1.72070110 1.21469951 -2.03842735
v -1.70276415 1.21756458 -2.05012822
v -1.62386465 1.42718983 -2.08602667
v -1.60916984 1.42129564 -2.08405638
v -1.73839891 1.34111059 -1.99454987
v -1.73858511 1.40495300 -2.03897357
v -1.73071373 1.42088008 -2.03533125
v -1.72260022 1.42280447 -2.04800105
v -1.73109770 1.40832424 -2.05187249
v -1.68091178 0.95696652 -1.96920884
v -1.50783765 1.47333694 -2.10706830
v -1.51040971 1.48553634 -2.10169005
v -1.50762057 1.47763872 -2.09556651
v -1.50463927 1.46605015 -2.10146618
v -1.69676864 0.93537885 -1.97457647
v -1.69507444 0.91653079 -1.97561467
v -1.62014031 0.93990517 -1.97007608
v -1.63516510 0.94407684 -1.96071815
v -1.76643908 0.90145010 -2.05813003
v -1.75899255 0.93176550 -2.05892849
v -1.77463937 0.87066948 -2.05818725
v -1.78200877 0.83703995 -2.05834389
v -1.78656709 0.62778282 -2.04895663
v -1.78182018 0.59760284 -2.05636573
v -1.75013673 0.50558650 -2.04685521
v -1.73938811 0.47098839 -2.04120851
v -1.72747540 0.43398529 -2.03645682
v -1.71597445 0.39632839 -2.03115249
v -1.70798230 0.36031294 -2.02701950
v -1.49869931 1.36704922 -2.15784931
v -1.50476551 1.39299333 -2.15056825
v -1.49168634 1.38778377 -2.14238334
v -1.48567450 1.36253905 -2.15066695
v -1.53736448 1.37538290 -2.08139682
v -1.54982412 1.37736225 -2.08739161
v -1.54062629 1.35697699 -2.09215569
v -1.52859080 1.35595536 -2.08741975
v -1.51914227 1.33573699 -2.09374142
v -1.50731742 1.33503652 -2.09234071
v -1.51754069 1.35573709 -2.08455920
v -1.47466695 1.34248185 -2.10644221
v -1.47014534 1.34839118 -2.11798501
v -1.47850156 1.37203395 -2.10764956
v -1.48350751 1.36350155 -2.09684134
v -1.47591162 1.35755420 -2.14163661
v -1.48241794 1.38151860 -2.13295889
v -1.47764814 1.37671280 -2.12110281
v -1.47016466 1.35290539 -2.13032746
v -1.55103147 1.34100580 -2.11329365
v -1.54245651 1.33818507 -2.10338235
v -1.55210924 1.35914052 -2.09912896
v -1.55997276 1.36277950 -2.10907102
v -1.56895614 1.48091483 -2.13835311
v -1.56077898 1.45891857 -2.14099550
v -1.60307956 1.45484531 -2.08649206
v -1.60968661 1.46342957 -2.09289575
v -1.60506999 1.45772886 -2.09518647
v -1.59756887 1.45510530 -2.08763170
v -1.55968261 1.40583920 -2.14012170
v -1.56771469 1.42780924 -2.13693070
v -1.55346203 1.43554819 -2.14402103
v -1.54521000 1.41150451 -2.14753366
v -1.56896186 1.38420761 -2.10463953
v -1.56157517 1.37992859 -2.09477377
v -1.57098722 1.40151179 -2.09112906
v -1.57878971 1.40501463 -2.10088468
v -1.50432539 1.37934363 -2.07959771
v -1.51466608 1.39813244 -2.07171941
v -1.59371495 1.44366825 -2.10938978
v -1.58618796 1.42752218 -2.11159134
v -1.62894309 1.41750610 -2.08763409
v -1.58148575 1.40477610 -2.07858586
v -1.57830775 1.41445327 -2.07844353
v -1.68859148 1.36371601 -2.08809471
v -1.69224417 1.37852490 -2.08981323
v -1.61511588 1.36969149 -2.08290291
v -1.60877728 1.38298976 -2.08427215
v -1.67927110 1.37093186 -2.09133792
v -1.68448651 1.38011253 -2.09149528
v -1.69604158 1.30619478 -2.04067516
v -1.68006253 1.56115413 -1.96976781
v -1.57555699 1.41830027 -2.12583065
v -1.57925749 1.41078305 -2.11306620
v -1.50975955 1.42588675 -2.07324123
v -1.51749718 1.43667769 -2.06818151
v -1.52396369 1.43259406 -2.06631446
v -1.51567841 1.41979921 -2.06960940
v -1.50990546 1.44069970 -2.01858068
v -1.50580335 1.42978203 -2.00387859
v -1.51078403 1.41475642 -2.01679230
v -1.51554298 1.42738223 -2.02874708
v -1.51494849 1.47871542 -2.11973166
v -1.52050114 1.47652769 -2.12786269
v -1.52622080 1.49535894 -2.12379313
v -1.51891756 1.49399197 -2.11515236
v -1.53662813 1.49479568 -2.13267589
v -1.52992678 1.47314477 -2.13641262
v -1.54431391 1.46688116 -2.14194369
v -1.55125749 1.48978877 -2.13918710
v -1.56538248 1.02841520 -2.11395121
v -1.59135282 1.02949560 -2.13160896
v -1.64707446 1.18243957 -2.09068012
v -1.66895854 1.17724574 -2.08196139
v -1.69972122 1.09278834 -2.07506132
v -1.72739768 0.98319757 -2.00805712
v -1.71438503 0.96765774 -1.98731661
v -1.69508076 0.89004582 -1.97861922
v -1.62167573 1.03133500 -2.14090538
v -1.69798255 0.85911566 -1.98634779
v -1.70324278 0.82728302 -1.99469078
v -1.64226115 0.80860192 -2.02153635
v -1.63214648 0.80416036 -2.04438925
v -1.61888433 0.83244443 -2.03835511
v -1.62999952 0.83839512 -2.01269770
v -1.63158357 0.80296135 -2.06982636
v -1.61815000 0.82984841 -2.06623697
v -1.79040504 0.77046180 -2.10741901
v -1.65248168 0.53067714 -2.04300213
v -1.64383292 0.49176806 -2.05887055
v -1.64947164 0.52971017 -2.06510425
v -1.64661825 0.49405807 -2.03821659
v -1.65533400 0.52568942 -2.08570004
v -1.66463447 0.56002116 -2.09035468
v -1.71240592 0.47113335 -2.10168242
v -1.64466381 0.45619851 -2.03523040
v -1.64251852 0.45334268 -2.05324793
v -1.65007424 0.48895371 -2.07909346
v -1.64733934 0.45018411 -2.07047772
v -1.69868183 0.94827974 -1.97451961
v -1.69309390 0.98154771 -2.13736105
v -1.68706787 1.01163709 -2.13355827
v -1.71849954 1.03379536 -2.08565831
v -1.72792614 1.02145350 -2.05907822
v -1.68106496 1.23730791 -2.05796146
v -1.66159630 1.24143004 -2.06918192
v -1.65856171 1.27528536 -2.06086445
v -1.63920569 1.27952492 -2.06863785
v -1.63900566 1.26299071 -2.07291269
v -1.65965259 1.25856996 -2.06548429
v -1.59514189 1.28848541 -2.07135749
v -1.57226396 1.29325867 -2.06456590
v -1.57402825 1.27519274 -2.06433034
v -1.59523964 1.27138948 -2.07267761
v -1.57626164 1.25824165 -2.06696749
v -1.55920029 1.26198733 -2.05328441
v -1.52544951 1.29707384 -1.97932589
v -1.52710652 1.29322696 -1.99788833
v -1.52337039 1.31420624 -1.99718130
v -1.52251124 1.31947112 -1.97849572
v -1.73261642 1.03806341 -2.01591492
v -1.70228195 0.96076071 -1.97758269
v -1.75041068 0.96022695 -2.05986357
v -1.73540974 0.98929447 -2.08998299
v -1.71923196 0.98702604 -2.11769891
v -1.56178296 1.43143582 -2.08030844
v -1.51828718 1.46092927 -2.04436231
v -1.52315295 1.44897664 -2.04823995
v -1.52263486 1.44996107 -2.13920093
v -1.53668237 1.44290566 -2.14482331
v -1.58713090 1.42223966 -2.09911346
v -1.58916092 1.48713231 -2.12668467
v -1.59676600 1.47275496 -2.11656427
v -1.60334659 1.48734927 -2.11298871
v -1.68701899 1.08004522 -2.10001564
v -1.67427051 1.06231511 -2.12484527
v -1.69537473 1.05922616 -2.10598540
v -1.64998782 0.94703454 -1.96124125
v -1.73189330 1.00216007 -2.03392506
v -1.70968854 0.79667729 -2.00185347
v -1.71572518 0.76750016 -2.00638294
v -1.71989477 0.74012059 -2.00854158
v -1.72255611 0.71353561 -2.00960732
v -1.72383201 0.68666947 -2.01017118
v -1.72507119 0.66104639 -2.01340413
v -1.72696984 0.63862097 -2.01893663
v -1.72237444 0.61394078 -2.02061462
v -1.71982837 0.55390745 -2.00795293
v -1.70232725 0.55735922 -2.00874329
v -1.71242976 0.58667707 -2.01568365
v -1.69335175 0.52568197 -2.00227356
v -1.68488944 0.49107701 -1.99731505
v -1.67844999 0.45444983 -1.99699485
v -1.67379570 0.41703767 -1.99883091
v -1.66947365 0.37929982 -1.99730062
v -1.67459583 0.95322293 -1.96741807
v -1.66304934 0.95045877 -1.96427321
v -1.63919115 1.55019569 -2.04906487
v -1.58956504 1.42698658 -2.07943678
v -1.58561504 1.43474889 -2.07818794
v -1.59404433 1.43690538 -2.09766841
v -1.48918867 1.40376854 -2.12324095
v -1.49644601 1.41156709 -2.13288498
v -1.57943702 1.42097211 -2.08930087
v -1.59351003 1.45084834 -2.08025408
v -1.58743751 1.45698476 -2.08234453
v -1.53875697 1.19828570 -2.21969914
v -1.52641129 1.19619143 -2.22453427
v -1.53632486 1.17812014 -2.22845125
v -1.54754341 1.18024707 -2.22320366
v -1.54769850 1.19816959 -2.21035790
v -1.55521309 1.18014205 -2.21361709
v -1.53042483 1.17120159 -2.16400933
v -1.53982532 1.17888963 -2.16873288
v -1.54432690 1.16074181 -2.17701387
v -1.53491294 1.15352750 -2.17341042
v -1.56491923 1.15966511 -2.20626807
v -1.56249356 1.15535593 -2.19690633
v -1.55679119 1.17341018 -2.19196510
v -1.55835652 1.17759371 -2.20277095
v -1.50652504 1.16251588 -2.16920543
v -1.49728417 1.16318989 -2.17719269
v -1.49142134 1.17924583 -2.16563725
v -1.50179279 1.17876101 -2.15828657
v -1.52003896 1.24622524 -2.13562131
v -1.51049030 1.23817801 -2.12886691
v -1.51308668 1.25238621 -2.12520838
v -1.52340865 1.25965118 -2.13274717
v -1.52153075 1.23534477 -2.21200681
v -1.50721967 1.23344064 -2.21388340
v -1.51662600 1.21485019 -2.21960783
v -1.53024757 1.21695518 -2.21578026
v -1.53987420 1.23037148 -2.17788315
v -1.53721476 1.22470129 -2.16501069
v -1.53152823 1.24395347 -2.16043067
v -1.53361547 1.24922895 -2.17376065
v -1.51245153 1.25364208 -2.20725012
v -1.49803984 1.25129497 -2.20633864
v -1.55191672 1.19199264 -2.18733788
v -1.54705310 1.18618894 -2.17663121
v -1.54269755 1.20529580 -2.17053556
v -1.54633331 1.21106601 -2.18265724
v -1.51992619 1.13083160 -2.18978047
v -1.51320779 1.13223410 -2.19822407
v -1.50478947 1.14762163 -2.18818021
v -1.51267624 1.14629292 -2.17995310
v -1.55700099 1.14967990 -2.18976593
v -1.54955626 1.14310002 -2.18498302
v -1.55158699 1.16762066 -2.18317199
v -1.52477419 1.15227389 -2.23326468
v -1.53518379 1.15701985 -2.23478842
v -1.52437401 1.17487550 -2.22983146
v -1.51357949 1.16959143 -2.22706246
v -1.52299023 1.20896733 -2.14695930
v -1.53144395 1.21697211 -2.15403056
v -1.53566682 1.19787025 -2.16086030
v -1.52661717 1.18983793 -2.15518475
v -1.53366125 1.23601973 -2.20330000
v -1.54062033 1.21722972 -2.20666313
v -1.50190699 1.18702149 -2.22086811
v -1.51387453 1.19273162 -2.22431779
v -1.50342226 1.21091425 -2.21791220
v -1.49176133 1.20460153 -2.21250677
v -1.47479606 1.21281886 -2.19075704
v -1.47456813 1.20569563 -2.17657423
v -1.48272789 1.18943167 -2.18857765
v -1.48433197 1.19642770 -2.20175195
v -1.52016258 1.22880065 -2.14012432
v -1.50976181 1.22068489 -2.13514662
v -1.49825180 1.19644654 -2.14749098
v -1.48684263 1.19641805 -2.15407181
v -1.48353982 1.21370471 -2.14295220
v -1.49621642 1.21450388 -2.13641119
v -1.52634513 1.28396809 -2.18222928
v -1.51291239 1.28586888 -2.19259000
v -1.51735961 1.27203631 -2.19677377
v -1.52709746 1.27017665 -2.18553138
v -1.50368941 1.27089691 -2.20073128
v -1.49784493 1.28561521 -2.19400144
v -1.47760415 1.30386639 -2.17551446
v -1.46724129 1.29870939 -2.16701555
v -1.46792412 1.28881824 -2.17350864
v -1.47933257 1.29341841 -2.18283081
v -1.45693099 1.24366117 -2.16611266
v -1.46024394 1.23912191 -2.15046859
v -1.46735311 1.22210407 -2.16367030
v -1.46545446 1.22814989 -2.17905760
v -1.46775198 1.24885094 -2.12886977
v -1.48251617 1.24453521 -2.12360048
v -1.48158896 1.23014486 -2.13209486
v -1.46911156 1.23391938 -2.13953137
v -1.48892462 1.29889977 -2.10467625
v -1.50112450 1.29858589 -2.10364866
v -1.49632442 1.28416800 -2.10775971
v -1.48306787 1.28396571 -2.11032653
v -1.52355123 1.29058599 -2.11424017
v -1.52727771 1.30301178 -2.11125755
v -1.53604305 1.30582714 -2.12050271
v -1.53274846 1.29472589 -2.12347603
v -1.51889396 1.32581389 -2.16959429
v -1.50171089 1.32802510 -2.17254066
v -1.50329971 1.31946230 -2.17689848
v -1.52028835 1.31726110 -2.17279983
v -1.44973493 1.25772882 -2.15446210
v -1.45383716 1.25585961 -2.13709545
v -1.52166688 1.27863717 -2.11811566
v -1.53198659 1.28387761 -2.12646770
v -1.52864611 1.27147317 -2.12991595
v -1.51778817 1.26563370 -2.12184691
v -1.53656757 1.29772210 -2.14943528
v -1.53417671 1.30235672 -2.16396260
v -1.53510153 1.29194903 -2.16635489
v -1.53674495 1.28536320 -2.15302944
v -1.52406776 1.30846429 -2.17560339
v -1.50739503 1.31020367 -2.18233299
v -1.51147807 1.29863656 -2.18729711
v -1.52675498 1.29616451 -2.17963481
v -1.44622970 1.26755834 -2.14738679
v -1.45138049 1.27323985 -2.15995812
v -1.45044959 1.28056550 -2.15269470
v -1.44743836 1.27511692 -2.14081287
v -1.47135067 1.26084614 -2.12129521
v -1.48582208 1.25756812 -2.11738920
v -1.53195143 1.27301931 -2.15548253
v -1.52982998 1.26611352 -2.14315152
v -1.53523171 1.27810252 -2.14092135
v -1.49468839 1.29746342 -2.18759298
v -1.47802806 1.29974985 -2.10781860
v -1.46783566 1.30185270 -2.11315203
v -1.47512496 1.31725550 -2.10641694
v -1.48543322 1.31520176 -2.10166335
v -1.49632585 1.31441319 -2.09961271
v -1.50844777 1.31463218 -2.09965539
v -1.53383303 1.31851494 -2.10795283
v -1.54253912 1.32151508 -2.11734629
v -1.54658377 1.32560515 -2.12975907
v -1.54461896 1.33119714 -2.14308834
v -1.53816795 1.31601000 -2.14613938
v -1.54013133 1.31055021 -2.13281155
v -1.52375698 1.34324670 -2.16407037
v -1.50729930 1.34577549 -2.16664100
v -1.48805368 1.32623267 -2.16977429
v -1.49231982 1.34326792 -2.16394687
v -1.50749624 1.27371919 -2.11273098
v -1.51067150 1.28673768 -2.10878515
v -1.49468744 1.17994761 -2.21162891
v -1.49150145 1.17301214 -2.19967508
v -1.50167608 1.15718412 -2.20954514
v -1.50598300 1.16332245 -2.21973753
v -1.51070476 1.13626790 -2.20786238
v -1.50128770 1.15164173 -2.19841886
v -1.55204713 1.19614422 -2.19899440
v -1.54570222 1.21494353 -2.19515562
v -1.56312156 1.16270638 -2.21689105
v -1.53167522 1.27910233 -2.16860437
v -1.52997065 1.26604116 -2.17049456
v -1.45780170 1.29355621 -2.15745091
v -1.46667624 1.30813313 -2.16121507
v -1.45866239 1.30282187 -2.15167522
v -1.45564389 1.26467514 -2.16981149
v -1.46288240 1.25220275 -2.18171072
v -1.47650540 1.26123166 -2.19078851
v -1.46731508 1.27525866 -2.17949128
v -1.45132124 1.28217745 -2.13562322
v -1.45188367 1.28756571 -2.14691567
v -1.45493126 1.29735231 -2.14103413
v -1.45562208 1.29248953 -2.12959194
v -1.53192413 1.32082450 -2.15918231
v -1.53186405 1.31166124 -2.16116929
v -1.47001553 1.33494902 -2.14886904
v -1.46783173 1.31956029 -2.15528941
v -1.47668862 1.32301569 -2.16346955
v -1.47970688 1.33835006 -2.15775204
v -1.47626007 1.31274283 -2.16922569
v -1.46433258 1.33162081 -2.13846803
v -1.46110547 1.31545448 -2.14559245
v -1.53721225 1.33788383 -2.15589285
v -1.46038687 1.30638218 -2.12270904
v -1.45856595 1.31097579 -2.13443112
v -1.46321809 1.32719421 -2.12688422
v -1.46684146 1.32210600 -2.11517048
v -1.49271548 1.16736984 -2.18761563
v -1.48495603 1.18338227 -2.17616844
v -1.49840260 1.24534845 -2.12164640
v -1.49618399 1.23117709 -2.12741947
v -1.50275624 1.25931525 -2.11732674
v -1.51820159 1.16474938 -2.16430831
v -1.52314889 1.14814770 -2.17428875
v -1.51150119 1.20123768 -2.14454746
v -1.51438248 1.18248510 -2.15395188
v -1.48134303 1.22157431 -2.20365644
v -1.46506083 1.27415276 -2.12020087
v -1.47744119 1.27123332 -2.11603999
v -1.45858669 1.26533294 -2.12592387
v -1.52205384 1.31629241 -2.10227919
v -1.51500022 1.30031991 -2.10574055
v -1.44782603 1.26480925 -2.13692498
v -1.53136265 1.33641839 -2.09712720
v -1.48280597 1.28200603 -2.18896770
v -1.49105978 1.30836785 -2.18144631
v -1.48830044 1.31701779 -2.17511177
v -1.54616153 1.16089320 -2.23227262
v -1.53932273 1.23395991 -2.19122958
v -1.52859294 1.26033330 -2.15729928
v -1.52608323 1.25377190 -2.14500427
v -1.45579255 1.27758503 -2.12603092
v -1.46147287 1.28802860 -2.11992764
v -1.47190583 1.28534496 -2.11454630
v -1.53550220 1.30625319 -2.14725828
v -1.53710365 1.29998815 -2.13522530
v -1.52942884 1.13231635 -2.18408895
v -1.53666306 1.29049754 -2.13798904
v -1.48829544 1.26732302 -2.19844556
v -1.54821253 1.53526533 -1.92388272
v -1.62128687 1.35493541 -2.07927299
v -1.66702139 1.32560909 -2.05884242
v -1.65014160 1.33054924 -2.06632447
v -1.59818959 1.40701091 -2.08192945
v -1.59372640 1.41759884 -2.08099532
v -1.58268023 1.44530535 -2.07835269
v -1.57721627 1.45391822 -2.07879353
v -1.62718570 1.38745785 -2.08861184
v -1.60115719 1.74847102 -1.98907554
v -1.60179007 1.74126339 -1.98774219
v -1.59603238 1.76065207 -1.98979747
v -1.75084269 1.19486213 -2.00138807
v -1.61648130 1.73977017 -1.99021518
v -1.61767042 1.73138070 -1.98868299
v -1.61733556 1.73592412 -1.99328721
v -1.61767316 1.74126267 -1.98971188
v -1.61788023 1.74241829 -1.98978543
v -1.60486579 1.76628971 -1.99176562
v -1.60467136 1.73324156 -1.98684609
v -1.60960376 1.72543156 -1.98610175
v -1.61554885 1.75552130 -1.99242854
v -1.53192866 1.18329668 -1.96173978
v -1.53840780 1.18197131 -1.93932271
v -1.53344619 1.16069150 -1.94070709
v -1.52673900 1.16181040 -1.96562231
v -1.52899992 1.13983536 -1.94127750
v -1.52367401 1.10930145 -2.06591058
v -1.53951371 1.11573839 -2.08645749
v -1.53901756 1.13881242 -2.08077574
v -1.52435923 1.13349509 -2.06086159
v -1.55806661 1.16020811 -2.09119368
v -1.54021478 1.15810347 -2.07454896
v -1.55897808 1.14294457 -2.09739327
v -1.58235180 1.14274216 -2.10807133
v -1.58061814 1.16027808 -2.10194826
v -1.60677004 1.13926482 -2.11247754
v -1.60472012 1.15810847 -2.10680723
v -1.63038230 1.13394773 -2.11104870
v -1.65378928 1.12882340 -2.10433555
v -1.68041706 1.10239172 -2.09411049
v -1.69593406 1.11658514 -2.07333660
v -1.67595315 1.12339091 -2.09053564
v -1.72753024 1.10726345 -2.03754544
v -1.71305633 1.11057341 -2.05494332
v -1.74882591 1.10370588 -2.00531673
v -1.73952699 1.10511303 -2.02060318
v -1.65132153 1.52694821 -2.04579973
v -1.57247984 1.60435629 -2.00758457
v -1.56859159 1.60079789 -2.01799154
v -1.58583128 1.60206473 -2.03432584
v -1.52630246 1.55699146 -2.01457882
v -1.53674686 1.57363272 -2.02354765
v -1.53309810 1.56896949 -2.00107336
v -1.52513242 1.55316567 -1.99532580
v -1.56193662 1.59904265 -1.99170375
v -1.56556022 1.60182726 -1.98563099
v -1.55700386 1.59565973 -1.99853861
v -1.55012858 1.58131266 -1.96144700
v -1.55072320 1.58918333 -1.97919035
v -1.57695580 1.58776331 -2.07601190
v -1.55719721 1.58152926 -2.06414318
v -1.55684292 1.57647502 -2.07575130
v -1.57573223 1.58174157 -2.08876753
v -1.52267802 1.54078960 -2.03872323
v -1.51667726 1.52592075 -2.03323817
v -1.51780248 1.52516794 -2.04490757
v -1.52370012 1.53867340 -2.05047894
v -1.56793725 1.54667366 -2.12067819
v -1.55164671 1.54811978 -2.11004448
v -1.54703784 1.53274465 -2.11946845
v -1.56238341 1.52963233 -2.12838602
v -1.53212082 1.55197883 -2.05730391
v -1.50441492 1.43774271 -1.97706723
v -1.50340426 1.44662738 -1.99417043
v -1.50594413 1.45481467 -2.00959682
v -1.51429403 1.47325730 -2.04135776
v -1.51235139 1.46871865 -2.03405142
v -1.51618791 1.45483565 -2.03787422
v -1.51466084 1.47645760 -2.04847670
v -1.51584387 1.47675502 -2.05717540
v -1.60628057 1.47172284 -2.10297942
v -1.61316848 1.47981215 -2.09910560
v -1.60922277 1.50003803 -2.10861087
v -1.52034211 1.46658981 -2.06900334
v -1.52091110 1.47123420 -2.06439519
v -1.52462554 1.46564555 -2.06412935
v -1.52306867 1.46214819 -2.06807661
v -1.57794547 1.59269905 -2.06379557
v -1.53590167 1.52867699 -2.10962534
v -1.54001498 1.54169846 -2.09938264
v -1.53056622 1.53227234 -2.09114051
v -1.52699208 1.52094555 -2.10126066
v -1.52097797 1.51463974 -2.09354281
v -1.52317667 1.52423072 -2.08379912
v -1.51790631 1.51546311 -2.07723451
v -1.51633537 1.50792503 -2.08680058
v -1.51727188 1.47184229 -2.07086468
v -1.51828372 1.47802949 -2.06463623
v -1.57528675 1.50022531 -2.13495445
v -1.59638548 1.56611824 -2.10771322
v -1.61365819 1.54837036 -2.10612702
v -1.61721766 1.55863082 -2.09742355
v -1.59862721 1.57606936 -2.09701037
v -1.55944121 1.44248104 -2.07756114
v -1.57026768 1.44579649 -2.08196235
v -1.54914463 1.43997860 -2.07314706
v -1.53546131 1.45596147 -2.06537652
v -1.53917670 1.43960214 -2.06916761
v -1.59980166 1.44903362 -2.09630919
v -1.60013008 1.45891881 -2.10684681
v -1.62014878 1.52401245 -2.09753633
v -1.62475729 1.53425145 -2.09067893
v -1.55777335 1.51044106 -2.13479710
v -1.54256296 1.51439404 -2.12748170
v -1.51485372 1.45856953 -2.07257056
v -1.51749706 1.45380890 -2.07025576
v -1.51140821 1.44668722 -2.07334661
v -1.53005421 1.45220065 -2.05890918
v -1.52881682 1.46118593 -2.06414723
v -1.57430542 1.57339382 -2.09995627
v -1.53109992 1.51284242 -2.11773205
v -1.52257621 1.50779843 -2.10884762
v -1.52389586 1.53106427 -2.07304692
v -1.53211284 1.54122937 -2.07990384
v -1.53231025 1.54755676 -2.06858253
v -1.52356946 1.53579521 -2.06200099
v -1.51317477 1.49836230 -2.09428668
v -1.51052797 1.48862648 -2.08926582
v -1.51746559 1.52386081 -2.05679536
v -1.51786649 1.52059686 -2.06733608
v -1.51200509 1.46392739 -2.07543087
v -1.62763977 1.54218113 -2.08287811
v -1.63227451 1.51746631 -2.07750416
v -1.63755000 1.52293539 -2.06928515
v -1.62360430 1.49961448 -2.09011102
v -1.62767780 1.50975311 -2.08346820
v -1.61909032 1.48803818 -2.09559035
v -1.64500141 1.52493441 -2.05933452
v -1.45102775 1.26939273 -2.13167953
v -1.51349366 1.44149804 -2.07081151
v -1.50680757 1.43293333 -2.07616425
v -1.50560534 1.43889427 -2.07835555
v -1.48591042 1.39997268 -2.11102676
v -1.74976110 1.71068597 -1.94396198
v -1.75076830 1.71662164 -1.94272017
v -1.74630129 1.73560119 -1.93897450
v -1.74487209 1.73871982 -1.93829608
v -1.45799005 1.28556275 -2.16348481
v -1.45829892 1.27858377 -2.16779590
v -1.47205293 1.23761439 -2.19304514
v -1.49384058 1.22910213 -2.21010208
v -1.48447371 1.24606395 -2.20102286
v -1.52617276 1.25487542 -2.19999266
v -1.53320158 1.25332522 -2.18759656
v -1.52707016 1.23643088 -2.14876199
v -1.47373641 1.21711254 -2.15136552
v -1.57658756 1.12997007 -2.23228478
v -1.56771743 1.12821519 -2.24001956
v -1.57939005 1.11206090 -2.24362326
v -1.58676016 1.11339974 -2.23469925
v -1.59696627 1.09725070 -2.23782253
v -1.59777975 1.09446597 -2.22803116
v -1.58936274 1.11104345 -2.22508788
v -1.59354210 1.09071839 -2.22084832
v -1.58657861 1.10735035 -2.21725535
v -1.58624053 1.08647919 -2.21612573
v -1.57927454 1.08151484 -2.21446633
v -1.57406771 1.09784400 -2.20883894
v -1.58060944 1.10303259 -2.21168947
v -1.56080461 1.10948062 -2.20050979
v -1.56648040 1.09247983 -2.20817304
v -1.55860770 1.08804798 -2.20917583
v -1.55213928 1.10408580 -2.20009637
v -1.55218327 1.06996942 -2.22797370
v -1.54984570 1.07137275 -2.23542976
v -1.54046667 1.08617675 -2.22649550
v -1.54358637 1.08452964 -2.21854711
v -1.53335392 1.10904503 -2.23489141
v -1.53074849 1.10487223 -2.22601390
v -1.54087842 1.08956981 -2.23528504
v -1.54358816 1.09386885 -2.24366498
v -1.55268502 1.07981455 -2.25266933
v -1.56004691 1.08476877 -2.25759888
v -1.54927039 1.09845448 -2.24968147
v -1.55611622 1.16300750 -2.22651076
v -1.56648326 1.14622021 -2.22973919
v -1.57177794 1.14548182 -2.21950197
v -1.57468975 1.12030852 -2.20666695
v -1.56833208 1.13794398 -2.20174742
v -1.57182682 1.14264381 -2.20957112
v -1.57930934 1.12502337 -2.21337223
v -1.54014981 1.13656771 -2.18251514
v -1.55488920 1.12642503 -2.19291496
v -1.54589248 1.12051892 -2.19136786
v -1.56841683 1.11501002 -2.20269537
v -1.56232750 1.13231266 -2.19638872
v -1.54283214 1.10063553 -2.20278454
v -1.55020916 1.08522379 -2.21242142
v -1.55790603 1.12380457 -2.24431729
v -1.54753995 1.11921227 -2.24533200
v -1.55896413 1.10328293 -2.25150228
v -1.56946456 1.10791075 -2.24936986
v -1.53625143 1.11646771 -2.19355726
v -1.53615129 1.13533390 -2.23946333
v -1.54640031 1.14013505 -2.23955798
v -1.53892076 1.11414456 -2.24163961
v -1.52811563 1.12989438 -2.23443222
v -1.58065617 1.09322119 -2.25376987
v -1.59053886 1.09650636 -2.24736357
v -1.55730796 1.14397240 -2.23630428
v -1.53520226 1.09978414 -2.20874977
v -1.53108954 1.10152721 -2.21704912
v -1.52220285 1.11669135 -2.20783401
v -1.52763486 1.11528778 -2.19935679
v -1.51260912 1.14090335 -2.21783066
v -1.52138638 1.12036514 -2.21691775
v -1.52333617 1.12464654 -2.22609115
v -1.54954350 1.07423663 -2.24389648
v -1.51664889 1.14645648 -2.22721982
v -1.61895430 1.01363313 -2.24602580
v -1.61589062 1.01964700 -2.23913002
v -1.62636817 1.01752889 -2.23649812
v -1.62882459 1.01195097 -2.24385166
v -1.62286496 1.03067732 -2.21902966
v -1.62645483 1.04123640 -2.21620321
v -1.63784420 1.03586686 -2.21790171
v -1.63488877 1.02693295 -2.22034526
v -1.63772726 1.01264203 -2.24378324
v -1.63526464 1.01668823 -2.23577833
v -1.64281523 1.01692808 -2.24468040
v -1.64505243 1.01321971 -2.25458312
v -1.64127874 1.00873291 -2.25054646
v -1.64805448 1.00836682 -2.26096392
v -1.64193940 1.02225745 -2.26156187
v -1.64486909 1.01244128 -2.26899505
v -1.62075114 1.02464604 -2.27708244
v -1.61063743 1.02352977 -2.28005481
v -1.61635745 1.01130104 -2.28525162
v -1.62670434 1.01230013 -2.28109598
v -1.59608018 1.00976646 -2.28386378
v -1.60658419 1.00974429 -2.28526759
v -1.60193121 1.02259731 -2.28029585
v -1.59260464 1.02200258 -2.27948523
v -1.60426211 1.01542473 -2.25019836
v -1.59947920 1.02198994 -2.24463153
v -1.60597813 1.02176511 -2.24275017
v -1.60994065 1.01549184 -2.24873734
v -1.64974844 1.02249229 -2.24184680
v -1.64362192 1.02814794 -2.24898124
v -1.64460015 1.02159142 -2.24941349
v -1.64891315 1.01918077 -2.24052835
v -1.57848728 1.03353512 -2.23196721
v -1.57509696 1.04445267 -2.22829700
v -1.58254325 1.04722047 -2.22605944
v -1.58466971 1.03692758 -2.22990799
v -1.60702622 1.05032206 -2.21668768
v -1.59883678 1.05411708 -2.21961904
v -1.60588777 1.06647587 -2.22222877
v -1.61360431 1.06143177 -2.22202826
v -1.61600363 1.04605567 -2.21558595
v -1.62118244 1.05677819 -2.22149563
v -1.63019753 1.05014765 -2.22190452
v -1.64113355 1.04272759 -2.22260594
v -1.56613958 1.04279435 -2.23348212
v -1.56655014 1.03429031 -2.23620105
v -1.66149533 0.96214044 -2.27411985
v -1.65673912 0.95921737 -2.27438545
v -1.65531671 0.96436429 -2.27283764
v -1.66003144 0.96732205 -2.27252483
v -1.56162894 1.04066670 -2.25312805
v -1.56575131 1.04473281 -2.26087141
v -1.56269407 1.04954696 -2.25673223
v -1.55987239 1.04560852 -2.24846745
v -1.56307423 1.03369534 -2.25848579
v -1.56939542 1.03842711 -2.26588845
v -1.66526973 0.96544528 -2.28599787
v -1.66641724 0.96555150 -2.28080440
v -1.66438067 0.97091925 -2.28006268
v -1.66286433 0.97094238 -2.28536820
v -1.63284600 1.00668049 -2.24933028
v -1.62342334 1.00744498 -2.25103951
v -1.63847721 0.99198014 -2.25817013
v -1.62916517 0.99942583 -2.25512457
v -1.63832974 1.00119472 -2.25315619
v -1.64389420 0.99585402 -2.25702357
v -1.60912383 0.99960613 -2.25956750
v -1.60479712 1.00785565 -2.25563860
v -1.61254752 1.00711417 -2.25500107
v -1.61703181 0.99848992 -2.25869608
v -1.59299040 1.00446296 -2.25523162
v -1.59675920 0.99684644 -2.25979424
v -1.59025681 0.99481720 -2.25952697
v -1.58749044 1.00179148 -2.25536013
v -1.60956943 0.98329860 -2.26813030
v -1.61289704 0.97740418 -2.27460885
v -1.60786533 0.97693336 -2.27544689
v -1.60434282 0.98239714 -2.26885009
v -1.55955458 1.05416262 -2.25395632
v -1.55782759 1.05127251 -2.24519491
v -1.57651627 1.00731778 -2.27874684
v -1.56947958 1.00567806 -2.27200508
v -1.56958592 0.99612671 -2.27566719
v -1.57717431 0.99819893 -2.28222609
v -1.57359707 1.04864478 -2.26622605
v -1.56972015 1.05415010 -2.26324773
v -1.66150439 0.96383482 -2.29016709
v -1.65906489 0.96940994 -2.28970814
v -1.63009834 1.05379939 -2.23232555
v -1.64160836 1.04525936 -2.23156261
v -1.62104189 1.06094801 -2.23267841
v -1.61488116 1.06629539 -2.23280096
v -1.61006784 1.07305908 -2.23188782
v -1.62710869 0.99377793 -2.25872660
v -1.61464143 1.01017487 -2.25199103
v -1.59984267 1.01503944 -2.25036001
v -1.57257581 1.00530326 -2.25146246
v -1.56963515 1.01136315 -2.24820757
v -1.57927692 1.01153958 -2.24628949
v -1.57996190 1.00605309 -2.25061965
v -1.56635058 1.00210190 -2.26420760
v -1.56987846 0.99923617 -2.25891924
v -1.57183778 0.99207664 -2.26287246
v -1.56771207 0.99374658 -2.26800466
v -1.65244973 1.02654767 -2.24175501
v -1.64435995 1.03423214 -2.24552011
v -1.56070733 1.03669846 -2.24427843
v -1.56072891 1.04331803 -2.24030137
v -1.56008720 1.05012965 -2.23751140
v -1.59142697 1.02914798 -2.23695040
v -1.58856857 1.03870726 -2.22835994
v -1.59405434 1.03904855 -2.22565889
v -1.59565389 1.02936256 -2.23603654
v -1.61238205 1.02531517 -2.22928524
v -1.61107743 1.03436339 -2.21982455
v -1.62377000 1.02243161 -2.22740197
v -1.58896613 1.05004907 -2.22307301
v -1.58005726 1.05605483 -2.22410536
v -1.58741295 1.05937123 -2.22136307
v -1.57243264 1.05296493 -2.22740889
v -1.56521070 1.05070353 -2.23190665
v -1.57663095 1.06440413 -2.22107649
v -1.58378649 1.06848168 -2.21883535
v -1.56905961 1.06138110 -2.22505975
v -1.56269884 1.05908585 -2.22953129
v -1.55999184 1.06902206 -2.25881624
v -1.55551922 1.06328225 -2.25043082
v -1.56528783 1.06042659 -2.26116276
v -1.60038185 1.07699025 -2.22275639
v -1.59591842 1.06344318 -2.22064734
v -1.59154928 1.07264137 -2.21955848
v -1.60496783 1.08184063 -2.23054099
v -1.64273083 1.02445126 -2.22158051
v -1.64960182 1.02111387 -2.22248435
v -1.64765537 1.01682949 -2.22784472
v -1.64156854 1.01989865 -2.22813797
v -1.65067852 1.00221229 -2.26632547
v -1.64905095 0.99928743 -2.25997305
v -1.64520693 1.00452137 -2.25532246
v -1.57711005 1.02464616 -2.23701978
v -1.56634295 1.02548766 -2.24036932
v -1.63473451 0.98834091 -2.26127958
v -1.66004539 0.97745287 -2.28371358
v -1.66176581 0.97714460 -2.27808475
v -1.65679014 0.98796654 -2.27357149
v -1.65500522 0.98801053 -2.28003860
v -1.63596296 0.98186362 -2.26999545
v -1.63919473 0.98426217 -2.26490140
v -1.64285576 0.97789067 -2.26793957
v -1.64038599 0.97623152 -2.27377796
v -1.60053670 0.97713327 -2.27398658
v -1.59754658 0.98153526 -2.26879120
v -1.63134229 0.99779922 -2.28219175
v -1.64096606 1.00366902 -2.28013682
v -1.63691258 1.01468968 -2.27675319
v -1.60254562 0.99853176 -2.25994182
v -1.60612643 0.99061191 -2.26374054
v -1.60065293 0.98914051 -2.26402092
v -1.62639916 0.99057955 -2.26125932
v -1.63101590 0.98631918 -2.26394510
v -1.62476230 0.98666924 -2.26491690
v -1.62041986 0.99220330 -2.26153612
v -1.56767821 1.01606369 -2.26836824
v -1.56375968 1.01097000 -2.25808144
v -1.66488063 0.96441764 -2.27662945
v -1.66334558 0.96962571 -2.27540064
v -1.55490303 1.05898607 -2.24145126
v -1.55803049 1.05816340 -2.23447633
v -1.59887934 1.00681341 -2.25544596
v -1.63123429 1.02561355 -2.27156162
v -1.59510434 1.01395643 -2.24987912
v -1.59317553 0.98868698 -2.28531575
v -1.58800852 0.98510027 -2.28118014
v -1.59300101 0.97971779 -2.28294158
v -1.59566462 0.98251539 -2.28820205
v -1.64556265 0.96738470 -2.27908897
v -1.64845526 0.96819532 -2.27330542
v -1.65098727 0.96223247 -2.27653193
v -1.64842832 0.96166033 -2.28199792
v -1.64287615 0.98757815 -2.26197958
v -1.64756095 0.99104607 -2.26116681
v -1.65158868 0.98384529 -2.26478076
v -1.64689565 0.98061126 -2.26490283
v -1.65155113 0.99377143 -2.26447034
v -1.65535986 0.98648739 -2.26821017
v -1.64583337 0.96868616 -2.28573871
v -1.65008259 0.97245538 -2.28945041
v -1.64448619 0.98239386 -2.28579879
v -1.64095056 0.97755945 -2.28119946
v -1.58892119 1.03335023 -2.27467346
v -1.58049595 1.03164506 -2.27344871
v -1.58326745 1.01997232 -2.27758217
v -1.58555734 1.00825191 -2.28171682
v -1.58813989 0.99648041 -2.28302550
v -1.59928262 0.99851435 -2.28748965
v -1.57544482 1.01858783 -2.27496481
v -1.63190281 0.98510385 -2.27907705
v -1.63814723 0.98945087 -2.28161502
v -1.63107026 0.98810798 -2.28395176
v -1.58822238 1.01142263 -2.24932408
v -1.66084886 0.97578138 -2.27314615
v -1.60872197 1.06726325 -2.25352740
v -1.59980071 1.06513190 -2.26144171
v -1.60338604 1.05589139 -2.26427650
v -1.61317480 1.05982065 -2.25494766
v -1.65267241 0.97038180 -2.27000165
v -1.65738356 0.97309464 -2.26975870
v -1.59141886 0.98042011 -2.27097774
v -1.59520805 0.97694665 -2.27540064
v -1.59187412 0.97672909 -2.27841115
v -1.58749783 0.97962457 -2.27584100
v -1.57299125 1.02967393 -2.27089167
v -1.56967008 0.98950088 -2.27851892
v -1.57650506 0.99223214 -2.28510308
v -1.57713926 1.04163444 -2.26967239
v -1.58575094 1.04389203 -2.27099800
v -1.58320749 1.05211520 -2.26803589
v -1.61176217 0.99489325 -2.28749228
v -1.59719956 1.03435147 -2.27523828
v -1.59340715 1.04493809 -2.27101898
v -1.59175646 1.05463362 -2.26753402
v -1.58928502 1.06217313 -2.26513815
v -1.58012235 1.05884719 -2.26573515
v -1.65593433 0.97585231 -2.28840590
v -1.65345728 0.96622807 -2.29087830
v -1.57559538 1.06664395 -2.26365113
v -1.56909406 1.07503057 -2.26214075
v -1.57874322 1.07889473 -2.26085782
v -1.58489621 1.07018399 -2.26311207
v -1.60219872 1.04616821 -2.26976323
v -1.61048245 1.04718506 -2.26691532
v -1.60555780 1.03512549 -2.27465010
v -1.61495185 1.03587139 -2.27218747
v -1.62141848 0.99895161 -2.28796959
v -1.65595317 0.95055598 -2.29064965
v -1.65220439 0.95784301 -2.28876305
v -1.65060127 0.95628530 -2.28397083
v -1.65410495 0.94903731 -2.28671384
v -1.64921784 0.96310306 -2.28757834
v -1.65620315 0.96080822 -2.29150891
v -1.62549067 1.03668141 -2.26592350
v -1.62879992 0.98216945 -2.27077413
v -1.62129986 1.04922509 -2.25717831
v -1.63685393 1.03393626 -2.25855398
v -1.63481557 1.04242885 -2.25138497
v -1.61927152 1.06214476 -2.24407816
v -1.62713039 1.05504727 -2.24360919
v -1.60915041 1.07538128 -2.24229431
v -1.61375046 1.06832099 -2.24340773
v -1.60423028 1.08445764 -2.24054432
v -1.63849974 1.04608512 -2.24164867
v -1.66349494 0.95456094 -2.27569628
v -1.65849078 0.95184523 -2.27661347
v -1.60427511 1.07486153 -2.25201607
v -1.59879792 1.08398736 -2.25008821
v -1.63408160 1.02070844 -2.22756791
v -1.58633602 1.01892817 -2.24333239
v -1.59160399 1.02078462 -2.24420834
v -1.56751537 1.01755202 -2.24474287
v -1.57831097 1.01712477 -2.24197865
v -1.58934844 1.08208692 -2.25705671
v -1.57208049 1.07654572 -2.21522856
v -1.56441247 1.07327044 -2.21818066
v -1.56983399 1.08942389 -2.25735807
v -1.66727912 0.95665210 -2.27804661
v -1.61334693 0.97672665 -2.28143001
v -1.61127746 0.97752845 -2.28216529
v -1.64605689 1.03150678 -2.21940851
v -1.65305686 1.02639675 -2.22141433
v -1.65710664 1.03117859 -2.23082399
v -1.65579915 1.02959657 -2.22488403
v -1.64938533 1.03650427 -2.22344232
v -1.65026128 1.03852689 -2.23084950
v -1.58810472 1.02801359 -2.23711729
v -1.58376539 1.02597237 -2.23731709
v -1.56537068 1.02549660 -2.26362133
v -1.56170547 1.02044427 -2.25407648
v -1.65283310 0.99578625 -2.27018070
v -1.64742792 1.00355697 -2.27355313
v -1.65032148 0.99621540 -2.27683330
v -1.65032697 0.98670352 -2.28496361
v -1.63232255 0.98240364 -2.27569437
v -1.63678229 0.98266125 -2.27718735
v -1.60141456 1.03734398 -2.22257638
v -1.60267162 1.02806807 -2.23327851
v -1.64158499 1.01770163 -2.23562670
v -1.64706481 1.01677108 -2.23579454
v -1.61285913 0.99225491 -2.26260662
v -1.61818445 0.98553145 -2.29026103
v -1.62539208 0.98952836 -2.29021859
v -1.61666155 0.98585165 -2.26639843
v -1.66813898 0.95741278 -2.28715730
v -1.66903353 0.95744252 -2.28196144
v -1.64512861 0.99494988 -2.28223753
v -1.59370863 0.98752320 -2.26391578
v -1.61037314 0.98589611 -2.28765178
v -1.61499405 0.98053372 -2.28698874
v -1.56924117 0.98880231 -2.27109432
v -1.59536719 1.07300663 -2.25932693
v -1.65221775 0.95680785 -2.27819228
v -1.65437734 0.94951808 -2.28071165
v -1.65937161 0.95333207 -2.29243302
v -1.66427791 0.95619011 -2.29129601
v -1.56081879 1.02892697 -2.24944210
v -1.59554040 1.02171361 -2.24475789
v -1.55718076 1.07083213 -2.22265768
v -1.64812982 1.03835762 -2.23932648
v -1.65573192 1.03006053 -2.23769546
v -1.61989319 0.98032171 -2.27110052
v -1.58370960 0.98984516 -2.28379130
v -1.60119152 0.99043429 -2.28998923
v -1.60241175 0.98449558 -2.29249907
v -1.60970509 0.98263884 -2.29061985
v -1.61165297 0.97854000 -2.28699040
v -1.66168642 0.94748849 -2.29350781
v -1.66659081 0.95003468 -2.29242134
v -1.67055762 0.95100796 -2.28858471
v -1.67111218 0.95136172 -2.28342247
v -1.66888285 0.95107037 -2.27949929
v -1.65852296 0.94508255 -2.29188085
v -1.65664995 0.94393367 -2.28804827
v -1.65669727 0.94465810 -2.28233266
v -1.66033554 0.94013691 -2.29269695
v -1.66400397 0.94143128 -2.29449391
v -1.67509401 0.93913752 -2.28954816
v -1.67285943 0.94441330 -2.29014516
v -1.67215288 0.94117379 -2.29216766
v -1.67364740 0.93793231 -2.29241443
v -1.67479515 0.93393344 -2.29315519
v -1.67582214 0.93439519 -2.29004145
v -1.66942227 0.94138497 -2.29387331
v -1.67057598 0.93737453 -2.29494143
v -1.66685855 0.93611908 -2.29535794
v -1.66818523 0.93197799 -2.29647732
v -1.67178679 0.93305945 -2.29596138
v -1.66661179 0.93973798 -2.29461098
v -1.66844833 0.94490558 -2.29335833
v -1.67540562 0.93018913 -2.29160571
v -1.67515600 0.93099046 -2.29391623
v -1.67288899 0.92938036 -2.29628158
v -1.67254353 0.92735070 -2.29420781
v -1.67282939 0.94615376 -2.28491378
v -1.67435706 0.93976784 -2.28608274
v -1.67481577 0.93407983 -2.28716111
v -1.67409194 0.92961246 -2.28894854
v -1.67218864 0.93872154 -2.28330564
v -1.67249370 0.93316078 -2.28532624
v -1.67177415 0.92948884 -2.28718972
v -1.66884530 0.93670940 -2.28191280
v -1.66985178 0.93178886 -2.28472066
v -1.66670740 0.94434983 -2.27906537
v -1.67050469 0.94603926 -2.28112459
v -1.67007530 0.92951792 -2.28649330
v -1.67119312 0.92684251 -2.29164815
v -1.66402256 0.93570602 -2.29495883
v -1.66556084 0.93104565 -2.29567337
v -1.66196907 0.93476605 -2.29338884
v -1.66390181 0.93006843 -2.29390597
v -1.66819108 0.92748672 -2.29587698
v -1.66952014 0.92901897 -2.29703903
v -1.66490340 0.94940495 -2.27730107
v -1.66002262 0.94685113 -2.27856326
v -1.66198206 0.94180810 -2.28011632
v -1.66443336 0.93459201 -2.28278947
v -1.65871370 0.94016486 -2.28386807
v -1.65858185 0.93927902 -2.28908348
v -1.66085482 0.93409628 -2.29047704
v -1.66116202 0.93397510 -2.28644180
v -1.66318679 0.92975366 -2.29121614
v -1.66395175 0.92984027 -2.28832006
v -1.66665030 0.93047875 -2.28583050
v -1.66609693 0.92731214 -2.29101157
v -1.66698873 0.92697853 -2.29359078
v -1.66945517 0.92754245 -2.28947592
v -1.66597593 0.92819554 -2.28914022
v -1.66810286 0.92867661 -2.28778028
v -1.63659608 0.94765675 -2.28773475
v -1.63156855 0.94574261 -2.28807211
v -1.63039148 0.95279062 -2.28642750
v -1.63522279 0.95447099 -2.28590107
v -1.64151847 0.95312107 -2.29782343
v -1.64239168 0.95145464 -2.29239058
v -1.64116108 0.95808220 -2.29123521
v -1.64003038 0.95970839 -2.29677176
v -1.63653910 0.95298362 -2.30187607
v -1.63473403 0.95946681 -2.30105019
v -1.63824952 0.96721321 -2.29457283
v -1.63932526 0.96540725 -2.28891349
v -1.63450706 0.97715658 -2.28306770
v -1.63429666 0.97943342 -2.28865194
v -1.61839616 0.97074616 -2.27899575
v -1.61660969 0.97049236 -2.28416348
v -1.64039314 0.94938564 -2.28899550
v -1.63898039 0.95609373 -2.28748035
v -1.62145138 0.95903945 -2.28993416
v -1.62387300 0.95880741 -2.28539085
v -1.62613106 0.95164007 -2.28872538
v -1.62368560 0.95167536 -2.29292059
v -1.62928474 0.97432530 -2.27605343
v -1.62348020 0.97253639 -2.27623558
v -1.63277519 0.97553241 -2.27895641
v -1.62160206 0.96069825 -2.29535246
v -1.62551010 0.96368712 -2.29921985
v -1.62193882 0.97637963 -2.29458404
v -1.61768627 0.97255868 -2.29055166
v -1.63717926 0.96347469 -2.28478479
v -1.62838578 0.96013778 -2.28283930
v -1.63333714 0.96174634 -2.28257155
v -1.63266611 0.96694869 -2.29906893
v -1.62759650 0.95620900 -2.30092955
v -1.62949610 0.93863600 -2.30184460
v -1.62624097 0.94700307 -2.29931378
v -1.62517643 0.94505155 -2.29507589
v -1.62813330 0.93633449 -2.29818821
v -1.62415195 0.95330757 -2.29744625
v -1.62991869 0.95000684 -2.30223441
v -1.63886511 0.93762636 -2.29044175
v -1.63377726 0.93583006 -2.29117513
v -1.64256537 0.93959820 -2.29160070
v -1.62905872 0.97979212 -2.29446626
v -1.64375246 0.94370294 -2.29962587
v -1.64432442 0.94170153 -2.29458380
v -1.62723076 0.94459146 -2.29061389
v -1.62945116 0.93526548 -2.29364276
v -1.63307667 0.94144088 -2.30423284
v -1.63908470 0.94408792 -2.30361152
v -1.63523352 0.93422127 -2.30572462
v -1.64088070 0.93636060 -2.30512071
v -1.64557803 0.93613756 -2.30162930
v -1.64579034 0.93486708 -2.29657125
v -1.64377785 0.93350732 -2.29362035
v -1.63180327 0.93200344 -2.30367374
v -1.63033533 0.93053675 -2.30022740
v -1.63117170 0.93000495 -2.29574156
v -1.63351595 0.92558974 -2.30550790
v -1.63698781 0.92673004 -2.30776739
v -1.64897609 0.91747051 -2.30545640
v -1.64850843 0.92294985 -2.30408502
v -1.64676213 0.92215562 -2.30692434
v -1.64813149 0.91767514 -2.30854392
v -1.64695489 0.92868030 -2.30403614
v -1.64559019 0.92555135 -2.30646849
v -1.64270306 0.92553383 -2.30792689
v -1.64355338 0.92163390 -2.30957413
v -1.63959444 0.92059141 -2.30961871
v -1.64053178 0.91627872 -2.31136036
v -1.64484048 0.91710079 -2.31164002
v -1.63951933 0.92436010 -2.30850101
v -1.64850116 0.91410434 -2.31008625
v -1.64798844 0.91287482 -2.30794525
v -1.64210451 0.92971069 -2.30692005
v -1.64717221 0.92921180 -2.29863858
v -1.64817762 0.92275071 -2.30048442
v -1.64787483 0.91672635 -2.30261827
v -1.64621770 0.91210938 -2.30528164
v -1.64592874 0.92139316 -2.29763675
v -1.64573550 0.91556895 -2.30049419
v -1.64440262 0.91196334 -2.30340791
v -1.64215255 0.91972607 -2.29622698
v -1.64279616 0.91441113 -2.29968667
v -1.64088774 0.92734528 -2.29364419
v -1.64477205 0.92860788 -2.29523587
v -1.64274561 0.91229123 -2.30226946
v -1.64507365 0.91035640 -2.31114316
v -1.64343619 0.90989488 -2.30824709
v -1.64624906 0.91256309 -2.31335807
v -1.63726950 0.92012554 -2.30846834
v -1.63837183 0.91542506 -2.31008339
v -1.63492203 0.91954660 -2.30743217
v -1.63652718 0.91446006 -2.30911183
v -1.64065874 0.91161841 -2.31185555
v -1.64194763 0.91294682 -2.31301689
v -1.64003277 0.93208593 -2.29232597
v -1.63511169 0.93069261 -2.29293680
v -1.63601160 0.92579460 -2.29424834
v -1.63733971 0.91827917 -2.29697013
v -1.63226926 0.92545611 -2.29724836
v -1.63185501 0.92509121 -2.30208182
v -1.63373268 0.91885751 -2.30446053
v -1.63410509 0.91827393 -2.30039239
v -1.63585734 0.91394597 -2.30643368
v -1.63628769 0.91358387 -2.30305004
v -1.63908517 0.91358870 -2.30049419
v -1.63851285 0.91086948 -2.30698323
v -1.63929510 0.91072816 -2.30982590
v -1.64188719 0.91037357 -2.30555415
v -1.63829374 0.91143477 -2.30452156
v -1.64056218 0.91147065 -2.30334711
v -1.61135733 0.94955492 -2.29042149
v -1.60635793 0.94840550 -2.28888440
v -1.60561991 0.95418912 -2.28760552
v -1.61068463 0.95505798 -2.28893638
v -1.61295712 0.95357537 -2.30075669
v -1.61447144 0.95236206 -2.29780531
v -1.61429060 0.95827794 -2.29589176
v -1.61276174 0.96034622 -2.29924393
v -1.60833657 0.95377976 -2.30286527
v -1.60737169 0.96082038 -2.30137205
v -1.61226308 0.96677005 -2.29741693
v -1.61394310 0.96407664 -2.29336286
v -1.61203945 0.97309583 -2.28894234
v -1.61060917 0.97611207 -2.29356480
v -1.61396801 0.95079494 -2.29408932
v -1.61347687 0.95644575 -2.29218793
v -1.59717989 0.96034271 -2.28752518
v -1.59998822 0.95975357 -2.28501725
v -1.60110641 0.95383948 -2.28831983
v -1.59868371 0.95442277 -2.29076219
v -1.60746372 0.97110069 -2.28035593
v -1.60220504 0.97072351 -2.27864242
v -1.61066711 0.97155678 -2.28420997
v -1.59685791 0.96217322 -2.29256272
v -1.59959674 0.96531898 -2.29777455
v -1.59749496 0.97505587 -2.29264045
v -1.59497404 0.97233605 -2.28697848
v -1.61296952 0.96189207 -2.28937030
v -1.60461771 0.95990574 -2.28412676
v -1.60991704 0.96069473 -2.28581214
v -1.60611725 0.96756566 -2.29944205
v -1.60106349 0.95896792 -2.29981399
v -1.60157239 0.94070345 -2.30110312
v -1.59932387 0.95024574 -2.29739976
v -1.59900177 0.94844311 -2.29281902
v -1.60079038 0.93908566 -2.29705453
v -1.59803736 0.95614433 -2.29520369
v -1.60257638 0.95233315 -2.30178452
v -1.61225522 0.94028980 -2.29309559
v -1.60739732 0.93927014 -2.29196548
v -1.61470234 0.94159013 -2.29651761
v -1.60414112 0.97711152 -2.29571104
v -1.59460747 0.97053885 -2.28168774
v -1.61417794 0.94368392 -2.30311060
v -1.61543703 0.94278145 -2.30017257
v -1.60144365 0.94800073 -2.28973126
v -1.60270345 0.93879193 -2.29342461
v -1.60465717 0.94263828 -2.30464005
v -1.61005986 0.94416702 -2.30543780
v -1.60579383 0.93620688 -2.30671525
v -1.61113024 0.93747699 -2.30723166
v -1.61533201 0.93698466 -2.30523920
v -1.61622941 0.93623573 -2.30173159
v -1.61518466 0.93556094 -2.29809237
v -1.60302317 0.93428391 -2.30339170
v -1.60246027 0.93333012 -2.29972577
v -1.60389543 0.93363458 -2.29574442
v -1.60364723 0.92958403 -2.30496097
v -1.60697258 0.93046272 -2.30819464
v -1.61834574 0.92028850 -2.30905962
v -1.61784446 0.92488539 -2.30755901
v -1.61600053 0.92469853 -2.30899286
v -1.61693299 0.92071915 -2.31082559
v -1.61618483 0.93068433 -2.30707741
v -1.61511528 0.92815870 -2.30852890
v -1.61224151 0.92880297 -2.30956197
v -1.61289942 0.92498124 -2.31113052
v -1.60884655 0.92486322 -2.30991149
v -1.60960102 0.92085683 -2.31144309
v -1.61368239 0.92085016 -2.31263709
v -1.60906088 0.92824817 -2.30946231
v -1.61705792 0.91795719 -2.31218958
v -1.61761212 0.91678214 -2.31074286
v -1.61182773 0.93224412 -2.30863547
v -1.61718547 0.93082207 -2.30300927
v -1.61820424 0.92497015 -2.30436397
v -1.61832845 0.91969705 -2.30621099
v -1.61690199 0.91633171 -2.30781460
v -1.61657465 0.92466938 -2.30110717
v -1.61670828 0.91947931 -2.30314302
v -1.61543059 0.91657209 -2.30485821
v -1.61373818 0.92434394 -2.29868579
v -1.61416435 0.91932338 -2.30128765
v -1.61287344 0.93052930 -2.29674840
v -1.61576080 0.93069953 -2.29935789
v -1.61398447 0.91722667 -2.30325365
v -1.61403430 0.91543573 -2.31200695
v -1.61304712 0.91485459 -2.30895495
v -1.61431444 0.91734511 -2.31375480
v -1.60649168 0.92491096 -2.30858970
v -1.60754645 0.92050487 -2.30987787
v -1.60478950 0.92440468 -2.30617356
v -1.60637414 0.91975021 -2.30779028
v -1.60973108 0.91717654 -2.31138515
v -1.61078060 0.91807765 -2.31268048
v -1.61249387 0.93499869 -2.29527307
v -1.60811913 0.93447465 -2.29425097
v -1.60883105 0.93014717 -2.29586864
v -1.60970938 0.92370433 -2.29807377
v -1.60480511 0.92952889 -2.29723072
v -1.60342538 0.92902601 -2.30115843
v -1.60447586 0.92382276 -2.30307198
v -1.60584843 0.92357039 -2.29970455
v -1.60612106 0.91927987 -2.30509162
v -1.60730922 0.91890132 -2.30236864
v -1.61070061 0.91889888 -2.30099130
v -1.60859025 0.91643721 -2.30630970
v -1.60883045 0.91653150 -2.30896950
v -1.61219144 0.91547191 -2.30601478
v -1.60881627 0.91693008 -2.30411100
v -1.61157644 0.91667479 -2.30360508
v -1.59761846 0.97066373 -2.27944922
v -1.57862675 0.96088350 -2.28678250
v -1.57505882 0.96102983 -2.28486872
v -1.57571733 0.96531993 -2.28339601
v -1.57901132 0.96526700 -2.28514242
v -1.57835305 0.96364433 -2.29694414
v -1.58102763 0.96229351 -2.29393840
v -1.58179915 0.96706718 -2.29207373
v -1.57915425 0.96875030 -2.29543447
v -1.57296121 0.96450925 -2.29724574
v -1.57348394 0.96969515 -2.29585981
v -1.58033311 0.97414154 -2.29256105
v -1.58313358 0.97216332 -2.28921700
v -1.58433998 0.98041713 -2.28435040
v -1.58208096 0.98331732 -2.28775597
v -1.57006609 0.98479611 -2.27339697
v -1.57365966 0.98365867 -2.27076387
v -1.57328415 0.97781968 -2.27470732
v -1.56952786 0.97911465 -2.27623796
v -1.58079326 0.96128780 -2.29015040
v -1.58147371 0.96581680 -2.28821397
v -1.56897473 0.97076023 -2.28111959
v -1.57263827 0.96966141 -2.27989292
v -1.57197237 0.96564317 -2.28285050
v -1.56853461 0.96638250 -2.28399014
v -1.57818484 0.98247731 -2.27025747
v -1.58307981 0.98107243 -2.27170491
v -1.58138132 0.97743464 -2.27684569
v -1.57741416 0.97713470 -2.27511883
v -1.58341253 0.97812992 -2.28007197
v -1.56739426 0.97249317 -2.28459072
v -1.56927264 0.97420853 -2.28956366
v -1.56958377 0.98362571 -2.28440714
v -1.56818426 0.98112530 -2.27975965
v -1.58231056 0.97038776 -2.28544402
v -1.57649887 0.96943980 -2.28055191
v -1.58018959 0.96949691 -2.28241420
v -1.57448828 0.97530508 -2.29332614
v -1.56871808 0.96888179 -2.29225683
v -1.56570685 0.95665801 -2.29160309
v -1.56611085 0.96332008 -2.28928041
v -1.56727850 0.96225047 -2.28561449
v -1.56650984 0.95595205 -2.28819609
v -1.56702006 0.96762121 -2.28746748
v -1.56814694 0.96417654 -2.29383755
v -1.57816708 0.95441508 -2.28910327
v -1.57442617 0.95485234 -2.28685951
v -1.58010602 0.95481104 -2.29236126
v -1.57602978 0.98512083 -2.28905749
v -1.57795465 0.95678258 -2.29881763
v -1.58029330 0.95549399 -2.29590940
v -1.57106197 0.96143621 -2.28434062
v -1.57003248 0.95532745 -2.28667569
v -1.56785238 0.95737809 -2.29582334
v -1.57276380 0.95773101 -2.29897928
v -1.56766796 0.95195818 -2.29787874
v -1.57255256 0.95240217 -2.30092883
v -1.57780325 0.95152986 -2.30038762
v -1.58014750 0.95074916 -2.29741597
v -1.57963407 0.95042521 -2.29395437
v -1.56573868 0.95130455 -2.29368496
v -1.56677806 0.95101756 -2.29047298
v -1.56995428 0.95103997 -2.28886127
v -1.56658256 0.94697839 -2.29549813
v -1.56858456 0.94695622 -2.29990482
v -1.57893956 0.93720961 -2.30287290
v -1.57899070 0.94127381 -2.30193496
v -1.57697070 0.94136590 -2.30301619
v -1.57747710 0.93796933 -2.30417347
v -1.57763183 0.94637209 -2.30163813
v -1.57636893 0.94480318 -2.30268931
v -1.57341969 0.94574016 -2.30285025
v -1.57376087 0.94226992 -2.30395579
v -1.57029831 0.94242913 -2.30248046
v -1.57039833 0.93841422 -2.30332565
v -1.57399130 0.93872637 -2.30536747
v -1.57042801 0.94507515 -2.30200219
v -1.57717526 0.93568254 -2.30534649
v -1.57775652 0.93433863 -2.30405426
v -1.57292616 0.94822401 -2.30207825
v -1.57976568 0.94647092 -2.29874921
v -1.58002985 0.94118500 -2.29992557
v -1.57949209 0.93637466 -2.30107689
v -1.57749581 0.93351263 -2.30166674
v -1.57942355 0.94154310 -2.29720712
v -1.57876945 0.93649018 -2.29869461
v -1.57682073 0.93381453 -2.29950142
v -1.57739651 0.94206834 -2.29443288
v -1.57704067 0.93703854 -2.29649019
v -1.57714164 0.94693023 -2.29244423
v -1.57926321 0.94654691 -2.29553771
v -1.57617974 0.93456417 -2.29793406
v -1.57407057 0.93349171 -2.30422068
v -1.57421005 0.93288261 -2.30162191
v -1.57398248 0.93553913 -2.30618429
v -1.56823587 0.94220769 -2.30025434
v -1.56885982 0.93764478 -2.30136800
v -1.56737697 0.94228685 -2.29715991
v -1.56865513 0.93715453 -2.29880023
v -1.57070565 0.93473095 -2.30286360
v -1.57099009 0.93596524 -2.30447221
v -1.57767618 0.95044899 -2.29087353
v -1.57397473 0.95083833 -2.28889775
v -1.57384706 0.94731438 -2.29050469
v -1.57426357 0.94231850 -2.29259753
v -1.57014549 0.94727349 -2.29047322
v -1.56741977 0.94710934 -2.29218912
v -1.56819236 0.94198072 -2.29442096
v -1.57067430 0.94203484 -2.29250789
v -1.56976664 0.93709886 -2.29659176
v -1.57171333 0.93711185 -2.29518843
v -1.57449353 0.93730271 -2.29515409
v -1.57203913 0.93427366 -2.29849148
v -1.57115090 0.93409777 -2.30050516
v -1.57444882 0.93335497 -2.29934025
v -1.57284200 0.93483710 -2.29710746
v -1.57460213 0.93451566 -2.29748845
v -1.56887746 0.98564678 -2.27673960
v -1.66113257 1.01913548 -2.24140906
v -1.65836263 1.01527715 -2.24165273
v -1.65501797 1.01150000 -2.22718477
v -1.65492094 1.01056612 -2.23360133
v -1.65762675 1.01529562 -2.22299242
v -1.66373050 1.02237082 -2.22543216
v -1.66119730 1.01919067 -2.22287822
v -1.65639126 1.01201749 -2.23935533
v -1.66403973 1.02266657 -2.23771358
v -1.66514122 1.02414203 -2.23108983
v -1.67181718 1.01632714 -2.23835826
v -1.67343628 1.01768315 -2.23156285
v -1.67171943 1.01593339 -2.22521853
v -1.66775668 1.01315558 -2.22250986
v -1.66324794 1.01011896 -2.22276998
v -1.66838574 1.01373160 -2.24241209
v -1.66450977 1.01043427 -2.24266553
v -1.66123962 1.00768065 -2.23890924
v -1.67526805 1.00828040 -2.24316931
v -1.68112910 1.00891411 -2.23979449
v -1.68779218 1.00108826 -2.22649574
v -1.68371987 1.00430059 -2.22598267
v -1.68601835 1.00546193 -2.22898293
v -1.68977880 1.00360250 -2.22888923
v -1.68005908 1.00868976 -2.22643518
v -1.68381345 1.00734866 -2.22957921
v -1.68474329 1.00768209 -2.23390603
v -1.68773186 1.00672162 -2.23405790
v -1.68502700 1.00739849 -2.23794746
v -1.68763483 1.00619936 -2.23932910
v -1.69155300 1.00505900 -2.23393989
v -1.69283998 1.00167334 -2.22975683
v -1.69428384 1.00221765 -2.23374081
v -1.69177628 0.99884218 -2.22865057
v -1.68109167 1.01028478 -2.23311138
v -1.67434061 1.00757647 -2.22290921
v -1.68032086 1.00254142 -2.22389102
v -1.68540466 0.99824059 -2.22560430
v -1.68916035 0.99569434 -2.22892857
v -1.67607701 0.99964136 -2.22455430
v -1.68202853 0.99561822 -2.22725964
v -1.68578207 0.99427086 -2.23049641
v -1.67308962 0.99757326 -2.22841048
v -1.67982256 0.99475032 -2.23063684
v -1.66496050 1.00312781 -2.22678852
v -1.66898239 1.00514853 -2.22283936
v -1.68333662 0.99388748 -2.23201537
v -1.69411671 0.99804133 -2.23380661
v -1.69071043 0.99511856 -2.23430848
v -1.68513787 1.00473452 -2.24221230
v -1.69082987 1.00418389 -2.23933244
v -1.68875587 1.00156915 -2.24177361
v -1.68121588 1.00293541 -2.24375701
v -1.68584704 0.99891323 -2.24241686
v -1.69226992 0.99932796 -2.23948741
v -1.69364607 1.00254905 -2.23820567
v -1.66009331 1.00767457 -2.22648573
v -1.65977395 1.00674343 -2.23264074
v -1.66443837 1.00250876 -2.23337913
v -1.67217791 0.99750680 -2.23426914
v -1.66639972 1.00390494 -2.23968840
v -1.67030001 1.00583875 -2.24342847
v -1.67726648 1.00026405 -2.24322867
v -1.67386651 0.99825978 -2.24000978
v -1.68282652 0.99656719 -2.24151134
v -1.68032289 0.99530667 -2.23876190
v -1.67939281 0.99470586 -2.23472953
v -1.68600249 0.99480522 -2.23849940
v -1.68931329 0.99636573 -2.23939943
v -1.68702614 0.99402577 -2.23457241
v -1.68362701 0.99440581 -2.23741817
v -1.68366396 0.99389511 -2.23472118
v -1.57298255 0.98710626 -2.26641655
v -1.57883441 0.98611367 -2.26516676
v -1.57746470 0.99175423 -2.26108813
v -1.57510710 0.99857479 -2.25622129
v -1.56804454 1.00480294 -2.25519109
v -1.58153856 0.99975282 -2.25548792
v -1.58369124 0.99259204 -2.26037455
v -1.58613408 0.98505455 -2.26587701
v -1.58521616 1.00647521 -2.25150061
v -1.70000982 1.78708673 -1.96657050
v -1.70202875 1.78834891 -1.96340740
v -1.70118225 1.78090692 -1.96585524
v -1.69912159 1.78041148 -1.96847355
v -1.70503032 1.78078985 -1.95954084
v -1.70334828 1.78074718 -1.96302760
v -1.70404279 1.78894305 -1.95893276
v -1.70504284 1.78790069 -1.95368636
v -1.70491767 1.78187346 -1.94637251
v -1.70563519 1.77976692 -1.94513702
v -1.70618260 1.77908349 -1.94609988
v -1.70605886 1.77957129 -1.94835556
v -1.70640314 1.78015339 -1.95212126
v -1.69566739 1.78217125 -1.97110367
v -1.69653964 1.78407109 -1.97016037
v -1.69813359 1.78528905 -1.96882248
v -1.70622051 1.78052568 -1.95595312
v -1.69717956 1.78054142 -1.97002375
v -1.69586813 1.78106236 -1.97089362
v -1.70487201 1.78490949 -1.94948637
v -1.70461106 1.78327405 -1.95948195
v -1.70279109 1.78281999 -1.96334648
v -1.70409715 1.78572524 -1.95955157
v -1.70519423 1.78523004 -1.95502698
v -1.70585549 1.78157270 -1.94960701
v -1.70600605 1.78195620 -1.95230365
v -1.70080221 1.78242588 -1.96614492
v -1.70569861 1.78275657 -1.95585573
v -1.70216119 1.78533244 -1.96349859
v -1.70551443 1.78373003 -1.95129669
v -1.70554376 1.78224993 -1.94898319
v -1.69645154 1.78212214 -1.97040641
v -1.69658339 1.78168774 -1.97033882
v -1.69831109 1.51174688 -1.97170210
v -1.70418763 1.49202192 -1.97576940
v -1.70031714 1.78446770 -1.96628809
v -1.69755530 1.78185058 -1.96956456
v -1.69897580 1.78206742 -1.96811187
v -1.69855762 1.78363013 -1.96830702
v -1.69721901 1.78280830 -1.96966732
v -1.57111192 1.39026988 -2.11627126
v -1.56795132 1.39764011 -2.12857151
v -1.52825248 1.41780794 -2.14869022
v -1.51077080 1.42427301 -2.14131474
v -1.71954417 1.23346889 -2.03611326
v -1.53268468 1.28859937 -2.01549339
v -1.52822113 1.30819464 -2.01583433
v -1.53230357 1.30438590 -1.94274557
v -1.52691913 1.30068326 -1.96085870
v -1.61738729 1.26753533 -2.07595825
v -1.61773396 1.28383088 -2.07281995
v -1.67896652 1.25481641 -2.05572820
v -1.67741573 1.27226973 -2.05273676
v -1.64008856 1.24640441 -2.07716918
v -1.52969992 1.25363863 -1.98626018
v -1.53167915 1.25174117 -2.00548220
v -1.53113914 1.27209604 -2.00028515
v -1.52816212 1.27467823 -1.98186660
v -1.54166245 1.30567205 -1.92757690
v -1.54667318 1.28339851 -1.93029511
v -1.59633183 1.30649209 -2.07218933
v -1.57299960 1.31021142 -2.06579828
v -1.53868806 1.31988716 -2.03594184
v -1.52748871 1.32637131 -2.01752138
v -1.52153528 1.33403289 -1.99866498
v -1.51956511 1.34127736 -1.97953641
v -1.69656718 1.28878641 -2.04302883
v -1.71125555 1.30635250 -2.02931809
v -1.62008941 1.30194139 -2.07226467
v -1.73804140 1.28546667 -1.99815130
v -1.51517582 1.37244105 -1.96157706
v -1.51976442 1.37499011 -1.93992448
v -1.55410087 1.31455958 -2.05297518
v -1.72354579 1.44632328 -1.99813569
v -1.71676147 1.44968247 -2.01348472
v -1.72748923 1.43389857 -2.01686525
v -1.73355544 1.42958999 -2.00134563
v -1.72073460 1.43624735 -2.03117228
v -1.71278882 1.43704164 -2.04418111
v -1.70425391 1.43718028 -2.05537605
v -1.67693698 1.43301225 -2.07794595
v -1.68605554 1.43479860 -2.07223034
v -1.65811920 1.42504406 -2.08603597
v -1.66771328 1.43002939 -2.08232975
v -1.64755344 1.41685629 -2.08906054
v -1.63488317 1.40784478 -2.09000468
v -1.61451709 1.41047800 -2.08552384
v -1.62093019 1.39899945 -2.08793235
v -1.64230978 1.39698052 -2.09185886
v -1.65481174 1.40694404 -2.09117770
v -1.66580260 1.41473329 -2.08797979
v -1.74983835 1.36295700 -1.99319005
v -1.75246334 1.38712001 -1.99049401
v -1.69375682 1.53081048 -1.96727288
v -1.47897637 1.20007753 -2.16385508
v -1.58037031 1.12880695 -2.22211075
v -1.56047738 1.56871808 -1.92686415
v -1.55403149 1.57463467 -1.94389498
v -1.55078733 1.59161711 -2.00393295
v -1.56383109 1.59693730 -2.02612877
v -1.54514885 1.58335125 -1.98091936
v -1.54563427 1.57367158 -1.96080649
v -1.64400041 1.31522191 -2.06534481
v -1.54150939 1.54182720 -1.94165373
v -1.54048312 1.56326723 -1.96011817
v -1.53910160 1.57381678 -1.98068035
v -1.54289114 1.58264589 -2.00610113
v -1.55435777 1.59006727 -2.03425336
v -1.55620062 1.58641911 -2.05111718
v -1.54289520 1.56490850 -2.06528521
v -1.54304683 1.55899572 -2.07653952
v -1.54222834 1.55128872 -2.08791065
v -1.55461991 1.56011176 -2.09917784
v -1.55615020 1.56920886 -2.08756351
v -1.51452625 1.45783627 -2.13018155
v -1.50669861 1.44109666 -2.12914729
v -1.49857533 1.42941988 -2.12349725
v -1.49326646 1.42140520 -2.11506081
v -1.49179614 1.41782999 -2.10433817
v -1.49416876 1.41829872 -2.09296012
v -1.50012982 1.42444646 -2.08365035
v -1.52005804 1.44908047 -2.06791162
v -1.52598798 1.45781875 -2.06692147
v -1.53020108 1.44571853 -2.05592680
v -1.52882791 1.43833923 -2.05301690
v -1.52290547 1.41513717 -2.03900170
v -1.51927686 1.40218496 -2.03060579
v -1.51518202 1.38722777 -2.02137017
v -1.51687706 1.14661074 -2.01262236
v -1.51890802 1.14980555 -2.03360248
v -1.52338815 1.16992760 -2.02795410
v -1.52048373 1.16664004 -2.00696945
v -1.53802919 1.20693266 -1.95831895
v -1.54632282 1.20606351 -1.93826497
v -1.55958831 1.17667627 -2.08410454
v -1.58039546 1.17602444 -2.09503102
v -1.53063309 1.17311478 -2.04832625
v -1.54284275 1.17559552 -2.06778812
v -1.60320890 1.17457867 -2.10080552
v -1.69216824 1.15572441 -2.07220411
v -1.71190667 1.15044010 -2.05919743
v -1.74396551 1.14179325 -2.02839446
v -1.75475383 1.13947105 -2.01075983
v -1.62617052 1.17115307 -2.10111547
v -1.72950196 1.14546800 -2.04473639
v -1.64893198 1.16602099 -2.09555840
v -1.67080927 1.16072035 -2.08497000
v -1.53294611 1.20792437 -1.97814119
v -1.52756882 1.18542588 -1.98230314
v -1.52616584 1.18749785 -2.00166750
v -1.51460743 1.44592404 -1.93629611
v -1.50956702 1.45074463 -1.95300102
v -1.50422120 1.45614707 -1.96967638
v -1.50487792 1.48270988 -1.98322785
v -1.50325286 1.46399784 -1.98632705
v -1.50442803 1.47140932 -2.00315714
v -1.50491667 1.48957741 -2.00000238
v -1.51045167 1.49704838 -2.02871275
v -1.51013219 1.48309875 -2.03048182
v -1.51226854 1.48590696 -2.03929973
v -1.51200128 1.49835980 -2.03898263
v -1.51269078 1.48755276 -2.04770684
v -1.51347899 1.48759043 -2.05729175
v -1.51681185 1.48550153 -2.06588411
v -1.51464641 1.47928464 -2.07311010
v -1.51353395 1.49861252 -2.08091593
v -1.51506507 1.50608826 -2.07187390
v -1.51275933 1.51150131 -2.02982664
v -1.50966156 1.51001978 -2.01572227
v -1.52467465 1.47915936 -1.93699741
v -1.53214395 1.47353172 -1.92081869
v -1.60358989 1.39490676 -2.08341503
v -1.58522356 1.39337087 -2.07881451
v -1.56886876 1.39468157 -2.07414103
v -1.55493963 1.39864838 -2.06799841
v -1.54295778 1.40483403 -2.06117892
v -1.53305364 1.41318762 -2.05306864
v -1.52695513 1.43107784 -2.04934049
v -1.52521658 1.42356169 -2.04472423
v -1.52094436 1.44246817 -2.04300547
v -1.51888764 1.43539119 -2.03688407
v -1.51309359 1.44781089 -2.02995634
v -1.50895774 1.46140265 -2.02351809
v -1.50712228 1.47788382 -2.01848650
v -1.50714362 1.49426913 -2.01574397
v -1.50755322 1.50749016 -2.00001812
v -1.50789750 1.50171602 -1.98409808
v -1.51463521 1.51311517 -1.96913993
v -1.51976693 1.53025794 -1.97197378
v -1.50990641 1.49504471 -1.96676445
v -1.50583875 1.47556913 -1.96573663
v -1.57519329 1.60758448 -1.99247992
v -1.56811094 1.60336447 -1.97082174
v -1.49953151 1.43957794 -2.08861327
v -1.50129104 1.43866444 -2.08440828
v -1.50044370 1.43269849 -2.08424568
v -1.49699914 1.43033862 -2.09125614
v -1.49537504 1.43160427 -2.09922981
v -1.49922740 1.44792640 -2.10097075
v -1.49846995 1.44191349 -2.09486270
v -1.49633026 1.43596005 -2.10749960
v -1.49981868 1.44358659 -2.11449194
v -1.50173199 1.45499909 -2.10715079
v -1.50507009 1.45308554 -2.11946011
v -1.50547636 1.46266818 -2.11224079
v -1.51052248 1.46439528 -2.12156630
v -1.50904405 1.46876454 -2.11564326
v -1.51738262 1.50426137 -2.10109305
v -1.51402414 1.49227095 -2.10734057
v -1.51107860 1.47935116 -2.11241484
v -1.51005352 1.47082567 -2.07879853
v -1.50571454 1.46193969 -2.08433199
v -1.50173342 1.45192957 -2.08953476
v -1.50222027 1.45909262 -2.09477663
v -1.50584972 1.46917069 -2.08957362
v -1.50945818 1.47932696 -2.08375692
v -1.51863432 1.46251941 -1.93588364
v -1.51172483 1.46903121 -1.95093453
v -1.51253116 1.49924254 -2.04906201
v -1.51333189 1.49895239 -2.05852580
v -1.51523757 1.49561989 -2.06801844
v -1.51343572 1.48846674 -2.07698083
v -1.51472688 1.50980592 -2.06237984
v -1.51404727 1.51155472 -2.05215240
v -1.51392889 1.51166165 -2.04099607
v -1.51590919 1.48683143 -1.95150042
v -1.52525544 1.45758331 -1.91970003
v -1.61449981 1.51263404 -2.10300851
v -1.60750258 1.53442442 -2.11325955
v -1.59171832 1.55199337 -2.11704135
v -1.57188499 1.56163120 -2.11158657
v -1.49172246 1.27067947 -2.11238599
v -1.54810584 1.26034260 -1.93240237
v -1.54870951 1.23610258 -1.93523908
v -1.53883827 1.23404133 -1.95354414
v -1.52492630 1.37470710 -1.92126989
v -1.51947749 1.44264746 -1.91879308
v -1.71366060 1.40863037 -2.07191229
v -1.72292709 1.40918660 -2.06316829
v -1.71400321 1.42312253 -2.05925012
v -1.70485115 1.42267072 -2.06815124
v -1.69387150 1.40774548 -2.08353043
v -1.70385540 1.40822482 -2.07867146
v -1.69515157 1.42178392 -2.07506323
v -1.68578553 1.42071962 -2.08033109
v -1.68387640 1.40627682 -2.08731341
v -1.67600274 1.41903508 -2.08450317
v -1.71039665 1.39269304 -2.08125305
v -1.72036016 1.39291096 -2.07415509
v -1.72947466 1.39370036 -2.06538248
v -1.69004381 1.39233792 -2.08935165
v -1.69990432 1.39285803 -2.08586311
v -1.73411858 1.66759586 -1.94821858
v -1.74796498 1.67726350 -1.95029628
v -1.75010574 1.72092152 -1.94171810
v -1.74747312 1.72428107 -1.94070625
v -1.68333662 1.55910659 -1.95910740
v -1.68303037 1.57253671 -1.95658755
v -1.74752986 1.40709972 -1.98883080
v -1.72951233 1.44101596 -1.98367631
v -1.71745944 1.45447731 -1.98148370
v -1.70988071 1.47254598 -1.97880507
v -1.68836939 1.54628694 -1.96332967
v -1.73917568 1.42445445 -1.98661029
v -1.55862236 0.97020423 -2.10204673
v -1.55043995 0.95033967 -2.08022904
v -1.54113066 0.98012531 -2.08281708
v -1.53585637 0.96590239 -2.06687903
v -1.54396451 1.05693626 -2.09347653
v -1.54459631 1.02728665 -2.09317088
v -1.54178929 1.08686638 -2.09024644
v -1.53037596 0.95718992 -2.04397249
v -1.52943754 0.95330209 -2.01695204
v -1.51734459 0.97349846 -2.01076221
v -1.52574396 1.08184600 -2.06974506
v -1.52730131 1.05394769 -2.07168436
v -1.53166986 0.98693591 -2.07083297
v -1.54323220 1.00120413 -2.09072828
v -1.52984798 1.00197732 -2.07229233
v -1.51997781 0.97589862 -2.03707290
v -1.52605724 0.98071414 -2.05758238
v -1.52123547 1.14064741 -1.96961606
v -1.52330112 1.11885977 -1.94588447
v -1.51654601 1.11920297 -1.97371507
v -1.52692282 1.15502560 -2.05509233
v -1.51732206 1.12957382 -2.03906345
v -1.52001977 0.99917340 -2.05404687
v -1.51305926 0.99708432 -2.03197145
v -1.51028049 0.99616784 -2.00551605
v -1.50400984 1.07241547 -2.00136590
v -1.50265944 1.04743981 -2.00091934
v -1.50679314 1.04784679 -2.02609324
v -1.50758016 1.07480180 -2.02585721
v -1.51460159 1.10473609 -2.04432225
v -1.51493955 1.07748842 -2.04774618
v -1.50767672 1.09797907 -1.99975860
v -1.50942218 1.10093713 -2.02264094
v -1.51287258 1.12514794 -2.01770663
v -1.51565039 1.04976761 -2.04988813
v -1.50692880 1.02171099 -1.97199321
v -1.50434840 1.02114129 -2.00170517
v -1.51786697 1.02434456 -1.94274330
v -1.51279438 1.12185633 -1.99621546
v -1.51811302 1.14367306 -1.99163675
v -1.52315640 1.16449273 -1.98636055
v -1.53316081 1.23294759 -1.97313106
v -1.78116024 0.80084687 -2.11166453
v -1.68516970 0.95232761 -1.96923339
v -1.66476250 0.94850022 -1.96441686
v -1.65162838 1.03554702 -2.14043450
v -1.58901608 0.99496222 -2.13282633
v -1.56251419 0.99812591 -2.11165166
v -1.72884965 0.97500437 -2.00626707
v -1.71558511 0.96278322 -1.98661101
v -1.68132663 1.03774846 -2.13009548
v -1.72619987 1.01417732 -2.08746910
v -1.70112050 0.95667732 -1.97543740
v -1.52846968 1.02671921 -2.07273030
v -1.51719213 1.02314627 -2.05157447
v -1.50949705 1.02189064 -2.02809668
v -1.51181638 0.99731123 -1.97543824
v -1.52266920 1.00293672 -1.94535804
v -1.73371542 1.02279246 -2.00447416
v -1.73616374 1.03296614 -2.00203180
v -1.73835051 1.03044224 -1.99398029
v -1.73542178 1.01572216 -1.99339950
v -1.69400120 1.13712490 -2.07295418
v -1.71207345 1.13163233 -2.05740333
v -1.74238694 1.12474096 -2.02467012
v -1.75246489 1.12301278 -2.00809193
v -1.62795436 1.15325379 -2.10590577
v -1.72891355 1.12764084 -2.04128408
v -1.65098596 1.14835548 -2.09993982
v -1.67294693 1.14250672 -2.08751678
v -1.68595636 0.33880144 -2.00345659
v -1.68521082 0.30964237 -2.00162959
v -1.67236197 0.31312907 -1.99833822
v -1.67458880 0.34225661 -1.99786973
v -1.64539528 0.34911734 -2.00581884
v -1.65596747 0.34662199 -1.99757802
v -1.63852429 0.34931868 -2.01766872
v -1.63589966 0.31794053 -2.01151896
v -1.63656306 0.31608200 -2.02312732
v -1.63716269 0.34691918 -2.03030825
v -1.64240170 0.34449577 -2.04078174
v -1.64946055 0.31218892 -2.04222775
v -1.66511333 0.31040698 -2.05005860
v -1.66678464 0.33800751 -2.05834770
v -1.65176880 0.34191638 -2.04943752
v -1.68520665 0.33149922 -2.05909872
v -1.68314254 0.30566877 -2.05090380
v -1.69993412 0.32850283 -2.04872394
v -1.69749308 0.33467758 -2.01303887
v -1.69861138 0.30648810 -2.00988483
v -1.64274323 0.31784916 -2.00053263
v -1.65418208 0.31552112 -1.99510598
v -1.66614974 0.34408778 -1.99513245
v -1.66350222 0.31458467 -1.99648821
v -1.67446756 0.28323847 -1.99492753
v -1.68913698 0.28268248 -1.99649441
v -1.63991356 0.28730887 -1.99565732
v -1.65271306 0.28530079 -1.99487805
v -1.63646412 0.28705376 -2.01706409
v -1.63210773 0.28825253 -2.00583553
v -1.64572966 0.28420013 -2.03992414
v -1.64228380 0.31421691 -2.03255367
v -1.64104187 0.28548270 -2.02838492
v -1.66192567 0.28442448 -2.04679441
v -1.68355155 0.28308815 -2.04804254
v -1.70291483 0.28172213 -2.00675392
v -1.66372001 0.28516084 -1.99563742
v -1.82280648 0.20505995 -2.12005687
v -1.82701337 0.20411342 -2.11469412
v -1.82493484 0.20911688 -2.11506987
v -1.82224739 0.20891660 -2.11872625
v -1.84679604 0.20704180 -2.09221268
v -1.85019660 0.20370561 -2.08146143
v -1.85008812 0.21565169 -2.08290005
v -1.84792101 0.21738666 -2.09073043
v -1.83942914 0.20563334 -2.10660076
v -1.83571792 0.20544416 -2.11308861
v -1.83411229 0.20137984 -2.11016798
v -1.83656764 0.20169610 -2.10596895
v -1.78852224 0.20558387 -2.12574935
v -1.78370392 0.20405036 -2.12970233
v -1.78364205 0.20099133 -2.12768865
v -1.78656065 0.20060593 -2.12485909
v -1.80991828 0.20359772 -2.12216735
v -1.80530143 0.20291251 -2.12606883
v -1.80499709 0.19913775 -2.12391114
v -1.80785942 0.19887882 -2.12133646
v -1.82692683 0.22035116 -2.08369422
v -1.83943546 0.22003502 -2.08911037
v -1.84304082 0.21812302 -2.07715511
v -1.83127475 0.22202927 -2.06963444
v -1.84325051 0.20839912 -2.07040334
v -1.83886755 0.20240599 -2.07640910
v -1.82766688 0.20095402 -2.06888437
v -1.83089745 0.20984775 -2.06264806
v -1.83538115 0.20178074 -2.08848763
v -1.82435524 0.20069176 -2.08227158
v -1.82304692 0.20887440 -2.09010577
v -1.83572030 0.21039253 -2.09756351
v -1.81692851 0.20915633 -2.10665917
v -1.82664406 0.20700008 -2.11411786
v -1.82929802 0.21395391 -2.10913754
v -1.81918538 0.21745616 -2.10218096
v -1.83380663 0.21421856 -2.10241079
v -1.82513976 0.21722931 -2.09299636
v -1.82613301 0.20668429 -2.08965516
v -1.83729005 0.20719713 -2.09762836
v -1.83230674 0.20151597 -2.10016012
v -1.82193601 0.20070177 -2.09247208
v -1.81820941 0.20091921 -2.10051227
v -1.82771134 0.20090383 -2.10794091
v -1.80640006 0.21473926 -2.11340404
v -1.81660843 0.21045524 -2.11720371
v -1.82070887 0.21081227 -2.11105061
v -1.81263685 0.21486980 -2.10538340
v -1.82385993 0.20306987 -2.10769224
v -1.82019079 0.19947916 -2.11154199
v -1.81212473 0.20009464 -2.10553694
v -1.81557882 0.20464414 -2.10242748
v -1.80705512 0.20068020 -2.11336851
v -1.81642962 0.19884914 -2.11759448
v -1.80601430 0.20848578 -2.11789346
v -1.81502593 0.20473069 -2.12139535
v -1.78824461 0.20716983 -2.12445259
v -1.79790556 0.20303994 -2.12655282
v -1.79960239 0.20882112 -2.12469983
v -1.78920829 0.21370941 -2.12187958
v -1.80340660 0.20986968 -2.12028480
v -1.79595828 0.21371597 -2.11677861
v -1.80642974 0.20558041 -2.11686754
v -1.80394626 0.19855577 -2.11773562
v -1.79652989 0.19985336 -2.11516905
v -1.80006194 0.20771867 -2.11492634
v -1.79955900 0.19819945 -2.12286401
v -1.79008937 0.19980508 -2.12044716
v -1.76878583 0.21260470 -2.12590313
v -1.76623476 0.20535642 -2.12648296
v -1.77608812 0.20541185 -2.12941432
v -1.77744794 0.21096021 -2.12794113
v -1.78193748 0.21123892 -2.12475872
v -1.77576613 0.21394271 -2.12258768
v -1.78465247 0.20700997 -2.12144756
v -1.78306043 0.19988614 -2.12125325
v -1.77729273 0.19997615 -2.11952829
v -1.77916777 0.20829302 -2.12105083
v -1.77842486 0.19979995 -2.12632966
v -1.77059877 0.20023924 -2.12332392
v -1.81897771 0.22380036 -2.06327152
v -1.81350696 0.21994597 -2.08051729
v -1.84546959 0.20308572 -2.08212805
v -1.81851637 0.20977217 -2.05671048
v -1.84355009 0.20281357 -2.08873272
v -1.81301022 0.19958729 -2.07983875
v -1.81538332 0.19992274 -2.06328940
v -1.81834769 0.20798677 -2.08558130
v -1.83500314 0.21083099 -2.11136723
v -1.81035948 0.20690268 -2.09990811
v -1.80406928 0.19937485 -2.09595823
v -1.83729684 0.21112591 -2.10747170
v -1.80452716 0.21885306 -2.09572506
v -1.79016459 0.21753854 -2.10713935
v -1.82451856 0.20028645 -2.11527491
v -1.82235026 0.20006722 -2.11835742
v -1.79096127 0.19918245 -2.10898733
v -1.79751420 0.20862454 -2.11465669
v -1.80499661 0.20656413 -2.12553048
v -1.77871275 0.20809835 -2.12207031
v -1.77522361 0.19855541 -2.11681938
v -1.80724967 0.20776170 -2.12293863
v -1.77352571 0.21744210 -2.11645961
v -1.78276789 0.20759302 -2.12818432
v -1.75436687 0.20626324 -2.12308621
v -1.76046884 0.19825274 -2.12019420
v -1.78548944 0.20854491 -2.12655568
v -1.75845635 0.21543926 -2.12204981
v -1.70518029 0.32957512 -2.02387786
v -1.70575655 0.30410260 -2.02090168
v -1.70552719 0.32693100 -2.03558803
v -1.69776928 0.30347949 -2.04233670
v -1.70488954 0.30215508 -2.03211880
v -1.71114385 0.28182513 -2.02029133
v -1.69983709 0.28110892 -2.04112816
v -1.70876241 0.28147322 -2.03279734
v -1.64073086 0.26353747 -2.03797126
v -1.65768147 0.26398462 -2.04710984
v -1.63750899 0.26435632 -2.02476859
v -1.62731111 0.26486188 -2.00131488
v -1.63150609 0.26534444 -2.01367927
v -1.72039819 0.26393634 -2.02337432
v -1.70870984 0.26099283 -2.00795817
v -1.71910012 0.26507968 -2.03794169
v -1.70729959 0.26462728 -2.04797983
v -1.80607450 0.22637326 -2.05249953
v -1.78788793 0.22555572 -2.04307365
v -1.78279638 0.23556966 -2.05716419
v -1.79848659 0.22843379 -2.06859732
v -1.77046788 0.23398000 -2.07187033
v -1.78751051 0.22570068 -2.08300114
v -1.75664413 0.23050469 -2.08376145
v -1.77362609 0.22370738 -2.09528184
v -1.74289799 0.22683972 -2.09379864
v -1.75860870 0.22157532 -2.10561800
v -1.73001349 0.21962160 -2.10209751
v -1.74536169 0.21777052 -2.11420989
v -1.72323215 0.20897979 -2.10752439
v -1.73938131 0.20735306 -2.11861014
v -1.80601025 0.20906991 -2.04645133
v -1.78826964 0.20863646 -2.03887510
v -1.80108953 0.19694728 -2.05459666
v -1.78219652 0.19431907 -2.04684401
v -1.79281080 0.19664532 -2.06880593
v -1.77329028 0.19396275 -2.06023884
v -1.72819841 0.19642574 -2.10528326
v -1.74584293 0.19575399 -2.11451912
v -1.78123009 0.19601756 -2.08351684
v -1.76175332 0.19515198 -2.07444310
v -1.76869309 0.19430691 -2.09617686
v -1.74933779 0.19408375 -2.08690047
v -1.75658906 0.19357032 -2.10628200
v -1.73784542 0.19329518 -2.09714961
v -1.76273000 0.24032146 -2.04399753
v -1.75272954 0.24482006 -2.05999875
v -1.73830879 0.24107724 -2.07110763
v -1.72419286 0.23365372 -2.07934380
v -1.71198010 0.22236925 -2.08632374
v -1.70545256 0.21202046 -2.09280562
v -1.69992352 0.24388784 -2.06572628
v -1.69106758 0.22411662 -2.07066417
v -1.68688226 0.21200973 -2.07703066
v -1.66848338 0.22551876 -2.05732441
v -1.66798127 0.21193904 -2.06153631
v -1.63396728 0.22453588 -2.03334689
v -1.63078904 0.20846790 -2.03779578
v -1.64761770 0.21170205 -2.04855418
v -1.64887655 0.22582775 -2.04388785
v -1.67486632 0.24330002 -2.05314612
v -1.65281427 0.24482661 -2.04240894
v -1.63917553 0.24503964 -2.03196144
v -1.61593807 0.20627624 -2.01431465
v -1.62092352 0.20653230 -2.02715278
v -1.62414598 0.22349030 -2.02376533
v -1.61666536 0.22352797 -2.01250029
v -1.61626363 0.22129780 -1.99572420
v -1.61920941 0.20353597 -1.99790180
v -1.63270199 0.21869713 -1.98565769
v -1.63357747 0.20155126 -1.98679364
v -1.62416208 0.24523240 -2.01212978
v -1.63140750 0.24477488 -2.02198839
v -1.62084520 0.24423963 -1.99764156
v -1.63545978 0.24209911 -1.98892951
v -1.65287864 0.24128181 -1.99244606
v -1.65226674 0.21881145 -1.98978746
v -1.65292335 0.20208925 -1.98794651
v -1.76481283 0.22463292 -2.03492808
v -1.76316714 0.21112520 -2.03440499
v -1.72089994 0.25334686 -2.05980229
v -1.73528123 0.25578219 -2.04763460
v -1.73737800 0.24818748 -2.02862382
v -1.74024987 0.22621447 -2.02351332
v -1.73614383 0.21182793 -2.02733278
v -1.71296215 0.21113449 -2.01892257
v -1.71685827 0.22365206 -2.01300740
v -1.75744545 0.19978184 -2.04046845
v -1.73085678 0.20452958 -2.03399968
v -1.70843160 0.20458072 -2.02485490
v -1.69458306 0.20875257 -2.00828290
v -1.69731677 0.22134620 -2.00376797
v -1.67984831 0.20657688 -2.00036049
v -1.68118334 0.22093207 -1.99841678
v -1.66768575 0.22018725 -1.99463689
v -1.66729760 0.20451242 -1.99399114
v -1.68009949 0.24059433 -1.99713314
v -1.66742301 0.24120837 -1.99474406
v -1.69639218 0.24010056 -2.00169516
v -1.71596456 0.24270779 -2.01104116
v -1.70855582 0.19945759 -2.09219980
v -1.68947792 0.20139700 -2.07705808
v -1.67013073 0.20220083 -2.06165433
v -1.65022504 0.20003062 -2.04848742
v -1.63593984 0.19657868 -2.03563952
v -1.62799513 0.19506997 -2.02553630
v -1.62685442 0.19406444 -2.00138068
v -1.62349677 0.19465381 -2.01444817
v -1.63711572 0.19312972 -1.99332845
v -1.65235949 0.19258016 -1.99464548
v -1.66507936 0.19356114 -1.99963462
v -1.69054735 0.20032436 -2.01399374
v -1.67672181 0.19607431 -2.00590396
v -1.69304013 0.25946122 -1.99649978
v -1.67661273 0.26022953 -1.99284708
v -1.66492128 0.26235098 -1.99309111
v -1.63817537 0.26481074 -1.99255908
v -1.65322852 0.26331729 -1.99313569
v -1.74941397 0.19652826 -2.05150843
v -1.73838460 0.19727129 -2.06465340
v -1.72671306 0.19617897 -2.07636118
v -1.71659112 0.19582790 -2.08550549
v -1.69554317 0.19731051 -2.07214928
v -1.70367539 0.19721574 -2.06383848
v -1.71391058 0.19773048 -2.05296922
v -1.72401011 0.20017284 -2.04215646
v -1.67648149 0.19731969 -2.05696678
v -1.68404496 0.19633144 -2.04988050
v -1.69253480 0.19627279 -2.03998303
v -1.70204997 0.19899601 -2.03166080
v -1.68427503 0.19470388 -2.02020979
v -1.67499840 0.19344252 -2.02688885
v -1.66713953 0.19384974 -2.03575802
v -1.65853941 0.19524783 -2.04234266
v -1.64514256 0.19332021 -2.03043509
v -1.65412927 0.19254285 -2.02453041
v -1.66196764 0.19190425 -2.01679635
v -1.67010760 0.19238681 -2.01157379
v -1.63810360 0.19240004 -2.02211332
v -1.63408983 0.19137532 -2.00552940
v -1.63412058 0.19214243 -2.01407743
v -1.64020956 0.19060582 -1.99993372
v -1.65060723 0.19050127 -2.00170708
v -1.66022301 0.19111258 -2.00593710
v -1.65409410 0.19128829 -2.01141930
v -1.64752042 0.19101161 -2.00741053
v -1.64661014 0.19198364 -2.01786900
v -1.64173031 0.19181305 -2.01238751
v -1.64207137 0.19115275 -2.00497651
v -1.63919914 0.19148892 -2.00754786
v -1.68603444 0.26171166 -2.05038404
v -1.79138422 0.60815793 -2.08382630
v -1.79154539 0.61227906 -2.06873870
v -1.78618324 0.60985124 -2.09904289
v -1.70320916 1.03739095 -2.11112571
v -1.70058441 1.23529458 -2.04757690
v -1.69696903 1.27020192 -2.04440689
v -1.69874799 1.25226021 -2.04583669
v -1.71088588 1.01356852 -2.11453676
v -1.64141548 1.29712093 -2.06717968
v -1.69508147 1.43641961 -2.06468725
v -1.62459731 1.74430680 -1.99516547
v -1.62520921 1.74076653 -1.99329543
v -1.62430239 1.73759723 -1.99200809
v -1.62327075 1.73451638 -1.99161565
v -1.62150300 1.73182154 -1.99061477
v -1.61893296 1.73036349 -1.98824072
v -1.62152219 1.73799539 -1.99343526
v -1.61891520 1.73886526 -1.99021363
v -1.61945260 1.74096799 -1.99038208
v -1.62212884 1.74042702 -1.99375129
f 2 3 1
f 1 3 4
f 3 2 5
f 5 2 6
f 3 7 4
f 4 7 8
f 10 11 9
f 9 11 12
f 14 15 13
f 13 15 16
f 18 19 17
f 17 19 20
f 22 23 21
f 21 23 24
f 26 18 25
f 25 18 17
f 27 28 17
f 17 28 25
f 30 31 29
f 29 31 32
f 34 35 33
f 33 35 36
f 21 24 37
f 37 24 38
f 40 31 39
f 39 31 38
f 34 33 28
f 28 33 25
f 41 42 44
f 44 42 43
f 36 45 33
f 33 45 25
f 46 47 49
f 49 47 48
f 51 52 50
f 50 52 53
f 55 53 54
f 54 53 52
f 57 58 56
f 56 58 59
f 61 62 60
f 60 62 63
f 65 66 64
f 64 66 67
f 69 70 68
f 68 70 71
f 65 73 72
f 72 73 74
f 64 75 65
f 65 75 73
f 77 78 76
f 76 78 79
f 80 81 83
f 83 81 82
f 81 85 84
f 84 85 86
f 88 89 87
f 87 89 69
f 88 87 90
f 90 87 91
f 93 94 92
f 92 94 95
f 96 84 43
f 43 84 44
f 51 98 97
f 97 98 86
f 97 99 51
f 51 99 52
f 54 52 100
f 100 52 99
f 58 101 59
f 59 101 102
f 62 103 63
f 63 103 104
f 105 106 6
f 6 106 5
f 108 109 107
f 107 109 110
f 112 113 111
f 111 113 114
f 116 117 115
f 115 117 118
f 120 121 119
f 119 121 122
f 124 125 123
f 123 125 126
f 128 129 127
f 127 129 130
f 130 131 127
f 127 131 132
f 134 1 133
f 133 1 135
f 1 4 135
f 135 4 136
f 4 8 136
f 136 8 137
f 138 139 15
f 15 139 140
f 140 139 141
f 141 139 142
f 144 57 143
f 143 57 56
f 145 146 141
f 141 146 147
f 146 149 148
f 148 149 150
f 152 153 151
f 151 153 154
f 141 147 140
f 140 147 155
f 157 11 156
f 156 11 158
f 160 161 159
f 159 161 162
f 164 165 163
f 163 165 166
f 165 160 166
f 166 160 159
f 168 169 167
f 167 169 170
f 169 171 170
f 170 171 172
f 149 173 150
f 150 173 174
f 175 176 149
f 149 176 173
f 178 172 177
f 177 172 171
f 180 181 179
f 179 181 182
f 184 180 183
f 183 180 179
f 186 187 185
f 185 187 188
f 190 191 189
f 189 191 192
f 7 193 8
f 8 193 194
f 196 162 195
f 195 162 161
f 197 168 198
f 198 168 167
f 181 199 182
f 182 199 200
f 202 203 201
f 201 203 204
f 187 186 205
f 205 186 206
f 208 209 207
f 207 209 210
f 212 213 211
f 211 213 214
f 215 216 218
f 218 216 217
f 220 209 219
f 219 209 208
f 204 186 221
f 221 186 185
f 201 204 222
f 222 204 221
f 223 211 220
f 220 211 209
f 224 225 214
f 214 225 210
f 203 206 204
f 204 206 186
f 227 187 226
f 226 187 205
f 27 228 21
f 21 228 22
f 230 231 229
f 229 231 232
f 234 235 233
f 233 235 236
f 238 239 237
f 237 239 240
f 119 122 118
f 118 122 115
f 112 242 241
f 241 242 243
f 98 51 244
f 244 51 50
f 245 138 14
f 14 138 15
f 11 10 158
f 158 10 246
f 89 85 69
f 69 85 70
f 11 157 12
f 12 157 247
f 249 164 248
f 248 164 163
f 177 250 178
f 178 250 251
f 253 254 252
f 252 254 255
f 187 227 188
f 188 227 256
f 212 257 213
f 213 257 258
f 260 134 259
f 259 134 133
f 165 164 135
f 135 164 133
f 160 165 136
f 136 165 135
f 136 137 160
f 160 137 161
f 137 261 161
f 161 261 195
f 263 264 262
f 262 264 265
f 13 16 266
f 266 16 267
f 268 267 155
f 155 267 16
f 147 269 155
f 155 269 268
f 162 196 167
f 167 196 198
f 167 170 162
f 162 170 159
f 170 172 159
f 159 172 166
f 172 178 166
f 166 178 163
f 178 251 163
f 163 251 248
f 168 270 169
f 169 270 271
f 272 273 171
f 171 273 177
f 271 272 169
f 169 272 171
f 168 197 270
f 270 197 274
f 250 177 275
f 275 177 273
f 277 45 276
f 276 45 278
f 280 281 279
f 279 281 282
f 284 104 283
f 283 104 103
f 285 215 286
f 286 215 218
f 288 289 287
f 287 289 290
f 291 80 66
f 66 80 83
f 293 294 292
f 292 294 295
f 73 91 74
f 74 91 87
f 91 73 92
f 92 73 75
f 279 77 280
f 280 77 76
f 80 291 70
f 70 291 71
f 277 47 96
f 96 47 82
f 297 175 296
f 296 175 149
f 299 154 298
f 298 154 153
f 225 300 210
f 210 300 207
f 224 301 206
f 206 301 205
f 210 209 214
f 214 209 211
f 226 205 302
f 302 205 301
f 304 305 303
f 303 305 306
f 308 309 307
f 307 309 310
f 72 291 65
f 65 291 66
f 66 83 67
f 67 83 46
f 312 313 311
f 311 313 314
f 316 317 315
f 315 317 36
f 29 318 35
f 35 318 319
f 321 32 320
f 320 32 322
f 311 314 323
f 323 314 324
f 315 325 316
f 316 325 326
f 318 287 319
f 319 287 290
f 328 321 327
f 327 321 320
f 329 330 39
f 39 330 331
f 332 333 40
f 40 333 322
f 309 334 285
f 285 334 335
f 236 2 134
f 134 2 1
f 260 336 233
f 233 336 337
f 237 14 265
f 265 14 13
f 84 86 44
f 44 86 98
f 189 192 7
f 7 192 193
f 44 98 41
f 41 98 244
f 237 240 14
f 14 240 245
f 7 3 189
f 189 3 5
f 338 71 72
f 72 71 291
f 262 265 266
f 266 265 13
f 124 123 339
f 339 123 105
f 123 109 105
f 105 109 106
f 189 5 190
f 190 5 106
f 111 114 12
f 12 114 9
f 264 340 265
f 265 340 237
f 342 343 341
f 341 343 344
f 6 235 105
f 105 235 339
f 234 346 345
f 345 346 347
f 349 350 348
f 348 350 351
f 107 352 108
f 108 352 353
f 355 356 354
f 354 356 357
f 237 340 238
f 238 340 358
f 12 247 111
f 111 247 359
f 264 263 116
f 116 263 360
f 361 362 222
f 222 362 201
f 364 365 363
f 363 365 366
f 368 369 367
f 367 369 370
f 372 373 371
f 371 373 374
f 375 376 372
f 372 376 377
f 378 379 381
f 381 379 380
f 382 383 269
f 269 383 268
f 150 174 365
f 365 174 384
f 380 377 381
f 381 377 376
f 271 270 180
f 180 270 181
f 273 272 252
f 252 272 184
f 272 271 184
f 184 271 180
f 181 270 274
f 252 255 273
f 273 255 275
f 254 385 255
f 255 385 386
f 387 388 179
f 179 388 183
f 389 387 182
f 182 387 179
f 182 200 389
f 389 200 390
f 388 391 183
f 183 391 253
f 391 392 253
f 253 392 254
f 394 379 393
f 393 379 378
f 185 188 395
f 395 188 396
f 221 185 397
f 397 185 395
f 222 221 398
f 398 221 397
f 188 256 396
f 396 256 399
f 400 401 256
f 256 401 399
f 402 403 405
f 405 403 404
f 148 150 364
f 364 150 365
f 393 406 394
f 394 406 407
f 158 246 393
f 393 246 406
f 342 19 238
f 238 19 239
f 23 22 350
f 350 22 354
f 244 50 245
f 245 50 138
f 55 142 53
f 53 142 139
f 145 144 296
f 296 144 143
f 355 228 341
f 341 228 20
f 41 240 42
f 42 240 239
f 283 308 284
f 284 308 307
f 349 409 408
f 408 409 410
f 244 245 41
f 41 245 240
f 268 383 406
f 406 383 407
f 346 411 349
f 349 411 409
f 251 412 248
f 248 412 413
f 275 414 250
f 250 414 415
f 25 45 26
f 26 45 277
f 43 26 96
f 96 26 277
f 416 417 61
f 61 417 62
f 329 24 408
f 408 24 23
f 31 40 32
f 32 40 322
f 39 38 329
f 329 38 24
f 37 38 30
f 30 38 31
f 418 419 421
f 421 419 420
f 78 295 79
f 79 295 294
f 124 339 422
f 422 339 345
f 232 131 357
f 357 131 351
f 2 236 6
f 6 236 235
f 252 184 253
f 253 184 183
f 227 423 256
f 256 423 400
f 423 227 305
f 305 227 226
f 424 258 425
f 425 258 257
f 426 427 212
f 212 427 257
f 259 133 249
f 249 133 164
f 419 418 428
f 428 418 429
f 327 430 328
f 328 430 288
f 49 431 46
f 46 431 67
f 306 302 424
f 424 302 258
f 313 432 314
f 314 432 433
f 32 321 29
f 29 321 318
f 324 314 433
f 287 318 328
f 328 318 321
f 134 260 236
f 236 260 233
f 345 339 234
f 234 339 235
f 357 351 354
f 354 351 350
f 408 23 349
f 349 23 350
f 317 278 36
f 36 278 45
f 432 313 429
f 429 313 428
f 435 428 434
f 434 428 313
f 42 239 18
f 18 239 19
f 43 42 26
f 26 42 18
f 121 120 436
f 436 120 437
f 302 301 258
f 258 301 213
f 110 109 126
f 126 109 123
f 238 358 342
f 342 358 343
f 341 20 342
f 342 20 19
f 322 438 320
f 320 438 439
f 320 439 327
f 327 439 430
f 333 440 322
f 322 440 438
f 289 288 323
f 323 288 430
f 115 340 116
f 116 340 264
f 146 145 149
f 149 145 296
f 15 140 16
f 16 140 155
f 441 442 152
f 152 442 153
f 225 224 203
f 203 224 206
f 175 297 154
f 154 297 151
f 293 443 294
f 294 443 444
f 248 413 249
f 249 413 445
f 446 447 400
f 400 447 401
f 388 387 396
f 396 387 395
f 387 389 395
f 395 389 397
f 391 388 399
f 399 388 396
f 401 392 399
f 399 392 391
f 255 386 275
f 275 386 414
f 449 450 448
f 448 450 451
f 335 452 285
f 285 452 215
f 453 298 442
f 442 298 153
f 211 223 212
f 212 223 426
f 425 257 454
f 454 257 427
f 266 10 262
f 262 10 9
f 360 113 456
f 456 113 455
f 8 194 137
f 137 194 261
f 10 266 246
f 246 266 267
f 203 202 225
f 225 202 300
f 262 9 263
f 263 9 114
f 108 353 190
f 190 353 191
f 389 390 397
f 397 390 398
f 457 422 128
f 128 422 129
f 156 158 378
f 378 158 393
f 347 346 348
f 348 346 349
f 447 458 401
f 401 458 392
f 364 382 148
f 148 382 269
f 55 54 57
f 57 54 58
f 75 64 459
f 459 64 460
f 100 90 101
f 101 90 95
f 101 58 100
f 100 58 54
f 142 55 144
f 144 55 57
f 147 146 269
f 269 146 148
f 459 93 75
f 75 93 92
f 144 145 142
f 142 145 141
f 228 27 20
f 20 27 17
f 154 299 175
f 175 299 176
f 214 213 224
f 224 213 301
f 424 461 306
f 306 461 303
f 285 286 309
f 309 286 310
f 462 334 308
f 308 334 309
f 302 306 226
f 226 306 305
f 37 28 21
f 21 28 27
f 29 35 30
f 30 35 34
f 30 34 37
f 37 34 28
f 344 436 356
f 356 436 229
f 325 290 326
f 326 290 289
f 311 439 312
f 312 439 438
f 35 319 36
f 36 319 315
f 439 311 430
f 430 311 323
f 315 319 325
f 325 319 290
f 440 463 438
f 438 463 312
f 341 344 355
f 355 344 356
f 360 456 116
f 116 456 117
f 354 22 355
f 355 22 228
f 326 289 324
f 324 289 323
f 74 87 68
f 68 87 69
f 50 53 138
f 138 53 139
f 268 406 267
f 267 406 246
f 190 106 108
f 108 106 109
f 241 455 112
f 112 455 113
f 358 122 343
f 343 122 121
f 129 347 130
f 130 347 348
f 348 351 130
f 130 351 131
f 229 232 356
f 356 232 357
f 340 115 358
f 358 115 122
f 111 359 112
f 112 359 242
f 125 124 457
f 457 124 422
f 231 132 232
f 232 132 131
f 343 121 344
f 344 121 436
f 263 114 360
f 360 114 113
f 347 129 345
f 345 129 422
f 230 229 437
f 437 229 436
f 464 446 423
f 423 446 400
f 465 466 468
f 468 466 467
f 470 471 469
f 469 471 472
f 469 472 373
f 373 472 374
f 474 469 473
f 473 469 373
f 471 475 472
f 472 475 476
f 472 477 374
f 374 477 478
f 477 472 476
f 479 480 476
f 476 480 477
f 473 373 377
f 377 373 372
f 481 482 479
f 479 482 480
f 483 484 481
f 481 484 482
f 403 402 485
f 485 402 486
f 487 488 483
f 483 488 484
f 487 489 488
f 488 489 490
f 489 491 490
f 490 491 492
f 491 493 492
f 492 493 494
f 493 495 494
f 494 495 496
f 497 498 481
f 481 498 483
f 484 499 482
f 482 499 367
f 370 480 367
f 367 480 482
f 480 370 477
f 477 370 478
f 500 497 479
f 479 497 481
f 451 473 380
f 380 473 377
f 448 451 379
f 379 451 380
f 501 502 504
f 504 502 503
f 449 505 507
f 507 505 506
f 486 508 505
f 505 508 506
f 508 509 506
f 506 509 510
f 511 507 510
f 510 507 506
f 509 508 512
f 512 508 513
f 515 509 514
f 514 509 512
f 509 515 510
f 510 515 516
f 510 516 511
f 511 516 517
f 486 505 485
f 485 505 518
f 505 449 518
f 518 449 448
f 383 382 403
f 403 382 404
f 363 404 364
f 364 404 382
f 403 485 383
f 383 485 407
f 519 520 361
f 361 520 362
f 522 496 521
f 521 496 495
f 450 474 451
f 451 474 473
f 363 366 523
f 523 366 524
f 525 499 488
f 488 499 484
f 488 490 525
f 525 490 526
f 496 522 520
f 520 522 527
f 494 496 519
f 519 496 520
f 492 494 528
f 528 494 519
f 529 530 495
f 495 530 521
f 490 492 526
f 526 492 528
f 529 495 531
f 531 495 493
f 533 534 532
f 532 534 535
f 523 524 533
f 533 524 534
f 486 402 532
f 532 402 533
f 529 536 530
f 530 536 537
f 536 538 537
f 537 538 539
f 540 541 539
f 539 541 537
f 530 537 535
f 535 537 541
f 542 539 543
f 543 539 538
f 539 542 540
f 540 542 544
f 541 540 513
f 513 540 512
f 540 544 512
f 512 544 514
f 546 547 545
f 545 547 548
f 549 550 531
f 531 550 551
f 550 549 552
f 552 549 553
f 546 550 554
f 554 550 552
f 547 546 555
f 555 546 554
f 498 556 558
f 558 556 557
f 559 557 560
f 560 557 556
f 561 562 560
f 560 562 559
f 557 559 552
f 552 559 554
f 559 562 554
f 554 562 555
f 558 557 553
f 553 557 552
f 475 471 563
f 563 471 564
f 565 563 567
f 567 563 566
f 471 470 564
f 564 470 466
f 564 466 568
f 568 466 465
f 568 465 569
f 569 465 570
f 572 573 571
f 571 573 574
f 569 575 567
f 567 575 576
f 577 565 576
f 576 565 567
f 578 579 581
f 581 579 580
f 575 561 576
f 576 561 560
f 556 577 560
f 560 577 576
f 577 556 497
f 497 556 498
f 565 577 500
f 500 577 497
f 563 565 475
f 475 565 500
f 553 489 558
f 558 489 487
f 531 493 549
f 549 493 491
f 489 553 491
f 491 553 549
f 394 407 518
f 518 407 485
f 518 448 394
f 394 448 379
f 545 548 538
f 538 548 543
f 551 545 536
f 536 545 538
f 536 529 551
f 551 529 531
f 507 582 449
f 449 582 450
f 511 583 507
f 507 583 582
f 511 517 583
f 583 517 584
f 585 586 588
f 588 586 587
f 590 591 589
f 589 591 592
f 591 590 593
f 593 590 594
f 596 597 595
f 595 597 598
f 599 600 602
f 602 600 601
f 604 605 603
f 603 605 606
f 608 609 607
f 607 609 610
f 612 613 611
f 611 613 614
f 615 616 618
f 618 616 617
f 620 621 619
f 619 621 622
f 624 625 623
f 623 625 626
f 628 629 627
f 627 629 630
f 632 633 631
f 631 633 634
f 635 636 638
f 638 636 637
f 639 640 642
f 642 640 641
f 644 645 643
f 643 645 646
f 619 622 647
f 647 622 648
f 650 651 649
f 649 651 652
f 601 653 602
f 602 653 654
f 656 657 655
f 655 657 658
f 660 661 659
f 659 661 662
f 664 665 663
f 663 665 666
f 593 594 667
f 667 594 668
f 669 670 672
f 672 670 671
f 673 674 676
f 676 674 675
f 633 632 677
f 677 632 678
f 663 666 679
f 679 666 680
f 681 682 684
f 684 682 683
f 686 687 685
f 685 687 688
f 690 661 689
f 689 661 691
f 693 686 692
f 692 686 685
f 695 597 694
f 694 597 668
f 594 696 668
f 668 696 694
f 697 698 696
f 696 698 699
f 700 701 697
f 697 701 698
f 702 585 703
f 703 585 588
f 671 690 672
f 672 690 689
f 640 639 704
f 704 639 705
f 679 706 663
f 663 706 658
f 708 709 707
f 707 709 710
f 711 712 610
f 610 712 607
f 713 714 716
f 716 714 715
f 717 718 720
f 720 718 719
f 722 634 721
f 721 634 633
f 724 725 723
f 723 725 726
f 728 729 727
f 727 729 730
f 732 733 731
f 731 733 734
f 707 710 735
f 735 710 736
f 643 737 644
f 644 737 738
f 740 741 739
f 739 741 742
f 608 744 743
f 743 744 745
f 747 748 746
f 746 748 749
f 751 752 750
f 750 752 753
f 754 755 757
f 757 755 756
f 758 759 761
f 761 759 760
f 763 764 762
f 762 764 765
f 767 768 766
f 766 768 769
f 771 772 770
f 770 772 773
f 775 776 774
f 774 776 777
f 779 780 778
f 778 780 781
f 783 712 782
f 782 712 784
f 785 786 788
f 788 786 787
f 790 628 789
f 789 628 627
f 792 793 791
f 791 793 794
f 795 796 726
f 726 796 723
f 798 799 797
f 797 799 800
f 721 633 801
f 801 633 677
f 797 800 802
f 802 800 803
f 805 806 804
f 804 806 807
f 809 810 808
f 808 810 811
f 813 814 812
f 812 814 815
f 809 808 817
f 817 808 816
f 818 819 804
f 804 819 805
f 820 821 818
f 818 821 819
f 821 820 587
f 587 820 822
f 809 823 810
f 810 823 824
f 814 807 815
f 815 807 806
f 826 426 825
f 825 426 223
f 426 826 427
f 427 826 827
f 828 829 454
f 454 829 830
f 831 832 677
f 677 832 801
f 834 835 833
f 833 835 836
f 838 839 837
f 837 839 840
f 841 842 844
f 844 842 843
f 845 846 803
f 803 846 802
f 847 831 678
f 678 831 677
f 848 849 851
f 851 849 850
f 853 854 852
f 852 854 855
f 857 858 856
f 856 858 680
f 860 861 859
f 859 861 862
f 864 865 863
f 863 865 866
f 868 869 867
f 867 869 870
f 839 871 840
f 840 871 872
f 849 848 874
f 874 848 873
f 876 877 875
f 875 877 878
f 880 881 879
f 879 881 882
f 883 884 886
f 886 884 885
f 846 887 802
f 802 887 888
f 890 891 889
f 889 891 888
f 893 894 892
f 892 894 895
f 896 897 728
f 728 897 729
f 899 900 898
f 898 900 901
f 902 852 904
f 904 852 903
f 849 905 850
f 850 905 906
f 875 878 907
f 907 878 908
f 910 911 909
f 909 911 912
f 914 915 913
f 913 915 916
f 917 918 862
f 862 918 859
f 919 920 856
f 856 920 921
f 923 924 922
f 922 924 925
f 926 927 925
f 925 927 922
f 929 930 928
f 928 930 693
f 932 695 931
f 931 695 694
f 823 867 824
f 824 867 933
f 935 936 934
f 934 936 937
f 938 868 823
f 823 868 867
f 940 847 939
f 939 847 678
f 632 655 678
f 678 655 939
f 941 942 619
f 619 942 620
f 687 943 688
f 688 943 944
f 851 850 945
f 945 850 903
f 850 906 903
f 903 906 904
f 946 947 949
f 949 947 948
f 951 952 950
f 950 952 953
f 955 956 954
f 954 956 957
f 907 958 875
f 875 958 874
f 960 961 959
f 959 961 962
f 963 853 902
f 902 853 852
f 909 964 910
f 910 964 965
f 967 968 966
f 966 968 969
f 971 972 970
f 970 972 973
f 974 960 975
f 975 960 959
f 977 978 976
f 976 978 979
f 981 977 980
f 980 977 976
f 980 982 981
f 981 982 983
f 985 983 984
f 984 983 982
f 984 986 985
f 985 986 987
f 989 990 988
f 988 990 991
f 993 994 992
f 992 994 995
f 997 998 996
f 996 998 999
f 1001 1002 1000
f 1000 1002 1003
f 1005 1006 1004
f 1004 1006 1007
f 1004 1008 1005
f 1005 1008 1009
f 1008 1010 1009
f 1009 1010 1011
f 1013 1011 1012
f 1012 1011 1010
f 1014 1015 1017
f 1017 1015 1016
f 1019 1020 1018
f 1018 1020 1021
f 1022 1023 976
f 976 1023 980
f 1024 1025 982
f 982 1025 984
f 992 995 1026
f 1026 995 1027
f 956 955 1028
f 1028 955 1029
f 1030 1031 1033
f 1033 1031 1032
f 1010 1008 1034
f 1034 1008 1035
f 1008 1004 1035
f 1035 1004 1036
f 1037 1038 1002
f 1002 1038 1007
f 1002 1001 1037
f 1037 1001 1039
f 1040 1041 997
f 997 1041 998
f 1015 1014 1043
f 1043 1014 1042
f 1044 1045 1047
f 1047 1045 1046
f 1044 1020 1048
f 1048 1020 1049
f 1050 1051 1003
f 1003 1051 1000
f 1052 1050 1006
f 1006 1050 1003
f 1053 1054 1011
f 1011 1054 1009
f 1013 1045 1055
f 1055 1045 1056
f 1058 1059 1057
f 1057 1059 1060
f 1062 1063 1061
f 1061 1063 1064
f 1065 1066 1050
f 1050 1066 1051
f 1067 1065 1052
f 1052 1065 1050
f 1068 1069 1054
f 1054 1069 1070
f 1071 1068 1053
f 1053 1068 1054
f 1073 1071 1072
f 1072 1071 1074
f 1074 1071 1055
f 1055 1071 1053
f 1076 1077 1075
f 1075 1077 1078
f 1079 1080 1057
f 1057 1080 1058
f 1081 1082 1064
f 1064 1082 1061
f 1084 1085 1083
f 1083 1085 1086
f 1088 1089 1087
f 1087 1089 1090
f 1092 1093 1091
f 1091 1093 1094
f 1096 1097 1095
f 1095 1097 1098
f 1099 1100 1102
f 1102 1100 1101
f 1103 1104 1099
f 1099 1104 1100
f 1106 1107 1105
f 1105 1107 1108
f 1110 1111 1109
f 1109 1111 1112
f 1114 1115 1113
f 1113 1115 1116
f 1118 1119 1117
f 1117 1119 1077
f 1117 1120 1122
f 1122 1120 1121
f 1105 1123 1106
f 1106 1123 1124
f 1125 1126 1128
f 1128 1126 1127
f 1130 1131 1129
f 1129 1131 1132
f 1134 1135 1133
f 1133 1135 1114
f 1113 1136 1114
f 1114 1136 1133
f 1118 1137 1113
f 1113 1137 1136
f 1118 1117 1137
f 1137 1117 1122
f 1139 1140 1138
f 1138 1140 1141
f 1143 953 1142
f 1142 953 952
f 1145 957 1144
f 1144 957 956
f 1028 1146 956
f 956 1146 1144
f 1014 1147 1042
f 1042 1147 1148
f 1014 1017 1147
f 1147 1017 1149
f 1059 1058 1150
f 1150 1058 1151
f 1153 1080 1152
f 1152 1080 1154
f 1156 1088 1155
f 1155 1088 1087
f 1157 1158 1106
f 1106 1158 1107
f 1106 1124 1157
f 1157 1124 1159
f 1161 1162 1160
f 1160 1162 1163
f 1165 1166 1164
f 1164 1166 1167
f 1168 1031 1012
f 1012 1031 1046
f 1024 1023 1035
f 1035 1023 1034
f 1036 1038 1025
f 1025 1038 1169
f 1170 1171 1039
f 1039 1171 1037
f 1028 1029 1042
f 1042 1029 1043
f 1172 1173 1175
f 1175 1173 1174
f 1055 1053 1013
f 1013 1053 1011
f 1005 1009 1070
f 1070 1009 1054
f 996 999 1062
f 1062 999 1063
f 1016 1060 1017
f 1017 1060 1059
f 1017 1059 1149
f 1149 1059 1150
f 1177 1178 1176
f 1176 1178 1103
f 1176 1072 1179
f 1179 1072 1074
f 1073 1102 1086
f 1086 1102 1083
f 1180 1181 1067
f 1067 1181 1065
f 1182 1183 1184
f 1184 1183 1181
f 1186 1187 1185
f 1185 1187 1188
f 1189 1190 798
f 798 1190 799
f 1192 1193 1191
f 1191 1193 1194
f 1195 1196 1194
f 1194 1196 1191
f 1196 1195 1198
f 1198 1195 1197
f 1200 674 1199
f 1199 674 673
f 928 1201 1203
f 1203 1201 1202
f 861 1204 862
f 862 1204 921
f 1205 1206 913
f 913 1206 1207
f 882 1208 879
f 879 1208 1209
f 1210 1211 1167
f 1167 1211 1164
f 1212 769 1213
f 1213 769 768
f 727 1214 728
f 728 1214 1215
f 1217 1218 1216
f 1216 1218 1219
f 1220 813 1221
f 1221 813 812
f 827 828 427
f 427 828 454
f 1223 1224 1222
f 1222 1224 1165
f 1226 1227 1225
f 1225 1227 1228
f 851 1229 848
f 848 1229 1230
f 834 854 835
f 835 854 1231
f 1233 1234 1232
f 1232 1234 1235
f 1237 751 1236
f 1236 751 750
f 743 819 1238
f 1238 819 821
f 1240 1241 1239
f 1239 1241 1242
f 1244 1245 1243
f 1243 1245 1246
f 844 1247 841
f 841 1247 1248
f 1250 1251 1249
f 1249 1251 1252
f 1254 893 1253
f 1253 893 1237
f 1255 1256 1258
f 1258 1256 1257
f 1260 1261 1259
f 1259 1261 1262
f 945 903 855
f 855 903 852
f 855 1263 945
f 945 1263 1264
f 832 845 801
f 801 845 803
f 800 721 803
f 803 721 801
f 721 800 722
f 722 800 799
f 1266 1267 1265
f 1265 1267 1268
f 1270 795 1269
f 1269 795 726
f 725 1271 726
f 726 1271 1269
f 737 765 738
f 738 765 764
f 759 740 760
f 760 740 739
f 717 1272 1274
f 1274 1272 1273
f 1163 1226 1275
f 1275 1226 1225
f 1277 882 1276
f 1276 882 881
f 1041 1040 1027
f 1027 1040 1026
f 900 935 901
f 901 935 934
f 1164 1278 1165
f 1165 1278 1222
f 1211 1279 1164
f 1164 1279 1278
f 442 1280 453
f 453 1280 1281
f 788 1282 785
f 785 1282 1283
f 1285 1286 1284
f 1284 1286 1287
f 1284 1288 1285
f 1285 1288 1289
f 757 1289 754
f 754 1289 1288
f 605 604 675
f 675 604 676
f 1290 1291 1293
f 1293 1291 1292
f 1295 1296 1294
f 1294 1296 1297
f 696 699 694
f 694 699 931
f 1298 1299 592
f 592 1299 589
f 1299 1300 589
f 589 1300 700
f 1300 1301 700
f 700 1301 701
f 743 745 819
f 819 745 805
f 1303 1304 1302
f 1302 1304 1305
f 1306 1307 1305
f 1305 1307 1302
f 609 1298 610
f 610 1298 592
f 587 822 588
f 588 822 1308
f 703 588 1309
f 1309 588 1308
f 1310 703 571
f 571 703 1309
f 1311 1312 789
f 789 1312 790
f 825 223 1313
f 1313 223 220
f 219 1314 220
f 220 1314 1313
f 1315 1316 1311
f 1311 1316 1312
f 1317 1318 1319
f 1319 1318 1241
f 441 1320 442
f 442 1320 1280
f 1321 217 572
f 572 217 216
f 1323 1230 1322
f 1322 1230 1229
f 1324 1325 631
f 631 1325 656
f 1034 1168 1010
f 1010 1168 1012
f 1327 1328 1326
f 1326 1328 1329
f 1331 1202 1330
f 1330 1202 1201
f 571 1309 572
f 572 1309 1321
f 573 572 1332
f 1332 572 216
f 1334 1335 1333
f 1333 1335 1336
f 1337 1338 918
f 918 1338 859
f 1339 863 1340
f 1340 863 866
f 1341 1342 1344
f 1344 1342 1343
f 1345 1346 919
f 919 1346 920
f 1347 1348 673
f 673 1348 1199
f 693 1349 928
f 928 1349 1201
f 1351 1257 1350
f 1350 1257 1256
f 1350 1352 1351
f 1351 1352 1353
f 653 930 654
f 654 930 662
f 1279 1354 1278
f 1278 1354 1355
f 1357 1358 1356
f 1356 1358 1359
f 937 1360 1140
f 1140 1360 1361
f 1225 1228 909
f 909 1228 964
f 901 934 1362
f 1362 934 1139
f 1364 1365 1363
f 1363 1365 1362
f 1367 912 1366
f 1366 912 911
f 1143 1142 1368
f 1368 1142 1369
f 1144 1186 1145
f 1145 1186 1185
f 1146 1175 1144
f 1144 1175 1186
f 1175 1146 1172
f 1172 1146 1148
f 1147 1018 1148
f 1148 1018 1172
f 1018 1147 1019
f 1019 1147 1149
f 1149 1150 1019
f 1019 1150 1370
f 1150 1151 1370
f 1370 1151 1371
f 1151 1153 1371
f 1371 1153 1177
f 1152 1156 1178
f 1178 1156 1372
f 1155 1158 1373
f 1373 1158 1374
f 1157 1159 1376
f 1376 1159 1375
f 1378 1379 1377
f 1377 1379 1380
f 1382 1383 1381
f 1381 1383 1384
f 1382 1386 1385
f 1385 1386 1387
f 1386 1233 1387
f 1387 1233 1232
f 1389 1390 1388
f 1388 1390 1391
f 1393 1394 1392
f 1392 1394 1395
f 1397 1398 1396
f 1396 1398 1399
f 629 1397 630
f 630 1397 1396
f 1342 1400 1343
f 1343 1400 1401
f 1403 1404 1402
f 1402 1404 1405
f 1407 1408 1406
f 1406 1408 1409
f 1411 1412 1410
f 1410 1412 1413
f 793 1414 794
f 794 1414 1415
f 1417 1341 1416
f 1416 1341 1344
f 704 705 1347
f 1347 705 1418
f 741 1419 742
f 742 1419 1420
f 1422 669 1421
f 1421 669 672
f 645 1423 646
f 646 1423 1424
f 1196 1198 614
f 614 1198 611
f 613 1425 614
f 614 1425 1426
f 1427 616 659
f 659 616 660
f 614 1426 1196
f 1196 1426 1191
f 696 594 697
f 697 594 590
f 697 590 700
f 700 590 589
f 703 1310 702
f 702 1310 1428
f 1421 672 1192
f 1192 672 689
f 1271 648 1269
f 1269 648 622
f 621 1270 622
f 622 1270 1269
f 1429 1430 1417
f 1417 1430 1341
f 1431 1432 1434
f 1434 1432 1433
f 1436 1437 1435
f 1435 1437 1438
f 1440 1441 1439
f 1439 1441 1442
f 1443 1444 1446
f 1446 1444 1445
f 823 809 938
f 938 809 817
f 810 1447 811
f 811 1447 1448
f 1449 1450 679
f 679 1450 706
f 913 916 1205
f 1205 916 1451
f 1275 1225 912
f 912 1225 909
f 1452 1453 880
f 880 1453 881
f 1444 1401 1445
f 1445 1401 1400
f 936 1454 937
f 937 1454 1360
f 824 1455 810
f 810 1455 1447
f 631 656 632
f 632 656 655
f 966 1456 967
f 967 1456 1457
f 1459 1460 1458
f 1458 1460 1461
f 1460 1462 1461
f 1461 1462 1463
f 972 974 973
f 973 974 975
f 990 995 991
f 991 995 994
f 1464 1187 1033
f 1033 1187 1174
f 1018 1021 1172
f 1172 1021 1173
f 1000 999 1001
f 1001 999 998
f 976 979 1022
f 1022 979 1032
f 1023 1024 980
f 980 1024 982
f 989 986 1171
f 1171 986 1169
f 1171 1170 989
f 989 1170 990
f 1170 1027 990
f 990 1027 995
f 1041 1039 998
f 998 1039 1001
f 1051 1063 1000
f 1000 1063 999
f 1066 1064 1051
f 1051 1064 1063
f 1183 1081 1066
f 1066 1081 1064
f 1178 1372 1103
f 1103 1372 1104
f 1092 1091 1465
f 1465 1091 1182
f 1467 1465 1466
f 1466 1465 1468
f 1469 1470 1184
f 1184 1470 1468
f 1095 1098 1471
f 1471 1098 1101
f 1076 1374 1120
f 1120 1374 1376
f 1110 1472 1127
f 1127 1472 1132
f 1472 1473 1132
f 1132 1473 1129
f 1474 1475 1466
f 1466 1475 1473
f 1119 1118 1116
f 1116 1118 1113
f 1375 1121 1376
f 1376 1121 1120
f 1127 1132 1128
f 1128 1132 1131
f 1227 1476 1228
f 1228 1476 1361
f 1365 1477 1362
f 1362 1477 872
f 1478 1479 1323
f 1323 1479 1230
f 1480 1481 914
f 914 1481 915
f 913 1277 914
f 914 1277 1276
f 1168 1034 1022
f 1022 1034 1023
f 1035 1036 1024
f 1024 1036 1025
f 1039 1041 1170
f 1170 1041 1027
f 1042 1148 1028
f 1028 1148 1146
f 968 1459 969
f 969 1459 1458
f 1482 1483 664
f 664 1483 665
f 1485 1486 1484
f 1484 1486 1487
f 1489 1490 1488
f 1488 1490 1491
f 1492 1493 722
f 722 1493 634
f 1495 1496 1494
f 1494 1496 1497
f 1498 1207 1339
f 1339 1207 863
f 1224 1499 1165
f 1165 1499 1166
f 1160 1163 1500
f 1500 1163 1275
f 1500 877 1160
f 1160 877 1501
f 876 873 1502
f 1502 873 1479
f 945 1264 851
f 851 1264 1229
f 835 1231 839
f 839 1231 871
f 1503 1283 778
f 778 1283 1282
f 716 715 1505
f 1505 715 1504
f 1446 1445 1507
f 1507 1445 1506
f 779 792 1381
f 1381 792 791
f 1430 1409 1341
f 1341 1409 1342
f 1411 1429 1508
f 1508 1429 1417
f 635 1510 1509
f 1509 1510 1511
f 1377 1380 1315
f 1315 1380 1316
f 1445 1400 1506
f 1506 1400 1408
f 918 917 1336
f 1336 917 1333
f 1513 1514 1512
f 1512 1514 870
f 1515 1516 1363
f 1363 1516 1364
f 1453 1517 881
f 881 1517 1276
f 992 1518 993
f 993 1518 1519
f 1520 1029 1518
f 1518 1029 955
f 1520 1026 1521
f 1521 1026 1040
f 1522 1015 1521
f 1521 1015 1043
f 996 1523 997
f 997 1523 1522
f 1060 1016 1524
f 1524 1016 1523
f 1061 1525 1062
f 1062 1525 1524
f 1079 1527 1526
f 1526 1527 1528
f 1093 1529 1094
f 1094 1529 1528
f 1111 1530 1112
f 1112 1530 1531
f 1532 1533 1105
f 1105 1533 1123
f 934 937 1139
f 1139 937 1140
f 1138 1363 1139
f 1139 1363 1362
f 1534 1222 1355
f 1355 1222 1278
f 1535 1223 1534
f 1534 1223 1222
f 821 587 1238
f 1238 587 586
f 1319 711 1317
f 1317 711 1536
f 1538 1200 1537
f 1537 1200 1199
f 1508 1417 1539
f 1539 1417 1416
f 1540 1541 840
f 840 1541 837
f 1231 898 871
f 871 898 901
f 1500 1275 1367
f 1367 1275 912
f 1543 1379 1542
f 1542 1379 1395
f 1539 772 1508
f 1508 772 1544
f 1546 1403 1545
f 1545 1403 1402
f 1548 1549 1547
f 1547 1549 1550
f 1552 1548 1551
f 1551 1548 1547
f 1554 1555 1553
f 1553 1555 1556
f 1558 1559 1557
f 1557 1559 1560
f 1562 1563 1561
f 1561 1563 1564
f 1566 1567 1565
f 1565 1567 1568
f 1570 1571 1569
f 1569 1571 1572
f 1574 1575 1573
f 1573 1575 1576
f 1577 1578 1572
f 1572 1578 1569
f 1580 1581 1579
f 1579 1581 1582
f 1584 1585 1583
f 1583 1585 1586
f 1588 1555 1587
f 1587 1555 1589
f 1591 1592 1590
f 1590 1592 1593
f 1595 1596 1594
f 1594 1596 1597
f 1596 1581 1597
f 1597 1581 1576
f 1599 1570 1598
f 1598 1570 1569
f 1601 1602 1600
f 1600 1602 1603
f 1605 1606 1604
f 1604 1606 1607
f 1608 1609 1568
f 1568 1609 1565
f 1611 1612 1610
f 1610 1612 1613
f 1615 1616 1614
f 1614 1616 1617
f 1619 1617 1618
f 1618 1617 1616
f 1621 1622 1620
f 1620 1622 1623
f 1625 1626 1624
f 1624 1626 1627
f 1629 1630 1628
f 1628 1630 1631
f 1633 1634 1632
f 1632 1634 1635
f 1636 1637 1639
f 1639 1637 1638
f 1641 1642 1640
f 1640 1642 1643
f 1624 1627 1644
f 1644 1627 1645
f 1647 1648 1646
f 1646 1648 1649
f 1651 1652 1650
f 1650 1652 1653
f 1655 1656 1654
f 1654 1656 1657
f 1659 1660 1658
f 1658 1660 1661
f 1662 1663 1631
f 1631 1663 1628
f 1651 1665 1664
f 1664 1665 1666
f 1667 1656 1619
f 1619 1656 1617
f 1669 1670 1668
f 1668 1670 1671
f 1632 1635 1672
f 1672 1635 1673
f 1674 1675 1638
f 1638 1675 1639
f 1677 1678 1676
f 1676 1678 1679
f 1680 1640 1681
f 1681 1640 1643
f 1682 1683 1643
f 1643 1683 1681
f 1670 1669 1235
f 1235 1669 1232
f 1396 1399 1674
f 1674 1399 1675
f 627 630 1679
f 1679 630 1676
f 1681 1315 1680
f 1680 1315 1311
f 1683 1377 1681
f 1681 1377 1315
f 1672 1673 1387
f 1387 1673 1385
f 1636 1684 1646
f 1646 1684 1685
f 1687 1688 1686
f 1686 1688 1689
f 1585 1690 1586
f 1586 1690 1691
f 1599 1692 1551
f 1551 1692 1693
f 1552 1558 1694
f 1694 1558 1557
f 1696 1615 1695
f 1695 1615 1614
f 1698 1699 1697
f 1697 1699 1623
f 1700 1701 1703
f 1703 1701 1702
f 1705 1706 1704
f 1704 1706 1707
f 1708 1709 1640
f 1640 1709 1641
f 1710 1711 1713
f 1713 1711 1712
f 1652 1655 1653
f 1653 1655 1654
f 1714 1699 1712
f 1712 1699 1713
f 1715 1710 1716
f 1716 1710 1713
f 1717 1708 1680
f 1680 1708 1640
f 1393 1392 1715
f 1715 1392 1710
f 1719 1720 1718
f 1718 1720 1721
f 1680 1311 1717
f 1717 1311 789
f 1378 1711 1392
f 1392 1711 1710
f 1388 1391 1719
f 1719 1391 1720
f 1723 1606 1722
f 1722 1606 1689
f 1725 1568 1724
f 1724 1568 1567
f 1726 1647 1685
f 1685 1647 1646
f 1728 1554 1727
f 1727 1554 1553
f 1591 1687 1600
f 1600 1687 1686
f 1730 1595 1729
f 1729 1595 1594
f 1601 1605 1731
f 1731 1605 1604
f 1733 1663 1732
f 1732 1663 1734
f 1736 1639 1735
f 1735 1639 1675
f 1658 1644 1737
f 1737 1644 1645
f 1726 1662 1724
f 1724 1662 1631
f 1399 1738 1675
f 1675 1738 1735
f 1621 1667 1739
f 1739 1667 1619
f 1714 1740 1620
f 1620 1740 1741
f 1592 1549 1593
f 1593 1549 1742
f 1602 1571 1603
f 1603 1571 1550
f 1688 1690 1689
f 1689 1690 1722
f 1588 1559 1582
f 1582 1559 1579
f 1673 1735 1385
f 1385 1735 1738
f 1387 1232 1672
f 1672 1232 1669
f 1580 1692 1573
f 1573 1692 1743
f 1377 1683 1378
f 1378 1683 1711
f 1664 1666 1744
f 1744 1666 1745
f 1744 1696 1664
f 1664 1696 1695
f 1746 1747 1732
f 1732 1747 1748
f 1749 1750 1677
f 1677 1750 1678
f 1709 1708 1750
f 1750 1708 1678
f 1668 1632 1669
f 1669 1632 1672
f 1633 1746 1734
f 1734 1746 1732
f 1679 1678 1717
f 1717 1678 1708
f 789 627 1717
f 1717 627 1679
f 1563 1723 1564
f 1564 1723 1722
f 1728 1584 1751
f 1751 1584 1583
f 1674 1676 1396
f 1396 1676 630
f 1666 1566 1745
f 1745 1566 1565
f 1627 1629 1645
f 1645 1629 1628
f 1637 1749 1638
f 1638 1749 1677
f 1648 1665 1649
f 1649 1665 1752
f 1740 1642 1741
f 1741 1642 1657
f 1676 1674 1677
f 1677 1674 1638
f 1683 1682 1711
f 1711 1682 1712
f 1618 1753 1619
f 1619 1753 1739
f 1701 1739 1702
f 1702 1739 1753
f 1754 1214 1756
f 1756 1214 1755
f 647 1757 619
f 619 1757 941
f 1759 1193 1758
f 1758 1193 691
f 1419 1760 1420
f 1420 1760 1761
f 682 1762 683
f 683 1762 1763
f 1412 780 1413
f 1413 780 1384
f 1383 1398 1384
f 1384 1398 1413
f 1197 1424 1764
f 1764 1424 1423
f 1537 1287 1538
f 1538 1287 1286
f 1634 1684 1635
f 1635 1684 1736
f 1724 1631 1725
f 1725 1631 1630
f 1562 1730 1610
f 1610 1730 1729
f 1735 1673 1736
f 1736 1673 1635
f 1757 1195 941
f 941 1195 1194
f 1766 200 1765
f 1765 200 199
f 475 500 476
f 476 500 479
f 498 558 483
f 483 558 487
f 545 551 546
f 546 551 550
f 453 1281 219
f 219 1281 1314
f 298 453 208
f 208 453 219
f 368 1765 1767
f 1767 1765 199
f 523 405 363
f 363 405 404
f 523 533 405
f 405 533 402
f 298 208 299
f 299 208 207
f 299 207 176
f 176 207 300
f 176 300 173
f 173 300 202
f 173 202 174
f 174 202 201
f 1337 918 1768
f 1768 918 1336
f 1769 1770 1338
f 1338 1770 859
f 581 570 578
f 578 570 1771
f 555 562 580
f 580 562 561
f 504 1772 501
f 501 1772 548
f 517 542 584
f 584 542 543
f 515 514 516
f 516 514 544
f 542 517 544
f 544 517 516
f 561 575 580
f 580 575 581
f 575 569 581
f 581 569 570
f 501 548 1773
f 1773 548 547
f 1774 1775 570
f 570 1775 1771
f 369 368 1776
f 1776 368 1767
f 372 369 375
f 375 369 1776
f 822 1280 1308
f 1308 1280 1320
f 820 1281 822
f 822 1281 1280
f 818 1314 820
f 820 1314 1281
f 1314 818 1313
f 1313 818 804
f 807 814 825
f 825 814 826
f 814 813 826
f 826 813 827
f 813 1220 827
f 827 1220 828
f 580 579 555
f 555 579 547
f 1477 1540 872
f 872 1540 840
f 367 499 368
f 368 499 1765
f 1766 1765 525
f 525 1765 499
f 1777 1766 526
f 526 1766 525
f 520 527 362
f 362 527 384
f 361 1778 519
f 519 1778 528
f 371 1779 372
f 372 1779 369
f 369 1779 370
f 370 1779 478
f 1779 371 478
f 478 371 374
f 1778 1777 528
f 528 1777 526
f 1781 1782 1780
f 1780 1782 1783
f 431 460 67
f 67 460 64
f 68 338 74
f 74 338 72
f 1785 1782 1784
f 1784 1782 1786
f 1787 1788 1790
f 1790 1788 1789
f 1792 1789 1791
f 1791 1789 1793
f 1791 1794 1792
f 1792 1794 1795
f 1794 1796 1795
f 1795 1796 1797
f 1797 1798 938
f 938 1798 868
f 1798 1799 868
f 868 1799 869
f 1801 1802 1800
f 1800 1802 1451
f 1803 1804 1205
f 1205 1804 1206
f 1805 1806 864
f 864 1806 865
f 1806 1807 865
f 865 1807 1808
f 68 71 338
f 287 328 288
f 1320 1321 1308
f 1308 1321 1309
f 1320 441 1321
f 1321 441 217
f 441 152 217
f 217 152 218
f 151 286 152
f 152 286 218
f 297 310 151
f 151 310 286
f 296 307 297
f 297 307 310
f 296 143 307
f 307 143 284
f 143 56 284
f 284 56 104
f 56 59 104
f 104 59 63
f 59 102 63
f 63 102 60
f 102 94 60
f 60 94 282
f 93 459 279
f 279 459 77
f 459 460 77
f 77 460 78
f 460 431 78
f 78 431 295
f 431 49 295
f 295 49 292
f 48 421 49
f 49 421 292
f 276 278 418
f 418 278 429
f 317 432 278
f 278 432 429
f 432 317 433
f 433 317 316
f 326 324 316
f 316 324 433
f 1536 592 1809
f 1809 592 591
f 1810 744 1812
f 1812 744 1811
f 1814 1815 1813
f 1813 1815 1816
f 1817 748 1818
f 1818 748 747
f 1812 1819 1810
f 1810 1819 1817
f 1820 1821 748
f 748 1821 749
f 1823 1824 1822
f 1822 1824 1825
f 1827 1828 1826
f 1826 1828 1829
f 1831 1832 1830
f 1830 1832 1833
f 1834 1827 1243
f 1243 1827 1826
f 1313 804 825
f 825 804 807
f 1835 1253 1236
f 1236 1253 1237
f 1836 1837 1438
f 1438 1837 1435
f 1838 1505 1840
f 1840 1505 1839
f 1841 1842 716
f 716 1842 713
f 1843 1844 1510
f 1510 1844 1845
f 1847 1848 1846
f 1846 1848 1849
f 1850 1240 1822
f 1822 1240 1239
f 636 1831 637
f 637 1831 1830
f 1852 1853 1851
f 1851 1853 1854
f 1855 1856 1858
f 1858 1856 1857
f 1846 1849 1859
f 1859 1849 1860
f 1343 1401 1509
f 1509 1401 1861
f 1509 1861 635
f 635 1861 636
f 1863 1864 1862
f 1862 1864 1865
f 1283 1503 1867
f 1867 1503 1866
f 1868 1867 681
f 681 1867 682
f 1286 1285 683
f 683 1285 684
f 757 756 1274
f 1274 756 1869
f 1274 1869 717
f 717 1869 718
f 1434 1433 719
f 719 1433 720
f 1200 1538 1545
f 1545 1538 1763
f 1285 1289 684
f 684 1289 1273
f 684 1273 681
f 681 1273 1272
f 785 1283 1868
f 1868 1283 1867
f 786 785 1870
f 1870 785 1868
f 1289 757 1273
f 1273 757 1274
f 1539 1416 1871
f 1871 1416 1872
f 773 1871 1403
f 1403 1871 1404
f 675 674 1405
f 1405 674 1402
f 1864 1873 1865
f 1865 1873 1874
f 638 1843 635
f 635 1843 1510
f 1344 1343 1511
f 1511 1343 1509
f 772 1539 773
f 773 1539 1871
f 674 1200 1402
f 1402 1200 1545
f 1538 1286 1763
f 1763 1286 683
f 1444 1443 1875
f 1875 1443 1876
f 1875 1876 1831
f 1831 1876 1832
f 1416 1344 1872
f 1872 1344 1511
f 1877 1878 774
f 774 1878 1879
f 1878 1847 1879
f 1879 1847 1846
f 1880 714 1881
f 1881 714 1848
f 1401 1444 1861
f 1861 1444 1875
f 1861 1875 636
f 636 1875 1831
f 1823 1863 1882
f 1882 1863 1862
f 1441 1440 1884
f 1884 1440 1883
f 1883 1852 1884
f 1884 1852 1851
f 1886 1887 1885
f 1885 1887 1888
f 1358 1889 1359
f 1359 1889 1890
f 1891 1886 1892
f 1892 1886 1885
f 774 1879 775
f 775 1879 1893
f 1859 1893 1846
f 1846 1893 1879
f 713 1842 1849
f 1849 1842 1860
f 1318 1895 1894
f 1894 1895 1896
f 1873 1897 1874
f 1874 1897 1898
f 1898 605 1899
f 1899 605 675
f 1405 1844 675
f 675 1844 1899
f 1404 1845 1405
f 1405 1845 1844
f 593 1296 591
f 591 1296 1809
f 1295 1292 1900
f 1900 1292 1895
f 606 1897 1291
f 1291 1897 1896
f 1510 1845 1511
f 1511 1845 1872
f 1871 1872 1404
f 1404 1872 1845
f 1866 770 1762
f 1762 770 1546
f 1762 682 1866
f 1866 682 1867
f 1870 1868 1272
f 1272 1868 681
f 1272 717 1870
f 1870 717 720
f 1870 720 786
f 786 720 1433
f 786 1433 787
f 787 1433 1432
f 1261 1414 1432
f 1432 1414 787
f 1389 1234 1260
f 1260 1234 1415
f 1719 1670 1388
f 1388 1670 1235
f 1718 1671 1719
f 1719 1671 1670
f 1705 1747 1718
f 1718 1747 1671
f 1659 1901 1704
f 1704 1901 1748
f 1877 1903 1902
f 1902 1903 1904
f 1259 1905 1390
f 1390 1905 1394
f 1715 1720 1393
f 1393 1720 1391
f 1716 1721 1715
f 1715 1721 1720
f 1698 1706 1716
f 1716 1706 1721
f 277 276 47
f 47 276 48
f 84 96 81
f 81 96 82
f 80 70 81
f 81 70 85
f 99 97 88
f 88 97 89
f 90 100 88
f 88 100 99
f 101 95 102
f 102 95 94
f 1906 1907 280
f 280 1907 281
f 97 86 89
f 89 86 85
f 60 282 61
f 61 282 281
f 83 82 46
f 46 82 47
f 293 292 420
f 420 292 421
f 419 1908 420
f 420 1908 1909
f 92 95 91
f 91 95 90
f 279 282 93
f 93 282 94
f 276 418 48
f 48 418 421
f 1910 1660 1697
f 1697 1660 1707
f 1703 1624 1700
f 1700 1624 1644
f 1622 1910 1623
f 1623 1910 1697
f 1701 1700 1911
f 1911 1700 1661
f 1700 1644 1661
f 1661 1644 1658
f 1901 1737 1733
f 1733 1737 1645
f 1625 1912 1604
f 1604 1912 1731
f 1912 1913 1731
f 1731 1913 1914
f 1913 1577 1914
f 1914 1577 1572
f 1915 1578 1616
f 1616 1578 1618
f 1915 1916 1598
f 1598 1916 1743
f 1916 1574 1743
f 1743 1574 1573
f 1575 1917 1576
f 1576 1917 1597
f 1917 1609 1597
f 1597 1609 1594
f 1608 1611 1729
f 1729 1611 1610
f 1918 1612 1629
f 1629 1612 1630
f 1626 1918 1627
f 1627 1918 1629
f 1920 1921 1919
f 1919 1921 1922
f 1920 1924 1923
f 1923 1924 1925
f 1926 1927 1924
f 1924 1927 1925
f 1929 1930 1928
f 1928 1930 1931
f 1932 1933 1935
f 1935 1933 1934
f 1937 1938 1936
f 1936 1938 1939
f 1941 1942 1940
f 1940 1942 1943
f 1941 1945 1944
f 1944 1945 1946
f 1947 1948 1694
f 1694 1948 1949
f 1950 1951 1953
f 1953 1951 1952
f 1955 1956 1954
f 1954 1956 1589
f 1958 1956 1957
f 1957 1956 1932
f 1960 1934 1959
f 1959 1934 1933
f 1962 1963 1961
f 1961 1963 1964
f 1965 1955 1751
f 1751 1955 1954
f 1935 1930 1932
f 1932 1930 1957
f 1951 1950 1926
f 1926 1950 1929
f 1966 1967 1593
f 1593 1967 1590
f 1969 1967 1968
f 1968 1967 1964
f 1962 1921 1970
f 1970 1921 1971
f 1963 1945 1964
f 1964 1945 1968
f 1972 1948 1922
f 1922 1948 1919
f 1966 1972 1961
f 1961 1972 1922
f 1958 1953 1587
f 1587 1953 1560
f 1974 1975 1973
f 1973 1975 1976
f 1978 1979 1977
f 1977 1979 1691
f 1979 1975 1691
f 1691 1975 1586
f 1938 1942 1939
f 1939 1942 1980
f 1952 1947 1557
f 1557 1947 1694
f 1969 1978 1981
f 1981 1978 1977
f 1983 1984 1982
f 1982 1984 1985
f 1986 1987 1989
f 1989 1987 1988
f 1990 1991 1983
f 1983 1991 1984
f 1990 1993 1992
f 1992 1993 1994
f 1995 1996 1994
f 1994 1996 1997
f 1999 2000 1998
f 1998 2000 2001
f 2003 2004 2002
f 2002 2004 2005
f 2007 2008 2006
f 2006 2008 2009
f 2011 2012 2010
f 2010 2012 2013
f 2014 2015 2017
f 2017 2015 2016
f 2018 2019 2021
f 2021 2019 2020
f 2022 1989 2024
f 2024 1989 2023
f 1989 1988 2023
f 2023 1988 2025
f 2026 2027 2017
f 2017 2027 2014
f 2029 2030 2028
f 2028 2030 2031
f 2033 2034 2032
f 2032 2034 2035
f 2032 2035 2036
f 2036 2035 2037
f 2039 2040 2038
f 2038 2040 2041
f 1982 2042 1983
f 1983 2042 2043
f 2045 2046 2044
f 2044 2046 2047
f 2049 2050 2048
f 2048 2050 2051
f 2053 2054 2052
f 2052 2054 2055
f 2057 2058 2056
f 2056 2058 2059
f 2060 2061 2033
f 2033 2061 2034
f 2063 2064 2062
f 2062 2064 2065
f 2066 2035 2067
f 2067 2035 2034
f 2069 2039 2068
f 2068 2039 2038
f 2025 2070 2023
f 2023 2070 2071
f 2072 2024 2071
f 2071 2024 2023
f 2074 2020 2073
f 2073 2020 2019
f 2050 2049 2047
f 2047 2049 2075
f 1983 2043 1990
f 1990 2043 1993
f 2006 2050 2007
f 2007 2050 2076
f 2050 2006 2051
f 2051 2006 2077
f 2079 2080 2078
f 2078 2080 2081
f 2082 2083 2085
f 2085 2083 2084
f 2010 2013 2086
f 2086 2013 2087
f 2089 2033 2088
f 2088 2033 2032
f 2090 2060 2089
f 2089 2060 2033
f 2092 2093 2091
f 2091 2093 2094
f 2096 1986 2095
f 2095 1986 2097
f 2097 1986 2022
f 2022 1986 1989
f 2015 2094 2016
f 2016 2094 2098
f 2016 2098 2100
f 2100 2098 2099
f 2017 2016 2101
f 2101 2016 2100
f 2017 2101 2026
f 2026 2101 2102
f 2100 2099 2104
f 2104 2099 2103
f 2104 2105 2100
f 2100 2105 2101
f 2105 2106 2101
f 2101 2106 2102
f 2108 2061 2107
f 2107 2061 2109
f 2111 2112 2110
f 2110 2112 2020
f 2020 2074 2110
f 2110 2074 2113
f 2115 2116 2114
f 2114 2116 2117
f 2118 2119 1995
f 1995 2119 2120
f 2121 2122 2027
f 2027 2122 2014
f 2047 2075 2044
f 2044 2075 2123
f 2124 2125 2127
f 2127 2125 2126
f 2129 2130 2128
f 2128 2130 2131
f 2132 2133 2057
f 2057 2133 2058
f 2134 1999 2136
f 2136 1999 2135
f 2055 2138 2137
f 2137 2138 2139
f 2141 2142 2140
f 2140 2142 2143
f 2083 2082 2064
f 2064 2082 2065
f 2082 2144 2065
f 2065 2144 2145
f 2040 2146 2041
f 2041 2146 2147
f 2060 2090 2148
f 2148 2090 2149
f 2048 2051 2137
f 2137 2051 2150
f 2151 1997 2135
f 2135 1997 1996
f 2152 2150 2077
f 2077 2150 2051
f 2046 2045 2118
f 2118 2045 2119
f 2154 2155 2153
f 2153 2155 2156
f 2158 2159 2157
f 2157 2159 2160
f 2162 2163 2161
f 2161 2163 2164
f 2164 2163 2165
f 2165 2163 2166
f 2168 2169 2167
f 2167 2169 2170
f 2003 2172 2171
f 2171 2172 2173
f 2174 2175 2002
f 2002 2175 2176
f 2145 2177 2065
f 2065 2177 2062
f 2178 2179 2180
f 2180 2179 2134
f 2181 2052 2152
f 2152 2052 2150
f 2040 2127 2146
f 2146 2127 2182
f 2130 2162 2131
f 2131 2162 2161
f 2052 2055 2150
f 2150 2055 2137
f 2184 2185 2183
f 2183 2185 2186
f 2159 2030 2160
f 2160 2030 2187
f 2146 2182 2029
f 2029 2182 2188
f 2189 2190 2192
f 2192 2190 2191
f 2172 2003 2176
f 2176 2003 2002
f 1998 2151 1999
f 1999 2151 2135
f 2177 2172 2062
f 2062 2172 2176
f 2172 2177 2173
f 2173 2177 2193
f 2063 2194 2064
f 2064 2194 2195
f 2066 2197 2196
f 2196 2197 2198
f 2002 2005 2174
f 2174 2005 2199
f 2004 2003 2200
f 2200 2003 2171
f 2198 2201 2171
f 2171 2201 2200
f 2197 2202 2198
f 2198 2202 2201
f 2202 2197 2203
f 2203 2197 2204
f 2196 2198 2173
f 2173 2198 2171
f 2205 2069 2170
f 2170 2069 2206
f 2197 2066 2204
f 2204 2066 2067
f 2107 2207 2108
f 2108 2207 2208
f 2210 2208 2209
f 2209 2208 2207
f 2185 2211 2212
f 2213 2214 2211
f 2211 2214 2212
f 1998 2001 2213
f 2213 2001 2214
f 2134 2215 1999
f 1999 2215 2000
f 2216 2217 2219
f 2219 2217 2218
f 2206 2220 2170
f 2170 2220 2167
f 2069 2068 2206
f 2206 2068 2221
f 2151 1998 2222
f 2222 1998 2213
f 2124 2039 2205
f 2205 2039 2069
f 2142 2223 2143
f 2143 2223 2128
f 2203 2186 2202
f 2202 2186 2185
f 2185 2184 2211
f 2211 2184 2224
f 2224 2225 2222
f 2222 2225 2226
f 2071 2227 2072
f 2072 2227 2228
f 2229 2074 2230
f 2230 2074 2073
f 2074 2229 2113
f 2113 2229 2231
f 2232 2225 2227
f 2227 2225 2224
f 2233 2234 2031
f 2031 2234 2028
f 2236 2231 2235
f 2235 2231 2229
f 2230 2183 2229
f 2229 2183 2235
f 2237 1987 2096
f 2096 1987 1986
f 2152 2238 2181
f 2181 2238 2239
f 2080 2240 2081
f 2081 2240 2241
f 2236 2242 1971
f 1971 2242 1970
f 1925 2113 1923
f 1923 2113 2231
f 2110 1927 2111
f 2111 1927 1928
f 2103 2111 1931
f 1931 2111 1928
f 1931 2243 2103
f 2103 2243 2104
f 2105 2104 2244
f 2244 2104 2243
f 1939 1980 2148
f 2148 1980 2109
f 1980 1944 2109
f 2109 1944 2107
f 1946 2245 2207
f 2207 2245 2209
f 2245 1970 2209
f 2209 1970 2242
f 2231 2236 1923
f 1923 2236 1971
f 2113 1925 2110
f 2110 1925 1927
f 2234 2246 2028
f 2028 2246 2147
f 2247 2248 2058
f 2058 2248 2059
f 2114 2117 2249
f 2249 2117 2250
f 2252 2253 2251
f 2251 2253 2254
f 2094 2015 2091
f 2091 2015 2255
f 2256 2255 2014
f 2014 2255 2015
f 2257 2145 2258
f 2258 2145 2144
f 2131 2161 2123
f 2123 2161 2044
f 2045 2044 2164
f 2164 2044 2161
f 2045 2164 2119
f 2119 2164 2165
f 2259 2120 2165
f 2165 2120 2119
f 2260 2261 2259
f 2259 2261 2120
f 2205 2262 2124
f 2124 2262 2125
f 2180 2263 2178
f 2178 2263 2264
f 2265 2266 2092
f 2092 2266 2093
f 1992 2267 2268
f 2184 2228 2224
f 2224 2228 2227
f 2048 2269 2049
f 2049 2269 2141
f 2129 2168 2157
f 2157 2168 2167
f 2049 2141 2075
f 2075 2141 2140
f 2199 2215 2270
f 2270 2215 2271
f 2142 2141 2272
f 2272 2141 2269
f 2089 2026 2090
f 2090 2026 2102
f 2146 2029 2147
f 2147 2029 2028
f 2111 2103 2112
f 2112 2103 2099
f 2061 2060 2109
f 2109 2060 2148
f 2273 2274 2041
f 2041 2274 2038
f 2260 2275 2261
f 2261 2275 2136
f 2057 2138 2132
f 2132 2138 2276
f 2272 2269 2056
f 2056 2269 2139
f 2277 2278 2270
f 2270 2278 2199
f 2029 2188 2030
f 2030 2188 2187
f 2040 2039 2127
f 2127 2039 2124
f 2064 2195 2083
f 2083 2195 2279
f 2056 2139 2057
f 2057 2139 2138
f 2278 2277 2247
f 2247 2277 2248
f 2062 2176 2063
f 2063 2176 2175
f 2280 2210 2242
f 2242 2210 2209
f 2282 2233 2281
f 2281 2233 2031
f 2216 2219 2283
f 2283 2219 2221
f 2158 2220 2218
f 2218 2220 2219
f 2217 2282 2218
f 2218 2282 2281
f 2220 2158 2167
f 2167 2158 2157
f 2223 2264 2128
f 2128 2264 2263
f 2261 1996 2120
f 2120 1996 1995
f 2213 2211 2222
f 2222 2211 2224
f 2283 2221 2284
f 2284 2221 2068
f 2135 1996 2136
f 2136 1996 2261
f 2144 2081 2258
f 2258 2081 2241
f 2235 2280 2236
f 2236 2280 2242
f 2246 2273 2147
f 2147 2273 2041
f 2036 2285 2032
f 2032 2285 2088
f 2077 2286 2152
f 2152 2286 2238
f 1937 1960 1973
f 1973 1960 1959
f 2070 2232 2071
f 2071 2232 2227
f 2244 2287 2105
f 2105 2287 2106
f 1936 1939 2149
f 2149 1939 2148
f 1944 1946 2107
f 2107 1946 2207
f 2285 2121 2088
f 2088 2121 2027
f 2253 2249 2254
f 2254 2249 2250
f 2006 2009 2077
f 2077 2009 2286
f 2289 2086 2288
f 2288 2086 2087
f 2223 2142 2290
f 2290 2142 2272
f 2128 2131 2143
f 2143 2131 2123
f 2156 2291 2153
f 2153 2291 2175
f 2292 2293 2278
f 2278 2293 2294
f 2075 2140 2123
f 2123 2140 2143
f 2262 2169 2275
f 2275 2169 2180
f 2275 2180 2136
f 2136 2180 2134
f 2274 2284 2038
f 2038 2284 2068
f 2127 2126 2182
f 2182 2126 2166
f 2094 2093 2098
f 2098 2093 2021
f 2098 2021 2099
f 2099 2021 2112
f 2018 2021 2266
f 2266 2021 2093
f 2251 2289 2252
f 2252 2289 2288
f 1997 2151 2226
f 2226 2151 2222
f 2206 2221 2220
f 2220 2221 2219
f 2269 2048 2139
f 2139 2048 2137
f 2159 2158 2281
f 2281 2158 2218
f 2156 2155 2190
f 2190 2155 2191
f 1974 1965 1583
f 1583 1965 1751
f 2088 2027 2089
f 2089 2027 2026
f 2030 2159 2031
f 2031 2159 2281
f 2106 2149 2102
f 2102 2149 2090
f 2287 1936 2106
f 2106 1936 2149
f 2293 2154 2294
f 2294 2154 2153
f 2021 2020 2112
f 2247 2295 2278
f 2278 2295 2292
f 2284 2296 2283
f 2283 2296 2297
f 2298 2296 2274
f 2274 2296 2284
f 2273 2299 2274
f 2274 2299 2298
f 2246 2300 2273
f 2273 2300 2299
f 2283 2297 2216
f 2216 2297 2301
f 2216 2301 2217
f 2217 2301 2302
f 2302 2303 2217
f 2217 2303 2282
f 2304 2301 2305
f 2305 2301 2297
f 2307 2308 2306
f 2306 2308 2309
f 2306 2310 2307
f 2307 2310 2311
f 2307 2312 2308
f 2308 2312 2313
f 2314 2315 2312
f 2312 2315 2316
f 2316 2317 2312
f 2312 2317 2313
f 2317 2305 2313
f 2313 2305 2318
f 2314 2312 2311
f 2311 2312 2307
f 2319 2320 2322
f 2322 2320 2321
f 2322 2311 2319
f 2319 2311 2310
f 2313 2318 2308
f 2308 2318 2309
f 2296 2298 2318
f 2318 2298 2309
f 2309 2298 2323
f 2323 2298 2299
f 2306 2309 2324
f 2324 2309 2323
f 2310 2306 2325
f 2325 2306 2324
f 2296 2318 2297
f 2297 2318 2305
f 2319 2310 2326
f 2326 2310 2325
f 2328 2325 2327
f 2327 2325 2324
f 2325 2328 2326
f 2326 2328 2329
f 2331 2328 2330
f 2330 2328 2327
f 2332 2333 2327
f 2327 2333 2330
f 2328 2331 2329
f 2329 2331 2334
f 2324 2323 2327
f 2327 2323 2332
f 2300 2332 2299
f 2299 2332 2323
f 2326 2335 2319
f 2319 2335 2320
f 2305 2317 2336
f 2336 2317 2316
f 2336 2316 2337
f 2337 2316 2315
f 2338 2304 2336
f 2336 2304 2305
f 2337 2339 2336
f 2336 2339 2338
f 2337 2315 2341
f 2341 2315 2340
f 2342 2300 2234
f 2234 2300 2246
f 2303 2343 2282
f 2282 2343 2233
f 2234 2233 2342
f 2342 2233 2343
f 2342 2343 2333
f 2333 2343 2344
f 2333 2344 2330
f 2330 2344 2345
f 2346 2344 2303
f 2303 2344 2343
f 2332 2300 2333
f 2333 2300 2342
f 2347 2346 2302
f 2302 2346 2303
f 2301 2304 2302
f 2302 2304 2347
f 2304 2338 2347
f 2347 2338 2348
f 2348 2349 2347
f 2347 2349 2346
f 2350 2351 2348
f 2348 2351 2349
f 2349 2345 2346
f 2346 2345 2344
f 2345 2349 2352
f 2352 2349 2351
f 2338 2339 2348
f 2348 2339 2350
f 2350 2339 2353
f 2353 2339 2354
f 2356 2357 2355
f 2355 2357 2353
f 2351 2350 2357
f 2357 2350 2353
f 2353 2354 2355
f 2355 2354 2335
f 2320 2335 2341
f 2341 2335 2354
f 2339 2337 2354
f 2354 2337 2341
f 2352 2331 2345
f 2345 2331 2330
f 2356 2334 2352
f 2352 2334 2331
f 2356 2352 2357
f 2357 2352 2351
f 2355 2329 2356
f 2356 2329 2334
f 2335 2326 2355
f 2355 2326 2329
f 2321 2314 2322
f 2322 2314 2311
f 2321 2320 2340
f 2340 2320 2341
f 2315 2314 2340
f 2340 2314 2321
f 2125 2260 2126
f 2126 2260 2259
f 2157 2160 2129
f 2129 2160 2130
f 2188 2163 2187
f 2187 2163 2162
f 2182 2166 2188
f 2188 2166 2163
f 2180 2169 2263
f 2263 2169 2168
f 2160 2187 2130
f 2130 2187 2162
f 2275 2260 2262
f 2262 2260 2125
f 2128 2263 2129
f 2129 2263 2168
f 2262 2205 2169
f 2169 2205 2170
f 2165 2166 2259
f 2259 2166 2126
f 2359 2360 2358
f 2358 2360 2361
f 2363 2364 2362
f 2362 2364 2365
f 2367 2363 2366
f 2366 2363 2362
f 2368 2369 2371
f 2371 2369 2370
f 2372 2373 2248
f 2248 2373 2059
f 2364 2374 2365
f 2365 2374 2375
f 2377 2378 2376
f 2376 2378 2379
f 2290 2380 2223
f 2223 2380 2381
f 2223 2381 2264
f 2264 2381 2382
f 2384 2385 2383
f 2383 2385 2386
f 2364 2371 2374
f 2374 2371 2387
f 2059 2373 2290
f 2290 2373 2380
f 2378 2360 2379
f 2379 2360 2388
f 2374 2387 2359
f 2359 2387 2389
f 2390 2367 2386
f 2386 2367 2391
f 2393 2394 2392
f 2392 2394 2395
f 2386 2391 2383
f 2383 2391 2396
f 2367 2366 2391
f 2391 2366 2397
f 2363 2367 2368
f 2368 2367 2390
f 2398 2399 2361
f 2361 2399 2358
f 2399 2400 2358
f 2358 2400 2375
f 2390 2401 2368
f 2368 2401 2369
f 2372 2384 2376
f 2376 2384 2383
f 2374 2359 2375
f 2375 2359 2358
f 2402 2403 2365
f 2365 2403 2362
f 2359 2389 2360
f 2360 2389 2388
f 2364 2363 2371
f 2371 2363 2368
f 2405 2398 2404
f 2404 2398 2361
f 2392 2395 2406
f 2406 2395 2397
f 2377 2396 2394
f 2394 2396 2395
f 2394 2393 2404
f 2404 2393 2405
f 2396 2377 2383
f 2383 2377 2376
f 2406 2397 2407
f 2407 2397 2366
f 2400 2402 2375
f 2375 2402 2365
f 2385 2270 2401
f 2401 2270 2271
f 2403 2407 2362
f 2362 2407 2366
f 2371 2370 2387
f 2387 2370 2382
f 2391 2397 2396
f 2396 2397 2395
f 2378 2377 2404
f 2404 2377 2394
f 2360 2378 2361
f 2361 2378 2404
f 2407 2408 2406
f 2406 2408 2409
f 2410 2408 2403
f 2403 2408 2407
f 2411 2410 2402
f 2402 2410 2403
f 2412 2411 2400
f 2400 2411 2402
f 2406 2409 2392
f 2392 2409 2413
f 2392 2413 2393
f 2393 2413 2414
f 2415 2405 2414
f 2414 2405 2393
f 2416 2413 2417
f 2417 2413 2409
f 2419 2420 2418
f 2418 2420 2421
f 2420 2422 2421
f 2421 2422 2423
f 2420 2424 2422
f 2422 2424 2425
f 2426 2427 2424
f 2424 2427 2428
f 2428 2429 2424
f 2424 2429 2425
f 2426 2424 2419
f 2419 2424 2420
f 2419 2418 2431
f 2431 2418 2430
f 2425 2432 2422
f 2422 2432 2423
f 2408 2410 2432
f 2432 2410 2423
f 2423 2410 2433
f 2433 2410 2411
f 2421 2423 2434
f 2434 2423 2433
f 2435 2418 2434
f 2434 2418 2421
f 2429 2417 2425
f 2425 2417 2432
f 2408 2432 2409
f 2409 2432 2417
f 2418 2435 2430
f 2430 2435 2436
f 2438 2435 2437
f 2437 2435 2434
f 2435 2438 2436
f 2436 2438 2439
f 2441 2438 2440
f 2440 2438 2437
f 2442 2443 2437
f 2437 2443 2440
f 2439 2438 2444
f 2444 2438 2441
f 2433 2442 2434
f 2434 2442 2437
f 2412 2442 2411
f 2411 2442 2433
f 2436 2445 2430
f 2430 2445 2446
f 2430 2446 2431
f 2431 2446 2447
f 2417 2429 2448
f 2448 2429 2428
f 2427 2449 2428
f 2428 2449 2448
f 2450 2416 2448
f 2448 2416 2417
f 2451 2450 2449
f 2449 2450 2448
f 2427 2452 2449
f 2449 2452 2453
f 2447 2446 2452
f 2452 2446 2453
f 2454 2412 2399
f 2399 2412 2400
f 2415 2455 2405
f 2405 2455 2398
f 2399 2398 2454
f 2454 2398 2455
f 2454 2455 2443
f 2443 2455 2456
f 2443 2456 2440
f 2440 2456 2457
f 2458 2456 2415
f 2415 2456 2455
f 2443 2442 2454
f 2454 2442 2412
f 2459 2458 2414
f 2414 2458 2415
f 2413 2416 2414
f 2414 2416 2459
f 2459 2416 2460
f 2460 2416 2450
f 2460 2461 2459
f 2459 2461 2458
f 2462 2463 2460
f 2460 2463 2461
f 2461 2457 2458
f 2458 2457 2456
f 2457 2461 2464
f 2464 2461 2463
f 2451 2462 2450
f 2450 2462 2460
f 2462 2451 2465
f 2465 2451 2466
f 2468 2469 2467
f 2467 2469 2465
f 2463 2462 2469
f 2469 2462 2465
f 2465 2466 2467
f 2467 2466 2445
f 2446 2445 2453
f 2453 2445 2466
f 2451 2449 2466
f 2466 2449 2453
f 2464 2441 2457
f 2457 2441 2440
f 2468 2444 2464
f 2464 2444 2441
f 2468 2464 2469
f 2469 2464 2463
f 2467 2439 2468
f 2468 2439 2444
f 2445 2436 2467
f 2467 2436 2439
f 2447 2426 2431
f 2431 2426 2419
f 2427 2426 2452
f 2452 2426 2447
f 2369 2179 2370
f 2370 2179 2178
f 2376 2379 2372
f 2372 2379 2373
f 2389 2381 2388
f 2388 2381 2380
f 2387 2382 2389
f 2389 2382 2381
f 2270 2385 2277
f 2277 2385 2384
f 2379 2388 2373
f 2373 2388 2380
f 2401 2271 2369
f 2369 2271 2179
f 2248 2277 2372
f 2372 2277 2384
f 2401 2390 2385
f 2385 2390 2386
f 2264 2382 2178
f 2178 2382 2370
f 2215 2134 2271
f 2271 2134 2179
f 2005 2000 2199
f 2199 2000 2215
f 2004 2001 2005
f 2005 2001 2000
f 2200 2214 2004
f 2004 2214 2001
f 2470 2471 2473
f 2473 2471 2472
f 2475 2476 2474
f 2474 2476 2477
f 2479 2475 2478
f 2478 2475 2474
f 2481 2482 2480
f 2480 2482 2483
f 2476 2484 2477
f 2477 2484 2485
f 2487 2488 2486
f 2486 2488 2489
f 2133 2490 2058
f 2058 2490 2491
f 2058 2491 2247
f 2247 2491 2492
f 2494 2495 2493
f 2493 2495 2496
f 2476 2483 2484
f 2484 2483 2497
f 2472 2498 2488
f 2488 2498 2489
f 2484 2497 2471
f 2471 2497 2499
f 2500 2479 2496
f 2496 2479 2501
f 2502 2503 2505
f 2505 2503 2504
f 2496 2501 2493
f 2493 2501 2506
f 2479 2478 2501
f 2501 2478 2507
f 2475 2479 2480
f 2480 2479 2500
f 2508 2509 2473
f 2473 2509 2470
f 2509 2510 2470
f 2470 2510 2485
f 2511 2481 2500
f 2500 2481 2480
f 2512 2494 2486
f 2486 2494 2493
f 2485 2484 2470
f 2470 2484 2471
f 2513 2514 2477
f 2477 2514 2474
f 2471 2499 2472
f 2472 2499 2498
f 2476 2475 2483
f 2483 2475 2480
f 2516 2508 2515
f 2515 2508 2473
f 2502 2505 2517
f 2517 2505 2507
f 2504 2487 2505
f 2505 2487 2506
f 2503 2516 2504
f 2504 2516 2515
f 2506 2487 2493
f 2493 2487 2486
f 2517 2507 2518
f 2518 2507 2478
f 2510 2513 2485
f 2485 2513 2477
f 2511 2495 2293
f 2293 2495 2154
f 2514 2518 2474
f 2474 2518 2478
f 2483 2482 2497
f 2497 2482 2492
f 2501 2507 2506
f 2506 2507 2505
f 2488 2487 2515
f 2515 2487 2504
f 2472 2488 2473
f 2473 2488 2515
f 2518 2519 2517
f 2517 2519 2520
f 2521 2519 2514
f 2514 2519 2518
f 2522 2521 2513
f 2513 2521 2514
f 2523 2522 2510
f 2510 2522 2513
f 2517 2520 2502
f 2502 2520 2524
f 2502 2524 2503
f 2503 2524 2525
f 2525 2526 2503
f 2503 2526 2516
f 2527 2524 2528
f 2528 2524 2520
f 2530 2531 2529
f 2529 2531 2532
f 2531 2533 2532
f 2532 2533 2534
f 2531 2535 2533
f 2533 2535 2536
f 2537 2538 2535
f 2535 2538 2539
f 2539 2540 2535
f 2535 2540 2536
f 2537 2535 2530
f 2530 2535 2531
f 2529 2541 2530
f 2530 2541 2542
f 2543 2534 2536
f 2536 2534 2533
f 2519 2521 2543
f 2543 2521 2534
f 2534 2521 2544
f 2544 2521 2522
f 2532 2534 2545
f 2545 2534 2544
f 2529 2532 2546
f 2546 2532 2545
f 2536 2540 2543
f 2543 2540 2528
f 2519 2543 2520
f 2520 2543 2528
f 2541 2529 2547
f 2547 2529 2546
f 2548 2549 2545
f 2545 2549 2546
f 2549 2550 2546
f 2546 2550 2547
f 2551 2552 2548
f 2548 2552 2549
f 2548 2553 2551
f 2551 2553 2554
f 2550 2549 2555
f 2555 2549 2552
f 2545 2544 2548
f 2548 2544 2553
f 2523 2553 2522
f 2522 2553 2544
f 2547 2556 2541
f 2541 2556 2557
f 2541 2557 2542
f 2542 2557 2558
f 2528 2540 2559
f 2559 2540 2539
f 2538 2560 2539
f 2539 2560 2559
f 2561 2527 2559
f 2559 2527 2528
f 2560 2562 2559
f 2559 2562 2561
f 2560 2538 2564
f 2564 2538 2563
f 2558 2557 2563
f 2563 2557 2564
f 2565 2523 2509
f 2509 2523 2510
f 2526 2566 2516
f 2516 2566 2508
f 2509 2508 2565
f 2565 2508 2566
f 2565 2566 2554
f 2554 2566 2567
f 2554 2567 2551
f 2551 2567 2568
f 2569 2567 2526
f 2526 2567 2566
f 2553 2523 2554
f 2554 2523 2565
f 2570 2569 2525
f 2525 2569 2526
f 2524 2527 2525
f 2525 2527 2570
f 2527 2561 2570
f 2570 2561 2571
f 2571 2572 2570
f 2570 2572 2569
f 2573 2574 2571
f 2571 2574 2572
f 2572 2568 2569
f 2569 2568 2567
f 2568 2572 2575
f 2575 2572 2574
f 2562 2573 2561
f 2561 2573 2571
f 2573 2562 2576
f 2576 2562 2577
f 2579 2580 2578
f 2578 2580 2576
f 2574 2573 2580
f 2580 2573 2576
f 2576 2577 2578
f 2578 2577 2556
f 2557 2556 2564
f 2564 2556 2577
f 2562 2560 2577
f 2577 2560 2564
f 2575 2552 2568
f 2568 2552 2551
f 2579 2555 2575
f 2575 2555 2552
f 2579 2575 2580
f 2580 2575 2574
f 2550 2555 2578
f 2578 2555 2579
f 2556 2547 2578
f 2578 2547 2550
f 2558 2537 2542
f 2542 2537 2530
f 2538 2537 2563
f 2563 2537 2558
f 2292 2295 2481
f 2481 2295 2482
f 2486 2489 2512
f 2512 2489 2581
f 2499 2491 2498
f 2498 2491 2490
f 2497 2492 2499
f 2499 2492 2491
f 2155 2154 2494
f 2494 2154 2495
f 2581 2489 2490
f 2490 2489 2498
f 2293 2292 2511
f 2511 2292 2481
f 2191 2155 2512
f 2512 2155 2494
f 2500 2496 2511
f 2511 2496 2495
f 2247 2492 2295
f 2295 2492 2482
f 2583 2584 2582
f 2582 2584 2585
f 2587 2588 2586
f 2586 2588 2589
f 2591 2587 2590
f 2590 2587 2586
f 2593 2594 2592
f 2592 2594 2595
f 2596 2597 2599
f 2599 2597 2598
f 2588 2600 2589
f 2589 2600 2601
f 2602 2603 2605
f 2605 2603 2604
f 2606 2607 2609
f 2609 2607 2608
f 2609 2608 2190
f 2190 2608 2610
f 2611 2612 2614
f 2614 2612 2613
f 2600 2588 2615
f 2615 2588 2595
f 2599 2598 2606
f 2606 2598 2607
f 2584 2616 2604
f 2604 2616 2605
f 2600 2615 2583
f 2583 2615 2617
f 2591 2619 2618
f 2618 2619 2614
f 2621 2622 2620
f 2620 2622 2623
f 2619 2624 2614
f 2614 2624 2611
f 2591 2590 2619
f 2619 2590 2625
f 2587 2591 2592
f 2592 2591 2618
f 2626 2627 2585
f 2585 2627 2582
f 2627 2628 2582
f 2582 2628 2601
f 2629 2593 2618
f 2618 2593 2592
f 2602 2597 2611
f 2611 2597 2612
f 2600 2583 2601
f 2601 2583 2582
f 2630 2631 2589
f 2589 2631 2586
f 2583 2617 2584
f 2584 2617 2616
f 2588 2587 2595
f 2595 2587 2592
f 2633 2626 2632
f 2632 2626 2585
f 2620 2623 2634
f 2634 2623 2625
f 2622 2603 2623
f 2623 2603 2624
f 2621 2633 2622
f 2622 2633 2632
f 2611 2624 2602
f 2602 2624 2603
f 2634 2625 2635
f 2635 2625 2590
f 2628 2630 2601
f 2601 2630 2589
f 2613 2195 2629
f 2629 2195 2194
f 2631 2635 2586
f 2586 2635 2590
f 2595 2594 2615
f 2615 2594 2610
f 2619 2625 2624
f 2624 2625 2623
f 2632 2604 2622
f 2622 2604 2603
f 2585 2584 2632
f 2632 2584 2604
f 2635 2636 2634
f 2634 2636 2637
f 2638 2636 2631
f 2631 2636 2635
f 2639 2638 2630
f 2630 2638 2631
f 2640 2639 2628
f 2628 2639 2630
f 2634 2637 2620
f 2620 2637 2641
f 2620 2641 2621
f 2621 2641 2642
f 2642 2643 2621
f 2621 2643 2633
f 2641 2637 2644
f 2644 2637 2645
f 2646 2647 2649
f 2649 2647 2648
f 2648 2650 2649
f 2649 2650 2651
f 2648 2652 2650
f 2650 2652 2653
f 2652 2654 2656
f 2656 2654 2655
f 2656 2657 2652
f 2652 2657 2653
f 2654 2652 2647
f 2647 2652 2648
f 2647 2646 2659
f 2659 2646 2658
f 2660 2651 2653
f 2653 2651 2650
f 2636 2638 2660
f 2660 2638 2651
f 2651 2638 2661
f 2661 2638 2639
f 2651 2661 2649
f 2649 2661 2662
f 2663 2646 2662
f 2662 2646 2649
f 2653 2657 2660
f 2660 2657 2645
f 2636 2660 2637
f 2637 2660 2645
f 2646 2663 2658
f 2658 2663 2664
f 2665 2666 2662
f 2662 2666 2663
f 2666 2667 2663
f 2663 2667 2664
f 2668 2669 2665
f 2665 2669 2666
f 2665 2670 2668
f 2668 2670 2671
f 2667 2666 2672
f 2672 2666 2669
f 2662 2661 2665
f 2665 2661 2670
f 2640 2670 2639
f 2639 2670 2661
f 2673 2674 2664
f 2664 2674 2658
f 2658 2674 2659
f 2659 2674 2675
f 2645 2657 2676
f 2676 2657 2656
f 2677 2676 2655
f 2655 2676 2656
f 2676 2678 2645
f 2645 2678 2644
f 2677 2679 2676
f 2676 2679 2678
f 2655 2680 2677
f 2677 2680 2681
f 2675 2674 2680
f 2680 2674 2681
f 2682 2640 2627
f 2627 2640 2628
f 2643 2683 2633
f 2633 2683 2626
f 2682 2627 2683
f 2683 2627 2626
f 2683 2684 2682
f 2682 2684 2671
f 2684 2685 2671
f 2671 2685 2668
f 2686 2684 2643
f 2643 2684 2683
f 2670 2640 2671
f 2671 2640 2682
f 2687 2686 2642
f 2642 2686 2643
f 2642 2641 2687
f 2687 2641 2644
f 2687 2644 2688
f 2688 2644 2678
f 2688 2689 2687
f 2687 2689 2686
f 2690 2691 2688
f 2688 2691 2689
f 2689 2685 2686
f 2686 2685 2684
f 2685 2689 2692
f 2692 2689 2691
f 2679 2690 2678
f 2678 2690 2688
f 2690 2679 2693
f 2693 2679 2694
f 2696 2697 2695
f 2695 2697 2693
f 2691 2690 2697
f 2697 2690 2693
f 2693 2694 2695
f 2695 2694 2673
f 2674 2673 2681
f 2681 2673 2694
f 2679 2677 2694
f 2694 2677 2681
f 2685 2692 2668
f 2668 2692 2669
f 2696 2672 2692
f 2692 2672 2669
f 2696 2692 2697
f 2697 2692 2691
f 2695 2667 2696
f 2696 2667 2672
f 2673 2664 2695
f 2695 2664 2667
f 2675 2654 2659
f 2659 2654 2647
f 2655 2654 2680
f 2680 2654 2675
f 2291 2156 2593
f 2593 2156 2594
f 2597 2602 2598
f 2598 2602 2605
f 2616 2617 2607
f 2607 2617 2608
f 2615 2610 2617
f 2617 2610 2608
f 2597 2596 2612
f 2612 2596 2698
f 2598 2605 2607
f 2607 2605 2616
f 2194 2291 2629
f 2629 2291 2593
f 2629 2618 2613
f 2613 2618 2614
f 2190 2610 2156
f 2156 2610 2594
f 2700 2010 2699
f 2699 2010 2086
f 2267 2701 2116
f 2116 2701 2702
f 2116 2702 2117
f 2117 2702 2703
f 2704 2705 2250
f 2250 2705 2254
f 2011 2706 2267
f 2267 2706 2701
f 2699 2086 2707
f 2707 2086 2289
f 2010 2700 2011
f 2011 2700 2706
f 2708 2707 2251
f 2251 2707 2289
f 2703 2704 2117
f 2117 2704 2250
f 2705 2708 2254
f 2254 2708 2251
f 2709 2710 2708
f 2708 2710 2707
f 2711 2709 2705
f 2705 2709 2708
f 2712 2711 2704
f 2704 2711 2705
f 2713 2712 2703
f 2703 2712 2704
f 2707 2710 2699
f 2699 2710 2714
f 2699 2714 2700
f 2700 2714 2715
f 2716 2706 2715
f 2715 2706 2700
f 2714 2710 2717
f 2717 2710 2718
f 2720 2721 2719
f 2719 2721 2722
f 2721 2723 2722
f 2722 2723 2724
f 2721 2725 2723
f 2723 2725 2726
f 2727 2728 2725
f 2725 2728 2726
f 2729 2725 2720
f 2720 2725 2721
f 2731 2729 2730
f 2730 2729 2720
f 2719 2732 2720
f 2720 2732 2730
f 2726 2733 2723
f 2723 2733 2724
f 2709 2711 2733
f 2733 2711 2724
f 2724 2711 2734
f 2734 2711 2712
f 2722 2724 2735
f 2735 2724 2734
f 2719 2722 2736
f 2736 2722 2735
f 2726 2728 2733
f 2733 2728 2718
f 2709 2733 2710
f 2710 2733 2718
f 2732 2719 2737
f 2737 2719 2736
f 2738 2739 2735
f 2735 2739 2736
f 2739 2740 2736
f 2736 2740 2737
f 2741 2742 2738
f 2738 2742 2739
f 2738 2743 2741
f 2741 2743 2744
f 2740 2739 2745
f 2745 2739 2742
f 2735 2734 2738
f 2738 2734 2743
f 2713 2743 2712
f 2712 2743 2734
f 2737 2746 2732
f 2732 2746 2747
f 2732 2747 2730
f 2730 2747 2731
f 2718 2728 2748
f 2748 2728 2727
f 2749 2750 2727
f 2727 2750 2748
f 2748 2751 2718
f 2718 2751 2717
f 2750 2752 2748
f 2748 2752 2751
f 2750 2749 2754
f 2754 2749 2753
f 2731 2747 2753
f 2753 2747 2754
f 2727 2725 2749
f 2749 2725 2729
f 2749 2729 2753
f 2753 2729 2731
f 2702 2755 2703
f 2703 2755 2713
f 2706 2716 2701
f 2701 2716 2756
f 2755 2702 2756
f 2756 2702 2701
f 2756 2757 2755
f 2755 2757 2744
f 2757 2758 2744
f 2744 2758 2741
f 2759 2757 2716
f 2716 2757 2756
f 2743 2713 2744
f 2744 2713 2755
f 2760 2759 2715
f 2715 2759 2716
f 2715 2714 2760
f 2760 2714 2717
f 2760 2717 2761
f 2761 2717 2751
f 2761 2762 2760
f 2760 2762 2759
f 2763 2764 2761
f 2761 2764 2762
f 2762 2758 2759
f 2759 2758 2757
f 2758 2762 2765
f 2765 2762 2764
f 2752 2763 2751
f 2751 2763 2761
f 2763 2752 2766
f 2766 2752 2767
f 2768 2769 2766
f 2766 2769 2770
f 2764 2763 2770
f 2770 2763 2766
f 2766 2767 2768
f 2768 2767 2746
f 2747 2746 2754
f 2754 2746 2767
f 2752 2750 2767
f 2767 2750 2754
f 2758 2765 2741
f 2741 2765 2742
f 2769 2745 2765
f 2765 2745 2742
f 2769 2765 2770
f 2770 2765 2764
f 2768 2740 2769
f 2769 2740 2745
f 2746 2737 2768
f 2768 2737 2740
f 2201 2212 2200
f 2200 2212 2214
f 2201 2202 2212
f 2212 2202 2185
f 2512 2581 2191
f 2191 2581 2192
f 2059 2290 2056
f 2056 2290 2272
f 2174 2199 2294
f 2294 2199 2278
f 2063 2175 2194
f 2194 2175 2291
f 2192 2581 2133
f 2133 2581 2490
f 2133 2132 2192
f 2192 2132 2189
f 2054 2276 2055
f 2055 2276 2138
f 2083 2279 2084
f 2084 2279 2771
f 2771 2279 2599
f 2599 2279 2596
f 2606 2772 2599
f 2599 2772 2771
f 2772 2773 2771
f 2771 2773 2084
f 2773 2774 2084
f 2084 2774 2085
f 2085 2775 2082
f 2082 2775 2144
f 2774 2078 2085
f 2085 2078 2775
f 2078 2774 2079
f 2079 2774 2776
f 2774 2773 2776
f 2776 2773 2777
f 2773 2772 2777
f 2777 2772 2778
f 2190 2189 2609
f 2609 2189 2778
f 2053 2052 2779
f 2779 2052 2181
f 2144 2775 2081
f 2081 2775 2078
f 2294 2153 2174
f 2174 2153 2175
f 2132 2276 2189
f 2189 2276 2778
f 2606 2609 2772
f 2772 2609 2778
f 2195 2613 2698
f 2698 2613 2612
f 2596 2279 2698
f 2698 2279 2195
f 2054 2777 2276
f 2276 2777 2778
f 2777 2054 2776
f 2776 2054 2053
f 2053 2779 2776
f 2776 2779 2079
f 2779 2181 2079
f 2079 2181 2080
f 2181 2239 2080
f 2080 2239 2240
f 2122 2256 2014
f 2042 1982 2076
f 2076 1982 2007
f 1982 1985 2007
f 2007 1985 2008
f 2095 2097 2265
f 2265 2097 2266
f 2076 2050 2042
f 2042 2050 2047
f 2046 2043 2047
f 2047 2043 2042
f 2118 1993 2046
f 2046 1993 2043
f 1995 1994 2118
f 2118 1994 1993
f 2267 1992 2011
f 2011 1992 2012
f 1997 2012 1994
f 1994 2012 1992
f 2226 2013 1997
f 1997 2013 2012
f 2225 2087 2226
f 2226 2087 2013
f 2225 2232 2087
f 2087 2232 2288
f 2232 2070 2288
f 2288 2070 2252
f 2070 2025 2252
f 2252 2025 2253
f 1988 2249 2025
f 2025 2249 2253
f 2116 2115 2267
f 2267 2115 2268
f 2096 1984 2237
f 2237 1984 1991
f 2095 1985 2096
f 2096 1985 1984
f 2265 2008 2095
f 2095 2008 1985
f 2092 2009 2265
f 2265 2009 2008
f 2091 2286 2092
f 2092 2286 2009
f 2255 2238 2091
f 2091 2238 2286
f 2256 2239 2255
f 2255 2239 2238
f 2122 2240 2256
f 2256 2240 2239
f 2121 2241 2122
f 2122 2241 2240
f 2022 2018 2097
f 2097 2018 2266
f 2022 2024 2018
f 2018 2024 2019
f 2024 2072 2019
f 2019 2072 2073
f 2072 2228 2073
f 2073 2228 2230
f 2228 2184 2230
f 2230 2184 2183
f 2121 2285 2241
f 2241 2285 2258
f 2285 2036 2258
f 2258 2036 2257
f 2177 2145 2193
f 2193 2145 2257
f 2173 2193 2196
f 2196 2193 2037
f 2036 2037 2257
f 2257 2037 2193
f 2196 2037 2066
f 2066 2037 2035
f 2061 2108 2034
f 2034 2108 2067
f 2108 2208 2067
f 2067 2208 2204
f 2208 2210 2204
f 2204 2210 2203
f 2210 2280 2203
f 2203 2280 2186
f 2183 2186 2235
f 2235 2186 2280
f 1987 2114 1988
f 1988 2114 2249
f 2237 2115 1987
f 1987 2115 2114
f 1991 2268 2237
f 2237 2268 2115
f 1991 1990 2268
f 2268 1990 1992
f 107 110 2781
f 2781 110 2780
f 117 2782 118
f 118 2782 2783
f 119 2784 120
f 120 2784 2785
f 125 2786 126
f 126 2786 2787
f 127 2788 128
f 128 2788 2789
f 127 132 2788
f 2788 132 2790
f 231 230 2792
f 2792 230 2791
f 118 2783 119
f 119 2783 2784
f 241 243 2794
f 2794 243 2793
f 2781 2795 107
f 107 2795 352
f 120 2785 437
f 437 2785 2796
f 126 2787 110
f 110 2787 2780
f 455 2797 456
f 456 2797 2798
f 128 2789 457
f 457 2789 2799
f 456 2798 117
f 117 2798 2782
f 2794 2797 241
f 241 2797 455
f 457 2799 125
f 125 2799 2786
f 132 231 2790
f 2790 231 2792
f 230 437 2791
f 2791 437 2796
f 2792 2789 2790
f 2790 2789 2788
f 2785 2784 2801
f 2801 2784 2800
f 2786 2802 2787
f 2787 2802 2803
f 2792 2791 2805
f 2805 2791 2804
f 2784 2783 2800
f 2800 2783 2806
f 2785 2801 2796
f 2796 2801 2807
f 2787 2803 2780
f 2780 2803 2808
f 2789 2809 2799
f 2799 2809 2810
f 2799 2810 2786
f 2786 2810 2802
f 2791 2796 2804
f 2804 2796 2807
f 2789 2792 2809
f 2809 2792 2805
f 2812 2797 2811
f 2811 2797 2794
f 2809 2805 2810
f 2810 2805 2804
f 2810 2804 2802
f 2802 2804 2807
f 2802 2807 2803
f 2803 2807 2801
f 2808 2803 2800
f 2800 2803 2801
f 2814 699 2813
f 2813 699 698
f 2808 2815 2780
f 2780 2815 2781
f 2817 2782 2816
f 2816 2782 2798
f 2815 2818 2781
f 2781 2818 2795
f 2797 2812 2798
f 2798 2812 2816
f 2783 2782 2806
f 2806 2782 2817
f 2800 2806 2808
f 2808 2806 2815
f 2794 2793 2811
f 2811 2793 2819
f 174 201 384
f 384 201 362
f 200 1766 390
f 390 1766 1777
f 1777 1778 390
f 390 1778 398
f 1778 361 398
f 398 361 222
f 2820 2821 628
f 628 2821 629
f 1406 2820 790
f 790 2820 628
f 794 1415 1233
f 1233 1415 1234
f 1406 790 1407
f 1407 790 1312
f 1407 1312 2822
f 2822 1312 1316
f 2823 1380 1543
f 1543 1380 1379
f 1385 1738 1382
f 1382 1738 1383
f 1381 791 1382
f 1382 791 1386
f 791 794 1386
f 1386 794 1233
f 1259 1390 1260
f 1260 1390 1389
f 1905 1542 1394
f 1394 1542 1395
f 1410 1413 1397
f 1397 1413 1398
f 2821 1410 629
f 629 1410 1397
f 2823 2822 1380
f 1380 2822 1316
f 1392 1395 1378
f 1378 1395 1379
f 1738 1399 1383
f 1383 1399 1398
f 1388 1235 1389
f 1389 1235 1234
f 1393 1391 1394
f 1394 1391 1390
f 1381 1384 779
f 779 1384 780
f 1282 788 792
f 792 788 793
f 1431 1262 1432
f 1432 1262 1261
f 1400 1342 1408
f 1408 1342 1409
f 1508 1544 1411
f 1411 1544 1412
f 788 787 793
f 793 787 1414
f 2821 2820 1429
f 1429 2820 1430
f 2822 2823 1506
f 1506 2823 1507
f 778 1282 779
f 779 1282 792
f 2820 1406 1430
f 1430 1406 1409
f 1410 2821 1411
f 1411 2821 1429
f 1407 2822 1408
f 1408 2822 1506
f 1544 781 1412
f 1412 781 780
f 1260 1415 1261
f 1261 1415 1414
f 1334 2824 923
f 923 2824 924
f 2826 1268 2825
f 2825 1268 1267
f 769 1212 2827
f 2827 1212 2828
f 1492 1190 1266
f 1266 1190 1267
f 1488 2829 1489
f 1489 2829 2830
f 922 1329 923
f 923 1329 1328
f 1484 2831 1485
f 1485 2831 2832
f 1482 2833 1485
f 1485 2833 1486
f 1324 1493 1489
f 1489 1493 1490
f 1265 1491 1266
f 1266 1491 1490
f 2835 2836 2834
f 2834 2836 2837
f 1250 2838 2827
f 2827 2838 2839
f 1488 1491 2840
f 2840 1491 2841
f 1268 2826 2842
f 2842 2826 2843
f 2844 2845 1495
f 1495 2845 1496
f 1427 2847 2846
f 2846 2847 926
f 2829 1488 2848
f 2848 1488 2840
f 1329 922 2849
f 2849 922 927
f 2850 2851 768
f 768 2851 1213
f 1265 1268 2852
f 2852 1268 2842
f 1491 1265 2841
f 2841 1265 2852
f 2854 2855 2853
f 2853 2855 2856
f 2855 2857 2856
f 2856 2857 598
f 2857 2858 598
f 598 2858 595
f 2858 2859 595
f 595 2859 626
f 649 652 2860
f 2860 652 2861
f 639 642 2862
f 2862 642 2863
f 2864 705 2862
f 2862 705 639
f 2865 1418 2864
f 2864 1418 705
f 2866 2867 2865
f 2865 2867 1418
f 1760 1348 1761
f 1761 1348 2867
f 1764 2868 1197
f 1197 2868 1198
f 2869 611 2868
f 2868 611 1198
f 2870 612 2869
f 2869 612 611
f 1352 1350 944
f 944 1350 688
f 1350 1256 688
f 688 1256 685
f 1256 1255 685
f 685 1255 692
f 1255 2871 692
f 692 2871 2872
f 701 2873 698
f 698 2873 2813
f 2872 1349 692
f 692 1349 693
f 1696 1744 1574
f 1574 1744 1575
f 1753 1618 1577
f 1577 1618 1578
f 1729 1594 1608
f 1608 1594 1609
f 1725 1630 1611
f 1611 1630 1612
f 1604 1607 1625
f 1625 1607 1626
f 1624 1703 1625
f 1625 1703 1912
f 1703 1702 1912
f 1912 1702 1913
f 1702 1753 1913
f 1913 1753 1577
f 1598 1569 1915
f 1915 1569 1578
f 1616 1615 1915
f 1915 1615 1916
f 1615 1696 1916
f 1916 1696 1574
f 1744 1745 1575
f 1575 1745 1917
f 1745 1565 1917
f 1917 1565 1609
f 1568 1725 1608
f 1608 1725 1611
f 2874 1613 1918
f 1918 1613 1612
f 1607 2874 1626
f 1626 2874 1918
f 1610 1613 1562
f 1562 1613 1563
f 1547 1550 1570
f 1570 1550 1571
f 1573 1576 1580
f 1580 1576 1581
f 1553 1556 1595
f 1595 1556 1596
f 1556 1582 1596
f 1596 1582 1581
f 1551 1547 1599
f 1599 1547 1570
f 1731 1914 1601
f 1601 1914 1602
f 1686 1689 1605
f 1605 1689 1606
f 1598 1743 1599
f 1599 1743 1692
f 2874 1607 1723
f 1723 1607 1606
f 1727 1553 1730
f 1730 1553 1595
f 1600 1686 1601
f 1601 1686 1605
f 1914 1572 1602
f 1602 1572 1571
f 1579 1693 1580
f 1580 1693 1692
f 1613 2874 1563
f 1563 2874 1723
f 1561 1727 1562
f 1562 1727 1730
f 1949 1742 1548
f 1548 1742 1549
f 1694 1949 1552
f 1552 1949 1548
f 1954 1589 1554
f 1554 1589 1555
f 1693 1579 1558
f 1558 1579 1559
f 1561 1564 1584
f 1584 1564 1585
f 1582 1556 1588
f 1588 1556 1555
f 1600 1603 1591
f 1591 1603 1592
f 1981 1977 1687
f 1687 1977 1688
f 1564 1722 1585
f 1585 1722 1690
f 1551 1693 1552
f 1552 1693 1558
f 1751 1954 1728
f 1728 1954 1554
f 1590 1981 1591
f 1591 1981 1687
f 1603 1550 1592
f 1592 1550 1549
f 1977 1691 1688
f 1688 1691 1690
f 1587 1560 1588
f 1588 1560 1559
f 1727 1561 1728
f 1728 1561 1584
f 2875 1919 1947
f 1947 1919 1948
f 1557 1560 1952
f 1952 1560 1953
f 1933 1932 1955
f 1955 1932 1956
f 1587 1589 1958
f 1958 1589 1956
f 1959 1933 1965
f 1965 1933 1955
f 1961 1964 1966
f 1966 1964 1967
f 1981 1590 1969
f 1969 1590 1967
f 1742 1949 1972
f 1972 1949 1948
f 1593 1742 1966
f 1966 1742 1972
f 1957 1950 1958
f 1958 1950 1953
f 1583 1586 1974
f 1974 1586 1975
f 1940 1943 1978
f 1978 1943 1979
f 1943 1976 1979
f 1979 1976 1975
f 1951 2875 1952
f 1952 2875 1947
f 1968 1940 1969
f 1969 1940 1978
f 1973 1959 1974
f 1974 1959 1965
f 1923 1971 1920
f 1920 1971 1921
f 1919 2875 1920
f 1920 2875 1924
f 2875 1951 1924
f 1924 1951 1926
f 1950 1957 1929
f 1929 1957 1930
f 2244 2243 1934
f 1934 2243 1935
f 1973 1976 1937
f 1937 1976 1938
f 1944 1980 1941
f 1941 1980 1942
f 1940 1968 1941
f 1941 1968 1945
f 2287 2244 1960
f 1960 2244 1934
f 1970 2245 1962
f 1962 2245 1963
f 2243 1931 1935
f 1935 1931 1930
f 1927 1926 1928
f 1928 1926 1929
f 1961 1922 1962
f 1962 1922 1921
f 2245 1946 1963
f 1963 1946 1945
f 1976 1943 1938
f 1938 1943 1942
f 1936 2287 1937
f 1937 2287 1960
f 743 1238 608
f 608 1238 609
f 607 1811 608
f 608 1811 744
f 1304 2876 1305
f 1305 2876 2877
f 586 585 1298
f 1298 585 1299
f 585 702 1299
f 1299 702 1300
f 702 1428 1300
f 1300 1428 1301
f 1238 586 609
f 609 586 1298
f 2878 2879 1218
f 1218 2879 2877
f 2880 2881 1812
f 1812 2881 1819
f 2883 1821 2882
f 2882 1821 1820
f 2840 2841 620
f 620 2841 621
f 2842 2843 795
f 795 2843 796
f 892 895 2844
f 2844 895 2845
f 2848 2840 942
f 942 2840 620
f 2849 927 1202
f 1202 927 1203
f 2852 2842 1270
f 1270 2842 795
f 2841 2852 621
f 621 2852 1270
f 941 1759 942
f 942 1759 2884
f 659 929 1427
f 1427 929 2847
f 1237 2851 751
f 751 2851 2850
f 1216 2885 1217
f 1217 2885 1754
f 2887 734 2886
f 2886 734 733
f 2889 1816 2888
f 2888 1816 1815
f 2890 1245 2889
f 2889 1245 1816
f 1824 2891 1825
f 1825 2891 1246
f 2892 2893 2895
f 2895 2893 2894
f 1854 1833 1851
f 1851 1833 1832
f 1851 1832 1884
f 1884 1832 1876
f 1884 1876 1441
f 1441 1876 1443
f 1441 1443 1442
f 1442 1443 1446
f 1442 1446 2896
f 2896 1446 1507
f 2897 2823 2898
f 2898 2823 1543
f 1542 2899 1543
f 1543 2899 2898
f 1542 1905 2899
f 2899 1905 2900
f 1905 1259 2900
f 2900 1259 2901
f 1262 1431 2902
f 2902 1431 1904
f 1431 1434 1904
f 1904 1434 1902
f 1902 1434 2903
f 2903 1434 719
f 2903 719 2904
f 2904 719 718
f 1869 1881 718
f 718 1881 2904
f 1881 1869 1880
f 1880 1869 756
f 1880 756 2905
f 2905 756 755
f 2905 755 2906
f 2906 755 758
f 762 2907 763
f 763 2907 2908
f 724 723 2909
f 2909 723 894
f 796 895 723
f 723 895 894
f 2843 2845 796
f 796 2845 895
f 2826 1496 2843
f 2843 1496 2845
f 2825 1497 2826
f 2826 1497 1496
f 1189 2836 2825
f 2825 2836 1497
f 797 891 798
f 798 891 2837
f 802 888 797
f 797 888 891
f 2910 2911 2913
f 2913 2911 2912
f 1780 1783 2915
f 2915 1783 2914
f 2916 2917 831
f 831 2917 832
f 2918 2919 845
f 845 2919 846
f 2920 2916 847
f 847 2916 831
f 2921 2922 857
f 857 2922 858
f 2923 2924 860
f 860 2924 861
f 2919 2912 846
f 846 2912 887
f 2925 2920 940
f 940 2920 847
f 2924 2926 861
f 861 2926 1204
f 2917 2918 832
f 832 2918 845
f 2927 2928 1449
f 1449 2928 1450
f 2929 2930 889
f 889 2930 2931
f 2896 1507 2897
f 2897 1507 2823
f 2902 2901 1262
f 1262 2901 1259
f 2932 2933 750
f 750 2933 1236
f 2933 2934 1236
f 1236 2934 1835
f 2936 2937 2935
f 2935 2937 2938
f 2940 2941 2939
f 2939 2941 2942
f 2943 2944 1841
f 1841 2944 1842
f 2945 1860 2944
f 2944 1860 1842
f 2945 2946 1860
f 1860 2946 1859
f 1889 2947 1890
f 1890 2947 1856
f 1856 2947 1857
f 1857 2947 2948
f 2950 709 2949
f 2949 709 1829
f 2952 730 2951
f 2951 730 729
f 2866 2953 2867
f 2867 2953 1761
f 2953 2954 1761
f 1761 2954 1420
f 2954 2955 1420
f 1420 2955 742
f 2955 2956 742
f 742 2956 739
f 2956 2957 739
f 739 2957 760
f 2957 2958 760
f 760 2958 761
f 2958 2959 761
f 761 2959 2960
f 2959 2961 2960
f 2960 2961 2962
f 2963 2964 1839
f 1839 2964 1840
f 2964 2965 1840
f 1840 2965 2942
f 2966 2950 2939
f 2939 2950 2949
f 2935 2967 2936
f 2936 2967 2968
f 2969 2970 736
f 736 2970 735
f 734 2887 1815
f 1815 2887 2888
f 2887 2882 2888
f 2888 2882 2881
f 1819 1820 1817
f 1817 1820 748
f 1195 1757 1197
f 1197 1757 1424
f 1757 647 1424
f 1424 647 646
f 647 648 646
f 646 648 643
f 648 1271 643
f 643 1271 737
f 1271 725 737
f 737 725 765
f 725 724 765
f 765 724 762
f 762 724 2907
f 2907 724 2909
f 1254 1437 2909
f 2909 1437 2907
f 1438 1253 1836
f 1836 1253 1835
f 1836 1835 2938
f 2938 1835 2934
f 2971 2972 2935
f 2935 2972 2967
f 897 896 2969
f 2969 896 2970
f 1815 1814 734
f 734 1814 731
f 728 1215 896
f 896 1215 732
f 2885 1216 733
f 733 1216 2886
f 1216 1219 2886
f 2886 1219 2883
f 2876 1304 1821
f 1821 1304 749
f 1304 1303 749
f 749 1303 746
f 1818 2973 1817
f 1817 2973 1810
f 747 2974 1818
f 1818 2974 2973
f 747 746 2974
f 2974 746 1303
f 2976 2977 2975
f 2975 2977 2978
f 2976 2979 2901
f 2901 2979 2900
f 2980 2981 2982
f 2982 2981 2979
f 2981 2980 2983
f 2983 2980 2984
f 2985 2897 2983
f 2983 2897 2898
f 2987 2988 2986
f 2986 2988 2985
f 2896 2988 1442
f 1442 2988 1439
f 1903 2977 1904
f 1904 2977 2902
f 1856 1855 1890
f 1890 1855 2989
f 2989 2990 1890
f 1890 2990 1359
f 2990 2991 1359
f 1359 2991 1356
f 2946 2992 1859
f 1859 2992 1893
f 2992 2993 1893
f 1893 2993 775
f 2993 2994 775
f 775 2994 776
f 2986 1356 2987
f 2987 1356 2991
f 2975 2978 776
f 776 2978 777
f 2982 2994 2980
f 2980 2994 2995
f 1357 2984 2995
f 2995 2984 2980
f 2995 2996 1357
f 1357 2996 1358
f 2996 2997 1358
f 1358 2997 1889
f 2998 2999 2932
f 2932 2999 2933
f 2999 2971 2933
f 2933 2971 2934
f 1837 1836 2937
f 2937 1836 2938
f 2943 1841 2941
f 2941 1841 1838
f 3001 2944 3000
f 3000 2944 2943
f 3001 3002 2944
f 2944 3002 2945
f 3002 3003 2945
f 2945 3003 2946
f 2997 3003 1889
f 1889 3003 2947
f 2947 3003 2948
f 2948 3003 3002
f 3001 3004 3002
f 3002 3004 2948
f 3000 3005 3001
f 3001 3005 3004
f 2940 3006 3000
f 3000 3006 3005
f 2999 3007 2971
f 2971 3007 2972
f 2998 2951 2999
f 2999 2951 3007
f 3008 2952 2998
f 2998 2952 2951
f 2966 2965 2936
f 2936 2965 2937
f 2935 2938 2971
f 2971 2938 2934
f 3003 2997 2946
f 2946 2997 2992
f 2997 2996 2992
f 2992 2996 2993
f 2996 2995 2993
f 2993 2995 2994
f 1356 2986 1357
f 1357 2986 2984
f 2982 2975 2994
f 2994 2975 776
f 1844 1843 1899
f 1899 1843 3009
f 1843 638 3009
f 3009 638 3010
f 638 637 3010
f 3010 637 3011
f 637 1830 3011
f 3011 1830 3012
f 1830 1833 3012
f 3012 1833 2894
f 1833 1854 2894
f 2894 1854 2895
f 1854 1853 2895
f 2895 1853 1888
f 1858 1857 1885
f 1885 1857 1892
f 1899 3009 1898
f 1898 3009 1874
f 3009 3010 1874
f 1874 3010 1865
f 3010 3011 1865
f 1865 3011 1862
f 3011 3012 1862
f 1862 3012 1882
f 3012 2894 1882
f 1882 2894 2893
f 1850 2890 782
f 782 2890 2889
f 783 2880 1811
f 1811 2880 1812
f 744 1810 745
f 745 1810 2973
f 745 2973 805
f 805 2973 806
f 2973 2974 806
f 806 2974 815
f 1303 812 2974
f 2974 812 815
f 1303 1302 812
f 812 1302 1221
f 1307 3013 1302
f 1302 3013 1221
f 1734 3014 1633
f 1633 3014 1634
f 1646 1649 1636
f 1636 1649 1637
f 1654 1657 1641
f 1641 1657 1642
f 1639 1736 1636
f 1636 1736 1684
f 1716 1713 1698
f 1698 1713 1699
f 1718 1721 1705
f 1705 1721 1706
f 1653 1654 1709
f 1709 1654 1641
f 1620 1623 1714
f 1714 1623 1699
f 1712 1682 1714
f 1714 1682 1740
f 1668 1671 1746
f 1746 1671 1747
f 1752 1650 1749
f 1749 1650 1750
f 1750 1650 1709
f 1709 1650 1653
f 1632 1668 1633
f 1633 1668 1746
f 1649 1752 1637
f 1637 1752 1749
f 1682 1643 1740
f 1740 1643 1642
f 3014 1685 1634
f 1634 1685 1684
f 1704 1748 1705
f 1705 1748 1747
f 1697 1707 1698
f 1698 1707 1706
f 1739 1701 1621
f 1621 1701 1622
f 1567 1566 1647
f 1647 1566 1648
f 1664 1695 1651
f 1651 1695 1652
f 1614 1617 1655
f 1655 1617 1656
f 1704 1707 1659
f 1659 1707 1660
f 3014 1734 1662
f 1662 1734 1663
f 1650 1752 1651
f 1651 1752 1665
f 1741 1657 1667
f 1667 1657 1656
f 1695 1614 1652
f 1652 1614 1655
f 1724 1567 1726
f 1726 1567 1647
f 1645 1628 1733
f 1733 1628 1663
f 1685 3014 1726
f 1726 3014 1662
f 1620 1741 1621
f 1621 1741 1667
f 1566 1666 1648
f 1648 1666 1665
f 1658 1737 1659
f 1659 1737 1901
f 1911 1661 1910
f 1910 1661 1660
f 1701 1911 1622
f 1622 1911 1910
f 1732 1748 1733
f 1733 1748 1901
f 1857 2948 1892
f 1892 2948 3004
f 1892 3004 1891
f 1891 3004 3005
f 1828 3006 1829
f 1829 3006 2949
f 2967 736 2968
f 2968 736 710
f 2972 2969 2967
f 2967 2969 736
f 2969 2972 897
f 897 2972 3007
f 897 3007 729
f 729 3007 2951
f 3016 753 3015
f 3015 753 752
f 3018 767 3017
f 3017 767 766
f 3019 3020 1249
f 1249 3020 3021
f 2915 2914 3019
f 3019 2914 3020
f 3023 2914 3022
f 3022 2914 1783
f 2827 2839 769
f 769 2839 766
f 3025 2838 3024
f 3024 2838 3021
f 768 767 2850
f 2850 767 3026
f 2850 3026 751
f 751 3026 752
f 750 753 2932
f 2932 753 3027
f 3008 2998 3027
f 3027 2998 2932
f 3028 3029 3008
f 3008 3029 2952
f 3029 3030 2952
f 2952 3030 730
f 3032 3033 3031
f 3031 3033 3034
f 3036 3037 3035
f 3035 3037 3038
f 2870 3039 612
f 612 3039 3040
f 3041 3042 3031
f 3031 3042 3038
f 3034 1352 3043
f 3043 1352 944
f 612 3040 613
f 613 3040 3044
f 613 3044 1425
f 1425 3044 1422
f 3045 3042 669
f 669 3042 670
f 3041 3043 599
f 599 3043 600
f 772 771 1544
f 1544 771 781
f 1503 771 1866
f 1866 771 770
f 771 1503 781
f 781 1503 778
f 61 281 416
f 416 281 1907
f 283 103 3046
f 3046 103 3047
f 76 79 3048
f 3048 79 3049
f 280 76 1906
f 1906 76 3048
f 3051 335 3050
f 3050 335 334
f 3053 417 3052
f 3052 417 416
f 3055 435 3054
f 3054 435 434
f 428 435 419
f 419 435 1908
f 420 1909 293
f 293 1909 443
f 79 294 3049
f 3049 294 444
f 3057 444 3056
f 3056 444 443
f 3051 3058 335
f 335 3058 452
f 216 215 1332
f 1332 215 452
f 308 283 462
f 462 283 3046
f 3050 334 3059
f 3059 334 462
f 103 62 3047
f 3047 62 417
f 313 312 434
f 434 312 463
f 3061 574 3060
f 3060 574 573
f 1310 3062 1428
f 1428 3062 3063
f 1258 3064 1255
f 1255 3064 2871
f 932 3065 2853
f 2853 3065 3066
f 699 2814 931
f 931 2814 3067
f 3068 1301 3063
f 3063 1301 1428
f 571 574 1310
f 1310 574 3062
f 3060 573 3069
f 3069 573 1332
f 3070 3071 1906
f 1906 3071 1907
f 3072 3073 1908
f 1908 3073 1909
f 3075 2814 3074
f 3074 2814 2813
f 2854 3076 1258
f 1258 3076 3064
f 2871 3077 2872
f 2872 3077 3078
f 3074 2813 3079
f 3079 2813 2873
f 2872 3078 1349
f 1349 3078 3080
f 2873 701 3068
f 3068 701 1301
f 1330 1201 3080
f 3080 1201 1349
f 1264 1263 3081
f 3081 1263 3082
f 3083 3084 3082
f 3082 3084 3081
f 811 1448 3086
f 3086 1448 3085
f 808 811 3087
f 3087 811 3086
f 3088 3083 833
f 833 3083 3082
f 884 3089 885
f 885 3089 3090
f 3087 1790 808
f 808 1790 816
f 1790 3087 1787
f 1787 3087 3091
f 3092 3091 3086
f 3086 3091 3087
f 3093 3094 3084
f 3084 3094 3095
f 3089 3096 3090
f 3090 3096 3088
f 3097 3093 3083
f 3083 3093 3084
f 3099 3100 3098
f 3098 3100 1786
f 3101 1788 2913
f 2913 1788 3102
f 838 837 885
f 885 837 886
f 886 837 3103
f 3103 837 1541
f 3094 3093 3104
f 3104 3093 3097
f 3105 3106 3089
f 3089 3106 3096
f 3108 3109 3107
f 3107 3109 3110
f 3111 3112 3091
f 3091 3112 1787
f 3114 3108 3113
f 3113 3108 3107
f 3114 3115 3112
f 3112 3115 3102
f 3091 3092 3111
f 3111 3092 3116
f 839 838 835
f 835 838 836
f 885 3090 838
f 838 3090 836
f 3110 3117 1247
f 1247 3117 3118
f 1247 3118 1248
f 1248 3118 3119
f 3120 3121 3119
f 3119 3121 1248
f 1247 844 3110
f 3110 844 3107
f 844 843 3107
f 3107 843 3113
f 843 3099 3113
f 3113 3099 3122
f 1781 3123 3098
f 3098 3123 3124
f 2915 2931 1780
f 1780 2931 2930
f 3019 3125 2915
f 2915 3125 2931
f 890 3125 2834
f 2834 3125 1252
f 3125 3019 1252
f 1252 3019 1249
f 907 908 946
f 946 908 947
f 1185 1188 1369
f 1369 1188 948
f 954 957 951
f 951 957 952
f 910 965 953
f 953 965 950
f 905 958 960
f 960 958 961
f 3126 978 949
f 949 978 962
f 936 935 967
f 967 935 968
f 994 993 969
f 969 993 966
f 902 904 971
f 971 904 972
f 983 985 973
f 973 985 970
f 906 905 974
f 974 905 960
f 977 981 959
f 959 981 975
f 911 910 1143
f 1143 910 953
f 952 957 1142
f 1142 957 1145
f 911 1143 1366
f 1366 1143 1368
f 1185 1369 1145
f 1145 1369 1142
f 993 1519 966
f 966 1519 1456
f 965 1454 950
f 950 1454 1457
f 900 899 1459
f 1459 899 1460
f 988 991 1461
f 1461 991 1458
f 899 963 1460
f 1460 963 1462
f 985 987 970
f 970 987 1463
f 904 906 972
f 972 906 974
f 981 983 975
f 975 983 973
f 935 900 968
f 968 900 1459
f 991 994 1458
f 1458 994 969
f 1154 1526 1088
f 1088 1526 1089
f 1109 1112 1092
f 1092 1112 1093
f 1083 1098 1084
f 1084 1098 1097
f 1078 1471 1100
f 1100 1471 1101
f 1075 1078 1104
f 1104 1078 1100
f 1152 1154 1156
f 1156 1154 1088
f 1156 1155 1372
f 1372 1155 1373
f 1372 1373 1104
f 1104 1373 1075
f 1467 1109 1465
f 1465 1109 1092
f 1465 1182 1468
f 1468 1182 1184
f 1474 1470 1096
f 1096 1470 1097
f 1102 1101 1083
f 1083 1101 1098
f 1112 1531 1093
f 1093 1531 1529
f 1102 1073 1099
f 1099 1073 1072
f 1526 1154 1079
f 1079 1154 1080
f 1081 1091 1082
f 1082 1091 1094
f 1069 1068 1085
f 1085 1068 1086
f 1153 1151 1080
f 1080 1151 1058
f 1371 1177 1179
f 1179 1177 1176
f 1099 1072 1103
f 1103 1072 1176
f 1068 1071 1086
f 1086 1071 1073
f 1085 1084 1180
f 1180 1084 1469
f 1066 1065 1183
f 1183 1065 1181
f 1153 1152 1177
f 1177 1152 1178
f 1091 1081 1182
f 1182 1081 1183
f 1057 1525 1079
f 1079 1525 1527
f 1120 1117 1076
f 1076 1117 1077
f 1087 1090 1107
f 1107 1090 1108
f 1127 1126 1110
f 1110 1126 1111
f 1095 1116 1096
f 1096 1116 1115
f 1471 1078 1119
f 1119 1078 1077
f 1087 1107 1155
f 1155 1107 1158
f 1376 1374 1157
f 1157 1374 1158
f 1076 1075 1374
f 1374 1075 1373
f 1109 1467 1110
f 1110 1467 1472
f 1467 1466 1472
f 1472 1466 1473
f 1135 1475 1114
f 1114 1475 1115
f 1471 1119 1095
f 1095 1119 1116
f 1126 1532 1111
f 1111 1532 1530
f 914 1276 1480
f 1480 1276 1517
f 3127 3128 1223
f 1223 3128 1224
f 824 933 1455
f 1455 933 3129
f 3131 1448 3130
f 3130 1448 1447
f 3132 3133 1452
f 1452 3133 1453
f 3130 1447 1322
f 1322 1447 1455
f 933 1514 3129
f 3129 1514 3134
f 1161 3135 1480
f 1480 3135 1481
f 3128 3136 1224
f 1224 3136 1499
f 3133 1162 1453
f 1453 1162 1517
f 1515 3127 1535
f 1535 3127 1223
f 3095 3085 3131
f 3131 3085 1448
f 3137 3092 3085
f 3085 3092 3086
f 3138 3116 3137
f 3137 3116 3092
f 3110 3109 3117
f 3117 3109 3139
f 3105 3140 3117
f 3117 3140 3118
f 3140 3141 3118
f 3118 3141 3119
f 3142 3120 3141
f 3141 3120 3119
f 1498 3143 1277
f 1277 3143 882
f 3144 3145 1340
f 1340 3145 1339
f 1340 3146 3144
f 3144 3146 3147
f 3145 3144 3143
f 3143 3144 3148
f 871 901 872
f 872 901 1362
f 3149 3148 3147
f 3147 3148 3144
f 1208 3150 1209
f 3098 1786 1781
f 1781 1786 1782
f 2930 2929 3123
f 3123 2929 2911
f 1794 1791 2916
f 2916 1791 2917
f 1793 3101 2918
f 2918 3101 2919
f 1796 1794 2920
f 2920 1794 2916
f 3151 3152 2921
f 2921 3152 2922
f 3153 3154 2923
f 2923 3154 2924
f 2919 3101 2912
f 2912 3101 2913
f 3155 1796 2925
f 2925 1796 2920
f 3154 3156 2924
f 2924 3156 2926
f 1791 1793 2917
f 2917 1793 2918
f 3157 3158 2927
f 2927 3158 2928
f 1780 2930 1781
f 1781 2930 3123
f 2825 1267 1189
f 1189 1267 1190
f 2827 2828 1250
f 1250 2828 1251
f 1489 2830 1324
f 1324 2830 1325
f 923 1328 1334
f 1334 1328 1335
f 1485 2832 1482
f 1482 2832 1483
f 1266 1490 1492
f 1492 1490 1493
f 1333 1346 1334
f 1334 1346 2824
f 722 799 1492
f 1492 799 1190
f 664 657 1482
f 1482 657 2833
f 631 634 1324
f 1324 634 1493
f 2828 1494 1251
f 1251 1494 2835
f 1249 3021 1250
f 1250 3021 2838
f 798 2837 1189
f 1189 2837 2836
f 3100 842 3160
f 3160 842 3159
f 1788 3101 1789
f 1789 3101 1793
f 1792 816 1789
f 1789 816 1790
f 817 816 1795
f 1795 816 1792
f 938 817 1797
f 1797 817 1795
f 1796 3155 1797
f 1797 3155 1798
f 3155 3158 1798
f 1798 3158 1799
f 3157 3152 1801
f 1801 3152 1802
f 3151 3156 1803
f 1803 3156 1804
f 3154 3153 1805
f 1805 3153 1806
f 3153 3161 1806
f 1806 3161 1807
f 3099 843 3100
f 3100 843 842
f 1788 1787 3102
f 3102 1787 3112
f 2910 3115 3124
f 3124 3115 3122
f 3099 3098 3122
f 3122 3098 3124
f 416 1907 3052
f 3052 1907 3071
f 3046 3047 3163
f 3163 3047 3162
f 249 445 259
f 259 445 3164
f 425 3165 424
f 424 3165 461
f 408 410 329
f 329 410 330
f 39 331 40
f 40 331 332
f 305 304 423
f 423 304 464
f 385 254 458
f 458 254 392
f 250 415 251
f 251 415 412
f 233 337 234
f 234 337 3166
f 435 3055 1908
f 1908 3055 3072
f 443 1909 3056
f 3056 1909 3073
f 3167 3049 3057
f 3057 3049 444
f 452 3058 1332
f 1332 3058 3069
f 234 3166 346
f 346 3166 411
f 3046 3163 462
f 462 3163 3059
f 259 3164 260
f 260 3164 336
f 3047 417 3162
f 3162 417 3053
f 463 3168 434
f 434 3168 3054
f 454 830 425
f 425 830 3165
f 3062 3169 3063
f 3063 3169 3170
f 1355 1354 1534
f 1534 1354 3171
f 3063 3170 3068
f 3068 3170 3172
f 574 3061 3062
f 3062 3061 3169
f 1534 3171 1535
f 1535 3171 3173
f 3079 2873 3172
f 3172 2873 3068
f 2838 3025 2839
f 2839 3025 3174
f 3176 3177 3175
f 3175 3177 3178
f 3180 1125 3179
f 3179 1125 1128
f 3182 3183 3181
f 3181 3183 3184
f 1134 3185 1130
f 1130 3185 3182
f 3186 3187 3189
f 3189 3187 3188
f 3191 3189 3190
f 3190 3189 3188
f 1137 1122 3190
f 3190 1122 3192
f 3175 3178 3193
f 3193 3178 3194
f 3181 3184 3179
f 3179 3184 3195
f 3197 3198 3196
f 3196 3198 3180
f 3200 3178 3199
f 3199 3178 3177
f 3202 3196 3201
f 3201 3196 3195
f 3204 3184 3203
f 3203 3184 3183
f 3206 3207 3205
f 3205 3207 3186
f 3205 3186 3208
f 3208 3186 3189
f 3209 3208 3191
f 3191 3208 3189
f 3210 3194 3200
f 3200 3194 3178
f 3201 3195 3204
f 3204 3195 3184
f 3197 3211 3177
f 3177 3211 3199
f 3213 3214 3212
f 3212 3214 3215
f 3217 3218 3216
f 3216 3218 3219
f 3221 3222 3220
f 3220 3222 3223
f 3225 3226 3224
f 3224 3226 3227
f 3229 3230 3228
f 3228 3230 3231
f 3233 3234 3232
f 3232 3234 3235
f 3237 3238 3236
f 3236 3238 3239
f 3238 3240 3239
f 3239 3240 3241
f 3232 3235 3242
f 3242 3235 3243
f 3245 3246 3244
f 3244 3246 3247
f 3248 3249 3245
f 3245 3249 3246
f 3251 3252 3250
f 3250 3252 3253
f 3255 3252 3254
f 3254 3252 3251
f 3256 3257 3259
f 3259 3257 3258
f 3261 3262 3260
f 3260 3262 3263
f 3265 3263 3264
f 3264 3263 3262
f 3256 3259 3266
f 3266 3259 3267
f 3269 3270 3268
f 3268 3270 3271
f 3269 3272 3270
f 3270 3272 3273
f 3274 3275 3277
f 3277 3275 3276
f 3278 3279 3276
f 3276 3279 3277
f 3281 3282 3280
f 3280 3282 3283
f 3280 3284 3281
f 3281 3284 3285
f 3287 3288 3286
f 3286 3288 3289
f 3290 3291 3288
f 3288 3291 3289
f 3234 3218 3235
f 3235 3218 3217
f 3232 3292 3233
f 3233 3292 3293
f 3239 3294 3236
f 3236 3294 3219
f 3233 3293 3237
f 3237 3293 3295
f 3296 3294 3241
f 3241 3294 3239
f 3240 3238 3297
f 3297 3238 3298
f 3217 3216 3235
f 3235 3216 3243
f 3297 3299 3240
f 3240 3299 3242
f 3246 3300 3247
f 3247 3300 3223
f 3301 3302 3254
f 3254 3302 3244
f 3249 3303 3246
f 3246 3303 3300
f 3245 3304 3248
f 3248 3304 3292
f 3252 3221 3253
f 3253 3221 3220
f 3250 3248 3299
f 3299 3248 3292
f 3222 3221 3255
f 3255 3221 3252
f 3297 3301 3251
f 3251 3301 3254
f 3258 3214 3259
f 3259 3214 3213
f 3257 3256 3304
f 3304 3256 3305
f 3263 3306 3260
f 3260 3306 3215
f 3261 3257 3302
f 3302 3257 3304
f 3307 3306 3265
f 3265 3306 3263
f 3262 3301 3264
f 3264 3301 3308
f 3259 3213 3267
f 3267 3213 3212
f 3308 3309 3264
f 3264 3309 3266
f 3270 3310 3271
f 3271 3310 3231
f 3311 3312 3278
f 3278 3312 3268
f 3270 3273 3310
f 3310 3273 3313
f 3272 3269 3305
f 3305 3269 3314
f 3277 3229 3274
f 3274 3229 3228
f 3275 3272 3309
f 3309 3272 3305
f 3279 3230 3277
f 3277 3230 3229
f 3276 3308 3278
f 3278 3308 3311
f 3281 3315 3282
f 3282 3315 3227
f 3290 3316 3283
f 3283 3316 3317
f 3281 3285 3315
f 3315 3285 3318
f 3284 3280 3314
f 3314 3280 3319
f 3289 3225 3286
f 3286 3225 3224
f 3287 3284 3312
f 3284 3314 3312
f 3291 3226 3289
f 3289 3226 3225
f 3288 3311 3290
f 3290 3311 3316
f 3212 3215 3307
f 3307 3215 3306
f 3294 3296 3219
f 3219 3296 3216
f 3303 3220 3300
f 3300 3220 3223
f 3224 3227 3318
f 3318 3227 3315
f 3228 3231 3313
f 3313 3231 3310
f 3234 3233 3236
f 3236 3233 3237
f 3243 3241 3242
f 3242 3241 3240
f 3247 3255 3244
f 3244 3255 3254
f 3253 3249 3250
f 3250 3249 3248
f 3260 3258 3261
f 3261 3258 3257
f 3266 3267 3264
f 3264 3267 3265
f 3268 3271 3278
f 3278 3271 3279
f 3274 3273 3275
f 3275 3273 3272
f 3283 3282 3290
f 3290 3282 3291
f 3286 3285 3287
f 3287 3285 3284
f 3218 3234 3219
f 3219 3234 3236
f 3295 3298 3237
f 3237 3298 3238
f 3216 3296 3243
f 3243 3296 3241
f 3242 3299 3232
f 3232 3299 3292
f 3223 3222 3247
f 3247 3222 3255
f 3244 3302 3245
f 3245 3302 3304
f 3303 3249 3220
f 3220 3249 3253
f 3297 3251 3299
f 3299 3251 3250
f 3215 3214 3260
f 3260 3214 3258
f 3301 3262 3302
f 3302 3262 3261
f 3212 3307 3267
f 3267 3307 3265
f 3266 3309 3256
f 3256 3309 3305
f 3271 3231 3279
f 3279 3231 3230
f 3268 3312 3269
f 3269 3312 3314
f 3228 3313 3274
f 3274 3313 3273
f 3308 3276 3309
f 3309 3276 3275
f 3282 3227 3291
f 3291 3227 3226
f 3317 3319 3283
f 3283 3319 3280
f 3224 3318 3286
f 3286 3318 3285
f 3312 3311 3287
f 3311 3288 3287
f 3320 3321 3194
f 3194 3321 3193
f 1375 3321 1121
f 1121 3321 3322
f 3323 3324 3322
f 3322 3324 3192
f 3175 1124 3176
f 3176 1124 1123
f 3179 3195 3180
f 3180 3195 3196
f 3181 1131 3182
f 3182 1131 1130
f 3207 3185 3186
f 3186 3185 3187
f 1136 3188 1133
f 1133 3188 3187
f 3190 3188 1137
f 1137 3188 1136
f 3193 1159 3175
f 3175 1159 1124
f 3179 1128 3181
f 3181 1128 1131
f 1533 3198 1123
f 1123 3198 3176
f 3321 1375 3193
f 3193 1375 1159
f 3321 3320 3322
f 3322 3320 3323
f 1122 1121 3192
f 3192 1121 3322
f 3194 3210 3320
f 3320 3210 3325
f 3324 3323 3327
f 3327 3323 3326
f 3320 3325 3323
f 3323 3325 3326
f 3208 3328 3205
f 3205 3328 3329
f 3330 3206 3329
f 3329 3206 3205
f 3203 3331 3204
f 3204 3331 3332
f 3210 3333 3325
f 3325 3333 3334
f 3325 3334 3326
f 3326 3334 3335
f 3327 3326 3336
f 3336 3326 3335
f 3327 3209 3324
f 3324 3209 3191
f 3190 3192 3191
f 3191 3192 3324
f 3338 3339 3337
f 3337 3339 3340
f 3338 3341 3339
f 3339 3341 3342
f 3341 3343 3342
f 3342 3343 3344
f 3343 3345 3344
f 3344 3345 3346
f 3345 3347 3346
f 3346 3347 3348
f 3347 3349 3348
f 3348 3349 3350
f 3337 3340 3351
f 3351 3340 3352
f 3351 3352 3353
f 3353 3352 3354
f 3353 3354 3355
f 3355 3354 3356
f 3350 3349 3357
f 3357 3349 3358
f 3355 3356 3359
f 3359 3356 3360
f 3359 3360 3361
f 3361 3360 3362
f 3361 3362 3363
f 3363 3362 3364
f 3363 3364 3358
f 3358 3364 3357
f 3339 3342 3365
f 3365 3342 3366
f 3342 3344 3366
f 3366 3344 3367
f 3344 3346 3367
f 3367 3346 3368
f 3346 3348 3368
f 3368 3348 3369
f 3348 3350 3369
f 3369 3350 3370
f 3368 3369 3371
f 3371 3369 3372
f 3369 3370 3372
f 3372 3370 3373
f 3373 3374 3372
f 3372 3374 3375
f 3377 3378 3376
f 3376 3378 3379
f 3377 3375 3378
f 3378 3375 3374
f 3375 3380 3372
f 3372 3380 3371
f 3377 3381 3375
f 3375 3381 3380
f 3376 3382 3377
f 3377 3382 3381
f 3384 3385 3383
f 3383 3385 3386
f 3384 3383 3388
f 3388 3383 3387
f 3388 3387 3389
f 3389 3387 3390
f 3392 3385 3391
f 3391 3385 3384
f 3388 3393 3384
f 3384 3393 3391
f 3389 3394 3388
f 3388 3394 3393
f 3389 3395 3394
f 3394 3395 3396
f 3395 3389 3397
f 3397 3389 3390
f 3339 3365 3340
f 3340 3365 3398
f 3340 3398 3352
f 3352 3398 3399
f 3371 3400 3368
f 3368 3400 3367
f 3400 3401 3367
f 3367 3401 3366
f 3366 3401 3365
f 3365 3401 3402
f 3398 3365 3403
f 3403 3365 3402
f 3398 3403 3399
f 3399 3403 3404
f 3403 3405 3404
f 3404 3405 3406
f 3352 3399 3354
f 3354 3399 3407
f 3399 3404 3407
f 3407 3404 3408
f 3404 3406 3408
f 3408 3406 3409
f 3405 3410 3406
f 3406 3410 3411
f 3410 3412 3411
f 3411 3412 3413
f 3397 3414 3395
f 3395 3414 3415
f 3417 3415 3416
f 3416 3415 3412
f 3410 3418 3412
f 3412 3418 3416
f 3410 3405 3418
f 3418 3405 3419
f 3405 3403 3419
f 3419 3403 3402
f 3370 3350 3420
f 3420 3350 3357
f 3373 3370 3421
f 3421 3370 3420
f 3374 3373 3422
f 3422 3373 3421
f 3378 3374 3423
f 3423 3374 3422
f 3378 3423 3379
f 3379 3423 3424
f 3424 3425 3379
f 3379 3425 3386
f 3383 3426 3387
f 3387 3426 3427
f 3387 3427 3390
f 3390 3427 3428
f 3390 3428 3397
f 3397 3428 3429
f 3429 3430 3397
f 3397 3430 3414
f 3411 3413 3431
f 3431 3413 3432
f 3406 3411 3409
f 3409 3411 3431
f 3401 3400 3335
f 3335 3400 3336
f 3401 3335 3402
f 3402 3335 3334
f 3402 3334 3419
f 3419 3334 3333
f 3419 3333 3418
f 3418 3333 3433
f 3418 3433 3416
f 3416 3433 3434
f 3435 3417 3434
f 3434 3417 3416
f 3394 3396 3436
f 3436 3396 3437
f 3393 3394 3332
f 3332 3394 3436
f 3393 3332 3391
f 3391 3332 3331
f 3330 3392 3331
f 3331 3392 3391
f 3382 3329 3381
f 3381 3329 3328
f 3354 3407 3356
f 3356 3407 3438
f 3356 3438 3360
f 3360 3438 3439
f 3360 3439 3362
f 3362 3439 3440
f 3362 3440 3364
f 3364 3440 3441
f 3364 3441 3357
f 3357 3441 3420
f 3421 3420 3442
f 3442 3420 3441
f 3442 3441 3443
f 3443 3441 3440
f 3443 3440 3444
f 3444 3440 3439
f 3444 3439 3445
f 3445 3439 3438
f 3445 3438 3408
f 3408 3438 3407
f 3422 3421 3446
f 3446 3421 3442
f 3446 3442 3447
f 3447 3442 3443
f 3447 3443 3448
f 3448 3443 3444
f 3448 3444 3449
f 3449 3444 3445
f 3449 3445 3409
f 3409 3445 3408
f 3409 3431 3449
f 3449 3431 3450
f 3449 3450 3448
f 3448 3450 3451
f 3451 3452 3448
f 3448 3452 3447
f 3447 3452 3446
f 3446 3452 3453
f 3446 3453 3422
f 3422 3453 3423
f 3424 3423 3454
f 3454 3423 3453
f 3452 3455 3453
f 3453 3455 3454
f 3452 3451 3455
f 3455 3451 3456
f 3450 3457 3451
f 3451 3457 3456
f 3431 3432 3450
f 3450 3432 3457
f 3454 3458 3424
f 3424 3458 3425
f 3427 3426 3459
f 3459 3426 3460
f 3428 3427 3461
f 3461 3427 3459
f 3428 3461 3429
f 3429 3461 3462
f 3462 3463 3429
f 3429 3463 3430
f 3464 3465 3462
f 3462 3465 3463
f 3455 3466 3454
f 3454 3466 3458
f 3465 3464 3466
f 3466 3464 3467
f 3461 3459 3468
f 3468 3459 3469
f 3468 3469 3464
f 3464 3469 3467
f 3464 3462 3468
f 3468 3462 3461
f 3459 3460 3469
f 3469 3460 3467
f 3295 3351 3298
f 3298 3351 3353
f 3353 3355 3298
f 3298 3355 3297
f 3297 3355 3301
f 3301 3355 3359
f 3301 3359 3308
f 3308 3359 3361
f 3308 3361 3311
f 3311 3361 3363
f 3311 3363 3316
f 3316 3363 3358
f 3316 3358 3317
f 3317 3358 3349
f 3349 3347 3317
f 3317 3347 3319
f 3347 3345 3319
f 3319 3345 3314
f 3345 3343 3314
f 3314 3343 3305
f 3343 3341 3305
f 3305 3341 3304
f 3304 3341 3292
f 3292 3341 3338
f 3292 3338 3293
f 3293 3338 3337
f 3293 3337 3295
f 3295 3337 3351
f 3437 3202 3436
f 3436 3202 3201
f 3436 3201 3332
f 3332 3201 3204
f 3433 3200 3434
f 3434 3200 3199
f 3211 3435 3199
f 3199 3435 3434
f 3333 3210 3433
f 3433 3210 3200
f 3380 3470 3371
f 3400 3371 3336
f 3336 3371 3470
f 3381 3328 3380
f 3380 3328 3470
f 3470 3328 3209
f 3209 3328 3208
f 3336 3470 3327
f 3327 3470 3209
f 1545 1763 1546
f 1546 1763 1762
f 1403 1546 773
f 773 1546 770
f 1221 3013 1220
f 1220 3013 3471
f 1305 2877 1306
f 1306 2877 2879
f 1220 3471 828
f 828 3471 829
f 1217 1754 3472
f 3472 1754 1756
f 1049 3473 1048
f 1048 3473 3474
f 1371 1179 3473
f 3473 1179 3474
f 1074 3475 1179
f 1179 3475 3474
f 3474 3475 1048
f 1048 3475 1056
f 919 666 1345
f 1345 666 665
f 856 680 919
f 919 680 666
f 679 680 1449
f 1449 680 858
f 1367 878 1500
f 1500 878 877
f 1366 908 1367
f 1367 908 878
f 1512 916 1513
f 1513 916 915
f 947 1368 948
f 948 1368 1369
f 1047 1021 1044
f 1044 1021 1020
f 1370 1049 1019
f 1019 1049 1020
f 1173 1030 1174
f 1174 1030 1033
f 3126 1188 1464
f 1464 1188 1187
f 1800 1451 1512
f 1512 1451 916
f 1175 1174 1186
f 1186 1174 1187
f 1030 1173 1047
f 1047 1173 1021
f 1513 915 3476
f 3476 915 1481
f 1345 665 3477
f 3477 665 1483
f 1502 1501 876
f 876 1501 877
f 1205 1451 1803
f 1803 1451 1802
f 3479 2832 3478
f 3478 2832 2831
f 1449 858 2927
f 2927 858 2922
f 908 1366 947
f 947 1366 1368
f 949 948 3126
f 3126 948 1188
f 3480 3135 1502
f 1502 3135 1501
f 2927 2922 3157
f 3157 2922 3152
f 3477 1483 3479
f 3479 1483 2832
f 1803 1802 3151
f 3151 1802 3152
f 663 658 664
f 664 658 657
f 655 658 939
f 939 658 706
f 1512 870 1800
f 1800 870 869
f 875 874 876
f 876 874 873
f 849 874 905
f 905 874 958
f 949 962 946
f 946 962 961
f 978 3126 979
f 979 3126 1464
f 1031 1168 1032
f 1032 1168 1022
f 1045 1013 1046
f 1046 1013 1012
f 1045 1044 1056
f 1056 1044 1048
f 1047 1046 1030
f 1030 1046 1031
f 939 706 940
f 940 706 1450
f 979 1464 1032
f 1032 1464 1033
f 3480 1478 3476
f 3476 1478 3134
f 2829 1487 2830
f 2830 1487 1486
f 848 1230 873
f 873 1230 1479
f 867 870 933
f 933 870 1514
f 1800 869 1801
f 1801 869 1799
f 2830 1486 1325
f 1325 1486 2833
f 940 1450 2925
f 2925 1450 2928
f 946 961 907
f 907 961 958
f 959 962 977
f 977 962 978
f 3476 3134 1513
f 1513 3134 1514
f 2925 2928 3155
f 3155 2928 3158
f 1325 2833 656
f 656 2833 657
f 1801 1799 3157
f 3157 1799 3158
f 1074 1055 3475
f 3475 1055 1056
f 1371 3473 1370
f 1370 3473 1049
f 2884 615 3481
f 3481 615 618
f 3478 2831 2846
f 2846 2831 617
f 2831 1484 617
f 617 1484 618
f 1484 1487 618
f 618 1487 3481
f 2848 3481 2829
f 2829 3481 1487
f 1480 1517 1161
f 1161 1517 1162
f 3129 1323 1455
f 1455 1323 1322
f 3129 3134 1323
f 1323 3134 1478
f 1535 3173 1515
f 1515 3173 1516
f 3085 3095 3137
f 3137 3095 3094
f 3137 3094 3138
f 3138 3094 3104
f 3117 3139 3105
f 3105 3139 3106
f 1138 1141 3127
f 3127 1141 3128
f 3081 3131 1264
f 1264 3131 3130
f 1227 1226 3132
f 3132 1226 3133
f 1264 3130 1229
f 1229 3130 1322
f 1160 1501 1161
f 1161 1501 3135
f 1141 1476 3128
f 3128 1476 3136
f 1226 1163 3133
f 3133 1163 1162
f 1363 1138 1515
f 1515 1138 3127
f 3084 3095 3081
f 3081 3095 3131
f 3089 884 3105
f 3105 884 3140
f 884 883 3140
f 3140 883 3141
f 883 3482 3141
f 3141 3482 3142
f 3476 1481 3480
f 3480 1481 3135
f 1502 1479 3480
f 3480 1479 1478
f 3168 463 440
f 714 1880 715
f 715 1880 2905
f 896 732 2970
f 2970 732 731
f 1263 834 3082
f 3082 834 833
f 898 1231 853
f 853 1231 854
f 3125 890 2931
f 2931 890 889
f 1237 893 2851
f 2851 893 892
f 898 853 899
f 899 853 963
f 988 987 989
f 989 987 986
f 1002 1007 1003
f 1003 1007 1006
f 1038 1036 1007
f 1007 1036 1004
f 1070 1052 1005
f 1005 1052 1006
f 1069 1067 1070
f 1070 1067 1052
f 1130 1129 1134
f 1134 1129 1135
f 879 1167 880
f 880 1167 1166
f 1171 1169 1037
f 1037 1169 1038
f 1085 1180 1069
f 1069 1180 1067
f 1209 1210 879
f 879 1210 1167
f 2885 1215 1754
f 1754 1215 1214
f 1263 855 834
f 834 855 854
f 708 1244 1826
f 1826 1244 1243
f 2909 894 1254
f 1254 894 893
f 1228 1361 964
f 964 1361 1360
f 2908 2907 1436
f 1436 2907 1437
f 2990 1440 2991
f 2991 1440 1439
f 964 1360 965
f 965 1360 1454
f 950 1457 951
f 951 1457 1456
f 970 1463 971
f 971 1463 1462
f 1025 1169 984
f 984 1169 986
f 1084 1097 1469
f 1469 1097 1470
f 1096 1115 1474
f 1474 1115 1475
f 1140 1361 1141
f 1141 1361 1476
f 1212 1495 2828
f 2828 1495 1494
f 880 1166 1452
f 1452 1166 1499
f 715 2905 1504
f 1504 2905 2906
f 954 1519 955
f 955 1519 1518
f 1026 1520 992
f 992 1520 1518
f 1029 1520 1043
f 1043 1520 1521
f 997 1522 1040
f 1040 1522 1521
f 1015 1522 1016
f 1016 1522 1523
f 1523 996 1524
f 1524 996 1062
f 1057 1060 1525
f 1525 1060 1524
f 1094 1528 1082
f 1082 1528 1527
f 1526 1528 1089
f 1089 1528 1529
f 1090 1531 1108
f 1108 1531 1530
f 1125 1533 1126
f 1126 1533 1532
f 3483 1755 727
f 727 1755 1214
f 735 1814 707
f 707 1814 1813
f 2891 1834 1246
f 1246 1834 1243
f 2904 1881 1847
f 1847 1881 1848
f 1852 1855 1853
f 1853 1855 1858
f 1902 2903 1877
f 1877 2903 1878
f 2903 2904 1878
f 1878 2904 1847
f 714 713 1848
f 1848 713 1849
f 1440 2990 1883
f 1883 2990 2989
f 1883 2989 1852
f 1852 2989 1855
f 2895 1888 2892
f 2892 1888 1887
f 774 777 1877
f 1877 777 1903
f 1251 2835 1252
f 1252 2835 2834
f 1213 2844 1212
f 1212 2844 1495
f 2851 892 1213
f 1213 892 2844
f 3123 2911 3124
f 3124 2911 2910
f 887 2929 888
f 888 2929 889
f 1435 2963 1436
f 1436 2963 2961
f 1253 1438 1254
f 1254 1438 1437
f 2970 731 735
f 735 731 1814
f 733 732 2885
f 2885 732 1215
f 2901 2902 2976
f 2976 2902 2977
f 2975 2982 2976
f 2976 2982 2979
f 2899 2900 2981
f 2981 2900 2979
f 2899 2981 2898
f 2898 2981 2983
f 2986 2985 2984
f 2984 2985 2983
f 2897 2985 2896
f 2896 2985 2988
f 2991 1439 2987
f 2987 1439 2988
f 777 2978 1903
f 1903 2978 2977
f 1885 1888 1858
f 1858 1888 1853
f 3090 3088 836
f 836 3088 833
f 3083 3088 3097
f 3097 3088 3096
f 3097 3096 3104
f 3104 3096 3106
f 3111 3116 3108
f 3108 3116 3109
f 3112 3111 3114
f 3114 3111 3108
f 3113 3122 3114
f 3114 3122 3115
f 891 890 2837
f 2837 890 2834
f 951 1456 954
f 954 1456 1519
f 967 1457 936
f 936 1457 1454
f 971 1462 902
f 902 1462 963
f 1461 1463 988
f 988 1463 987
f 1466 1468 1474
f 1474 1468 1470
f 1089 1529 1090
f 1090 1529 1531
f 1184 1181 1469
f 1469 1181 1180
f 1082 1527 1061
f 1061 1527 1525
f 1129 1473 1135
f 1135 1473 1475
f 1108 1530 1105
f 1105 1530 1532
f 1452 1499 3132
f 3132 1499 3136
f 3109 3116 3139
f 3139 3116 3138
f 2912 2911 887
f 887 2911 2929
f 2836 2835 1497
f 1497 2835 1494
f 2913 3102 2910
f 2910 3102 3115
f 1133 3187 1134
f 1134 3187 3185
f 3177 3176 3197
f 3197 3176 3198
f 3203 3183 3206
f 3206 3183 3207
f 3196 3202 3197
f 3197 3202 3211
f 3183 3182 3207
f 3207 3182 3185
f 1125 3180 1533
f 1533 3180 3198
f 3331 3203 3330
f 3330 3203 3206
f 3376 3379 3385
f 3385 3379 3386
f 3382 3376 3392
f 3392 3376 3385
f 3412 3415 3413
f 3413 3415 3414
f 3417 3396 3415
f 3415 3396 3395
f 3383 3386 3426
f 3426 3386 3425
f 3413 3414 3432
f 3432 3414 3430
f 3437 3396 3435
f 3435 3396 3417
f 3329 3382 3330
f 3330 3382 3392
f 3426 3425 3460
f 3460 3425 3458
f 3432 3430 3457
f 3457 3430 3463
f 3457 3463 3456
f 3456 3463 3465
f 3460 3458 3467
f 3467 3458 3466
f 3466 3455 3465
f 3465 3455 3456
f 3202 3437 3211
f 3211 3437 3435
f 3104 3106 3138
f 3138 3106 3139
f 3132 3136 1227
f 1227 3136 1476
f 943 687 600
f 600 687 601
f 596 625 667
f 667 625 1297
f 687 686 601
f 601 686 653
f 1319 784 711
f 711 784 712
f 1811 607 783
f 783 607 712
f 862 921 917
f 917 921 920
f 3478 925 3479
f 3479 925 924
f 2846 926 3478
f 3478 926 925
f 659 662 929
f 929 662 930
f 856 921 857
f 857 921 1204
f 1206 864 1207
f 1207 864 863
f 2876 1219 2877
f 2877 1219 1218
f 667 1297 593
f 593 1297 1296
f 917 920 1333
f 1333 920 1346
f 686 693 653
f 653 693 930
f 1277 913 1498
f 1498 913 1207
f 592 1536 610
f 610 1536 711
f 864 1206 1805
f 1805 1206 1804
f 1317 1536 1900
f 1900 1536 1809
f 1900 1809 1295
f 1295 1809 1296
f 3479 924 3477
f 3477 924 2824
f 927 926 1203
f 1203 926 2847
f 3484 2859 3032
f 3032 2859 3033
f 3472 2878 1217
f 1217 2878 1218
f 2889 2888 2880
f 2880 2888 2881
f 2886 2883 2887
f 2887 2883 2882
f 929 928 2847
f 2847 928 1203
f 857 1204 2921
f 2921 1204 2926
f 1820 1819 2882
f 2882 1819 2881
f 1821 2883 2876
f 2876 2883 1219
f 782 2889 783
f 783 2889 2880
f 1352 3034 1353
f 1353 3034 3033
f 3031 3034 3041
f 3041 3034 3043
f 944 943 3043
f 3043 943 600
f 1339 3145 1498
f 1498 3145 3143
f 1208 882 3148
f 3148 882 3143
f 2921 2926 3151
f 3151 2926 3156
f 3477 2824 1345
f 1345 2824 1346
f 1805 1804 3154
f 3154 1804 3156
f 886 3103 883
f 883 3103 3482
f 841 1248 3485
f 3485 1248 3121
f 2811 2819 2812
f 2812 2819 2816
f 2818 2815 2817
f 2817 2815 2806
f 2817 2816 2818
f 2818 2816 2819
f 2793 2795 2819
f 2819 2795 2818
f 243 352 2793
f 2793 352 2795
f 242 353 243
f 243 353 352
f 359 191 242
f 242 191 353
f 247 192 359
f 359 192 191
f 157 193 247
f 247 193 192
f 156 194 157
f 157 194 193
f 378 261 156
f 156 261 194
f 378 381 261
f 261 381 195
f 195 381 196
f 196 381 376
f 196 376 198
f 198 376 375
f 375 1776 198
f 198 1776 197
f 1776 1767 197
f 197 1767 274
f 181 274 199
f 199 274 1767
f 568 566 564
f 564 566 563
f 568 569 566
f 566 569 567
f 501 1773 1771
f 1771 1773 578
f 547 579 1773
f 1773 579 578
f 3486 470 474
f 474 470 469
f 450 582 3487
f 3487 582 3488
f 582 583 3488
f 3488 583 3489
f 583 584 3489
f 3489 584 3490
f 3490 584 3491
f 3491 584 543
f 470 3486 466
f 466 3486 467
f 3489 3490 503
f 503 3490 504
f 503 3492 3489
f 3489 3492 3488
f 3492 503 3493
f 3493 503 502
f 3495 3492 3494
f 3494 3492 3493
f 3487 3488 3495
f 3495 3488 3492
f 468 1774 465
f 465 1774 570
f 3494 3493 1775
f 1775 3493 1771
f 3490 3491 504
f 504 3491 1772
f 3491 543 1772
f 1772 543 548
f 450 3487 474
f 474 3487 3486
f 3495 467 3487
f 3487 467 3486
f 3494 468 3495
f 3495 468 467
f 468 3494 1774
f 1774 3494 1775
f 501 1771 502
f 502 1771 3493
f 527 366 384
f 384 366 365
f 522 524 527
f 527 524 366
f 521 534 522
f 522 534 524
f 530 535 521
f 521 535 534
f 508 486 513
f 513 486 532
f 513 532 541
f 541 532 535
f 667 668 596
f 596 668 597
f 1294 1297 624
f 624 1297 625
f 603 641 604
f 604 641 640
f 1290 1293 650
f 650 1293 651
f 1758 691 660
f 660 691 661
f 602 671 599
f 599 671 670
f 654 662 690
f 690 662 661
f 2856 598 695
f 695 598 597
f 602 654 671
f 671 654 690
f 604 640 676
f 676 640 704
f 1826 1829 708
f 708 1829 709
f 1288 1284 740
f 740 1284 741
f 755 754 758
f 758 754 759
f 2853 2856 932
f 932 2856 695
f 689 691 1192
f 1192 691 1193
f 784 1319 1240
f 1240 1319 1241
f 1813 1816 1244
f 1244 1816 1245
f 754 1288 759
f 759 1288 740
f 1894 1242 1318
f 1318 1242 1241
f 2867 1348 1418
f 1418 1348 1347
f 676 704 673
f 673 704 1347
f 1284 1287 741
f 741 1287 1419
f 1421 1426 1422
f 1422 1426 1425
f 1758 660 615
f 615 660 616
f 1192 1191 1421
f 1421 1191 1426
f 2962 1839 1504
f 1504 1839 1505
f 941 1194 1759
f 1759 1194 1193
f 1287 1537 1419
f 1419 1537 1760
f 1882 2893 1823
f 1823 2893 1824
f 1886 1891 1827
f 1827 1891 1828
f 1887 1886 1834
f 1834 1886 1827
f 1841 716 1838
f 1838 716 1505
f 782 784 1850
f 1850 784 1240
f 1239 1242 1863
f 1863 1242 1864
f 1242 1894 1864
f 1864 1894 1873
f 1822 1239 1823
f 1823 1239 1863
f 1318 1317 1895
f 1895 1317 1900
f 1894 1896 1873
f 1873 1896 1897
f 1291 1896 1292
f 1292 1896 1895
f 605 1898 606
f 606 1898 1897
f 1258 1257 2854
f 2854 1257 2855
f 1257 1351 2855
f 2855 1351 2857
f 1351 1353 2857
f 2857 1353 2858
f 1353 3033 2858
f 2858 3033 2859
f 2860 2861 3036
f 3036 2861 3037
f 2862 2863 2870
f 2870 2863 3039
f 2870 2869 2862
f 2862 2869 2864
f 2868 2865 2869
f 2869 2865 2864
f 1764 2866 2868
f 2868 2866 2865
f 1537 1199 1760
f 1760 1199 1348
f 615 2884 1758
f 1758 2884 1759
f 1825 1246 2890
f 2890 1246 1245
f 2893 2892 1824
f 1824 2892 2891
f 761 2960 758
f 758 2960 2906
f 3000 2943 2940
f 2940 2943 2941
f 2968 710 2950
f 2950 710 709
f 1764 1423 2866
f 2866 1423 2953
f 1423 645 2953
f 2953 645 2954
f 645 644 2954
f 2954 644 2955
f 644 738 2955
f 2955 738 2956
f 738 764 2956
f 2956 764 2957
f 764 763 2957
f 2957 763 2958
f 763 2908 2958
f 2958 2908 2959
f 2908 1436 2959
f 2959 1436 2961
f 1837 2964 1435
f 1435 2964 2963
f 1837 2937 2964
f 2964 2937 2965
f 2936 2968 2966
f 2966 2968 2950
f 1840 2942 1838
f 1838 2942 2941
f 2939 2949 2940
f 2940 2949 3006
f 2939 2942 2966
f 2966 2942 2965
f 1822 1825 1850
f 1850 1825 2890
f 1891 3005 1828
f 1828 3005 3006
f 3035 3038 3045
f 3045 3038 3042
f 3045 3044 3035
f 3035 3044 3040
f 669 1422 3045
f 3045 1422 3044
f 599 670 3041
f 3041 670 3042
f 931 3067 932
f 932 3067 3065
f 2853 3066 2854
f 2854 3066 3076
f 3067 3496 3065
f 3065 3496 3497
f 3066 3498 3076
f 3076 3498 3499
f 707 1813 708
f 708 1813 1244
f 2960 2962 2906
f 2906 2962 1504
f 2892 1887 2891
f 2891 1887 1834
f 1839 2962 2963
f 2963 2962 2961
f 595 626 596
f 596 626 625
f 623 626 3484
f 3484 626 2859
f 1291 1290 606
f 606 1290 603
f 1290 650 603
f 603 650 641
f 641 650 642
f 642 650 649
f 2860 2863 649
f 649 2863 642
f 3036 3039 2860
f 2860 3039 2863
f 3035 3040 3036
f 3036 3040 3039
f 1294 1293 1295
f 1295 1293 1292
f 624 651 1294
f 1294 651 1293
f 623 652 624
f 624 652 651
f 3484 2861 623
f 623 2861 652
f 3032 3037 3484
f 3484 3037 2861
f 3031 3038 3032
f 3032 3038 3037
f 3481 2848 2884
f 2884 2848 942
f 2846 617 1427
f 1427 617 616
f 3049 3167 3048
f 3048 3167 3500
f 1906 3048 3070
f 3070 3048 3500
f 1337 1768 3501
f 3501 1768 3502
f 3020 3503 3021
f 3021 3503 3024
f 2914 3023 3020
f 3020 3023 3503
f 859 1770 860
f 860 1770 3504
f 1336 3505 1768
f 1768 3505 3502
f 3065 3497 3066
f 3066 3497 3498
f 2814 3075 3067
f 3067 3075 3496
f 2839 3174 766
f 766 3174 3017
f 1337 3501 1338
f 1338 3501 1769
f 767 3018 3026
f 3026 3018 3506
f 3076 3499 3064
f 3064 3499 3507
f 727 730 3483
f 3483 730 3030
f 3064 3507 2871
f 2871 3507 3077
f 3100 3160 1786
f 1786 3160 1784
f 3026 3506 752
f 752 3506 3015
f 860 3504 2923
f 2923 3504 3508
f 753 3016 3027
f 3027 3016 3509
f 3027 3509 3008
f 3008 3509 3028
f 1782 1785 1783
f 1783 1785 3022
f 2923 3508 3153
f 3153 3508 3161
f 3148 3149 1208
f 1208 3149 3150
f 1335 1328 3510
f 3510 1328 1327
f 1336 1335 3505
f 3505 1335 3510
f 866 3511 1340
f 1340 3511 3146
f 865 1808 866
f 866 1808 3511
f 842 841 3159
f 3159 841 3485
f 2849 3512 1329
f 1329 3512 1326
f 1202 1331 2849
f 2849 1331 3512
f 3514 3515 3513
f 3513 3515 3516
f 3518 3516 3517
f 3517 3516 3515
f 3519 3520 3514
f 3514 3520 3515
f 3522 3523 3521
f 3521 3523 3524
f 3526 3527 3525
f 3525 3527 3528
f 3530 3531 3529
f 3529 3531 3532
f 3534 3535 3533
f 3533 3535 3536
f 3529 3532 3537
f 3537 3532 3538
f 3537 3539 3529
f 3529 3539 3540
f 3542 3543 3541
f 3541 3543 3544
f 3546 3547 3545
f 3545 3547 3548
f 3550 3534 3549
f 3549 3534 3533
f 3550 3543 3551
f 3551 3543 3552
f 3537 3545 3539
f 3539 3545 3548
f 3553 3554 3556
f 3556 3554 3555
f 3537 3557 3545
f 3545 3557 3546
f 3558 3559 3561
f 3561 3559 3560
f 3563 3564 3562
f 3562 3564 3565
f 3564 3563 3566
f 3566 3563 3567
f 3569 3570 3568
f 3568 3570 3571
f 3573 3574 3572
f 3572 3574 3575
f 3577 3578 3576
f 3576 3578 3579
f 3581 3582 3580
f 3580 3582 3583
f 3585 3586 3584
f 3584 3586 3579
f 3586 3587 3579
f 3579 3587 3576
f 3589 3590 3588
f 3588 3590 3591
f 3592 3593 3595
f 3595 3593 3594
f 3597 3598 3596
f 3596 3598 3595
f 3583 3600 3599
f 3599 3600 3601
f 3603 3599 3602
f 3602 3599 3601
f 3605 3606 3604
f 3604 3606 3607
f 3608 3555 3596
f 3596 3555 3554
f 3597 3610 3609
f 3609 3610 3565
f 3564 3611 3565
f 3565 3611 3609
f 3611 3564 3612
f 3612 3564 3566
f 3613 3614 3569
f 3569 3614 3570
f 3615 3616 3573
f 3573 3616 3574
f 3517 3617 3518
f 3518 3617 3618
f 3620 3621 3619
f 3619 3621 3622
f 3624 3625 3623
f 3623 3625 3626
f 3628 3629 3627
f 3627 3629 3630
f 3632 3633 3631
f 3631 3633 3634
f 3636 3637 3635
f 3635 3637 3638
f 3640 3641 3639
f 3639 3641 3642
f 3643 3644 3639
f 3639 3644 3640
f 3646 3513 3645
f 3645 3513 3647
f 3648 3514 3646
f 3646 3514 3513
f 3649 3519 3648
f 3648 3519 3514
f 3650 3651 3527
f 3527 3651 3652
f 3654 3651 3653
f 3653 3651 3650
f 3568 3571 3655
f 3655 3571 3656
f 3657 3658 3653
f 3653 3658 3659
f 3661 3662 3660
f 3660 3662 3658
f 3664 3665 3663
f 3663 3665 3666
f 3667 3657 3650
f 3650 3657 3653
f 3669 3523 3668
f 3668 3523 3670
f 3672 3673 3671
f 3671 3673 3674
f 3676 3677 3675
f 3675 3677 3678
f 3671 3674 3676
f 3676 3674 3677
f 3680 3681 3679
f 3679 3681 3682
f 3683 3684 3680
f 3680 3684 3681
f 3685 3686 3661
f 3661 3686 3662
f 3686 3687 3662
f 3662 3687 3688
f 3684 3683 3689
f 3689 3683 3690
f 3692 3693 3691
f 3691 3693 3694
f 3691 3694 3695
f 3695 3694 3696
f 3698 3699 3697
f 3697 3699 3700
f 3702 3703 3701
f 3701 3703 3704
f 3705 3706 3519
f 3519 3706 3520
f 3673 3672 3707
f 3707 3672 3708
f 3709 3710 3682
f 3682 3710 3679
f 3711 3712 3692
f 3692 3712 3693
f 3714 3715 3713
f 3713 3715 3716
f 3718 3700 3717
f 3717 3700 3699
f 3720 3721 3719
f 3719 3721 3722
f 3724 3725 3723
f 3723 3725 3726
f 3727 3728 3730
f 3730 3728 3729
f 3722 3721 3731
f 3731 3721 3732
f 3697 3700 3733
f 3733 3700 3714
f 3733 3714 3734
f 3734 3714 3713
f 3721 3723 3732
f 3732 3723 3735
f 3720 3736 3724
f 3724 3736 3737
f 3700 3718 3714
f 3714 3718 3715
f 3717 3699 3738
f 3738 3699 3739
f 3536 3740 3533
f 3533 3740 3540
f 3742 3743 3741
f 3741 3743 3744
f 3746 3747 3745
f 3745 3747 3748
f 3750 3751 3749
f 3749 3751 3752
f 3627 3632 3628
f 3628 3632 3631
f 3754 3755 3753
f 3753 3755 3626
f 3562 3565 3756
f 3756 3565 3610
f 3527 3652 3528
f 3528 3652 3757
f 3758 3524 3669
f 3669 3524 3523
f 3582 3598 3583
f 3583 3598 3600
f 3759 3670 3522
f 3522 3670 3523
f 3675 3678 3760
f 3760 3678 3761
f 3762 3763 3690
f 3690 3763 3689
f 3765 3766 3764
f 3764 3766 3767
f 3768 3739 3698
f 3698 3739 3699
f 3726 3725 3770
f 3770 3725 3769
f 3645 3647 3771
f 3771 3647 3772
f 3645 3678 3646
f 3646 3678 3677
f 3646 3677 3648
f 3648 3677 3674
f 3673 3649 3674
f 3674 3649 3648
f 3707 3773 3673
f 3673 3773 3649
f 3775 3776 3774
f 3774 3776 3777
f 3779 3526 3778
f 3778 3526 3525
f 3526 3779 3667
f 3667 3779 3780
f 3780 3781 3667
f 3667 3781 3657
f 3672 3679 3708
f 3708 3679 3710
f 3671 3680 3672
f 3672 3680 3679
f 3676 3683 3671
f 3671 3683 3680
f 3675 3690 3676
f 3676 3690 3683
f 3760 3762 3675
f 3675 3762 3690
f 3682 3681 3783
f 3783 3681 3782
f 3689 3784 3684
f 3684 3784 3785
f 3684 3785 3681
f 3681 3785 3782
f 3786 3709 3783
f 3783 3709 3682
f 3784 3689 3787
f 3787 3689 3763
f 3789 3557 3788
f 3788 3557 3790
f 3792 3793 3791
f 3791 3793 3794
f 3616 3615 3795
f 3795 3615 3796
f 3797 3798 3727
f 3727 3798 3728
f 3800 3801 3799
f 3799 3801 3802
f 3803 3578 3592
f 3592 3578 3593
f 3805 3806 3804
f 3804 3806 3807
f 3599 3603 3585
f 3585 3603 3586
f 3587 3586 3604
f 3604 3586 3603
f 3588 3591 3794
f 3794 3591 3791
f 3581 3803 3582
f 3582 3803 3592
f 3594 3561 3608
f 3608 3561 3790
f 3662 3688 3808
f 3808 3688 3809
f 3665 3664 3810
f 3810 3664 3811
f 3719 3812 3720
f 3720 3812 3736
f 3717 3813 3718
f 3718 3813 3737
f 3723 3721 3724
f 3724 3721 3720
f 3813 3717 3814
f 3814 3717 3738
f 3815 3816 303
f 303 3816 304
f 3818 3819 3817
f 3817 3819 3820
f 3578 3803 3579
f 3579 3803 3584
f 3558 3593 3577
f 3577 3593 3578
f 3822 3823 3821
f 3821 3823 3824
f 3546 3826 3825
f 3825 3826 3827
f 3828 3829 3547
f 3547 3829 3541
f 3831 3542 3830
f 3830 3542 3832
f 3834 3822 3833
f 3833 3822 3821
f 3835 3836 3827
f 3827 3836 3825
f 3800 3799 3828
f 3828 3799 3829
f 3830 3832 3837
f 3837 3832 3838
f 331 330 3551
f 3551 330 3839
f 3831 333 3552
f 3552 333 332
f 3819 3797 3841
f 3841 3797 3840
f 3513 3516 3647
f 3647 3516 3746
f 337 336 3745
f 3745 336 3772
f 3525 3528 3775
f 3775 3528 3749
f 3610 3597 3554
f 3554 3597 3596
f 3706 3702 3520
f 3520 3702 3701
f 3756 3610 3553
f 3553 3610 3554
f 3757 3750 3528
f 3528 3750 3749
f 3517 3515 3701
f 3701 3515 3520
f 3842 3584 3581
f 3581 3584 3803
f 3525 3775 3778
f 3778 3775 3774
f 3638 3843 3635
f 3635 3843 3618
f 3617 3621 3618
f 3618 3621 3635
f 3617 3517 3704
f 3704 3517 3701
f 3521 3624 3522
f 3522 3624 3623
f 3749 3844 3775
f 3775 3844 3776
f 3846 3847 3845
f 3845 3847 3848
f 3843 3747 3618
f 3618 3747 3518
f 3850 3851 3849
f 3849 3851 3748
f 3853 3854 3852
f 3852 3854 3855
f 3856 3857 3622
f 3622 3857 3619
f 3859 3860 3858
f 3858 3860 3861
f 3862 3844 3752
f 3752 3844 3749
f 3863 3759 3623
f 3623 3759 3522
f 3864 3777 3630
f 3630 3777 3776
f 3713 3865 3734
f 3734 3865 3866
f 3868 3869 3867
f 3867 3869 3870
f 3872 3873 3871
f 3871 3873 3874
f 3876 3877 3875
f 3875 3877 3878
f 3879 3880 3878
f 3878 3880 3881
f 3882 3883 3885
f 3885 3883 3884
f 3780 3886 3781
f 3781 3886 3887
f 3888 3685 3869
f 3869 3685 3661
f 3880 3879 3883
f 3883 3879 3884
f 3693 3783 3694
f 3694 3783 3782
f 3696 3785 3764
f 3764 3785 3784
f 3694 3782 3696
f 3696 3782 3785
f 3693 3786 3783
f 3787 3765 3784
f 3784 3765 3764
f 386 385 3765
f 3765 385 3766
f 3695 3889 3691
f 3691 3889 3890
f 3691 3890 3692
f 3692 3890 3891
f 3892 3711 3891
f 3891 3711 3692
f 3767 3893 3695
f 3695 3893 3889
f 3766 3894 3767
f 3767 3894 3893
f 3882 3885 3895
f 3895 3885 3896
f 3898 3698 3897
f 3897 3698 3697
f 3897 3697 3899
f 3899 3697 3733
f 3899 3733 3900
f 3900 3733 3734
f 3901 3768 3898
f 3898 3768 3698
f 3901 3902 3768
f 3768 3902 3903
f 3904 3905 3907
f 3907 3905 3906
f 3869 3661 3870
f 3870 3661 3660
f 3908 3909 3896
f 3896 3909 3895
f 3909 3758 3895
f 3895 3758 3669
f 3751 3531 3752
f 3752 3531 3848
f 3858 3536 3854
f 3854 3536 3535
f 3652 3562 3757
f 3757 3562 3756
f 3651 3654 3563
f 3563 3654 3567
f 3655 3656 3808
f 3808 3656 3659
f 3530 3740 3845
f 3845 3740 3861
f 3751 3750 3556
f 3556 3750 3553
f 3817 3820 3796
f 3796 3820 3795
f 410 409 3910
f 3910 409 3855
f 3750 3757 3553
f 3553 3757 3756
f 3908 3886 3909
f 3909 3886 3780
f 409 411 3855
f 3855 411 3851
f 413 412 3760
f 3760 412 3762
f 415 414 3763
f 3763 414 3787
f 3790 3557 3538
f 3538 3557 3537
f 3555 3608 3538
f 3538 3608 3790
f 3574 3911 3575
f 3575 3911 3912
f 3535 3534 3910
f 3910 3534 3839
f 3831 3552 3542
f 3542 3552 3543
f 3534 3550 3839
f 3839 3550 3551
f 3543 3550 3544
f 3544 3550 3549
f 3913 3914 3916
f 3916 3914 3915
f 3806 3805 3589
f 3589 3805 3590
f 3849 3843 3917
f 3917 3843 3638
f 3853 3644 3859
f 3859 3644 3742
f 3747 3746 3518
f 3518 3746 3516
f 3695 3696 3767
f 3767 3696 3764
f 3903 3918 3768
f 3768 3918 3739
f 3738 3739 3816
f 3816 3739 3918
f 3919 3920 3769
f 3769 3920 3770
f 3921 3726 3922
f 3922 3726 3770
f 3678 3645 3761
f 3761 3645 3771
f 3924 3913 3923
f 3923 3913 3916
f 3802 3925 3838
f 3838 3925 3837
f 3577 3926 3558
f 3558 3926 3559
f 3815 3919 3814
f 3814 3919 3769
f 3927 3928 3822
f 3822 3928 3823
f 3829 3832 3541
f 3541 3832 3542
f 3834 3927 3822
f 3832 3829 3838
f 3838 3829 3799
f 3745 3772 3746
f 3746 3772 3647
f 3849 3748 3843
f 3843 3748 3747
f 3854 3853 3858
f 3858 3853 3859
f 3854 3535 3855
f 3855 3535 3910
f 3557 3789 3546
f 3546 3789 3826
f 3923 3823 3924
f 3924 3823 3928
f 3823 3923 3929
f 3929 3923 3930
f 3531 3751 3532
f 3532 3751 3556
f 3532 3556 3538
f 3538 3556 3555
f 3932 3634 3931
f 3931 3634 3633
f 3814 3769 3813
f 3813 3769 3725
f 3620 3636 3621
f 3621 3636 3635
f 3847 3862 3848
f 3848 3862 3752
f 3531 3530 3848
f 3848 3530 3845
f 3933 3934 3830
f 3830 3934 3831
f 3925 3933 3837
f 3837 3933 3830
f 3934 440 3831
f 3831 440 333
f 3925 3802 3833
f 3833 3802 3801
f 3776 3844 3630
f 3630 3844 3627
f 3808 3659 3662
f 3662 3659 3658
f 3667 3650 3526
f 3526 3650 3527
f 3935 3666 3936
f 3936 3666 3665
f 3718 3737 3715
f 3715 3737 3736
f 3663 3809 3664
f 3664 3809 3688
f 3807 3806 3938
f 3938 3806 3937
f 445 413 3761
f 3761 413 3760
f 3902 447 3903
f 3903 447 446
f 3897 3890 3898
f 3898 3890 3889
f 3899 3891 3897
f 3897 3891 3890
f 3898 3889 3901
f 3901 3889 3893
f 3893 3894 3901
f 3901 3894 3902
f 414 386 3787
f 3787 386 3765
f 3940 3941 3939
f 3939 3941 3942
f 3840 3797 3943
f 3943 3797 3727
f 3665 3810 3936
f 3936 3810 3944
f 3921 3735 3726
f 3726 3735 3723
f 3920 3945 3770
f 3770 3945 3922
f 3521 3524 3774
f 3774 3524 3778
f 3864 3946 3625
f 3625 3946 3947
f 3773 3705 3649
f 3649 3705 3519
f 3779 3778 3758
f 3758 3778 3524
f 3812 3716 3736
f 3736 3716 3715
f 3624 3521 3777
f 3777 3521 3774
f 3703 3856 3704
f 3704 3856 3622
f 3900 3892 3899
f 3899 3892 3891
f 3641 3917 3642
f 3642 3917 3948
f 3895 3669 3882
f 3882 3669 3668
f 3855 3851 3852
f 3852 3851 3850
f 3894 458 3902
f 3902 458 447
f 3781 3887 3660
f 3660 3887 3870
f 3570 3566 3571
f 3571 3566 3567
f 3950 3576 3949
f 3949 3576 3587
f 3605 3602 3614
f 3614 3602 3612
f 3614 3612 3570
f 3570 3612 3566
f 3571 3567 3656
f 3656 3567 3654
f 3660 3658 3781
f 3781 3658 3657
f 3604 3607 3587
f 3587 3607 3949
f 3653 3659 3654
f 3654 3659 3656
f 3529 3540 3530
f 3530 3540 3740
f 3687 3811 3688
f 3688 3811 3664
f 3813 3725 3737
f 3737 3725 3724
f 3919 3815 461
f 461 3815 303
f 3818 3798 3819
f 3819 3798 3797
f 3819 3841 3820
f 3820 3841 3951
f 3816 3815 3738
f 3738 3815 3814
f 3540 3539 3533
f 3533 3539 3549
f 3548 3547 3544
f 3544 3547 3541
f 3539 3548 3549
f 3549 3548 3544
f 3741 3931 3860
f 3860 3931 3846
f 3801 3800 3835
f 3835 3800 3836
f 3934 3933 3824
f 3824 3933 3821
f 3825 3828 3546
f 3546 3828 3547
f 3833 3821 3925
f 3925 3821 3933
f 3800 3828 3836
f 3836 3828 3825
f 3824 3952 3934
f 3934 3952 440
f 3860 3846 3861
f 3861 3846 3845
f 3629 3946 3630
f 3630 3946 3864
f 3740 3536 3861
f 3861 3536 3858
f 3833 3801 3834
f 3834 3801 3835
f 3583 3599 3580
f 3580 3599 3585
f 3651 3563 3652
f 3652 3563 3562
f 3758 3909 3779
f 3779 3909 3780
f 3621 3617 3622
f 3622 3617 3704
f 3625 3947 3626
f 3626 3947 3753
f 3633 3632 3847
f 3847 3632 3862
f 3852 3850 3640
f 3640 3850 3641
f 3644 3853 3640
f 3640 3853 3852
f 3859 3742 3860
f 3860 3742 3741
f 3632 3627 3862
f 3862 3627 3844
f 3755 3863 3626
f 3626 3863 3623
f 3917 3638 3948
f 3948 3638 3637
f 3644 3643 3742
f 3742 3643 3743
f 3931 3633 3846
f 3846 3633 3847
f 3625 3624 3864
f 3864 3624 3777
f 3917 3641 3849
f 3849 3641 3850
f 3744 3932 3741
f 3741 3932 3931
f 3903 446 3918
f 3918 446 464
f 3953 3954 3956
f 3956 3954 3955
f 3958 3959 3957
f 3957 3959 3960
f 3876 3958 3877
f 3877 3958 3957
f 3877 3957 3961
f 3961 3957 3962
f 3963 3964 3958
f 3958 3964 3959
f 3965 3966 3876
f 3876 3966 3958
f 3966 3963 3958
f 3966 3967 3963
f 3963 3967 3968
f 3878 3877 3879
f 3879 3877 3961
f 3967 3969 3968
f 3968 3969 3970
f 3969 3971 3970
f 3970 3971 3972
f 3974 3904 3973
f 3973 3904 3907
f 3971 3975 3972
f 3972 3975 3976
f 3976 3975 3978
f 3978 3975 3977
f 3979 3980 3977
f 3977 3980 3978
f 3981 3982 3979
f 3979 3982 3980
f 3983 3984 3981
f 3981 3984 3982
f 3972 3985 3970
f 3970 3985 3986
f 3871 3987 3969
f 3969 3987 3971
f 3872 3871 3967
f 3967 3871 3969
f 3965 3872 3966
f 3966 3872 3967
f 3970 3986 3968
f 3968 3986 3988
f 3879 3961 3884
f 3884 3961 3940
f 3884 3940 3885
f 3885 3940 3939
f 3989 3990 3992
f 3992 3990 3991
f 3942 3993 3995
f 3995 3993 3994
f 3994 3996 3995
f 3995 3996 3974
f 3997 3998 3994
f 3994 3998 3996
f 3999 3997 3993
f 3993 3997 3994
f 4001 3996 4000
f 4000 3996 3998
f 4000 3998 4002
f 4002 3998 4003
f 4004 4003 3997
f 3997 4003 3998
f 3997 3999 4004
f 4004 3999 4005
f 4006 3995 3973
f 3973 3995 3974
f 3939 3942 4006
f 4006 3942 3995
f 3906 3887 3907
f 3907 3887 3886
f 3887 3906 3870
f 3870 3906 3867
f 3908 3973 3886
f 3886 3973 3907
f 3865 4007 3866
f 3866 4007 4008
f 3984 3983 4009
f 4009 3983 4010
f 3961 3962 3940
f 3940 3962 3941
f 4012 3868 4011
f 4011 3868 3867
f 4013 3975 3987
f 3987 3975 3971
f 4014 3977 4013
f 4013 3977 3975
f 4015 4010 4007
f 4007 4010 3983
f 4007 3983 4008
f 4008 3983 3981
f 4008 3981 4016
f 4016 3981 3979
f 4017 3984 4018
f 4018 3984 4009
f 3977 4014 3979
f 3979 4014 4016
f 3982 3984 4019
f 4019 3984 4017
f 4021 4022 4020
f 4020 4022 4023
f 4022 4012 4023
f 4023 4012 4011
f 4023 3904 4020
f 4020 3904 3974
f 4024 4025 4018
f 4018 4025 4017
f 4026 4027 4024
f 4024 4027 4025
f 4028 4026 4029
f 4029 4026 4024
f 4018 4021 4024
f 4024 4021 4029
f 4030 4031 4026
f 4026 4031 4027
f 4032 4030 4028
f 4028 4030 4026
f 4029 4001 4028
f 4028 4001 4000
f 4028 4000 4032
f 4032 4000 4002
f 4034 4035 4033
f 4033 4035 4036
f 4037 4038 4019
f 4019 4038 4039
f 4041 4039 4040
f 4040 4039 4038
f 4040 4038 4042
f 4042 4038 4036
f 4042 4036 4043
f 4043 4036 4035
f 3985 4044 4046
f 4046 4044 4045
f 4047 4048 4045
f 4045 4048 4046
f 4047 4049 4048
f 4048 4049 4050
f 4042 4047 4040
f 4040 4047 4045
f 4043 4049 4042
f 4042 4049 4047
f 4040 4045 4041
f 4041 4045 4044
f 4052 3959 4051
f 4051 3959 3964
f 4053 4054 4051
f 4051 4054 4055
f 3956 3960 4052
f 4052 3960 3959
f 3953 3956 4056
f 4056 3956 4052
f 4058 3953 4057
f 4057 3953 4056
f 4060 4061 4059
f 4059 4061 4062
f 4063 4064 4054
f 4054 4064 4057
f 4054 4053 4063
f 4063 4053 4065
f 4066 4067 4069
f 4069 4067 4068
f 4048 4050 4063
f 4063 4050 4064
f 4063 4065 4048
f 4048 4065 4046
f 3985 4046 3986
f 3986 4046 4065
f 3986 4065 3988
f 3988 4065 4053
f 3988 4053 3964
f 3964 4053 4051
f 3976 3978 4044
f 4044 3978 4041
f 3980 3982 4039
f 4039 3982 4019
f 4039 4041 3980
f 3980 4041 3978
f 3973 3908 4006
f 4006 3908 3896
f 3885 3939 3896
f 3896 3939 4006
f 4031 4034 4027
f 4027 4034 4033
f 4027 4033 4025
f 4025 4033 4037
f 4019 4017 4037
f 4037 4017 4025
f 3993 3942 4070
f 4070 3942 3941
f 3999 3993 4071
f 4071 3993 4070
f 3999 4071 4005
f 4005 4071 4072
f 4073 4074 4076
f 4076 4074 4075
f 4078 4079 4077
f 4077 4079 4080
f 4082 4080 4081
f 4081 4080 4079
f 4084 4085 4083
f 4083 4085 4086
f 4087 4088 4090
f 4090 4088 4089
f 4092 4093 4091
f 4091 4093 4094
f 4096 4097 4095
f 4095 4097 4098
f 4100 4101 4099
f 4099 4101 4102
f 4103 4104 4106
f 4106 4104 4105
f 4108 4109 4107
f 4107 4109 4110
f 4112 4113 4111
f 4111 4113 4114
f 4116 4117 4115
f 4115 4117 4118
f 4120 4121 4119
f 4119 4121 4122
f 4123 4124 4126
f 4126 4124 4125
f 4127 4128 4130
f 4130 4128 4129
f 4132 4133 4131
f 4131 4133 4134
f 4136 4108 4135
f 4135 4108 4107
f 4138 4139 4137
f 4137 4139 4140
f 4141 4142 4088
f 4088 4142 4089
f 4144 4145 4143
f 4143 4145 4146
f 4148 4149 4147
f 4147 4149 4150
f 4152 4153 4151
f 4151 4153 4154
f 4156 4082 4155
f 4155 4082 4081
f 4157 4158 4160
f 4160 4158 4159
f 4161 4162 4164
f 4164 4162 4163
f 4166 4122 4165
f 4165 4122 4121
f 4168 4152 4167
f 4167 4152 4151
f 4169 4170 4172
f 4172 4170 4171
f 4174 4175 4173
f 4173 4175 4176
f 4178 4149 4177
f 4177 4149 4179
f 4173 4176 4180
f 4180 4176 4181
f 4156 4085 4182
f 4182 4085 4183
f 4182 4184 4156
f 4156 4184 4082
f 4185 4186 4184
f 4184 4186 4187
f 4186 4188 4187
f 4187 4188 4189
f 4190 4191 4073
f 4073 4191 4074
f 4177 4179 4158
f 4158 4179 4159
f 4193 4127 4192
f 4192 4127 4130
f 4144 4194 4151
f 4151 4194 4167
f 4196 4197 4195
f 4195 4197 4198
f 4095 4199 4096
f 4096 4199 4200
f 4201 4202 4204
f 4204 4202 4203
f 4205 4206 4208
f 4208 4206 4207
f 4121 4120 4209
f 4209 4120 4210
f 4212 4213 4211
f 4211 4213 4214
f 4216 4217 4215
f 4215 4217 4218
f 4220 4221 4219
f 4219 4221 4222
f 4224 4196 4223
f 4223 4196 4195
f 4225 4226 4134
f 4134 4226 4131
f 4228 4229 4227
f 4227 4229 4230
f 4232 4233 4231
f 4231 4233 4098
f 4235 4236 4234
f 4234 4236 4237
f 4239 4240 4238
f 4238 4240 4241
f 4242 4243 4245
f 4245 4243 4244
f 4246 4247 4249
f 4249 4247 4248
f 4251 4252 4250
f 4250 4252 4253
f 4255 4256 4254
f 4254 4256 4257
f 4259 4260 4258
f 4258 4260 4261
f 4263 4264 4262
f 4262 4264 4265
f 4267 4268 4266
f 4266 4268 4269
f 4271 4199 4270
f 4270 4199 4272
f 4273 4274 4276
f 4276 4274 4275
f 4115 4118 4277
f 4277 4118 4278
f 4280 4281 4279
f 4279 4281 4282
f 4211 4283 4212
f 4212 4283 4284
f 4286 4287 4285
f 4285 4287 4288
f 4165 4121 4289
f 4289 4121 4209
f 4291 4286 4290
f 4290 4286 4285
f 4293 4294 4292
f 4292 4294 4295
f 4297 4298 4296
f 4296 4298 4299
f 4301 4302 4300
f 4300 4302 4303
f 4299 4304 4296
f 4296 4304 4305
f 4306 4292 4307
f 4307 4292 4295
f 4307 4308 4306
f 4306 4308 4309
f 4310 4309 4075
f 4075 4309 4308
f 4299 4298 4312
f 4312 4298 4311
f 4302 4301 4293
f 4293 4301 4294
f 3735 3921 4313
f 4313 3921 4314
f 4315 4314 3922
f 3922 4314 3921
f 4316 3945 829
f 829 3945 830
f 4289 4317 4165
f 4165 4317 4318
f 4320 4321 4319
f 4319 4321 4322
f 4324 4325 4323
f 4323 4325 4326
f 4327 4328 4330
f 4330 4328 4329
f 4290 4331 4291
f 4291 4331 4332
f 4165 4318 4166
f 4166 4318 4333
f 4334 4335 4337
f 4337 4335 4336
f 4339 4340 4338
f 4338 4340 4341
f 4168 4343 4342
f 4342 4343 4344
f 4346 4347 4345
f 4345 4347 4348
f 4350 4351 4349
f 4349 4351 4352
f 4354 4355 4353
f 4353 4355 4356
f 4357 4358 4324
f 4324 4358 4325
f 4337 4359 4334
f 4334 4359 4360
f 4362 4363 4361
f 4361 4363 4364
f 4366 4367 4365
f 4365 4367 4368
f 4369 4370 4372
f 4372 4370 4371
f 4331 4290 4374
f 4374 4290 4373
f 4373 4376 4375
f 4375 4376 4377
f 4379 4380 4378
f 4378 4380 4381
f 4217 4382 4218
f 4218 4382 4383
f 4385 4386 4384
f 4384 4386 4387
f 4388 4389 4338
f 4338 4389 4390
f 4337 4336 4392
f 4392 4336 4391
f 4394 4362 4393
f 4393 4362 4361
f 4396 4397 4395
f 4395 4397 4398
f 4400 4401 4399
f 4399 4401 4402
f 4345 4403 4346
f 4346 4403 4404
f 4405 4406 4342
f 4342 4406 4407
f 4409 4410 4408
f 4408 4410 4411
f 4408 4412 4409
f 4409 4412 4413
f 4181 4415 4414
f 4414 4415 4416
f 4182 4183 4417
f 4417 4183 4418
f 4419 4353 4311
f 4311 4353 4312
f 4421 4422 4420
f 4420 4422 4423
f 4353 4356 4312
f 4312 4356 4424
f 4166 4333 4425
f 4425 4333 4426
f 4425 4143 4166
f 4166 4143 4122
f 4427 4107 4428
f 4428 4107 4110
f 4429 4430 4174
f 4174 4430 4175
f 4335 4431 4336
f 4336 4431 4390
f 4336 4390 4391
f 4391 4390 4389
f 4432 4433 4435
f 4435 4433 4434
f 4437 4438 4436
f 4436 4438 4439
f 4441 4442 4440
f 4440 4442 4443
f 4359 4444 4361
f 4361 4444 4393
f 4446 4447 4445
f 4445 4447 4448
f 4338 4341 4388
f 4388 4341 4449
f 4450 4451 4398
f 4398 4451 4395
f 4453 4454 4452
f 4452 4454 4455
f 4457 4458 4456
f 4456 4458 4459
f 4460 4461 4448
f 4448 4461 4445
f 4463 4464 4462
f 4462 4464 4465
f 4462 4465 4466
f 4466 4465 4467
f 4468 4469 4467
f 4467 4469 4466
f 4469 4468 4470
f 4470 4468 4471
f 4472 4473 4471
f 4471 4473 4470
f 4475 4476 4474
f 4474 4476 4477
f 4479 4480 4478
f 4478 4480 4481
f 4483 4484 4482
f 4482 4484 4485
f 4487 4488 4486
f 4486 4488 4489
f 4491 4492 4490
f 4490 4492 4493
f 4494 4495 4493
f 4493 4495 4490
f 4496 4497 4494
f 4494 4497 4495
f 4497 4496 4498
f 4498 4496 4499
f 4500 4501 4503
f 4503 4501 4502
f 4505 4506 4504
f 4504 4506 4507
f 4466 4508 4462
f 4462 4508 4509
f 4470 4510 4469
f 4469 4510 4511
f 4513 4479 4512
f 4512 4479 4478
f 4515 4443 4514
f 4514 4443 4442
f 4516 4517 4519
f 4519 4517 4518
f 4521 4495 4520
f 4520 4495 4497
f 4522 4490 4521
f 4521 4490 4495
f 4491 4523 4488
f 4488 4523 4524
f 4525 4489 4524
f 4524 4489 4488
f 4484 4526 4485
f 4485 4526 4527
f 4503 4528 4500
f 4500 4528 4529
f 4530 4531 4533
f 4533 4531 4532
f 4535 4506 4534
f 4534 4506 4530
f 4486 4536 4487
f 4487 4536 4537
f 4487 4537 4492
f 4492 4537 4538
f 4494 4539 4496
f 4496 4539 4540
f 4542 4533 4541
f 4541 4533 4499
f 4544 4545 4543
f 4543 4545 4546
f 4548 4549 4547
f 4547 4549 4550
f 4536 4551 4537
f 4537 4551 4552
f 4537 4552 4538
f 4538 4552 4553
f 4554 4539 4556
f 4556 4539 4555
f 4557 4540 4554
f 4554 4540 4539
f 4559 4557 4558
f 4558 4557 4560
f 4540 4557 4541
f 4541 4557 4559
f 4562 4563 4561
f 4561 4563 4564
f 4546 4565 4543
f 4543 4565 4566
f 4547 4567 4548
f 4548 4567 4568
f 4570 4571 4569
f 4569 4571 4572
f 4574 4575 4573
f 4573 4575 4576
f 4578 4579 4577
f 4577 4579 4580
f 4582 4583 4581
f 4581 4583 4584
f 4585 4586 4588
f 4588 4586 4587
f 4589 4585 4590
f 4590 4585 4588
f 4592 4593 4591
f 4591 4593 4594
f 4596 4597 4595
f 4595 4597 4598
f 4600 4601 4599
f 4599 4601 4602
f 4563 4604 4603
f 4603 4604 4605
f 4603 4606 4608
f 4608 4606 4607
f 4609 4610 4594
f 4594 4610 4591
f 4611 4612 4614
f 4614 4612 4613
f 4616 4617 4615
f 4615 4617 4618
f 4602 4620 4619
f 4619 4620 4621
f 4619 4622 4602
f 4602 4622 4599
f 4605 4599 4623
f 4623 4599 4622
f 4605 4623 4603
f 4603 4623 4606
f 4625 4626 4624
f 4624 4626 4627
f 4438 4437 4628
f 4628 4437 4629
f 4442 4441 4630
f 4630 4441 4631
f 4630 4632 4442
f 4442 4632 4514
f 4633 4634 4529
f 4529 4634 4500
f 4500 4634 4501
f 4501 4634 4635
f 4637 4546 4636
f 4636 4546 4545
f 4639 4565 4638
f 4638 4565 4640
f 4573 4576 4641
f 4641 4576 4642
f 4593 4643 4594
f 4594 4643 4644
f 4645 4609 4644
f 4644 4609 4594
f 4647 4648 4646
f 4646 4648 4649
f 4651 4652 4650
f 4650 4652 4653
f 4654 4498 4519
f 4519 4498 4532
f 4520 4508 4521
f 4521 4508 4511
f 4522 4510 4523
f 4523 4510 4655
f 4524 4656 4525
f 4525 4656 4657
f 4514 4529 4515
f 4515 4529 4528
f 4658 4659 4661
f 4661 4659 4660
f 4496 4540 4499
f 4499 4540 4541
f 4493 4555 4494
f 4494 4555 4539
f 4549 4483 4550
f 4550 4483 4482
f 4545 4544 4501
f 4501 4544 4502
f 4636 4545 4635
f 4635 4545 4501
f 4589 4663 4662
f 4662 4663 4664
f 4662 4665 4558
f 4558 4665 4559
f 4569 4586 4570
f 4570 4586 4560
f 4552 4666 4553
f 4553 4666 4667
f 4668 4669 4670
f 4670 4669 4666
f 4672 4673 4671
f 4671 4673 4674
f 4287 4675 4288
f 4288 4675 4676
f 4678 4679 4677
f 4677 4679 4680
f 4681 4678 4682
f 4682 4678 4677
f 4682 4683 4681
f 4681 4683 4684
f 4161 4164 4685
f 4685 4164 4686
f 4414 4687 4689
f 4689 4687 4688
f 4405 4690 4346
f 4346 4690 4347
f 4691 4399 4693
f 4693 4399 4692
f 1209 4694 4365
f 4365 4694 4366
f 4650 1211 4651
f 4651 1211 1210
f 4695 4696 4255
f 4255 4696 4256
f 4697 4698 4218
f 4218 4698 4215
f 4700 4701 4699
f 4699 4701 4702
f 4703 4704 4303
f 4303 4704 4300
f 4315 3922 4316
f 4316 3922 3945
f 4653 4706 4705
f 4705 4706 4707
f 4709 4710 4708
f 4708 4710 4711
f 4335 4334 4713
f 4713 4334 4712
f 4714 4340 4321
f 4321 4340 4322
f 4716 4717 4715
f 4715 4717 4718
f 4238 4241 4719
f 4719 4241 4720
f 4231 4721 4307
f 4307 4721 4308
f 4723 4724 4722
f 4722 4724 4725
f 4727 4728 4726
f 4726 4728 4729
f 4730 4731 4327
f 4327 4731 4328
f 4733 4734 4732
f 4732 4734 4735
f 4720 4381 4736
f 4736 4381 4737
f 4738 4739 4741
f 4741 4739 4740
f 4743 4744 4742
f 4742 4744 4745
f 4338 4390 4339
f 4339 4390 4431
f 4746 4747 4431
f 4431 4747 4339
f 4291 4332 4289
f 4289 4332 4317
f 4289 4209 4291
f 4291 4209 4286
f 4287 4286 4210
f 4210 4286 4209
f 4749 4750 4748
f 4748 4750 4751
f 4212 4284 4752
f 4752 4284 4753
f 4752 4754 4212
f 4212 4754 4213
f 4252 4251 4225
f 4225 4251 4226
f 4227 4230 4248
f 4248 4230 4249
f 4205 4755 4757
f 4757 4755 4756
f 4708 4711 4758
f 4758 4711 4647
f 4367 4366 4759
f 4759 4366 4760
f 4526 4513 4527
f 4527 4513 4512
f 4420 4423 4385
f 4385 4423 4386
f 4705 4761 4653
f 4653 4761 4650
f 4761 1279 4650
f 4650 1279 1211
f 4762 4763 3944
f 3944 4763 3936
f 4274 4273 4765
f 4765 4273 4764
f 4767 4768 4766
f 4766 4768 4769
f 4770 4771 4769
f 4769 4771 4766
f 4771 4770 4242
f 4242 4770 4243
f 4093 4163 4094
f 4094 4163 4162
f 4772 4773 4775
f 4775 4773 4774
f 4777 4778 4776
f 4776 4778 4779
f 4417 4185 4182
f 4182 4185 4184
f 4780 4078 4781
f 4781 4078 4077
f 4781 4077 4782
f 4782 4077 4189
f 4188 4783 4189
f 4189 4783 4782
f 4295 4232 4307
f 4307 4232 4231
f 4785 4786 4784
f 4784 4786 4787
f 4784 1307 4785
f 4785 1307 1306
f 4078 4780 4096
f 4096 4780 4097
f 4075 4074 4310
f 4310 4074 4788
f 4788 4074 4789
f 4789 4074 4191
f 4789 4191 4059
f 4059 4191 4790
f 4791 4277 4792
f 4792 4277 4278
f 3732 3735 4793
f 4793 3735 4313
f 4793 4794 3732
f 3732 4794 3731
f 4792 4795 4791
f 4791 4795 4796
f 4797 4798 4799
f 4799 4798 4724
f 4763 4800 3936
f 3936 4800 3935
f 4801 4062 3729
f 3729 4062 3730
f 4713 4712 4802
f 4802 4712 4803
f 4146 4804 4119
f 4119 4804 4805
f 4498 4654 4497
f 4497 4654 4520
f 4806 4807 1326
f 1326 4807 1327
f 4689 4688 1330
f 1330 4688 1331
f 4801 4789 4062
f 4062 4789 4059
f 3730 4062 4808
f 4808 4062 4061
f 4810 4811 4809
f 4809 4811 4812
f 4813 4403 4814
f 4814 4403 4345
f 4815 4816 4349
f 4349 4816 4350
f 4817 4818 4820
f 4820 4818 4819
f 4406 4821 4407
f 4407 4821 4822
f 4823 4161 4824
f 4824 4161 4685
f 4181 4414 4825
f 4825 4414 4689
f 4741 4740 4826
f 4826 4740 4827
f 4828 4829 4827
f 4827 4829 4826
f 4142 4141 4415
f 4415 4141 4148
f 4830 1354 4761
f 4761 1354 1279
f 4832 4833 4831
f 4831 4833 4834
f 4835 4836 4626
f 4626 4836 4421
f 4451 4709 4395
f 4395 4709 4708
f 4627 4420 4837
f 4837 4420 4385
f 4837 1365 4838
f 4838 1365 1364
f 4397 4396 4839
f 4839 4396 4840
f 4842 4628 4841
f 4841 4628 4629
f 4671 4674 4631
f 4631 4674 4630
f 4674 4659 4630
f 4630 4659 4632
f 4633 4632 4658
f 4658 4632 4659
f 4658 4504 4633
f 4633 4504 4634
f 4635 4634 4507
f 4507 4634 4504
f 4843 4636 4507
f 4507 4636 4635
f 4844 4637 4843
f 4843 4637 4636
f 4637 4844 4640
f 4640 4844 4664
f 4638 4663 4642
f 4642 4663 4845
f 4847 4643 4846
f 4846 4643 4641
f 4644 4848 4645
f 4645 4848 4849
f 4851 4852 4850
f 4850 4852 4853
f 4855 4856 4854
f 4854 4856 4857
f 4859 4860 4858
f 4858 4860 4857
f 4715 4718 4859
f 4859 4718 4860
f 4862 4863 4861
f 4861 4863 4864
f 4866 4867 4865
f 4865 4867 4868
f 4870 4871 4869
f 4869 4871 4872
f 4869 4872 4116
f 4116 4872 4117
f 4820 4819 4874
f 4874 4819 4873
f 4876 4877 4875
f 4875 4877 4878
f 4880 4881 4879
f 4879 4881 4882
f 4884 4885 4883
f 4883 4885 4886
f 4887 4888 4280
f 4280 4888 4281
f 4818 4817 4889
f 4889 4817 4890
f 4891 4193 4823
f 4823 4193 4192
f 4892 4893 4228
f 4228 4893 4229
f 4158 4157 4894
f 4894 4157 4895
f 4896 4897 4132
f 4132 4897 4133
f 4099 4683 4100
f 4100 4683 4682
f 4101 4100 4899
f 4899 4100 4898
f 4150 4106 4147
f 4147 4106 4900
f 4100 4682 4898
f 4898 4682 4677
f 4080 4082 4187
f 4187 4082 4184
f 4077 4080 4189
f 4189 4080 4187
f 4191 4190 4790
f 4790 4190 4901
f 4177 4158 4680
f 4680 4158 4894
f 4108 4136 4752
f 4752 4136 4754
f 4752 4753 4108
f 4108 4753 4109
f 4817 4902 4890
f 4890 4902 4903
f 4904 4905 4907
f 4907 4905 4906
f 4909 4910 4908
f 4908 4910 4911
f 4913 4914 4912
f 4912 4914 4915
f 4916 4917 4919
f 4919 4917 4918
f 4312 4424 4299
f 4299 4424 4304
f 4920 4921 4297
f 4297 4921 4298
f 4194 4922 4167
f 4167 4922 4923
f 4924 4400 4691
f 4691 4400 4399
f 4395 4708 4396
f 4396 4708 4758
f 4367 4925 4368
f 4368 4925 4926
f 4919 4918 4873
f 4873 4918 4874
f 4836 4927 4421
f 4421 4927 4422
f 4921 4928 4298
f 4298 4928 4311
f 4143 4146 4122
f 4122 4146 4119
f 4929 4930 4455
f 4455 4930 4452
f 4932 4933 4931
f 4931 4933 4934
f 4935 4936 4932
f 4932 4936 4933
f 4461 4460 4457
f 4457 4460 4458
f 4480 4479 4475
f 4475 4479 4476
f 4660 4673 4517
f 4517 4673 4937
f 4661 4505 4658
f 4658 4505 4504
f 4484 4483 4489
f 4489 4483 4486
f 4462 4509 4463
f 4463 4509 4518
f 4469 4511 4466
f 4466 4511 4508
f 4655 4473 4656
f 4656 4473 4477
f 4476 4657 4477
f 4477 4657 4656
f 4479 4513 4476
f 4476 4513 4657
f 4489 4525 4484
f 4484 4525 4526
f 4483 4549 4486
f 4486 4549 4536
f 4549 4548 4536
f 4536 4548 4551
f 4548 4568 4551
f 4551 4568 4670
f 4663 4589 4845
f 4845 4589 4590
f 4668 4577 4938
f 4938 4577 4580
f 4940 4938 4939
f 4939 4938 4941
f 4940 4942 4669
f 4669 4942 4943
f 4587 4582 4944
f 4944 4582 4581
f 4848 4847 4608
f 4608 4847 4564
f 4616 4945 4613
f 4613 4945 4598
f 4615 4946 4616
f 4616 4946 4945
f 4947 4939 4948
f 4948 4939 4946
f 4599 4605 4600
f 4600 4605 4604
f 4608 4607 4848
f 4848 4607 4849
f 4613 4612 4616
f 4616 4612 4617
f 4835 4949 4709
f 4709 4949 4710
f 4357 1477 4837
f 4837 1477 1365
f 4712 4950 4803
f 4803 4950 4951
f 4401 4952 4402
f 4402 4952 4953
f 4759 4760 4402
f 4402 4760 4399
f 4508 4520 4509
f 4509 4520 4654
f 4510 4522 4511
f 4511 4522 4521
f 4513 4526 4657
f 4657 4526 4525
f 4632 4633 4514
f 4514 4633 4529
f 4931 4934 4453
f 4453 4934 4454
f 4153 4954 4154
f 4154 4954 4955
f 4957 4958 4956
f 4956 4958 4959
f 4961 4962 4960
f 4960 4962 4963
f 4120 4964 4210
f 4210 4964 4965
f 4967 4968 4966
f 4966 4968 4969
f 4349 4692 4815
f 4815 4692 4970
f 4652 4971 4653
f 4653 4971 4706
f 4758 4647 4972
f 4972 4647 4646
f 4973 4363 4646
f 4646 4363 4972
f 4950 4360 4974
f 4974 4360 4364
f 4431 4335 4746
f 4746 4335 4713
f 4358 4714 4325
f 4325 4714 4321
f 4765 4764 4266
f 4266 4764 4975
f 4202 4976 4203
f 4203 4976 4977
f 4917 4978 4918
f 4918 4978 4979
f 4279 4282 4854
f 4854 4282 4269
f 4820 4880 4817
f 4817 4880 4902
f 4890 4903 4980
f 4980 4903 4886
f 4982 4983 4981
f 4981 4983 4123
f 4795 4851 4796
f 4796 4851 4850
f 4918 4979 4874
f 4874 4979 4881
f 4809 4404 4810
f 4810 4404 4403
f 4354 4985 4984
f 4984 4985 4986
f 1364 1516 4838
f 4838 1516 4987
f 4759 4988 4367
f 4367 4988 4925
f 4989 4990 4481
f 4481 4990 4478
f 4443 4515 4990
f 4990 4515 4991
f 4527 4512 4992
f 4992 4512 4991
f 4528 4503 4992
f 4992 4503 4993
f 4993 4994 4485
f 4485 4994 4482
f 4544 4995 4502
f 4502 4995 4994
f 4995 4996 4550
f 4550 4996 4547
f 4998 4999 4997
f 4997 4999 4566
f 4998 5000 4578
f 4578 5000 4579
f 5001 5002 4596
f 4596 5002 4597
f 5003 4591 5004
f 5004 4591 4610
f 4626 4421 4627
f 4627 4421 4420
f 4837 4838 4627
f 4627 4838 4624
f 4761 4705 4830
f 4830 4705 5005
f 4705 4707 5005
f 5005 4707 5006
f 4308 4721 4075
f 4075 4721 4076
f 5007 4200 4797
f 4797 4200 4798
f 4685 4686 5008
f 5008 4686 5009
f 4889 4890 5010
f 5010 4890 4980
f 4323 1541 4324
f 4324 1541 1540
f 4385 4384 4358
f 4358 4384 4714
f 4396 4758 4840
f 4840 4758 4972
f 4866 4852 5011
f 5011 4852 5012
f 5013 4260 4980
f 4980 4260 5010
f 4875 4878 5014
f 5014 4878 5015
f 5017 5018 5016
f 5016 5018 5019
f 5016 5019 5020
f 5020 5019 5021
f 5023 5024 5022
f 5022 5024 5025
f 5027 5028 5026
f 5026 5028 5029
f 5031 5032 5030
f 5030 5032 5033
f 5035 5036 5034
f 5034 5036 5037
f 5039 5040 5038
f 5038 5040 5041
f 5043 5044 5042
f 5042 5044 5045
f 5038 5046 5039
f 5039 5046 5047
f 5049 5050 5048
f 5048 5050 5051
f 5053 5054 5052
f 5052 5054 5055
f 5057 5024 5056
f 5056 5024 5058
f 5060 5061 5059
f 5059 5061 5062
f 5064 5065 5063
f 5063 5065 5066
f 5043 5050 5064
f 5064 5050 5065
f 5038 5041 5067
f 5067 5041 5068
f 5070 5071 5069
f 5069 5071 5072
f 5074 5075 5073
f 5073 5075 5076
f 5034 5077 5035
f 5035 5077 5078
f 5080 5081 5079
f 5079 5081 5082
f 5084 5085 5083
f 5083 5085 5086
f 5085 5084 5087
f 5087 5084 5088
f 5090 5091 5089
f 5089 5091 5092
f 5094 5095 5093
f 5093 5095 5096
f 5098 5099 5097
f 5097 5099 5100
f 5102 5103 5101
f 5101 5103 5104
f 5105 5106 5108
f 5108 5106 5107
f 5110 5111 5109
f 5109 5111 5112
f 5114 5094 5113
f 5113 5094 5093
f 5116 5117 5115
f 5115 5117 5118
f 5120 5121 5119
f 5119 5121 5122
f 5124 5125 5123
f 5123 5125 5126
f 5128 5129 5127
f 5127 5129 5130
f 5097 5131 5098
f 5098 5131 5132
f 5134 5135 5133
f 5133 5135 5122
f 5084 5125 5088
f 5088 5125 5136
f 5138 5139 5137
f 5137 5139 5140
f 5142 5102 5141
f 5141 5102 5101
f 5106 5143 5107
f 5107 5143 5144
f 5146 5147 5145
f 5145 5147 5148
f 5149 5150 5109
f 5109 5150 5110
f 5151 5110 5152
f 5152 5110 5150
f 4715 5140 4716
f 4716 5140 5139
f 5143 4870 5144
f 5144 4870 4869
f 4115 5146 4116
f 4116 5146 5145
f 4791 4796 5149
f 5149 4796 5150
f 4796 4850 5150
f 5150 4850 5152
f 4858 5142 4859
f 4859 5142 5141
f 5153 5154 5115
f 5115 5154 5105
f 5156 5157 5155
f 5155 5157 5158
f 5159 5160 5053
f 5053 5160 5054
f 5161 5162 5020
f 5020 5162 5068
f 5026 5029 5163
f 5163 5029 5021
f 5083 5086 5164
f 5164 5086 5165
f 5090 5167 5166
f 5166 5167 5168
f 5169 5170 5172
f 5172 5170 5171
f 5174 5175 5173
f 5173 5175 5176
f 5177 5109 5178
f 5178 5109 5112
f 5179 5180 5182
f 5182 5180 5181
f 5123 5126 5120
f 5120 5126 5121
f 5180 5167 5181
f 5181 5167 5183
f 5184 5185 5179
f 5179 5185 5180
f 5186 5149 5177
f 5177 5149 5109
f 4868 5184 4865
f 4865 5184 5179
f 5188 5189 5187
f 5187 5189 5190
f 4277 4791 5186
f 5186 4791 5149
f 5179 5182 4865
f 4865 5182 4853
f 5189 4862 5190
f 5190 4862 4861
f 5156 5075 5191
f 5191 5075 5192
f 5036 5035 5193
f 5193 5035 5194
f 5115 5118 5153
f 5153 5118 5195
f 5022 5025 5196
f 5196 5025 5197
f 5155 5158 5069
f 5069 5158 5062
f 5063 5066 5198
f 5198 5066 5199
f 5073 5076 5200
f 5200 5076 5072
f 5202 5131 5201
f 5201 5131 5203
f 5143 5106 5204
f 5204 5106 5205
f 5114 5113 5206
f 5206 5113 5127
f 5098 5132 5193
f 5193 5132 5195
f 5204 5207 5143
f 5143 5207 4870
f 5088 5136 5208
f 5208 5136 5092
f 5209 5210 5089
f 5089 5210 5183
f 5211 5018 5060
f 5060 5018 5061
f 5017 5040 5070
f 5070 5040 5071
f 5191 5160 5156
f 5156 5160 5157
f 5048 5028 5049
f 5049 5028 5058
f 5207 5204 4858
f 4858 5204 5142
f 4859 5141 4715
f 4715 5141 5140
f 5212 5162 5042
f 5042 5162 5051
f 5182 5152 4853
f 4853 5152 4850
f 5214 5134 5213
f 5213 5134 5133
f 5164 5165 5133
f 5133 5165 5213
f 5215 5216 5201
f 5201 5216 5217
f 5147 5218 5148
f 5148 5218 5219
f 5147 5177 5218
f 5218 5177 5178
f 5141 5101 5140
f 5140 5101 5137
f 5201 5217 5202
f 5202 5217 5104
f 5146 5186 5147
f 5147 5186 5177
f 4277 5186 4115
f 4115 5186 5146
f 5191 5192 5031
f 5031 5192 5032
f 5052 5055 5220
f 5220 5055 5197
f 4116 5145 4869
f 4869 5145 5144
f 5034 5037 5214
f 5214 5037 5134
f 5097 5100 5114
f 5114 5100 5094
f 5108 5107 5219
f 5219 5107 5148
f 5221 5135 5116
f 5116 5135 5117
f 5124 5111 5209
f 5209 5111 5210
f 5107 5144 5148
f 5148 5144 5145
f 5152 5182 5151
f 5151 5182 5181
f 5208 5222 5088
f 5088 5222 5087
f 5222 5208 5171
f 5171 5208 5172
f 5223 1756 4698
f 4698 1756 1755
f 4427 5224 4107
f 4107 5224 4135
f 4178 4679 5225
f 5225 4679 5226
f 5227 5228 4892
f 4892 5228 4893
f 5229 5230 4171
f 4171 5230 4172
f 4855 4268 4884
f 4884 4268 4885
f 4884 4871 4855
f 4855 4871 4856
f 4684 5231 4896
f 4896 5231 4897
f 4768 4767 5009
f 5009 4767 5008
f 5205 5154 5102
f 5102 5154 5103
f 5099 5098 5194
f 5194 5098 5193
f 5198 5199 5079
f 5079 5199 5033
f 5102 5142 5205
f 5205 5142 5204
f 5224 4427 4681
f 4681 4427 4678
f 3712 3711 5232
f 5232 3711 5233
f 3968 3988 3963
f 3963 3988 3964
f 3976 4044 3972
f 3972 4044 3985
f 4038 4037 4036
f 4036 4037 4033
f 4794 4762 3731
f 3731 4762 3944
f 3731 3944 3722
f 3722 3944 3810
f 3874 5234 5232
f 5232 5234 3712
f 3906 3905 3867
f 3867 3905 4011
f 3904 4023 3905
f 3905 4023 4011
f 3719 3722 3811
f 3811 3722 3810
f 3812 3719 3687
f 3687 3719 3811
f 3716 3812 3686
f 3686 3812 3687
f 3713 3716 3685
f 3685 3716 3686
f 4810 4403 5235
f 5235 4403 4813
f 4345 1770 4814
f 4814 1770 1769
f 4067 4066 4058
f 4058 4066 5236
f 4043 4068 4049
f 4049 4068 4050
f 4034 5237 3989
f 3989 5237 3990
f 4031 4030 4072
f 4072 4030 4005
f 4003 4004 4002
f 4002 4004 4032
f 4004 4005 4032
f 4032 4005 4030
f 4067 4064 4068
f 4068 4064 4050
f 4058 4057 4067
f 4067 4057 4064
f 4035 4034 5238
f 5238 4034 3989
f 5236 5239 4058
f 4058 5239 5240
f 5234 3874 5241
f 5241 3874 3873
f 5241 3873 3881
f 3881 3873 3878
f 4800 4763 4788
f 4788 4763 4310
f 4763 4762 4310
f 4310 4762 4309
f 4762 4794 4309
f 4309 4794 4306
f 4794 4793 4306
f 4306 4793 4292
f 4293 4313 4302
f 4302 4313 4314
f 4302 4314 4303
f 4303 4314 4315
f 4303 4315 4703
f 4703 4315 4316
f 4035 4069 4043
f 4043 4069 4068
f 4324 1540 4357
f 4357 1540 1477
f 5232 3987 3874
f 3874 3987 3871
f 3987 5232 4013
f 4013 5232 5233
f 4013 5233 4014
f 4014 5233 5242
f 3888 4015 3865
f 3865 4015 4007
f 3866 4008 5243
f 5243 4008 4016
f 3873 5244 3878
f 3878 5244 3875
f 3965 5244 3872
f 3872 5244 3873
f 3876 3875 3965
f 3965 3875 5244
f 5243 4016 5242
f 5242 4016 4014
f 5246 5247 5245
f 5245 5247 5248
f 3576 3950 3577
f 3577 3950 3926
f 3584 3842 3585
f 3585 3842 3580
f 5249 5247 1784
f 1784 5247 1785
f 5250 5251 5253
f 5253 5251 5252
f 5255 5252 5254
f 5254 5252 5256
f 5254 5256 5258
f 5258 5256 5257
f 5258 5257 5260
f 5260 5257 5259
f 4356 5261 4424
f 4424 5261 5259
f 4355 5262 4356
f 4356 5262 5261
f 4924 5264 5263
f 5263 5264 5265
f 4693 5266 4691
f 4691 5266 5267
f 4351 5268 4352
f 4352 5268 5269
f 1808 1807 4351
f 4351 1807 5268
f 3580 3842 3581
f 3799 3802 3838
f 4800 4788 4801
f 4801 4788 4789
f 3729 3935 4801
f 4801 3935 4800
f 3728 3666 3729
f 3729 3666 3935
f 3728 3798 3666
f 3666 3798 3663
f 3798 3818 3663
f 3663 3818 3809
f 3818 3817 3809
f 3809 3817 3808
f 3796 3655 3817
f 3817 3655 3808
f 3615 3568 3796
f 3796 3568 3655
f 3573 3569 3615
f 3615 3569 3568
f 3572 3613 3573
f 3573 3613 3569
f 3792 3606 3572
f 3572 3606 3613
f 3607 3791 3949
f 3949 3791 3591
f 3590 3950 3591
f 3591 3950 3949
f 3805 3926 3590
f 3590 3926 3950
f 3804 3559 3805
f 3805 3559 3926
f 3804 3914 3559
f 3559 3914 3560
f 3924 3789 3913
f 3913 3789 3788
f 3924 3928 3789
f 3789 3928 3826
f 3928 3927 3826
f 3826 3927 3827
f 3927 3834 3827
f 3827 3834 3835
f 4079 4078 5270
f 5270 4078 5007
f 5271 5272 4233
f 4233 5272 5273
f 5275 5276 5274
f 5274 5276 5277
f 5278 5279 4236
f 4236 5279 4237
f 5278 5280 5271
f 5271 5280 5272
f 4235 5281 4236
f 4236 5281 5282
f 5284 5285 5283
f 5283 5285 5286
f 5288 5289 5287
f 5287 5289 5290
f 5292 5293 5291
f 5291 5293 5294
f 5287 5290 4726
f 4726 5290 5295
f 4293 4292 4313
f 4313 4292 4793
f 4720 4736 4719
f 4719 4736 5296
f 5297 4909 5298
f 5298 4909 4908
f 5299 5300 4976
f 4976 5300 5301
f 5302 4202 5303
f 5303 4202 4201
f 5304 5305 4983
f 4983 5305 5306
f 5308 5309 5307
f 5307 5309 5310
f 4722 4725 5283
f 5283 4725 5311
f 5291 5294 4125
f 4125 5294 4126
f 5313 5314 5312
f 5312 5314 5315
f 5316 5317 5319
f 5319 5317 5318
f 5321 5308 5320
f 5320 5308 5307
f 4819 4981 4873
f 4873 4981 5322
f 4981 4123 5322
f 5322 4123 4126
f 5324 5325 5323
f 5323 5325 5326
f 4764 5327 4975
f 4975 5327 5328
f 4172 5327 4169
f 4169 5327 5329
f 4768 4171 4769
f 4769 4171 4170
f 4243 4755 4244
f 4244 4755 5330
f 4755 4205 5330
f 5330 4205 4208
f 4206 4906 4207
f 4207 4906 4905
f 4686 5014 5009
f 5009 5014 5229
f 4756 4770 4170
f 4170 4770 4769
f 4170 4169 4756
f 4756 4169 4757
f 4273 5329 4764
f 4764 5329 5327
f 4276 5331 4273
f 4273 5331 5329
f 4770 4756 4243
f 4243 4756 4755
f 5333 4889 5332
f 5332 4889 5010
f 4877 5332 4878
f 4878 5332 4259
f 4875 4164 4876
f 4876 4164 4163
f 5334 5335 5324
f 5324 5335 5325
f 4983 5306 4123
f 4123 5306 4124
f 4818 4982 4819
f 4819 4982 4981
f 5332 5010 4259
f 4259 5010 4260
f 5014 4686 4875
f 4875 4686 4164
f 4171 4768 5229
f 5229 4768 5009
f 5337 4916 5336
f 5336 4916 4919
f 5293 5337 5294
f 5294 5337 5336
f 4982 4818 5333
f 5333 4818 4889
f 5338 5339 4262
f 4262 5339 5340
f 5307 5310 5338
f 5338 5310 5339
f 5341 5342 4204
f 4204 5342 5309
f 5336 4919 5322
f 5322 4919 4873
f 5294 5336 4126
f 4126 5336 5322
f 5323 5326 5343
f 5343 5326 5286
f 4914 5344 4915
f 4915 5344 5345
f 5312 5315 5344
f 5344 5315 5345
f 5347 5348 5346
f 5346 5348 5349
f 5350 5351 4832
f 4832 5351 4833
f 5352 5353 5349
f 5349 5353 5346
f 5354 5338 4265
f 4265 5338 4262
f 5320 5307 5354
f 5354 5307 5338
f 4201 5308 5303
f 5303 5308 5321
f 5356 5357 5355
f 5355 5357 4799
f 5358 5359 5334
f 5334 5359 5335
f 5358 5360 4093
f 4093 5360 4163
f 5360 5305 4163
f 4163 5305 4876
f 5305 5304 4876
f 4876 5304 4877
f 5270 4778 4079
f 4079 4778 4081
f 4779 5361 4774
f 4774 5361 5357
f 5356 5359 4775
f 4775 5359 4092
f 5333 5304 4982
f 4982 5304 4983
f 5332 4877 5333
f 5333 4877 5304
f 5015 4258 5230
f 5230 4258 5328
f 5327 4172 5328
f 5328 4172 5230
f 4169 5329 4757
f 4757 5329 5331
f 4757 5331 4205
f 4205 5331 4206
f 5331 4276 4206
f 4206 4276 4906
f 4276 4275 4906
f 4906 4275 4907
f 4275 4888 4907
f 4907 4888 4744
f 4887 4717 4745
f 4745 4717 4864
f 4716 5139 4861
f 4861 5139 5190
f 5139 5138 5190
f 5190 5138 5187
f 5138 5216 5187
f 5187 5216 5176
f 5215 5362 5173
f 5173 5362 5130
f 5364 5365 5363
f 5363 5365 5340
f 4742 4863 5366
f 5366 4863 4867
f 4862 5189 4868
f 4868 5189 5184
f 5189 5188 5184
f 5184 5188 5185
f 5188 5175 5185
f 5185 5175 5168
f 3560 3788 3561
f 3561 3788 3790
f 3596 3595 3608
f 3608 3595 3594
f 3598 3582 3595
f 3595 3582 3592
f 3600 3609 3601
f 3601 3609 3611
f 3602 3601 3612
f 3612 3601 3611
f 3606 3605 3613
f 3613 3605 3614
f 3793 5367 3794
f 3794 5367 5368
f 3598 3597 3600
f 3600 3597 3609
f 3793 3792 3575
f 3575 3792 3572
f 3561 3594 3558
f 3558 3594 3593
f 3807 3915 3804
f 3804 3915 3914
f 3916 3915 5370
f 5370 3915 5369
f 3602 3605 3603
f 3603 3605 3604
f 3606 3792 3607
f 3607 3792 3791
f 3914 3913 3560
f 3560 3913 3788
f 5174 5129 5166
f 5166 5129 5371
f 5170 5169 5093
f 5093 5169 5113
f 5166 5371 5090
f 5090 5371 5091
f 5128 5169 5372
f 5372 5169 5172
f 5127 5113 5128
f 5128 5113 5169
f 5114 5206 5203
f 5203 5206 5362
f 5200 5373 5073
f 5073 5373 5096
f 5374 5375 5200
f 5200 5375 5373
f 5039 5047 5374
f 5374 5047 5375
f 5087 5046 5085
f 5085 5046 5376
f 5212 5377 5067
f 5067 5377 5376
f 5042 5045 5212
f 5212 5045 5377
f 5064 5378 5043
f 5043 5378 5044
f 5063 5077 5064
f 5064 5077 5378
f 5079 5082 5198
f 5198 5082 5078
f 5099 5081 5100
f 5100 5081 5379
f 5100 5379 5094
f 5094 5379 5095
f 5381 5382 5380
f 5380 5382 5383
f 5385 5386 5384
f 5384 5386 5383
f 5385 5387 5386
f 5386 5387 5388
f 5390 5391 5389
f 5389 5391 5392
f 5393 5394 5396
f 5396 5394 5395
f 5398 5399 5397
f 5397 5399 5400
f 5402 5403 5401
f 5401 5403 5404
f 5406 5407 5405
f 5405 5407 5404
f 5408 5409 5163
f 5163 5409 5410
f 5411 5412 5414
f 5414 5412 5413
f 5057 5416 5415
f 5415 5416 5417
f 5393 5416 5418
f 5418 5416 5419
f 5396 5395 5420
f 5420 5395 5421
f 5423 5424 5422
f 5422 5424 5425
f 5415 5417 5220
f 5220 5417 5426
f 5418 5391 5393
f 5393 5391 5394
f 5414 5388 5411
f 5411 5388 5392
f 5059 5427 5060
f 5060 5427 5428
f 5423 5427 5429
f 5429 5427 5430
f 5432 5382 5431
f 5431 5382 5425
f 5429 5407 5423
f 5423 5407 5424
f 5380 5409 5381
f 5381 5409 5433
f 5381 5433 5422
f 5422 5433 5428
f 5027 5412 5056
f 5056 5412 5419
f 5435 5436 5434
f 5434 5436 5437
f 5159 5439 5438
f 5438 5439 5440
f 5053 5436 5159
f 5159 5436 5439
f 5441 5403 5398
f 5398 5403 5399
f 5163 5410 5026
f 5026 5410 5413
f 5438 5440 5442
f 5442 5440 5430
f 5444 5445 5443
f 5443 5445 5446
f 5447 5448 5450
f 5450 5448 5449
f 5451 5446 5452
f 5452 5446 5445
f 5454 5455 5453
f 5453 5455 5451
f 5456 5454 5458
f 5458 5454 5457
f 5460 5461 5459
f 5459 5461 5462
f 5464 5465 5463
f 5463 5465 5466
f 5468 5469 5467
f 5467 5469 5470
f 5472 5473 5471
f 5471 5473 5474
f 5475 5476 5478
f 5478 5476 5477
f 5479 5480 5482
f 5482 5480 5481
f 5483 5484 5448
f 5448 5484 5485
f 5448 5485 5449
f 5449 5485 5486
f 5487 5476 5488
f 5488 5476 5475
f 5490 5491 5489
f 5489 5491 5492
f 5494 5495 5493
f 5493 5495 5496
f 5498 5494 5497
f 5497 5494 5493
f 5500 5501 5499
f 5499 5501 5502
f 5503 5504 5446
f 5446 5504 5443
f 5506 5507 5505
f 5505 5507 5508
f 5510 5511 5509
f 5509 5511 5512
f 5514 5515 5513
f 5513 5515 5516
f 5518 5519 5517
f 5517 5519 5520
f 5495 5521 5496
f 5496 5521 5522
f 5524 5525 5523
f 5523 5525 5526
f 5527 5528 5494
f 5494 5528 5495
f 5499 5502 5529
f 5529 5502 5530
f 5531 5532 5485
f 5485 5532 5486
f 5485 5484 5531
f 5531 5484 5533
f 5482 5481 5534
f 5534 5481 5535
f 5536 5512 5506
f 5506 5512 5511
f 5455 5503 5451
f 5451 5503 5446
f 5467 5470 5511
f 5511 5470 5537
f 5538 5467 5510
f 5510 5467 5511
f 5540 5541 5539
f 5539 5541 5542
f 5543 5544 5546
f 5546 5544 5545
f 5548 5472 5547
f 5547 5472 5471
f 5493 5496 5549
f 5549 5496 5550
f 5496 5522 5550
f 5550 5522 5551
f 5553 5554 5552
f 5552 5554 5555
f 5557 5447 5556
f 5556 5447 5558
f 5557 5483 5447
f 5447 5483 5448
f 5478 5477 5553
f 5553 5477 5559
f 5477 5560 5559
f 5559 5560 5561
f 5476 5562 5477
f 5477 5562 5560
f 5476 5487 5562
f 5562 5487 5563
f 5560 5564 5561
f 5561 5564 5565
f 5564 5560 5566
f 5566 5560 5562
f 5563 5567 5562
f 5562 5567 5566
f 5569 5521 5568
f 5568 5521 5570
f 5481 5572 5571
f 5571 5572 5573
f 5574 5535 5571
f 5571 5535 5481
f 5576 5577 5575
f 5575 5577 5578
f 5579 5580 5456
f 5456 5580 5581
f 5475 5582 5488
f 5488 5582 5583
f 5584 5536 5505
f 5505 5536 5506
f 5585 5586 5588
f 5588 5586 5587
f 5590 5591 5589
f 5589 5591 5592
f 5519 5593 5520
f 5520 5593 5594
f 5595 5596 5462
f 5462 5596 5597
f 5599 5600 5598
f 5598 5600 5514
f 5602 5603 5601
f 5601 5603 5604
f 5524 5543 5525
f 5525 5543 5546
f 5543 5524 5606
f 5606 5524 5605
f 5607 5608 5500
f 5500 5608 5501
f 5610 5551 5609
f 5609 5551 5522
f 5611 5510 5598
f 5598 5510 5509
f 5612 5597 5457
f 5457 5597 5458
f 5510 5611 5538
f 5538 5611 5613
f 5580 5508 5581
f 5581 5508 5507
f 5615 5616 5614
f 5614 5616 5617
f 5619 5620 5618
f 5618 5620 5621
f 5623 5624 5622
f 5622 5624 5625
f 5627 5624 5626
f 5626 5624 5623
f 5629 5630 5628
f 5628 5630 5631
f 5633 5634 5632
f 5632 5634 5466
f 5635 5636 5463
f 5463 5636 5637
f 5523 5638 5524
f 5524 5638 5605
f 5639 5640 5641
f 5641 5640 5595
f 5611 5513 5613
f 5613 5513 5642
f 5643 5586 5608
f 5608 5586 5501
f 5622 5625 5590
f 5590 5625 5591
f 5598 5514 5611
f 5611 5514 5513
f 5645 5646 5644
f 5644 5646 5647
f 5620 5619 5491
f 5491 5619 5648
f 5649 5643 5492
f 5492 5643 5608
f 5650 5651 5653
f 5653 5651 5652
f 5463 5466 5635
f 5635 5466 5634
f 5597 5612 5462
f 5462 5612 5459
f 5635 5634 5523
f 5523 5634 5638
f 5654 5638 5633
f 5633 5638 5634
f 5655 5656 5525
f 5525 5656 5526
f 5658 5659 5657
f 5657 5659 5527
f 5660 5464 5637
f 5637 5464 5463
f 5632 5466 5661
f 5661 5466 5465
f 5661 5662 5632
f 5632 5662 5658
f 5662 5663 5658
f 5658 5663 5659
f 5665 5659 5664
f 5664 5659 5663
f 5632 5658 5633
f 5633 5658 5657
f 5666 5629 5530
f 5530 5629 5667
f 5528 5527 5665
f 5665 5527 5659
f 5668 5669 5570
f 5570 5669 5568
f 5669 5668 5670
f 5670 5668 5671
f 5646 5672 5673
f 5672 5674 5673
f 5673 5674 5675
f 5674 5460 5675
f 5675 5460 5459
f 5461 5676 5462
f 5462 5676 5595
f 5677 5678 5680
f 5680 5678 5679
f 5628 5681 5629
f 5629 5681 5667
f 5682 5529 5667
f 5667 5529 5530
f 5675 5459 5683
f 5683 5459 5612
f 5585 5666 5502
f 5502 5666 5530
f 5589 5684 5602
f 5602 5684 5603
f 5646 5645 5663
f 5663 5645 5664
f 5685 5647 5673
f 5673 5647 5646
f 5686 5687 5683
f 5683 5687 5685
f 5688 5689 5533
f 5533 5689 5531
f 5690 5691 5535
f 5535 5691 5534
f 5692 5690 5574
f 5574 5690 5535
f 5685 5687 5689
f 5689 5687 5693
f 5489 5694 5490
f 5490 5694 5695
f 5690 5692 5696
f 5696 5692 5697
f 5696 5644 5690
f 5690 5644 5691
f 5447 5450 5558
f 5558 5450 5698
f 5699 5700 5642
f 5642 5700 5613
f 5701 5702 5540
f 5540 5702 5541
f 5431 5703 5432
f 5432 5703 5697
f 5385 5384 5574
f 5574 5384 5692
f 5389 5387 5573
f 5573 5387 5571
f 5565 5390 5573
f 5573 5390 5389
f 5390 5565 5704
f 5704 5565 5564
f 5566 5705 5564
f 5564 5705 5704
f 5569 5441 5609
f 5609 5441 5398
f 5568 5405 5569
f 5569 5405 5441
f 5670 5706 5669
f 5669 5706 5406
f 5703 5431 5670
f 5670 5431 5706
f 5432 5697 5384
f 5384 5697 5692
f 5574 5571 5385
f 5385 5571 5387
f 5607 5707 5489
f 5489 5707 5694
f 5518 5708 5519
f 5519 5708 5709
f 5711 5576 5710
f 5710 5576 5575
f 5713 5714 5712
f 5712 5714 5715
f 5553 5552 5478
f 5478 5552 5716
f 5717 5475 5716
f 5716 5475 5478
f 5718 5719 5605
f 5605 5719 5606
f 5505 5622 5584
f 5584 5622 5590
f 5508 5623 5505
f 5505 5623 5622
f 5626 5623 5580
f 5580 5623 5508
f 5580 5579 5626
f 5626 5579 5720
f 5579 5721 5720
f 5720 5721 5722
f 5666 5585 5723
f 5723 5585 5588
f 5724 5725 5639
f 5639 5725 5640
f 5554 5726 5555
f 5555 5726 5727
f 5453 5728 5729
f 5689 5688 5685
f 5685 5688 5647
f 5604 5730 5512
f 5512 5730 5509
f 5628 5631 5618
f 5618 5631 5592
f 5601 5604 5536
f 5536 5604 5512
f 5732 5676 5731
f 5731 5676 5660
f 5730 5604 5733
f 5733 5604 5603
f 5563 5487 5551
f 5551 5487 5550
f 5489 5492 5607
f 5607 5492 5608
f 5573 5572 5565
f 5565 5572 5561
f 5609 5522 5569
f 5569 5522 5521
f 5499 5734 5500
f 5500 5734 5735
f 5596 5736 5721
f 5721 5736 5722
f 5737 5600 5594
f 5594 5600 5520
f 5599 5730 5517
f 5517 5730 5733
f 5660 5738 5731
f 5731 5738 5739
f 5648 5649 5491
f 5491 5649 5492
f 5501 5586 5502
f 5502 5586 5585
f 5525 5546 5655
f 5655 5546 5740
f 5600 5599 5520
f 5520 5599 5517
f 5708 5739 5709
f 5709 5739 5738
f 5636 5635 5526
f 5526 5635 5523
f 5670 5671 5703
f 5703 5671 5741
f 5490 5695 5742
f 5742 5695 5743
f 5682 5678 5744
f 5744 5678 5677
f 5678 5681 5679
f 5679 5681 5621
f 5742 5743 5679
f 5679 5743 5680
f 5618 5621 5628
f 5628 5621 5681
f 5725 5724 5589
f 5589 5724 5684
f 5456 5458 5579
f 5579 5458 5721
f 5675 5683 5673
f 5673 5683 5685
f 5529 5682 5745
f 5745 5682 5744
f 5721 5458 5596
f 5596 5458 5597
f 5701 5540 5719
f 5719 5540 5606
f 5703 5741 5697
f 5697 5741 5696
f 5500 5735 5607
f 5607 5735 5707
f 5549 5746 5493
f 5493 5746 5497
f 5700 5747 5613
f 5613 5747 5538
f 5420 5421 5434
f 5434 5421 5400
f 5689 5693 5531
f 5531 5693 5532
f 5705 5566 5748
f 5748 5566 5567
f 5609 5398 5610
f 5610 5398 5397
f 5669 5406 5568
f 5568 5406 5405
f 5488 5583 5549
f 5549 5583 5746
f 5714 5713 5710
f 5710 5713 5711
f 5747 5468 5538
f 5538 5468 5467
f 5548 5547 5749
f 5749 5547 5750
f 5733 5603 5751
f 5751 5603 5684
f 5589 5602 5590
f 5590 5602 5584
f 5636 5752 5614
f 5614 5752 5615
f 5753 5754 5738
f 5738 5754 5755
f 5602 5601 5584
f 5584 5601 5536
f 5723 5736 5630
f 5630 5736 5640
f 5595 5640 5596
f 5596 5640 5736
f 5734 5499 5745
f 5745 5499 5529
f 5627 5587 5643
f 5643 5587 5586
f 5553 5559 5554
f 5554 5559 5480
f 5559 5561 5480
f 5480 5561 5572
f 5554 5480 5726
f 5726 5480 5479
f 5749 5750 5715
f 5715 5750 5712
f 5683 5612 5686
f 5686 5612 5457
f 5678 5682 5681
f 5681 5682 5667
f 5598 5509 5599
f 5599 5509 5730
f 5679 5621 5742
f 5742 5621 5620
f 5652 5616 5653
f 5653 5616 5615
f 5220 5426 5052
f 5052 5426 5437
f 5487 5488 5550
f 5550 5488 5549
f 5742 5620 5490
f 5490 5620 5491
f 5551 5610 5563
f 5563 5610 5567
f 5610 5397 5567
f 5567 5397 5748
f 5614 5617 5753
f 5753 5617 5754
f 5480 5572 5481
f 5755 5756 5738
f 5738 5756 5709
f 5745 5744 5758
f 5758 5744 5757
f 5745 5758 5734
f 5734 5758 5759
f 5735 5734 5760
f 5760 5734 5759
f 5707 5735 5761
f 5761 5735 5760
f 5744 5677 5757
f 5757 5677 5762
f 5677 5680 5762
f 5762 5680 5763
f 5763 5680 5764
f 5764 5680 5743
f 5765 5766 5762
f 5762 5766 5757
f 5768 5769 5767
f 5767 5769 5770
f 5771 5772 5770
f 5770 5772 5767
f 5770 5769 5774
f 5774 5769 5773
f 5775 5776 5774
f 5774 5776 5777
f 5773 5778 5774
f 5774 5778 5775
f 5779 5766 5773
f 5773 5766 5778
f 5777 5771 5774
f 5774 5771 5770
f 5780 5781 5783
f 5783 5781 5782
f 5781 5780 5771
f 5771 5780 5772
f 5773 5769 5779
f 5779 5769 5768
f 5768 5759 5779
f 5779 5759 5758
f 5768 5784 5759
f 5759 5784 5760
f 5767 5785 5768
f 5768 5785 5784
f 5785 5767 5786
f 5786 5767 5772
f 5766 5779 5757
f 5757 5779 5758
f 5780 5787 5772
f 5772 5787 5786
f 5785 5786 5788
f 5788 5786 5789
f 5786 5787 5789
f 5789 5787 5790
f 5788 5789 5791
f 5791 5789 5792
f 5791 5793 5788
f 5788 5793 5794
f 5795 5792 5790
f 5790 5792 5789
f 5785 5788 5784
f 5784 5788 5794
f 5784 5794 5760
f 5760 5794 5761
f 5787 5780 5796
f 5796 5780 5783
f 5775 5778 5797
f 5797 5778 5766
f 5797 5798 5775
f 5775 5798 5776
f 5766 5765 5797
f 5797 5765 5799
f 5798 5797 5800
f 5800 5797 5799
f 5798 5801 5776
f 5776 5801 5802
f 5707 5761 5694
f 5694 5761 5803
f 5695 5804 5743
f 5743 5804 5764
f 5804 5695 5803
f 5803 5695 5694
f 5803 5793 5804
f 5804 5793 5805
f 5793 5791 5805
f 5805 5791 5806
f 5804 5805 5764
f 5764 5805 5807
f 5803 5761 5793
f 5793 5761 5794
f 5808 5763 5807
f 5807 5763 5764
f 5808 5765 5763
f 5763 5765 5762
f 5809 5799 5808
f 5808 5799 5765
f 5809 5808 5810
f 5810 5808 5807
f 5811 5809 5812
f 5812 5809 5810
f 5805 5806 5807
f 5807 5806 5810
f 5806 5813 5810
f 5810 5813 5812
f 5799 5809 5800
f 5800 5809 5811
f 5815 5800 5814
f 5814 5800 5811
f 5814 5817 5816
f 5816 5817 5818
f 5814 5811 5817
f 5817 5811 5812
f 5814 5816 5815
f 5815 5816 5796
f 5815 5796 5801
f 5801 5796 5783
f 5801 5798 5815
f 5815 5798 5800
f 5791 5792 5806
f 5806 5792 5813
f 5818 5813 5795
f 5795 5813 5792
f 5818 5817 5813
f 5813 5817 5812
f 5816 5818 5790
f 5790 5818 5795
f 5790 5787 5816
f 5816 5787 5796
f 5771 5777 5781
f 5781 5777 5782
f 5782 5802 5783
f 5783 5802 5801
f 5782 5777 5802
f 5802 5777 5776
f 5588 5587 5722
f 5722 5587 5720
f 5591 5619 5592
f 5592 5619 5618
f 5625 5624 5648
f 5648 5624 5649
f 5624 5627 5649
f 5649 5627 5643
f 5631 5630 5725
f 5725 5630 5640
f 5625 5648 5591
f 5591 5648 5619
f 5588 5722 5723
f 5723 5722 5736
f 5631 5725 5592
f 5592 5725 5589
f 5723 5630 5666
f 5666 5630 5629
f 5587 5627 5720
f 5720 5627 5626
f 5820 5821 5819
f 5819 5821 5822
f 5824 5825 5823
f 5823 5825 5826
f 5823 5826 5827
f 5827 5826 5828
f 5829 5830 5832
f 5832 5830 5831
f 5518 5833 5708
f 5708 5833 5834
f 5835 5836 5824
f 5824 5836 5825
f 5838 5839 5837
f 5837 5839 5840
f 5751 5684 5842
f 5842 5684 5841
f 5843 5841 5724
f 5724 5841 5684
f 5845 5846 5844
f 5844 5846 5847
f 5848 5830 5836
f 5836 5830 5825
f 5518 5751 5833
f 5833 5751 5842
f 5839 5838 5821
f 5821 5838 5849
f 5850 5848 5822
f 5822 5848 5836
f 5851 5845 5828
f 5828 5845 5852
f 5854 5855 5853
f 5853 5855 5856
f 5845 5844 5852
f 5852 5844 5857
f 5858 5827 5852
f 5852 5827 5828
f 5851 5828 5829
f 5829 5828 5826
f 5819 5859 5820
f 5820 5859 5860
f 5835 5861 5819
f 5819 5861 5859
f 5851 5829 5862
f 5862 5829 5832
f 5844 5847 5837
f 5837 5847 5834
f 5819 5822 5835
f 5835 5822 5836
f 5823 5863 5824
f 5824 5863 5864
f 5849 5850 5821
f 5821 5850 5822
f 5825 5830 5826
f 5826 5830 5829
f 5820 5860 5865
f 5865 5860 5866
f 5858 5854 5867
f 5867 5854 5853
f 5854 5857 5855
f 5855 5857 5840
f 5855 5865 5856
f 5856 5865 5866
f 5837 5840 5844
f 5844 5840 5857
f 5827 5858 5868
f 5868 5858 5867
f 5824 5864 5835
f 5835 5864 5861
f 5732 5731 5862
f 5862 5731 5846
f 5863 5823 5868
f 5868 5823 5827
f 5843 5831 5848
f 5848 5831 5830
f 5854 5858 5857
f 5857 5858 5852
f 5855 5840 5865
f 5865 5840 5839
f 5865 5839 5820
f 5820 5839 5821
f 5868 5867 5870
f 5870 5867 5869
f 5868 5870 5863
f 5863 5870 5871
f 5863 5871 5864
f 5864 5871 5872
f 5864 5872 5861
f 5861 5872 5873
f 5867 5853 5869
f 5869 5853 5874
f 5853 5856 5874
f 5874 5856 5875
f 5856 5866 5875
f 5875 5866 5876
f 5877 5878 5874
f 5874 5878 5869
f 5880 5881 5879
f 5879 5881 5882
f 5883 5884 5880
f 5880 5884 5881
f 5881 5884 5886
f 5886 5884 5885
f 5887 5888 5886
f 5886 5888 5889
f 5885 5890 5886
f 5886 5890 5887
f 5889 5882 5886
f 5886 5882 5881
f 5882 5891 5879
f 5879 5891 5892
f 5885 5884 5893
f 5893 5884 5883
f 5883 5871 5893
f 5893 5871 5870
f 5883 5894 5871
f 5871 5894 5872
f 5880 5895 5883
f 5883 5895 5894
f 5896 5895 5879
f 5879 5895 5880
f 5893 5878 5885
f 5885 5878 5890
f 5878 5893 5869
f 5869 5893 5870
f 5897 5896 5892
f 5892 5896 5879
f 5895 5896 5898
f 5898 5896 5899
f 5896 5897 5899
f 5899 5897 5900
f 5898 5899 5901
f 5901 5899 5902
f 5901 5903 5898
f 5898 5903 5904
f 5900 5905 5899
f 5899 5905 5902
f 5898 5904 5895
f 5895 5904 5894
f 5894 5904 5872
f 5872 5904 5873
f 5897 5892 5907
f 5907 5892 5906
f 5892 5891 5906
f 5906 5891 5908
f 5887 5890 5909
f 5909 5890 5878
f 5888 5887 5910
f 5910 5887 5909
f 5878 5877 5909
f 5909 5877 5911
f 5909 5911 5910
f 5910 5911 5912
f 5913 5914 5910
f 5910 5914 5888
f 5908 5914 5906
f 5906 5914 5913
f 5861 5873 5859
f 5859 5873 5915
f 5860 5916 5866
f 5866 5916 5876
f 5916 5860 5915
f 5915 5860 5859
f 5915 5903 5916
f 5916 5903 5917
f 5903 5901 5917
f 5917 5901 5918
f 5916 5917 5876
f 5876 5917 5919
f 5903 5915 5904
f 5904 5915 5873
f 5920 5875 5919
f 5919 5875 5876
f 5920 5877 5875
f 5875 5877 5874
f 5920 5921 5877
f 5877 5921 5911
f 5921 5920 5922
f 5922 5920 5919
f 5923 5921 5924
f 5924 5921 5922
f 5917 5918 5919
f 5919 5918 5922
f 5918 5925 5922
f 5922 5925 5924
f 5921 5923 5911
f 5911 5923 5912
f 5927 5912 5926
f 5926 5912 5923
f 5926 5929 5928
f 5928 5929 5930
f 5926 5923 5929
f 5929 5923 5924
f 5926 5928 5927
f 5927 5928 5907
f 5927 5907 5913
f 5913 5907 5906
f 5913 5910 5927
f 5927 5910 5912
f 5901 5902 5918
f 5918 5902 5925
f 5930 5925 5905
f 5905 5925 5902
f 5930 5929 5925
f 5925 5929 5924
f 5928 5930 5900
f 5900 5930 5905
f 5900 5897 5928
f 5928 5897 5907
f 5882 5889 5891
f 5891 5889 5908
f 5908 5889 5914
f 5914 5889 5888
f 5832 5831 5641
f 5641 5831 5639
f 5833 5838 5834
f 5834 5838 5837
f 5842 5841 5849
f 5849 5841 5850
f 5841 5843 5850
f 5850 5843 5848
f 5847 5846 5739
f 5739 5846 5731
f 5842 5849 5833
f 5833 5849 5838
f 5862 5832 5732
f 5732 5832 5641
f 5847 5739 5834
f 5834 5739 5708
f 5862 5846 5851
f 5851 5846 5845
f 5831 5843 5639
f 5639 5843 5724
f 5676 5732 5595
f 5595 5732 5641
f 5676 5461 5660
f 5660 5461 5464
f 5461 5460 5464
f 5464 5460 5465
f 5460 5674 5465
f 5465 5674 5661
f 5931 5932 5934
f 5934 5932 5933
f 5936 5937 5935
f 5935 5937 5938
f 5935 5938 5939
f 5939 5938 5940
f 5942 5943 5941
f 5941 5943 5944
f 5945 5946 5936
f 5936 5946 5937
f 5948 5949 5947
f 5947 5949 5950
f 5951 5952 5519
f 5519 5952 5593
f 5953 5951 5709
f 5709 5951 5519
f 5955 5956 5954
f 5954 5956 5957
f 5958 5942 5946
f 5946 5942 5937
f 5948 5959 5949
f 5949 5959 5933
f 5960 5958 5934
f 5934 5958 5946
f 5961 5955 5940
f 5940 5955 5962
f 5963 5964 5966
f 5966 5964 5965
f 5955 5954 5962
f 5962 5954 5967
f 5968 5939 5962
f 5962 5939 5940
f 5961 5940 5941
f 5941 5940 5938
f 5931 5969 5932
f 5932 5969 5970
f 5945 5971 5931
f 5931 5971 5969
f 5941 5944 5961
f 5961 5944 5972
f 5954 5957 5947
f 5947 5957 5973
f 5945 5931 5946
f 5946 5931 5934
f 5935 5974 5936
f 5936 5974 5975
f 5959 5960 5933
f 5933 5960 5934
f 5937 5942 5938
f 5938 5942 5941
f 5932 5970 5976
f 5976 5970 5977
f 5968 5964 5978
f 5978 5964 5963
f 5965 5964 5950
f 5950 5964 5967
f 5976 5977 5965
f 5965 5977 5966
f 5947 5950 5954
f 5954 5950 5967
f 5939 5968 5979
f 5979 5968 5978
f 5936 5975 5945
f 5945 5975 5971
f 5972 5754 5956
f 5956 5754 5617
f 5974 5935 5979
f 5979 5935 5939
f 5953 5943 5958
f 5958 5943 5942
f 5964 5968 5967
f 5967 5968 5962
f 5965 5950 5976
f 5976 5950 5949
f 5976 5949 5932
f 5932 5949 5933
f 5979 5978 5981
f 5981 5978 5980
f 5979 5981 5974
f 5974 5981 5982
f 5974 5982 5975
f 5975 5982 5983
f 5975 5983 5971
f 5971 5983 5984
f 5978 5963 5980
f 5980 5963 5985
f 5963 5966 5985
f 5985 5966 5986
f 5986 5966 5987
f 5987 5966 5977
f 5988 5989 5985
f 5985 5989 5980
f 5991 5992 5990
f 5990 5992 5993
f 5994 5995 5991
f 5991 5995 5992
f 5992 5995 5997
f 5997 5995 5996
f 5998 5999 5997
f 5997 5999 6000
f 5996 6001 5997
f 5997 6001 5998
f 6000 5993 5997
f 5997 5993 5992
f 6002 6003 5993
f 5993 6003 5990
f 5995 5994 5996
f 5996 5994 6004
f 5994 5982 6004
f 6004 5982 5981
f 5994 6005 5982
f 5982 6005 5983
f 5991 6006 5994
f 5994 6006 6005
f 6006 5991 6007
f 6007 5991 5990
f 5996 6004 6001
f 6001 6004 5989
f 5989 6004 5980
f 5980 6004 5981
f 6003 6008 5990
f 5990 6008 6007
f 6009 6006 6010
f 6010 6006 6007
f 6008 6011 6007
f 6007 6011 6010
f 6012 6009 6013
f 6013 6009 6010
f 6009 6012 6015
f 6015 6012 6014
f 6011 6016 6010
f 6010 6016 6013
f 6006 6009 6005
f 6005 6009 6015
f 6005 6015 5983
f 5983 6015 5984
f 6008 6003 6018
f 6018 6003 6017
f 6003 6002 6017
f 6017 6002 6019
f 5998 6001 6020
f 6020 6001 5989
f 5999 5998 6021
f 6021 5998 6020
f 5989 5988 6020
f 6020 5988 6022
f 6021 6020 6023
f 6023 6020 6022
f 6021 6024 5999
f 5999 6024 6025
f 6019 6025 6017
f 6017 6025 6024
f 5971 5984 5969
f 5969 5984 6026
f 5970 6027 5977
f 5977 6027 5987
f 6027 5970 6026
f 6026 5970 5969
f 6026 6014 6027
f 6027 6014 6028
f 6014 6012 6028
f 6028 6012 6029
f 6027 6028 5987
f 5987 6028 6030
f 6026 5984 6014
f 6014 5984 6015
f 6031 5986 6030
f 6030 5986 5987
f 6031 5988 5986
f 5986 5988 5985
f 6032 6022 6031
f 6031 6022 5988
f 6032 6031 6033
f 6033 6031 6030
f 6034 6032 6035
f 6035 6032 6033
f 6028 6029 6030
f 6030 6029 6033
f 6029 6036 6033
f 6033 6036 6035
f 6032 6034 6022
f 6022 6034 6023
f 6038 6023 6037
f 6037 6023 6034
f 6037 6040 6039
f 6039 6040 6041
f 6037 6034 6040
f 6040 6034 6035
f 6037 6039 6038
f 6038 6039 6018
f 6038 6018 6024
f 6024 6018 6017
f 6024 6021 6038
f 6038 6021 6023
f 6012 6013 6029
f 6029 6013 6036
f 6041 6036 6016
f 6016 6036 6013
f 6041 6040 6036
f 6036 6040 6035
f 6041 6016 6039
f 6039 6016 6011
f 6011 6008 6039
f 6039 6008 6018
f 5993 6000 6002
f 6002 6000 6019
f 6019 6000 6025
f 6025 6000 5999
f 5943 5756 5944
f 5944 5756 5755
f 6042 5948 5973
f 5973 5948 5947
f 5952 5951 5959
f 5959 5951 5960
f 5951 5953 5960
f 5960 5953 5958
f 5616 5957 5617
f 5617 5957 5956
f 6042 5952 5948
f 5948 5952 5959
f 5944 5755 5972
f 5972 5755 5754
f 5957 5616 5973
f 5973 5616 5652
f 5956 5955 5972
f 5972 5955 5961
f 5943 5953 5756
f 5756 5953 5709
f 6044 6045 6043
f 6043 6045 6046
f 6048 6049 6047
f 6047 6049 6050
f 6047 6050 6051
f 6051 6050 6052
f 6054 6055 6053
f 6053 6055 6056
f 6057 6058 6060
f 6060 6058 6059
f 6061 6062 6048
f 6048 6062 6049
f 6063 6064 6066
f 6066 6064 6065
f 6067 6068 6070
f 6070 6068 6069
f 6071 6069 5653
f 5653 6069 6068
f 6072 6073 6075
f 6075 6073 6074
f 6062 6076 6049
f 6049 6076 6054
f 6058 6067 6059
f 6059 6067 6070
f 6064 6077 6065
f 6065 6077 6045
f 6078 6076 6046
f 6046 6076 6062
f 6073 6080 6079
f 6079 6080 6052
f 6082 6083 6081
f 6081 6083 6084
f 6072 6085 6073
f 6073 6085 6080
f 6086 6051 6080
f 6080 6051 6052
f 6079 6052 6053
f 6053 6052 6050
f 6043 6087 6044
f 6044 6087 6088
f 6061 6089 6043
f 6043 6089 6087
f 6053 6056 6079
f 6079 6056 6090
f 6063 6072 6060
f 6060 6072 6075
f 6043 6046 6061
f 6061 6046 6062
f 6047 6091 6048
f 6048 6091 6092
f 6077 6078 6045
f 6045 6078 6046
f 6049 6054 6050
f 6050 6054 6053
f 6044 6088 6093
f 6093 6088 6094
f 6086 6082 6095
f 6095 6082 6081
f 6083 6082 6066
f 6066 6082 6085
f 6093 6094 6083
f 6083 6094 6084
f 6072 6063 6085
f 6085 6063 6066
f 6051 6086 6096
f 6096 6086 6095
f 6048 6092 6061
f 6061 6092 6089
f 5656 5655 6090
f 6090 5655 6074
f 6091 6047 6096
f 6096 6047 6051
f 6071 6055 6076
f 6076 6055 6054
f 6082 6086 6085
f 6085 6086 6080
f 6093 6083 6065
f 6065 6083 6066
f 6044 6093 6045
f 6045 6093 6065
f 6096 6095 6098
f 6098 6095 6097
f 6096 6098 6091
f 6091 6098 6099
f 6091 6099 6092
f 6092 6099 6100
f 6092 6100 6089
f 6089 6100 6101
f 6095 6081 6097
f 6097 6081 6102
f 6081 6084 6102
f 6102 6084 6103
f 6103 6084 6104
f 6104 6084 6094
f 6106 6097 6105
f 6105 6097 6102
f 6107 6108 6110
f 6110 6108 6109
f 6111 6112 6108
f 6108 6112 6109
f 6109 6112 6114
f 6114 6112 6113
f 6114 6115 6117
f 6117 6115 6116
f 6113 6118 6114
f 6114 6118 6115
f 6117 6110 6114
f 6114 6110 6109
f 6110 6119 6107
f 6107 6119 6120
f 6112 6111 6113
f 6113 6111 6121
f 6111 6099 6121
f 6121 6099 6098
f 6111 6122 6099
f 6099 6122 6100
f 6123 6122 6108
f 6108 6122 6111
f 6124 6123 6107
f 6107 6123 6108
f 6113 6121 6118
f 6118 6121 6106
f 6106 6121 6097
f 6097 6121 6098
f 6125 6124 6120
f 6120 6124 6107
f 6126 6123 6127
f 6127 6123 6124
f 6125 6128 6124
f 6124 6128 6127
f 6129 6126 6130
f 6130 6126 6127
f 6126 6129 6132
f 6132 6129 6131
f 6128 6133 6127
f 6127 6133 6130
f 6123 6126 6122
f 6122 6126 6132
f 6122 6132 6100
f 6100 6132 6101
f 6120 6134 6125
f 6125 6134 6135
f 6120 6119 6134
f 6134 6119 6136
f 6115 6118 6137
f 6137 6118 6106
f 6115 6137 6116
f 6116 6137 6138
f 6137 6106 6139
f 6139 6106 6105
f 6138 6137 6140
f 6140 6137 6139
f 6141 6142 6138
f 6138 6142 6116
f 6136 6142 6134
f 6134 6142 6141
f 6089 6101 6087
f 6087 6101 6143
f 6088 6144 6094
f 6094 6144 6104
f 6143 6144 6087
f 6087 6144 6088
f 6131 6145 6143
f 6143 6145 6144
f 6129 6146 6131
f 6131 6146 6145
f 6144 6145 6104
f 6104 6145 6147
f 6143 6101 6131
f 6131 6101 6132
f 6148 6103 6147
f 6147 6103 6104
f 6103 6148 6102
f 6102 6148 6105
f 6148 6149 6105
f 6105 6149 6139
f 6149 6148 6150
f 6150 6148 6147
f 6151 6149 6152
f 6152 6149 6150
f 6145 6146 6147
f 6147 6146 6150
f 6146 6153 6150
f 6150 6153 6152
f 6149 6151 6139
f 6139 6151 6140
f 6155 6140 6154
f 6154 6140 6151
f 6154 6157 6156
f 6156 6157 6158
f 6154 6151 6157
f 6157 6151 6152
f 6154 6156 6155
f 6155 6156 6135
f 6155 6135 6141
f 6141 6135 6134
f 6141 6138 6155
f 6155 6138 6140
f 6146 6129 6153
f 6153 6129 6130
f 6158 6153 6133
f 6133 6153 6130
f 6158 6157 6153
f 6153 6157 6152
f 6156 6158 6128
f 6128 6158 6133
f 6128 6125 6156
f 6156 6125 6135
f 6110 6117 6119
f 6119 6117 6136
f 6136 6117 6142
f 6142 6117 6116
f 6055 5615 6056
f 6056 5615 5752
f 6060 6059 6063
f 6063 6059 6064
f 6077 6070 6078
f 6078 6070 6069
f 6069 6071 6078
f 6078 6071 6076
f 6159 6057 6075
f 6075 6057 6060
f 6059 6070 6064
f 6064 6070 6077
f 6056 5752 6090
f 6090 5752 5656
f 6090 6074 6079
f 6079 6074 6073
f 6055 6071 5615
f 5615 6071 5653
f 5547 5471 6160
f 6160 5471 6161
f 5729 5577 6163
f 6163 5577 6162
f 5577 5576 6162
f 6162 5576 6164
f 5713 6165 5711
f 5711 6165 6166
f 5474 5729 6167
f 6167 5729 6163
f 5750 5547 6168
f 6168 5547 6160
f 5471 5474 6161
f 6161 5474 6167
f 6169 5712 6168
f 6168 5712 5750
f 5711 6166 5576
f 5576 6166 6164
f 6165 5713 6169
f 6169 5713 5712
f 6168 6170 6169
f 6169 6170 6171
f 6169 6171 6165
f 6165 6171 6172
f 6165 6172 6166
f 6166 6172 6173
f 6166 6173 6164
f 6164 6173 6174
f 6168 6160 6170
f 6170 6160 6175
f 6160 6161 6175
f 6175 6161 6176
f 6161 6167 6176
f 6176 6167 6177
f 6179 6170 6178
f 6178 6170 6175
f 6181 6182 6180
f 6180 6182 6183
f 6184 6185 6181
f 6181 6185 6182
f 6186 6187 6185
f 6185 6187 6182
f 6186 6188 6187
f 6187 6188 6189
f 6190 6183 6187
f 6187 6183 6182
f 6183 6190 6191
f 6191 6190 6192
f 6191 6193 6183
f 6183 6193 6180
f 6186 6185 6194
f 6194 6185 6184
f 6184 6172 6194
f 6194 6172 6171
f 6184 6195 6172
f 6172 6195 6173
f 6181 6196 6184
f 6184 6196 6195
f 6196 6181 6197
f 6197 6181 6180
f 6186 6194 6188
f 6188 6194 6179
f 6179 6194 6170
f 6170 6194 6171
f 6193 6198 6180
f 6180 6198 6197
f 6199 6196 6200
f 6200 6196 6197
f 6198 6201 6197
f 6197 6201 6200
f 6202 6199 6203
f 6203 6199 6200
f 6199 6202 6205
f 6205 6202 6204
f 6201 6206 6200
f 6200 6206 6203
f 6196 6199 6195
f 6195 6199 6205
f 6195 6205 6173
f 6173 6205 6174
f 6198 6193 6208
f 6208 6193 6207
f 6193 6191 6207
f 6207 6191 6192
f 6189 6188 6209
f 6209 6188 6179
f 6210 6189 6211
f 6211 6189 6209
f 6209 6179 6212
f 6212 6179 6178
f 6211 6209 6213
f 6213 6209 6212
f 6211 6214 6210
f 6210 6214 6215
f 6192 6215 6207
f 6207 6215 6214
f 6190 6187 6210
f 6210 6187 6189
f 6192 6190 6215
f 6215 6190 6210
f 6162 6164 6216
f 6216 6164 6174
f 6167 6163 6177
f 6177 6163 6217
f 6216 6217 6162
f 6162 6217 6163
f 6204 6218 6216
f 6216 6218 6217
f 6202 6219 6204
f 6204 6219 6218
f 6217 6218 6177
f 6177 6218 6220
f 6216 6174 6204
f 6204 6174 6205
f 6221 6176 6220
f 6220 6176 6177
f 6176 6221 6175
f 6175 6221 6178
f 6221 6222 6178
f 6178 6222 6212
f 6222 6221 6223
f 6223 6221 6220
f 6224 6222 6225
f 6225 6222 6223
f 6218 6219 6220
f 6220 6219 6223
f 6219 6226 6223
f 6223 6226 6225
f 6222 6224 6212
f 6212 6224 6213
f 6228 6213 6227
f 6227 6213 6224
f 6229 6227 6231
f 6231 6227 6230
f 6227 6224 6230
f 6230 6224 6225
f 6227 6229 6228
f 6228 6229 6208
f 6228 6208 6214
f 6214 6208 6207
f 6214 6211 6228
f 6228 6211 6213
f 6219 6202 6226
f 6226 6202 6203
f 6231 6226 6206
f 6206 6226 6203
f 6231 6230 6226
f 6226 6230 6225
f 6229 6231 6201
f 6201 6231 6206
f 6201 6198 6229
f 6229 6198 6208
f 5674 5672 5661
f 5661 5672 5662
f 5662 5672 5663
f 5663 5672 5646
f 5651 6042 5652
f 5652 6042 5973
f 5518 5517 5751
f 5751 5517 5733
f 5738 5660 5753
f 5753 5660 5637
f 5752 5636 5656
f 5656 5636 5526
f 5952 6042 5593
f 5593 6042 5651
f 5593 5651 5594
f 5594 5651 5650
f 5600 5737 5514
f 5514 5737 5515
f 5546 5545 5740
f 5740 5545 6232
f 6232 6058 5740
f 5740 6058 6057
f 6067 6058 6233
f 6233 6058 6232
f 6233 6232 6234
f 6234 6232 5545
f 6234 5545 6235
f 6235 5545 5544
f 5606 6236 5543
f 5543 6236 5544
f 6235 5544 5539
f 5539 5544 6236
f 6237 6235 5542
f 5542 6235 5539
f 6235 6237 6234
f 6234 6237 6238
f 6234 6238 6233
f 6233 6238 6239
f 5653 6068 5650
f 5650 6068 6239
f 5642 5513 6240
f 6240 5513 5516
f 5539 6236 5540
f 5540 6236 5606
f 5636 5614 5637
f 5637 5614 5753
f 6239 5737 5650
f 5650 5737 5594
f 6239 6068 6233
f 6233 6068 6067
f 6075 6074 6159
f 6159 6074 5655
f 6057 6159 5740
f 5740 6159 5655
f 5515 5737 6238
f 6238 5737 6239
f 6238 6237 5515
f 5515 6237 5516
f 5542 6240 6237
f 6237 6240 5516
f 6240 5542 5642
f 5642 5542 5541
f 5702 5699 5541
f 5541 5699 5642
f 5582 5475 5717
f 5470 5443 5537
f 5537 5443 5504
f 5469 5444 5470
f 5470 5444 5443
f 5726 5557 5727
f 5727 5557 5556
f 5537 5504 5511
f 5511 5504 5506
f 5504 5503 5506
f 5506 5503 5507
f 5503 5455 5507
f 5507 5455 5581
f 5455 5454 5581
f 5581 5454 5456
f 5473 5453 5474
f 5474 5453 5729
f 5457 5454 5473
f 5473 5454 5453
f 5473 5472 5457
f 5457 5472 5686
f 5472 5548 5686
f 5686 5548 5687
f 5749 5693 5548
f 5548 5693 5687
f 5715 5532 5749
f 5749 5532 5693
f 5714 5486 5715
f 5715 5486 5532
f 5714 5710 5486
f 5486 5710 5449
f 5728 5578 5729
f 5729 5578 5577
f 5452 5445 5698
f 5698 5445 5558
f 5445 5444 5558
f 5558 5444 5556
f 5444 5469 5556
f 5556 5469 5727
f 5469 5468 5727
f 5727 5468 5555
f 5468 5747 5555
f 5555 5747 5552
f 5747 5700 5552
f 5552 5700 5716
f 5700 5699 5716
f 5716 5699 5717
f 5699 5702 5717
f 5717 5702 5582
f 5702 5701 5582
f 5582 5701 5583
f 5726 5479 5557
f 5557 5479 5483
f 5483 5479 5484
f 5484 5479 5482
f 5534 5533 5482
f 5482 5533 5484
f 5691 5688 5534
f 5534 5688 5533
f 5644 5647 5691
f 5691 5647 5688
f 5719 5746 5701
f 5701 5746 5583
f 5718 5497 5719
f 5719 5497 5746
f 5718 5605 5654
f 5654 5605 5638
f 5498 5654 5657
f 5657 5654 5633
f 5497 5718 5498
f 5498 5718 5654
f 5657 5527 5498
f 5498 5527 5494
f 5528 5570 5495
f 5495 5570 5521
f 5665 5668 5528
f 5528 5668 5570
f 5664 5671 5665
f 5665 5671 5668
f 5645 5741 5664
f 5664 5741 5671
f 5644 5696 5645
f 5645 5696 5741
f 5710 5575 5449
f 5449 5575 5450
f 5575 5578 5450
f 5450 5578 5698
f 5578 5728 5698
f 5698 5728 5452
f 5452 5728 5451
f 5451 5728 5453
f 3619 6241 3620
f 3620 6241 6242
f 6243 6244 3628
f 3628 6244 3629
f 6245 6246 3634
f 3634 6246 3631
f 6247 6248 3636
f 3636 6248 3637
f 6249 6250 3642
f 3642 6250 3639
f 3639 6250 3643
f 3643 6250 6251
f 3743 6252 3744
f 3744 6252 6253
f 6246 6243 3631
f 3631 6243 3628
f 3753 6254 3754
f 3754 6254 6255
f 3857 6256 3619
f 3619 6256 6241
f 6257 6245 3932
f 3932 6245 3634
f 6242 6247 3620
f 3620 6247 3636
f 6258 6259 3946
f 3946 6259 3947
f 6260 6249 3948
f 3948 6249 3642
f 6244 6258 3629
f 3629 6258 3946
f 3947 6259 3753
f 3753 6259 6254
f 6248 6260 3637
f 3637 6260 3948
f 3643 6251 3743
f 3743 6251 6252
f 3744 6253 3932
f 3932 6253 6257
f 6250 6249 6251
f 6251 6249 6252
f 6245 6261 6246
f 6246 6261 6262
f 6263 6264 6247
f 6247 6264 6248
f 6252 6265 6253
f 6253 6265 6266
f 6246 6262 6243
f 6243 6262 6267
f 6268 6261 6257
f 6257 6261 6245
f 6269 6263 6242
f 6242 6263 6247
f 6270 6271 6260
f 6260 6271 6249
f 6264 6270 6248
f 6248 6270 6260
f 6253 6266 6257
f 6257 6266 6268
f 6249 6271 6252
f 6252 6271 6265
f 6254 6259 6272
f 6272 6259 6273
f 6266 6265 6270
f 6270 6265 6271
f 6268 6266 6264
f 6264 6266 6270
f 6261 6268 6263
f 6263 6268 6264
f 6269 6262 6263
f 6263 6262 6261
f 4186 4185 6274
f 6274 4185 6275
f 6241 6276 6242
f 6242 6276 6269
f 6258 6244 6277
f 6277 6244 6278
f 6256 6279 6241
f 6241 6279 6276
f 6259 6258 6273
f 6273 6258 6277
f 6243 6267 6244
f 6244 6267 6278
f 6276 6267 6269
f 6269 6267 6262
f 6254 6272 6255
f 6255 6272 6280
f 3865 3713 3888
f 3888 3713 3685
f 5242 5233 3892
f 3892 5233 3711
f 3900 5243 3892
f 3892 5243 5242
f 3734 3866 3900
f 3900 3866 5243
f 4117 6281 4118
f 4118 6281 6282
f 4118 6282 4278
f 4278 6282 4879
f 4717 4887 4718
f 4718 4887 4280
f 4792 4278 4882
f 4882 4278 4879
f 4795 4792 6283
f 6283 4792 4882
f 4852 4851 5012
f 5012 4851 6284
f 4856 5207 4857
f 4857 5207 4858
f 4860 4279 4857
f 4857 4279 4854
f 4718 4280 4860
f 4860 4280 4279
f 4864 4863 4745
f 4745 4863 4742
f 5366 4867 5011
f 5011 4867 4866
f 4871 4884 4872
f 4872 4884 4883
f 4872 4883 4117
f 4117 4883 6281
f 6284 4851 6283
f 6283 4851 4795
f 4852 4866 4853
f 4853 4866 4865
f 4871 4870 4856
f 4856 4870 5207
f 4717 4716 4864
f 4864 4716 4861
f 4868 4867 4862
f 4862 4867 4863
f 4268 4855 4269
f 4269 4855 4854
f 4281 4274 4282
f 4282 4274 4765
f 4744 4743 4907
f 4907 4743 4904
f 4874 4881 4820
f 4820 4881 4880
f 4885 5013 4886
f 4886 5013 4980
f 4888 4275 4281
f 4281 4275 4274
f 4902 6282 4903
f 4903 6282 6281
f 6283 4979 6284
f 6284 4979 4978
f 4282 4765 4269
f 4269 4765 4266
f 4880 4879 4902
f 4902 4879 6282
f 4903 6281 4886
f 4886 6281 4883
f 4882 4881 6283
f 6283 4881 4979
f 5013 4885 4267
f 4267 4885 4268
f 4888 4887 4744
f 4744 4887 4745
f 4410 6285 4411
f 4411 6285 4812
f 4750 4749 6286
f 6286 4749 6287
f 6289 4695 6288
f 6288 4695 4255
f 4750 4675 4751
f 4751 4675 4965
f 6290 6291 4963
f 4963 6291 4960
f 4807 4806 4411
f 4411 4806 4408
f 6292 6293 4959
f 4959 6293 4956
f 4958 6294 4959
f 4959 6294 4955
f 4962 4964 4963
f 4963 4964 4805
f 4962 4961 4751
f 4751 4961 4748
f 6296 6297 6295
f 6295 6297 6298
f 6299 6300 6288
f 6288 6300 4735
f 6302 4961 6301
f 6301 4961 4960
f 6304 6287 6303
f 6303 6287 4749
f 4968 6305 4969
f 4969 6305 6306
f 4413 6308 6307
f 6307 6308 4900
f 6301 4960 6309
f 6309 4960 6291
f 4412 4408 6310
f 6310 4408 4806
f 4696 6311 4256
f 4256 6311 6312
f 6303 4749 6313
f 6313 4749 4748
f 6313 4748 6302
f 6302 4748 4961
f 6315 6316 6314
f 6314 6316 6317
f 4084 6318 6315
f 6315 6318 6316
f 4083 6319 4084
f 4084 6319 6318
f 4112 6320 4083
f 4083 6320 6319
f 6322 4138 6321
f 6321 4138 4137
f 6324 4128 6323
f 6323 4128 4127
f 4127 4193 6323
f 6323 4193 6325
f 4193 4891 6325
f 6325 4891 6326
f 4891 6327 6326
f 6326 6327 6328
f 6327 4824 5227
f 5227 4824 5228
f 5231 4684 6329
f 6329 4684 4683
f 4683 4099 6329
f 6329 4099 6330
f 4099 4102 6330
f 6330 4102 6331
f 4174 4826 4429
f 4429 4826 4829
f 4173 4741 4174
f 4174 4741 4826
f 4180 4738 4173
f 4173 4738 4741
f 6332 6333 4180
f 4180 6333 4738
f 6274 6334 4186
f 4186 6334 4188
f 4181 4825 4180
f 4180 4825 6332
f 5044 5213 5045
f 5045 5213 5165
f 5046 5087 5047
f 5047 5087 5222
f 5077 5063 5078
f 5078 5063 5198
f 5081 5099 5082
f 5082 5099 5194
f 5095 5074 5096
f 5096 5074 5073
f 5373 5170 5096
f 5096 5170 5093
f 5375 5171 5373
f 5373 5171 5170
f 5047 5222 5375
f 5375 5222 5171
f 5046 5038 5376
f 5376 5038 5067
f 5377 5086 5376
f 5376 5086 5085
f 5045 5165 5377
f 5377 5165 5086
f 5378 5214 5044
f 5044 5214 5213
f 5077 5034 5378
f 5378 5034 5214
f 5082 5194 5078
f 5078 5194 5035
f 5081 5080 5379
f 5379 5080 6335
f 5379 6335 5095
f 5095 6335 5074
f 5032 5080 5033
f 5033 5080 5079
f 5040 5017 5041
f 5041 5017 5016
f 5050 5043 5051
f 5051 5043 5042
f 5065 5023 5066
f 5066 5023 5022
f 5050 5049 5065
f 5065 5049 5023
f 5041 5016 5068
f 5068 5016 5020
f 5071 5374 5072
f 5072 5374 5200
f 5075 5156 5076
f 5076 5156 5155
f 5162 5212 5068
f 5068 5212 5067
f 5075 5074 5192
f 5192 5074 6335
f 5066 5022 5199
f 5199 5022 5196
f 5076 5155 5072
f 5072 5155 5069
f 5040 5039 5071
f 5071 5039 5374
f 5162 5161 5051
f 5051 5161 5048
f 5192 6335 5032
f 5032 6335 5080
f 5199 5196 5033
f 5033 5196 5030
f 5018 5211 5019
f 5019 5211 5408
f 5019 5408 5021
f 5021 5408 5163
f 5024 5057 5025
f 5025 5057 5415
f 5028 5048 5029
f 5029 5048 5161
f 5054 5031 5055
f 5055 5031 5030
f 5024 5023 5058
f 5058 5023 5049
f 5061 5070 5062
f 5062 5070 5069
f 5157 5438 5158
f 5158 5438 5442
f 5160 5191 5054
f 5054 5191 5031
f 5029 5161 5021
f 5021 5161 5020
f 5025 5415 5197
f 5197 5415 5220
f 5158 5442 5062
f 5062 5442 5059
f 5018 5017 5061
f 5061 5017 5070
f 5160 5159 5157
f 5157 5159 5438
f 5028 5027 5058
f 5058 5027 5056
f 5055 5030 5197
f 5197 5030 5196
f 5409 5380 5410
f 5410 5380 6336
f 5026 5413 5027
f 5027 5413 5412
f 5396 5417 5393
f 5393 5417 5416
f 5416 5057 5419
f 5419 5057 5056
f 5417 5396 5426
f 5426 5396 5420
f 5427 5423 5428
f 5428 5423 5422
f 5427 5059 5430
f 5430 5059 5442
f 5409 5408 5433
f 5433 5408 5211
f 5433 5211 5428
f 5428 5211 5060
f 5412 5411 5419
f 5419 5411 5418
f 5436 5053 5437
f 5437 5053 5052
f 5439 5402 5440
f 5440 5402 5401
f 5436 5435 5439
f 5439 5435 5402
f 5410 6336 5413
f 5413 6336 5414
f 5440 5401 5430
f 5430 5401 5429
f 5426 5420 5437
f 5437 5420 5434
f 5382 5432 5383
f 5383 5432 5384
f 5386 6336 5383
f 5383 6336 5380
f 6336 5386 5414
f 5414 5386 5388
f 5391 5418 5392
f 5392 5418 5411
f 5705 5395 5704
f 5704 5395 5394
f 5399 5435 5400
f 5400 5435 5434
f 5403 5441 5404
f 5404 5441 5405
f 5407 5429 5404
f 5404 5429 5401
f 5395 5705 5421
f 5421 5705 5748
f 5424 5706 5425
f 5425 5706 5431
f 5391 5390 5394
f 5394 5390 5704
f 5392 5388 5389
f 5389 5388 5387
f 5382 5381 5425
f 5425 5381 5422
f 5407 5406 5424
f 5424 5406 5706
f 5403 5402 5399
f 5399 5402 5435
f 5421 5748 5400
f 5400 5748 5397
f 4097 4721 4098
f 4098 4721 4231
f 4233 5273 4098
f 4098 5273 4095
f 6337 6338 4785
f 4785 6338 4786
f 4076 4780 4073
f 4073 4780 4781
f 4782 4190 4781
f 4781 4190 4073
f 4783 4901 4782
f 4782 4901 4190
f 4780 4076 4097
f 4097 4076 4721
f 6337 2879 4701
f 4701 2879 2878
f 5280 6339 5272
f 5272 6339 6340
f 5282 5281 6341
f 6341 5281 6342
f 4109 6302 4110
f 4110 6302 6301
f 4283 6304 4284
f 4284 6304 6303
f 6305 4379 6306
f 6306 4379 4378
f 4110 6301 4428
f 4428 6301 6309
f 6310 4688 4412
f 4412 4688 4687
f 4284 6303 4753
f 4753 6303 6313
f 4753 6313 4109
f 4109 6313 6302
f 6343 5226 4428
f 4428 5226 4427
f 4147 4900 4416
f 4416 4900 6308
f 6312 6311 4241
f 4241 6311 4720
f 5223 6344 4702
f 4702 6344 4699
f 4221 4220 6345
f 6345 4220 6346
f 5276 5275 6347
f 6347 5275 6348
f 5275 4728 6348
f 6348 4728 6349
f 4727 6350 5284
f 5284 6350 5285
f 6351 6352 6354
f 6354 6352 6353
f 5313 5312 5292
f 5292 5312 5293
f 5312 5344 5293
f 5293 5344 5337
f 5344 4914 5337
f 5337 4914 4916
f 4914 4913 4916
f 4916 4913 4917
f 4913 6355 4917
f 4917 6355 4978
f 6356 6357 6284
f 6284 6357 5012
f 6357 6358 5012
f 5012 6358 5011
f 5011 6358 5366
f 5366 6358 6359
f 6360 4742 6359
f 6359 4742 5366
f 4743 6361 4904
f 4904 6361 5364
f 5363 4905 5364
f 5364 4905 4904
f 5363 6362 4905
f 4905 6362 4207
f 6362 6363 4207
f 4207 6363 4208
f 6363 5342 4208
f 4208 5342 5330
f 5342 5341 5330
f 5330 5341 4244
f 5341 6364 4244
f 4244 6364 4245
f 6364 6365 4245
f 4245 6365 4246
f 6366 6367 4253
f 4253 6367 4250
f 4214 6368 4211
f 4211 6368 4380
f 4380 4379 4211
f 4211 4379 4283
f 4379 6305 4283
f 4283 6305 6304
f 6305 4968 6304
f 6304 4968 6287
f 4968 4967 6287
f 6287 4967 6286
f 4967 6297 6286
f 6286 6297 4676
f 6296 4376 4288
f 4288 4376 4285
f 4376 4373 4285
f 4285 4373 4290
f 6369 6370 6372
f 6372 6370 6371
f 5245 6373 5246
f 5246 6373 6374
f 4317 6375 4318
f 4318 6375 6376
f 4331 6377 4332
f 4332 6377 6378
f 6379 4333 6376
f 6376 4333 4318
f 4343 6380 4344
f 4344 6380 6381
f 4347 6382 4348
f 4348 6382 6383
f 4374 6371 4331
f 4331 6371 6377
f 4333 6379 4426
f 4426 6379 6384
f 4690 6385 4347
f 4347 6385 6382
f 4332 6378 4317
f 4317 6378 6375
f 4922 6386 4923
f 4923 6386 6387
f 6388 6389 4375
f 4375 6389 6390
f 6355 6356 4978
f 4978 6356 6284
f 4742 6360 4743
f 4743 6360 6361
f 6391 4238 6392
f 6392 4238 4719
f 6392 4719 6393
f 6393 4719 5296
f 6395 6396 6394
f 6394 6396 6397
f 6399 6400 6398
f 6398 6400 6401
f 6402 5302 6403
f 6403 5302 5303
f 5303 5321 6403
f 6403 5321 6404
f 5320 6405 5321
f 5321 6405 6404
f 5319 6406 5350
f 5350 6406 5351
f 5319 5318 6406
f 6406 5318 6407
f 5288 4197 6408
f 6408 4197 6409
f 4217 4216 6410
f 6410 4216 6411
f 5227 6412 6327
f 6327 6412 6328
f 4892 6413 5227
f 5227 6413 6412
f 4228 6414 4892
f 4892 6414 6413
f 4227 6415 4228
f 4228 6415 6414
f 4248 6416 4227
f 4227 6416 6415
f 4247 6417 4248
f 4248 6417 6416
f 6417 4247 6419
f 6419 4247 6418
f 6419 6418 6421
f 6421 6418 6420
f 6422 5301 6423
f 6423 5301 5300
f 6423 5300 6424
f 6424 5300 6399
f 6408 6409 6398
f 6398 6409 6425
f 6426 6427 6397
f 6397 6427 6394
f 6428 4224 6429
f 6429 4224 4223
f 6347 6346 5276
f 5276 6346 4220
f 6346 6347 6341
f 6341 6347 6339
f 5280 5278 5282
f 5282 5278 4236
f 4896 5224 4684
f 4684 5224 4681
f 4132 4135 4896
f 4896 4135 5224
f 4131 4136 4132
f 4132 4136 4135
f 4226 4754 4131
f 4131 4754 4136
f 4251 4213 4226
f 4226 4213 4754
f 4250 4214 4251
f 4251 4214 4213
f 4250 6367 4214
f 4214 6367 6368
f 6367 4910 6368
f 6368 4910 4737
f 4909 5297 4736
f 4736 5297 5296
f 5297 6395 5296
f 5296 6395 6393
f 6427 6430 6394
f 6394 6430 6431
f 6429 4383 6428
f 6428 4383 4382
f 4219 5277 4220
f 4220 5277 5276
f 4222 4697 4383
f 4383 4697 4218
f 6345 4699 4221
f 4221 4699 6344
f 6342 4700 6345
f 6345 4700 4699
f 4235 4786 5281
f 5281 4786 6338
f 4234 4787 4235
f 4235 4787 4786
f 5279 5278 6432
f 6432 5278 5271
f 4237 5279 6433
f 6433 5279 6432
f 4787 4234 6433
f 6433 4234 4237
f 6435 6436 6434
f 6434 6436 6437
f 6359 6438 6360
f 6360 6438 6437
f 6439 6440 6441
f 6441 6440 6438
f 6443 6439 6442
f 6442 6439 6441
f 6357 6356 6442
f 6442 6356 6444
f 6444 6446 6445
f 6445 6446 6447
f 4912 6446 4913
f 4913 6446 6355
f 6361 6436 5364
f 5364 6436 5365
f 5319 5350 5316
f 5316 5350 6448
f 4832 6449 5350
f 5350 6449 6448
f 4831 6450 4832
f 4832 6450 6449
f 5354 6451 5320
f 5320 6451 6405
f 4265 6452 5354
f 5354 6452 6451
f 4264 6453 4265
f 4265 6453 6452
f 6450 4831 6447
f 6447 4831 6445
f 4263 6435 4264
f 4264 6435 6434
f 6454 6453 6439
f 6439 6453 6440
f 6439 6443 6454
f 6454 6443 4834
f 4833 6455 4834
f 4834 6455 6454
f 5351 6456 4833
f 4833 6456 6455
f 6457 6391 6458
f 6458 6391 6392
f 6458 6392 6431
f 6431 6392 6393
f 5298 6396 5297
f 5297 6396 6395
f 6402 6400 5302
f 5302 6400 5299
f 6402 6403 6459
f 6459 6403 6460
f 6460 6403 6461
f 6461 6403 6404
f 6405 6462 6404
f 6404 6462 6461
f 6406 6462 5351
f 5351 6462 6456
f 6406 6407 6462
f 6462 6407 6461
f 6407 6463 6461
f 6461 6463 6460
f 6463 6464 6460
f 6460 6464 6459
f 6464 6465 6459
f 6459 6465 6401
f 6430 6466 6431
f 6431 6466 6458
f 6466 6410 6458
f 6458 6410 6457
f 6410 6411 6457
f 6457 6411 6467
f 6396 6424 6397
f 6397 6424 6425
f 6393 6395 6431
f 6431 6395 6394
f 6451 6456 6405
f 6405 6456 6462
f 6452 6455 6451
f 6451 6455 6456
f 6453 6454 6452
f 6452 6454 6455
f 6443 6445 4834
f 4834 6445 4831
f 6440 6453 6434
f 6434 6453 4264
f 6468 5306 5360
f 5360 5306 5305
f 6469 4124 6468
f 6468 4124 5306
f 6470 4125 6469
f 6469 4125 4124
f 6471 5291 6470
f 6470 5291 4125
f 6353 5292 6471
f 6471 5292 5291
f 5292 6353 5313
f 5313 6353 6352
f 5347 5314 6352
f 6352 5314 5313
f 5353 5318 5346
f 5346 5318 5317
f 5334 6468 5358
f 5358 6468 5360
f 5324 6469 5334
f 5334 6469 6468
f 5323 6470 5324
f 5324 6470 6469
f 5343 6471 5323
f 5323 6471 6470
f 6354 6353 5343
f 5343 6353 6471
f 6348 6349 4270
f 4270 6349 5311
f 5272 6340 5273
f 5273 6340 4272
f 6432 5271 4232
f 4232 5271 4233
f 4294 6432 4295
f 4295 6432 4232
f 6432 4294 6433
f 6433 4294 4301
f 4301 4300 6433
f 6433 4300 4787
f 4704 4784 4300
f 4300 4784 4787
f 4704 3013 4784
f 4784 3013 1307
f 5103 6472 5104
f 5104 6472 5202
f 5108 5116 5105
f 5105 5116 5115
f 5111 5124 5112
f 5112 5124 5123
f 5154 5205 5105
f 5105 5205 5106
f 5167 5180 5168
f 5168 5180 5185
f 5175 5188 5176
f 5176 5188 5187
f 5112 5123 5178
f 5178 5123 5120
f 5167 5090 5183
f 5183 5090 5089
f 5210 5151 5183
f 5183 5151 5181
f 5216 5138 5217
f 5217 5138 5137
f 5218 5119 5219
f 5219 5119 5221
f 5218 5178 5119
f 5119 5178 5120
f 5217 5137 5104
f 5104 5137 5101
f 5116 5108 5221
f 5221 5108 5219
f 5111 5110 5210
f 5210 5110 5151
f 5154 5153 5103
f 5103 5153 6472
f 5216 5215 5176
f 5176 5215 5173
f 5175 5174 5168
f 5168 5174 5166
f 5091 5172 5092
f 5092 5172 5208
f 5117 5037 5118
f 5118 5037 5036
f 5121 5164 5122
f 5122 5164 5133
f 5125 5084 5126
f 5126 5084 5083
f 5129 5174 5130
f 5130 5174 5173
f 5131 5202 5132
f 5132 5202 6472
f 5135 5221 5122
f 5122 5221 5119
f 5125 5124 5136
f 5136 5124 5209
f 5126 5083 5121
f 5121 5083 5164
f 5118 5036 5195
f 5195 5036 5193
f 5131 5097 5203
f 5203 5097 5114
f 5132 6472 5195
f 5195 6472 5153
f 5136 5209 5092
f 5092 5209 5089
f 5135 5134 5117
f 5117 5134 5037
f 5362 5206 5130
f 5130 5206 5127
f 5372 5371 5128
f 5128 5371 5129
f 5371 5372 5091
f 5091 5372 5172
f 5362 5215 5203
f 5203 5215 5201
f 6463 6407 5353
f 5353 6407 5318
f 6464 6463 5352
f 5352 6463 5353
f 6408 6465 5288
f 5288 6465 5289
f 4196 4224 6426
f 6426 4224 6427
f 6430 6427 6428
f 6428 6427 4224
f 6466 6430 4382
f 4382 6430 6428
f 6410 6466 4217
f 4217 6466 4382
f 4240 4239 3015
f 3015 4239 3016
f 4254 4257 3017
f 3017 4257 3018
f 6473 6474 4732
f 4732 6474 6475
f 6474 6374 6475
f 6475 6374 6373
f 5246 6374 3022
f 3022 6374 3023
f 4254 6299 4255
f 4255 6299 6288
f 6473 6300 3024
f 3024 6300 3025
f 6476 4257 6312
f 6312 4257 4256
f 4240 6476 4241
f 4241 6476 6312
f 6477 4239 6391
f 6391 4239 4238
f 6467 6477 6457
f 6457 6477 6391
f 6411 3029 6467
f 6467 3029 3028
f 4216 3030 6411
f 6411 3030 3029
f 6479 6480 6478
f 6478 6480 6481
f 6483 6484 6482
f 6482 6484 6485
f 6486 6487 4102
f 4102 6487 6331
f 6483 6488 6478
f 6478 6488 6489
f 4429 4829 6490
f 6490 4829 6479
f 6491 6486 4101
f 4101 6486 4102
f 4895 6491 4899
f 4899 6491 4101
f 4160 6488 4157
f 4157 6488 6492
f 6489 4087 6490
f 6490 4087 4090
f 4267 4261 5013
f 5013 4261 4260
f 4258 4261 5328
f 5328 4261 4975
f 4261 4267 4975
f 4975 4267 4266
f 5367 3793 3912
f 3912 3793 3575
f 6494 3616 6493
f 6493 3616 3795
f 6496 3589 6495
f 6495 3589 3588
f 6495 3588 5368
f 5368 3588 3794
f 3841 3840 3050
f 3050 3840 3051
f 3912 3911 3052
f 3052 3911 3053
f 3929 3930 3054
f 3054 3930 3055
f 5370 3930 3916
f 3916 3930 3923
f 3938 5369 3807
f 3807 5369 3915
f 3589 6496 3806
f 3806 6496 3937
f 3938 3937 3056
f 3056 3937 3057
f 3051 3840 3058
f 3058 3840 3943
f 3730 4808 3727
f 3727 4808 3943
f 3820 3951 3795
f 3795 3951 6493
f 3951 3841 3059
f 3059 3841 3050
f 3911 3574 6494
f 6494 3574 3616
f 3823 3929 3824
f 3824 3929 3952
f 4061 4060 3060
f 3060 4060 3061
f 6497 6498 4901
f 4901 6498 4790
f 6333 6499 4738
f 4738 6499 4739
f 6500 6501 6314
f 6314 6501 4418
f 6502 6275 4417
f 4417 6275 4185
f 6503 6497 4783
f 4783 6497 4901
f 6498 4060 4790
f 4790 4060 4059
f 4808 4061 3069
f 3069 4061 3060
f 5367 3071 5368
f 5368 3071 3070
f 5369 3073 5370
f 5370 3073 3072
f 6274 6275 3074
f 3074 6275 3075
f 6499 6504 4739
f 4739 6504 6317
f 6333 6332 3077
f 3077 6332 3078
f 6334 6274 3079
f 3079 6274 3074
f 6332 4825 3078
f 3078 4825 3080
f 6334 6503 4188
f 4188 6503 4783
f 4825 4689 3080
f 3080 4689 1330
f 6506 4747 6505
f 6505 4747 4746
f 6505 6507 6506
f 6506 6507 6508
f 4297 6509 4920
f 4920 6509 6510
f 4296 6511 4297
f 4297 6511 6509
f 6506 6508 4319
f 4319 6508 6512
f 4372 4371 6514
f 6514 4371 6513
f 6511 4296 5251
f 5251 4296 4305
f 5251 5250 6511
f 6511 5250 6515
f 6516 6509 6515
f 6515 6509 6511
f 6517 6507 6519
f 6519 6507 6518
f 6512 6520 6513
f 6513 6520 6514
f 6507 6517 6508
f 6508 6517 6521
f 5249 6523 6522
f 6522 6523 6524
f 6525 6370 5253
f 5253 6370 6526
f 4370 4323 4371
f 4371 4323 4326
f 4370 3103 4323
f 4323 3103 1541
f 6521 6517 6527
f 6527 6517 6519
f 6520 6528 6514
f 6514 6528 6529
f 6531 6532 6530
f 6530 6532 6533
f 5250 6534 6515
f 6515 6534 6535
f 6530 6533 6536
f 6536 6533 6537
f 6526 6538 6534
f 6534 6538 6537
f 6515 6535 6516
f 6516 6535 6539
f 4325 4321 4326
f 4326 4321 4320
f 4371 4326 6513
f 6513 4326 4320
f 6531 4731 6541
f 6541 4731 6540
f 4731 4730 6540
f 6540 4730 6542
f 4730 3121 6542
f 6542 3121 3120
f 6530 4328 6531
f 6531 4328 4731
f 4328 6530 4329
f 4329 6530 6536
f 4329 6536 6524
f 6524 6536 6543
f 6544 6545 6522
f 6522 6545 5248
f 6389 6388 5245
f 5245 6388 6373
f 6388 6546 6373
f 6373 6546 6475
f 4733 6546 6295
f 6295 6546 4377
f 4732 6475 4733
f 4733 6475 6546
f 4393 4432 4394
f 4394 4432 4435
f 4434 4672 4842
f 4842 4672 4671
f 4440 4439 4441
f 4441 4439 4438
f 4436 4450 4437
f 4437 4450 4398
f 4447 4444 4448
f 4448 4444 4392
f 4446 4464 4433
f 4433 4464 6547
f 4454 4423 4455
f 4455 4423 4422
f 4452 4481 4453
f 4453 4481 4480
f 4458 4389 4459
f 4459 4389 4388
f 4456 4471 4457
f 4457 4471 4468
f 4391 4460 4392
f 4392 4460 4448
f 4461 4467 4445
f 4445 4467 4465
f 4437 4398 4629
f 4629 4398 4397
f 4438 4628 4441
f 4441 4628 4631
f 4841 4629 4839
f 4839 4629 4397
f 4628 4842 4631
f 4631 4842 4671
f 4930 4989 4452
f 4452 4989 4481
f 4929 4927 4436
f 4436 4927 4450
f 4933 4387 4934
f 4934 4387 4386
f 4931 4475 4932
f 4932 4475 4474
f 4936 4449 4933
f 4933 4449 4387
f 4935 4472 4456
f 4456 4472 4471
f 4389 4458 4391
f 4391 4458 4460
f 4457 4468 4461
f 4461 4468 4467
f 4934 4386 4454
f 4454 4386 4423
f 4453 4480 4931
f 4931 4480 4475
f 4575 4997 4576
f 4576 4997 4639
f 4579 4596 4580
f 4580 4596 4595
f 4583 4582 4572
f 4572 4582 4569
f 4587 4944 4588
f 4588 4944 4562
f 4588 4562 4590
f 4590 4562 4561
f 4576 4639 4642
f 4642 4639 4638
f 4642 4845 4641
f 4641 4845 4846
f 4845 4590 4846
f 4846 4590 4561
f 4941 4938 4595
f 4595 4938 4580
f 4938 4940 4668
f 4668 4940 4669
f 4583 4942 4584
f 4584 4942 4947
f 4582 4587 4569
f 4569 4587 4586
f 5000 5001 4579
f 4579 5001 4596
f 4558 4560 4585
f 4585 4560 4586
f 4565 4639 4566
f 4566 4639 4997
f 4568 4567 4577
f 4577 4567 4578
f 4570 4554 4571
f 4571 4554 4556
f 4640 4565 4637
f 4637 4565 4546
f 4662 4664 4665
f 4665 4664 4844
f 4662 4558 4589
f 4589 4558 4585
f 4554 4570 4557
f 4557 4570 4560
f 4571 4667 4572
f 4572 4667 4943
f 4551 4670 4552
f 4552 4670 4666
f 4640 4664 4638
f 4638 4664 4663
f 4670 4568 4668
f 4668 4568 4577
f 4999 4996 4566
f 4566 4996 4543
f 4608 4564 4603
f 4603 4564 4563
f 4573 4593 4574
f 4574 4593 4592
f 4597 4614 4598
f 4598 4614 4613
f 4601 4600 4584
f 4584 4600 4581
f 4563 4562 4604
f 4604 4562 4944
f 4643 4593 4641
f 4641 4593 4573
f 4643 4847 4644
f 4644 4847 4848
f 4564 4847 4561
f 4561 4847 4846
f 4945 4941 4598
f 4598 4941 4595
f 4941 4945 4939
f 4939 4945 4946
f 4601 4948 4602
f 4602 4948 4620
f 4600 4604 4581
f 4581 4604 4944
f 5002 5003 4597
f 4597 5003 4614
f 4988 4759 4953
f 4953 4759 4402
f 4706 6548 4707
f 4707 6548 6549
f 4311 4928 4419
f 4419 4928 6550
f 4921 4920 6551
f 6551 4920 6552
f 4925 6553 4926
f 4926 6553 6554
f 4928 4921 4802
f 4802 4921 6551
f 6555 4985 6550
f 6550 4985 4419
f 4952 6556 4953
f 4953 6556 4649
f 4971 6557 4706
f 4706 6557 6548
f 4988 4648 4925
f 4925 4648 6553
f 4707 6549 5006
f 5006 6549 4987
f 4920 6510 6552
f 6552 6510 6518
f 6558 6510 6516
f 6516 6510 6509
f 6559 6558 6539
f 6539 6558 6516
f 6531 6541 6532
f 6532 6541 6560
f 6540 6561 6541
f 6541 6561 6529
f 6542 6562 6540
f 6540 6562 6561
f 6542 3120 6562
f 6562 3120 3142
f 4366 6563 4760
f 4760 6563 4970
f 4815 6564 4816
f 4816 6564 6565
f 3147 3146 6565
f 6565 3146 4816
f 6564 6563 6565
f 6565 6563 6566
f 4837 4385 4357
f 4357 4385 4358
f 6565 6566 3147
f 3147 6566 3149
f 4694 1209 3150
f 5247 5249 5248
f 5248 5249 6522
f 6372 6390 6545
f 6545 6390 6389
f 6375 5254 6376
f 6376 5254 5258
f 6377 6525 6378
f 6378 6525 5255
f 5260 6379 5258
f 5258 6379 6376
f 6380 6567 6381
f 6381 6567 6568
f 6382 6569 6383
f 6383 6569 6570
f 6377 6371 6525
f 6525 6371 6370
f 6379 5260 6384
f 6384 5260 6571
f 6385 6572 6382
f 6382 6572 6569
f 6378 5255 6375
f 6375 5255 5254
f 6386 6573 6387
f 6387 6573 6574
f 6545 6389 5248
f 5248 6389 5245
f 4675 4750 4676
f 4676 4750 6286
f 4734 6289 4735
f 4735 6289 6288
f 4804 6290 4805
f 4805 6290 4963
f 4811 4807 4812
f 4812 4807 4411
f 4954 6292 4955
f 4955 6292 4959
f 4964 4962 4965
f 4965 4962 4751
f 6285 4821 4812
f 4812 4821 4809
f 4675 4287 4965
f 4965 4287 4210
f 6294 4145 4955
f 4955 4145 4154
f 4964 4120 4805
f 4805 4120 4119
f 6298 4966 4734
f 4734 4966 6289
f 6300 6473 4735
f 4735 6473 4732
f 6297 6296 4676
f 4676 6296 4288
f 6523 3160 4330
f 4330 3160 3159
f 5253 5252 6525
f 6525 5252 5255
f 5256 5252 4305
f 4305 5252 5251
f 4304 5257 4305
f 4305 5257 5256
f 4424 5259 4304
f 4304 5259 5257
f 5261 6571 5259
f 5259 6571 5260
f 5262 6573 5261
f 5261 6573 6571
f 5264 6567 5265
f 5265 6567 6574
f 5266 6572 5267
f 5267 6572 6568
f 5268 6570 5269
f 5269 6570 6569
f 1807 3161 5268
f 5268 3161 6570
f 6524 6523 4329
f 4329 6523 4330
f 5253 6526 5250
f 5250 6526 6534
f 6543 6538 6544
f 6544 6538 6369
f 6524 6543 6522
f 6522 6543 6544
f 3071 5367 3052
f 3052 5367 3912
f 6493 3163 6494
f 6494 3163 3162
f 3164 445 3771
f 3771 445 3761
f 461 3165 3919
f 3919 3165 3920
f 330 410 3839
f 3839 410 3910
f 332 331 3552
f 3552 331 3551
f 464 304 3918
f 3918 304 3816
f 385 458 3766
f 3766 458 3894
f 412 415 3762
f 3762 415 3763
f 3166 337 3748
f 3748 337 3745
f 3072 3055 5370
f 5370 3055 3930
f 3073 5369 3056
f 3056 5369 3938
f 3167 3057 6496
f 6496 3057 3937
f 3069 3058 4808
f 4808 3058 3943
f 411 3166 3851
f 3851 3166 3748
f 3059 3163 3951
f 3951 3163 6493
f 336 3164 3772
f 3772 3164 3771
f 3053 3911 3162
f 3162 3911 6494
f 3054 3168 3929
f 3929 3168 3952
f 3165 830 3920
f 3920 830 3945
f 3170 3169 6497
f 6497 3169 6498
f 3171 1354 5005
f 5005 1354 4830
f 3172 3170 6503
f 6503 3170 6497
f 3169 3061 6498
f 6498 3061 4060
f 3173 3171 5006
f 5006 3171 5005
f 3079 3172 6334
f 6334 3172 6503
f 3174 3025 6299
f 6299 3025 6300
f 6576 6577 6575
f 6575 6577 6578
f 4612 4611 6579
f 6579 4611 6580
f 6582 6583 6581
f 6581 6583 6584
f 6584 6585 4618
f 4618 6585 4621
f 6586 6587 6589
f 6589 6587 6588
f 6588 6587 6590
f 6590 6587 6591
f 6592 4606 6590
f 6590 4606 4623
f 6594 6576 6593
f 6593 6576 6575
f 6595 6582 6579
f 6579 6582 6581
f 6580 6597 6596
f 6596 6597 6598
f 6577 6576 6599
f 6599 6576 6600
f 6595 6596 6601
f 6601 6596 6602
f 6583 6582 6603
f 6603 6582 6604
f 6586 6606 6605
f 6605 6606 6607
f 6587 6586 6608
f 6608 6586 6605
f 6587 6608 6591
f 6591 6608 6609
f 6576 6594 6600
f 6600 6594 6610
f 6582 6595 6604
f 6604 6595 6601
f 6599 6611 6577
f 6577 6611 6598
f 6613 6614 6612
f 6612 6614 6615
f 6617 6618 6616
f 6616 6618 6619
f 6621 6622 6620
f 6620 6622 6623
f 6625 6626 6624
f 6624 6626 6627
f 6629 6630 6628
f 6628 6630 6631
f 6633 6634 6632
f 6632 6634 6635
f 6637 6638 6636
f 6636 6638 6639
f 6640 6641 6637
f 6637 6641 6638
f 6643 6633 6642
f 6642 6633 6632
f 6645 6646 6644
f 6644 6646 6647
f 6646 6648 6647
f 6647 6648 6649
f 6651 6652 6650
f 6650 6652 6653
f 6653 6652 6654
f 6654 6652 6655
f 6656 6657 6659
f 6659 6657 6658
f 6661 6662 6660
f 6660 6662 6663
f 6662 6661 6664
f 6664 6661 6665
f 6667 6657 6666
f 6666 6657 6656
f 6669 6670 6668
f 6668 6670 6671
f 6672 6673 6670
f 6670 6673 6671
f 6674 6675 6677
f 6677 6675 6676
f 6675 6678 6676
f 6676 6678 6679
f 6681 6682 6680
f 6680 6682 6683
f 6684 6685 6683
f 6683 6685 6680
f 6687 6688 6686
f 6686 6688 6689
f 6687 6690 6688
f 6688 6690 6691
f 6619 6618 6633
f 6633 6618 6634
f 6632 6635 6693
f 6693 6635 6692
f 6617 6694 6636
f 6636 6694 6637
f 6695 6692 6639
f 6639 6692 6635
f 6637 6694 6640
f 6640 6694 6696
f 6698 6638 6697
f 6697 6638 6641
f 6643 6616 6633
f 6633 6616 6619
f 6642 6699 6641
f 6641 6699 6697
f 6646 6645 6700
f 6700 6645 6621
f 6644 6701 6654
f 6654 6701 6702
f 6700 6703 6646
f 6646 6703 6648
f 6693 6704 6649
f 6649 6704 6647
f 6620 6623 6651
f 6651 6623 6652
f 6693 6649 6699
f 6699 6649 6650
f 6652 6623 6655
f 6655 6623 6622
f 6654 6702 6653
f 6653 6702 6697
f 6615 6614 6657
f 6657 6614 6658
f 6705 6656 6704
f 6704 6656 6659
f 6613 6706 6660
f 6660 6706 6661
f 6704 6659 6701
f 6701 6659 6663
f 6661 6706 6665
f 6665 6706 6707
f 6708 6702 6664
f 6664 6702 6662
f 6612 6615 6667
f 6667 6615 6657
f 6666 6709 6664
f 6664 6709 6708
f 6629 6710 6669
f 6669 6710 6670
f 6668 6711 6679
f 6679 6711 6712
f 6713 6672 6710
f 6710 6672 6670
f 6714 6671 6705
f 6705 6671 6673
f 6628 6631 6674
f 6674 6631 6675
f 6705 6673 6709
f 6709 6673 6677
f 6631 6630 6675
f 6675 6630 6678
f 6712 6708 6679
f 6679 6708 6676
f 6625 6715 6682
f 6682 6715 6683
f 6716 6717 6681
f 6681 6717 6691
f 6718 6684 6715
f 6715 6684 6683
f 6719 6680 6714
f 6714 6680 6685
f 6624 6627 6686
f 6686 6627 6687
f 6689 6711 6685
f 6685 6711 6714
f 6627 6626 6687
f 6687 6626 6690
f 6717 6712 6691
f 6691 6712 6688
f 6612 6707 6613
f 6613 6707 6706
f 6616 6696 6617
f 6617 6696 6694
f 6703 6700 6620
f 6620 6700 6621
f 6715 6625 6718
f 6718 6625 6624
f 6710 6629 6713
f 6713 6629 6628
f 6639 6635 6636
f 6636 6635 6634
f 6641 6640 6642
f 6642 6640 6643
f 6654 6655 6644
f 6644 6655 6645
f 6651 6650 6648
f 6648 6650 6649
f 6659 6658 6663
f 6663 6658 6660
f 6665 6667 6664
f 6664 6667 6666
f 6678 6669 6679
f 6679 6669 6668
f 6673 6672 6677
f 6677 6672 6674
f 6690 6682 6691
f 6691 6682 6681
f 6685 6684 6689
f 6689 6684 6686
f 6636 6634 6617
f 6617 6634 6618
f 6638 6698 6639
f 6639 6698 6695
f 6640 6696 6643
f 6643 6696 6616
f 6693 6699 6632
f 6632 6699 6642
f 6655 6622 6645
f 6645 6622 6621
f 6704 6701 6647
f 6647 6701 6644
f 6651 6648 6620
f 6620 6648 6703
f 6650 6653 6699
f 6699 6653 6697
f 6613 6660 6614
f 6614 6660 6658
f 6663 6662 6701
f 6701 6662 6702
f 6665 6707 6667
f 6667 6707 6612
f 6705 6709 6656
f 6656 6709 6666
f 6630 6629 6678
f 6678 6629 6669
f 6714 6711 6671
f 6671 6711 6668
f 6672 6713 6674
f 6674 6713 6628
f 6677 6676 6709
f 6709 6676 6708
f 6626 6625 6690
f 6690 6625 6682
f 6680 6719 6681
f 6681 6719 6716
f 6684 6718 6686
f 6686 6718 6624
f 6711 6689 6712
f 6689 6688 6712
f 6593 6720 6594
f 6594 6720 6721
f 6722 6720 4607
f 4607 6720 4849
f 6592 6723 6722
f 6722 6723 6724
f 4610 4609 6578
f 6578 4609 6575
f 6596 6595 6580
f 6580 6595 6579
f 4618 4617 6584
f 6584 4617 6581
f 6589 6585 6586
f 6586 6585 6606
f 4622 4619 6588
f 6588 4619 6589
f 4622 6588 4623
f 4623 6588 6590
f 4609 4645 6575
f 6575 4645 6593
f 4617 4612 6581
f 6581 4612 6579
f 5004 4610 6597
f 6597 4610 6578
f 4645 4849 6593
f 6593 4849 6720
f 6724 6721 6722
f 6722 6721 6720
f 6722 4607 6592
f 6592 4607 4606
f 6725 6610 6721
f 6721 6610 6594
f 6723 6726 6724
f 6724 6726 6727
f 6727 6725 6724
f 6724 6725 6721
f 6728 6729 6605
f 6605 6729 6608
f 6605 6607 6728
f 6728 6607 6730
f 6731 6732 6604
f 6604 6732 6603
f 6733 6734 6725
f 6725 6734 6610
f 6735 6733 6727
f 6727 6733 6725
f 6735 6727 6736
f 6736 6727 6726
f 6591 6609 6723
f 6723 6609 6726
f 6723 6592 6591
f 6591 6592 6590
f 6738 6739 6737
f 6737 6739 6740
f 6740 6739 6742
f 6742 6739 6741
f 6743 6744 6741
f 6741 6744 6742
f 6745 6746 6743
f 6743 6746 6744
f 6747 6748 6745
f 6745 6748 6746
f 6749 6750 6747
f 6747 6750 6748
f 6752 6738 6751
f 6751 6738 6737
f 6754 6752 6753
f 6753 6752 6751
f 6756 6754 6755
f 6755 6754 6753
f 6758 6750 6757
f 6757 6750 6749
f 6760 6756 6759
f 6759 6756 6755
f 6762 6760 6761
f 6761 6760 6759
f 6764 6762 6763
f 6763 6762 6761
f 6757 6764 6758
f 6758 6764 6763
f 6766 6741 6765
f 6765 6741 6739
f 6767 6743 6766
f 6766 6743 6741
f 6768 6745 6767
f 6767 6745 6743
f 6769 6747 6768
f 6768 6747 6745
f 6770 6749 6769
f 6769 6749 6747
f 6772 6769 6771
f 6771 6769 6768
f 6773 6770 6772
f 6772 6770 6769
f 6774 6775 6772
f 6772 6775 6773
f 6777 6778 6776
f 6776 6778 6779
f 6775 6774 6778
f 6778 6774 6779
f 6771 6780 6772
f 6772 6780 6774
f 6780 6781 6774
f 6774 6781 6779
f 6781 6782 6779
f 6779 6782 6776
f 6784 6785 6783
f 6783 6785 6786
f 6786 6787 6783
f 6783 6787 6788
f 6790 6788 6789
f 6789 6788 6787
f 6786 6785 6791
f 6791 6785 6792
f 6791 6793 6786
f 6786 6793 6787
f 6793 6794 6787
f 6787 6794 6789
f 6795 6796 6794
f 6794 6796 6789
f 6790 6789 6797
f 6797 6789 6796
f 6798 6765 6738
f 6738 6765 6739
f 6799 6798 6752
f 6752 6798 6738
f 6767 6800 6768
f 6768 6800 6771
f 6766 6801 6767
f 6767 6801 6800
f 6802 6801 6765
f 6765 6801 6766
f 6798 6803 6765
f 6765 6803 6802
f 6804 6803 6799
f 6799 6803 6798
f 6805 6806 6804
f 6804 6806 6803
f 6807 6799 6754
f 6754 6799 6752
f 6808 6804 6807
f 6807 6804 6799
f 6809 6805 6808
f 6808 6805 6804
f 6810 6811 6805
f 6805 6811 6806
f 6812 6813 6810
f 6810 6813 6811
f 6814 6815 6796
f 6796 6815 6797
f 6813 6814 6816
f 6816 6814 6817
f 6816 6818 6813
f 6813 6818 6811
f 6819 6806 6818
f 6818 6806 6811
f 6802 6803 6819
f 6819 6803 6806
f 6757 6749 6820
f 6820 6749 6770
f 6820 6770 6821
f 6821 6770 6773
f 6821 6773 6822
f 6822 6773 6775
f 6822 6775 6823
f 6823 6775 6778
f 6824 6823 6777
f 6777 6823 6778
f 6784 6825 6777
f 6777 6825 6824
f 6826 6827 6788
f 6788 6827 6783
f 6828 6826 6790
f 6790 6826 6788
f 6829 6828 6797
f 6797 6828 6790
f 6815 6830 6797
f 6797 6830 6829
f 6832 6812 6831
f 6831 6812 6810
f 6831 6810 6809
f 6809 6810 6805
f 6736 6800 6735
f 6735 6800 6801
f 6733 6735 6802
f 6802 6735 6801
f 6734 6733 6819
f 6819 6733 6802
f 6833 6734 6818
f 6818 6734 6819
f 6834 6833 6816
f 6816 6833 6818
f 6816 6817 6834
f 6834 6817 6835
f 6837 6795 6836
f 6836 6795 6794
f 6836 6794 6731
f 6731 6794 6793
f 6732 6731 6791
f 6791 6731 6793
f 6791 6792 6732
f 6732 6792 6730
f 6729 6728 6781
f 6781 6728 6782
f 6838 6807 6756
f 6756 6807 6754
f 6839 6838 6760
f 6760 6838 6756
f 6840 6839 6762
f 6762 6839 6760
f 6841 6840 6764
f 6764 6840 6762
f 6820 6841 6757
f 6757 6841 6764
f 6841 6820 6842
f 6842 6820 6821
f 6840 6841 6843
f 6843 6841 6842
f 6839 6840 6844
f 6844 6840 6843
f 6838 6839 6845
f 6845 6839 6844
f 6807 6838 6808
f 6808 6838 6845
f 6842 6821 6846
f 6846 6821 6822
f 6843 6842 6847
f 6847 6842 6846
f 6844 6843 6848
f 6848 6843 6847
f 6845 6844 6849
f 6849 6844 6848
f 6808 6845 6809
f 6809 6845 6849
f 6850 6831 6849
f 6849 6831 6809
f 6851 6850 6848
f 6848 6850 6849
f 6847 6852 6848
f 6848 6852 6851
f 6853 6852 6846
f 6846 6852 6847
f 6846 6822 6853
f 6853 6822 6823
f 6853 6823 6854
f 6854 6823 6824
f 6854 6855 6853
f 6853 6855 6852
f 6856 6851 6855
f 6855 6851 6852
f 6856 6857 6851
f 6851 6857 6850
f 6857 6832 6850
f 6850 6832 6831
f 6825 6858 6824
f 6824 6858 6854
f 6860 6827 6859
f 6859 6827 6826
f 6859 6826 6861
f 6861 6826 6828
f 6862 6861 6829
f 6829 6861 6828
f 6830 6863 6829
f 6829 6863 6862
f 6863 6864 6862
f 6862 6864 6865
f 6858 6866 6854
f 6854 6866 6855
f 6867 6865 6866
f 6866 6865 6864
f 6869 6859 6868
f 6868 6859 6861
f 6867 6869 6865
f 6865 6869 6868
f 6861 6862 6868
f 6868 6862 6865
f 6867 6860 6869
f 6869 6860 6859
f 6753 6751 6698
f 6698 6751 6695
f 6697 6755 6698
f 6698 6755 6753
f 6759 6755 6702
f 6702 6755 6697
f 6761 6759 6708
f 6708 6759 6702
f 6763 6761 6712
f 6712 6761 6708
f 6758 6763 6717
f 6717 6763 6712
f 6750 6758 6716
f 6716 6758 6717
f 6719 6748 6716
f 6716 6748 6750
f 6714 6746 6719
f 6719 6746 6748
f 6705 6744 6714
f 6714 6744 6746
f 6704 6742 6705
f 6705 6742 6744
f 6740 6742 6693
f 6693 6742 6704
f 6737 6740 6692
f 6692 6740 6693
f 6751 6737 6695
f 6695 6737 6692
f 6601 6602 6836
f 6836 6602 6837
f 6604 6601 6731
f 6731 6601 6836
f 6599 6600 6834
f 6834 6600 6833
f 6834 6835 6599
f 6599 6835 6611
f 6600 6610 6833
f 6833 6610 6734
f 6780 6771 6870
f 6870 6771 6736
f 6736 6771 6800
f 6870 6729 6780
f 6780 6729 6781
f 6608 6729 6609
f 6609 6729 6870
f 6609 6870 6726
f 6726 6870 6736
f 5014 5015 5229
f 5229 5015 5230
f 4258 5015 4259
f 4259 5015 4878
f 3471 3013 4703
f 4703 3013 4704
f 2879 6337 1306
f 1306 6337 4785
f 829 3471 4316
f 4316 3471 4703
f 4702 3472 5223
f 5223 3472 1756
f 6871 6872 4534
f 4534 6872 4535
f 6871 4665 6872
f 6872 4665 4844
f 6871 6873 4665
f 4665 6873 4559
f 6871 4534 6873
f 6873 4534 4542
f 4153 4152 4822
f 4822 4152 4407
f 4152 4168 4407
f 4407 4168 4342
f 4343 4168 4923
f 4923 4168 4167
f 4363 4362 4972
f 4972 4362 4840
f 4362 4394 4840
f 4840 4394 4839
f 4401 4400 4986
f 4986 4400 4984
f 4435 4434 4841
f 4841 4434 4842
f 4506 4505 4530
f 4530 4505 4531
f 4506 4535 4507
f 4507 4535 4843
f 4661 4660 4516
f 4516 4660 4517
f 4673 4672 4937
f 4937 4672 6547
f 4400 4924 4984
f 4984 4924 5263
f 4673 4660 4674
f 4674 4660 4659
f 4505 4661 4531
f 4531 4661 4516
f 4952 4401 6874
f 6874 4401 4986
f 4954 4153 6875
f 6875 4153 4822
f 4363 4973 4364
f 4364 4973 4974
f 5264 4924 5267
f 5267 4924 4691
f 6293 6292 6876
f 6876 6292 6877
f 6380 4343 6387
f 6387 4343 4923
f 4394 4435 4839
f 4839 4435 4841
f 4672 4434 6547
f 6547 4434 4433
f 4973 6556 4974
f 4974 6556 6878
f 6567 6380 6574
f 6574 6380 6387
f 6292 4954 6877
f 6877 4954 6875
f 6567 5264 6568
f 6568 5264 5267
f 4145 4144 4154
f 4154 4144 4151
f 4194 4144 4425
f 4425 4144 4143
f 4355 4354 5263
f 5263 4354 4984
f 4360 4359 4364
f 4364 4359 4361
f 4444 4359 4392
f 4392 4359 4337
f 4447 4446 4432
f 4432 4446 4433
f 4464 4463 6547
f 6547 4463 4937
f 4519 4518 4654
f 4654 4518 4509
f 4533 4532 4499
f 4499 4532 4498
f 4533 4542 4530
f 4530 4542 4534
f 4519 4532 4516
f 4516 4532 4531
f 4922 4194 4426
f 4426 4194 4425
f 4463 4518 4937
f 4937 4518 4517
f 6555 4951 6874
f 6874 4951 6878
f 4958 4957 6290
f 6290 4957 6291
f 4334 4360 4712
f 4712 4360 4950
f 4985 4354 4419
f 4419 4354 4353
f 5262 4355 5265
f 5265 4355 5263
f 6294 4958 4804
f 4804 4958 6290
f 6386 4922 6384
f 6384 4922 4426
f 4444 4447 4393
f 4393 4447 4432
f 4464 4446 4465
f 4465 4446 4445
f 4985 6555 4986
f 4986 6555 6874
f 6573 6386 6571
f 6571 6386 6384
f 4145 6294 4146
f 4146 6294 4804
f 6573 5262 6574
f 6574 5262 5265
f 4542 4541 6873
f 6873 4541 4559
f 4535 6872 4843
f 4843 6872 4844
f 4104 4103 6879
f 6879 4103 6343
f 4105 6293 6307
f 6307 6293 6876
f 4104 4956 4105
f 4105 4956 6293
f 4956 4104 4957
f 4957 4104 6879
f 4957 6879 6291
f 6291 6879 6309
f 4648 4988 4649
f 4649 4988 4953
f 4802 4803 4928
f 4928 4803 6550
f 6550 4803 6555
f 6555 4803 4951
f 1516 3173 4987
f 4987 3173 5006
f 6519 6518 6558
f 6558 6518 6510
f 6527 6519 6559
f 6559 6519 6558
f 6528 6560 6529
f 6529 6560 6541
f 6548 4625 6549
f 6549 4625 4624
f 6551 6552 4746
f 4746 6552 6505
f 6553 4711 6554
f 6554 4711 4710
f 4802 6551 4713
f 4713 6551 4746
f 6556 4973 4649
f 4649 4973 4646
f 6557 4949 6548
f 6548 4949 4625
f 4648 4647 6553
f 6553 4647 4711
f 6549 4624 4987
f 4987 4624 4838
f 6552 6518 6505
f 6505 6518 6507
f 6561 4372 6529
f 6529 4372 6514
f 6562 4369 6561
f 6561 4369 4372
f 3142 3482 6562
f 6562 3482 4369
f 6556 4952 6878
f 6878 4952 6874
f 4951 4950 6878
f 6878 4950 4974
f 3168 440 3952
f 4204 4203 5341
f 5341 4203 6364
f 4219 4222 6429
f 6429 4222 4383
f 4319 4322 6506
f 6506 4322 4747
f 4340 4714 4341
f 4341 4714 4384
f 4375 4377 6388
f 6388 4377 6546
f 4378 4381 6311
f 6311 4381 4720
f 4449 4341 4387
f 4387 4341 4384
f 4473 4472 4477
f 4477 4472 4474
f 4492 4491 4487
f 4487 4491 4488
f 4523 4491 4522
f 4522 4491 4490
f 4492 4538 4493
f 4493 4538 4555
f 4538 4553 4555
f 4555 4553 4556
f 4620 4615 4621
f 4621 4615 4618
f 4652 4651 4368
f 4368 4651 4365
f 4523 4655 4524
f 4524 4655 4656
f 4553 4667 4556
f 4556 4667 4571
f 4651 1210 4365
f 4365 1210 1209
f 4698 4697 5223
f 5223 4697 6344
f 4340 4339 4322
f 4322 4339 4747
f 4726 4729 5287
f 5287 4729 4198
f 4381 4380 4737
f 4737 4380 6368
f 4836 4835 4451
f 4451 4835 4709
f 4910 6367 4911
f 4911 6367 6366
f 4912 4915 6450
f 6450 4915 6449
f 4927 4836 4450
f 4450 4836 4451
f 4930 4929 4439
f 4439 4929 4436
f 4936 4935 4459
f 4459 4935 4456
f 4473 4655 4470
f 4470 4655 4510
f 4942 4583 4943
f 4943 4583 4572
f 4948 4601 4947
f 4947 4601 4584
f 4949 4835 4625
f 4625 4835 4626
f 4966 4969 6289
f 6289 4969 4695
f 4971 4652 4926
f 4926 4652 4368
f 4203 4977 6364
f 6364 4977 6365
f 4990 4989 4443
f 4443 4989 4440
f 4990 4991 4478
f 4478 4991 4512
f 4992 4991 4528
f 4528 4991 4515
f 4992 4993 4527
f 4527 4993 4485
f 4994 4993 4502
f 4502 4993 4503
f 4994 4995 4482
f 4482 4995 4550
f 4543 4996 4544
f 4544 4996 4995
f 4999 4998 4567
f 4567 4998 4578
f 5000 4998 4575
f 4575 4998 4997
f 5002 5001 4592
f 4592 5001 4574
f 5003 5004 4614
f 4614 5004 4611
f 3483 4215 1755
f 1755 4215 4698
f 5274 5277 4195
f 4195 5277 4223
f 4726 5295 4727
f 4727 5295 6350
f 5309 5342 5310
f 5310 5342 6363
f 5315 5314 5316
f 5316 5314 5317
f 5339 6362 5340
f 5340 6362 5363
f 5310 6363 5339
f 5339 6363 6362
f 4204 5309 4201
f 4201 5309 5308
f 4915 5345 6449
f 6449 5345 6448
f 5345 5315 6448
f 6448 5315 5316
f 5348 5347 6351
f 6351 5347 6352
f 5365 4263 5340
f 5340 4263 4262
f 6295 6298 4733
f 4733 6298 4734
f 4969 6306 4695
f 4695 6306 4696
f 6306 4378 4696
f 4696 4378 6311
f 6369 6372 6544
f 6544 6372 6545
f 4375 6390 4373
f 4373 6390 4374
f 6421 6422 4911
f 4911 6422 4908
f 4910 4909 4737
f 4737 4909 4736
f 5277 4219 4223
f 4223 4219 6429
f 4697 4222 6344
f 6344 4222 4221
f 6436 6361 6437
f 6437 6361 6360
f 6438 6440 6437
f 6437 6440 6434
f 6438 6359 6441
f 6441 6359 6358
f 6442 6441 6357
f 6357 6441 6358
f 6442 6444 6443
f 6443 6444 6445
f 6446 6444 6355
f 6355 6444 6356
f 6446 4912 6447
f 6447 4912 6450
f 6436 6435 5365
f 5365 6435 4263
f 5314 5347 5317
f 5317 5347 5346
f 4319 6512 4320
f 4320 6512 6513
f 6520 6512 6521
f 6521 6512 6508
f 6528 6520 6527
f 6527 6520 6521
f 6532 6539 6533
f 6533 6539 6535
f 6533 6535 6537
f 6537 6535 6534
f 6538 6543 6537
f 6537 6543 6536
f 6295 4377 6296
f 6296 4377 4376
f 4989 4930 4440
f 4440 4930 4439
f 4927 4929 4422
f 4422 4929 4455
f 4449 4936 4388
f 4388 4936 4459
f 4472 4935 4474
f 4474 4935 4932
f 4942 4940 4947
f 4947 4940 4939
f 5001 5000 4574
f 4574 5000 4575
f 4669 4943 4666
f 4666 4943 4667
f 4996 4999 4547
f 4547 4999 4567
f 4948 4946 4620
f 4620 4946 4615
f 5003 5002 4591
f 4591 5002 4592
f 6557 4971 6554
f 6554 4971 4926
f 6532 6560 6539
f 6539 6560 6559
f 6390 6372 4374
f 4374 6372 6371
f 4966 6298 4967
f 4967 6298 6297
f 6538 6526 6369
f 6369 6526 6370
f 6585 6589 4621
f 4621 6589 4619
f 6597 6578 6598
f 6598 6578 6577
f 6606 6583 6607
f 6607 6583 6603
f 6611 6602 6598
f 6598 6602 6596
f 6585 6584 6606
f 6606 6584 6583
f 6597 6580 5004
f 5004 6580 4611
f 6607 6603 6730
f 6730 6603 6732
f 6776 6785 6777
f 6777 6785 6784
f 6785 6776 6792
f 6792 6776 6782
f 6815 6814 6812
f 6812 6814 6813
f 6817 6814 6795
f 6795 6814 6796
f 6825 6784 6827
f 6827 6784 6783
f 6830 6815 6832
f 6832 6815 6812
f 6817 6795 6835
f 6835 6795 6837
f 6792 6782 6730
f 6730 6782 6728
f 6858 6825 6860
f 6860 6825 6827
f 6863 6830 6857
f 6857 6830 6832
f 6864 6863 6856
f 6856 6863 6857
f 6866 6858 6867
f 6867 6858 6860
f 6866 6864 6855
f 6855 6864 6856
f 6835 6837 6611
f 6611 6837 6602
f 6560 6528 6559
f 6559 6528 6527
f 4949 6557 4710
f 4710 6557 6554
f 4430 4090 4175
f 4175 4090 4089
f 4777 4113 4155
f 4155 4113 4086
f 4175 4089 4176
f 4176 4089 4142
f 4199 4271 4200
f 4200 4271 4798
f 4199 4095 4272
f 4272 4095 5273
f 4406 4405 4404
f 4404 4405 4346
f 4410 4409 6877
f 6877 4409 6876
f 4409 4413 6876
f 6876 4413 6307
f 4415 4148 4416
f 4416 4148 4147
f 4690 4405 4344
f 4344 4405 4342
f 4693 4692 4352
f 4352 4692 4349
f 4701 4700 6337
f 6337 4700 6338
f 4778 4777 4081
f 4081 4777 4155
f 4821 4406 4809
f 4809 4406 4404
f 4176 4142 4181
f 4181 4142 4415
f 4760 4970 4399
f 4399 4970 4692
f 4200 5007 4096
f 4096 5007 4078
f 5266 4693 5269
f 5269 4693 4352
f 5270 5007 5361
f 5361 5007 4797
f 4778 5270 4779
f 4779 5270 5361
f 6285 4410 6875
f 6875 4410 6877
f 6308 4413 4687
f 4687 4413 4412
f 6480 6320 6481
f 6481 6320 6880
f 4701 2878 4702
f 4702 2878 3472
f 6339 6347 6340
f 6340 6347 6348
f 6341 6342 6346
f 6346 6342 6345
f 4416 6308 4414
f 4414 6308 4687
f 6385 4690 6381
f 6381 4690 4344
f 5282 6341 5280
f 5280 6341 6339
f 4700 6342 6338
f 6338 6342 5281
f 6340 6348 4272
f 4272 6348 4270
f 6480 6479 4828
f 4828 6479 4829
f 6490 6479 6489
f 6489 6479 6478
f 4090 4430 6490
f 6490 4430 4429
f 6563 6564 4970
f 4970 6564 4815
f 4694 6566 4366
f 4366 6566 6563
f 6572 6385 6568
f 6568 6385 6381
f 4821 6285 4822
f 4822 6285 6875
f 6572 5266 6569
f 6569 5266 5269
f 3482 3103 4369
f 4369 3103 4370
f 3121 4730 3485
f 3485 4730 4327
f 6277 6280 6273
f 6273 6280 6272
f 6267 6276 6278
f 6278 6276 6279
f 6278 6279 6277
f 6277 6279 6280
f 6279 6256 6280
f 6280 6256 6255
f 6256 3857 6255
f 6255 3857 3754
f 3857 3856 3754
f 3754 3856 3755
f 3856 3703 3755
f 3755 3703 3863
f 3703 3702 3863
f 3863 3702 3759
f 3702 3706 3759
f 3759 3706 3670
f 3706 3705 3670
f 3670 3705 3668
f 3705 3773 3668
f 3668 3773 3882
f 3882 3773 3883
f 3883 3773 3707
f 3707 3708 3883
f 3883 3708 3880
f 3708 3710 3880
f 3880 3710 3881
f 3709 5241 3710
f 3710 5241 3881
f 5241 3709 5234
f 5234 3709 3786
f 3693 3712 3786
f 3786 3712 5234
f 4051 4055 4052
f 4052 4055 4056
f 4056 4055 4057
f 4057 4055 4054
f 4066 5238 5236
f 5236 5238 3989
f 4066 4069 5238
f 5238 4069 4035
f 6881 3962 3960
f 3960 3962 3957
f 6883 4070 6882
f 6882 4070 3941
f 4070 6883 4071
f 4071 6883 6884
f 4071 6884 4072
f 4072 6884 6885
f 6885 6886 4072
f 4072 6886 4031
f 3955 6881 3956
f 3956 6881 3960
f 6884 3991 6885
f 6885 3991 3990
f 6883 6887 6884
f 6884 6887 3991
f 6887 6888 3991
f 3991 6888 3992
f 6888 6887 6889
f 6889 6887 6890
f 6887 6883 6890
f 6890 6883 6882
f 4058 5240 3953
f 3953 5240 3954
f 5236 6888 5239
f 5239 6888 6889
f 5237 6886 3990
f 3990 6886 6885
f 4034 4031 5237
f 5237 4031 6886
f 6881 6882 3962
f 3962 6882 3941
f 6881 3955 6882
f 6882 3955 6890
f 3955 3954 6890
f 6890 3954 6889
f 5239 6889 5240
f 5240 6889 3954
f 6888 5236 3992
f 3992 5236 3989
f 3869 3868 3888
f 3888 3868 4015
f 3868 4012 4015
f 4015 4012 4010
f 4012 4022 4010
f 4010 4022 4009
f 4022 4021 4009
f 4009 4021 4018
f 4020 3974 4001
f 4001 3974 3996
f 4021 4020 4029
f 4029 4020 4001
f 4085 4156 4086
f 4086 4156 4155
f 4113 4777 4114
f 4114 4777 4776
f 4130 4129 4094
f 4094 4129 4091
f 4139 4773 4140
f 4140 4773 4772
f 4149 4178 4150
f 4150 4178 5225
f 4160 4159 4087
f 4087 4159 4088
f 4149 4148 4179
f 4179 4148 4141
f 4085 4084 4183
f 4183 4084 6315
f 4179 4141 4159
f 4159 4141 4088
f 4192 4130 4162
f 4162 4130 4094
f 4197 5288 4198
f 4198 5288 5287
f 4229 4766 4230
f 4230 4766 4771
f 4245 4246 4242
f 4242 4246 4249
f 4183 6315 4418
f 4418 6315 6314
f 4679 4178 4680
f 4680 4178 4177
f 4724 4798 4725
f 4725 4798 4271
f 4728 5275 4729
f 4729 5275 5274
f 4230 4771 4249
f 4249 4771 4242
f 4724 4723 4799
f 4799 4723 5355
f 4823 4824 4891
f 4891 4824 6327
f 4823 4192 4161
f 4161 4192 4162
f 4893 4767 4229
f 4229 4767 4766
f 4894 4895 4898
f 4898 4895 4899
f 4106 4150 4103
f 4103 4150 5225
f 4680 4894 4677
f 4677 4894 4898
f 6420 4977 5301
f 5301 4977 4976
f 4679 4678 5226
f 5226 4678 4427
f 5228 5008 4893
f 4893 5008 4767
f 5285 6354 5286
f 5286 6354 5343
f 5289 5352 5290
f 5290 5352 5349
f 5290 5349 5295
f 5295 5349 5348
f 5302 5299 4202
f 4202 5299 4976
f 4725 4271 5311
f 5311 4271 4270
f 5325 4723 5326
f 5326 4723 4722
f 5335 5355 5325
f 5325 5355 4723
f 5326 4722 5286
f 5286 4722 5283
f 4799 5357 4797
f 4797 5357 5361
f 5359 5356 5335
f 5335 5356 5355
f 4775 4774 5356
f 5356 4774 5357
f 5359 5358 4092
f 4092 5358 4093
f 6316 4740 6317
f 6317 4740 4739
f 6318 4827 6316
f 6316 4827 4740
f 6319 4828 6318
f 6318 4828 4827
f 6320 6480 6319
f 6319 6480 4828
f 6484 6322 6485
f 6485 6322 6321
f 6487 6324 6331
f 6331 6324 6323
f 6331 6323 6330
f 6330 6323 6325
f 6325 6326 6330
f 6330 6326 6329
f 6326 6328 6329
f 6329 6328 5231
f 4824 4685 5228
f 5228 4685 5008
f 5226 6343 5225
f 5225 6343 4103
f 4728 4727 6349
f 6349 4727 5284
f 6350 6351 5285
f 5285 6351 6354
f 4247 4246 6418
f 6418 4246 6365
f 6400 6402 6401
f 6401 6402 6459
f 4197 4196 6409
f 6409 4196 6426
f 6412 4897 6328
f 6328 4897 5231
f 6413 4133 6412
f 6412 4133 4897
f 6414 4134 6413
f 6413 4134 4133
f 6415 4225 6414
f 6414 4225 4134
f 6416 4252 6415
f 6415 4252 4225
f 6417 4253 6416
f 6416 4253 4252
f 4253 6417 6366
f 6366 6417 6419
f 6366 6419 4911
f 4911 6419 6421
f 6422 6423 4908
f 4908 6423 5298
f 5298 6423 6396
f 6396 6423 6424
f 6409 6426 6425
f 6425 6426 6397
f 5300 5299 6399
f 6399 5299 6400
f 6465 6408 6401
f 6401 6408 6398
f 6424 6399 6425
f 6425 6399 6398
f 6349 5284 5311
f 5311 5284 5283
f 6465 6464 5289
f 5289 6464 5352
f 6488 6483 6492
f 6492 6483 6482
f 6486 6491 6482
f 6482 6491 6492
f 6491 4895 6492
f 6492 4895 4157
f 6488 4160 6489
f 6489 4160 4087
f 6501 6502 4418
f 4418 6502 4417
f 6504 6500 6317
f 6317 6500 6314
f 3497 3496 6501
f 6501 3496 6502
f 3499 3498 6504
f 6504 3498 6500
f 4729 5274 4198
f 4198 5274 4195
f 6418 6365 6420
f 6420 6365 4977
f 5295 5348 6350
f 6350 5348 6351
f 5301 6422 6420
f 6420 6422 6421
f 4113 4112 4086
f 4086 4112 4083
f 6320 4112 6880
f 6880 4112 4111
f 4091 4772 4092
f 4092 4772 4775
f 4129 4140 4091
f 4091 4140 4772
f 4137 4140 4128
f 4128 4140 4129
f 4128 6324 4137
f 4137 6324 6321
f 6324 6487 6321
f 6321 6487 6485
f 6487 6486 6485
f 6485 6486 6482
f 4774 4773 4779
f 4779 4773 4776
f 4773 4139 4776
f 4776 4139 4114
f 4139 4138 4114
f 4114 4138 4111
f 4138 6322 4111
f 4111 6322 6880
f 6322 6484 6880
f 6880 6484 6481
f 6484 6483 6481
f 6481 6483 6478
f 6879 6343 6309
f 6309 6343 4428
f 4106 4105 4900
f 4900 4105 6307
f 3500 3167 6495
f 6495 3167 6496
f 3500 6495 3070
f 3070 6495 5368
f 3502 5235 3501
f 3501 5235 4813
f 3024 3503 6473
f 6473 3503 6474
f 3503 3023 6474
f 6474 3023 6374
f 3504 1770 4348
f 4348 1770 4345
f 3502 3505 5235
f 5235 3505 4810
f 3498 3497 6500
f 6500 3497 6501
f 3496 3075 6502
f 6502 3075 6275
f 6299 4254 3174
f 3174 4254 3017
f 1769 3501 4814
f 4814 3501 4813
f 3506 3018 6476
f 6476 3018 4257
f 3507 3499 6499
f 6499 3499 6504
f 3030 4216 3483
f 3483 4216 4215
f 3077 3507 6333
f 6333 3507 6499
f 1784 3160 5249
f 5249 3160 6523
f 3015 3506 4240
f 4240 3506 6476
f 3508 3504 6383
f 6383 3504 4348
f 3509 3016 6477
f 6477 3016 4239
f 3028 3509 6467
f 6467 3509 6477
f 3022 1785 5246
f 5246 1785 5247
f 3161 3508 6570
f 6570 3508 6383
f 3150 3149 4694
f 4694 3149 6566
f 1327 4807 3510
f 3510 4807 4811
f 3510 4811 3505
f 3505 4811 4810
f 3146 3511 4816
f 4816 3511 4350
f 3511 1808 4350
f 4350 1808 4351
f 3485 4327 3159
f 3159 4327 4330
f 1326 3512 4806
f 4806 3512 6310
f 3512 1331 6310
f 6310 1331 4688

