# https://github.com/mikedh/trimesh
v -1.73682475 1.82835865 -1.94181323
v -1.74623740 1.82066917 -1.95223045
v -1.74592113 1.81230080 -1.94069099
v -1.73560166 1.81559753 -1.93029821
v -1.75355673 1.80801988 -1.94783139
v -1.75353169 1.81368709 -1.95857096
v -1.74443650 1.80158317 -1.93306959
v -1.73379135 1.80206501 -1.92382693
v -1.75671422 1.76690280 -1.93235755
v -1.75309062 1.75767732 -1.92720556
v -1.74782002 1.76753759 -1.92559075
v -1.75213969 1.77382207 -1.93205905
v -1.76671851 1.74330044 -1.93876278
v -1.77541113 1.74072981 -1.94870663
v -1.77303994 1.72761989 -1.94651282
v -1.76361763 1.72987807 -1.93755269
v -1.77489257 1.76579285 -1.98051631
v -1.77899516 1.75960088 -1.97687256
v -1.77624321 1.76453471 -1.97162426
v -1.77187812 1.76997662 -1.97605538
v -1.77182341 1.77695727 -1.98834836
v -1.76660728 1.77975225 -1.98519731
v -1.76701486 1.78584552 -1.99004745
v -1.77354693 1.78297698 -1.99306166
v -1.77613962 1.76156139 -1.98654044
v -1.77986562 1.75484467 -1.98248422
v -1.77186489 1.77151966 -1.98382497
v -1.77515638 1.76837182 -1.98740709
v -1.78500950 1.76868248 -1.99485743
v -1.78196990 1.77184606 -1.99222386
v -1.78549337 1.77682590 -1.99688876
v -1.78737795 1.77169800 -1.99881518
v -1.77931404 1.76325727 -1.98946655
v -1.78004730 1.76709437 -1.98958409
v -1.78299665 1.76521039 -1.99311471
v -1.78124714 1.76173925 -1.99354470
v -1.77586305 1.77475739 -1.99111223
v -1.77933967 1.78035069 -1.99530458
v -1.78255856 1.78538465 -2.00049162
v -1.78954077 1.78030396 -2.00249839
v -1.78378403 1.74427199 -1.96872008
v -1.78221714 1.75286508 -1.97251403
v -1.78313255 1.74870253 -1.97841644
v -1.78487539 1.74223995 -1.97477257
v -1.78019345 1.75743484 -1.99202216
v -1.78794646 1.74385786 -1.99222088
v -1.78657365 1.74711013 -1.99131715
v -1.78681290 1.75011504 -1.99751544
v -1.78823471 1.74701834 -1.99776113
v -1.78506529 1.72698021 -1.96541750
v -1.78670192 1.72850204 -1.97191966
v -1.78784418 1.72123170 -1.97227132
v -1.78618753 1.71762073 -1.96628666
v -1.78916597 1.71530914 -1.97516191
v -1.78691745 1.70852375 -1.96828353
v -1.78994191 1.69655657 -1.97830343
v -1.78881276 1.70155358 -1.97326815
v -1.79093456 1.71076202 -1.97945428
v -1.79411399 1.70814764 -1.98555696
v -1.79437339 1.71839118 -1.99697697
v -1.79535353 1.71898985 -2.00301600
v -1.80031538 1.70667136 -2.00088978
v -1.79812682 1.70690370 -1.99363101
v -1.78760219 1.73720217 -1.99227321
v -1.78654575 1.73558688 -1.98820746
v -1.78771996 1.73811626 -1.98825991
v -1.78848076 1.74104548 -1.99240494
v -1.78586650 1.73421860 -1.98487508
v -1.78594136 1.73353148 -1.98340261
v -1.78640401 1.73527813 -1.98356700
v -1.78610241 1.73548973 -1.98483443
v -1.78618145 1.73558211 -1.98670685
v -1.78711760 1.73428929 -1.98795354
v -1.78635216 1.73388481 -1.98588061
v -1.78852260 1.73529911 -1.99180186
v -1.79134786 1.73727775 -2.00543499
v -1.79128361 1.73735261 -2.00146389
v -1.78847778 1.74060059 -2.00164485
v -1.78819060 1.74062252 -2.00502443
v -1.78647649 1.73761106 -1.98505306
v -1.78619230 1.73872328 -1.98249972
v -1.78648508 1.74310493 -1.98595047
v -1.78700376 1.74047005 -1.98737121
v -1.78616953 1.74049509 -1.97968769
v -1.78601241 1.73581409 -1.98130763
v -1.78616107 1.73544765 -1.97842753
v -1.78636634 1.73210633 -1.98419130
v -1.78667104 1.72971714 -1.98192155
v -1.78662121 1.73248720 -1.98113930
v -1.78782213 1.72740269 -1.98423612
v -1.78745866 1.73131466 -1.98673654
v -1.78925979 1.73147583 -1.99067485
v -1.79118598 1.73222709 -1.99586034
v -1.79167128 1.72638774 -1.99382305
v -1.78985786 1.72636271 -1.98835361
v -1.78491890 1.74540257 -1.98323786
v -1.78658879 1.73070204 -1.97721279
v -1.78526640 1.73593712 -1.97280216
v -1.78753603 1.72601724 -1.97798765
v -1.78868794 1.72212887 -1.98051536
v -1.79053652 1.71900439 -1.98499012
v -1.79262042 1.71857882 -1.99074471
v -1.79567111 1.69264746 -1.99707854
v -1.79380536 1.69377708 -1.98813558
v -1.75565243 1.80639100 -1.96092570
v -1.75698626 1.80356455 -1.95260489
v -1.75833857 1.79461813 -1.95210731
v -1.75738943 1.79704261 -1.94981182
v -1.75702739 1.79940712 -1.95532858
v -1.75802100 1.79698551 -1.95611286
v -1.75415301 1.77972674 -1.93801093
v -1.75597370 1.78413868 -1.94273341
v -1.75639534 1.77998209 -1.94314909
v -1.75686955 1.77359223 -1.93810761
v -1.76272142 1.77787352 -1.95338249
v -1.76092112 1.77679861 -1.94849837
v -1.75879896 1.78442073 -1.95074224
v -1.76002359 1.78515363 -1.95438862
v -1.76076460 1.78617024 -1.95837700
v -1.76025128 1.78665590 -1.96267021
v -1.76255417 1.78211033 -1.96369410
v -1.76327753 1.78022075 -1.95871234
v -1.75537622 1.80166030 -1.96132112
v -1.75345266 1.80077052 -1.96838593
v -1.75481451 1.79809475 -1.96737289
v -1.75697744 1.79882526 -1.96156836
v -1.75123143 1.78988576 -1.97704816
v -1.75128329 1.79246938 -1.97562182
v -1.75086153 1.79461443 -1.97886014
v -1.75184453 1.79043484 -1.98048055
v -1.75381339 1.78786469 -1.97908700
v -1.75259876 1.78869081 -1.97632730
v -1.71951711 1.84560096 -1.94453835
v -1.73587310 1.83699703 -1.95583594
v -1.71968377 1.83203614 -1.92892230
v -1.72096801 1.81729555 -1.91931701
v -1.72203779 1.80043244 -1.91432631
v -1.78038704 1.72657406 -1.95659423
v -1.78035581 1.71530676 -1.95594978
v -1.77082217 1.71479797 -1.94471478
v -1.77071834 1.70329714 -1.94763792
v -1.78124404 1.70382571 -1.95866370
v -1.77993023 1.68686354 -1.97288561
v -1.78142393 1.69374871 -1.96458983
v -1.76776755 1.69216490 -1.95338845
v -1.75322855 1.69589198 -1.94108903
v -1.75813341 1.70534134 -1.93821347
v -1.73850000 1.70227075 -1.93131649
v -1.74358392 1.68490756 -1.94520414
v -1.73202980 1.69761133 -1.93204510
v -1.74765444 1.65114033 -1.96189475
v -1.74618065 1.63718963 -1.95809007
v -1.74061084 1.64003587 -1.94349444
v -1.74223423 1.65287924 -1.94600356
v -1.76080108 1.71706724 -1.93662822
v -1.73660862 1.77290392 -1.91923177
v -1.74360096 1.77848744 -1.92647934
v -1.74120104 1.75967741 -1.92023349
v -1.69097865 1.80984712 -1.89690995
v -1.70549881 1.81627321 -1.90886557
v -1.71076477 1.79886043 -1.90366471
v -1.69692218 1.79467416 -1.89464593
v -1.66928577 1.84319520 -1.91622746
v -1.69462407 1.84744620 -1.92887914
v -1.69985032 1.83324707 -1.91877449
v -1.67967474 1.82932186 -1.90587568
v -1.68666422 1.78783417 -1.88878894
v -1.67205024 1.77740991 -1.88307488
v -1.65629399 1.78463411 -1.88223219
v -1.67158353 1.80015278 -1.88961315
v -1.63703024 1.79644442 -1.88742828
v -1.65564084 1.81520438 -1.89508271
v -1.72910428 1.68330383 -1.93103838
v -1.72111094 1.69581521 -1.92693448
v -1.74324167 1.66850019 -1.94908822
v -1.73349535 1.66912746 -1.93438756
v -1.62081170 1.80517483 -1.89997554
v -1.64139342 1.82780814 -1.90674305
v -1.64430070 1.73256946 -1.88728797
v -1.64086723 1.75068355 -1.88247371
v -1.66239405 1.74998450 -1.88327742
v -1.66215587 1.73355830 -1.88726389
v -1.62356055 1.73204017 -1.89147365
v -1.61928570 1.75265718 -1.88697052
v -1.66990840 1.69141436 -1.91021121
v -1.68118680 1.68382478 -1.92049789
v -1.66742015 1.67896438 -1.92329657
v -1.65410578 1.68556261 -1.91365874
v -1.75217593 1.80122209 -1.94009733
v -1.75704777 1.79869127 -1.94591963
v -1.75577962 1.79284525 -1.94133866
v -1.75076485 1.79295158 -1.93534708
v -1.74292445 1.79037905 -1.92862451
v -1.73371065 1.78749037 -1.92065072
v -1.71364391 1.78367424 -1.90385342
v -1.70106494 1.78166008 -1.89515007
v -1.68244767 1.76815748 -1.88591421
v -1.69318736 1.77582037 -1.89051270
v -1.67658210 1.74438643 -1.88737047
v -1.67634404 1.73409176 -1.89008164
v -1.70654631 1.69569802 -1.91956806
v -1.71395111 1.68106866 -1.92690992
v -1.70074940 1.67818332 -1.92882264
v -1.69294024 1.68942988 -1.91926622
v -1.67786992 1.66939282 -1.93180931
v -1.68923521 1.67437720 -1.93012631
v -1.72051859 1.65329576 -1.93242562
v -1.71760941 1.64015806 -1.93079400
v -1.70417047 1.64122117 -1.92979145
v -1.70764947 1.65190864 -1.93284714
v -1.69116867 1.64011955 -1.93109822
v -1.68047929 1.63966870 -1.93668413
v -1.68334162 1.65025973 -1.93875110
v -1.69384265 1.65234590 -1.93491054
v -1.75459898 1.63373995 -1.98235190
v -1.75007379 1.62147021 -1.98057103
v -1.74700308 1.62315869 -1.96859348
v -1.74964094 1.63507259 -1.97198033
v -1.71298432 1.63023078 -1.92683363
v -1.69957697 1.63433576 -1.92445111
v -1.68469441 1.69870567 -1.90885520
v -1.69411683 1.70534468 -1.90939057
v -1.68651104 1.63344502 -1.92535889
v -1.69463944 1.66278481 -1.93450499
v -1.70750856 1.66510904 -1.93264651
v -1.66702056 1.66687918 -1.93772960
v -1.65564799 1.67531085 -1.93041539
v -1.76829922 1.77414298 -1.98060560
v -1.75843799 1.78474045 -1.97269285
v -1.75665379 1.78808737 -1.97095942
v -1.75448430 1.78821659 -1.97427928
v -1.75603127 1.78598142 -1.97637498
v -1.74459088 1.82756567 -1.97905183
v -1.75315487 1.81319284 -1.98382914
v -1.75362074 1.81564081 -1.97048318
v -1.74541938 1.82602489 -1.96558523
v -1.77640998 1.75587535 -1.95218110
v -1.77535927 1.76425362 -1.96125472
v -1.77988696 1.75780082 -1.96655726
v -1.78136480 1.74854791 -1.96154583
v -1.75692546 1.78647709 -1.94586504
v -1.75650692 1.78882694 -1.94373369
v -1.75769639 1.78918743 -1.94709921
v -1.78444314 1.73616552 -1.96690536
v -1.78110468 1.73783374 -1.95842195
v -1.74726653 1.74664402 -1.92400086
v -1.75021875 1.78337574 -1.93306768
v -1.65881026 1.85416603 -1.93451500
v -1.68955159 1.85835242 -1.94737875
v -1.60803044 1.81426525 -1.91530752
v -1.63020766 1.83720934 -1.92289686
v -1.60077858 1.75360060 -1.89717317
v -1.60315132 1.73183537 -1.90126550
v -1.58912361 1.73095179 -1.91104269
v -1.58674490 1.76037121 -1.91120172
v -1.64162207 1.68163276 -1.92146444
v -1.67218077 1.63784432 -1.94332039
v -1.67414105 1.64835453 -1.94449651
v -1.71524072 1.85154676 -1.95963502
v -1.73307657 1.84156752 -1.96974564
v -1.72281075 1.78477085 -1.91148984
v -1.76331699 1.76006556 -1.93596625
v -1.76217675 1.76902199 -1.94009125
v -1.76657319 1.76831627 -1.94405341
v -1.76910663 1.75686908 -1.94099343
v -1.76046002 1.74886346 -1.93283296
v -1.75371003 1.73625922 -1.93035364
v -1.74588966 1.72277427 -1.92730927
v -1.74345720 1.70995092 -1.92940199
v -1.66255248 1.76495290 -1.88077629
v -1.64110982 1.76828790 -1.88037562
v -1.62310946 1.77498233 -1.88535523
v -1.60705888 1.77999115 -1.89754033
v -1.67305982 1.75877166 -1.88388133
v -1.59520233 1.78666902 -1.91331577
v -1.78430164 1.75401473 -1.99690974
v -1.78314102 1.75136828 -1.98929679
v -1.78258157 1.75765204 -1.99756277
v -1.79243624 1.73265934 -2.00089645
v -1.79269326 1.73306036 -2.00513458
v -1.79286397 1.72683811 -2.00433302
v -1.79270887 1.72653389 -1.99937189
v -1.78221667 1.68244696 -1.99207222
v -1.78051686 1.68384182 -1.98253012
v -1.75907755 1.64647377 -1.98350954
v -1.75382650 1.64797688 -1.97413778
v -1.78319299 1.76686072 -1.99796963
v -1.78277802 1.76729345 -1.99937773
v -1.78137386 1.76518905 -1.99898279
v -1.78180707 1.76517510 -1.99715817
v -1.78683412 1.73643434 -1.98645127
v -1.78828537 1.74815917 -2.00267792
v -1.78785396 1.74842191 -2.00554347
v -1.78831875 1.74460578 -2.00546551
v -1.78896487 1.74431515 -2.00248003
v -1.76145899 1.67982924 -1.96331310
v -1.75200212 1.66606593 -1.96400547
v -1.73113775 1.63868856 -1.93526042
v -1.73345828 1.65336585 -1.93549275
v -1.71950865 1.66792750 -1.93036580
v -1.68245018 1.66100121 -1.93632472
v -1.67273176 1.65671945 -1.94168878
v -1.65863907 1.65599370 -1.96009827
v -1.65012240 1.66450834 -1.95819581
v -1.65678513 1.66426122 -1.94659340
v -1.66412532 1.65681815 -1.95061839
v -1.76714623 1.67379022 -1.97797585
v -1.77006304 1.67298126 -1.98756206
v -1.76301658 1.66145790 -1.98514903
v -1.75894165 1.66249037 -1.97613013
v -1.78341138 1.76486182 -2.00335121
v -1.78451669 1.76488948 -2.00527954
v -1.78311884 1.76165438 -2.00417495
v -1.78255379 1.76298165 -2.00200367
v -1.78131497 1.76278806 -1.99618483
v -1.78108108 1.76183951 -1.99836874
v -1.78171217 1.76019096 -1.99816442
v -1.78424227 1.76696396 -1.99704909
v -1.78266382 1.76466870 -1.99588525
v -1.78623497 1.76995659 -2.00247622
v -1.78574729 1.76914716 -1.99955535
v -1.79011130 1.77252722 -2.00403690
v -1.78237498 1.76515961 -2.00135231
v -1.78165126 1.76338243 -2.00047302
v -1.78095770 1.76379490 -1.99716640
v -1.78063095 1.76355028 -1.99870658
v -1.78451705 1.76916862 -2.00146341
v -1.78417826 1.76827908 -1.99954748
v -1.77544451 1.78852701 -1.99776733
v -1.77489007 1.79054904 -2.00369453
v -1.78218794 1.78698993 -2.00683689
v -1.78933370 1.78195286 -2.00995207
v -1.79052937 1.77389050 -2.01058698
v -1.76426864 1.65981531 -1.99199343
v -1.76029789 1.64543581 -1.99098754
v -1.72909033 1.84257615 -1.98658752
v -1.74165547 1.82712519 -1.99168599
v -1.78590214 1.73463511 -1.98560190
v -1.75421941 1.80569577 -1.96948612
v -1.76964319 1.76949191 -1.95130849
v -1.76763010 1.77404928 -1.97292018
v -1.77156687 1.77052307 -1.96756041
v -1.76667273 1.77621627 -1.96547544
v -1.76386058 1.77894735 -1.97052717
v -1.75292873 1.80399823 -1.97852135
v -1.75576758 1.80332470 -1.98895860
v -1.75265789 1.79844880 -1.98365045
v -1.75443065 1.79222667 -1.98550677
v -1.76015484 1.79541564 -1.99087608
v -1.76099479 1.78713846 -1.98710585
v -1.75610721 1.78681421 -1.98342586
v -1.75810778 1.79231584 -1.94918704
v -1.75712454 1.79256201 -1.94643044
v -1.76194477 1.78158736 -1.98242283
v -1.76429069 1.77741134 -1.97780395
v -1.76093888 1.78096056 -1.97517729
v -1.75821769 1.78336430 -1.97950578
v -1.76892292 1.77245092 -1.95929515
v -1.75455225 1.78642738 -1.93907118
v -1.75853813 1.77751887 -1.94503164
v -1.69937527 1.71291113 -1.90808761
v -1.70841098 1.70631146 -1.91502786
v -1.72943676 1.70620561 -1.91731596
v -1.73199558 1.70480514 -1.92156291
v -1.72601306 1.70593739 -1.92470551
v -1.72402251 1.70576286 -1.91758299
v -1.69669449 1.74285889 -1.89411318
v -1.69056058 1.74772120 -1.89136362
v -1.69543898 1.75152993 -1.89361930
v -1.69806790 1.74443626 -1.89518654
v -1.70125544 1.75066257 -1.89642417
v -1.70199335 1.75484276 -1.89641237
v -1.70594668 1.74857926 -1.89936137
v -1.70349038 1.74679387 -1.89794147
v -1.69818115 1.76439428 -1.89372456
v -1.70617723 1.76789713 -1.89852524
v -1.70856094 1.75614572 -1.90070713
v -1.72622681 1.76564062 -1.91271663
v -1.72124970 1.75009763 -1.91044533
v -1.71455240 1.75390887 -1.90546858
v -1.71500576 1.76817274 -1.90593100
v -1.73310924 1.71077061 -1.92167401
v -1.73276651 1.71964312 -1.92095447
v -1.71768534 1.70446897 -1.92186117
v -1.57729208 1.74359298 -1.92714643
v -1.57859802 1.77171040 -1.92845058
v -1.64942455 1.71649146 -1.89338851
v -1.63157952 1.71341801 -1.89763319
v -1.66659498 1.72011971 -1.89337707
v -1.68062961 1.72332907 -1.89456451
v -1.61397862 1.71414661 -1.90367079
v -1.60227835 1.70896935 -1.91273761
v -1.73413479 1.74995637 -1.91585505
v -1.72646391 1.73966599 -1.91490257
v -1.65852320 1.70324445 -1.90190434
v -1.64236414 1.69906735 -1.90550566
v -1.67423785 1.70781767 -1.90034866
v -1.68626237 1.71357107 -1.90084183
v -1.62411880 1.69828320 -1.91178560
v -1.62975132 1.68056464 -1.93341017
v -1.61397910 1.69282627 -1.92691898
v -1.72378111 1.71574020 -1.91418970
v -1.72753549 1.71670938 -1.91734409
v -1.72918725 1.71033168 -1.91843605
v -1.72799158 1.71114707 -1.91440320
v -1.73893034 1.73732257 -1.92108846
v -1.72995651 1.72968054 -1.91747022
v -1.76857305 1.79187274 -1.99454093
v -1.76046920 1.79855013 -1.99793613
v -1.76786995 1.79439163 -2.00069141
v -1.75431001 1.80488241 -1.99600875
v -1.62620902 1.84531426 -1.94509995
v -1.65142059 1.85812306 -1.95553553
v -1.58895326 1.79962528 -1.93181229
v -1.60520840 1.82445931 -1.93726695
v -1.79530621 1.71835589 -2.00829244
v -1.80058205 1.70684886 -2.00757027
v -1.78489208 1.75493026 -2.00205612
v -1.78461194 1.75471711 -2.00488377
v -1.78632271 1.75149059 -2.00523973
v -1.78658545 1.75150919 -2.00234795
v -1.75152731 1.79835796 -1.97458053
v -1.64526725 1.67372465 -1.94146872
v -1.66735935 1.64702797 -1.95263219
v -1.66579628 1.63647985 -1.95204103
v -1.67497993 1.63129258 -1.93048251
v -1.66670060 1.62873006 -1.93838322
v -1.78337789 1.75816691 -2.00461388
v -1.78330386 1.75815010 -2.00189924
v -1.78330147 1.76786900 -2.00173640
v -1.78915298 1.74382210 -1.99762475
v -1.78231812 1.76069772 -2.00147581
v -1.78183281 1.76231241 -2.00043821
v -1.78295517 1.76160908 -2.00629067
v -1.78297758 1.75803971 -2.00605726
v -1.76087880 1.78366733 -1.96842206
v -1.75862193 1.78826356 -1.96675253
v -1.78720045 1.76827264 -2.00558805
v -1.78496981 1.76792908 -2.00379848
v -1.78675497 1.76788712 -2.00901294
v -1.74456489 1.62430418 -1.95378768
v -1.73751831 1.62632537 -1.94091320
v -1.78734267 1.74839520 -2.00738835
v -1.78797245 1.74454522 -2.00750828
v -1.68332148 1.86215091 -1.96828473
v -1.62498879 1.67630577 -1.94912004
v -1.60992050 1.68835104 -1.94290125
v -1.71834230 1.74010217 -1.90927804
v -1.71683681 1.73459566 -1.90769708
v -1.71241522 1.73962569 -1.90429568
v -1.71409774 1.74513578 -1.90632069
v -1.75639904 1.63286829 -1.99037647
v -1.72574830 1.62730217 -1.93219721
v -1.65972018 1.62620687 -1.94818974
v -1.75706017 1.78478694 -1.94628584
v -1.75772262 1.78396583 -1.94803369
v -1.75248992 1.79561758 -1.97223449
v -1.59121907 1.70843470 -1.93625724
v -1.79048872 1.73602045 -1.99685979
v -1.78846061 1.73897672 -1.99742401
v -1.66300166 1.64713621 -1.96210432
v -1.77129495 1.67139781 -1.99506927
v -1.78479087 1.76500416 -2.00697470
v -1.63983834 1.67260480 -1.95437372
v -1.70428455 1.74086666 -1.89834273
v -1.70800030 1.74061513 -1.89859116
v -1.70909190 1.73786712 -1.89966679
v -1.70734036 1.73776364 -1.90033388
v -1.71064246 1.74507737 -1.89827967
v -1.71057463 1.74137187 -1.89764404
v -1.70925200 1.74344897 -1.89509499
v -1.70852172 1.74663329 -1.89568472
v -1.71030796 1.74745250 -1.90248454
v -1.71201324 1.74234772 -1.90119803
v -1.70769179 1.74343371 -1.89317620
v -1.70769155 1.74623644 -1.89292908
v -1.70493758 1.74724674 -1.89448297
v -1.70068645 1.74565649 -1.89630532
v -1.70513999 1.74530244 -1.88965917
v -1.70154095 1.74631763 -1.89172912
v -1.70224047 1.74283838 -1.88604093
v -1.69799936 1.74389625 -1.88902760
v -1.69983065 1.73784280 -1.88352609
v -1.69590843 1.73824954 -1.88775790
v -1.72537315 1.72373617 -1.91479671
v -1.72044444 1.72099686 -1.91177750
v -1.70007908 1.73204827 -1.88335395
v -1.69644725 1.73157597 -1.88883698
v -1.70092118 1.72533202 -1.88476336
v -1.69743419 1.72472906 -1.88955343
v -1.70344102 1.71941233 -1.88771486
v -1.70039237 1.71852732 -1.89130592
v -1.70706165 1.71390128 -1.89105439
v -1.70451558 1.71184349 -1.89490414
v -1.71186924 1.70938623 -1.89566100
v -1.71031845 1.70588422 -1.90015030
v -1.70111477 1.74056673 -1.88908982
v -1.69993532 1.73632431 -1.88752651
v -1.69670868 1.73886037 -1.89666212
v -1.70423353 1.74365044 -1.89116967
v -1.70543826 1.73055768 -1.89953542
v -1.70272171 1.73296785 -1.90053511
v -1.70368707 1.73216522 -1.90069103
v -1.70262253 1.72965431 -1.90071332
v -1.71940398 1.72823572 -1.90992928
v -1.71711802 1.72658110 -1.90728652
v -1.71557367 1.73184347 -1.90617287
v -1.71768975 1.72259450 -1.90916502
v -1.71603894 1.72348404 -1.90926898
v -1.71485114 1.72696829 -1.90895188
v -1.71325004 1.73055506 -1.90880108
v -1.71528876 1.72125769 -1.90850091
v -1.71669793 1.71897960 -1.90845048
v -1.71418583 1.72170043 -1.90941513
v -1.71464527 1.72302485 -1.90993571
v -1.71282995 1.72493720 -1.91008043
v -1.70983815 1.72680259 -1.90803993
v -1.72254670 1.73263693 -1.91226137
v -1.70469213 1.71795261 -1.90570736
v -1.71001315 1.71177876 -1.91061819
v -1.71674609 1.70778370 -1.90144813
v -1.71846032 1.70180821 -1.90511417
v -1.72891009 1.70626020 -1.91118586
v -1.72555315 1.70127869 -1.90836930
v -1.69697654 1.73333240 -1.89806843
v -1.69760978 1.72769380 -1.89851415
v -1.71745992 1.70776510 -1.91520154
v -1.69985998 1.72190523 -1.90023625
v -1.71002805 1.71357679 -1.89696872
v -1.71307862 1.71202540 -1.90184069
v -1.70675445 1.71605730 -1.89324343
v -1.71904778 1.71672964 -1.90897667
v -1.72343814 1.71199703 -1.90944767
v -1.72087085 1.70892954 -1.90553653
v -1.71612144 1.71378446 -1.90598142
v -1.70988286 1.71739292 -1.89822090
v -1.71153939 1.71678495 -1.90245795
v -1.70806611 1.72031808 -1.90020359
v -1.70962238 1.72029138 -1.90401912
v -1.71282506 1.71974087 -1.90702605
v -1.71396661 1.71755195 -1.90620041
v -1.70738673 1.72300863 -1.90651751
v -1.70590603 1.72352266 -1.90276456
v -1.71171081 1.72163916 -1.90884173
v -1.70702410 1.72224903 -1.89731348
v -1.70589507 1.72512138 -1.89425981
v -1.70643020 1.72815430 -1.89645159
v -1.70575643 1.72565293 -1.89935541
v -1.70327008 1.72042942 -1.89088690
v -1.70558369 1.72268176 -1.89158189
v -1.70759332 1.71941161 -1.89467394
v -1.70313048 1.72639418 -1.88980675
v -1.70038974 1.72602153 -1.88882315
v -1.70430696 1.72746921 -1.89221931
v -1.70498133 1.72951949 -1.89383137
v -1.70201325 1.73545241 -1.88910103
v -1.70206976 1.73121095 -1.88909638
v -1.69999588 1.73167515 -1.88710701
v -1.70388758 1.73099732 -1.89109147
v -1.70336580 1.73420811 -1.89142835
v -1.70377195 1.73404193 -1.89293027
v -1.70386457 1.73143458 -1.89247024
v -1.70572090 1.74331522 -1.89447021
v -1.70707262 1.74309206 -1.89651489
v -1.70406044 1.74141800 -1.89278185
v -1.70276403 1.74343586 -1.89450240
v -1.70382988 1.73983812 -1.89439082
v -1.70293295 1.74292970 -1.89613712
v -1.70439029 1.73911834 -1.89569306
v -1.70530677 1.73706365 -1.89819145
v -1.74310303 1.59365976 -1.97359288
v -1.74596620 1.60815644 -1.97723413
v -1.74625230 1.60564232 -1.98757970
v -1.74079895 1.59167099 -1.98482621
v -1.70439851 1.73626614 -1.89431083
v -1.70339382 1.73708558 -1.89275706
v -1.70222712 1.73916388 -1.89071620
v -1.70552087 1.73279881 -1.89734221
v -1.70572376 1.73137975 -1.89603388
v -1.70509624 1.73249006 -1.89471650
v -1.70514238 1.73446584 -1.89630580
v -1.71331131 1.73403502 -1.90492475
v -1.71077633 1.73184001 -1.90534270
v -1.70825493 1.72737360 -1.90452635
v -1.74067926 1.57512236 -1.93560648
v -1.73739696 1.58256674 -1.91848981
v -1.73324990 1.59253168 -1.92445827
v -1.73760581 1.58679461 -1.93964875
v -1.75609589 1.54706502 -1.93180358
v -1.76131773 1.52580416 -1.93449271
v -1.76388085 1.52921891 -1.91404963
v -1.75480485 1.55433905 -1.90540886
v -1.77289701 1.50905848 -1.92148733
v -1.76895249 1.50651312 -1.93868208
v -1.79820859 1.45537519 -1.93675542
v -1.78934002 1.47235942 -1.93205929
v -1.78640616 1.47137940 -1.94770527
v -1.79518354 1.45386028 -1.95180774
v -1.83178258 1.37167120 -1.92256737
v -1.83306634 1.37276483 -1.93569994
v -1.82738411 1.35610414 -1.94141030
v -1.82499003 1.35224092 -1.92648077
v -1.78323436 1.47367549 -1.86698556
v -1.78145599 1.46383810 -1.86008644
v -1.77663243 1.47853208 -1.85515320
v -1.77799928 1.48988652 -1.86193299
v -1.73594093 1.59603310 -1.87278390
v -1.72841394 1.60066414 -1.88239598
v -1.73800945 1.58554804 -1.89585459
v -1.74780738 1.57903802 -1.88719630
v -1.79866326 1.39488471 -1.87099612
v -1.80609548 1.40291655 -1.87914932
v -1.81089199 1.38936675 -1.88233209
v -1.80384767 1.38043606 -1.87558413
v -1.77586293 1.30584812 -1.89794099
v -1.78245664 1.30345714 -1.91435301
v -1.78101790 1.28550887 -1.91676736
v -1.77368271 1.28775573 -1.89967430
v -1.73942459 1.33499908 -1.85268104
v -1.73726463 1.31799161 -1.85329103
v -1.71782005 1.32130742 -1.84479558
v -1.71949732 1.33718443 -1.84422255
v -1.80007732 1.45447099 -1.90917337
v -1.79263818 1.47072220 -1.90354717
v -1.79147947 1.47192335 -1.91728556
v -1.79986441 1.45556283 -1.92236757
v -1.75126994 1.34959912 -1.75770950
v -1.75563145 1.37355125 -1.76861942
v -1.74594486 1.36606491 -1.77831328
v -1.74128556 1.34329379 -1.76749766
v -1.74586821 1.22925687 -1.85716724
v -1.74851441 1.21304929 -1.85741138
v -1.72976696 1.21600449 -1.84653389
v -1.72779202 1.23307693 -1.84733415
v -1.78086507 1.49422801 -1.80306506
v -1.77905107 1.50688505 -1.78713870
v -1.78046381 1.52373326 -1.79451859
v -1.78449273 1.50966406 -1.81074679
v -1.78964567 1.44104528 -1.86955023
v -1.78613329 1.45202303 -1.86476696
v -1.78926599 1.46010423 -1.87209082
v -1.79351807 1.44713068 -1.87746656
v -1.72309482 1.36792350 -1.83603621
v -1.72415090 1.38364053 -1.83288050
v -1.73966777 1.38219118 -1.83787107
v -1.74068797 1.36632073 -1.84220779
v -1.74034333 1.35049319 -1.84721589
v -1.72143316 1.35243046 -1.84024978
v -1.79703879 1.45047188 -1.88657176
v -1.79126644 1.46665335 -1.88045144
v -1.79240370 1.46898079 -1.89137542
v -1.79918098 1.45295477 -1.89726663
v -1.81563294 1.34252799 -1.94700408
v -1.81232178 1.33833146 -1.92937005
v -1.76611829 1.20978308 -1.87283301
v -1.76289403 1.22581244 -1.87202609
v -1.77540863 1.22202826 -1.89085448
v -1.77896655 1.20648825 -1.89208710
v -1.78672361 1.31830549 -1.93034256
v -1.78362262 1.31965053 -1.91403878
v -1.79471958 1.33010054 -1.91430271
v -1.79734015 1.32957149 -1.93017471
v -1.78792727 1.20392084 -1.91417682
v -1.78307176 1.21867728 -1.91154265
v -1.78903413 1.21609473 -1.93060434
v -1.79399514 1.19926584 -1.93179595
v -1.78133845 1.49032664 -1.92734802
v -1.77779031 1.48880577 -1.94302642
v -1.82316434 1.37426567 -1.89921021
v -1.82818604 1.37239814 -1.91008568
v -1.82152593 1.35261440 -1.91250420
v -1.81717837 1.35555673 -1.89996290
v -1.76881158 1.44036078 -1.84695280
v -1.76239109 1.44911695 -1.84125030
v -1.77202630 1.46449637 -1.84642339
v -1.77709854 1.45227981 -1.85310113
v -1.73228645 1.19978929 -1.84265363
v -1.75249100 1.19812906 -1.85419416
v -1.79131377 1.18889129 -1.91106808
v -1.79787815 1.18382549 -1.92977023
v -1.71827090 1.45500576 -1.81230903
v -1.72542429 1.45675159 -1.81767428
v -1.72648978 1.45002162 -1.82173657
v -1.71919644 1.44944310 -1.81595933
v -1.82149887 1.37565899 -1.97316980
v -1.81969965 1.35454178 -1.96341145
v -1.82909012 1.36721921 -1.95360923
v -1.82770872 1.38503563 -1.96001196
v -1.80512583 1.34183216 -1.90027547
v -1.80902207 1.33868527 -1.91363835
v -1.79153562 1.33293772 -1.89967370
v -1.81031060 1.36664295 -1.98538792
v -1.80144167 1.34172726 -1.97209680
v -1.77322364 1.48497200 -1.95911729
v -1.78213418 1.46829724 -1.96354055
v -1.76591575 1.50334358 -1.95644355
v -1.75947690 1.52242732 -1.95418441
v -1.75683081 1.51927543 -1.97246230
v -1.76233637 1.49984312 -1.97380674
v -1.75523913 1.54250741 -1.95325971
v -1.75322354 1.53849733 -1.97174799
v -1.74208343 1.57072830 -1.95372820
v -1.74022925 1.58301020 -1.95611799
v -1.78061640 1.44198096 -1.85781527
v -1.78381360 1.43195844 -1.86189175
v -1.78213227 1.19258666 -1.88993239
v -1.65370381 1.53979373 -1.83253574
v -1.66855669 1.54114342 -1.82349420
v -1.65997851 1.52544391 -1.82447565
v -1.64641225 1.52233076 -1.83281159
v -1.75733495 1.57715917 -1.87555218
v -1.74274886 1.59538651 -1.86324954
v -1.68945301 1.46671462 -1.80234540
v -1.69187427 1.45934939 -1.80560327
v -1.68808520 1.45465088 -1.81136405
v -1.68494928 1.46423686 -1.80731559
v -1.70437944 1.45413578 -1.80342031
v -1.69925702 1.45606041 -1.79930055
v -1.69386148 1.44804192 -1.79481244
v -1.69808042 1.44531786 -1.79861021
v -1.71006525 1.21972358 -1.84156156
v -1.70744991 1.23714173 -1.84406114
v -1.66455972 1.35749865 -1.83991814
v -1.66921139 1.37451732 -1.83384991
v -1.68584454 1.36451614 -1.83344507
v -1.68211925 1.34807730 -1.83834529
v -1.60933971 1.51095569 -1.91752326
v -1.61440623 1.51502705 -1.89885104
v -1.61065471 1.49956858 -1.89819837
v -1.60554266 1.49536157 -1.91663170
v -1.63478255 1.54447472 -1.85924637
v -1.62508857 1.53670239 -1.87842596
v -1.63039875 1.55066657 -1.87936974
v -1.64137685 1.55960882 -1.86012030
v -1.64006245 1.53455722 -1.84536374
v -1.63331318 1.51738727 -1.84490788
v -1.70640802 1.37308669 -1.83221650
v -1.70994306 1.38778901 -1.82956159
v -1.71184731 1.41005325 -1.82398057
v -1.71253967 1.41958654 -1.82226491
v -1.72305918 1.41723835 -1.82520556
v -1.72384286 1.40741146 -1.82685733
v -1.72132242 1.60700226 -1.89136410
v -1.71158254 1.60929132 -1.87249720
v -1.70391703 1.61495090 -1.88352835
v -1.64942157 1.59568906 -1.89835048
v -1.65802419 1.59996462 -1.89119291
v -1.65576112 1.59512508 -1.88403523
v -1.64559007 1.58999634 -1.89548588
v -1.59987879 1.42969620 -1.89231575
v -1.60238409 1.40523040 -1.89166117
v -1.59231222 1.40641332 -1.91012561
v -1.59072387 1.42940664 -1.90996206
v -1.70417571 1.43293715 -1.81772459
v -1.69724119 1.43867397 -1.81594586
v -1.69836366 1.44694090 -1.81184828
v -1.70414603 1.44142115 -1.81401932
v -1.69444382 1.42981756 -1.81844521
v -1.70309842 1.42373872 -1.82017088
v -1.70131636 1.41459489 -1.82201993
v -1.69183111 1.42125750 -1.82076621
v -1.67611420 1.38934612 -1.82958758
v -1.68366742 1.40322530 -1.82684720
v -1.69658554 1.39558220 -1.82790208
v -1.69098091 1.38042605 -1.82993352
v -1.60507369 1.33338475 -1.91605175
v -1.59870720 1.35540330 -1.91319895
v -1.60753989 1.35492885 -1.89692092
v -1.61107135 1.33161855 -1.89935720
v -1.73737347 1.45279360 -1.82035267
v -1.73184383 1.43887579 -1.81541038
v -1.74235249 1.43938088 -1.82135022
v -1.74706590 1.45092607 -1.82544458
v -1.69103789 1.45518875 -1.77897525
v -1.69273233 1.45979190 -1.77508676
v -1.69286788 1.45302486 -1.76793754
v -1.69039035 1.44921875 -1.77199471
v -1.71648669 1.41621709 -1.80362105
v -1.71069539 1.39555657 -1.79618001
v -1.72163546 1.39797592 -1.80189705
v -1.72670972 1.41951990 -1.80986559
v -1.72740483 1.60017133 -1.84167624
v -1.72287369 1.60345674 -1.85132384
v -1.74946845 1.59323049 -1.85340798
v -1.70562911 1.43146813 -1.80207479
v -1.69764042 1.43252373 -1.79820943
v -1.69148493 1.41850984 -1.79035926
v -1.69820750 1.41502523 -1.79542649
v -1.75631869 1.35754788 -1.74390721
v -1.75982141 1.38102257 -1.75504506
v -1.69676840 1.37495339 -1.78082180
v -1.70088387 1.39427757 -1.79168594
v -1.69298506 1.39670503 -1.78622174
v -1.68894029 1.37770772 -1.77343702
v -1.67975819 1.33161557 -1.84268391
v -1.66199017 1.33996260 -1.84600842
v -1.66960335 1.22717738 -1.84644723
v -1.66765213 1.24694002 -1.85095668
v -1.68662989 1.24268484 -1.84536517
v -1.68927479 1.22425437 -1.84158564
v -1.71134865 1.20279753 -1.83841348
v -1.67088962 1.20667195 -1.84368765
v -1.69075453 1.20485377 -1.83851647
v -1.69759119 1.62440515 -1.90570486
v -1.69990754 1.61950135 -1.89446330
v -1.68101478 1.61774731 -1.89853239
v -1.68124449 1.62342763 -1.90847015
v -1.72403324 1.09269512 -1.80965090
v -1.75078571 1.09690058 -1.81765509
v -1.75639474 1.06877446 -1.81578577
v -1.72637343 1.06273293 -1.80921364
v -1.65060306 1.60800409 -1.91873026
v -1.65548301 1.61496353 -1.92607701
v -1.66650963 1.61943698 -1.91586256
v -1.66409516 1.61288786 -1.90735519
v -1.72198820 1.11905241 -1.81101155
v -1.74678504 1.12026942 -1.81939948
v -1.71228254 1.61743355 -1.91097105
v -1.71618032 1.61223292 -1.90050614
v -1.72288072 1.60789108 -1.91989124
v -1.72546828 1.60065413 -1.91124606
v -1.73212290 1.60250878 -1.93098688
v -1.77297008 1.09646499 -1.83110523
v -1.78119206 1.07123780 -1.82830048
v -1.68246996 1.62864232 -1.91769457
v -1.66963029 1.62521815 -1.92418098
v -1.66051948 1.62186956 -1.93280101
v -1.65347981 1.61976790 -1.94388437
v -1.64796066 1.61796069 -1.95676494
v -1.65276253 1.62429190 -1.95860624
v -1.73658299 1.18497038 -1.83845079
v -1.71401453 1.18605042 -1.83207500
v -1.67492318 0.94725353 -1.83763361
v -1.69458342 0.93293899 -1.84216392
v -1.67132199 0.92968750 -1.86614847
v -1.65390873 0.94228905 -1.85837269
v -1.61730468 0.95469874 -1.91759789
v -1.63424194 0.94480425 -1.88501239
v -1.65040267 0.93531615 -1.89519143
v -1.63423908 0.94750619 -1.92853248
v -1.58748102 1.07595420 -1.89277554
v -1.59141099 1.09954071 -1.89384699
v -1.60359764 1.09844148 -1.86875725
v -1.59912705 1.07530284 -1.86674464
v -1.69209194 1.18718457 -1.83250880
v -1.67152286 1.18732166 -1.83772016
v -1.75574768 1.18470144 -1.85090804
v -1.82911050 0.94617724 -1.84266174
v -1.83461773 0.91522753 -1.84588337
v -1.80453324 0.90604395 -1.83033538
v -1.80047011 0.93820000 -1.82375765
v -1.74205017 0.89469600 -1.83676648
v -1.71604478 0.89247519 -1.85719585
v -1.70611596 0.91382098 -1.84942698
v -1.73172462 0.91930795 -1.82808590
v -1.80169857 1.17918909 -1.94932878
v -1.80323815 1.16324258 -1.94851923
v -1.79953218 1.16902947 -1.92842746
v -1.79605746 1.16896617 -2.00356865
v -1.79707074 1.15365696 -2.00422049
v -1.80154109 1.15590203 -1.98699093
v -1.80060589 1.17160678 -1.98590326
v -1.78398001 1.06200218 -1.99213624
v -1.78919995 1.08492696 -1.98965096
v -1.78413689 1.08509994 -2.00333691
v -1.77951956 1.06549728 -2.00315046
v -1.79024088 1.09560347 -1.84969807
v -1.78345716 1.11663854 -1.85248029
v -1.79472435 1.11160672 -1.87606823
v -1.80347955 1.09129405 -1.87411022
v -1.66850281 0.92796928 -1.90688515
v -1.65491474 0.94432592 -1.93875825
v -1.84813273 0.95856833 -1.86938965
v -1.85642135 0.92456019 -1.87109172
v -1.86564827 0.93342352 -1.90345967
v -1.85455072 0.96524352 -1.89979720
v -1.84738076 0.96600056 -1.92972755
v -1.85815346 0.93536371 -1.93381381
v -1.75693643 0.97786045 -1.98849916
v -1.75472605 0.96971345 -1.98652816
v -1.77602935 0.99008268 -1.97895622
v -1.77567518 1.00255251 -1.98651659
v -1.59338522 0.98666239 -1.90405583
v -1.60767806 0.97993720 -1.87525105
v -1.61887658 0.96055198 -1.87943482
v -1.60324419 0.96939516 -1.90959263
v -1.65311348 1.18643761 -1.84682965
v -1.65374982 1.20714915 -1.85294294
v -1.63956368 1.20821226 -1.86526287
v -1.63924086 1.23195314 -1.86829615
v -1.65290129 1.22929275 -1.85571206
v -1.63010883 1.36207414 -1.86283493
v -1.63179541 1.38115668 -1.85435128
v -1.64786625 1.36764550 -1.84532547
v -1.64555871 1.35062194 -1.85217142
v -1.61968017 1.52135861 -1.87849462
v -1.61484957 1.50494432 -1.87865996
v -1.69496334 0.89752567 -1.88462365
v -1.70950735 0.87081528 -1.88483548
v -1.70008862 0.87848800 -1.91588867
v -1.68415213 0.91524351 -1.92376888
v -1.75152421 0.86787248 -1.84420943
v -1.77141488 0.90039456 -1.82703173
v -1.77849078 0.87137645 -1.83518910
v -1.84242487 0.88495874 -1.85291457
v -1.81122637 0.87660372 -1.83839142
v -1.87574935 0.90135956 -1.90875196
v -1.86766899 0.90394324 -1.93883944
v -1.78465509 0.92191613 -1.98339689
v -1.78944278 0.89492124 -1.98307741
v -1.81738853 0.89911366 -1.97502208
v -1.81111968 0.92652166 -1.97374666
v -1.80146086 1.05184114 -1.95927393
v -1.80685794 1.03449726 -1.94919002
v -1.81344092 1.05302203 -1.92420554
v -1.80793917 1.07062662 -1.92728841
v -1.79795873 1.18915498 -1.98451710
v -1.79463923 1.18584156 -1.99908757
v -1.79822552 1.19568694 -1.94991064
v -1.79956901 1.19248962 -1.96828687
v -1.80240488 1.17504919 -1.96858859
v -1.79148543 1.26572549 -1.97771740
v -1.79264438 1.24786663 -1.98111355
v -1.79273891 1.24827218 -1.96209180
v -1.79196346 1.26566267 -1.95780969
v -1.79102588 1.28472137 -1.95363569
v -1.79043293 1.28520393 -1.97386682
v -1.78481650 1.32417095 -1.96820307
v -1.78753102 1.31991911 -1.94836354
v -1.79922342 1.33215046 -1.94942021
v -1.76864004 1.48097670 -1.97599375
v -1.77644920 1.46383691 -1.97916591
v -1.80330634 1.06848693 -1.84774244
v -1.69763100 0.91844356 -1.95604742
v -1.70602345 0.88542396 -1.94756985
v -1.72242248 0.88911700 -1.96873331
v -1.71615160 0.91775095 -1.97402155
v -1.76625919 1.11849165 -1.83413017
v -1.76943517 1.19585907 -1.87023401
v -1.77244782 1.18248665 -1.86650240
v -1.76088262 1.33627212 -1.86709762
v -1.75427103 1.31543779 -1.86632895
v -1.83213723 1.37720084 -1.94572234
v -1.83075213 1.39013290 -1.94700456
v -1.76392043 0.92824054 -1.81812131
v -1.88461971 0.86922932 -1.91469824
v -1.87693655 0.87114698 -1.94291961
v -1.88456953 0.83777452 -1.94737387
v -1.89305580 0.83568221 -1.92031097
v -1.77174294 0.86250108 -1.98074865
v -1.78111804 0.82996869 -1.97713852
v -1.80366445 0.83498675 -1.97969317
v -1.79595637 0.86583877 -1.98171663
v -1.79215240 0.79850054 -1.97516131
v -1.80081475 0.76658833 -1.97469890
v -1.82298982 0.76882827 -1.98097968
v -1.81483257 0.80258560 -1.98014069
v -1.86528349 0.89397800 -1.87746406
v -1.86247337 0.82589775 -1.86999440
v -1.85276020 0.85622668 -1.86282861
v -1.87420070 0.86297446 -1.88521600
v -1.88334560 0.83042419 -1.89179373
v -1.72748125 0.86704159 -1.86161911
v -1.75970888 0.91830242 -1.98705649
v -1.76481521 0.89258206 -1.98411441
v -1.74598134 0.82270080 -1.95578539
v -1.73272276 0.85608983 -1.96215510
v -1.71811366 0.85062701 -1.94046021
v -1.73368943 0.81771803 -1.93449950
v -1.77876520 0.81518531 -1.85479093
v -1.76486957 0.84111631 -1.85026312
v -1.79232299 0.84525251 -1.84336960
v -1.80554831 0.81895053 -1.84957099
v -1.82268834 0.85007215 -1.84778345
v -1.83482802 0.82134652 -1.85577905
v -1.88264203 0.76484859 -1.88557029
v -1.87241173 0.79538631 -1.87786210
v -1.89226305 0.79846400 -1.89936006
v -1.90178859 0.76672029 -1.90672922
v -1.85772216 0.76359415 -1.86922586
v -1.84647143 0.79251117 -1.86245000
v -1.83117175 0.76425308 -1.86328423
v -1.81893396 0.79156667 -1.85569310
v -1.80666912 0.76385117 -1.86794758
v -1.79315126 0.78988999 -1.86060405
v -1.78760123 0.76314926 -1.87656820
v -1.77212715 0.78763765 -1.87195802
v -1.75593579 0.78617674 -1.88938582
v -1.77277672 0.76208532 -1.89155948
v -1.76458776 0.76205111 -1.91058218
v -1.74839914 0.78788829 -1.91002226
v -1.77072632 0.76384890 -1.94882298
v -1.75946188 0.79220963 -1.95166004
v -1.74897337 0.78940028 -1.93228042
v -1.76341593 0.76263303 -1.93070078
v -1.78743351 0.66967446 -1.93976855
v -1.78524435 0.68963200 -1.94344604
v -1.78917360 0.69355232 -1.92621970
v -1.79201818 0.67415917 -1.92338514
v -1.79948807 0.67851382 -1.90872252
v -1.79749370 0.69681895 -1.91133225
v -1.80621409 0.69850457 -1.89728069
v -1.80878246 0.68089700 -1.89439368
v -1.83541322 0.69496369 -1.87879705
v -1.83646715 0.67591149 -1.87515891
v -1.82024896 0.68008626 -1.88253403
v -1.81854033 0.69805235 -1.88488472
v -1.85647035 0.69038081 -1.87704897
v -1.85675728 0.66824979 -1.87405050
v -1.87938809 0.68202525 -1.88331342
v -1.87506831 0.65697706 -1.88349879
v -1.89780641 0.67185354 -1.90089798
v -1.88873804 0.64554340 -1.90167451
v -1.82390857 0.67914325 -1.97605717
v -1.80447614 0.68263441 -1.97134495
v -1.80054832 0.66070741 -1.96520925
v -1.81735384 0.65528411 -1.97077775
v -1.87283957 0.66522837 -1.98030019
v -1.85722697 0.63892365 -1.96798122
v -1.88395286 0.63397127 -1.96700096
v -1.90102744 0.65969098 -1.97361195
v -1.89306176 0.73342705 -1.89157486
v -1.86728585 0.73571283 -1.87632775
v -1.84199715 0.73838514 -1.87073088
v -1.81958437 0.73997998 -1.87454772
v -1.77835298 0.73668575 -1.94746161
v -1.77482522 0.73693663 -1.92890465
v -1.82753515 0.73587155 -1.98127556
v -1.80618691 0.73631239 -1.97513175
v -1.92011023 0.69475031 -1.94672215
v -1.91611767 0.69700825 -1.92058218
v -1.91097343 0.73186755 -1.91323853
v -1.91426051 0.73209906 -1.94036710
v -1.87558293 0.70861638 -1.88177383
v -1.85087228 0.71403891 -1.87593067
v -1.82964993 0.71711171 -1.87834537
v -1.79922020 0.71789277 -1.89617300
v -1.81246603 0.71862680 -1.88428533
v -1.78974426 0.71616465 -1.91068816
v -1.78263974 0.71190017 -1.94532454
v -1.78300059 0.71400988 -1.92730761
v -1.82787621 0.70563149 -1.97911692
v -1.80737412 0.70857364 -1.97391558
v -1.90418422 0.63185865 -1.94526672
v -1.90478480 0.63503736 -1.92009711
v -1.91489267 0.66300696 -1.92187750
v -1.91921496 0.65901548 -1.94876516
v -1.88050127 0.61121947 -1.93730533
v -1.86498451 0.61295575 -1.95384336
v -1.80408311 0.67056835 -1.88766170
v -1.79431725 0.66884041 -1.90226161
v -1.81629586 0.66781884 -1.87608218
v -1.86401200 0.63341439 -1.88051426
v -1.85060966 0.64886689 -1.86729813
v -1.87682343 0.61952418 -1.89736056
v -1.88652694 0.61318147 -1.91718495
v -1.78218830 0.62925798 -1.94404590
v -1.79515159 0.61940509 -1.94901752
v -1.80937910 0.63791817 -1.96118808
v -1.79577780 0.64465076 -1.95682573
v -1.77096140 0.64857417 -1.92288435
v -1.78524292 0.65760708 -1.93399370
v -1.78846562 0.66321588 -1.91839552
v -1.77130878 0.65740192 -1.90739357
v -1.78735077 0.66212875 -1.87442315
v -1.77715409 0.66196352 -1.89011443
v -1.80144238 0.65780991 -1.86150253
v -1.83354831 0.62918365 -1.85935414
v -1.81843889 0.64611048 -1.85372400
v -1.83239818 0.66143763 -1.86717260
v -1.84691465 0.61029202 -1.87303638
v -1.82515574 0.57458699 -1.88367474
v -1.82485557 0.58738142 -1.86057210
v -1.85234368 0.59480053 -1.89580286
v -1.72761786 0.51836360 -1.86770093
v -1.69663692 0.50024033 -1.85528421
v -1.70711362 0.50159723 -1.83860159
v -1.73874438 0.51913029 -1.84773743
v -1.75937521 0.61521047 -1.93476522
v -1.77349865 0.60284203 -1.93846321
v -1.74734473 0.64907742 -1.89414048
v -1.74639678 0.63908523 -1.91166151
v -1.78663921 0.59177083 -1.83117819
v -1.77167928 0.61180699 -1.82570040
v -1.79676950 0.62867111 -1.83927369
v -1.81218159 0.60959840 -1.84570336
v -1.68767607 0.55021995 -1.90806890
v -1.71603405 0.56835020 -1.92037177
v -1.70288026 0.58361930 -1.91512609
v -1.67526531 0.56511843 -1.90323269
v -1.72065210 0.63520330 -1.88298023
v -1.69405568 0.61782712 -1.87182939
v -1.69267905 0.60866296 -1.89033818
v -1.71960115 0.62541133 -1.90129542
v -1.72841084 0.55221224 -1.81185162
v -1.71462166 0.57038081 -1.80598271
v -1.74416840 0.59257436 -1.81406033
v -1.75870073 0.57280701 -1.82001221
v -1.79838502 0.55562359 -1.86987674
v -1.76961601 0.53742361 -1.85731196
v -1.76966107 0.55225009 -1.83608747
v -1.79813480 0.56990176 -1.84670305
v -1.78756940 0.55463254 -1.89186776
v -1.75865710 0.53654975 -1.87893105
v -1.62678182 0.52147424 -1.86885011
v -1.63330162 0.50781840 -1.87209880
v -1.66046929 0.52980155 -1.89084172
v -1.65104401 0.54419070 -1.88727593
v -1.66871941 0.59633458 -1.85996616
v -1.64531791 0.57069963 -1.84750974
v -1.64326227 0.56464976 -1.86396742
v -1.66630793 0.58882856 -1.87835240
v -1.66495430 0.50859809 -1.79810977
v -1.65288794 0.52311367 -1.79497969
v -1.68432915 0.54654527 -1.80039394
v -1.69692051 0.53117400 -1.80477560
v -1.67429197 0.48276734 -1.82763970
v -1.67431593 0.49295896 -1.80938208
v -1.70769870 0.51351857 -1.81838596
v -1.66515887 0.48125714 -1.84308195
v -1.63539279 0.46088248 -1.83128405
v -1.64323294 0.46179491 -1.81834018
v -1.60104597 0.49838835 -1.85282683
v -1.60820782 0.48658603 -1.85471427
v -1.59515727 0.51423383 -1.83777773
v -1.61973250 0.53876656 -1.84943390
v -1.62183630 0.54482311 -1.83606625
v -1.59658086 0.52033448 -1.82585061
v -1.63195515 0.54075193 -1.80694783
v -1.60655069 0.51609176 -1.79968071
v -1.60058093 0.52090544 -1.81201601
v -1.62566316 0.54544777 -1.82012570
v -1.62437117 0.50091779 -1.79111457
v -1.61432803 0.51017261 -1.79382920
v -1.64142275 0.53398687 -1.79778934
v -1.63675582 0.48746926 -1.79279566
v -1.64396226 0.47230887 -1.80254841
v -1.69425976 0.94560623 -1.97299755
v -1.69448435 0.94036794 -1.96382570
v -1.71368861 0.93641949 -1.97812068
v -1.71328270 0.94498795 -1.98339450
v -1.83477199 0.83681023 -1.97659850
v -1.82578111 0.86912441 -1.97521770
v -1.84947336 0.76928121 -1.98196030
v -1.84356630 0.80331719 -1.97952330
v -1.85331678 0.73453057 -1.98284817
v -1.84615862 0.67195922 -1.97691262
v -1.85256708 0.70141101 -1.98082983
v -1.83670151 0.64703166 -1.96820390
v -1.82594657 0.62692660 -1.95816898
v -1.80935669 0.60751808 -1.94683373
v -1.76353133 0.57258981 -1.92488217
v -1.78872669 0.59054637 -1.93450451
v -1.74562085 0.58548337 -1.93001974
v -1.70342577 0.53432029 -1.90160620
v -1.73401916 0.55345833 -1.91429520
v -1.64321578 0.49458796 -1.86710918
v -1.67294347 0.51447731 -1.88466859
v -1.61754417 0.47505563 -1.85007858
v -1.82051933 0.98308641 -1.94923377
v -1.81451249 1.00433910 -1.94584310
v -1.79726422 0.98837900 -1.96521735
v -1.80125809 0.97170579 -1.96820629
v -1.73513234 0.96096909 -1.98880446
v -1.73058772 0.95834887 -1.98825479
v -1.74114001 0.96142137 -1.98801804
v -1.74382472 0.96593308 -1.98855484
v -1.89956987 0.70148814 -1.89705586
v -1.80167830 0.74006915 -1.88151765
v -1.77897429 0.73805261 -1.91101801
v -1.78786969 0.73901755 -1.89432096
v -1.88123107 0.69726509 -1.98265541
v -1.90782154 0.69438654 -1.97169101
v -1.90290427 0.73261136 -1.96545219
v -1.87985313 0.73231226 -1.97936106
v -1.81246722 0.57063395 -1.90349627
v -1.80226588 0.57805026 -1.92247045
v -1.77636492 0.56147385 -1.90992117
v -1.83765876 0.58520645 -1.91475856
v -1.78090060 0.64432156 -1.84443951
v -1.76632965 0.65204483 -1.85795379
v -1.72911263 0.63959104 -1.86273801
v -1.75479829 0.65325218 -1.87518299
v -1.74087334 0.63787699 -1.84365451
v -1.87133229 0.80201107 -1.97150755
v -1.87609076 0.76782894 -1.97546530
v -1.89779222 0.76845044 -1.95893788
v -1.89147317 0.80361497 -1.95283675
v -1.66588008 1.26632440 -1.85535836
v -1.68372560 1.26101398 -1.85051513
v -1.79659772 1.35734034 -1.87822580
v -1.80096579 1.34766018 -1.88845658
v -1.78626025 1.33847094 -1.88635385
v -1.78054833 1.34802949 -1.87406909
v -1.77774751 1.36059594 -1.86491454
v -1.79288018 1.36975551 -1.87021577
v -1.77493787 1.37464237 -1.85822630
v -1.78867960 1.38413286 -1.86431241
v -1.75649667 1.43492520 -1.84095967
v -1.75209403 1.44352984 -1.83758926
v -1.77928197 1.32324708 -1.98836195
v -1.78310168 1.30435753 -1.99062645
v -1.78799069 1.30401218 -1.97091186
v -1.80392647 1.15871763 -1.96862650
v -1.79931128 1.08726430 -1.95294952
v -1.79442966 1.08517158 -1.97319627
v -1.78992093 1.06055546 -1.97762859
v -1.76494920 1.00085413 -1.99817169
v -1.75288689 0.98642862 -2.00025892
v -1.74137199 0.97019374 -1.99483347
v -1.73550355 0.96279854 -1.99268425
v -1.62118328 1.32716179 -1.88450158
v -1.61855721 1.35007572 -1.88183093
v -1.61349249 1.52515316 -1.91864502
v -1.61941981 1.52963972 -1.89883828
v -1.62763679 1.55558050 -1.90107727
v -1.62159991 1.55063999 -1.92064798
v -1.62469018 1.56241322 -1.92299569
v -1.63072896 1.56682777 -1.90386510
v -1.64600134 1.61308193 -1.93948555
v -1.64086723 1.60385370 -1.93461597
v -1.71721375 0.95686865 -1.98558688
v -1.70987856 0.95394558 -1.98387361
v -1.72508001 0.95543087 -1.98830092
v -1.78027654 0.94404733 -1.98343241
v -1.77780843 0.96147084 -1.98251998
v -1.75423765 0.95248699 -1.98955429
v -1.75660622 0.93840164 -1.98892653
v -1.79701650 0.97225487 -1.82000947
v -1.82560468 0.98070133 -1.84151113
v -1.68447053 0.91664410 -1.87617159
v -1.68272924 1.33714139 -1.74437881
v -1.68582869 1.35820460 -1.75941396
v -1.68058610 1.36235023 -1.74822152
v -1.67892551 1.34072566 -1.73301876
v -1.60975945 1.42978334 -1.87277305
v -1.61602104 1.40174687 -1.86909449
v -1.73055363 1.59356070 -1.90364909
v -1.76683426 1.58254194 -1.83134770
v -1.75806606 1.58928657 -1.84301043
v -1.77238357 1.57065809 -1.85297418
v -1.77954817 1.56500828 -1.84414208
v -1.69115484 1.55505753 -1.81486738
v -1.67856526 1.55722880 -1.82269859
v -1.69272482 1.57349324 -1.82234883
v -1.70459485 1.56937933 -1.81457663
v -1.59564900 1.05004907 -1.86706603
v -1.58440089 1.05244899 -1.89357078
v -1.61837161 1.26261115 -1.90188420
v -1.61564052 1.28580987 -1.90210271
v -1.62462175 1.28079379 -1.88698614
v -1.62721145 1.25771928 -1.88562536
v -1.62659550 1.41534901 -1.85134518
v -1.63882899 1.39712203 -1.84360790
v -1.80956388 1.39216542 -1.98983300
v -1.81720018 1.39788306 -1.97582901
v -1.80974793 1.41765738 -1.97479737
v -1.80304921 1.41337419 -1.99039316
v -1.68719041 1.40393925 -1.74557912
v -1.68207419 1.39026749 -1.75255322
v -1.68404293 1.40824485 -1.76920998
v -1.68519342 1.41816247 -1.76426136
v -1.71906650 0.94206172 -1.82146835
v -1.75414133 0.96277380 -1.81061661
v -1.69835234 1.29115427 -1.84691322
v -1.70023441 1.27305210 -1.84840035
v -1.68051767 1.27990162 -1.85107899
v -1.67874742 1.29778957 -1.84921348
v -1.70056903 1.34165108 -1.83983886
v -1.69854689 1.32556260 -1.84200013
v -1.70329916 1.35726666 -1.83546174
v -1.71022975 1.45358646 -1.80748653
v -1.71194971 1.45092511 -1.81182706
v -1.70592761 1.45386708 -1.80875158
v -1.80624604 0.95170152 -1.97135162
v -1.79515851 1.01214099 -1.96728110
v -1.79093885 1.02377880 -1.97577810
v -1.72469699 0.95884031 -1.98754668
v -1.72706580 0.95940083 -1.98975825
v -1.73396468 1.61440063 -1.93674064
v -1.72286737 1.61691976 -1.92740738
v -1.70690858 1.41419053 -1.79917872
v -1.71404636 1.43270278 -1.80577004
v -1.72233200 1.42690647 -1.82325721
v -1.71992600 1.43656600 -1.81945384
v -1.72995853 1.43735051 -1.82557762
v -1.73307455 1.42768693 -1.82876885
v -1.71278751 1.42853463 -1.81967175
v -1.71129084 1.43787384 -1.81575537
v -1.78457046 1.48171997 -1.87540042
v -1.77924693 1.49893761 -1.87021005
v -1.77878654 1.50492299 -1.87944448
v -1.78569639 1.48674798 -1.88507187
v -1.78462625 1.48811579 -1.89729059
v -1.77769804 1.50731027 -1.89103401
v -1.77527583 1.50879192 -1.90472698
v -1.78329992 1.48964727 -1.91152179
v -1.74617958 1.57341683 -1.91303253
v -1.74982035 1.56500149 -1.93277872
v -1.74931157 1.55935466 -1.95308697
v -1.74840045 1.55444241 -1.97138929
v -1.63740408 1.59344757 -1.92975092
v -1.64659810 1.59829783 -1.90982831
v -1.63929427 1.58648598 -1.90971339
v -1.63325012 1.58245575 -1.92737746
v -1.62662137 1.58024836 -1.94454682
v -1.63113928 1.59102201 -1.94723880
v -1.73922682 1.59994173 -1.94431078
v -1.74284863 1.59667373 -1.95957911
v -1.74103689 1.57989383 -1.97111499
v -1.75412035 1.36351740 -1.72915852
v -1.75713491 1.38625646 -1.73972464
v -1.69706428 1.62908530 -1.91681433
v -1.71103644 1.62350988 -1.92050719
v -1.74496210 1.36720681 -1.71575320
v -1.74809778 1.39076626 -1.72677398
v -1.77006054 1.55075037 -1.87425458
v -1.77588153 1.54823470 -1.86300898
v -1.76496112 1.57446027 -1.86377740
v -1.74200237 1.61229014 -1.94922268
v -1.74549627 1.61026549 -1.96384633
v -1.79528987 1.00408506 -1.82164717
v -1.82147825 1.01219749 -1.84311509
v -1.74264383 1.24569142 -1.85743213
v -1.75927007 1.24187040 -1.87052286
v -1.78046548 1.26629996 -2.01413631
v -1.78139377 1.24903607 -2.01550221
v -1.78884435 1.24806106 -1.99881148
v -1.78760576 1.26613081 -1.99638379
v -1.77104914 1.32188630 -2.00775242
v -1.77453673 1.30390859 -2.00966835
v -1.75171959 1.61973262 -1.98940754
v -1.79460704 1.20993543 -1.98395038
v -1.79363370 1.23012996 -1.98302734
v -1.78940797 1.22912788 -2.00010371
v -1.78890955 1.20622027 -2.00141811
v -1.79062355 1.18372810 -2.01032734
v -1.79225886 1.17471027 -2.01206827
v -1.78126478 1.04372692 -1.99471486
v -1.77665412 1.04598057 -2.00300741
v -1.76839089 1.43653286 -1.79595828
v -1.77262318 1.44523287 -1.78191042
v -1.77564120 1.46320474 -1.78925371
v -1.77164781 1.45282090 -1.80257046
v -1.79421377 1.21432662 -1.94868636
v -1.79611266 1.21257377 -1.96701348
v -1.77151179 1.43115759 -1.85200477
v -1.75942659 1.42526400 -1.84493804
v -1.78823054 1.34071136 -1.99139011
v -1.82232165 1.40360534 -1.96099794
v -1.81439841 1.42079854 -1.95935547
v -1.82523251 1.40669131 -1.94625783
v -1.81690025 1.42279327 -1.94421411
v -1.71845651 0.95674729 -1.98696852
v -1.71432841 0.95937788 -1.98441982
v -1.71187615 1.47323060 -1.75725913
v -1.70625150 1.46754646 -1.75926173
v -1.70473599 1.47797000 -1.76588476
v -1.71067286 1.48415732 -1.76308250
v -1.73860896 0.91823334 -1.98478234
v -1.73481286 0.93549967 -1.98744833
v -1.67639637 0.94553804 -1.94979644
v -1.67989767 0.94892794 -1.96640491
v -1.66935527 0.95674813 -1.96708763
v -1.66151214 0.95916128 -1.96433365
v -1.84590375 0.90074629 -1.96098745
v -1.83738816 0.93135202 -1.95663762
v -1.85498524 0.86868256 -1.96329021
v -1.86312711 0.83500785 -1.96693075
v -1.84324324 0.61781597 -1.95446742
v -1.82866931 0.59625137 -1.93688655
v -1.74691629 0.54369062 -1.89693332
v -1.71647012 0.52548510 -1.88392007
v -1.68479097 0.50584275 -1.86978078
v -1.62686801 0.46601111 -1.84182525
v -1.65330791 0.48574364 -1.85556793
v -1.73349154 1.36735904 -1.70717931
v -1.72027743 1.36400783 -1.70178664
v -1.72075582 1.38992190 -1.71403491
v -1.73556983 1.39361489 -1.71896100
v -1.70654917 1.37523186 -1.78645718
v -1.70257628 1.35561228 -1.77496111
v -1.71268058 1.35558724 -1.78083861
v -1.71708286 1.37652922 -1.79150963
v -1.69826078 1.33513737 -1.76283753
v -1.69357395 1.35645890 -1.76836538
v -1.68977499 1.33578312 -1.75419879
v -1.68018413 1.34641385 -1.72129381
v -1.68057096 1.36833346 -1.73654950
v -1.68628204 1.37669969 -1.72650993
v -1.68658459 1.35177469 -1.71109390
v -1.70739055 1.35976160 -1.70068550
v -1.69576740 1.35571766 -1.70397818
v -1.69590282 1.38070846 -1.71784532
v -1.70796728 1.38498902 -1.71393442
v -1.72970366 1.33850884 -1.77239358
v -1.73445272 1.36040330 -1.78356147
v -1.72341967 1.35667086 -1.78409946
v -1.71873724 1.33598292 -1.77272201
v -1.76995623 1.45327997 -1.76623249
v -1.77442408 1.47265697 -1.77431810
v -1.75683379 1.45622873 -1.83659339
v -1.75056577 1.45897222 -1.83101535
v -1.76205409 1.45903265 -1.83102155
v -1.76667559 1.46314085 -1.83753777
v -1.76386011 1.40514517 -1.76641667
v -1.76092589 1.40984249 -1.75015497
v -1.76550353 1.43269062 -1.75964451
v -1.76860309 1.42626953 -1.77519619
v -1.73879755 1.38269353 -1.79445529
v -1.74381638 1.40454102 -1.80597031
v -1.73290420 1.39988613 -1.80636072
v -1.72800374 1.37819242 -1.79508781
v -1.68715668 1.40192151 -1.77857530
v -1.68336964 1.38286281 -1.76397336
v -1.76256013 1.44437575 -1.81374311
v -1.75949264 1.42933106 -1.80747890
v -1.77435708 1.42162323 -1.85488641
v -1.73526680 1.41796875 -1.83065844
v -1.73678017 1.40742660 -1.83267426
v -1.81248808 1.36076820 -1.89004755
v -1.81781530 1.37637043 -1.89095020
v -1.75558221 1.38421106 -1.84586704
v -1.75788999 1.36874020 -1.85081208
v -1.81325781 1.37866712 -1.88503778
v -1.80800676 1.36868346 -1.88196254
v -1.78683817 1.30240870 -1.93158138
v -1.74222314 1.56690359 -1.97032320
v -1.75531232 1.41192150 -1.79960036
v -1.76438487 1.41857183 -1.78869510
v -1.68647015 1.42986369 -1.77724504
v -1.68744028 1.42343891 -1.78344798
v -1.69217920 1.43604195 -1.79366887
v -1.68965495 1.43979120 -1.78779173
v -1.65200913 1.43805170 -1.83061481
v -1.66098118 1.42493498 -1.82865071
v -1.64955688 1.41136563 -1.83527052
v -1.63892710 1.42628217 -1.83920646
v -1.72508681 1.47608542 -1.75163448
v -1.72563112 1.49019158 -1.75727224
v -1.73715460 1.48963773 -1.75537932
v -1.73506582 1.47304273 -1.74935901
v -1.75062156 1.48711383 -1.75613022
v -1.76461506 1.48097003 -1.76099002
v -1.76032245 1.46137774 -1.75492525
v -1.74695015 1.46845233 -1.74990678
v -1.76034224 1.03532040 -1.81306887
v -1.72838020 1.03534055 -1.80772126
v -1.79320061 1.17426252 -1.90801418
v -1.78503597 1.17826867 -1.88628447
v -1.80309451 1.09434545 -1.92785549
v -1.75362921 0.96464217 -1.98755348
v -1.77683926 0.98039299 -1.97935498
v -1.74305308 0.89052922 -1.98072362
v -1.78841174 1.03758836 -1.82516098
v -1.76305234 0.82649124 -1.96950293
v -1.75144589 0.85937971 -1.97451866
v -1.73170614 0.81409311 -1.90953779
v -1.71505821 0.84389460 -1.91129375
v -1.72415757 0.84066790 -1.88550448
v -1.73979044 0.81252724 -1.88704991
v -1.74133527 0.83969712 -1.86527944
v -1.75648785 0.81257856 -1.86866057
v -1.90792811 0.76924539 -1.93439949
v -1.70125270 0.62129390 -1.85102510
v -1.68570745 0.59485930 -1.82288933
v -1.67526448 0.59815401 -1.84052038
v -1.71345544 0.61864418 -1.83200371
v -1.75596666 0.62799853 -1.83009291
v -1.72870624 0.60909081 -1.81923890
v -1.73969996 0.53309417 -1.82756543
v -1.65068579 0.57207435 -1.83010960
v -1.65869892 0.56749433 -1.81444049
v -1.70022154 0.58527964 -1.81082666
v -1.67106044 0.55951935 -1.80401039
v -1.73348665 0.94757748 -1.98924720
v -1.64831972 0.95793211 -1.95942402
v -1.83432150 1.01981282 -1.86967981
v -1.84035552 0.99037451 -1.86792099
v -1.80946457 1.02076828 -1.94487357
v -1.82028508 1.03424764 -1.92284393
v -1.77967727 1.23408318 -1.90794575
v -1.78531229 1.23217297 -1.92726743
v -1.77392685 1.26876998 -1.90169168
v -1.77602005 1.25106776 -1.90443325
v -1.76795626 1.25519979 -1.88602734
v -1.76470137 1.27211738 -1.88450372
v -1.73743272 1.28062820 -1.85587609
v -1.73947954 1.26249087 -1.85710430
v -1.72062898 1.26702881 -1.84989166
v -1.71831906 1.28559589 -1.84856582
v -1.70351350 1.25505209 -1.84744585
v -1.72387004 1.24942517 -1.84916627
v -1.63506687 1.29844844 -1.87407315
v -1.63319802 1.32061315 -1.87185299
v -1.64626324 1.31342173 -1.86188984
v -1.64844823 1.29247069 -1.86401963
v -1.78615248 1.03581345 -1.98515153
v -1.73759425 0.95835567 -1.98930550
v -1.82933462 0.95931971 -1.95283282
v -1.83539784 0.99322450 -1.92473543
v -1.84337711 0.99403274 -1.89615071
v -1.72275126 1.43594062 -1.80996811
v -1.68300593 1.44806087 -1.81551874
v -1.67900372 1.45945692 -1.81350660
v -1.75572443 1.43994927 -1.74797559
v -1.74224102 1.44779742 -1.74334395
v -1.74905217 1.42352176 -1.81555855
v -1.77808475 1.47891259 -1.79619324
v -1.77612042 1.48137558 -1.81671000
v -1.77348363 1.46793032 -1.80920720
v -1.80783379 1.08408272 -1.89986491
v -1.81761587 1.06272352 -1.89865017
v -1.81612647 1.06696165 -1.87172747
v -1.68795204 0.95085293 -1.97387397
v -1.68214583 0.95493799 -1.97201729
v -1.79678869 1.00178695 -1.96415639
v -1.78356779 0.76520950 -1.96435583
v -1.77438831 0.79525357 -1.96669388
v -1.78934848 0.73708010 -1.96363389
v -1.79149997 0.71104860 -1.96193194
v -1.79021645 0.68621987 -1.95947826
v -1.79033327 0.66628498 -1.95428002
v -1.78689909 0.65171182 -1.94712126
v -1.77440274 0.63929236 -1.93526256
v -1.73161852 0.60020334 -1.92545021
v -1.75153327 0.62739301 -1.92545414
v -1.72377479 0.61342663 -1.91542196
v -1.69573927 0.59704340 -1.90444303
v -1.64520359 0.55582070 -1.87709248
v -1.66868079 0.57854134 -1.89220691
v -1.62211406 0.53190708 -1.86028123
v -1.59732807 0.50658232 -1.84570456
v -1.70824254 0.95543945 -1.98278058
v -1.69812691 0.95280254 -1.97884727
v -1.76309240 1.55230188 -1.88707924
v -1.74428332 1.43147886 -1.83536804
v -1.74070275 1.44004154 -1.83250773
v -1.75394201 1.43900084 -1.82180870
v -1.63129640 0.96160102 -1.95308387
v -1.61465311 0.96891403 -1.94518018
v -1.70669389 1.40679955 -1.72707188
v -1.71908271 1.41399598 -1.72626591
v -1.73742461 1.42147648 -1.81565595
v -1.74453878 1.45423567 -1.83245349
v -1.73950744 1.46022320 -1.82740605
v -1.79731452 1.28277588 -1.77394235
v -1.80699348 1.27760887 -1.78992474
v -1.81289363 1.27211785 -1.78340244
v -1.80300677 1.27674973 -1.76654923
v -1.78935456 1.28476000 -1.78117096
v -1.79868138 1.27889919 -1.79628253
v -1.75648403 1.24493504 -1.79238534
v -1.77172637 1.23822689 -1.80474424
v -1.77285659 1.24956965 -1.80580556
v -1.75868857 1.25676560 -1.79340398
v -1.79982662 1.26943707 -1.81524277
v -1.78993237 1.27604246 -1.80114126
v -1.78216445 1.26905978 -1.80359602
v -1.79367673 1.26196063 -1.81702423
v -1.76423728 1.22509408 -1.77988672
v -1.74727082 1.23046899 -1.76843011
v -1.75504339 1.22672009 -1.75923562
v -1.77187598 1.22265768 -1.77144039
v -1.70662737 1.27790070 -1.74722397
v -1.70345151 1.28367412 -1.74014425
v -1.69662774 1.27398419 -1.73957849
v -1.70130050 1.26717722 -1.74608469
v -1.77765620 1.29444528 -1.74140942
v -1.78752196 1.28835678 -1.75768423
v -1.79199064 1.28150678 -1.74930024
v -1.78054655 1.28616261 -1.73208928
v -1.74811101 1.29149628 -1.76403821
v -1.73762333 1.29794312 -1.74970484
v -1.72735775 1.28986049 -1.75408924
v -1.73802674 1.28219843 -1.76718247
v -1.76800334 1.29021239 -1.71495962
v -1.76772809 1.29979837 -1.72502375
v -1.77073896 1.27635598 -1.79032457
v -1.75928915 1.28404975 -1.77741003
v -1.75036669 1.27520192 -1.77989638
v -1.76353300 1.26727343 -1.79233825
v -1.79528320 1.21788645 -1.80498767
v -1.78028238 1.22106981 -1.79214180
v -1.78780901 1.21971285 -1.78417885
v -1.80272329 1.21761703 -1.79798245
v -1.78967774 1.25302804 -1.81780982
v -1.77663910 1.26005065 -1.80490971
v -1.78690684 1.24278557 -1.81836116
v -1.82712770 1.24905837 -1.79007852
v -1.81558788 1.25157118 -1.77255201
v -1.81505096 1.26302981 -1.77750289
v -1.82570291 1.25979209 -1.79472530
v -1.72677493 1.26057434 -1.76847875
v -1.74102056 1.25273323 -1.78045297
v -1.74440610 1.26434064 -1.78082180
v -1.73097599 1.27151191 -1.76876402
v -1.76974869 1.29766870 -1.75059688
v -1.77923322 1.29104745 -1.76586008
v -1.80343056 1.25377822 -1.75484324
v -1.79020512 1.25606120 -1.73729634
v -1.79243922 1.27033710 -1.74206650
v -1.80415511 1.26672578 -1.75983357
v -1.76699376 1.24468303 -1.72162545
v -1.78354824 1.24269462 -1.73728383
v -1.77390897 1.23321486 -1.74225485
v -1.75611448 1.23586035 -1.72807741
v -1.71151149 1.25813472 -1.75462604
v -1.71457803 1.26950717 -1.75668144
v -1.72983754 1.23786008 -1.75715637
v -1.71273780 1.24622178 -1.74713862
v -1.71881974 1.23935437 -1.73589039
v -1.73700631 1.23241448 -1.74717236
v -1.73857701 1.31340158 -1.71897578
v -1.74217534 1.30987251 -1.72963703
v -1.75187552 1.31062174 -1.71953011
v -1.74570370 1.31373477 -1.70721817
v -1.75661242 1.30442631 -1.70842290
v -1.74680829 1.30848348 -1.69588470
v -1.72747719 1.30835783 -1.67687917
v -1.73289764 1.30360794 -1.67895567
v -1.72239232 1.29529119 -1.67541790
v -1.71673357 1.30178630 -1.67516625
v -1.72921038 1.24922204 -1.69232798
v -1.74876142 1.24631071 -1.70654726
v -1.73665535 1.23901677 -1.71471441
v -1.71578729 1.24359655 -1.70138431
v -1.69071782 1.25174475 -1.70737886
v -1.70678055 1.24371791 -1.71311879
v -1.70143676 1.24734914 -1.72697711
v -1.68951380 1.25548613 -1.72187948
v -1.68127084 1.29770505 -1.72788393
v -1.67927039 1.28337967 -1.71962690
v -1.68479764 1.28411078 -1.73094392
v -1.68789053 1.29691780 -1.73783767
v -1.70439851 1.29183984 -1.74370682
v -1.71451521 1.29664254 -1.74366307
v -1.71918666 1.30510223 -1.75093639
v -1.70841813 1.30151796 -1.75091600
v -1.74582207 1.32501197 -1.70930886
v -1.74285626 1.31965280 -1.70640755
v -1.74092174 1.32170010 -1.69303370
v -1.74041748 1.32897210 -1.69598103
v -1.71168149 1.25358486 -1.68202722
v -1.69524825 1.24985099 -1.69201601
v -1.70003426 1.28500116 -1.73845005
v -1.69651854 1.27952886 -1.73721910
v -1.70475543 1.28818941 -1.73784697
v -1.70949030 1.29163909 -1.73833537
v -1.72803867 1.30447316 -1.72872078
v -1.72248268 1.30271506 -1.72872448
v -1.73035920 1.30947375 -1.72099376
v -1.73419738 1.31092501 -1.71882355
v -1.74054646 1.31632781 -1.70611227
v -1.73846638 1.31490707 -1.71013689
v -1.74252415 1.31547487 -1.69748020
v -1.74147725 1.31765866 -1.69281292
v -1.70167685 1.26093769 -1.67847848
v -1.69291651 1.26948965 -1.67979789
v -1.70240021 1.27873158 -1.67532909
v -1.71161687 1.27188194 -1.67443836
v -1.68361604 1.26376557 -1.72129130
v -1.68229735 1.26114869 -1.70822906
v -1.71952772 1.30103445 -1.73538327
v -1.71380651 1.29647958 -1.73532522
v -1.71114624 1.29284251 -1.73935580
v -1.74049008 1.31149733 -1.68672109
v -1.67729700 1.29890501 -1.71796811
v -1.67928529 1.31568658 -1.72911525
v -1.67682517 1.31874537 -1.71838951
v -1.67595530 1.30159497 -1.70757270
v -1.68508279 1.31395233 -1.73892903
v -1.69270337 1.31349719 -1.74814367
v -1.72454703 1.31915474 -1.76076853
v -1.71377861 1.31636763 -1.76080644
v -1.73517191 1.32345498 -1.75604033
v -1.72995937 1.30943143 -1.74640453
v -1.73954153 1.31432045 -1.73905814
v -1.74506390 1.32878435 -1.74794984
v -1.74919164 1.34163964 -1.71832156
v -1.74197710 1.34518611 -1.70495868
v -1.73107207 1.32753348 -1.68767762
v -1.73126948 1.34404123 -1.69608271
v -1.69421983 1.28726876 -1.73960412
v -1.69088638 1.27845860 -1.73432195
v -1.79828310 1.24080825 -1.75374734
v -1.81221652 1.23933601 -1.77066386
v -1.80459154 1.22984982 -1.77285147
v -1.78984296 1.23136580 -1.75709522
v -1.79604173 1.22317147 -1.77755320
v -1.81050146 1.22162104 -1.79233587
v -1.76960921 1.28973663 -1.77258825
v -1.77991486 1.28276682 -1.78703666
v -1.80808580 1.27356923 -1.81130505
v -1.72856009 1.30776906 -1.72865677
v -1.73066294 1.30406570 -1.73757088
v -1.70641410 1.29464781 -1.67598045
v -1.70254457 1.30342853 -1.67894995
v -1.71308899 1.30938303 -1.67755532
v -1.72478807 1.26784587 -1.67870569
v -1.73147964 1.28664565 -1.67899323
v -1.74880040 1.28149962 -1.69255233
v -1.74124062 1.26459110 -1.68888235
v -1.68624401 1.27969861 -1.68366873
v -1.68212748 1.29148364 -1.68935633
v -1.69137180 1.29747748 -1.68220448
v -1.69593036 1.28689778 -1.67790115
v -1.74514496 1.31901646 -1.72584820
v -1.73962486 1.31323588 -1.72106779
v -1.70764542 1.33669567 -1.68919754
v -1.71967244 1.33965445 -1.69031286
v -1.72108614 1.32396114 -1.68279290
v -1.71049261 1.32038605 -1.68203700
v -1.72381783 1.31461334 -1.67877138
v -1.69661272 1.33322370 -1.69232368
v -1.69937539 1.31593740 -1.68385267
v -1.75072372 1.33514643 -1.73479104
v -1.68022168 1.30633259 -1.69759095
v -1.67965460 1.32385278 -1.70794225
v -1.68702972 1.32898784 -1.69838250
v -1.68868196 1.31130195 -1.68898773
v -1.78057504 1.22541666 -1.76330376
v -1.76402569 1.22824597 -1.74993324
v -1.69099927 1.26322126 -1.73408198
v -1.69872749 1.25530005 -1.73922849
v -1.68892109 1.27056944 -1.73214710
v -1.75841749 1.23290539 -1.78761768
v -1.77453196 1.22761011 -1.79965019
v -1.72588718 1.24846649 -1.76510572
v -1.74190271 1.24007761 -1.77622414
v -1.77519190 1.25835586 -1.72034073
v -1.67824256 1.27143431 -1.70215285
v -1.68246257 1.26076031 -1.69632065
v -1.67926741 1.27115679 -1.71280742
v -1.70314467 1.31460953 -1.75635505
v -1.69747984 1.29830587 -1.74606287
v -1.69176769 1.25711834 -1.68395054
v -1.70819795 1.33495760 -1.76906657
v -1.74141407 1.29854369 -1.68612123
v -1.73355019 1.31906676 -1.68390489
v -1.73658824 1.31412268 -1.68281710
v -1.82292235 1.26856875 -1.79959905
v -1.75938356 1.29682565 -1.75845969
v -1.72085524 1.29606736 -1.74295521
v -1.71322858 1.28751564 -1.74614048
v -1.67698467 1.28375864 -1.70924532
v -1.67708790 1.28619945 -1.69937038
v -1.68021464 1.27425480 -1.69278264
v -1.72492766 1.30182695 -1.73973727
v -1.73433840 1.30723286 -1.73382640
v -1.78962028 1.22312033 -1.81167066
v -1.71909106 1.29811740 -1.73487926
v -1.75410748 1.29395890 -1.69887495
v -1.61768544 1.53844762 -1.91961336
v -1.60763741 1.52336574 -1.93549323
v -1.61170530 1.53659546 -1.93709266
v -1.75934148 1.35337722 -1.85758889
v -1.77922654 1.32270181 -1.89868319
v -1.77223122 1.32690167 -1.88330734
v -1.74722862 1.42151666 -1.83772969
v -1.74934959 1.41005230 -1.84043121
v -1.73181713 1.45831132 -1.82355905
v -1.73504138 1.45194626 -1.82802987
v -1.77081132 1.38908076 -1.85285306
v -1.68758190 1.74109411 -1.89164090
v -1.68733883 1.73415184 -1.89294481
v -1.68169093 1.75313282 -1.88724780
v -1.78731000 1.19451153 -2.01046014
v -1.78669250 1.17363334 -2.02138114
v -1.78851509 1.16505873 -2.02179265
v -1.70576966 1.73380876 -1.89958954
v -1.70336914 1.72697330 -1.90100431
v -1.70560706 1.73072624 -1.89784837
v -1.70679438 1.73641944 -1.89991224
v -1.70686340 1.73543262 -1.90034544
v -1.69008470 1.75985479 -1.88954318
v -1.68934286 1.72685313 -1.89685082
v -1.69341958 1.71969903 -1.90147901
v -1.69947052 1.74982834 -1.89540350
v -1.61550772 1.18570113 -1.89072478
v -1.61339855 1.16483712 -1.88534033
v -1.60261214 1.16591084 -1.90662253
v -1.60628307 1.18731642 -1.91077149
v -1.58828890 1.14907742 -1.92768967
v -1.59200108 1.16842723 -1.93040335
v -1.59907448 1.14413333 -1.90272427
v -1.67083251 1.10829210 -1.81436515
v -1.67017400 1.13144469 -1.81681061
v -1.69503927 1.13614953 -1.81211138
v -1.69592726 1.11335492 -1.80952036
v -1.71945965 1.15594172 -1.81851006
v -1.72126496 1.13865972 -1.81377947
v -1.69457817 1.15485740 -1.81725073
v -1.74273002 1.15603518 -1.82725859
v -1.74407852 1.13941300 -1.82282352
v -1.76146257 1.15476775 -1.84121120
v -1.76318765 1.13730252 -1.83754694
v -1.77861524 1.13496602 -1.85548449
v -1.78958797 1.13125300 -1.87801623
v -1.80093098 1.10501945 -1.90155935
v -1.79606855 1.12416577 -1.90334535
v -1.79983366 1.11607015 -1.92751741
v -1.80014002 1.10927379 -1.95159757
v -1.79847932 1.10577023 -1.97175872
v -1.79439974 1.10563624 -1.98907506
v -1.78927612 1.10488403 -2.00420856
v -1.78247416 1.10457754 -2.01658106
v -1.77860391 1.08439457 -2.01422143
v -1.76799786 1.52955008 -1.89734721
v -1.68937266 1.60738170 -1.87175727
v -1.71802402 1.60545897 -1.86186123
v -1.69455636 1.60331416 -1.86028099
v -1.66270757 1.55672956 -1.83182824
v -1.64705873 1.55121267 -1.84428346
v -1.65663278 1.56763363 -1.84464514
v -1.67643833 1.57419086 -1.83159804
v -1.67062950 1.60095239 -1.87565851
v -1.66898799 1.60375321 -1.88391066
v -1.67155123 1.59728122 -1.86545181
v -1.65428364 1.58963501 -1.87603402
v -1.64253128 1.58267736 -1.89020705
v -1.74524748 1.58856821 -1.82162285
v -1.75436020 1.57910156 -1.80998325
v -1.73154080 1.57498813 -1.80729258
v -1.72276378 1.58216107 -1.81624806
v -1.68066132 1.54048610 -1.81533110
v -1.69053400 1.53793490 -1.80835712
v -1.68206036 1.52481699 -1.80880201
v -1.67212307 1.52584481 -1.81601143
v -1.76709688 1.53391767 -1.78314435
v -1.76812375 1.51699030 -1.77565837
v -1.75151300 1.52189183 -1.77063274
v -1.75001717 1.53781676 -1.77956343
v -1.70200098 1.55157185 -1.80874896
v -1.61934876 1.43646026 -1.85564590
v -1.63067937 1.44349957 -1.84322011
v -1.64468682 1.45169878 -1.83300090
v -1.67597449 1.47127652 -1.81090796
v -1.67098427 1.45217371 -1.81826878
v -1.66774619 1.46647024 -1.81677401
v -1.68243849 1.47507024 -1.80472970
v -1.68756056 1.47640455 -1.80003142
v -1.77946961 1.49322379 -1.82426286
v -1.77403414 1.47657347 -1.83405447
v -1.76894200 1.46905839 -1.82604027
v -1.69507110 1.46819186 -1.79249072
v -1.69527757 1.46395552 -1.79442406
v -1.69498146 1.46644831 -1.79869425
v -1.69392085 1.47101688 -1.79689407
v -1.73512161 1.59504414 -1.83282852
v -1.73633277 1.52054489 -1.77001917
v -1.72397423 1.51598608 -1.77218151
v -1.72153354 1.52729416 -1.78152609
v -1.73430312 1.53430831 -1.78001738
v -1.71423614 1.51102233 -1.77460015
v -1.70690942 1.50507665 -1.77760541
v -1.70378888 1.51299477 -1.78597808
v -1.71146870 1.52070761 -1.78400493
v -1.69554472 1.47292781 -1.78963029
v -1.69303143 1.47737598 -1.79545450
v -1.77692485 1.48979592 -1.78031433
v -1.78118205 1.55815029 -1.81146216
v -1.77579689 1.57240999 -1.82112014
v -1.78687954 1.55552959 -1.83617806
v -1.78784478 1.54147506 -1.82722640
v -1.72887242 1.45166910 -1.81569088
v -1.72107565 1.44866335 -1.81094706
v -1.71222246 1.44568646 -1.80654180
v -1.70033169 1.45779181 -1.80509043
v -1.70429981 1.44413888 -1.80243647
v -1.75793624 1.45084083 -1.82629991
v -1.76653886 1.45754981 -1.81976604
v -1.78371465 1.53253198 -1.84811187
v -1.78415632 1.52053440 -1.84040403
v -1.76765454 1.49845433 -1.76795852
v -1.75228560 1.50424039 -1.76283562
v -1.68997097 1.45034528 -1.78171504
v -1.69252503 1.45597541 -1.78859949
v -1.69294226 1.46084762 -1.78591251
v -1.69436705 1.45314026 -1.80921841
v -1.69658923 1.46162486 -1.80162251
v -1.76159370 1.56658697 -1.79948354
v -1.72550666 1.50330782 -1.76388490
v -1.73779464 1.50502753 -1.76218212
v -1.70693386 1.52814960 -1.79237437
v -1.69921684 1.53402793 -1.80052865
v -1.70996785 1.54512203 -1.79986107
v -1.71638989 1.53686357 -1.79108250
v -1.70292425 1.48776066 -1.77264833
v -1.70840609 1.49504399 -1.76922739
v -1.69123888 1.52281404 -1.80200517
v -1.69857299 1.51871145 -1.79427123
v -1.69384992 1.46641839 -1.78287745
v -1.78126192 1.54239249 -1.85516429
v -1.77551472 1.52548254 -1.87191451
v -1.77720547 1.51938534 -1.86285341
v -1.77784956 1.51014471 -1.85604143
v -1.77738810 1.49870777 -1.84898329
v -1.77639258 1.48604369 -1.84215653
v -1.77271807 1.52809596 -1.88366711
v -1.68448400 1.26447725 -1.68752563
v -1.68910325 1.44482434 -1.78411603
v -1.68861306 1.44352055 -1.77349627
v -1.68746245 1.43694603 -1.77468705
v -1.69623554 1.40428209 -1.73330235
v -1.79223466 1.73325765 -2.00820398
v -1.79239297 1.72712708 -2.00800133
v -1.78416610 1.75441074 -2.00637531
v -1.78576267 1.75138903 -2.00689840
v -1.71207738 1.28767455 -1.67440462
v -1.71847391 1.28158081 -1.67518044
v -1.75903404 1.26131439 -1.70409608
v -1.76471126 1.27760649 -1.70824146
v -1.77936816 1.27388012 -1.72482562
v -1.76057661 1.30427146 -1.73457801
v -1.74964678 1.30375028 -1.74345136
v -1.72024846 1.27985191 -1.75638747
v -1.72704339 1.23735666 -1.72465825
v -1.83452618 1.26542902 -1.83723903
v -1.84305847 1.26121676 -1.85355592
v -1.85110843 1.26000309 -1.84832942
v -1.84215474 1.26270962 -1.83183026
v -1.85110438 1.25841618 -1.86943197
v -1.83579910 1.25808215 -1.85752964
v -1.84409821 1.25384510 -1.87228441
v -1.83038890 1.25163674 -1.85869718
v -1.83955467 1.24706924 -1.87271416
v -1.83701861 1.23903155 -1.87201226
v -1.82720315 1.24359989 -1.85856438
v -1.82596433 1.23531485 -1.85824573
v -1.83652592 1.23073149 -1.87129450
v -1.81364214 1.23158073 -1.84371638
v -1.81471968 1.22293210 -1.84121251
v -1.82874715 1.21993065 -1.85377085
v -1.82668352 1.22709513 -1.85693288
v -1.85140145 1.21023607 -1.85720444
v -1.83808351 1.21113157 -1.84444475
v -1.84502184 1.21355104 -1.83948684
v -1.85786593 1.21260071 -1.85276520
v -1.84522367 1.22695088 -1.81988454
v -1.85856676 1.22579014 -1.83378100
v -1.85236669 1.21873474 -1.83571291
v -1.83847058 1.21967828 -1.82183826
v -1.87119389 1.22445643 -1.84650075
v -1.86048234 1.23449516 -1.83492780
v -1.87198985 1.23381925 -1.84856474
v -1.81725132 1.26876020 -1.82666707
v -1.82557774 1.26944113 -1.82139754
v -1.81661594 1.27350509 -1.80565810
v -1.81624520 1.24943590 -1.84471226
v -1.82007992 1.25754189 -1.84432542
v -1.81003106 1.26355195 -1.82986760
v -1.80511391 1.25570118 -1.83086157
v -1.78659022 1.23220348 -1.81644833
v -1.80088866 1.22708416 -1.82866788
v -1.80048907 1.23696852 -1.83077860
v -1.81433332 1.24079919 -1.84442508
v -1.80233049 1.24670053 -1.83100915
v -1.81798232 1.21573198 -1.83678520
v -1.83232307 1.21344566 -1.84944654
v -1.84606016 1.25459087 -1.82725596
v -1.85624909 1.25289631 -1.84324491
v -1.85920560 1.24393213 -1.83903670
v -1.84860945 1.24561000 -1.82330632
v -1.80378354 1.21918845 -1.82417083
v -1.83607519 1.25730729 -1.81128311
v -1.83795249 1.24728894 -1.80704343
v -1.84866261 1.23575318 -1.81991637
v -1.83702731 1.23687100 -1.80425930
v -1.86578250 1.25170040 -1.85801697
v -1.85970449 1.25801778 -1.86363363
v -1.83243692 1.26545298 -1.81565332
v -1.82401490 1.21256113 -1.83099389
v -1.80980349 1.21517587 -1.81804693
v -1.81707990 1.21574163 -1.81169963
v -1.83105361 1.21442020 -1.82556152
v -1.81820881 1.22894096 -1.78857052
v -1.83181918 1.22773528 -1.80482483
v -1.82440138 1.22064221 -1.80743253
v -1.86509919 1.21711481 -1.84837246
v -1.82469594 1.23812938 -1.78789127
v -1.88773251 1.22684324 -1.93458629
v -1.88600779 1.23200846 -1.94304049
v -1.87717128 1.23122346 -1.93908978
v -1.87924445 1.22605729 -1.92968631
v -1.85633337 1.23198438 -1.93059564
v -1.85822034 1.23864985 -1.94104409
v -1.85327494 1.24594700 -1.93730497
v -1.85029840 1.24001145 -1.92619383
v -1.88532770 1.23858953 -1.94904017
v -1.87627280 1.23693037 -1.94591248
v -1.88481164 1.24577081 -1.94895554
v -1.89341140 1.24062920 -1.95245767
v -1.89543772 1.24759078 -1.95108533
v -1.90336335 1.24799836 -1.95484376
v -1.90914154 1.25037324 -1.94808018
v -1.89897633 1.25322104 -1.94140983
v -1.91134596 1.24291205 -1.92157996
v -1.91929090 1.24019361 -1.93332422
v -1.92285013 1.23321176 -1.92613804
v -1.91407406 1.23585677 -1.91496909
v -1.92128360 1.21804965 -1.91452229
v -1.91285944 1.22181416 -1.90467429
v -1.91361749 1.22877169 -1.91002154
v -1.92247021 1.22550464 -1.92122793
v -1.89145529 1.21891284 -1.92254853
v -1.88980603 1.22249079 -1.92661071
v -1.88236082 1.22157335 -1.92074001
v -1.88414514 1.21791291 -1.91608047
v -1.88050616 1.25410974 -1.95076847
v -1.87988245 1.25100112 -1.95238483
v -1.88752472 1.25118685 -1.94607902
v -1.88531148 1.25450683 -1.94103384
v -1.86719382 1.20675421 -1.89756548
v -1.86427605 1.21231973 -1.90006626
v -1.85738242 1.21601057 -1.89258337
v -1.86018288 1.20980644 -1.88899577
v -1.84878981 1.23228347 -1.90726781
v -1.84962213 1.24489069 -1.90311253
v -1.84825528 1.24249816 -1.89563012
v -1.85003912 1.22956038 -1.89925885
v -1.84884799 1.23532450 -1.91600764
v -1.85241640 1.24982417 -1.92140245
v -1.85034251 1.24696875 -1.91136813
v -1.85542142 1.25382864 -1.93355429
v -1.86488020 1.20443439 -1.88257957
v -1.87036431 1.20007229 -1.88749313
v -1.93308222 1.23487902 -1.99161577
v -1.92948031 1.23596096 -1.98769093
v -1.93128395 1.23124933 -1.98647618
v -1.93515790 1.23025990 -1.99033666
v -1.88317931 1.20618927 -1.87522089
v -1.87743115 1.20678163 -1.87163055
v -1.88335311 1.21310604 -1.86932886
v -1.88829768 1.21371961 -1.87398303
v -1.89024794 1.20437634 -1.88010073
v -1.89487934 1.21345210 -1.88026214
v -1.94273090 1.24299705 -1.98826933
v -1.93965447 1.24398398 -1.98337126
v -1.93512785 1.24316597 -1.98570347
v -1.93813574 1.24203205 -1.99043036
v -1.89429760 1.22783399 -1.94093657
v -1.89268684 1.23314726 -1.94843066
v -1.90618289 1.23093712 -1.96077132
v -1.90381551 1.23646080 -1.96169066
v -1.89833724 1.23478198 -1.95520592
v -1.90087295 1.22817838 -1.94967937
v -1.90529633 1.21588075 -1.93498003
v -1.90492749 1.22013915 -1.94142127
v -1.89849508 1.22131014 -1.93295479
v -1.89909232 1.21676552 -1.92693686
v -1.89914739 1.20709610 -1.92188001
v -1.89991796 1.20156538 -1.92055821
v -1.90590441 1.20037293 -1.92656028
v -1.90586305 1.20627260 -1.92891002
v -1.91838014 1.20863092 -1.94503617
v -1.91928446 1.20467281 -1.94215250
v -1.92702985 1.20520663 -1.94719172
v -1.92630017 1.20862496 -1.95007038
v -1.87276125 1.20748508 -1.86716044
v -1.87894762 1.21343458 -1.86420822
v -1.91707265 1.20275784 -1.90427649
v -1.92349458 1.19881785 -1.91056490
v -1.91859090 1.19044948 -1.90849459
v -1.91183627 1.19436157 -1.90182507
v -1.89158154 1.22219193 -1.87632358
v -1.88710129 1.22186148 -1.87072682
v -1.94719124 1.24066830 -1.98594141
v -1.94424522 1.24177885 -1.98086917
v -1.86338317 1.25923169 -1.93042707
v -1.86110389 1.25569415 -1.91705632
v -1.85906792 1.25258255 -1.90615845
v -1.85714555 1.25138271 -1.89851618
v -1.85480487 1.25145268 -1.89233232
v -1.90626299 1.22419000 -1.95163310
v -1.89439547 1.22373462 -1.93284321
v -1.89190090 1.21604097 -1.91979098
v -1.89397466 1.19177747 -1.90890718
v -1.89371741 1.19734836 -1.91342974
v -1.88730991 1.19887829 -1.90969563
v -1.88807869 1.19215608 -1.90271664
v -1.90625632 1.18862569 -1.90456975
v -1.91299868 1.18574059 -1.91111827
v -1.90879977 1.18592811 -1.91623878
v -1.90237248 1.18788493 -1.91022944
v -1.87960303 1.25847566 -1.94982481
v -1.88064551 1.25822258 -1.93829966
v -1.87706804 1.20058513 -1.87963665
v -1.87123573 1.20309007 -1.87584496
v -1.86628783 1.20622432 -1.87235677
v -1.87413871 1.21457076 -1.90789008
v -1.87361491 1.21691895 -1.91054630
v -1.86038220 1.21861053 -1.90531051
v -1.86259091 1.21569467 -1.90178800
v -1.86848760 1.22389650 -1.92544055
v -1.86707258 1.22967708 -1.93548930
v -1.85652852 1.22574568 -1.92001677
v -1.85439181 1.22158539 -1.89539623
v -1.85009062 1.22570670 -1.88894629
v -1.85331309 1.21924806 -1.88594961
v -1.85652626 1.21276808 -1.88214469
v -1.86091220 1.20756578 -1.87704170
v -1.84506691 1.22770143 -1.88187695
v -1.84794307 1.22080779 -1.87921774
v -1.85172427 1.21440411 -1.87526989
v -1.85608315 1.20970953 -1.87099671
v -1.87871838 1.22352374 -1.85652399
v -1.88290894 1.22238743 -1.86432219
v -1.87377286 1.21493638 -1.85789073
v -1.84596598 1.24445987 -1.88571262
v -1.84457028 1.23575282 -1.88361287
v -1.84818459 1.23345625 -1.89177251
v -1.85070896 1.25194776 -1.88466370
v -1.86022568 1.24401975 -1.94827867
v -1.86787021 1.24180770 -1.94915807
v -1.86864281 1.24494803 -1.95540595
v -1.86233187 1.24722099 -1.95551646
v -1.89962029 1.24221063 -1.95668888
v -1.90563703 1.24273610 -1.96172607
v -1.91017699 1.24738073 -1.95951152
v -1.87693965 1.19634604 -1.89207101
v -1.87434924 1.20240295 -1.90077901
v -1.91045582 1.22682476 -1.96008599
v -1.93559599 1.24490869 -1.97767913
v -1.92797148 1.24639702 -1.96822810
v -1.92221463 1.24513650 -1.97111177
v -1.93075395 1.24396086 -1.98044419
v -1.92082798 1.22628784 -1.96309519
v -1.92691743 1.22765672 -1.96832323
v -1.92087471 1.22897720 -1.97014534
v -1.91530454 1.22867560 -1.96477985
v -1.91940081 1.19942486 -1.93868780
v -1.92578256 1.19985950 -1.94272017
v -1.92612851 1.23558378 -1.94564509
v -1.91542077 1.24782133 -1.93939662
v -1.92229855 1.24479330 -1.94880033
v -1.90576994 1.21119714 -1.93124676
v -1.91241872 1.20523858 -1.93587911
v -1.91180813 1.20956707 -1.93848407
v -1.90986502 1.22231698 -1.95306039
v -1.90966380 1.21936262 -1.94781411
v -1.91478932 1.21996391 -1.95379710
v -1.91393161 1.22387874 -1.95827365
v -1.89753604 1.19054461 -1.89740264
v -1.90466273 1.19846153 -1.89402759
v -1.93128741 1.24028492 -1.98724914
v -1.93456507 1.23909557 -1.99153149
v -1.86737144 1.20976925 -1.86180162
v -1.86116052 1.20784831 -1.86634612
v -1.89906347 1.21226263 -1.92387557
v -1.90691340 1.24944377 -1.92958117
v -1.89161479 1.21234500 -1.91741014
v -1.93150556 1.20411897 -1.92671680
v -1.93694937 1.20301068 -1.93149829
v -1.93325055 1.19813156 -1.93353438
v -1.92851973 1.19805634 -1.92822385
v -1.93566573 1.22800970 -1.97634888
v -1.94096768 1.22789598 -1.98126280
v -1.93582428 1.22821784 -1.98400891
v -1.93006778 1.22872496 -1.97906482
v -1.91126764 1.23224688 -1.96572912
v -1.91675425 1.23227692 -1.97185469
v -1.91535509 1.23716140 -1.97278428
v -1.90913570 1.23730040 -1.96642482
v -1.91134369 1.24247432 -1.96617031
v -1.91777301 1.24191689 -1.97250235
v -1.94100797 1.23092413 -1.97393942
v -1.93291569 1.23081982 -1.96590090
v -1.93509853 1.23748338 -1.96372426
v -1.94272470 1.23723400 -1.97318900
v -1.90465033 1.22547686 -1.89502907
v -1.91173983 1.21397448 -1.90007722
v -1.90381694 1.21797204 -1.89090300
v -1.92925894 1.21422768 -1.92356384
v -1.92542887 1.20501900 -1.91896558
v -1.91935444 1.20995903 -1.90926194
v -1.90956438 1.20703709 -1.89638150
v -1.92755020 1.22739267 -1.95541263
v -1.93100798 1.22986174 -1.95146537
v -1.92855215 1.23537493 -1.95574641
v -1.89119124 1.20623136 -1.91514564
v -1.92654490 1.24121916 -1.98216152
v -1.87545383 1.25475872 -1.89087188
v -1.87951910 1.25448823 -1.89760780
v -1.88925290 1.24809909 -1.89109814
v -1.88345540 1.24963486 -1.88475597
v -1.92575133 1.23209500 -1.98152590
v -1.92430162 1.23667061 -1.98287296
v -1.92145658 1.19482946 -1.93560588
v -1.92600322 1.19276619 -1.93349063
v -1.93014705 1.19467211 -1.93645906
v -1.92716694 1.19637346 -1.93918383
v -1.90218031 1.21105397 -1.88769758
v -1.92793596 1.19524014 -1.91456568
v -1.92385602 1.18685067 -1.91360044
v -1.89709949 1.22101569 -1.88252342
v -1.89235091 1.23106098 -1.87988818
v -1.89770281 1.22886848 -1.88639784
v -1.93068147 1.22107315 -1.93376625
v -1.90520775 1.23180163 -1.89968109
v -1.89764440 1.23534000 -1.89088809
v -1.89165783 1.23912823 -1.88417137
v -1.88705909 1.24084783 -1.87853181
v -1.88811553 1.23210061 -1.87456477
v -1.94031930 1.24279177 -1.97486734
v -1.94679630 1.23662615 -1.97898960
v -1.87893867 1.23359466 -1.85928559
v -1.88359320 1.23286140 -1.86773753
v -1.87694645 1.24247420 -1.86362505
v -1.88232291 1.24179101 -1.87195706
v -1.89447486 1.24778664 -1.90106058
v -1.89681709 1.24163747 -1.89561331
v -1.90289104 1.24491525 -1.91094327
v -1.90503192 1.23820448 -1.90454507
v -1.93040216 1.23032880 -1.93698716
v -1.95363796 1.23032951 -1.99124634
v -1.95078146 1.22701263 -1.99212623
v -1.94530702 1.22739220 -1.98585403
v -1.94898832 1.23083544 -1.98467481
v -1.94528449 1.23100615 -1.97941470
v -1.95004034 1.23597574 -1.98425317
v -1.89772832 1.25084400 -1.91924334
v -1.92121100 1.22145295 -1.95844722
v -1.88549125 1.25359893 -1.90965617
v -1.88337815 1.25746536 -1.92551398
v -1.89233935 1.25548053 -1.93098342
v -1.87199616 1.25784111 -1.91301394
v -1.86887062 1.25596285 -1.90176153
v -1.86279905 1.25520086 -1.88920021
v -1.86584127 1.25490212 -1.89456248
v -1.85820413 1.25626254 -1.88216424
v -1.87306261 1.26040494 -1.92665625
v -1.94040501 1.22838771 -1.99553633
v -1.93787730 1.23285723 -1.99728394
v -1.87158573 1.25525665 -1.88469291
v -1.86656654 1.25584888 -1.87630892
v -1.86725128 1.23606229 -1.94378281
v -1.88371217 1.21240258 -1.91184330
v -1.88257480 1.20760691 -1.90989578
v -1.88105488 1.20040798 -1.90560889
v -1.88287520 1.19361246 -1.89763165
v -1.87341857 1.25105298 -1.86945188
v -1.83850169 1.22332597 -1.86945105
v -1.84208143 1.21695614 -1.86555612
v -1.86969054 1.24282455 -1.85280442
v -1.93880427 1.23715436 -1.99753201
v -1.93309116 1.20948601 -1.94691861
v -1.93300402 1.21039248 -1.94893169
v -1.85618055 1.24945164 -1.94554949
v -1.85948038 1.25227070 -1.95392835
v -1.86816967 1.26187980 -1.95165229
v -1.86517322 1.26134276 -1.94150746
v -1.85805380 1.25653732 -1.94329250
v -1.86202347 1.25781441 -1.95269585
v -1.87428248 1.21196485 -1.90643942
v -1.87461329 1.20807719 -1.90464664
v -1.89739311 1.20204449 -1.88645208
v -1.89060795 1.19415295 -1.88976038
v -1.91601157 1.24615169 -1.96431077
v -1.92186439 1.24693203 -1.96078312
v -1.91658425 1.24838591 -1.95471644
v -1.93290913 1.24365973 -1.96461511
v -1.92699432 1.22941709 -1.96077967
v -1.92543352 1.22535467 -1.95891023
v -1.87150657 1.21995449 -1.91612077
v -1.85816634 1.22136903 -1.91123390
v -1.87613022 1.24637961 -1.95340419
v -1.87552416 1.24252677 -1.94937778
v -1.91047502 1.21465170 -1.94230437
v -1.93759680 1.22119415 -1.94338369
v -1.93613136 1.22846472 -1.94537091
v -1.91604543 1.21430886 -1.94854772
v -1.94227886 1.23997378 -1.99686015
v -1.94698203 1.24118686 -1.99490750
v -1.92724609 1.24379981 -1.95643330
v -1.91246855 1.19935262 -1.93312669
v -1.93652844 1.21515822 -1.94596434
v -1.93478775 1.21502328 -1.93889606
v -1.91783392 1.18417752 -1.91582298
v -1.87892020 1.25033963 -1.87788606
v -1.93985832 1.22719061 -1.98801851
v -1.94515765 1.22580576 -1.99345171
v -1.95388520 1.23457265 -1.99086547
v -1.95137370 1.23896050 -1.99206662
v -1.88363123 1.19786048 -1.88425159
v -1.88440299 1.21532571 -1.91370797
v -1.84612334 1.21212888 -1.86132717
v -1.87362611 1.26190281 -1.93854988
v -1.87534964 1.26211214 -1.95001173
v -1.92232096 1.21441412 -1.95338440
v -1.92808998 1.19876432 -1.92147303
v -1.93891633 1.21347618 -1.93986738
v -1.93985653 1.21020377 -1.93350363
v -1.93519080 1.21174812 -1.92931747
v -1.93716466 1.21132064 -1.94498920
v -1.95522964 1.23773825 -1.99750602
v -1.95748484 1.23349738 -1.99623108
v -1.95096624 1.23993623 -2.00045705
v -1.94614792 1.23854494 -2.00180006
v -1.94265103 1.23586011 -2.00182867
v -1.95728004 1.22960043 -1.99634874
v -1.95448470 1.22664714 -1.99692142
v -1.94885981 1.22537327 -1.99767256
v -1.96036172 1.22845650 -2.00065064
v -1.96113145 1.23222542 -2.00158429
v -1.95740390 1.23693168 -2.01114511
v -1.96048164 1.23653436 -2.01048875
v -1.95883727 1.23722196 -2.00743437
v -1.95554149 1.23849273 -2.00607681
v -1.96007288 1.23516035 -2.01481152
v -1.96323764 1.23530722 -2.01395798
v -1.96339905 1.23490071 -2.00850630
v -1.96051133 1.23586512 -2.00525498
v -1.96647596 1.23359513 -2.01212096
v -1.96752274 1.23050022 -2.01044941
v -1.96435344 1.23172164 -2.00714707
v -1.96194196 1.23328853 -2.00455523
v -1.95855439 1.23665023 -2.00231004
v -1.96336544 1.23301578 -2.01716518
v -1.96726191 1.23001885 -2.01674223
v -1.96861362 1.23216581 -2.01525760
v -1.96528280 1.23404360 -2.01614118
v -1.94997418 1.23727322 -2.00631189
v -1.95392311 1.23536098 -2.01134276
v -1.95740283 1.23329413 -2.01511049
v -1.96111953 1.23088408 -2.01719570
v -1.95169604 1.23252547 -2.01164436
v -1.95620620 1.23062396 -2.01489973
v -1.95956838 1.22874165 -2.01626801
v -1.95157194 1.22898412 -2.01104856
v -1.95647776 1.22789860 -2.01414037
v -1.94637525 1.23463607 -2.00609493
v -1.94533241 1.23092222 -2.00521088
v -1.95901847 1.22740865 -2.01517868
v -1.96504009 1.22805393 -2.01641178
v -1.96433699 1.22921753 -2.00564837
v -1.96708894 1.22780657 -2.00959587
v -1.96341145 1.22676897 -2.00521207
v -1.96591318 1.22578597 -2.00954437
v -1.96952665 1.22990060 -2.01302052
v -1.96886539 1.22761500 -2.01331234
v -1.94147527 1.23193312 -2.00106001
v -1.94421434 1.22762167 -1.99912190
v -1.94776428 1.22680950 -2.00329375
v -1.95363176 1.22512364 -2.00913405
v -1.95243895 1.22485721 -2.00163794
v -1.95782638 1.22572422 -2.00107813
v -1.96136320 1.22477341 -2.00571299
v -1.95760024 1.22362971 -2.00688362
v -1.96373487 1.22424901 -2.00992107
v -1.96096289 1.22376728 -2.01093102
v -1.95831394 1.22518837 -2.01265574
v -1.96437502 1.22473943 -2.01313663
v -1.96685600 1.22586250 -2.01320386
v -1.96271288 1.22659802 -2.01544881
v -1.96077645 1.22570252 -2.01433134
v -1.96227658 1.22450364 -2.01301479
v -1.95134890 1.21164227 -1.98183942
v -1.94640017 1.21394622 -1.97684741
v -1.94772136 1.20983219 -1.97465920
v -1.95310748 1.20752847 -1.97948718
v -1.95808637 1.22149992 -1.97820473
v -1.95422888 1.22355056 -1.97300220
v -1.95004141 1.22155845 -1.97592187
v -1.95398629 1.21908998 -1.98118687
v -1.96205211 1.21885657 -1.97396111
v -1.95835221 1.22098720 -1.96869278
v -1.94907546 1.22590101 -1.96726131
v -1.93882775 1.22813153 -1.95802164
v -1.93451953 1.22513318 -1.96118414
v -1.94475913 1.22345495 -1.97041368
v -1.93867195 1.20964634 -1.95432329
v -1.93367004 1.21032596 -1.95647013
v -1.94748604 1.21781778 -1.97705841
v -1.95176232 1.21545720 -1.98234117
v -1.94889081 1.20789468 -1.96336949
v -1.95530736 1.20619559 -1.96896648
v -1.95101631 1.20686293 -1.97180605
v -1.94437492 1.20842075 -1.96631980
v -1.93008876 1.21417499 -1.95935237
v -1.92872059 1.21884692 -1.96252155
v -1.93099535 1.22244215 -1.96290112
v -1.95333636 1.21055245 -1.96102726
v -1.94378221 1.21314645 -1.95204544
v -1.94580090 1.21942675 -1.95095396
v -1.95530188 1.21638811 -1.96055150
v -1.94144857 1.22000444 -1.97183311
v -1.94097042 1.21181750 -1.96912539
v -1.93982160 1.21605968 -1.97155285
v -1.95324421 1.22300148 -1.96287656
v -1.96025896 1.21442533 -1.96651256
v -1.96963489 1.20605636 -1.97924304
v -1.96741140 1.20272958 -1.98079312
v -1.96056664 1.20433140 -1.97389174
v -1.96358430 1.20749223 -1.97228217
v -1.95878959 1.20895541 -1.96712351
v -1.96423483 1.21292496 -1.97183931
v -1.96079421 1.20435333 -1.98666668
v -1.95836091 1.20846057 -1.98893332
v -1.95834208 1.21218622 -1.98968720
v -1.94400120 1.22631943 -1.95315886
v -1.96013343 1.21563935 -1.98845518
v -1.96376395 1.21828842 -1.98541451
v -1.95650983 1.20459080 -1.97667241
v -1.96375048 1.20196080 -1.98357415
v -1.96981788 1.21075332 -1.97886515
v -1.96760321 1.21618414 -1.98084009
v -1.97258055 1.21353424 -1.98677802
v -1.97451699 1.20866311 -1.98465526
v -1.96905434 1.21587229 -1.99110079
v -1.96501935 1.21359563 -1.99338055
v -1.96296918 1.21048307 -1.99388170
v -1.97448218 1.20489955 -1.98470867
v -1.97226584 1.20191097 -1.98576546
v -1.96824324 1.20092607 -1.98785675
v -1.97902644 1.20333266 -1.98976886
v -1.97996986 1.20649266 -1.99059045
v -1.98172820 1.20873475 -2.00493169
v -1.98445332 1.20914245 -2.00330639
v -1.98086762 1.21050715 -1.99998593
v -1.97796834 1.21106470 -2.00126839
v -1.97882617 1.21144617 -1.99716461
v -1.97505939 1.21325827 -1.99648798
v -1.98373127 1.20889640 -1.99823797
v -1.98021424 1.20972824 -1.99490166
v -1.98779511 1.20756340 -2.00101638
v -1.98827076 1.20442510 -1.99920976
v -1.98382366 1.20599222 -1.99583566
v -1.98124123 1.20717931 -1.99360442
v -1.98597252 1.20651889 -2.00715303
v -1.98740339 1.20799446 -2.00570273
v -1.97750032 1.21119297 -1.99188375
v -1.96974659 1.21182895 -1.99737215
v -1.97465730 1.20953548 -2.00218439
v -1.97959554 1.20690989 -2.00582361
v -1.98401761 1.20445037 -2.00759935
v -1.97241366 1.20661116 -2.00241375
v -1.97797906 1.20452869 -2.00577784
v -1.98216093 1.20256197 -2.00664377
v -1.97215486 1.20281613 -2.00133824
v -1.97791541 1.20154202 -2.00457835
v -1.96695983 1.20884514 -1.99746537
v -1.96638918 1.20524812 -1.99615431
v -1.98116028 1.20120919 -2.00546551
v -1.98778188 1.20207310 -2.00631905
v -1.99016082 1.20400906 -2.00622511
v -1.99143231 1.20651746 -2.00446653
v -1.98352933 1.20384502 -1.99502730
v -1.98751533 1.20226693 -1.99921095
v -1.98341358 1.20161164 -1.99452329
v -1.98698878 1.20050406 -1.99904180
v -1.99133551 1.20367408 -2.00194263
v -1.99061346 1.20194435 -2.00268221
v -1.96294463 1.20679212 -1.99286461
v -1.96490669 1.20314789 -1.99061203
v -1.96821010 1.20161819 -1.99391985
v -1.97414982 1.19931746 -1.99888110
v -1.97188461 1.19960093 -1.99128366
v -1.97655165 1.20073307 -1.98999977
v -1.98132980 1.19960165 -1.99472022
v -1.97775841 1.19831073 -1.99606359
v -1.98493588 1.19926429 -1.99911892
v -1.98224437 1.19824815 -2.00004911
v -1.97944629 1.19891500 -2.00234437
v -1.98655403 1.19938028 -2.00258899
v -1.98895085 1.20029604 -2.00292873
v -1.98521054 1.20069861 -2.00536156
v -1.98278213 1.19963586 -2.00418854
v -1.98417437 1.19884908 -2.00229836
v -1.95265234 1.19605255 -1.96376324
v -1.94865501 1.19823837 -1.96004283
v -1.94791353 1.19393694 -1.95793200
v -1.95193183 1.19152093 -1.96179819
v -1.96066248 1.20252335 -1.95889640
v -1.95637500 1.20581460 -1.95443368
v -1.95375681 1.20468533 -1.95801210
v -1.95798647 1.20186830 -1.96183896
v -1.96261489 1.19985640 -1.95537460
v -1.95820069 1.20275784 -1.95023334
v -1.95159638 1.20841599 -1.95010614
v -1.94435227 1.21115589 -1.94398785
v -1.94132149 1.20923913 -1.94835126
v -1.94887233 1.20699632 -1.95431745
v -1.95103359 1.20201445 -1.95996082
v -1.95521116 1.19969630 -1.96368599
v -1.94584656 1.19108737 -1.94776154
v -1.95169246 1.18961930 -1.95187187
v -1.94922161 1.19075513 -1.95486093
v -1.94336116 1.19260967 -1.95078874
v -1.93265510 1.19875073 -1.94696355
v -1.93396056 1.20293307 -1.94980240
v -1.93747389 1.20614886 -1.95009995
v -1.94969440 1.19305897 -1.94474161
v -1.94048941 1.19606185 -1.93828940
v -1.94445682 1.20117414 -1.93653452
v -1.95267749 1.19869566 -1.94323730
v -1.94595778 1.20383739 -1.95653152
v -1.94204426 1.19562840 -1.95418692
v -1.94317830 1.20004153 -1.95653403
v -1.95311379 1.20513749 -1.94537294
v -1.95761466 1.19669175 -1.94814754
v -1.96750557 1.18735421 -1.96016216
v -1.96464169 1.18471241 -1.96183109
v -1.95659840 1.18722594 -1.95557809
v -1.95997894 1.18968582 -1.95346618
v -1.95492470 1.19134450 -1.94913888
v -1.96247756 1.19458485 -1.95322514
v -1.95885646 1.18815279 -1.96744680
v -1.95872891 1.19239163 -1.96961021
v -1.96107781 1.19595814 -1.96941829
v -1.94598997 1.20802736 -1.93882465
v -1.93625140 1.19397438 -1.94111228
v -1.96366751 1.19787431 -1.96804690
v -1.96647489 1.19851363 -1.96566534
v -1.95363081 1.18827581 -1.95848668
v -1.96099937 1.18506360 -1.96425188
v -1.96910930 1.19174385 -1.96008730
v -1.96877420 1.19652247 -1.96198034
v -1.97325003 1.19410801 -1.96672344
v -1.97393215 1.18969774 -1.96435189
v -1.97111678 1.19615352 -1.97046375
v -1.96798980 1.19524837 -1.97241890
v -1.96518075 1.19349062 -1.97319961
v -1.97227120 1.18559873 -1.96452880
v -1.96964538 1.18343914 -1.96598232
v -1.96548617 1.18369532 -1.96777701
v -1.97573864 1.18387449 -1.96774244
v -1.97778022 1.18751669 -1.96873856
v -1.98163974 1.18978858 -1.98251724
v -1.98339641 1.18933666 -1.98106408
v -1.97997165 1.19070005 -1.97822881
v -1.97836518 1.19171154 -1.97954035
v -1.97811937 1.19201612 -1.97556829
v -1.97554076 1.19381571 -1.97476232
v -1.98221290 1.18938708 -1.97544837
v -1.97908676 1.19075465 -1.97297668
v -1.98573148 1.18772006 -1.97829437
v -1.98519921 1.18443143 -1.97597563
v -1.98158228 1.18611574 -1.97334480
v -1.97954381 1.18813312 -1.97136784
v -1.98511684 1.18751001 -1.98414755
v -1.98617280 1.18813515 -1.98266649
v -1.97665346 1.19202006 -1.97055638
v -1.97170377 1.19344711 -1.97594035
v -1.97561431 1.19105113 -1.98041379
v -1.97933137 1.18879759 -1.98353529
v -1.98261321 1.18612027 -1.98479164
v -1.97304440 1.18908119 -1.98064041
v -1.97725570 1.18683887 -1.98351085
v -1.98023415 1.18473864 -1.98430467
v -1.97123110 1.18636405 -1.98001170
v -1.97599554 1.18456590 -1.98277152
v -1.96871495 1.19148326 -1.97638178
v -1.96648002 1.18874705 -1.97555983
v -1.97874367 1.18364251 -1.98339653
v -1.98516047 1.18268418 -1.98306155
v -1.98792255 1.18440878 -1.98247743
v -1.98888278 1.18632174 -1.98076200
v -1.98093629 1.18398714 -1.97198176
v -1.98423100 1.18230987 -1.97542644
v -1.97900486 1.18185890 -1.97170234
v -1.98253536 1.18064618 -1.97558403
v -1.98777831 1.18389904 -1.97823977
v -1.98706686 1.18222594 -1.97859132
v -1.96303916 1.19054615 -1.97270620
v -1.96300781 1.18673646 -1.97054124
v -1.96633279 1.18533278 -1.97340822
v -1.97151160 1.18291962 -1.97781277
v -1.96874142 1.18250966 -1.97051072
v -1.97263479 1.18228948 -1.96880150
v -1.97638166 1.18061733 -1.97256172
v -1.97341406 1.18076336 -1.97464502
v -1.98020303 1.17971361 -1.97654176
v -1.97777212 1.17983246 -1.97817135
v -1.97622049 1.18169558 -1.98080778
v -1.98220885 1.18010783 -1.97952437
v -1.98485613 1.18083072 -1.97895133
v -1.98199117 1.18200374 -1.98268008
v -1.97942770 1.18163776 -1.98202944
v -1.97999990 1.18009388 -1.98006070
v -1.93369460 1.19593310 -1.94374299
v -1.94253528 1.17944908 -1.93945813
v -1.93921077 1.18206120 -1.93718493
v -1.93785620 1.17883885 -1.93530285
v -1.94108260 1.17620015 -1.93751597
v -1.95066321 1.18366098 -1.93376732
v -1.94717991 1.18684995 -1.93095613
v -1.94479549 1.18708837 -1.93483877
v -1.94837964 1.18402553 -1.93756509
v -1.95096135 1.18044317 -1.92984438
v -1.94739556 1.18345356 -1.92674398
v -1.94225729 1.18999481 -1.92823148
v -1.93409979 1.19512367 -1.92399812
v -1.93246615 1.19397116 -1.92864811
v -1.93989146 1.19010425 -1.93222785
v -1.92143822 1.18297935 -1.91929448
v -1.92667508 1.18073928 -1.92275751
v -1.92570055 1.18213487 -1.92653048
v -1.91931283 1.18425035 -1.92325759
v -1.94175589 1.18515933 -1.93706584
v -1.94532871 1.18224370 -1.93945348
v -1.93445098 1.17709005 -1.92685676
v -1.93908358 1.17462325 -1.92911506
v -1.93781555 1.17614222 -1.93255079
v -1.93332779 1.17841554 -1.93058097
v -1.91942799 1.18668640 -1.92738426
v -1.92595255 1.18452370 -1.92972994
v -1.92726552 1.18778014 -1.93139362
v -1.92121601 1.18969560 -1.93108892
v -1.92970479 1.19063306 -1.93134451
v -1.93686950 1.17811215 -1.92353845
v -1.92875683 1.18180180 -1.91934323
v -1.93155801 1.18532908 -1.91662049
v -1.94017160 1.18142796 -1.92190719
v -1.93724155 1.18765831 -1.93466711
v -1.93337333 1.18104386 -1.93325520
v -1.93479741 1.18440259 -1.93492270
v -1.94240797 1.18681383 -1.92385268
v -1.94507778 1.17869782 -1.92499852
v -1.95028615 1.16920400 -1.93195844
v -1.94774568 1.16853690 -1.93419909
v -1.94275177 1.17190504 -1.93128633
v -1.94558108 1.17262077 -1.92840362
v -1.94184875 1.17540038 -1.92605805
v -1.94880819 1.17583227 -1.92765784
v -1.94571352 1.17280185 -1.94046140
v -1.94714069 1.17581236 -1.94268751
v -1.94974124 1.17853749 -1.94273782
v -1.93410957 1.19212508 -1.91853333
v -1.95270967 1.18001199 -1.94128299
v -1.95490396 1.17962444 -1.93798232
v -1.94121134 1.17345142 -1.93467164
v -1.94605601 1.17005372 -1.93744588
v -1.95328033 1.17214084 -1.93153381
v -1.95509672 1.17666316 -1.93385875
v -1.95882905 1.17395926 -1.93693280
v -1.95717716 1.16961873 -1.93460608
v -1.95822799 1.17681527 -1.94099283
v -1.95599711 1.17728281 -1.94383395
v -1.95286417 1.17585707 -1.94479918
v -1.95375896 1.16679251 -1.93492150
v -1.95143449 1.16655421 -1.93671417
v -1.94979990 1.16811597 -1.93920016
v -1.95749545 1.16487968 -1.93767262
v -1.96106660 1.16743803 -1.93793964
v -1.96607351 1.16998518 -1.95020986
v -1.96711850 1.16974592 -1.94832098
v -1.96485090 1.17114937 -1.94646764
v -1.96352708 1.17218411 -1.94794655
v -1.96317220 1.17232978 -1.94406343
v -1.96124959 1.17417741 -1.94394302
v -1.96572721 1.16945457 -1.94343591
v -1.96323478 1.17074525 -1.94147801
v -1.96860921 1.16766524 -1.94547033
v -1.96722603 1.16402018 -1.94369078
v -1.96485174 1.16581655 -1.94140100
v -1.96318853 1.16791737 -1.93993604
v -1.96863604 1.16744995 -1.95118463
v -1.96929109 1.16814077 -1.94953036
v -1.96143377 1.17201209 -1.93961453
v -1.95873499 1.17498052 -1.94606996
v -1.96171057 1.17233658 -1.94921207
v -1.96486068 1.16931331 -1.95198941
v -1.96707416 1.16593838 -1.95221269
v -1.95934379 1.17116392 -1.94959950
v -1.96263969 1.16800356 -1.95179367
v -1.96482432 1.16507459 -1.95188355
v -1.95680976 1.16959774 -1.94874597
v -1.96056259 1.16681814 -1.95094728
v -1.95580673 1.17403293 -1.94660521
v -1.95310414 1.17230880 -1.94584048
v -1.96284389 1.16513717 -1.95154405
v -1.96764338 1.16325378 -1.95031857
v -1.96972573 1.16419816 -1.94926679
v -1.97081459 1.16584218 -1.94738758
v -1.96337843 1.16392064 -1.94062233
v -1.96596217 1.16203403 -1.94365382
v -1.96074796 1.16279113 -1.94079256
v -1.96412718 1.16118693 -1.94466794
v -1.96937478 1.16343474 -1.94553041
v -1.96835113 1.16211617 -1.94651043
v -1.95032728 1.17352390 -1.94439197
v -1.94916213 1.17088652 -1.94250154
v -1.95166111 1.16931856 -1.94402051
v -1.95547962 1.16701090 -1.94690371
v -1.95240521 1.16654480 -1.94129026
v -1.95442200 1.16495275 -1.93892336
v -1.95827115 1.16279376 -1.94219434
v -1.95610011 1.16420937 -1.94436216
v -1.96197045 1.16148686 -1.94591212
v -1.96027458 1.16273391 -1.94752288
v -1.95964825 1.16480112 -1.94949102
v -1.96443439 1.16180837 -1.94867337
v -1.96646500 1.16147172 -1.94773579
v -1.96523011 1.16316128 -1.95066738
v -1.96289408 1.16366875 -1.95049846
v -1.96278894 1.16251588 -1.94913125
v -1.92399752 1.18352270 -1.91684616
v -1.88178051 1.25951862 -1.96090126
v -1.88243139 1.25517786 -1.96130931
v -1.87648606 1.24745929 -1.96336734
v -1.87020767 1.24685872 -1.96475303
v -1.86478329 1.24995875 -1.96518362
v -1.86373031 1.25508153 -1.96472669
v -1.86629331 1.25983167 -1.96405435
v -1.88123477 1.25081134 -1.96205604
v -1.87823808 1.26325965 -1.96091020
v -1.87165201 1.26304650 -1.96242058
v -1.87478840 1.26461554 -1.97228372
v -1.88127577 1.26471460 -1.97004056
v -1.86872196 1.26155567 -1.97380018
v -1.86587107 1.25642622 -1.97365117
v -1.86634386 1.25106657 -1.97265673
v -1.88477707 1.26088285 -1.96894741
v -1.88534224 1.25595558 -1.96836340
v -1.88262415 1.25101984 -1.96866119
v -1.88743651 1.26214886 -1.97689509
v -1.88532162 1.26627541 -1.98126864
v -1.87528479 1.26260710 -1.99460387
v -1.87724733 1.26608956 -1.99398911
v -1.87581277 1.26519823 -1.98984766
v -1.87311971 1.26202130 -1.98993742
v -1.87597966 1.26472163 -1.98675537
v -1.87280905 1.26277006 -1.98406947
v -1.88059819 1.26833439 -1.98896182
v -1.88014209 1.26685762 -1.98625338
v -1.88609052 1.26836753 -1.98828411
v -1.88410175 1.26792574 -1.98555768
v -1.88176262 1.26968193 -1.99315548
v -1.87911701 1.26692879 -1.99717426
v -1.88301432 1.26926827 -1.99698234
v -1.87870407 1.26428866 -1.99848342
v -1.87853873 1.26584792 -1.98205435
v -1.86859775 1.25744522 -1.98200154
v -1.87133908 1.25814486 -1.98939919
v -1.87467313 1.25915349 -1.99509668
v -1.87941492 1.26069093 -1.99867904
v -1.87214744 1.25344706 -1.98854935
v -1.87658751 1.25576544 -1.99432433
v -1.88080513 1.25794137 -1.99707401
v -1.87627065 1.25097322 -1.98643732
v -1.87984455 1.25431228 -1.99254298
v -1.86838043 1.25183356 -1.97985888
v -1.87252808 1.24843371 -1.97707129
v -1.88210738 1.25656509 -1.99532771
v -1.88499641 1.26271296 -1.99916613
v -1.88422990 1.26648235 -1.99974680
v -1.88873410 1.26632500 -1.98684502
v -1.88686705 1.26958561 -1.99205732
v -1.88967550 1.26694584 -1.99177217
v -1.89007640 1.26291633 -1.98471904
v -1.89076817 1.26350427 -1.99126577
v -1.88685787 1.26985347 -1.99553990
v -1.88869679 1.26738513 -1.99640203
v -1.87101948 1.24759686 -1.97096395
v -1.87713754 1.24785149 -1.96963120
v -1.87862146 1.24892354 -1.97520447
v -1.88180709 1.25159407 -1.98399496
v -1.88458562 1.25216866 -1.97476625
v -1.88780880 1.25738358 -1.97512412
v -1.88971806 1.25886822 -1.98372388
v -1.88702035 1.25446677 -1.98329186
v -1.88995755 1.26009154 -1.99070215
v -1.88774979 1.25703216 -1.99040544
v -1.88402307 1.25485325 -1.99120390
v -1.88833022 1.26051497 -1.99491048
v -1.88913882 1.26370108 -1.99624050
v -1.88503468 1.25973630 -1.99715459
v -1.88486278 1.25750732 -1.99483800
v -1.88725317 1.25847626 -1.99371529
v -1.91404712 1.18475401 -1.92043042
v -1.91335809 1.18808043 -1.92526472
v -1.90753579 1.18948197 -1.92051768
v -1.90068507 1.19064021 -1.91484451
v -1.89698184 1.18898916 -1.90554154
v -1.90030062 1.19590318 -1.91846585
v -1.90699959 1.19423234 -1.92415476
v -1.91474378 1.19282722 -1.93026006
v -1.89497375 1.20183647 -1.91640365
v -1.75793660 1.79539490 -1.95623016
v -1.75801086 1.79414749 -1.95270407
v -1.75831640 1.78715730 -1.95185268
v -1.75892138 1.78771532 -1.95484257
v -1.75910342 1.78911066 -1.95809686
v -1.75839913 1.78971100 -1.96195006
v -1.75494552 1.79692125 -1.96633220
v -1.75698900 1.79728556 -1.96098399
v -1.75133955 1.78961968 -1.97546089
v -1.75158668 1.79089046 -1.97356439
v -1.75211942 1.78894186 -1.97503495
v -1.75528371 1.78919888 -1.96983314
v -1.75308168 1.78902769 -1.97294950
v -1.75734079 1.78957343 -1.94864678
v -1.75704908 1.78807163 -1.94768000
v -1.75767684 1.79217434 -1.95029747
v -1.75711596 1.79019165 -1.96597171
v -1.75697935 1.78711700 -1.94795883
v -1.75738895 1.78683472 -1.94943607
v -1.75281942 1.79380250 -1.97072661
v -1.75853467 1.79111123 -1.95738184
v -1.75792575 1.79182720 -1.96139777
v -1.75588882 1.79472375 -1.96579111
v -1.75750649 1.79462147 -1.96097684
v -1.75498962 1.79112697 -1.96923542
v -1.75353742 1.79062986 -1.97137225
v -1.75859201 1.78942585 -1.95437980
v -1.75658941 1.79219484 -1.96556997
v -1.75837052 1.79285836 -1.95672452
v -1.75305891 1.79115272 -1.97176218
v -1.75419784 1.79292989 -1.96976006
v -1.75723469 1.78843594 -1.94847310
v -1.75728297 1.78738606 -1.94881976
v -1.75306487 1.51566041 -1.98849630
v -1.75857484 1.49593878 -1.99009311
v -1.75830841 1.79105663 -1.95359087
v -1.75767648 1.78760123 -1.95004666
v -1.75820637 1.78824615 -1.95195818
v -1.75794125 1.78965783 -1.95139003
v -1.75756502 1.78852355 -1.94967616
v -1.75957322 1.39753020 -1.77975655
v -1.75033545 1.38981819 -1.78913820
v -1.75158465 1.41625786 -1.73831439
v -1.73523462 1.42420614 -1.73217869
v -1.79443467 1.23148251 -1.96518373
v -1.66336894 1.28637850 -1.85640478
v -1.66118371 1.30540049 -1.85442638
v -1.61351061 1.30872273 -1.90112710
v -1.62316024 1.30432761 -1.88637674
v -1.75314689 1.27663589 -1.86831617
v -1.75547314 1.25892854 -1.86983931
v -1.78149354 1.26709342 -1.91942668
v -1.78257120 1.24874985 -1.92299736
v -1.77186871 1.23817194 -1.88803923
v -1.63828981 1.25415242 -1.87135959
v -1.63629246 1.27600098 -1.87384319
v -1.65018952 1.27142763 -1.86335111
v -1.65098166 1.25090647 -1.85982680
v -1.61133742 1.28969014 -1.91966903
v -1.60815632 1.31164956 -1.91837895
v -1.73671389 1.29906130 -1.85409248
v -1.71721756 1.30376875 -1.84638178
v -1.67840683 1.31513202 -1.84632897
v -1.66061068 1.32316589 -1.85087526
v -1.63151705 1.34145308 -1.86878884
v -1.64533663 1.33247888 -1.85815167
v -1.78750098 1.28485191 -1.93421292
v -1.78883815 1.30294120 -1.95039737
v -1.75308478 1.29517758 -1.86687946
v -1.78580987 1.28525734 -1.99327826
v -1.60456955 1.37968588 -1.89460909
v -1.61611128 1.37425590 -1.87708676
v -1.69748640 1.30885124 -1.84481931
v -1.78586829 1.44831300 -1.98329449
v -1.79453874 1.43083262 -1.98668253
v -1.80026197 1.43474627 -1.97131085
v -1.79091990 1.45184636 -1.96746469
v -1.80485785 1.43740821 -1.95602119
v -1.80775511 1.43894362 -1.94087243
v -1.80860651 1.43941879 -1.92657399
v -1.80370080 1.43586493 -1.89158714
v -1.80654216 1.43789148 -1.90201557
v -1.79435599 1.42932475 -1.87337184
v -1.79957187 1.43336391 -1.88217688
v -1.78773475 1.42082453 -1.86482120
v -1.77835810 1.41096258 -1.85674238
v -1.76683116 1.40187168 -1.84972620
v -1.76242042 1.41440654 -1.84743857
v -1.78303444 1.39851105 -1.85969710
v -1.79269874 1.40880227 -1.86748874
v -1.80051422 1.41575849 -1.87635529
v -1.80084813 1.38666821 -2.00333643
v -1.79824972 1.36204481 -1.99902451
v -1.74854612 1.53467584 -1.98703694
v -1.74604642 1.23214436 -1.73701584
v -1.82631278 1.26364517 -1.84207165
v -1.63497317 1.57689261 -1.90721107
v -1.62766039 1.57314229 -1.92608392
v -1.62016797 1.56000340 -1.94016504
v -1.62370574 1.57057607 -1.94186842
v -1.69706619 1.59855366 -1.84927678
v -1.67138231 1.59142089 -1.85618126
v -1.65143049 1.58280241 -1.86860061
v -1.63851798 1.57379556 -1.88600993
v -1.76706648 1.30963135 -1.88184941
v -1.62313867 1.54315305 -1.89947903
v -1.63474274 1.56321084 -1.88224113
v -1.64720833 1.57276189 -1.86328983
v -1.66704869 1.58240163 -1.84814572
v -1.69694614 1.59173179 -1.83605659
v -1.71198392 1.58760548 -1.82526255
v -1.71429718 1.56401217 -1.80752742
v -1.72291505 1.55586576 -1.79919600
v -1.74004757 1.56480575 -1.79717290
v -1.74570274 1.55228162 -1.78823233
v -1.72945154 1.54594612 -1.78981376
v -1.73065448 1.45703340 -1.74408901
v -1.72451556 1.44224429 -1.73878789
v -1.71477604 1.43251586 -1.73638868
v -1.70526993 1.42547321 -1.73800051
v -1.69691253 1.42256820 -1.74363363
v -1.69069815 1.42363048 -1.75290215
v -1.68764222 1.42941761 -1.76400685
v -1.69202447 1.45164371 -1.79137051
v -1.69542491 1.45940197 -1.79675329
v -1.69192636 1.44595599 -1.81397891
v -1.68840873 1.43825722 -1.81703484
v -1.66216254 1.39886820 -1.83162308
v -1.67169893 1.41298735 -1.82749140
v -1.65323365 1.38386476 -1.83695877
v -1.63483191 1.14567852 -1.84485054
v -1.63648438 1.16559041 -1.85205483
v -1.65287399 1.16774821 -1.83951199
v -1.65068448 1.14818764 -1.83177209
v -1.61208951 1.21078134 -1.91522062
v -1.61902606 1.20961106 -1.89608192
v -1.74126327 1.17066312 -1.83294201
v -1.71703947 1.17120290 -1.82559681
v -1.69338286 1.17087650 -1.82494140
v -1.67167020 1.16999531 -1.82992148
v -1.75952744 1.17062724 -1.84582067
v -1.80364394 1.14794111 -1.94865561
v -1.79993308 1.15339839 -1.92780161
v -1.79622543 1.13982987 -2.00464892
v -1.80114949 1.14104509 -1.98802328
v -1.77477515 1.16812432 -1.86271906
v -1.80404305 1.14372325 -1.96929932
v -1.79382622 1.15904427 -1.90611386
v -1.78611016 1.16380286 -1.88334322
v -1.63776076 1.18593311 -1.85914373
v -1.62579095 1.18625522 -1.87421083
v -1.62845969 1.20902312 -1.87971520
v -1.59670758 1.45079732 -1.89385808
v -1.60581994 1.45237041 -1.87626791
v -1.61478102 1.45580339 -1.85970759
v -1.62739754 1.48038661 -1.84664834
v -1.63974380 1.48653173 -1.83373916
v -1.64059246 1.46835780 -1.83399451
v -1.62775469 1.46225035 -1.84534645
v -1.66466939 1.49561453 -1.81547999
v -1.67362010 1.49744427 -1.80910778
v -1.67393649 1.48382831 -1.80981076
v -1.66525435 1.48060095 -1.81585050
v -1.68055189 1.48610938 -1.80337083
v -1.68757880 1.48654187 -1.79769552
v -1.69377375 1.48460817 -1.79392767
v -1.69625866 1.47967339 -1.78689110
v -1.70165420 1.49689889 -1.78072941
v -1.69823349 1.50410283 -1.78856611
v -1.66670406 1.51072192 -1.81562984
v -1.65455973 1.50872624 -1.82400179
v -1.60600650 1.48260641 -1.89708769
v -1.60137689 1.47801995 -1.91478610
v -1.75260937 1.39725447 -1.84258914
v -1.73798978 1.39488649 -1.83502901
v -1.72381830 1.39607477 -1.83017504
v -1.71097314 1.39951634 -1.82696831
v -1.69921839 1.40525401 -1.82441473
v -1.68805230 1.41245770 -1.82319999
v -1.67781341 1.42167938 -1.82301664
v -1.68352032 1.43046415 -1.81981754
v -1.66900241 1.43259954 -1.82328749
v -1.67620838 1.44032907 -1.81917644
v -1.66140902 1.44488406 -1.82403183
v -1.65606296 1.45908558 -1.82385862
v -1.65317690 1.47534060 -1.82424831
v -1.65290737 1.49165201 -1.82333064
v -1.62918377 1.49880266 -1.84582007
v -1.64195871 1.50412273 -1.83311391
v -1.62259030 1.51165009 -1.85978413
v -1.62903428 1.52855325 -1.85906219
v -1.61397183 1.47404110 -1.86115897
v -1.61739552 1.49315858 -1.86056435
v -1.68054116 1.61104298 -1.88580978
v -1.66171980 1.60605645 -1.89825058
v -1.69350362 1.44539738 -1.76119506
v -1.69262469 1.43607903 -1.75701082
v -1.68942618 1.43850148 -1.76491547
v -1.69079602 1.44455874 -1.76611388
v -1.69706559 1.43643641 -1.75090981
v -1.70200741 1.45121789 -1.75374436
v -1.70351577 1.43971229 -1.74688244
v -1.69712746 1.44708931 -1.75683820
v -1.71090293 1.44581461 -1.74502301
v -1.70780969 1.45645440 -1.75207043
v -1.71740043 1.45378530 -1.74525976
v -1.71352553 1.46258140 -1.75108266
v -1.71807122 1.46739638 -1.75083315
v -1.72287667 1.46328056 -1.74756336
v -1.71586418 1.50045633 -1.76656580
v -1.71715796 1.48854756 -1.75990355
v -1.71765804 1.47646916 -1.75430155
v -1.69573975 1.47266555 -1.77906954
v -1.69570076 1.46493435 -1.77069128
v -1.69661760 1.45647931 -1.76322210
v -1.70074069 1.46129000 -1.76044750
v -1.69952047 1.47074282 -1.76772141
v -1.69870830 1.47989213 -1.77571630
v -1.60013855 1.46651161 -1.89540732
v -1.60515285 1.47016704 -1.87830508
v -1.68127298 1.49830437 -1.80230892
v -1.68861485 1.49763107 -1.79733431
v -1.69522023 1.49443007 -1.79187465
v -1.69824922 1.48788810 -1.78424752
v -1.69226038 1.50831819 -1.79548526
v -1.68463659 1.51077330 -1.80219185
v -1.67645788 1.51094031 -1.80918396
v -1.60931659 1.48792672 -1.87871087
v -1.59476638 1.46313930 -1.91258216
v -1.78119504 1.50683141 -1.83199000
v -1.78605962 1.52553380 -1.81828606
v -1.78082180 1.54077077 -1.80236208
v -1.76580954 1.55069757 -1.79142320
v -1.63513708 1.60204077 -1.95045269
v -1.68269384 1.27340615 -1.72497690
v -1.58350325 1.40738678 -1.92668068
v -1.58153057 1.42915583 -1.92679071
v -1.60119009 1.33609891 -1.93356586
v -1.59123039 1.35646439 -1.92932117
v -1.61980093 1.23741984 -1.89949846
v -1.61358988 1.24170208 -1.91779017
v -1.61255276 1.26696336 -1.91939497
v -1.59622216 1.18948877 -1.93240118
v -1.60664320 1.21347058 -1.93715155
v -1.60921466 1.27000380 -1.93797207
v -1.60885751 1.29274344 -1.93774033
v -1.59452236 1.38129497 -1.91115522
v -1.58840716 1.44912720 -1.90991950
v -1.58788621 1.46213651 -1.92879486
v -1.59451365 1.47625291 -1.93136382
v -1.59897542 1.49360096 -1.93294859
v -1.82484996 1.40796614 -1.91925943
v -1.81676888 1.42359996 -1.91696072
v -1.81752944 1.42357731 -1.93001866
v -1.82606792 1.40774024 -1.93229270
v -1.81712961 1.40786636 -1.89743614
v -1.81062829 1.42217529 -1.89499009
v -1.81418920 1.42318201 -1.90537488
v -1.82173359 1.40792632 -1.90747631
v -1.80606031 1.41987467 -1.88557208
v -1.81204081 1.40651762 -1.88792956
v -1.83061683 1.39086115 -1.92087615
v -1.82711935 1.39114034 -1.90904081
v -1.83203506 1.39061511 -1.93393135
v -1.81667781 1.39153743 -1.88993216
v -1.82225728 1.39156699 -1.89895236
v -1.78262174 1.68194342 -1.99937856
v -1.79553223 1.69215214 -2.00464582
v -1.79111671 1.73721039 -2.00820875
v -1.78786039 1.74049747 -2.00733566
v -1.76281154 1.65835714 -1.99755692
v -1.75900424 1.64622188 -1.99724638
v -1.79385614 1.71999788 -2.01209784
v -1.79913330 1.70692897 -2.01344895
v -1.78260779 1.76144612 -2.00726271
v -1.78243315 1.75773931 -2.00717688
v -1.78688848 1.74836445 -2.00886154
v -1.78752244 1.74445808 -2.00906229
v -1.75480628 1.63247812 -1.99685311
v -1.76919138 1.66947269 -1.99994791
v -1.74400425 1.60371602 -1.99549305
v -1.73745024 1.58998799 -1.99395907
v -1.73622918 1.57769239 -1.98258090
v -1.73651135 1.56347990 -1.98221862
v -1.79602730 1.40796161 -2.00368595
v -1.76950288 1.45702744 -1.99395907
v -1.78020263 1.44328260 -1.99902880
v -1.76287329 1.47565019 -1.99201989
v -1.74255729 1.54982400 -1.98440981
v -1.74963880 1.61766267 -1.99635613
v -1.79172933 1.73273551 -2.01078796
v -1.79153943 1.72735333 -2.01093316
v -1.78362894 1.75433159 -2.00764513
v -1.78523898 1.75141740 -2.00825167
v -1.74838436 1.51299572 -2.00248837
v -1.75335777 1.49295712 -2.00468230
v -1.78872049 1.42603898 -2.00167847
v -1.79281795 1.38394630 -2.01635480
v -1.78926969 1.35917759 -2.01468372
v -1.74370658 1.53166759 -2.00033903
v -1.77731025 1.33975697 -2.01068234
v -1.71560419 0.97792649 -1.81124985
v -1.69646823 0.95793927 -1.82121837
v -1.67551863 0.97256649 -1.82159257
v -1.68944800 0.98740029 -1.81315613
v -1.69866860 1.03345013 -1.80945754
v -1.69792140 1.05931580 -1.80907691
v -1.69662118 1.08630240 -1.80863678
v -1.65757477 0.96291745 -1.83511829
v -1.62543786 0.97815597 -1.85187137
v -1.63831937 0.95848727 -1.85408223
v -1.67184007 1.08144855 -1.81301498
v -1.67263663 1.05423141 -1.81317055
v -1.67446530 0.99293113 -1.81630921
v -1.67422831 1.00724816 -1.81437755
v -1.69633329 1.00812769 -1.80937874
v -1.64483869 0.98028928 -1.83390105
v -1.66216171 0.98606747 -1.82252383
v -1.61139989 1.14306331 -1.87822998
v -1.60849392 1.12114382 -1.87230599
v -1.59536874 1.12231743 -1.89639413
v -1.67088771 1.15207243 -1.82193387
v -1.64975834 1.12757874 -1.82644141
v -1.60102999 0.98065174 -1.93760967
v -1.65565526 1.00341821 -1.82199109
v -1.61746204 1.00004792 -1.84987509
v -1.63691747 1.00106299 -1.83328545
v -1.61413848 1.07482862 -1.84666526
v -1.63128757 1.07513380 -1.83190227
v -1.63003099 1.04958129 -1.83176231
v -1.61188710 1.04982090 -1.84665728
v -1.65020311 1.07687688 -1.82066369
v -1.64960301 1.10375166 -1.82299101
v -1.61717415 1.09886420 -1.84940982
v -1.63254750 1.10077977 -1.83446825
v -1.63352001 1.12487769 -1.83902478
v -1.65041244 1.04990542 -1.82109654
v -1.61209571 1.02418137 -1.84815931
v -1.59483886 1.02514958 -1.87025988
v -1.58417547 1.02912366 -1.89700854
v -1.57667983 1.03009140 -1.92477596
v -1.57412648 1.05338097 -1.92362118
v -1.62030447 1.12215781 -1.85404301
v -1.62424695 1.16524577 -1.86792934
v -1.62312436 1.14442015 -1.86018395
v -1.62871480 1.23487902 -1.88315058
v -1.89975333 0.80179912 -1.92665470
v -1.70123911 0.94951582 -1.97973549
v -1.71880996 0.95124477 -1.98739755
v -1.81314874 1.04284215 -1.84469604
v -1.76091397 1.00260639 -1.81002474
v -1.72654545 1.00664043 -1.80706418
v -1.75303566 0.96016598 -1.98869848
v -1.77617705 0.97257578 -1.98086095
v -1.82785237 1.04373455 -1.87127709
v -1.82771373 1.01507068 -1.92284942
v -1.73430967 0.95378661 -1.98981941
v -1.67309415 1.02993345 -1.81377363
v -1.65179288 1.02513552 -1.82165599
v -1.63189054 1.02374387 -1.83235300
v -1.59876370 1.00155699 -1.87231135
v -1.58653820 1.00625896 -1.90022063
v -1.58216512 1.01081347 -1.92849982
v -1.77858949 1.02196860 -1.99220645
v -1.77466750 1.03284609 -2.00197172
v -1.77762139 1.03342593 -1.99669480
v -1.77201509 1.04676902 -2.01016998
v -1.77015948 1.03142130 -2.00852656
v -1.77249038 1.01778364 -2.00005960
v -1.76676953 1.01616609 -2.00658798
v -1.75990307 1.00223148 -2.00355434
v -1.80164373 1.13160217 -1.94943869
v -1.79884374 1.13643169 -1.92764306
v -1.79364550 1.12401557 -2.00498772
v -1.79858291 1.12504697 -1.98877883
v -1.77638316 1.15216446 -1.85934019
v -1.80132854 1.12743521 -1.97033656
v -1.79377902 1.14256513 -1.90536773
v -1.78707266 1.14799070 -1.88118482
v -1.57757294 1.10121131 -1.92439723
v -1.58221865 1.12614739 -1.92594314
v -1.78641450 1.12354326 -2.01902390
v -1.79393065 1.69288135 -2.01094246
v -1.78050888 1.68157411 -2.00486040
v -1.70895326 1.85448623 -1.97858095
v -1.66167235 1.63560057 -1.96188092
v -1.74966538 1.81467557 -1.99478257
v -1.78757036 1.74037790 -2.00902867
v -1.78441250 1.76475334 -2.00793505
v -1.73130310 1.57564330 -1.99230194
v -1.73032010 1.56033719 -1.99241889
v -1.70602906 0.95624185 -1.98242998
v -1.73691332 1.54697919 -1.99617302
v -1.69491267 0.95493925 -1.97740793
v -1.60529959 1.31396937 -1.93575823
v -1.58730137 0.46596289 -1.84149778
v -1.57920468 0.47689897 -1.83982253
v -1.56137335 0.45604980 -1.82989025
v -1.56997657 0.44619495 -1.83363461
v -1.57369602 0.49784774 -1.81737399
v -1.57274973 0.49175566 -1.82865357
v -1.57765341 0.49899650 -1.80520666
v -1.58397579 0.49476212 -1.79506445
v -1.56213272 0.47416025 -1.79133070
v -1.55550659 0.47885865 -1.79917598
v -1.59121883 0.48792368 -1.79012203
v -1.57707536 0.46081328 -1.78322756
v -1.59934747 0.48026282 -1.78801942
v -1.61139095 0.46784216 -1.78954327
v -1.58924639 0.45007426 -1.78580284
v -1.61783314 0.45285255 -1.79812729
v -1.59672213 0.43606836 -1.79452157
v -1.61823809 0.44254178 -1.81239223
v -1.59770989 0.45425791 -1.83875930
v -1.58092451 0.43484557 -1.83332396
v -1.55243134 0.47750807 -1.81011009
v -1.55297804 0.47080600 -1.81974542
v -1.55667293 0.46305937 -1.82563066
v -1.57483006 0.48499554 -1.83534241
v -1.54541564 0.43481314 -1.82427251
v -1.55418003 0.42544872 -1.83060968
v -1.53091013 0.45833290 -1.80355203
v -1.53547084 0.44884866 -1.81234741
v -1.54129016 0.45489967 -1.78716326
v -1.53372955 0.46093726 -1.79241467
v -1.55902123 0.44193935 -1.77455282
v -1.55022824 0.44818777 -1.78077364
v -1.56904805 0.46755457 -1.78697479
v -1.56983745 0.43198234 -1.77858853
v -1.58111298 0.41763228 -1.78937531
v -1.56796741 0.41450626 -1.82972229
v -1.54039228 0.44131088 -1.81800449
v -1.63819230 0.25305170 -1.79613614
v -1.64047635 0.25712436 -1.79740381
v -1.64038038 0.25703830 -1.80194342
v -1.63757741 0.25234181 -1.80281830
v -1.63917768 0.24797696 -1.83471906
v -1.64649773 0.25510198 -1.83739257
v -1.64250600 0.25546509 -1.84513307
v -1.63412559 0.24739867 -1.84513354
v -1.64027095 0.24805886 -1.81810164
v -1.63592911 0.24700350 -1.81614316
v -1.63626087 0.24703366 -1.81137824
v -1.64111602 0.24817139 -1.81073296
v -1.62168467 0.27103239 -1.77297604
v -1.61716259 0.26865715 -1.77256787
v -1.61658943 0.26957959 -1.76811695
v -1.62007689 0.27198130 -1.76704812
v -1.63117743 0.25909323 -1.78795922
v -1.62623680 0.25690550 -1.78729773
v -1.62614596 0.25817782 -1.78310966
v -1.62984979 0.25990230 -1.78161931
v -1.63113201 0.27119714 -1.83239317
v -1.62797618 0.27440256 -1.84523928
v -1.63592315 0.26254636 -1.84607458
v -1.64046490 0.26222092 -1.83439088
v -1.62693274 0.25769669 -1.85072672
v -1.61692870 0.26891845 -1.84955382
v -1.61251521 0.26282710 -1.84200382
v -1.62340260 0.25493687 -1.84313226
v -1.61675179 0.26010543 -1.83064818
v -1.62635446 0.25317186 -1.83230472
v -1.62504733 0.26303607 -1.82535243
v -1.63588583 0.25547701 -1.82571387
v -1.62964845 0.26260835 -1.80711019
v -1.63393867 0.26858097 -1.81251764
v -1.64108026 0.25908071 -1.81200826
v -1.63737881 0.25406426 -1.80553484
v -1.63325298 0.26757234 -1.82334030
v -1.64040518 0.25833279 -1.82009435
v -1.62608027 0.25961441 -1.82588768
v -1.62101352 0.25754935 -1.81988811
v -1.63054621 0.25055224 -1.81815851
v -1.63549972 0.25247937 -1.82434177
v -1.62259007 0.25834388 -1.81084871
v -1.63120568 0.25092524 -1.80945921
v -1.63206780 0.27231818 -1.79515517
v -1.63130414 0.27023202 -1.80523372
v -1.63671744 0.26145393 -1.80350804
v -1.63761985 0.26231724 -1.79621732
v -1.63134086 0.25527304 -1.80719352
v -1.62490404 0.26238686 -1.80791295
v -1.62096345 0.26016289 -1.80213618
v -1.62871206 0.25375134 -1.80138779
v -1.62215221 0.26119143 -1.79301214
v -1.62942731 0.25385338 -1.79432535
v -1.62881672 0.26656753 -1.78968775
v -1.63454378 0.25767964 -1.79131293
v -1.62133706 0.27360827 -1.77410209
v -1.62537515 0.27964073 -1.77860093
v -1.63007188 0.26997405 -1.78056359
v -1.62601113 0.26505619 -1.77702808
v -1.62621772 0.27706510 -1.78648758
v -1.63065445 0.26949841 -1.78668833
v -1.62787437 0.26516014 -1.79115152
v -1.62396717 0.27113360 -1.78941083
v -1.61653244 0.26615983 -1.78628600
v -1.62166083 0.26013857 -1.78837097
v -1.61544454 0.26799077 -1.77806592
v -1.62169743 0.26091295 -1.78085339
v -1.61511445 0.28811342 -1.76339591
v -1.62004530 0.28082293 -1.76527691
v -1.61562443 0.27695352 -1.76325202
v -1.60916245 0.28458434 -1.76226032
v -1.61809754 0.28593713 -1.77023482
v -1.62143242 0.27972847 -1.77076864
v -1.61813021 0.27555484 -1.77446210
v -1.61570930 0.28063554 -1.77295315
v -1.60805750 0.27540654 -1.77223027
v -1.61228383 0.27103549 -1.77370489
v -1.60602999 0.27846140 -1.76597571
v -1.61172307 0.27195162 -1.76653731
v -1.62228644 0.28048426 -1.82717097
v -1.61960948 0.28611428 -1.84309173
v -1.63075650 0.24991626 -1.84215343
v -1.60748696 0.27903622 -1.84624648
v -1.63241398 0.24903899 -1.83610415
v -1.60876155 0.26690739 -1.82532513
v -1.60246110 0.27174932 -1.83841288
v -1.62111127 0.26673955 -1.82595158
v -1.64409435 0.25338131 -1.81292129
v -1.61102223 0.26711351 -1.80658412
v -1.62168479 0.26712102 -1.80805373
v -1.64367473 0.25325900 -1.81797600
v -1.62404382 0.28018123 -1.80957294
v -1.62023365 0.28410000 -1.79204893
v -1.63357031 0.25059587 -1.80084860
v -1.63391280 0.25035864 -1.79692543
v -1.60953856 0.27025336 -1.78836370
v -1.62290108 0.27321380 -1.78864384
v -1.63255548 0.26429337 -1.78266644
v -1.60432220 0.27675360 -1.77350485
v -1.61579823 0.28080565 -1.77210093
v -1.63277125 0.26370806 -1.78600430
v -1.61528051 0.29100972 -1.77532303
v -1.62131965 0.27529770 -1.76725626
v -1.59796035 0.28449553 -1.76352012
v -1.60142672 0.29323071 -1.75901866
v -1.62275279 0.27480727 -1.77044833
v -1.60883617 0.29709584 -1.76301420
v -1.59074831 0.42620909 -1.82734513
v -1.60631025 0.44519466 -1.83313990
v -1.61284649 0.44053006 -1.82404721
v -1.59666812 0.42221743 -1.81821656
v -1.59891260 0.42522925 -1.80690265
v -1.58042121 0.40689278 -1.82421708
v -1.58707583 0.40391922 -1.81374252
v -1.58631527 0.40769857 -1.80225706
v -1.55534422 0.41669929 -1.77194524
v -1.54423988 0.42802733 -1.76697373
v -1.53409159 0.43417758 -1.77590334
v -1.52447021 0.44140983 -1.78103173
v -1.51543701 0.44721192 -1.78719163
v -1.55817783 0.39481801 -1.82662332
v -1.57520175 0.38698989 -1.82267284
v -1.58411753 0.38451642 -1.81133735
v -1.58294952 0.38864404 -1.79721320
v -1.60974896 0.29988116 -1.84320486
v -1.61553729 0.30079919 -1.82800651
v -1.60682142 0.31874573 -1.82747412
v -1.59553266 0.31292349 -1.83847976
v -1.61411476 0.29918653 -1.81101084
v -1.60733211 0.31972939 -1.81085825
v -1.61083496 0.30219144 -1.79427660
v -1.60271394 0.32142937 -1.79457951
v -1.60570538 0.30637556 -1.77786636
v -1.59655881 0.32353544 -1.77911961
v -1.60038698 0.30914992 -1.76320469
v -1.58932757 0.32357657 -1.76441026
v -1.59344339 0.30467623 -1.75497317
v -1.58200109 0.31869048 -1.75426126
v -1.59536946 0.28989881 -1.84574044
v -1.58197629 0.30348247 -1.83874846
v -1.58778048 0.28110963 -1.83551502
v -1.57411218 0.29340249 -1.82806778
v -1.58961046 0.28003925 -1.82090259
v -1.57511103 0.29327112 -1.81462646
v -1.57499278 0.30740851 -1.75614190
v -1.58699238 0.29379207 -1.75963652
v -1.59034991 0.28185421 -1.80346799
v -1.57627904 0.29625255 -1.79852271
v -1.58878195 0.28414184 -1.78632665
v -1.57457554 0.29850894 -1.78204453
v -1.58702600 0.28821391 -1.77171469
v -1.57340801 0.30183095 -1.76750314
v -1.59240282 0.33840132 -1.82552516
v -1.60004473 0.34288740 -1.81037986
v -1.59461081 0.34437960 -1.79460812
v -1.58650005 0.34481889 -1.77914500
v -1.57585657 0.34190428 -1.76464927
v -1.56789100 0.33568221 -1.75366676
v -1.57498014 0.37176597 -1.77520955
v -1.55889308 0.36072326 -1.76231432
v -1.55076802 0.35132736 -1.75405598
v -1.53373742 0.36747843 -1.75368905
v -1.54190779 0.37883794 -1.75974000
v -1.51121771 0.40425342 -1.75742769
v -1.52527499 0.39382553 -1.75855207
v -1.51712716 0.38292164 -1.75104463
v -1.50105405 0.39279932 -1.74889874
v -1.55572951 0.38954008 -1.76805830
v -1.53940761 0.40533692 -1.76618505
v -1.52732551 0.41607517 -1.76694608
v -1.48017037 0.40635538 -1.75806689
v -1.49089170 0.41943234 -1.76289701
v -1.50047314 0.41182780 -1.75842381
v -1.48955333 0.39997119 -1.75092888
v -1.47038162 0.40798217 -1.77143335
v -1.47988546 0.42293018 -1.77485657
v -1.48025215 0.41451544 -1.79126978
v -1.46994555 0.40152687 -1.78831029
v -1.50807154 0.43107998 -1.77281344
v -1.51748645 0.42345488 -1.76995945
v -1.49793708 0.43627268 -1.78130913
v -1.49861753 0.42920053 -1.79587197
v -1.49147689 0.40229720 -1.80113411
v -1.50711167 0.41740829 -1.80433357
v -1.48022997 0.39045656 -1.79936945
v -1.57885396 0.32846636 -1.83124781
v -1.56879318 0.32077527 -1.82739937
v -1.58804953 0.36806262 -1.79452443
v -1.59114635 0.36503482 -1.81090474
v -1.57665873 0.36392891 -1.82429826
v -1.56098545 0.34732383 -1.82610726
v -1.55122912 0.33833051 -1.81797981
v -1.54126096 0.36198580 -1.82060957
v -1.53359330 0.35349286 -1.81224668
v -1.56283391 0.31388682 -1.81833434
v -1.54735839 0.33401859 -1.80927718
v -1.52964032 0.34977275 -1.80406559
v -1.52423966 0.37462580 -1.81662881
v -1.51633263 0.36576968 -1.80955720
v -1.51247990 0.38543367 -1.81112468
v -1.50297320 0.37501371 -1.80642509
v -1.49170482 0.38233691 -1.80378759
v -1.50292897 0.39352298 -1.80592036
v -1.52294767 0.40047926 -1.81458724
v -1.51519954 0.40865260 -1.80945325
v -1.53478110 0.38950235 -1.82021904
v -1.55181372 0.37702602 -1.82510734
v -1.56095684 0.32466954 -1.75361741
v -1.54512870 0.34205008 -1.75284219
v -1.52806890 0.35829592 -1.75342643
v -1.50980556 0.37180227 -1.75099373
v -1.49379098 0.38114029 -1.75106108
v -1.48372352 0.38784891 -1.75340116
v -1.47549093 0.39371669 -1.75951600
v -1.46931684 0.39542663 -1.77152348
v -1.46906328 0.39130008 -1.78403139
v -1.47676694 0.38170987 -1.79212868
v -1.48596013 0.37387103 -1.79642618
v -1.51142514 0.36019808 -1.80149233
v -1.49677455 0.36730212 -1.79926825
v -1.54254615 0.40559560 -1.82666707
v -1.53199482 0.41639090 -1.82039094
v -1.52624619 0.42402434 -1.81420660
v -1.51521051 0.44181895 -1.79938149
v -1.52148926 0.43166238 -1.80785644
v -1.56125724 0.31261128 -1.80647898
v -1.56138611 0.31467265 -1.79127061
v -1.55937827 0.31610650 -1.77583635
v -1.55846274 0.31871593 -1.76275015
v -1.54234517 0.33634299 -1.75976896
v -1.54197705 0.33391297 -1.77109218
v -1.54264104 0.33225584 -1.78516984
v -1.54464233 0.33185017 -1.79916739
v -1.52513909 0.35196441 -1.75944161
v -1.52452552 0.34898931 -1.76922739
v -1.52351201 0.34767503 -1.78212595
v -1.52604318 0.34721166 -1.79432368
v -1.50745976 0.35767388 -1.79218745
v -1.50511038 0.35923094 -1.78131843
v -1.50679362 0.36097175 -1.76938748
v -1.50703084 0.36477768 -1.75959074
v -1.49285114 0.37476671 -1.76018643
v -1.49320138 0.37075078 -1.76992095
v -1.49212706 0.36830670 -1.78086901
v -1.49380314 0.36622190 -1.79015386
v -1.48433983 0.38091660 -1.76154602
v -1.47295487 0.38792372 -1.77210462
v -1.47775924 0.38552046 -1.76498199
v -1.47217321 0.38543433 -1.78015125
v -1.47783339 0.37877887 -1.78507447
v -1.48504603 0.37244248 -1.78804159
v -1.47952819 0.37897527 -1.77873313
v -1.48494840 0.37411112 -1.77983725
v -1.48543370 0.37673837 -1.77010381
v -1.47995102 0.38121712 -1.77116036
v -1.47583878 0.38298851 -1.77735758
v -1.47615111 0.38407397 -1.77345634
v -1.57058787 0.39861035 -1.78298426
v -1.64061356 1.61174166 -1.95425487
v -1.61586404 1.54876518 -1.93871355
v -1.85132730 0.60182333 -1.93811858
v -1.85869586 0.59749609 -1.92598474
v -1.86653888 0.59940487 -1.91354406
v -1.82890189 1.04298401 -1.89784408
v -1.79121006 1.23180580 -1.94604850
v -1.78818905 1.26616871 -1.93771565
v -1.78886461 1.24827433 -1.94205618
v -1.83679163 1.01968706 -1.89673543
v -1.76493037 1.29093170 -1.88258243
v -1.59040272 0.99502999 -1.93216217
v -1.60346496 1.50899482 -1.93407702
v -1.80816543 1.43906713 -1.91363800
v -1.57452750 1.07732415 -1.92326963
v -1.71099150 1.73991394 -1.89992905
v -1.70946932 1.73793483 -1.90172637
v -1.71033359 1.73448396 -1.90265787
v -1.70682347 1.73170137 -1.90243602
v -1.70462286 1.72866821 -1.90224349
v -1.70351815 1.72677350 -1.90166545
v -1.70841563 1.73356009 -1.90092576
v -1.70436978 1.73440731 -1.90090621
v -1.70776999 1.73574805 -1.90092039
v -1.70917749 1.73575377 -1.90056586
v -1.75690985 1.47175050 -2.00623655
v -1.76359880 1.45317411 -2.00849915
v -1.77539635 1.44026518 -2.01255441
v -1.78370142 1.42332911 -2.01523638
v -1.79055381 1.73721838 -2.01023579
v -1.78543317 1.18358147 -2.02126741
v -1.78174722 1.19515836 -2.01956677
v -1.61040771 1.24685490 -1.93773293
v -1.78935885 1.15326381 -2.02088046
v -1.78029525 1.21051824 -2.01797223
v -1.58589947 1.38283539 -1.92705142
v -1.78988659 1.40502834 -2.01608562
v -1.78873181 1.13936949 -2.01984978
v -1.58043432 1.44854879 -1.92576289
v -1.78136504 1.23008323 -2.01717305
v -1.77519882 1.06459868 -2.01193500
v -1.77766335 1.28493905 -2.01179552
v -1.70234668 1.82798302 -2.02226353
v -1.69429946 1.81612515 -2.03017616
v -1.70912039 1.81390262 -2.03034878
v -1.71741939 1.82198310 -2.02251434
v -1.71982133 1.80981493 -2.03060102
v -1.72778785 1.81494904 -2.02385926
v -1.68986833 1.80199957 -2.03479266
v -1.70300651 1.80280709 -2.03455949
v -1.71276748 1.76865268 -2.04437160
v -1.70903909 1.77653337 -2.04140282
v -1.70163524 1.76949239 -2.04286456
v -1.70664120 1.75911665 -2.04587865
v -1.72528362 1.74397635 -2.04766440
v -1.72016048 1.73034477 -2.04657292
v -1.73425233 1.72864246 -2.04686356
v -1.73762190 1.74188900 -2.04622889
v -1.75893283 1.76633525 -2.02238417
v -1.75360870 1.77072716 -2.02369404
v -1.75380278 1.76564527 -2.02974033
v -1.75933516 1.76027632 -2.02762914
v -1.76117492 1.77769375 -2.01348114
v -1.76574194 1.78336096 -2.01067209
v -1.75911200 1.78596616 -2.00865030
v -1.75562358 1.78024602 -2.01264763
v -1.76375318 1.76166058 -2.01869440
v -1.76356101 1.75516295 -2.02357316
v -1.76351690 1.76914620 -2.01710486
v -1.75880396 1.77181625 -2.01756287
v -1.77523088 1.76964498 -2.01793742
v -1.77963078 1.77251530 -2.01676750
v -1.77711284 1.77739453 -2.01648211
v -1.77155817 1.77294886 -2.01757050
v -1.76763785 1.76399636 -2.01854682
v -1.77171576 1.76220548 -2.01661777
v -1.77245426 1.76593900 -2.01806092
v -1.76833498 1.76824498 -2.01859689
v -1.76665795 1.77511024 -2.01487494
v -1.77188838 1.78073263 -2.01329517
v -1.77763474 1.78514862 -2.01142287
v -1.78364837 1.78055668 -2.01485395
v -1.75738096 1.74520588 -2.03686285
v -1.76215851 1.74286652 -2.03284168
v -1.76312089 1.74923670 -2.02873731
v -1.75886095 1.75324428 -2.03278446
v -1.77017283 1.75808835 -2.01711345
v -1.77673948 1.74503815 -2.02217007
v -1.78084111 1.74778390 -2.01811481
v -1.77882493 1.75101972 -2.01735950
v -1.77448189 1.74846673 -2.02185464
v -1.75590098 1.72814047 -2.04105735
v -1.75728023 1.71850920 -2.04159307
v -1.76323199 1.72254086 -2.03701901
v -1.76150823 1.72960687 -2.03674436
v -1.76679397 1.71608591 -2.03578234
v -1.76095879 1.70936108 -2.03987932
v -1.77259552 1.69777846 -2.03434658
v -1.77851963 1.70919943 -2.03212118
v -1.77177143 1.71199512 -2.03389502
v -1.76595962 1.70256257 -2.03749609
v -1.78516030 1.71954417 -2.02356577
v -1.78597391 1.70785451 -2.02935815
v -1.79251909 1.70746422 -2.02467823
v -1.78938150 1.71972466 -2.01930237
v -1.77696753 1.73874831 -2.02157283
v -1.77750254 1.74216700 -2.02193284
v -1.77394772 1.73964107 -2.02447939
v -1.77376521 1.73712933 -2.02406263
v -1.77015495 1.73528194 -2.02653742
v -1.77054250 1.73622000 -2.02655554
v -1.76947021 1.73676634 -2.02753663
v -1.76897061 1.73480439 -2.02762341
v -1.77165031 1.73611069 -2.02545023
v -1.77131808 1.73475957 -2.02612114
v -1.77370393 1.73498607 -2.02508545
v -1.77745366 1.73592854 -2.02337241
v -1.78816938 1.73759794 -2.01426554
v -1.78567874 1.74072695 -2.01245785
v -1.78388286 1.74036121 -2.01495695
v -1.78580058 1.73770285 -2.01716876
v -1.77071607 1.73923171 -2.02668381
v -1.77304530 1.74216032 -2.02494168
v -1.77108848 1.74484420 -2.02544117
v -1.76895690 1.74081802 -2.02798033
v -1.76599872 1.74236536 -2.02981400
v -1.76485908 1.73717380 -2.03160572
v -1.76762712 1.73720336 -2.02913451
v -1.77009857 1.73298669 -2.02721596
v -1.76726365 1.73358393 -2.02958465
v -1.76840544 1.73037648 -2.02922106
v -1.77145708 1.72845471 -2.02852559
v -1.77289486 1.73233604 -2.02649713
v -1.77694559 1.73254728 -2.02501678
v -1.77574694 1.72754586 -2.02706385
v -1.78080583 1.72744179 -2.02440953
v -1.78197360 1.73315334 -2.02242494
v -1.76778340 1.74686503 -2.02661943
v -1.76474047 1.73186255 -2.03252029
v -1.76124918 1.73707390 -2.03496909
v -1.76625347 1.72649932 -2.03260589
v -1.76963735 1.72212219 -2.03175449
v -1.77991998 1.71881056 -2.02755475
v -1.77443755 1.71978641 -2.03022552
v -1.78049743 1.69461083 -2.03018379
v -1.78735268 1.69304585 -2.02417397
v -1.72577929 1.80485046 -2.03014588
v -1.73160672 1.80737507 -2.02359653
v -1.72710478 1.79683375 -2.03077054
v -1.73013580 1.79875672 -2.02789426
v -1.72862768 1.80125022 -2.02839351
v -1.72467291 1.79809213 -2.03183222
v -1.71437669 1.78207552 -2.03827190
v -1.71681583 1.77596533 -2.04061580
v -1.71959722 1.78212953 -2.03612089
v -1.71878898 1.78632903 -2.03548050
v -1.73184884 1.77952337 -2.03360033
v -1.73050606 1.78648663 -2.03033376
v -1.72720253 1.78515446 -2.03236485
v -1.72725272 1.77866459 -2.03594899
v -1.73370373 1.78661585 -2.02801824
v -1.73552811 1.78063869 -2.03043985
v -1.73839366 1.78268063 -2.02649832
v -1.73619807 1.78751552 -2.02476048
v -1.73230445 1.80294752 -2.02254319
v -1.73340356 1.79979348 -2.02351260
v -1.73562324 1.79941463 -2.01756024
v -1.73502922 1.80245852 -2.01568556
v -1.73927128 1.79079962 -2.00819778
v -1.74171162 1.79117322 -2.00579071
v -1.73986781 1.79523993 -2.00597572
v -1.73831999 1.79319644 -2.00889874
v -1.73993289 1.78962445 -2.00996709
v -1.74227834 1.78874993 -2.00869346
v -1.69059741 1.84449708 -2.00950146
v -1.68275905 1.83271825 -2.02104354
v -1.71119773 1.83789182 -2.01209497
v -1.67716026 1.81778014 -2.02928877
v -1.67504346 1.80103421 -2.03499866
v -1.73263776 1.71633649 -2.04700637
v -1.74699068 1.71634102 -2.04509139
v -1.74662828 1.72775769 -2.04461193
v -1.73443997 1.70361674 -2.04480100
v -1.75010514 1.70447743 -2.04370093
v -1.75977433 1.68756175 -2.03128910
v -1.75448859 1.69450307 -2.03896403
v -1.71569645 1.70527172 -2.04270983
v -1.71625304 1.69548011 -2.03685379
v -1.73663747 1.69220352 -2.03785086
v -1.69825113 1.70176494 -2.03432536
v -1.69484413 1.69649053 -2.03068233
v -1.71332145 1.68454099 -2.02914214
v -1.72759807 1.65025592 -2.02050734
v -1.71365392 1.65206909 -2.02878428
v -1.70904696 1.63884234 -2.03005075
v -1.72323012 1.63634992 -2.02205372
v -1.71583033 1.71674800 -2.04547238
v -1.68907893 1.77396417 -2.03854918
v -1.69271326 1.76069021 -2.04257250
v -1.69932091 1.78022385 -2.03896475
v -1.63770938 1.81309628 -2.02411723
v -1.64296889 1.79598427 -2.03178096
v -1.65905619 1.79945016 -2.03413153
v -1.65742660 1.81695986 -2.02792335
v -1.63667166 1.84451342 -1.99362397
v -1.63529253 1.82974219 -2.01101947
v -1.65959930 1.83407032 -2.01749706
v -1.66490352 1.84947586 -2.00318480
v -1.62784028 1.78974950 -2.02750587
v -1.61887097 1.80288637 -2.01809382
v -1.60406184 1.78624892 -2.01344156
v -1.61618507 1.77957439 -2.02385998
v -1.61261654 1.81617928 -2.00315475
v -1.59427428 1.79803431 -1.99644482
v -1.68409908 1.69590867 -2.02879477
v -1.69349146 1.68319130 -2.03104138
v -1.69861579 1.66860890 -2.03209448
v -1.71563458 1.66759229 -2.02732682
v -1.59049833 1.80466342 -1.97696924
v -1.60992384 1.82773137 -1.98432922
v -1.59959865 1.73471928 -2.00421619
v -1.61347878 1.73588061 -2.01589155
v -1.61023319 1.75152743 -2.01896715
v -1.59460723 1.75311351 -2.00502753
v -1.58673394 1.73324418 -1.98814309
v -1.58183753 1.75424254 -1.98759532
v -1.63505781 1.69516921 -2.00658631
v -1.62538373 1.68914580 -1.99449599
v -1.64190507 1.68179655 -1.99536765
v -1.64857244 1.68567896 -2.00691247
v -1.71418703 1.80236697 -2.03568769
v -1.71000516 1.79403448 -2.03784680
v -1.71770942 1.79453588 -2.03644967
v -1.72122967 1.79993296 -2.03418159
v -1.68837106 1.78734350 -2.03689957
v -1.69997382 1.79095018 -2.03691554
v -1.66096473 1.78338695 -2.03581262
v -1.64818919 1.78133845 -2.03473473
v -1.62615347 1.77010012 -2.02916312
v -1.63610542 1.77688086 -2.03235483
v -1.62494922 1.73604286 -2.02325797
v -1.62343109 1.74590516 -2.02479863
v -1.66870689 1.69791508 -2.02301192
v -1.65850317 1.69205797 -2.01450872
v -1.66940343 1.67972445 -2.01666021
v -1.67833006 1.68263912 -2.02561641
v -1.65275526 1.67226791 -1.99662375
v -1.66083825 1.67718387 -2.00543594
v -1.68454766 1.65328646 -2.02706456
v -1.67489398 1.65311694 -2.01747561
v -1.67084563 1.64062428 -2.01839733
v -1.68112075 1.64016581 -2.02619576
v -1.66310310 1.64026308 -2.00710368
v -1.66726172 1.65298343 -2.00619316
v -1.66155887 1.65287304 -1.99531388
v -1.65727401 1.64010811 -1.99612772
v -1.74516952 1.63357687 -2.00909901
v -1.73494840 1.63467097 -2.01425552
v -1.72990179 1.62141800 -2.01544952
v -1.73991489 1.62015009 -2.00892854
v -1.67565906 1.62844634 -2.02623296
v -1.66410995 1.63241029 -2.01932788
v -1.64517438 1.70190895 -2.01477528
v -1.65269840 1.70829964 -2.02115941
v -1.65469265 1.63294339 -2.00904989
v -1.67481756 1.66757262 -2.01627970
v -1.66718984 1.66536236 -2.00523233
v -1.64879918 1.66843581 -1.98601019
v -1.63678086 1.67752218 -1.98254704
v -1.75379276 1.77501321 -2.01787829
v -1.74153697 1.78639555 -2.01702571
v -1.74221063 1.78731680 -2.01261854
v -1.73995352 1.78954268 -2.01290059
v -1.73939097 1.78936791 -2.01672316
v -1.73572326 1.82816005 -2.00278950
v -1.72714984 1.82760549 -2.01332808
v -1.73672569 1.81679153 -2.01543570
v -1.74455750 1.81378841 -2.00429010
v -1.74087703 1.75717139 -2.04377317
v -1.75072014 1.75005960 -2.04092455
v -1.75316119 1.75926805 -2.03581142
v -1.74606049 1.76571107 -2.03643537
v -1.72170317 1.78876400 -2.03388309
v -1.72305679 1.79101646 -2.03378797
v -1.72002506 1.79006243 -2.03510952
v -1.75617552 1.73722410 -2.03930855
v -1.74821389 1.73897028 -2.04332161
v -1.69876075 1.74762917 -2.04446697
v -1.70821321 1.78551328 -2.03892756
v -1.64255846 1.85363507 -1.97468424
v -1.67326331 1.85773444 -1.98661590
v -1.61366868 1.83720088 -1.96369791
v -1.59368324 1.81287956 -1.95570993
v -1.57562816 1.75594115 -1.96807122
v -1.57393253 1.75836205 -1.94838667
v -1.57569039 1.73339415 -1.94889033
v -1.57953978 1.73170042 -1.96887529
v -1.61816001 1.68283296 -1.97876418
v -1.65830839 1.65015924 -1.98460329
v -1.65601707 1.63887429 -1.98494422
v -1.70021796 1.85225523 -1.99535823
v -1.72144294 1.84253407 -2.00028133
v -1.67525113 1.78419971 -2.03646541
v -1.71928728 1.76225924 -2.04685497
v -1.72882581 1.75838554 -2.04697824
v -1.72870994 1.76992249 -2.04275250
v -1.72164690 1.77173305 -2.04257751
v -1.71429002 1.74940443 -2.04723883
v -1.70734310 1.73564100 -2.04479361
v -1.69925117 1.72189260 -2.04166412
v -1.69921303 1.70926929 -2.03858113
v -1.59341586 1.77003622 -2.00518417
v -1.60910606 1.76709270 -2.01941681
v -1.57800186 1.78039527 -1.97135270
v -1.58335376 1.77674270 -1.99066842
v -1.61857021 1.76078415 -2.02491808
v -1.57827258 1.78710413 -1.95124316
v -1.77675748 1.75448060 -2.01631260
v -1.77565944 1.75819516 -2.01448750
v -1.77060699 1.75232136 -2.02115369
v -1.78625429 1.73331833 -2.01902533
v -1.78538990 1.72627878 -2.02095485
v -1.78822947 1.72732556 -2.01656723
v -1.78896701 1.73339367 -2.01545477
v -1.77498853 1.68227410 -2.01747751
v -1.76776683 1.68394995 -2.02396631
v -1.75086439 1.64793909 -2.00953674
v -1.74060774 1.64871907 -2.01481438
v -1.77630866 1.76725721 -2.01461029
v -1.77462602 1.76629758 -2.01420808
v -1.77550805 1.76633406 -2.01281691
v -1.77695632 1.76774454 -2.01342654
v -1.77170372 1.73715997 -2.02598023
v -1.78380263 1.74930298 -2.01440096
v -1.78439462 1.74472499 -2.01494169
v -1.78600943 1.74468637 -2.01249099
v -1.78550088 1.74856687 -2.01207876
v -1.73965943 1.67915201 -2.02689242
v -1.73251665 1.66460586 -2.02133060
v -1.69407773 1.63831091 -2.03085208
v -1.69775474 1.65351844 -2.03222513
v -1.68412387 1.66840386 -2.02748251
v -1.66049230 1.66384244 -1.99522340
v -1.65623939 1.66088629 -1.98486376
v -1.65582097 1.65786469 -1.97281098
v -1.64759254 1.66585112 -1.97204971
v -1.75452745 1.67346084 -2.01850605
v -1.74665976 1.66122913 -2.01608086
v -1.75617909 1.66045928 -2.00994134
v -1.76336169 1.67182279 -2.01179123
v -1.78044319 1.76537716 -2.01085281
v -1.77872431 1.76352715 -2.01107287
v -1.78089428 1.76188827 -2.00991631
v -1.78250813 1.76508021 -2.01012039
v -1.77367854 1.76345658 -2.01484013
v -1.77526331 1.76081085 -2.01354218
v -1.77468014 1.76243615 -2.01300097
v -1.77439129 1.76520658 -2.01583529
v -1.77622247 1.76763725 -2.01598358
v -1.78140366 1.77017879 -2.01341391
v -1.78521693 1.77297664 -2.01469088
v -1.77902734 1.76962996 -2.01531982
v -1.77811885 1.76604509 -2.01177454
v -1.77680051 1.76420760 -2.01148701
v -1.77444494 1.76419401 -2.01244354
v -1.77406704 1.76436281 -2.01393962
v -1.77970290 1.76914001 -2.01301384
v -1.77808416 1.76848722 -2.01415014
v -1.77087343 1.78817832 -2.00799656
v -1.75640297 1.64697337 -2.00318861
v -1.76096046 1.65956998 -2.00387955
v -1.77080774 1.73578167 -2.02615428
v -1.73668838 1.80813885 -2.01523829
v -1.73580396 1.77033055 -2.03983355
v -1.74835110 1.77494228 -2.02371049
v -1.74402130 1.78024197 -2.02290630
v -1.74234283 1.77667487 -2.02847767
v -1.74768794 1.77062607 -2.02970195
v -1.74086070 1.80423903 -2.00761342
v -1.74408293 1.79848742 -2.00294495
v -1.74951696 1.80213153 -2.00070333
v -1.74657762 1.79170465 -2.00333452
v -1.74657321 1.78680253 -2.00693512
v -1.75261557 1.78679574 -2.00711250
v -1.75454593 1.79417992 -2.00273180
v -1.72213805 1.79430842 -2.03387928
v -1.72484767 1.79383504 -2.03263330
v -1.75044036 1.78183675 -2.01190925
v -1.74589026 1.78404760 -2.01189518
v -1.74508083 1.78201258 -2.01734209
v -1.74902093 1.77812374 -2.01758695
v -1.73987448 1.77343440 -2.03403878
v -1.71509278 1.78841031 -2.03723907
v -1.72271764 1.77876735 -2.03663683
v -1.66639638 1.70929456 -2.02659130
v -1.65464962 1.71513712 -2.02603316
v -1.68251467 1.71000242 -2.03345895
v -1.67918289 1.70970988 -2.03173804
v -1.68487585 1.70538664 -2.02876306
v -1.68753028 1.70731735 -2.03203249
v -1.64012086 1.74549270 -2.03249288
v -1.64370644 1.74745703 -2.03342819
v -1.64094341 1.75305891 -2.03316760
v -1.63525951 1.74899864 -2.03011870
v -1.64766455 1.75277543 -2.03519297
v -1.64970624 1.74993384 -2.03489399
v -1.65235484 1.75082719 -2.03642082
v -1.64777040 1.75606728 -2.03534579
v -1.65514648 1.75751591 -2.03667951
v -1.65267289 1.76859903 -2.03613663
v -1.64318287 1.76550794 -2.03415632
v -1.67690861 1.76499271 -2.03783774
v -1.66336155 1.76811624 -2.03598213
v -1.66325247 1.75546169 -2.03652859
v -1.67107618 1.75027680 -2.03603077
v -1.68703783 1.71925306 -2.03693271
v -1.68854773 1.71129751 -2.03624988
v -1.67732716 1.70566452 -2.02722049
v -1.59755218 1.71580720 -1.98948967
v -1.60843384 1.71906626 -2.00481033
v -1.62004697 1.72175217 -2.01636076
v -1.63140774 1.72535539 -2.02188611
v -1.58826911 1.71459889 -1.97297847
v -1.58782315 1.71040559 -1.95771515
v -1.68412983 1.75014102 -2.04095483
v -1.67721021 1.74047875 -2.03774929
v -1.61980653 1.70506239 -2.00655460
v -1.60977685 1.69978213 -1.99163854
v -1.63178754 1.71044528 -2.01589775
v -1.64070320 1.71625090 -2.02120829
v -1.60011089 1.69858038 -1.97407734
v -1.60091293 1.69272661 -1.95784175
v -1.61764622 1.67680597 -1.96372652
v -1.67703748 1.71736193 -2.03835177
v -1.68027389 1.71246290 -2.03968024
v -1.68314934 1.71185637 -2.03734183
v -1.68150246 1.71746063 -2.03748703
v -1.68250573 1.72970605 -2.03823590
v -1.69062424 1.73640633 -2.04106045
v -1.76351666 1.79124236 -2.00543714
v -1.79670143 1.70723248 -2.01923704
v -1.79210305 1.72006941 -2.01572657
v -1.78058815 1.75576377 -2.01257420
v -1.78222203 1.75194645 -2.01373959
v -1.78399181 1.75160360 -2.01126719
v -1.78242421 1.75478458 -2.01033592
v -1.73774719 1.79897666 -2.00977182
v -1.63600683 1.67301106 -1.96898270
v -1.65904522 1.64823449 -1.97310305
v -1.65778768 1.63733768 -1.97338915
v -1.64960825 1.63087893 -1.99709785
v -1.64862645 1.62876964 -1.98486817
v -1.78130996 1.75839472 -2.00964832
v -1.77937281 1.75918496 -2.01171350
v -1.77901173 1.76814771 -2.01225996
v -1.78160107 1.74372435 -2.01845169
v -1.77694166 1.76284349 -2.01169086
v -1.77829397 1.76112247 -2.01143980
v -1.78229415 1.76170874 -2.00825167
v -1.78220320 1.75807750 -2.00832963
v -1.74034953 1.78432155 -2.02194738
v -1.73816240 1.78809249 -2.02100515
v -1.78167450 1.76807201 -2.01180387
v -1.78449500 1.76835132 -2.01175165
v -1.71782374 1.62252116 -2.02451539
v -1.70335352 1.62431669 -2.03033805
v -1.78694618 1.74455047 -2.01066947
v -1.78643787 1.74831414 -2.01038265
v -1.66772616 1.74065387 -2.03546405
v -1.66233051 1.74614787 -2.03548241
v -1.66014051 1.73967981 -2.03629398
v -1.66448724 1.73514628 -2.03581166
v -1.75165725 1.63312221 -2.00302124
v -1.68862355 1.62560463 -2.02953625
v -1.64960635 1.62710404 -1.97203982
v -1.72419930 1.78553331 -2.03345990
v -1.72208500 1.78663349 -2.03376317
v -1.73690116 1.79657054 -2.01219416
v -1.78223705 1.73636222 -2.02074170
v -1.78099930 1.73934937 -2.01830816
v -1.76805747 1.67129087 -2.00609732
v -1.78398490 1.76502347 -2.00894928
v -1.65105927 1.74268007 -2.03292155
v -1.65283763 1.74001789 -2.03309107
v -1.65352428 1.74018764 -2.03672290
v -1.65282893 1.74323201 -2.03676581
v -1.65417218 1.74852192 -2.03962588
v -1.65145767 1.75064898 -2.03959846
v -1.65114462 1.74695718 -2.04094386
v -1.65308511 1.74479675 -2.03995800
v -1.65665507 1.75000858 -2.03725362
v -1.65658081 1.74519753 -2.03766346
v -1.64860749 1.75149918 -2.04092693
v -1.64885604 1.74855447 -2.04079843
v -1.64720905 1.74919271 -2.03478074
v -1.64784396 1.75152946 -2.03759813
v -1.64321518 1.75125813 -2.03681374
v -1.64446115 1.75074482 -2.04154658
v -1.63773680 1.74823904 -2.03688288
v -1.63994765 1.74745107 -2.04209113
v -1.63528776 1.74196315 -2.03646898
v -1.63689792 1.74195194 -2.04161978
v -1.67709100 1.72465992 -2.03720617
v -1.67208803 1.72319365 -2.03399897
v -1.63632441 1.73565841 -2.03665495
v -1.63670123 1.73598981 -2.04190397
v -1.63891184 1.72861624 -2.03632927
v -1.63876665 1.72946620 -2.04157114
v -1.64309239 1.72189069 -2.03666711
v -1.64247692 1.72303057 -2.04114032
v -1.64876521 1.71637678 -2.03678751
v -1.64801741 1.71804714 -2.04129434
v -1.65779746 1.71077394 -2.03771114
v -1.65554774 1.71418071 -2.04133153
v -1.63961732 1.74073076 -2.03880286
v -1.64177525 1.74511540 -2.03898478
v -1.64088166 1.74111557 -2.03143859
v -1.64557409 1.74793053 -2.03980088
v -1.65006661 1.73223066 -2.03048968
v -1.65261972 1.73057175 -2.03099561
v -1.65342510 1.73291969 -2.03449154
v -1.65222275 1.73380208 -2.03145003
v -1.66205406 1.73250318 -2.03572798
v -1.66468275 1.72783160 -2.03640485
v -1.66817415 1.72931790 -2.03649354
v -1.66695476 1.72427249 -2.03480840
v -1.66394722 1.72757101 -2.03337908
v -1.66534293 1.72481298 -2.03395247
v -1.66237533 1.73085392 -2.03167534
v -1.66507506 1.72297609 -2.03408527
v -1.66674554 1.72221184 -2.03515124
v -1.66439295 1.72340012 -2.03295970
v -1.66453207 1.72449732 -2.03279972
v -1.66362453 1.72557592 -2.03134298
v -1.66074550 1.72704053 -2.02995014
v -1.67249501 1.73307300 -2.03703403
v -1.66375232 1.71525574 -2.03012490
v -1.65557849 1.72049427 -2.03082156
v -1.66365552 1.71258187 -2.04186964
v -1.66739416 1.70761418 -2.03921771
v -1.67948568 1.70987201 -2.04058719
v -1.67494500 1.70754600 -2.04097152
v -1.64282072 1.73657942 -2.03088450
v -1.64501595 1.73054790 -2.03106976
v -1.67293727 1.71265626 -2.03049183
v -1.64921665 1.72555661 -2.03086948
v -1.65532112 1.71790266 -2.03967190
v -1.66135228 1.71693981 -2.03946280
v -1.64972758 1.72074294 -2.03980494
v -1.67007709 1.72049129 -2.03700542
v -1.66639936 1.71823978 -2.03918028
v -1.66997302 1.71431255 -2.04157066
v -1.67434692 1.71590900 -2.04049873
v -1.66066313 1.72048163 -2.03718472
v -1.65622067 1.72159386 -2.03883862
v -1.65968895 1.72167754 -2.03342867
v -1.65550375 1.72285342 -2.03503847
v -1.66318798 1.72207880 -2.03382158
v -1.66449201 1.72091031 -2.03602815
v -1.65955317 1.72300458 -2.02983761
v -1.65456617 1.72504306 -2.03059292
v -1.66297102 1.72309947 -2.03176069
v -1.65262830 1.72529030 -2.03714681
v -1.65195024 1.72760582 -2.03363466
v -1.65104997 1.73140728 -2.03701735
v -1.65055859 1.72865009 -2.03910613
v -1.65175033 1.72334373 -2.03987837
v -1.64820838 1.72659767 -2.04046822
v -1.64522541 1.72486305 -2.03908348
v -1.64489865 1.73085737 -2.03991342
v -1.64154029 1.73038626 -2.03866625
v -1.64765060 1.73204446 -2.03953815
v -1.64945376 1.73388100 -2.03884220
v -1.63933873 1.73611522 -2.03897262
v -1.64283657 1.73565984 -2.03954124
v -1.64253843 1.73998070 -2.03924084
v -1.64604592 1.73559737 -2.03969598
v -1.64584327 1.73897386 -2.03933835
v -1.64808047 1.73569226 -2.03928232
v -1.64849019 1.73779297 -2.03901720
v -1.64931142 1.74665642 -2.03782701
v -1.65151250 1.74549770 -2.03741455
v -1.64675200 1.74561584 -2.03843451
v -1.64846396 1.74345946 -2.03761983
v -1.64947617 1.74469566 -2.03681612
v -1.65067589 1.74380291 -2.03560185
v -1.65022719 1.74169648 -2.03703451
v -1.65043342 1.73940682 -2.03463030
v -1.72963941 1.59241033 -2.01070833
v -1.73468351 1.59135652 -2.00209332
v -1.74079943 1.60508585 -2.00242805
v -1.73439229 1.60654449 -2.00949526
v -1.64716268 1.74146175 -2.03866482
v -1.64964855 1.73974395 -2.03841186
v -1.64426279 1.74321914 -2.03866506
v -1.64990628 1.73526669 -2.03551316
v -1.65025103 1.73746490 -2.03694749
v -1.65011823 1.73576880 -2.03820109
v -1.65036356 1.73426557 -2.03703690
v -1.65988028 1.73492527 -2.03451347
v -1.65836728 1.73274207 -2.03134775
v -1.65686810 1.72873592 -2.03045130
v -1.69945765 1.57279241 -2.03493428
v -1.70111465 1.58420467 -2.02953911
v -1.68626952 1.58987069 -2.03842521
v -1.68397760 1.58100295 -2.04558396
v -1.70461619 1.54561281 -2.05118418
v -1.68355143 1.55308056 -2.06722903
v -1.69677031 1.52709985 -2.06914020
v -1.70941138 1.52404904 -2.05439949
v -1.70832038 1.50639892 -2.07139134
v -1.71712375 1.50451672 -2.05754089
v -1.73622167 1.45347548 -2.07868361
v -1.74467087 1.45309675 -2.06678867
v -1.73549187 1.46946168 -2.06331110
v -1.72715294 1.47022271 -2.07568455
v -1.75067568 1.37363625 -2.10877299
v -1.74960148 1.35567164 -2.10144639
v -1.76116014 1.35922396 -2.09290600
v -1.76051319 1.37557995 -2.10098219
v -1.67317259 1.46859789 -2.11338353
v -1.66608882 1.48661602 -2.11229706
v -1.65928292 1.47617221 -2.11588526
v -1.66624284 1.45950449 -2.11588907
v -1.64718652 1.59518480 -2.07481527
v -1.66604352 1.57783377 -2.07437110
v -1.66589785 1.58449352 -2.06051779
v -1.64912558 1.59917462 -2.06292176
v -1.69081187 1.39395487 -2.12208986
v -1.69813669 1.38041615 -2.12223458
v -1.70719218 1.38869905 -2.12244749
v -1.70128429 1.40171218 -2.12138104
v -1.69369924 1.30985308 -2.08305550
v -1.69067514 1.29183137 -2.08341455
v -1.70819604 1.28939891 -2.07663918
v -1.71025908 1.30662966 -2.07670498
v -1.63490975 1.33981895 -2.09231544
v -1.61339223 1.34214306 -2.08696675
v -1.61122704 1.32704806 -2.08569551
v -1.63220203 1.32382250 -2.09252310
v -1.71714032 1.45095980 -2.09818316
v -1.72655487 1.45260453 -2.08935785
v -1.71787667 1.46878600 -2.08688927
v -1.70820069 1.46644652 -2.09633899
v -1.57624125 1.35128021 -2.15186310
v -1.57880890 1.34586143 -2.13840628
v -1.58803952 1.36818993 -2.13585901
v -1.58508766 1.37417889 -2.14821100
v -1.62965584 1.23757744 -2.09545302
v -1.61238492 1.24176013 -2.08653569
v -1.61381054 1.22559297 -2.08987641
v -1.63213444 1.22123647 -2.09776878
v -1.62363696 1.50236177 -2.14924884
v -1.63056707 1.51759112 -2.14683199
v -1.61654580 1.53363490 -2.15208268
v -1.60946786 1.51751041 -2.15578938
v -1.68070829 1.43528795 -2.11504221
v -1.68907464 1.44134879 -2.11301875
v -1.68123448 1.45417392 -2.11394382
v -1.67388821 1.44648743 -2.11567664
v -1.61100352 1.37018883 -2.09456444
v -1.62805307 1.36865091 -2.10041165
v -1.62356997 1.38277066 -2.10156775
v -1.60791349 1.38466835 -2.09545898
v -1.63166392 1.35361385 -2.09751415
v -1.61229992 1.35515213 -2.09145474
v -1.69770443 1.44572961 -2.11009836
v -1.70731270 1.44854176 -2.10492969
v -1.69850814 1.46357656 -2.10426307
v -1.68891716 1.46029484 -2.11002684
v -1.74270546 1.34101439 -2.09064317
v -1.75700033 1.34555137 -2.08063436
v -1.65258479 1.21701193 -2.10034180
v -1.67351234 1.21195734 -2.09921408
v -1.67150950 1.22873580 -2.09786582
v -1.65012693 1.23333073 -2.09927869
v -1.72577608 1.32055354 -2.06877255
v -1.73298192 1.33138335 -2.07780433
v -1.71916616 1.33099258 -2.08603501
v -1.71196592 1.32105613 -2.07725143
v -1.69416332 1.20691359 -2.09351730
v -1.71396554 1.20262599 -2.08493400
v -1.71149695 1.21995401 -2.08132267
v -1.69247782 1.22392559 -2.09110212
v -1.71797514 1.48757756 -2.07320738
v -1.72655451 1.48670352 -2.06043386
v -1.72837055 1.37452948 -2.11879897
v -1.72548199 1.35736668 -2.11406541
v -1.73747158 1.35540223 -2.10864663
v -1.73940325 1.37349594 -2.11464572
v -1.64843535 1.43739247 -2.11248589
v -1.65809393 1.44839489 -2.11588669
v -1.64954102 1.46350956 -2.11792302
v -1.64100337 1.44656801 -2.11165452
v -1.61442053 1.20846868 -2.09395742
v -1.63287151 1.20548058 -2.10204148
v -1.69535148 1.19129264 -2.09755754
v -1.71562898 1.18650925 -2.08854270
v -1.58817828 1.45256472 -2.09563446
v -1.59291279 1.44768953 -2.09478235
v -1.60390675 1.44652355 -2.09827948
v -1.59893394 1.45407856 -2.09825563
v -1.77866304 1.37782848 -2.06731391
v -1.77322626 1.38689458 -2.08186483
v -1.77008474 1.36957979 -2.08610225
v -1.77060354 1.35730159 -2.07195544
v -1.71744561 1.34289455 -2.10546374
v -1.70686018 1.33379316 -2.09455180
v -1.72953582 1.34048128 -2.09903598
v -1.78066754 1.36866021 -2.04986978
v -1.76549363 1.34351134 -2.05287004
v -1.73420310 1.48388314 -2.04691434
v -1.74342752 1.46744204 -2.05049586
v -1.72760904 1.50208759 -2.04401541
v -1.73714006 1.49881947 -2.03083467
v -1.73306835 1.51832986 -2.02683163
v -1.72245467 1.52140164 -2.04003167
v -1.73151922 1.53770792 -2.02323318
v -1.72022486 1.54091334 -2.03618121
v -1.71374238 1.56855273 -2.02331996
v -1.71491003 1.58098578 -2.01963735
v -1.66531920 1.43708622 -2.11504340
v -1.67101943 1.42708862 -2.11560488
v -1.67415023 1.19655466 -2.10354352
v -1.56433129 1.54470658 -2.03271151
v -1.55873191 1.52867174 -2.02634406
v -1.55954576 1.53031325 -2.04239368
v -1.56501901 1.54543555 -2.04873705
v -1.64557469 1.59347987 -2.08642459
v -1.66376793 1.57527113 -2.08876777
v -1.55907524 1.47162318 -2.07834792
v -1.55920899 1.46930933 -2.07145786
v -1.56443405 1.45866954 -2.07374001
v -1.56346369 1.46365535 -2.07871580
v -1.57317615 1.45380437 -2.08913660
v -1.56765187 1.44570708 -2.08722377
v -1.56167054 1.44877577 -2.08701611
v -1.56838644 1.45765877 -2.08801889
v -1.59890604 1.22818625 -2.07822895
v -1.59769714 1.24523091 -2.07349300
v -1.56752288 1.36428404 -2.04823351
v -1.58065069 1.35413647 -2.06367397
v -1.58040488 1.36925328 -2.07038665
v -1.56767833 1.38045144 -2.05708718
v -1.59549510 1.51241934 -1.95028245
v -1.59120941 1.49673152 -1.94879067
v -1.58219981 1.50238085 -1.96421480
v -1.58621359 1.51818252 -1.96621656
v -1.57461357 1.55082774 -2.00217009
v -1.58091116 1.56567109 -2.00641608
v -1.58635473 1.55519867 -1.98780692
v -1.58101356 1.54131866 -1.98454154
v -1.56577909 1.54124737 -2.01547337
v -1.56061614 1.52469039 -2.01069498
v -1.59452605 1.38981020 -2.08782220
v -1.59554446 1.37564874 -2.08545756
v -1.58994794 1.41039920 -2.09055519
v -1.60159123 1.40698826 -2.09673405
v -1.59928501 1.41603386 -2.09686327
v -1.58858740 1.41961765 -2.08991504
v -1.65176702 1.60450625 -2.05315757
v -1.63546669 1.61145306 -2.04573917
v -1.63116550 1.60666180 -2.05708981
v -1.61122131 1.59726465 -1.99435544
v -1.60682535 1.59175038 -1.99283075
v -1.60600197 1.59681821 -2.00768185
v -1.61155498 1.60125554 -2.00560617
v -1.56743443 1.43204618 -1.96152365
v -1.57463861 1.43005025 -1.94343495
v -1.57560563 1.40684223 -1.94336760
v -1.56817818 1.40753531 -1.96277285
v -1.58055830 1.43295693 -2.08460689
v -1.57943833 1.44122171 -2.08532691
v -1.57382584 1.44822860 -2.08130598
v -1.57472527 1.44015777 -2.07995868
v -1.57440293 1.43225491 -2.07878160
v -1.57404077 1.42438054 -2.07651687
v -1.58109653 1.41636181 -2.08347321
v -1.58083189 1.42492437 -2.08460379
v -1.57121122 1.39443445 -2.06398058
v -1.58228052 1.38429880 -2.07569313
v -1.58309269 1.39725113 -2.07877636
v -1.57248831 1.40675628 -2.06950879
v -1.58877969 1.33491564 -1.94664288
v -1.57938099 1.33472693 -1.96137583
v -1.57528543 1.35783958 -1.96090591
v -1.58266032 1.35743737 -1.94429088
v -1.61271048 1.44998312 -2.10796332
v -1.62233925 1.44849586 -2.11174202
v -1.61646295 1.43809199 -2.11056089
v -1.60417926 1.43789947 -2.10567474
v -1.54520643 1.45438766 -2.09511352
v -1.54002607 1.44713211 -2.09887314
v -1.53842258 1.45054579 -2.10277128
v -1.54321539 1.45879912 -2.09882450
v -1.58543348 1.41793120 -2.09890985
v -1.59662867 1.42140031 -2.10377288
v -1.58837473 1.40107846 -2.10322523
v -1.57644534 1.39864755 -2.09739447
v -1.61971617 1.59882152 -2.08577228
v -1.64254391 1.59103823 -2.09733868
v -1.62393212 1.60140157 -2.07751775
v -1.57613826 1.43107092 -2.09080219
v -1.56753147 1.41715181 -2.08840442
v -1.55916774 1.41949129 -2.08617353
v -1.56757593 1.43291080 -2.08636141
v -1.56695938 1.35829091 -2.16338420
v -1.57623041 1.38107228 -2.15922880
v -1.55708730 1.37851286 -2.09461236
v -1.54713213 1.37985897 -2.09322786
v -1.55766034 1.39835811 -2.08871675
v -1.56658185 1.39728606 -2.09176803
v -1.56959093 1.34724784 -2.04100847
v -1.58077717 1.33878064 -2.05810452
v -1.57781804 1.23277628 -2.04390287
v -1.58615851 1.23083222 -2.06201649
v -1.58652282 1.24888802 -2.05628014
v -1.57882905 1.25225401 -2.03848314
v -1.59900618 1.21086037 -2.08153844
v -1.57870245 1.21265221 -2.04808235
v -1.58717287 1.21156597 -2.06589580
v -1.64752150 1.62226999 -2.02885056
v -1.63738692 1.62270641 -2.01555967
v -1.63071191 1.61691213 -2.02016854
v -1.64079738 1.61616826 -2.03622913
v -1.59263539 1.09047794 -2.11588383
v -1.59336865 1.05834675 -2.11953402
v -1.61748266 1.05902410 -2.13617659
v -1.61548245 1.09299862 -2.12951016
v -1.62472320 1.60804510 -1.98382807
v -1.62587523 1.61263204 -2.00212836
v -1.63323402 1.61866379 -1.99970508
v -1.63297451 1.61497498 -1.98343801
v -1.61349225 1.12110472 -2.12444830
v -1.59078729 1.12142038 -2.11212897
v -1.66145265 1.61466682 -2.03565454
v -1.65606928 1.60959029 -2.04451346
v -1.67090619 1.59937978 -2.04287958
v -1.67600119 1.60550678 -2.03586364
v -1.69098222 1.59980893 -2.03311181
v -1.64213073 1.06024122 -2.14442611
v -1.63951862 1.08955145 -2.13711262
v -1.64583647 1.62798023 -2.01108384
v -1.64116478 1.62455809 -1.99718070
v -1.64042652 1.62138939 -1.98365319
v -1.64276516 1.61931634 -1.97044504
v -1.59687674 1.19359219 -2.08763981
v -1.61360133 1.19203901 -2.09995437
v -1.57552373 0.94173467 -2.05674076
v -1.57651091 0.93980944 -2.02760029
v -1.59465814 0.92499465 -2.03414798
v -1.59186256 0.92491615 -2.06573272
v -1.59692061 0.95632577 -1.96405303
v -1.61641371 0.94687527 -1.97045135
v -1.60306263 0.93331182 -2.00092888
v -1.58422196 0.94415230 -1.99702311
v -1.56085813 1.07721066 -1.95404959
v -1.54878259 1.07644558 -1.98174417
v -1.55359209 1.10065711 -1.98361921
v -1.56444478 1.10123014 -1.95584095
v -1.57401431 1.19393086 -2.05328274
v -1.58344376 1.19389260 -2.07140565
v -1.63299763 1.19010758 -2.10746622
v -1.68502879 0.93554175 -2.15770483
v -1.65048933 0.92666936 -2.15099239
v -1.66097713 0.89532501 -2.14664340
v -1.69300330 0.90314519 -2.15505552
v -1.62205994 0.88296020 -2.09898567
v -1.60842061 0.90873259 -2.10000849
v -1.60580194 0.90342462 -2.06759882
v -1.61986411 0.88249564 -2.06767607
v -1.73449790 1.18192935 -2.07852316
v -1.71685684 1.17060184 -2.09076548
v -1.73583460 1.16539431 -2.08026505
v -1.77725410 1.17026389 -2.03990650
v -1.76437223 1.17388082 -2.05553389
v -1.76778030 1.15747142 -2.05491638
v -1.77988315 1.15464401 -2.03906178
v -1.76289105 1.06281054 -2.03306413
v -1.76943719 1.06456614 -2.02186322
v -1.77161205 1.08407688 -2.02536678
v -1.76289701 1.08323908 -2.03821111
v -1.66417992 1.08755684 -2.13868785
v -1.68878901 1.08779621 -2.13119817
v -1.68379986 1.10777509 -2.12514257
v -1.65998328 1.11129355 -2.13131618
v -1.63678908 0.94340539 -1.97906089
v -1.62317681 0.92580545 -2.00459862
v -1.72641957 0.91169202 -2.15364075
v -1.71785951 0.94578409 -2.15345597
v -1.75712645 0.92051393 -2.13847876
v -1.77438319 0.92704368 -2.11143851
v -1.76530945 0.95796490 -2.11058903
v -1.74696970 0.95246625 -2.13743472
v -1.74397564 0.97940767 -2.00880671
v -1.75254369 1.00411832 -2.02417564
v -1.74968553 0.99281788 -2.02836323
v -1.74099648 0.97424865 -2.00867176
v -1.57225502 0.98938811 -1.95454443
v -1.58203924 0.97202814 -1.95817184
v -1.56941879 0.96022391 -1.98925519
v -1.55955374 0.98074740 -1.98410308
v -1.57451379 1.21293926 -2.02899122
v -1.56907082 1.19256115 -2.03309560
v -1.57408142 1.21320593 -2.01005244
v -1.57375598 1.23469412 -2.02480769
v -1.57413661 1.23654497 -2.00612283
v -1.56095207 1.36808193 -2.00327492
v -1.56252801 1.35696054 -2.02241421
v -1.55906308 1.37512410 -2.02958226
v -1.55634654 1.38875389 -2.01035547
v -1.57211506 1.50988245 -1.97846079
v -1.57662332 1.52619970 -1.98157573
v -1.62489069 0.89044726 -2.03294325
v -1.64436769 0.91056663 -2.00072765
v -1.65085292 0.87375832 -2.01390147
v -1.63554013 0.86446375 -2.04098988
v -1.63405538 0.85724002 -2.09785938
v -1.64662623 0.85993648 -2.12240434
v -1.63478267 0.88836479 -2.12659621
v -1.67144382 0.86502260 -2.14248896
v -1.70426106 0.87237042 -2.15310550
v -1.76804268 0.88974828 -2.13812089
v -1.78367913 0.89592147 -2.11091185
v -1.75840890 0.92229158 -2.02475858
v -1.77107131 0.92435360 -2.04995251
v -1.77473295 0.89737749 -2.05000043
v -1.75953150 0.89563739 -2.02566361
v -1.74877381 1.05424476 -2.06613970
v -1.73078156 1.06930029 -2.09486175
v -1.73422074 1.04982781 -2.10013962
v -1.74702251 1.03510666 -2.07478070
v -1.77251697 1.18768799 -2.04244804
v -1.76176631 1.19157743 -2.05450797
v -1.75118089 1.17748368 -2.06743145
v -1.74896622 1.19491482 -2.06532001
v -1.73241723 1.19862640 -2.07546115
v -1.75875771 1.26773763 -2.04717994
v -1.74378967 1.26833296 -2.06048179
v -1.74532604 1.25070882 -2.06047845
v -1.76086283 1.24969459 -2.04819298
v -1.75664389 1.28685212 -2.04622984
v -1.74271834 1.28727436 -2.06000805
v -1.75207078 1.32541788 -2.04367256
v -1.74793637 1.33438444 -2.06701374
v -1.73927605 1.32226181 -2.05789280
v -1.74298537 1.48046982 -2.03380585
v -1.75099814 1.46352005 -2.03687501
v -1.66979206 1.06069577 -2.14731503
v -1.67602825 0.91508746 -1.98793066
v -1.70144117 0.91636360 -1.98658550
v -1.70061767 0.88743538 -1.99215341
v -1.67521060 0.88172615 -1.99667799
v -1.63650489 1.11616230 -2.13115597
v -1.65338612 1.20191050 -2.10520411
v -1.65376735 1.18657196 -2.11021519
v -1.66120601 1.33956265 -2.09637022
v -1.65499461 1.32076848 -2.09309888
v -1.76584959 1.39250660 -2.09322453
v -1.76613247 1.37958753 -2.09456754
v -1.62213850 0.91755569 -2.13032341
v -1.77673101 0.85819620 -2.13622952
v -1.78534126 0.82567376 -2.13397837
v -1.79849637 0.83042085 -2.10838509
v -1.79136264 0.86402351 -2.10982060
v -1.74348867 0.86231613 -2.01327944
v -1.76182163 0.86596346 -2.02856946
v -1.76472306 0.83398438 -2.03223515
v -1.74601579 0.83036923 -2.01940727
v -1.75114274 0.79879355 -2.02483797
v -1.77074623 0.80181789 -2.03625202
v -1.77570498 0.76965028 -2.03690934
v -1.75621927 0.76812708 -2.02807975
v -1.73805308 0.88014829 -2.15202332
v -1.72772121 0.81198323 -2.14717937
v -1.75871289 0.81788164 -2.14772224
v -1.74817896 0.84889591 -2.14950800
v -1.71625078 0.84263802 -2.14915872
v -1.63151121 0.85751843 -2.07126451
v -1.74308681 0.89287853 -2.00842237
v -1.74353933 0.91891229 -2.00612450
v -1.70806718 0.82054669 -2.01346922
v -1.68693924 0.81513816 -2.01969028
v -1.67946506 0.84755129 -2.00869012
v -1.70332742 0.85368711 -2.00229335
v -1.65983832 0.80342740 -2.10336542
v -1.67468226 0.80546784 -2.12382460
v -1.66139400 0.83285832 -2.12348080
v -1.64751446 0.83041656 -2.10085678
v -1.68596411 0.83740222 -2.13961864
v -1.69871533 0.80843508 -2.13769460
v -1.75094295 0.75370699 -2.14464688
v -1.77931821 0.75779313 -2.14260268
v -1.76905537 0.78784740 -2.14520669
v -1.73936141 0.78240746 -2.14581442
v -1.72232282 0.75150698 -2.13822246
v -1.71071613 0.77945548 -2.13809013
v -1.68712771 0.77764452 -2.12474084
v -1.69981611 0.75105816 -2.12559867
v -1.68559241 0.75112939 -2.10704327
v -1.67218995 0.77668524 -2.10533476
v -1.66572106 0.77632374 -2.08323002
v -1.67859888 0.75138527 -2.08698893
v -1.66820514 0.77798378 -2.06098461
v -1.67850399 0.78141028 -2.04207802
v -1.68867493 0.75504702 -2.04965138
v -1.68061435 0.75273091 -2.06725454
v -1.71859956 0.76135880 -2.02775073
v -1.70143640 0.75795710 -2.03566933
v -1.69402552 0.78525585 -2.02797294
v -1.71353662 0.78958237 -2.02199888
v -1.73039842 0.65469092 -2.03878427
v -1.72109663 0.65493608 -2.05294132
v -1.71726668 0.68096912 -2.04924607
v -1.72782862 0.68163085 -2.03569460
v -1.71357620 0.65582043 -2.06695867
v -1.70790815 0.65675282 -2.08239031
v -1.70572782 0.68121040 -2.07915902
v -1.71052754 0.68133628 -2.06431460
v -1.71387088 0.67866027 -2.11230326
v -1.70543694 0.68023008 -2.09600663
v -1.70874298 0.65629900 -2.09916544
v -1.71708667 0.65395045 -2.11528730
v -1.73104048 0.65094638 -2.13093019
v -1.72739649 0.67645860 -2.12998319
v -1.75188255 0.64740473 -2.13862514
v -1.74869251 0.67346406 -2.14118528
v -1.77582181 0.67134774 -2.13873434
v -1.77808666 0.64464706 -2.13443804
v -1.77731609 0.68117297 -2.03510356
v -1.77700281 0.65261489 -2.03446007
v -1.76019418 0.65475845 -2.02748322
v -1.76104724 0.68212467 -2.02640367
v -1.81287897 0.67818242 -2.06792665
v -1.83061314 0.67685634 -2.09018540
v -1.82468832 0.64823067 -2.08610177
v -1.80642104 0.64837986 -2.06702685
v -1.73308372 0.72500372 -2.13849163
v -1.76207221 0.72585684 -2.14406681
v -1.69819295 0.72712559 -2.10827136
v -1.71164978 0.72578353 -2.12627888
v -1.72288299 0.73476332 -2.03149366
v -1.70808685 0.73236996 -2.04149175
v -1.77876890 0.73901212 -2.03726840
v -1.75980020 0.73858637 -2.02844119
v -1.82194960 0.70239753 -2.12102103
v -1.81141818 0.73239022 -2.12323642
v -1.79068387 0.72859627 -2.14022851
v -1.80018747 0.69949907 -2.13697457
v -1.74236190 0.69916707 -2.14012408
v -1.72069633 0.70154548 -2.12751722
v -1.70757246 0.70321125 -2.11019373
v -1.69933856 0.70368147 -2.09354806
v -1.69996476 0.70445853 -2.07653832
v -1.70546234 0.70541966 -2.06070423
v -1.71317863 0.70682335 -2.04584980
v -1.72578084 0.70802402 -2.03381371
v -1.76088631 0.71004480 -2.02788281
v -1.77839220 0.70928103 -2.03703022
v -1.82310653 0.64666218 -2.11267042
v -1.82781470 0.67336792 -2.11785340
v -1.80519462 0.67099017 -2.13478374
v -1.80516887 0.64401066 -2.13150334
v -1.81357443 0.62083381 -2.10698390
v -1.81448674 0.62149519 -2.08441877
v -1.71257651 0.63387382 -2.06850004
v -1.70820546 0.63433349 -2.08424878
v -1.70920682 0.63310170 -2.10046291
v -1.73024857 0.62623912 -2.13206935
v -1.75303960 0.62072164 -2.13578629
v -1.77894139 0.61694568 -2.13180161
v -1.80124331 0.61944383 -2.12518144
v -1.75563669 0.60332388 -2.03550816
v -1.75989461 0.63002431 -2.03274012
v -1.77492964 0.62694055 -2.03879094
v -1.77030611 0.59951162 -2.04134417
v -1.72637558 0.60678154 -2.04298139
v -1.71307564 0.60913420 -2.05262280
v -1.72265804 0.63245869 -2.05604005
v -1.73263836 0.63171148 -2.04389501
v -1.70329189 0.61044127 -2.06688905
v -1.69975603 0.60994983 -2.08392119
v -1.70085669 0.60871601 -2.10124803
v -1.72660935 0.59805501 -2.13120604
v -1.71621609 0.63105267 -2.11780238
v -1.70896721 0.60448849 -2.11933613
v -1.75317109 0.59090519 -2.13458276
v -1.77368569 0.55413246 -2.12060356
v -1.78065109 0.58621353 -2.12366772
v -1.74833810 0.55916929 -2.13373852
v -1.75696170 0.45451587 -2.08073902
v -1.74769819 0.45490801 -2.10316396
v -1.73845363 0.42140055 -2.09304762
v -1.74599290 0.42047811 -2.07391715
v -1.76262176 0.57124633 -2.03959537
v -1.74710035 0.57458943 -2.03202558
v -1.71547890 0.58004743 -2.03647780
v -1.70065320 0.58302414 -2.04761243
v -1.71088576 0.53585595 -2.12810898
v -1.72107136 0.56745154 -2.13082099
v -1.70093286 0.57466155 -2.11904693
v -1.69085133 0.54368246 -2.11580801
v -1.73980641 0.47454733 -2.01794839
v -1.72362638 0.47775733 -2.01013041
v -1.73138249 0.51235634 -2.01578498
v -1.74784625 0.50819224 -2.02374005
v -1.69060636 0.55272615 -2.04023623
v -1.70610356 0.54985344 -2.02857447
v -1.69770062 0.51782340 -2.02210641
v -1.68201387 0.51975024 -2.03389978
v -1.69754875 0.46677881 -2.11334038
v -1.70271802 0.50238681 -2.12232685
v -1.68274653 0.50958884 -2.11155343
v -1.67770600 0.47277433 -2.10413170
v -1.76511025 0.52186441 -2.11723971
v -1.73898113 0.52766317 -2.13052773
v -1.73037910 0.49532175 -2.12392783
v -1.75579143 0.48857838 -2.11175799
v -1.77471542 0.52262688 -2.09283423
v -1.76578069 0.48952067 -2.08781075
v -1.70890605 0.40272295 -2.01157737
v -1.71587682 0.44099325 -2.00970602
v -1.73060703 0.43687505 -2.01702547
v -1.72067094 0.39723212 -2.01736784
v -1.67612958 0.48406506 -2.03015709
v -1.69048667 0.48285812 -2.01734877
v -1.68611169 0.44487357 -2.01619196
v -1.67348933 0.44567204 -2.02829933
v -1.68884277 0.39140868 -2.09104156
v -1.69250703 0.42971712 -2.10279727
v -1.67412364 0.43439740 -2.09376550
v -1.67157340 0.39633435 -2.08176112
v -1.72829401 0.38462883 -2.08346415
v -1.71746743 0.42495179 -2.10479355
v -1.70989811 0.38722706 -2.09383035
v -1.72232926 0.34787321 -2.07260060
v -1.72853291 0.34692991 -2.05787253
v -1.73587358 0.38398302 -2.06584144
v -1.71258378 0.36040473 -2.01796508
v -1.70270646 0.36468852 -2.01181269
v -1.68151808 0.36880177 -2.01384521
v -1.67054951 0.37133276 -2.02236652
v -1.67243087 0.40825182 -2.02675366
v -1.68394816 0.40645081 -2.01676941
v -1.65998137 0.40261215 -2.05523562
v -1.66394508 0.40661532 -2.04038215
v -1.66266608 0.37012613 -2.03459501
v -1.65954947 0.36652863 -2.04779243
v -1.67114508 0.36139548 -2.06992984
v -1.66227889 0.39996332 -2.06947589
v -1.66222680 0.36451447 -2.05971503
v -1.68589461 0.35742766 -2.07991862
v -1.70536435 0.35142225 -2.08301377
v -1.68864620 0.94700658 -1.98098302
v -1.71040845 0.94665468 -1.98549998
v -1.70485353 0.93633354 -1.98642004
v -1.67978907 0.93987608 -1.98491824
v -1.78413439 0.83385038 -2.05321598
v -1.77852237 0.86746669 -2.05197310
v -1.79474187 0.76975405 -2.05364919
v -1.79083121 0.80098426 -2.05527115
v -1.79727864 0.73873252 -2.05353904
v -1.79720140 0.70880431 -2.05291605
v -1.79491615 0.67857885 -2.04985142
v -1.79177642 0.64939165 -2.04959893
v -1.78777277 0.62254208 -2.05232668
v -1.78349459 0.59446353 -2.05409598
v -1.76861680 0.53625906 -2.04861236
v -1.75501180 0.54051417 -2.03239441
v -1.77612460 0.56581658 -2.05359626
v -1.75353336 0.46811771 -2.03599072
v -1.76171267 0.50360149 -2.04186630
v -1.74245334 0.42946011 -2.03222680
v -1.73073351 0.39096218 -2.03043008
v -1.72159564 0.35478204 -2.02938914
v -1.76261973 0.98091578 -2.08007932
v -1.76207376 0.97094828 -2.05133367
v -1.75779009 0.98773217 -2.05291057
v -1.75554073 1.00171900 -2.07920790
v -1.73088908 0.96331042 -1.99553013
v -1.73603404 0.96859378 -2.00031233
v -1.73277247 0.96626401 -1.99950695
v -1.72573316 0.96201092 -1.99352717
v -1.77108598 0.69846582 -2.14334607
v -1.69085300 0.72761506 -2.09066224
v -1.69212914 0.72863567 -2.07269454
v -1.69818532 0.73028141 -2.05603242
v -1.81545973 0.70694625 -2.07055426
v -1.81233871 0.73736006 -2.07344484
v -1.81911790 0.73614752 -2.09757423
v -1.82795751 0.70614427 -2.09428263
v -1.78271115 0.55079031 -2.09579158
v -1.77397144 0.52878928 -2.06951618
v -1.78333688 0.55803448 -2.07286191
v -1.79174340 0.57719046 -2.09938741
v -1.68762529 0.58287156 -2.08287501
v -1.68957078 0.58033419 -2.10200167
v -1.68000424 0.55411851 -2.05833721
v -1.67490888 0.55292070 -2.07871079
v -1.69117439 0.58402061 -2.06410336
v -1.80430877 0.79888636 -2.07991362
v -1.80579221 0.79778981 -2.10597253
v -1.81209028 0.76673192 -2.10158014
v -1.80928600 0.76854634 -2.07658482
v -1.58653486 1.26686490 -2.05097842
v -1.58038700 1.27172565 -2.03363395
v -1.69556653 1.35782456 -2.11542702
v -1.68060338 1.34940243 -2.10595655
v -1.69403803 1.33935547 -2.10150766
v -1.70614517 1.34864235 -2.11105824
v -1.67178845 1.36126077 -2.11056423
v -1.68727171 1.36953115 -2.11856890
v -1.67934644 1.38398981 -2.11960602
v -1.66489398 1.37549901 -2.11337733
v -1.63536060 1.43233716 -2.10720730
v -1.63003266 1.44059801 -2.10485029
v -1.75468600 1.30641747 -2.04482198
v -1.76615286 1.30544531 -2.02803707
v -1.76273298 1.32384086 -2.02664399
v -1.75305665 1.16054797 -2.06868577
v -1.74030304 1.08435965 -2.07062268
v -1.75497627 1.05912173 -2.04589438
v -1.75247705 1.08272910 -2.05309606
v -1.75728381 1.00170815 -2.01043916
v -1.57327235 1.33023989 -1.97911882
v -1.56982446 1.35392272 -1.97985613
v -1.59035957 1.53230000 -1.96816468
v -1.59979439 1.52693391 -1.95193815
v -1.59939659 1.55807722 -1.97256184
v -1.60349321 1.56960213 -1.97335184
v -1.61197448 1.56318378 -1.95739293
v -1.60796797 1.55223989 -1.95552862
v -1.63532746 1.61217630 -1.96793807
v -1.62923896 1.60395598 -1.96629965
v -1.71627963 0.95844615 -1.98822808
v -1.72226548 0.95921302 -1.99076498
v -1.70931077 0.95561290 -1.98493922
v -1.75676024 0.94508350 -2.02514482
v -1.74314940 0.93982768 -2.00659251
v -1.74300587 0.95446217 -2.00691772
v -1.75499904 0.96119231 -2.02625728
v -1.68034005 0.96827179 -2.15913773
v -1.64454854 0.96090484 -2.15424156
v -1.61018074 0.90905082 -2.03371763
v -1.52324426 1.33879232 -2.10524058
v -1.51162410 1.34078074 -2.10859799
v -1.52369797 1.36220062 -2.10129881
v -1.53549016 1.35996783 -2.09851217
v -1.55927742 1.43466449 -1.98073876
v -1.55860329 1.40716064 -1.98809803
v -1.66751218 1.59229279 -2.05095625
v -1.63632822 1.58180845 -2.11967206
v -1.65323007 1.56438184 -2.12249756
v -1.65584981 1.56882465 -2.11183190
v -1.63955331 1.58709908 -2.10851121
v -1.57358396 1.55791378 -2.07163572
v -1.58373010 1.57098901 -2.08183074
v -1.58265793 1.57569385 -2.06828427
v -1.57240224 1.56079578 -2.05749321
v -1.56006098 1.05370569 -1.95168555
v -1.54655969 1.05223763 -1.97928107
v -1.58574879 1.26333821 -1.96602368
v -1.57856452 1.26080501 -1.98343837
v -1.57714438 1.28277683 -1.97995925
v -1.58477235 1.28627110 -1.96337330
v -1.55217302 1.42288637 -2.00829673
v -1.55349147 1.40504062 -2.02379990
v -1.78320312 1.39355755 -2.04812264
v -1.77805495 1.41424978 -2.04556084
v -1.77105522 1.41831648 -2.06110644
v -1.77722156 1.39964676 -2.06427360
v -1.52152872 1.40209317 -2.10887337
v -1.53455257 1.41710639 -2.09677100
v -1.53893101 1.40749526 -2.09225893
v -1.52556777 1.38939106 -2.10049987
v -1.60961366 0.95353103 -2.13239217
v -1.59419036 0.93330538 -2.09886217
v -1.59178460 1.29894280 -2.06911230
v -1.57958066 1.30484605 -2.05143976
v -1.58301604 1.28607512 -2.04965162
v -1.59429348 1.28046441 -2.06704688
v -1.59627783 1.34680104 -2.07673550
v -1.59459686 1.33224130 -2.07330155
v -1.59577048 1.36047482 -2.08167815
v -1.57901609 1.45442176 -2.08853722
v -1.58507466 1.44989276 -2.09123015
v -1.58052659 1.45192862 -2.09170818
v -1.76637030 0.95043612 -2.05035686
v -1.75176811 1.01531219 -2.05182576
v -1.75540245 1.02710974 -2.04593921
v -1.72310019 0.96037471 -1.99093294
v -1.68227017 1.61460590 -2.03091741
v -1.69699848 1.61162496 -2.03072524
v -1.58506489 1.43201876 -2.09637713
v -1.57603312 1.41648781 -2.09327841
v -1.59782648 1.42476869 -2.09603453
v -1.60983491 1.42532527 -2.09987998
v -1.60657847 1.43349004 -2.09783745
v -1.59470141 1.43355906 -2.09383774
v -1.58579969 1.43654227 -2.08943391
v -1.58782172 1.42733181 -2.09078121
v -1.68016195 1.47563505 -2.10919142
v -1.68927956 1.48048818 -2.10359573
v -1.68080080 1.50006330 -2.10184073
v -1.67303574 1.49441504 -2.10791683
v -1.69897437 1.48349011 -2.09523368
v -1.70865119 1.48590493 -2.08510971
v -1.69879282 1.50511265 -2.08342814
v -1.68985951 1.50293183 -2.09395027
v -1.68428278 1.57146692 -2.05561090
v -1.70255196 1.56313074 -2.04445267
v -1.71750200 1.55704463 -2.03054523
v -1.72891033 1.55243242 -2.01973724
v -1.62336028 1.59407687 -1.96437025
v -1.61924410 1.58310723 -1.96130514
v -1.61206162 1.58800423 -1.97858298
v -1.61675429 1.59936357 -1.98424935
v -1.70574546 1.59681392 -2.02728343
v -1.71939039 1.59436893 -2.01920581
v -1.72607970 1.57837713 -2.01166558
v -1.55323875 1.36311805 -2.17024565
v -1.56184101 1.38617921 -2.16613293
v -1.65577614 1.62737274 -2.02224207
v -1.66877282 1.62103820 -2.02895451
v -1.54597604 1.39029801 -2.16724420
v -1.53757012 1.36640787 -2.17154431
v -1.67071569 1.54876816 -2.09783554
v -1.65962923 1.57226264 -2.10073447
v -1.66568065 1.54631519 -2.10819459
v -1.71162391 1.60931897 -2.02618647
v -1.72463727 1.60771763 -2.01812196
v -1.64400983 0.99435973 -2.15496683
v -1.67723429 1.00060582 -2.15761590
v -1.64832520 1.24990022 -2.09686518
v -1.62879729 1.25387192 -2.09236765
v -1.77090621 1.26684761 -2.03158832
v -1.77304637 1.24895108 -2.03263760
v -1.74656117 1.61911583 -2.00283909
v -1.76101339 1.21176577 -2.05086803
v -1.77302659 1.20740378 -2.03596663
v -1.77339447 1.23002958 -2.03371692
v -1.76156735 1.23148775 -2.04935813
v -1.77946174 1.18445110 -2.03230000
v -1.78174222 1.17540836 -2.03169513
v -1.76176047 1.04523444 -2.02792978
v -1.76693606 1.04723835 -2.01871943
v -1.61014318 1.43660653 -2.14375854
v -1.61796463 1.45504618 -2.14274454
v -1.61060965 1.46771169 -2.15247273
v -1.60228443 1.44732118 -2.15413046
v -1.74717879 1.21453440 -2.06260872
v -1.72979021 1.21701992 -2.07248521
v -1.65422523 1.42808259 -2.11252737
v -1.64066541 1.42251718 -2.10866523
v -1.77164721 1.34181261 -2.03067422
v -1.76980472 1.40480280 -2.07833290
v -1.76297176 1.42131448 -2.07476926
v -1.75386727 1.42298210 -2.08648205
v -1.76129830 1.40787530 -2.09036970
v -1.71470523 0.96067315 -1.98692286
v -1.54154754 1.47402012 -2.12491012
v -1.54485989 1.48640871 -2.12064528
v -1.54271150 1.47906280 -2.11417460
v -1.53891158 1.46723080 -2.11897373
v -1.72686756 0.93621880 -1.99330938
v -1.72471201 0.91718447 -1.99434996
v -1.65764463 0.94462335 -1.98487365
v -1.67308855 0.94867516 -1.97618449
v -1.78482974 0.89663482 -2.07981586
v -1.77834010 0.92723387 -2.08042121
v -1.79204404 0.86568499 -2.08007717
v -1.79846466 0.83151996 -2.08024669
v -1.79953265 0.62005061 -2.06867337
v -1.79399693 0.58929038 -2.07560158
v -1.76453602 0.49619114 -2.06466866
v -1.75517857 0.46113551 -2.05855703
v -1.74439871 0.42369801 -2.05322552
v -1.73422527 0.38554883 -2.04744482
v -1.72737026 0.34909695 -2.04294634
v -1.52289820 1.36596131 -2.16775966
v -1.53064513 1.39205050 -2.16254878
v -1.51828671 1.38763690 -2.15369606
v -1.51052046 1.36209524 -2.15993834
v -1.56677365 1.37855697 -2.09837246
v -1.57800531 1.37991118 -2.10438442
v -1.56723106 1.35960543 -2.10730839
v -1.55639899 1.35910773 -2.10258222
v -1.54528296 1.33884668 -2.10688686
v -1.53431022 1.33836102 -2.10495591
v -1.54654038 1.35914540 -2.09930158
v -1.50227153 1.34540296 -2.11625051
v -1.49721050 1.35051405 -2.12734199
v -1.50762212 1.37463808 -2.11898804
v -1.51308298 1.36677897 -2.10855460
v -1.50142407 1.35792148 -2.15065646
v -1.50969744 1.38226306 -2.14387250
v -1.50580561 1.37843108 -2.13206196
v -1.49651337 1.35416412 -2.13936305
v -1.57503664 1.34189677 -2.12592030
v -1.56691301 1.34006596 -2.11627388
v -1.57782316 1.36088800 -2.11401439
v -1.58512712 1.36354017 -2.12375069
v -1.59742367 1.47899079 -2.16031218
v -1.58860290 1.45708525 -2.16062832
v -1.63348997 1.45632374 -2.11078119
v -1.63922107 1.46383572 -2.11827016
v -1.63396168 1.45871913 -2.11902881
v -1.62784755 1.45713949 -2.11093831
v -1.58534992 1.40434277 -2.15594268
v -1.59419179 1.42632496 -2.15475011
v -1.58036542 1.43365669 -2.16130638
v -1.57106280 1.40959334 -2.16268063
v -1.59510493 1.38499153 -2.12139511
v -1.58866370 1.38150787 -2.11156344
v -1.59939301 1.40319502 -2.10969448
v -1.60594642 1.40598691 -2.11947179
v -1.53619754 1.38294315 -2.09429741
v -1.54832101 1.40179896 -2.08855104
v -1.62095010 1.44409537 -2.13071227
v -1.61291873 1.42791033 -2.13153124
v -1.65884578 1.41837358 -2.11423254
v -1.61595702 1.40643740 -2.10087347
v -1.61266303 1.41627955 -2.10066414
v -1.71498120 1.36197627 -2.11796737
v -1.71854544 1.37685704 -2.12112713
v -1.64704728 1.37055004 -2.10617328
v -1.64095056 1.38407469 -2.10766888
v -1.70584154 1.36949348 -2.12054586
v -1.71091402 1.37876797 -2.12201381
v -1.72600520 1.30556607 -2.06875491
v -1.72505879 1.56524992 -2.01371717
v -1.60197139 1.41769123 -2.14392662
v -1.60581517 1.41105986 -2.13139153
v -1.54511690 1.42935967 -2.09074783
v -1.55376351 1.44011521 -2.08707952
v -1.55999923 1.43632650 -2.08561230
v -1.55089748 1.42355502 -2.08755779
v -1.55379534 1.44518590 -2.03953314
v -1.55098569 1.43478847 -2.02448893
v -1.55476475 1.41933417 -2.03701711
v -1.55856955 1.43138337 -2.04933953
v -1.54716492 1.47844744 -2.13801742
v -1.55159926 1.47576261 -2.14620876
v -1.55797875 1.49465299 -2.14395976
v -1.55181992 1.49381661 -2.13487244
v -1.56714988 1.49355328 -2.15341377
v -1.55960143 1.47181070 -2.15503430
v -1.57280219 1.46510530 -2.16101503
v -1.58051956 1.48802590 -2.16050720
v -1.59256887 1.02773714 -2.12036276
v -1.61633754 1.02779293 -2.13951874
v -1.67511594 1.18117857 -2.10766315
v -1.69623852 1.17587423 -2.10044384
v -1.72391987 1.09215271 -2.09217334
v -1.75174320 0.98290956 -2.02853203
v -1.74148369 0.96857846 -2.00741720
v -1.72354615 0.89028108 -1.99740481
v -1.64485073 1.02901793 -2.15132022
v -1.72459507 0.85878587 -2.00518036
v -1.72811449 0.82627773 -2.01348233
v -1.66813505 0.80926645 -2.03419995
v -1.65632677 0.80449134 -2.05504560
v -1.64508951 0.83367193 -2.04853201
v -1.65817702 0.83993769 -2.02500296
v -1.65369427 0.80264628 -2.07925844
v -1.64206827 0.83035934 -2.07517028
v -1.80172706 0.76302391 -2.12663031
v -1.67075467 0.51988471 -2.05219269
v -1.66099405 0.48063427 -2.06719351
v -1.66579401 0.51895529 -2.07342768
v -1.66564870 0.48288292 -2.04733944
v -1.66960645 0.51517415 -2.09405446
v -1.67818832 0.54991299 -2.09891343
v -1.72390258 0.46120113 -2.11501360
v -1.66426325 0.44476515 -2.04455352
v -1.66055238 0.44189793 -2.06198049
v -1.66527736 0.47803164 -2.08749294
v -1.66371679 0.43891048 -2.07922268
v -1.72886360 0.94927037 -1.99341440
v -1.71206117 0.97757995 -2.15216160
v -1.70736504 1.00822818 -2.14861178
v -1.74045706 1.03124857 -2.10396695
v -1.75038302 1.01932168 -2.07834625
v -1.70928800 1.23637736 -2.07964540
v -1.69041586 1.24017692 -2.08965349
v -1.68858695 1.27419567 -2.08358550
v -1.66982114 1.27843702 -2.09003115
v -1.66890275 1.26160932 -2.09290576
v -1.68894422 1.25729513 -2.08705783
v -1.62856364 1.28821051 -2.09067369
v -1.60767460 1.29372275 -2.08280015
v -1.60933650 1.27524304 -2.08126974
v -1.62830377 1.27070117 -2.09042096
v -1.61140621 1.25793099 -2.08246326
v -1.59691811 1.26256561 -2.06836820
v -1.57161725 1.30203104 -1.99676085
v -1.57164836 1.29726124 -2.01471734
v -1.56848419 1.31867981 -2.01489568
v -1.56943357 1.32482791 -1.99699461
v -1.75837815 1.03925180 -2.03633642
v -1.73191869 0.96250916 -1.99707758
v -1.77053261 0.95625043 -2.08091450
v -1.75531626 0.98544872 -2.10925221
v -1.73831880 0.98299748 -2.13506913
v -1.59391606 1.43463027 -2.10132647
v -1.55964565 1.46466720 -2.06528735
v -1.56400871 1.45239520 -2.06903601
v -1.55158770 1.44870365 -2.15556622
v -1.56442249 1.44116020 -2.16147995
v -1.61489022 1.42333484 -2.11923456
v -1.61763918 1.48558140 -2.15069818
v -1.62482750 1.47207332 -2.14011073
v -1.63201332 1.48640251 -2.13845587
v -1.71058762 1.07884049 -2.11656427
v -1.69672322 1.06025052 -2.14007449
v -1.71784234 1.05710804 -2.12267113
v -1.68705857 0.95128775 -1.97741759
v -1.75487614 1.00070715 -2.05405736
v -1.73294032 0.79494298 -2.02047944
v -1.73762810 0.76508790 -2.02496910
v -1.74076533 0.73705727 -2.02693892
v -1.74257517 0.70979410 -2.02767611
v -1.74305022 0.68211007 -2.02751350
v -1.74336064 0.65540379 -2.02982783
v -1.74431252 0.63147515 -2.03490973
v -1.73993504 0.60542029 -2.03675318
v -1.73879123 0.54422510 -2.02423501
v -1.72209203 0.54732704 -2.02357388
v -1.73101366 0.57724214 -2.03128791
v -1.71416080 0.51520354 -2.01632643
v -1.70643198 0.48031557 -2.01064181
v -1.70047724 0.44336897 -2.01018214
v -1.69615817 0.40566397 -2.01215839
v -1.69242728 0.36762565 -2.01076007
v -1.70926487 0.95694494 -1.98480856
v -1.69893467 0.95438957 -1.98111546
v -1.67673242 1.55055952 -2.08519745
v -1.62257290 1.42887092 -2.10244226
v -1.61863196 1.43706977 -2.10088754
v -1.62211120 1.43809199 -2.11909890
v -1.51849079 1.40474570 -2.13600349
v -1.52497768 1.41168141 -2.14601374
v -1.60877943 1.42275381 -2.10939479
v -1.62491512 1.45314670 -2.10374379
v -1.61896181 1.45966017 -2.10551167
v -1.57838523 1.20858502 -2.21609235
v -1.56726217 1.20472908 -2.22167253
v -1.58020151 1.18857265 -2.22424984
v -1.59019494 1.19237220 -2.21835685
v -1.58605266 1.20985436 -2.20624542
v -1.59659314 1.19347644 -2.20836234
v -1.56884730 1.18137348 -2.16308141
v -1.57704937 1.19022083 -2.16694307
v -1.58514833 1.17308712 -2.17432690
v -1.57695746 1.16468632 -2.17170739
v -1.60831165 1.17501235 -2.19997764
v -1.60554063 1.17046237 -2.19139242
v -1.59663224 1.18724239 -2.18744755
v -1.59874129 1.19150066 -2.19758868
v -1.54792511 1.16950774 -2.17017174
v -1.53984821 1.16882551 -2.17851973
v -1.53032005 1.18379700 -2.16781783
v -1.53958189 1.18479979 -2.15994811
v -1.54451609 1.25256407 -2.13792515
v -1.53572428 1.24391794 -2.13181162
v -1.53569961 1.25739121 -2.12906384
v -1.54561901 1.26516700 -2.13586426
v -1.55507779 1.24209821 -2.21074367
v -1.54162741 1.23831797 -2.21366119
v -1.55431843 1.22150552 -2.21815085
v -1.56683743 1.22548842 -2.21340871
v -1.57034969 1.24027884 -2.17646956
v -1.56720614 1.23445284 -2.16423559
v -1.55865765 1.25218606 -2.16062522
v -1.56129348 1.25746703 -2.17335463
v -1.54300952 1.25864184 -2.20702672
v -1.52917492 1.25457144 -2.20726490
v -1.58857799 1.20468712 -2.18374491
v -1.58360159 1.19834638 -2.17391634
v -1.57591212 1.21641195 -2.16872859
v -1.57982683 1.22245646 -2.18009925
v -1.56820297 1.14044201 -2.18862295
v -1.56248593 1.14081299 -2.19714189
v -1.55076230 1.15465498 -2.18833995
v -1.55759537 1.15449047 -2.17991161
v -1.60038340 1.16412103 -2.18520927
v -1.59384692 1.15662885 -2.18139863
v -1.59157288 1.18087792 -2.17958975
v -1.57412803 1.16184759 -2.22962546
v -1.58338702 1.16793847 -2.23014808
v -1.56955731 1.18377733 -2.22665191
v -1.55983377 1.17712212 -2.22492123
v -1.55406606 1.21733499 -2.14761877
v -1.56160033 1.22619259 -2.15392661
v -1.56928027 1.20824027 -2.15992260
v -1.56132305 1.19916391 -2.15504622
v -1.56607044 1.24450994 -2.20136595
v -1.57596529 1.22733796 -2.20369434
v -1.54476893 1.19236600 -2.22021437
v -1.55589867 1.19966209 -2.22251892
v -1.54205620 1.21584284 -2.21747637
v -1.53121984 1.20807564 -2.21332192
v -1.51089978 1.21382213 -2.19362903
v -1.51032174 1.20689547 -2.17975044
v -1.52239037 1.19207621 -2.19072962
v -1.52419209 1.19905663 -2.20346832
v -1.54766488 1.23615456 -2.14155674
v -1.53836274 1.22711408 -2.13734221
v -1.53228462 1.20180154 -2.14990878
v -1.52192628 1.20011258 -2.15700674
v -1.51480675 1.21687663 -2.14650798
v -1.52635193 1.21946478 -2.13938975
v -1.55009246 1.28917789 -2.18336868
v -1.53687418 1.28951740 -2.19383264
v -1.54367793 1.27694321 -2.19691706
v -1.55268872 1.27639592 -2.18547440
v -1.53108442 1.27421403 -2.20154405
v -1.52262855 1.28780723 -2.19570804
v -1.49998689 1.30374241 -2.17945313
v -1.48986542 1.29844785 -2.17138815
v -1.49111736 1.28884947 -2.17748833
v -1.50262415 1.29390907 -2.18602490
v -1.48538470 1.24239826 -2.17080235
v -1.48800230 1.23862660 -2.15521479
v -1.49916124 1.22228372 -2.16768765
v -1.49773753 1.22781801 -2.18289995
v -1.49267745 1.25000596 -2.13366079
v -1.50734127 1.24748290 -2.12838817
v -1.50925469 1.23312211 -2.13626432
v -1.49691796 1.23503292 -2.14402151
v -1.51278925 1.30172586 -2.11369252
v -1.52426946 1.30143380 -2.11325383
v -1.51862264 1.28705740 -2.11594486
v -1.50603306 1.28639507 -2.11784744
v -1.54411554 1.29334974 -2.12241268
v -1.54893434 1.30520558 -2.12083888
v -1.55733585 1.30734539 -2.12962413
v -1.55289018 1.29700840 -2.13115716
v -1.54000878 1.32500434 -2.17694402
v -1.52317679 1.32717299 -2.17911386
v -1.52429867 1.31933188 -2.18231177
v -1.54078078 1.31769252 -2.17868519
v -1.47509515 1.25604367 -2.15963531
v -1.47802019 1.25489414 -2.14218807
v -1.54168952 1.28214526 -2.12478256
v -1.55161643 1.28727818 -2.13254786
v -1.54902112 1.27603734 -2.13417292
v -1.53865397 1.26996708 -2.12682772
v -1.55706120 1.30007243 -2.15479469
v -1.55465937 1.30485320 -2.16854095
v -1.55658627 1.29633439 -2.16917443
v -1.55792630 1.28980386 -2.15621901
v -1.54467309 1.31042707 -2.18008280
v -1.52827322 1.31126535 -2.18647122
v -1.53370130 1.30123663 -2.18988514
v -1.54861963 1.30004144 -2.18222284
v -1.47017074 1.26612651 -2.15252423
v -1.47528470 1.27211547 -2.16513968
v -1.47362864 1.27988470 -2.15773106
v -1.47095370 1.27445209 -2.14582253
v -1.49461544 1.26244020 -2.12656760
v -1.50871503 1.26043439 -2.12290621
v -1.55499387 1.27894664 -2.15714049
v -1.55231273 1.27192187 -2.14534783
v -1.55583680 1.28265941 -2.14444351
v -1.51758802 1.29886258 -2.19031572
v -1.50232363 1.30229449 -2.11596489
v -1.49251747 1.30405760 -2.12049460
v -1.50099778 1.32001328 -2.11511636
v -1.51103437 1.31816554 -2.11128235
v -1.52143097 1.31743729 -2.11012173
v -1.53279078 1.31755114 -2.11075592
v -1.55679548 1.32047892 -2.11905789
v -1.56516576 1.32257640 -2.12809324
v -1.56905234 1.32569492 -2.14022446
v -1.56702673 1.33038688 -2.15328860
v -1.55976582 1.31568241 -2.15461540
v -1.56139910 1.31118488 -2.14152908
v -1.54580057 1.34174025 -2.17347789
v -1.52963674 1.34442091 -2.17524791
v -1.51008534 1.32529998 -2.17571783
v -1.51522923 1.34217083 -2.17167735
v -1.52855790 1.27711535 -2.11969447
v -1.53207362 1.28975272 -2.11716890
v -1.53807962 1.18448067 -2.21201849
v -1.53484559 1.17734480 -2.20063901
v -1.54847121 1.16334605 -2.20916152
v -1.55286658 1.16992259 -2.21866369
v -1.56055903 1.14432693 -2.20660782
v -1.54781377 1.15799379 -2.19843674
v -1.58933198 1.20865619 -2.19490933
v -1.57985902 1.22597837 -2.19215989
v -1.60737801 1.17768109 -2.21037507
v -1.55509734 1.28497624 -2.16990352
v -1.55537510 1.27292538 -2.17088532
v -1.48037648 1.29325223 -2.16235781
v -1.48927498 1.30765140 -2.16621685
v -1.48155093 1.30263436 -2.15697455
v -1.48121774 1.26346123 -2.17470813
v -1.49153054 1.25148499 -2.18581581
v -1.50464439 1.26192975 -2.19375777
v -1.49216783 1.27508664 -2.18336701
v -1.47484255 1.28229594 -2.14073873
v -1.47497654 1.28737545 -2.15192413
v -1.47836053 1.29765618 -2.14650679
v -1.47948825 1.29336929 -2.13531709
v -1.55321467 1.31998920 -2.16717720
v -1.55247557 1.31218469 -2.16752982
v -1.49394476 1.33493781 -2.15605235
v -1.49085176 1.31920898 -2.16119695
v -1.49924099 1.32226384 -2.16924953
v -1.50309312 1.33770931 -2.16503453
v -1.49853110 1.31213057 -2.17399359
v -1.48900962 1.33236337 -2.14577579
v -1.48464406 1.31562340 -2.15169573
v -1.55935514 1.33644700 -2.16585660
v -1.48505270 1.30803728 -2.12942338
v -1.48272204 1.31187963 -2.14081478
v -1.48859131 1.32880342 -2.13446903
v -1.49269903 1.32445157 -2.12315655
v -1.53580284 1.17213869 -2.18884468
v -1.52443314 1.18675041 -2.17847395
v -1.52226079 1.24951124 -2.12601328
v -1.52277339 1.23574495 -2.13100982
v -1.52462637 1.26314652 -2.12277722
v -1.55817306 1.17333353 -2.16444397
v -1.56671393 1.15781021 -2.17365837
v -1.54398084 1.20829785 -2.14607930
v -1.55061471 1.19024301 -2.15483308
v -1.51705492 1.22331846 -2.20565939
v -1.48815143 1.27529263 -2.12588096
v -1.50016022 1.27325439 -2.12221169
v -1.48190451 1.26557148 -2.13105297
v -1.54567623 1.31887996 -2.11356306
v -1.53727186 1.30295825 -2.11547804
v -1.47142661 1.26359797 -2.14208126
v -1.55646348 1.33906317 -2.11040998
v -1.50804532 1.28315783 -2.19150376
v -1.51265466 1.30865502 -2.18531251
v -1.50993657 1.31649768 -2.17999029
v -1.59303749 1.17324102 -2.22679877
v -1.57051194 1.24344540 -2.18924212
v -1.55354345 1.26708877 -2.15824890
v -1.55059612 1.26050913 -2.14657640
v -1.47930348 1.27816224 -2.13146353
v -1.48532689 1.28945947 -2.12606955
v -1.49531853 1.28722107 -2.12134361
v -1.55660152 1.30686474 -2.15425611
v -1.55745792 1.30151105 -2.14245796
v -1.57637334 1.14328778 -2.18246317
v -1.55640388 1.29333377 -2.14358163
v -1.51587236 1.26914954 -2.20014882
v -1.60357821 1.54016900 -1.95402884
v -1.65299773 1.35548568 -2.10254908
v -1.69752145 1.32520986 -2.08515930
v -1.68122244 1.33051848 -2.09125066
v -1.63091230 1.40847826 -2.10540986
v -1.62659824 1.41914535 -2.10426259
v -1.61555910 1.44813538 -2.10100341
v -1.61031806 1.45699584 -2.10154152
v -1.65742564 1.38807571 -2.11355042
v -1.63371909 1.74325633 -2.02823186
v -1.63566649 1.73632610 -2.02681804
v -1.62692618 1.75456166 -2.02824163
v -1.77786934 1.19544709 -2.02936697
v -1.64937246 1.73665333 -2.03158474
v -1.65198016 1.72864509 -2.02998376
v -1.65011024 1.73269558 -2.03465462
v -1.65038407 1.73831499 -2.03138900
v -1.65040469 1.73947322 -2.03158760
v -1.63425183 1.76107550 -2.03211927
v -1.63978422 1.72883701 -2.02615595
v -1.64581096 1.72194695 -2.02616811
v -1.64574885 1.75173569 -2.03448129
v -1.57773292 1.18822527 -1.97527015
v -1.58545935 1.18763387 -1.95413017
v -1.58066154 1.16619563 -1.95450568
v -1.57223654 1.16671050 -1.97799003
v -1.57620370 1.14585519 -1.95377564
v -1.55868900 1.11089945 -2.07298350
v -1.57225251 1.11642468 -2.09438539
v -1.57305908 1.13979959 -2.08947134
v -1.56043541 1.13526952 -2.06901598
v -1.59100521 1.16054201 -2.10168195
v -1.57533884 1.15912664 -2.08412838
v -1.59097803 1.14315987 -2.10715294
v -1.61232936 1.14243793 -2.11913800
v -1.61159813 1.16006637 -2.11364889
v -1.63502502 1.13852596 -2.12519121
v -1.63384879 1.15743661 -2.11992669
v -1.65730953 1.13297677 -2.12540317
v -1.67976952 1.12784243 -2.11998653
v -1.70514441 1.10150647 -2.11035180
v -1.72117364 1.11600959 -2.09094238
v -1.70151865 1.12257504 -2.10713053
v -1.75237310 1.10710168 -2.05819368
v -1.73803234 1.11010361 -2.07390594
v -1.77460527 1.10467601 -2.02941871
v -1.76478386 1.10549164 -2.04298353
v -1.68769503 1.52730906 -2.08219218
v -1.61813855 1.60627031 -2.04066443
v -1.61316574 1.60255277 -2.05032301
v -1.62806714 1.60329533 -2.06823754
v -1.57194388 1.56084228 -2.04075170
v -1.58138597 1.57672584 -2.05128312
v -1.58015776 1.57251310 -2.02873921
v -1.57269263 1.55717063 -2.02170229
v -1.60969031 1.60158062 -2.02370524
v -1.61398053 1.60441113 -2.01822472
v -1.60394406 1.59824085 -2.02970576
v -1.60129368 1.58519518 -1.99212980
v -1.59983706 1.59251785 -2.00983858
v -1.61537278 1.58766246 -2.10800838
v -1.59744990 1.58259606 -2.09397221
v -1.59575069 1.57689095 -2.10510850
v -1.61266541 1.58106160 -2.12017250
v -1.56598234 1.54437923 -2.06315637
v -1.56037903 1.53004372 -2.05655026
v -1.56031930 1.52878654 -2.06803274
v -1.56572485 1.54173541 -2.07472610
v -1.60015631 1.54491150 -2.14790940
v -1.58556938 1.54722452 -2.13621640
v -1.57943118 1.53163028 -2.14386272
v -1.59323466 1.52789176 -2.15361238
v -1.57333243 1.55417800 -2.08300591
v -1.55237412 1.44360316 -1.99814856
v -1.54965305 1.45194459 -2.01490450
v -1.55084813 1.45962989 -2.03053093
v -1.55615973 1.47718310 -2.06236935
v -1.55488837 1.47276807 -2.05512953
v -1.55825770 1.45856822 -2.05879045
v -1.55560398 1.48039961 -2.06935143
v -1.55552137 1.48052263 -2.07802176
v -1.63466668 1.47173309 -2.12757421
v -1.64226973 1.47926354 -2.12552404
v -1.63873851 1.49869132 -2.13602543
v -1.55791998 1.46977663 -2.08966208
v -1.55913401 1.47481334 -2.08547521
v -1.56248879 1.46926355 -2.08530831
v -1.56050158 1.46544456 -2.08878827
v -1.61770618 1.59323645 -2.09618473
v -1.56969512 1.52827275 -2.13318372
v -1.57536054 1.54161477 -2.12445140
v -1.56695390 1.53286040 -2.11499786
v -1.56184423 1.52114809 -2.12375379
v -1.55679643 1.51554012 -2.11541247
v -1.56058145 1.52557850 -2.10666251
v -1.55611885 1.51745415 -2.09935498
v -1.55305636 1.50947213 -2.10808110
v -1.55483723 1.47492909 -2.09138751
v -1.55685663 1.48159671 -2.08562517
v -1.60437644 1.49814343 -2.15893149
v -1.63004708 1.56410503 -2.13984060
v -1.64633071 1.54623151 -2.13881063
v -1.65106881 1.55678606 -2.13145876
v -1.63367939 1.57452428 -2.13024044
v -1.59304225 1.44594932 -2.09919858
v -1.60284364 1.44889665 -2.10406375
v -1.58386350 1.44358110 -2.09432817
v -1.57284701 1.45965791 -2.08687329
v -1.57487154 1.44319749 -2.08972168
v -1.62806535 1.45026994 -2.11899829
v -1.62794888 1.45931232 -2.12976480
v -1.65236092 1.52236938 -2.12913847
v -1.65817285 1.53282619 -2.12387109
v -1.58780324 1.50855255 -2.15822053
v -1.57388103 1.51311815 -2.15020061
v -1.55162656 1.46158218 -2.09215403
v -1.55431449 1.45695710 -2.08989859
v -1.54760373 1.44983125 -2.09201670
v -1.56877851 1.45573997 -2.07980180
v -1.56650603 1.46475172 -2.08549070
v -1.60975432 1.57221508 -2.13037992
v -1.56378031 1.51224518 -2.13968468
v -1.55641484 1.50784063 -2.12995768
v -1.56294715 1.53295374 -2.09661818
v -1.57028067 1.54234636 -2.10472202
v -1.57214940 1.54925978 -2.09397054
v -1.56417310 1.53826189 -2.08591461
v -1.54853368 1.49952126 -2.11457634
v -1.54657054 1.49037766 -2.10904193
v -1.55862129 1.52678990 -2.07954741
v -1.55756843 1.52305722 -2.08981252
v -1.54871070 1.46689701 -2.09500265
v -1.66204190 1.54105592 -2.11705780
v -1.66588271 1.51670241 -2.11038852
v -1.67218697 1.52252293 -2.10318375
v -1.65473104 1.49853003 -2.12014675
v -1.66007590 1.50876069 -2.11505342
v -1.64903426 1.48708296 -2.12380981
v -1.68041193 1.52481043 -2.09440207
v -1.47456944 1.26919460 -2.13659072
v -1.54980457 1.44470859 -2.08952808
v -1.54220235 1.43620276 -2.09369993
v -1.54100823 1.44205832 -2.09607601
v -1.51632333 1.40203440 -2.12399554
v -1.79032266 1.72676635 -2.01366138
v -1.79065216 1.73288250 -2.01296663
v -1.78473055 1.75159585 -2.00960517
v -1.78314793 1.75461006 -2.00886583
v -1.48075640 1.28513122 -2.16835284
v -1.48188317 1.27794790 -2.17261457
v -1.50427747 1.23796642 -2.19617534
v -1.52896893 1.23234606 -2.21093178
v -1.51604879 1.24785399 -2.20300794
v -1.55561244 1.26161635 -2.19897962
v -1.56152773 1.26125431 -2.18655324
v -1.55406868 1.24432886 -2.14958477
v -1.50536358 1.21865249 -2.15525579
v -1.62755489 1.14771199 -2.22335172
v -1.62015629 1.14455235 -2.23166919
v -1.63449037 1.13059139 -2.23382187
v -1.64041650 1.13314629 -2.22448087
v -1.65327883 1.11901748 -2.22616148
v -1.65328372 1.11639667 -2.21653295
v -1.64221191 1.13129210 -2.21493697
v -1.64879882 1.11197448 -2.21020865
v -1.63901043 1.12716138 -2.20783210
v -1.64177990 1.10665762 -2.20662141
v -1.63577211 1.10086751 -2.20567584
v -1.62749577 1.11601853 -2.20116901
v -1.63320363 1.12201929 -2.20324731
v -1.61200511 1.12552691 -2.19486737
v -1.62109208 1.10976994 -2.20137382
v -1.61435568 1.10446143 -2.20330215
v -1.60454834 1.11909056 -2.19541001
v -1.61329222 1.08607388 -2.22166586
v -1.61179471 1.08710504 -2.22906947
v -1.59932601 1.10007405 -2.22145867
v -1.60154462 1.09885526 -2.21357751
v -1.58958089 1.12104201 -2.23024893
v -1.58692908 1.11670446 -2.22190952
v -1.60016882 1.10337067 -2.22988272
v -1.60278392 1.10775721 -2.23780656
v -1.61471045 1.09534812 -2.24573040
v -1.62154198 1.10123658 -2.24971008
v -1.60807252 1.11292315 -2.24289918
v -1.60168421 1.17685556 -2.22039604
v -1.61479354 1.16207838 -2.22207689
v -1.61888540 1.16219139 -2.21174097
v -1.62416708 1.13805008 -2.19924212
v -1.61464071 1.15430450 -2.19536972
v -1.61823368 1.15946460 -2.20239592
v -1.62868464 1.14334297 -2.20508718
v -1.58570182 1.14894593 -2.17991471
v -1.60270429 1.14113545 -2.18835402
v -1.59488451 1.13415313 -2.18784547
v -1.61856687 1.13196230 -2.19615531
v -1.60916340 1.14792335 -2.19096613
v -1.59643567 1.11437631 -2.19881439
v -1.60711908 1.10048032 -2.20715952
v -1.61178255 1.13880217 -2.23656487
v -1.60271978 1.13287675 -2.23870802
v -1.61686194 1.11898851 -2.24342775
v -1.62602103 1.12501192 -2.24017859
v -1.58653784 1.12882459 -2.19072628
v -1.58852267 1.14696538 -2.23437619
v -1.59751940 1.15307879 -2.23336506
v -1.59489453 1.12675786 -2.23622298
v -1.58115697 1.14054465 -2.23040342
v -1.63978434 1.11240315 -2.24329066
v -1.64827406 1.11720121 -2.23616958
v -1.60700572 1.15844190 -2.22921443
v -1.58998811 1.11240101 -2.20508909
v -1.58671176 1.11351943 -2.21334100
v -1.57467759 1.12694335 -2.20543098
v -1.57913625 1.12638116 -2.19692969
v -1.56269681 1.14905345 -2.21599579
v -1.57445586 1.13037443 -2.21416831
v -1.57657111 1.13478005 -2.22281194
v -1.61191332 1.08982253 -2.23720217
v -1.56662607 1.15498209 -2.22469449
v -1.68743336 1.04044545 -2.22978520
v -1.68283057 1.04604328 -2.22368884
v -1.69291139 1.04552555 -2.21977496
v -1.69692504 1.04034126 -2.22641468
v -1.68558395 1.05819678 -2.20366263
v -1.68722999 1.06907988 -2.20085239
v -1.69921696 1.06544256 -2.20093632
v -1.69789541 1.05625534 -2.20334935
v -1.70543349 1.04233980 -2.22527337
v -1.70152473 1.04609740 -2.21798348
v -1.70994818 1.04715395 -2.22558355
v -1.71374619 1.04363215 -2.23471594
v -1.71023715 1.03879952 -2.23114395
v -1.71795440 1.03929710 -2.24044538
v -1.71017826 1.05187321 -2.24211454
v -1.71517324 1.04270864 -2.24873924
v -1.69124675 1.05091846 -2.25969267
v -1.68207347 1.04838204 -2.26380396
v -1.68990397 1.03723407 -2.26777601
v -1.69916546 1.03980994 -2.26264143
v -1.67043293 1.03291726 -2.26903677
v -1.68074179 1.03437448 -2.26902628
v -1.67384863 1.04627538 -2.26515818
v -1.66485667 1.04441714 -2.26559591
v -1.67355096 1.04002690 -2.23575759
v -1.66736853 1.04595852 -2.23121738
v -1.67342710 1.04667616 -2.22854400
v -1.67882049 1.04088461 -2.23359704
v -1.71560919 1.05377316 -2.22217345
v -1.70962977 1.05816197 -2.22992849
v -1.71158779 1.05187333 -2.23005772
v -1.71507704 1.05039847 -2.22093201
v -1.64408779 1.05461955 -2.22185540
v -1.63888657 1.06473374 -2.21893454
v -1.64536750 1.06845784 -2.21597362
v -1.64930129 1.05879700 -2.21924496
v -1.66726923 1.07505059 -2.20389485
v -1.65921271 1.07743645 -2.20773745
v -1.66457140 1.09041142 -2.20955133
v -1.67273080 1.08672500 -2.20846653
v -1.67638874 1.07226741 -2.20166254
v -1.68061519 1.08333898 -2.20704198
v -1.69032323 1.07818735 -2.20617747
v -1.70199060 1.07249355 -2.20533109
v -1.63117576 1.06177449 -2.22497892
v -1.63305342 1.05356967 -2.22737145
v -1.73988473 0.99711436 -2.25154495
v -1.73581815 0.99344391 -2.25234389
v -1.73335183 0.99812156 -2.25093746
v -1.73736989 1.00182509 -2.25011158
v -1.62937868 1.05878186 -2.24456549
v -1.63367176 1.06318903 -2.25167942
v -1.62954962 1.06752706 -2.24808311
v -1.62648082 1.06341267 -2.24029207
v -1.63236129 1.05209410 -2.24942827
v -1.63864064 1.05746651 -2.25599623
v -1.74434209 1.00124764 -2.26265192
v -1.74484515 1.00144911 -2.25747705
v -1.74182844 1.00624764 -2.25693798
v -1.74095380 1.00608742 -2.26224828
v -1.70219100 1.03560758 -2.23101139
v -1.69320393 1.03487206 -2.23382401
v -1.71072471 1.02183771 -2.23863697
v -1.70033467 1.02776551 -2.23683953
v -1.70866275 1.03094244 -2.23392606
v -1.71518648 1.02647054 -2.23695946
v -1.68158662 1.02497911 -2.24372029
v -1.67579556 1.03257704 -2.24071455
v -1.68325400 1.03289795 -2.23904204
v -1.68924248 1.02499771 -2.24184489
v -1.66484642 1.02777863 -2.24182034
v -1.67013323 1.02070284 -2.24551749
v -1.66410780 1.01787531 -2.24606609
v -1.65992177 1.02442074 -2.24258089
v -1.68559158 1.00915289 -2.25177479
v -1.69055140 1.00383711 -2.25748420
v -1.68593419 1.00269604 -2.25893354
v -1.68079507 1.00754356 -2.25310564
v -1.62553442 1.07159495 -2.24580526
v -1.62337446 1.06868207 -2.23740911
v -1.65128648 1.02782393 -2.26667666
v -1.64390588 1.02535391 -2.26099300
v -1.64578223 1.01583230 -2.26424646
v -1.65361905 1.01894236 -2.26974678
v -1.64128911 1.06800377 -2.25599766
v -1.63637662 1.07287669 -2.25367689
v -1.74148297 0.99912369 -2.26715326
v -1.73807609 1.00404668 -2.26690555
v -1.69100642 1.08159268 -2.21638012
v -1.70323813 1.07492948 -2.21397376
v -1.68125236 1.08717179 -2.21799731
v -1.67454219 1.09143496 -2.21886134
v -1.66878223 1.09727895 -2.21851373
v -1.69962895 1.02188933 -2.24055839
v -1.68447280 1.03627217 -2.23595834
v -1.66938579 1.03908300 -2.23649168
v -1.64452052 1.02582455 -2.24067163
v -1.64047611 1.03142095 -2.23798180
v -1.64952624 1.03305197 -2.23506594
v -1.65146244 1.02766573 -2.23903704
v -1.64044797 1.02146137 -2.25365829
v -1.64364505 1.01927817 -2.24803495
v -1.64707816 1.01240206 -2.25144958
v -1.64340305 1.01328254 -2.25694466
v -1.71765280 1.05813003 -2.22179079
v -1.70914030 1.06433225 -2.22667909
v -1.62805355 1.05494118 -2.23598075
v -1.62669599 1.06141782 -2.23221922
v -1.62479687 1.06796014 -2.22967243
v -1.65771449 1.05205190 -2.22504640
v -1.65260231 1.06103969 -2.21728802
v -1.65746784 1.06214190 -2.21393704
v -1.66161811 1.05282700 -2.22360253
v -1.67745507 1.05129600 -2.21475458
v -1.67377079 1.06006420 -2.20598197
v -1.68862331 1.05011690 -2.21143198
v -1.65075028 1.07207131 -2.21231484
v -1.64149177 1.07661343 -2.21458387
v -1.64773369 1.08080792 -2.21102452
v -1.63504696 1.07254744 -2.21858740
v -1.62897050 1.06929350 -2.22367716
v -1.63662076 1.08407140 -2.21222067
v -1.64263415 1.08893943 -2.20916414
v -1.63033450 1.08017623 -2.21704006
v -1.62516367 1.07702291 -2.22188425
v -1.62415993 1.08595777 -2.25076342
v -1.61997807 1.07988501 -2.24293280
v -1.63090527 1.07839215 -2.25225401
v -1.65782011 1.09972143 -2.21079302
v -1.65517032 1.08594191 -2.20923996
v -1.64948761 1.09405935 -2.20897794
v -1.66249180 1.10508537 -2.21775293
v -1.70597708 1.05492616 -2.20351624
v -1.71322751 1.05273378 -2.20350218
v -1.71255505 1.04803991 -2.20872879
v -1.70627916 1.05015326 -2.20985675
v -1.72190106 1.03375232 -2.24519157
v -1.72000730 1.03060532 -2.23918080
v -1.71509099 1.03517163 -2.23521805
v -1.64459813 1.04570866 -2.22665954
v -1.63454592 1.04492807 -2.23120356
v -1.70809996 1.01774085 -2.24209332
v -1.73690188 1.01181746 -2.26093149
v -1.73796225 1.01172435 -2.25529528
v -1.73081815 1.02122808 -2.25147748
v -1.72984505 1.02110815 -2.25796485
v -1.71140468 1.01172900 -2.25036097
v -1.71348500 1.01449871 -2.24507570
v -1.71843719 1.00899196 -2.24759817
v -1.71703243 1.00706768 -2.25354218
v -1.67863977 1.00178063 -2.25844812
v -1.67436659 1.00572586 -2.25389004
v -1.70583856 1.02660966 -2.26287651
v -1.71398830 1.03372443 -2.25983381
v -1.70810986 1.04360318 -2.25717258
v -1.67546523 1.02308357 -2.24493504
v -1.68054986 1.01581848 -2.24802971
v -1.67555726 1.01365960 -2.24898338
v -1.69975388 1.01870990 -2.24312139
v -1.70521045 1.01529360 -2.24517012
v -1.69925606 1.01468611 -2.24685097
v -1.69378793 1.01940620 -2.24412632
v -1.64038718 1.03535080 -2.25795913
v -1.63606548 1.03000319 -2.24830103
v -1.74306917 0.99998420 -2.25359297
v -1.74051559 1.00471044 -2.25253272
v -1.61914790 1.07584214 -2.23407698
v -1.62144697 1.07542992 -2.22711277
v -1.67022395 1.03082204 -2.24131083
v -1.70052767 1.05341601 -2.25310898
v -1.66491580 1.03746331 -2.23664975
v -1.67095780 1.01196194 -2.27049565
v -1.66610384 1.00768173 -2.26705074
v -1.67202747 1.00316596 -2.26808977
v -1.67470825 1.00634766 -2.27294350
v -1.72413874 0.99949086 -2.25815296
v -1.72610819 1.00063407 -2.25215364
v -1.72996283 0.99537909 -2.25504208
v -1.72825825 0.99452436 -2.26070714
v -1.71610391 1.01824176 -2.24181199
v -1.71994007 1.02230096 -2.24046564
v -1.72543430 1.01612425 -2.24356031
v -1.72148454 1.01223505 -2.24420023
v -1.72374213 1.02568579 -2.24322963
v -1.72904646 1.01941752 -2.24644399
v -1.72500038 1.00096607 -2.26462269
v -1.72888446 1.00543118 -2.26771593
v -1.72138762 1.01397324 -2.26479220
v -1.71824932 1.00862169 -2.26072431
v -1.65918708 1.05507421 -2.26178098
v -1.65116715 1.05228686 -2.26170230
v -1.65591586 1.04119182 -2.26499844
v -1.66026509 1.02997589 -2.26830673
v -1.66460419 1.01885879 -2.26897907
v -1.67559731 1.02242506 -2.27193642
v -1.64825356 1.03878760 -2.26347923
v -1.70804596 1.01440823 -2.25961328
v -1.71365321 1.01962638 -2.26143193
v -1.70735085 1.01723635 -2.26444769
v -1.65854883 1.03410149 -2.23693275
v -1.73675954 1.01014328 -2.25060725
v -1.67091048 1.09119773 -2.23962545
v -1.66355872 1.08775234 -2.24835491
v -1.66868293 1.07923794 -2.25040793
v -1.67644513 1.08457625 -2.24034214
v -1.72940731 1.00340557 -2.24846649
v -1.73346674 1.00685465 -2.24771881
v -1.66889215 1.00372052 -2.25675631
v -1.67369986 1.00077832 -2.26047111
v -1.67088258 1.00004196 -2.26379275
v -1.66585708 1.00221992 -2.26186538
v -1.64393067 1.04934967 -2.26014900
v -1.64730680 1.00912309 -2.26670265
v -1.65424418 1.01296997 -2.27235079
v -1.64611042 1.06161177 -2.25872779
v -1.65425873 1.06497240 -2.25891423
v -1.65029776 1.07269084 -2.25657082
v -1.68816948 1.02081776 -2.27035546
v -1.66708601 1.05716276 -2.26122952
v -1.66145003 1.06704152 -2.25790977
v -1.65808094 1.07631385 -2.25507092
v -1.65431523 1.08335829 -2.25320005
v -1.64604330 1.07886267 -2.25488853
v -1.73379099 1.00966120 -2.26595211
v -1.73338580 1.00005150 -2.26875830
v -1.64030349 1.08586800 -2.25353694
v -1.63249671 1.09310091 -2.25293589
v -1.64107311 1.09815097 -2.25050545
v -1.64863813 1.09057522 -2.25188756
v -1.66958869 1.06943369 -2.25559187
v -1.67708027 1.07162917 -2.25184560
v -1.67493927 1.05903125 -2.25953889
v -1.68355429 1.06111014 -2.25600839
v -1.69688439 1.02615333 -2.26968980
v -1.73853302 0.98532695 -2.26841855
v -1.73340774 0.99168473 -2.26694727
v -1.73155010 0.98976827 -2.26244664
v -1.73653781 0.98343372 -2.26480174
v -1.72945249 0.99621260 -2.26607585
v -1.73706973 0.99531388 -2.26912880
v -1.69284987 1.06350243 -2.24867511
v -1.70458329 1.01093757 -2.25192261
v -1.68606377 1.07537830 -2.24120665
v -1.70335615 1.06265700 -2.24018908
v -1.69943762 1.07086325 -2.23378444
v -1.68077290 1.08796263 -2.22924471
v -1.68930948 1.08220887 -2.22766399
v -1.66881251 1.09934115 -2.22877264
v -1.67444527 1.09312987 -2.22929263
v -1.66251695 1.10742784 -2.22769880
v -1.70134676 1.07517052 -2.22407508
v -1.74333608 0.99016023 -2.25292659
v -1.73907936 0.98667765 -2.25441360
v -1.66534591 1.09799802 -2.23877120
v -1.65851223 1.10614157 -2.23769546
v -1.69884980 1.04993391 -2.21027350
v -1.65498865 1.04132223 -2.23157430
v -1.65991330 1.04378355 -2.23181844
v -1.63722849 1.03725326 -2.23505878
v -1.64735126 1.03844595 -2.23112679
v -1.65041554 1.10281539 -2.24556112
v -1.62980878 1.09515953 -2.20728230
v -1.62330616 1.09100819 -2.21114874
v -1.63032806 1.10711837 -2.24819589
v -1.74692142 0.99291104 -2.25475740
v -1.69192898 1.00331783 -2.26403666
v -1.68994534 1.00389659 -2.26503491
v -1.70794129 1.06235790 -2.20125413
v -1.71569026 1.05841625 -2.20226145
v -1.72019649 1.06357086 -2.21092057
v -1.71836269 1.06191778 -2.20535350
v -1.71097755 1.06764543 -2.20493078
v -1.71246409 1.06962740 -2.21201825
v -1.65470111 1.05050921 -2.22558379
v -1.65083957 1.04793882 -2.22623062
v -1.63632667 1.04433370 -2.25389671
v -1.63239419 1.03906918 -2.24492741
v -1.72534859 1.02799273 -2.24862099
v -1.71939576 1.03465903 -2.25268269
v -1.72365999 1.02817595 -2.25542903
v -1.72616303 1.01913095 -2.26327944
v -1.70851672 1.01179934 -2.25627518
v -1.71293259 1.01276541 -2.25724816
v -1.66437924 1.06157899 -2.20995808
v -1.66821063 1.05256903 -2.21996713
v -1.70753467 1.04789174 -2.21703935
v -1.71299720 1.04775715 -2.21652913
v -1.68664455 1.01834369 -2.24608374
v -1.69614637 1.01276016 -2.27212691
v -1.70243347 1.01776850 -2.27126122
v -1.69176900 1.01264691 -2.24921060
v -1.74869406 0.99401569 -2.26354194
v -1.74895978 0.99408758 -2.25837159
v -1.71954238 1.02612543 -2.26129580
v -1.66909182 1.01113892 -2.24975681
v -1.68830955 1.01195610 -2.27056408
v -1.69354987 1.00739193 -2.26927686
v -1.64605558 1.00843644 -2.25958681
v -1.65788829 1.09483051 -2.24694657
v -1.73230803 0.99039853 -2.25659084
v -1.73600245 0.98379844 -2.25890017
v -1.74156296 0.98865312 -2.26973629
v -1.74566197 0.99224639 -2.26802802
v -1.62983382 1.04730082 -2.24079156
v -1.66363895 1.04516292 -2.23185372
v -1.61728668 1.08763361 -2.21614885
v -1.71144009 1.06899166 -2.22037220
v -1.71985853 1.06213927 -2.21762347
v -1.69637311 1.00772333 -2.25328827
v -1.66147506 1.01171732 -2.27014065
v -1.67898428 1.01493239 -2.27406907
v -1.68141901 1.00943351 -2.27629757
v -1.68857968 1.00884247 -2.27355886
v -1.69072783 1.00510335 -2.26974678
v -1.74495244 0.98342812 -2.27057076
v -1.74912035 0.98672539 -2.26893353
v -1.75233543 0.98827499 -2.26473069
v -1.75219953 0.98858917 -2.25962663
v -1.74961531 0.98782122 -2.25605941
v -1.74211740 0.98050946 -2.26938558
v -1.74004459 0.97897446 -2.26587772
v -1.73929787 0.97954822 -2.26028442
v -1.74481618 0.97605425 -2.27004647
v -1.74836040 0.97798985 -2.27135682
v -1.75890875 0.97757596 -2.26525807
v -1.75590384 0.98232424 -2.26606178
v -1.75601995 0.97910684 -2.26815033
v -1.75805545 0.97622132 -2.26823640
v -1.75992405 0.97255951 -2.26884937
v -1.76046407 0.97311026 -2.26568174
v -1.75350285 0.97888029 -2.27011395
v -1.75545192 0.97521251 -2.27106023
v -1.75212288 0.97336656 -2.27192283
v -1.75427401 0.96960461 -2.27288914
v -1.75750065 0.97125965 -2.27195120
v -1.75116193 0.97681153 -2.27118540
v -1.75187874 0.98211044 -2.26967859
v -1.76097775 0.96899021 -2.26729226
v -1.76086760 0.96978080 -2.26956964
v -1.75923920 0.96789056 -2.27215624
v -1.75901878 0.96580464 -2.27018404
v -1.75491297 0.98388577 -2.26092887
v -1.75764644 0.97797972 -2.26195121
v -1.75919282 0.97256231 -2.26299787
v -1.75947833 0.96815211 -2.26486278
v -1.75539243 0.97652364 -2.25951409
v -1.75688481 0.97123390 -2.26150274
v -1.75704730 0.96759576 -2.26342845
v -1.75235951 0.97395337 -2.25855613
v -1.75451958 0.96942997 -2.26123500
v -1.74862683 0.98091894 -2.25596428
v -1.75222814 0.98327214 -2.25751853
v -1.75534117 0.96731174 -2.26295638
v -1.75748301 0.96502823 -2.26785111
v -1.74940455 0.97246194 -2.27186823
v -1.75179088 0.96823138 -2.27241707
v -1.74738932 0.97114635 -2.27058601
v -1.75013840 0.96694624 -2.27089334
v -1.75499666 0.96523440 -2.27233410
v -1.75615513 0.96698225 -2.27329612
v -1.74579394 0.98545396 -2.25439596
v -1.74167621 0.98216325 -2.25621510
v -1.74462974 0.97765124 -2.25754738
v -1.74857461 0.97115010 -2.25994420
v -1.74220347 0.97558498 -2.26160288
v -1.74284303 0.97483194 -2.26672411
v -1.74609685 0.97023201 -2.26787090
v -1.74595189 0.97007948 -2.26389813
v -1.74917555 0.96645117 -2.26834822
v -1.74957001 0.96660614 -2.26543093
v -1.75176811 0.96763361 -2.26268029
v -1.75239408 0.96458876 -2.26782489
v -1.75361872 0.96448302 -2.27024055
v -1.75541210 0.96536160 -2.26592851
v -1.75190496 0.96538711 -2.26600957
v -1.75371253 0.96618962 -2.26443005
v -1.72011292 0.97923011 -2.26750445
v -1.71562684 0.97650540 -2.26842523
v -1.71305144 0.98305202 -2.26688647
v -1.71737421 0.98552513 -2.26582336
v -1.72511494 0.98562980 -2.27680874
v -1.72558630 0.98402989 -2.27139163
v -1.72309268 0.99018562 -2.27036476
v -1.72238266 0.99168801 -2.27588677
v -1.72079349 0.98471344 -2.28132010
v -1.71779704 0.99061203 -2.28063774
v -1.71908295 0.99853313 -2.27388644
v -1.71977258 0.99685979 -2.26827073
v -1.71238959 1.00723636 -2.26312280
v -1.71247065 1.00950313 -2.26857495
v -1.69750643 0.99827051 -2.26105952
v -1.69643915 0.99782419 -2.26627827
v -1.72363400 0.98160148 -2.26829433
v -1.72090435 0.98779297 -2.26693058
v -1.70378172 0.98767900 -2.27137756
v -1.70558345 0.98772621 -2.26662779
v -1.70941377 0.98127371 -2.26965284
v -1.70757186 0.98101425 -2.27407837
v -1.70701718 1.00349414 -2.25693703
v -1.70175111 1.00079989 -2.25781345
v -1.71052027 1.00530505 -2.25933290
v -1.70429647 0.98944610 -2.27665854
v -1.70797479 0.99307120 -2.27993894
v -1.70181358 1.00462294 -2.27582264
v -1.69791305 1.00016379 -2.27239156
v -1.71753561 0.99452180 -2.26450539
v -1.70939863 0.98971510 -2.26361752
v -1.71387327 0.99213082 -2.26278877
v -1.71427000 0.99740094 -2.27889895
v -1.71149218 0.98626250 -2.28141451
v -1.71653152 0.96963918 -2.28224158
v -1.71164024 0.97711778 -2.28008604
v -1.71045101 0.97493243 -2.27606344
v -1.71518433 0.96709377 -2.27882481
v -1.70827925 0.98280013 -2.27845287
v -1.71498406 0.98071861 -2.28249121
v -1.72437143 0.96997118 -2.26998019
v -1.71986651 0.96736723 -2.27128649
v -1.72774231 0.97255856 -2.27067351
v -1.70807195 1.00909042 -2.27486587
v -1.72914195 0.97695076 -2.27837634
v -1.72941959 0.97497481 -2.27338028
v -1.71196330 0.97471744 -2.27144361
v -1.71610940 0.96615267 -2.27422357
v -1.71978056 0.97302663 -2.28415346
v -1.72503257 0.97660375 -2.28280544
v -1.72330105 0.96644521 -2.28539896
v -1.72829747 0.96947396 -2.28411913
v -1.73246038 0.96998835 -2.28017616
v -1.73227870 0.96866089 -2.27520561
v -1.73021567 0.96692032 -2.27257490
v -1.72013617 0.96365315 -2.28380561
v -1.71857107 0.96190369 -2.28061557
v -1.71892703 0.96141613 -2.27612901
v -1.72311187 0.95778525 -2.28546262
v -1.72653544 0.95954573 -2.28724384
v -1.73944771 0.95259887 -2.28368092
v -1.73790300 0.95779800 -2.28234696
v -1.73667657 0.95678437 -2.28533554
v -1.73896098 0.95271850 -2.28680038
v -1.73539805 0.96307278 -2.28243780
v -1.73490596 0.95986468 -2.28500199
v -1.73228133 0.95938319 -2.28675890
v -1.73397243 0.95578843 -2.28830695
v -1.73033130 0.95409060 -2.28881145
v -1.73218501 0.95012414 -2.29046726
v -1.73624587 0.95167089 -2.29023361
v -1.72947609 0.95770794 -2.28769565
v -1.74012363 0.94935805 -2.28831029
v -1.73957610 0.94802737 -2.28628325
v -1.73085558 0.96329665 -2.28579855
v -1.73487198 0.96349204 -2.27711868
v -1.73718345 0.95745498 -2.27886438
v -1.73817015 0.95161748 -2.28104591
v -1.73767722 0.94692129 -2.28388834
v -1.73488605 0.95567250 -2.27638435
v -1.73604667 0.95007241 -2.27923751
v -1.73573327 0.94642019 -2.28227186
v -1.73136461 0.95337152 -2.27544212
v -1.73331881 0.94843137 -2.27879858
v -1.72850752 0.96046168 -2.27299643
v -1.73223090 0.96239960 -2.27409363
v -1.73394144 0.94643766 -2.28135705
v -1.73758113 0.94515502 -2.28978276
v -1.73572767 0.94436347 -2.28713536
v -1.73859990 0.94755083 -2.29179573
v -1.72802806 0.95320666 -2.28796172
v -1.73009062 0.94889146 -2.28947592
v -1.72573709 0.95222306 -2.28724194
v -1.72835433 0.94761366 -2.28875780
v -1.73317230 0.94564170 -2.29098749
v -1.73432887 0.94717878 -2.29195833
v -1.72669423 0.96486223 -2.27174711
v -1.72226298 0.96267998 -2.27291203
v -1.72414386 0.95812720 -2.27413392
v -1.72705948 0.95116544 -2.27673006
v -1.72095597 0.95724630 -2.27752447
v -1.72118556 0.95693421 -2.28230858
v -1.72435963 0.95128006 -2.28447366
v -1.72434628 0.95068944 -2.28046155
v -1.72749138 0.94693899 -2.28620958
v -1.72758031 0.94659746 -2.28285289
v -1.72998416 0.94702542 -2.28003812
v -1.73065197 0.94442862 -2.28646207
v -1.73176491 0.94449341 -2.28916454
v -1.73383498 0.94449729 -2.28467298
v -1.73006153 0.94489390 -2.28407621
v -1.73210967 0.94528973 -2.28266501
v -1.69587386 0.97717041 -2.27332544
v -1.69104719 0.97514927 -2.27242732
v -1.68916547 0.98056674 -2.27116752
v -1.69408393 0.98231745 -2.27187586
v -1.69787025 0.98155618 -2.28322506
v -1.69922423 0.98058546 -2.28017092
v -1.69779181 0.98621655 -2.27826595
v -1.69632757 0.98802608 -2.28172183
v -1.69363189 0.98101705 -2.28585887
v -1.69129729 0.98761058 -2.28444648
v -1.69452679 0.99410033 -2.27995420
v -1.69615781 0.99169326 -2.27579188
v -1.69226062 0.99998236 -2.27163410
v -1.69090295 1.00277567 -2.27635241
v -1.69859755 0.97890502 -2.27660418
v -1.69692540 0.98422843 -2.27473998
v -1.67991364 0.98510349 -2.27211714
v -1.68241668 0.98494852 -2.26929235
v -1.68493891 0.97948766 -2.27245355
v -1.68279541 0.97970617 -2.27515936
v -1.68716466 0.99706638 -2.26370835
v -1.68192172 0.99583387 -2.26274014
v -1.69064677 0.99812573 -2.26712418
v -1.67990386 0.98692876 -2.27709675
v -1.68259275 0.99053919 -2.28185320
v -1.67826843 0.99950194 -2.27706480
v -1.67566586 0.99636257 -2.27181149
v -1.69514370 0.98931223 -2.27198219
v -1.68677580 0.98583561 -2.26782560
v -1.69198418 0.98753691 -2.26882625
v -1.68869841 0.99385905 -2.28265905
v -1.68536198 0.98470646 -2.28369379
v -1.68916404 0.96715450 -2.28507066
v -1.68491280 0.97592455 -2.28162527
v -1.68438327 0.97402412 -2.27719879
v -1.68822026 0.96536499 -2.28121328
v -1.68240190 0.98136061 -2.27957487
v -1.68820751 0.97860605 -2.28550339
v -1.69864953 0.96842742 -2.27591753
v -1.69399154 0.96656883 -2.27544284
v -1.70120358 0.97018135 -2.27896571
v -1.68471825 1.00267434 -2.27921629
v -1.67498267 0.99447596 -2.26666069
v -1.70105660 0.97225499 -2.28547835
v -1.70211411 0.97154105 -2.28245831
v -1.68645847 0.97393870 -2.27387285
v -1.68970430 0.96532708 -2.27742505
v -1.69222629 0.96964270 -2.28813910
v -1.69725859 0.97206366 -2.28824043
v -1.69468737 0.96366894 -2.29010391
v -1.69967711 0.96582937 -2.28994322
v -1.70361626 0.96604627 -2.28750706
v -1.70420706 0.96539235 -2.28396368
v -1.70289207 0.96447217 -2.28052068
v -1.69194841 0.96125126 -2.28720617
v -1.69113946 0.96014440 -2.28368616
v -1.69203007 0.96060574 -2.27960873
v -1.69357026 0.95685953 -2.28871775
v -1.69700754 0.95836616 -2.29149437
v -1.70990407 0.95052153 -2.29108953
v -1.70844805 0.95485175 -2.28962994
v -1.70686042 0.95439029 -2.29126930
v -1.70867193 0.95074499 -2.29300404
v -1.70577157 0.96016341 -2.28929329
v -1.70534384 0.95757389 -2.29088044
v -1.70255780 0.95771950 -2.29222703
v -1.70405638 0.95418257 -2.29374766
v -1.70001113 0.95333612 -2.29303432
v -1.70161951 0.94962794 -2.29447508
v -1.70571315 0.95035613 -2.29516888
v -1.69957078 0.95663106 -2.29253483
v -1.70942700 0.94812030 -2.29434872
v -1.70999849 0.94703722 -2.29285812
v -1.70144248 0.96093792 -2.29130530
v -1.70624483 0.96036828 -2.28516650
v -1.70840299 0.95492083 -2.28644085
v -1.70965779 0.94987601 -2.28828096
v -1.70903993 0.94641089 -2.29006243
v -1.70648992 0.95426834 -2.28342891
v -1.70775688 0.94931787 -2.28545761
v -1.70722449 0.94632399 -2.28732276
v -1.70351112 0.95340031 -2.28139877
v -1.70509708 0.94868433 -2.28394651
v -1.70137417 0.95918155 -2.27952814
v -1.70444524 0.95991015 -2.28174639
v -1.70552146 0.94667155 -2.28591204
v -1.70691144 0.94514948 -2.29452896
v -1.70569789 0.94434494 -2.29164338
v -1.70706046 0.94709051 -2.29621053
v -1.69756603 0.95293164 -2.29199028
v -1.69950998 0.94889295 -2.29316378
v -1.69572747 0.95208973 -2.28981423
v -1.69826305 0.94790393 -2.29124880
v -1.70237839 0.94608659 -2.29441166
v -1.70339108 0.94716907 -2.29556799
v -1.70004821 0.96339190 -2.27809238
v -1.69579268 0.96211100 -2.27763343
v -1.69743073 0.95809650 -2.27917600
v -1.69965589 0.95207107 -2.28128195
v -1.69380319 0.95683134 -2.28099394
v -1.69300449 0.95618927 -2.28501415
v -1.69516134 0.95139533 -2.28681231
v -1.69614184 0.95131105 -2.28334928
v -1.69778144 0.94734067 -2.28863478
v -1.69867194 0.94711196 -2.28582335
v -1.70179200 0.94766629 -2.28406787
v -1.70080352 0.94503969 -2.28955960
v -1.70133650 0.94524699 -2.29213977
v -1.70441926 0.94472474 -2.28885341
v -1.70067847 0.94551134 -2.28737426
v -1.70333278 0.94573414 -2.28655553
v -1.67758524 0.99507463 -2.26412010
v -1.66177809 0.98280859 -2.27370977
v -1.65809774 0.98230517 -2.27227688
v -1.65781868 0.98653686 -2.27071953
v -1.66119683 0.98707551 -2.27203512
v -1.66221011 0.98565197 -2.28364086
v -1.66468036 0.98473930 -2.28042150
v -1.66439617 0.98943019 -2.27846980
v -1.66193521 0.99068123 -2.28203321
v -1.65689886 0.98558706 -2.28457165
v -1.65636361 0.99065787 -2.28311157
v -1.66183722 0.99603295 -2.27908564
v -1.66447830 0.99450791 -2.27549624
v -1.66370380 1.00259089 -2.27056098
v -1.66144264 1.00511956 -2.27415228
v -1.64788890 1.00450671 -2.26160240
v -1.65125215 1.00405073 -2.25867772
v -1.65232253 0.99821067 -2.26251864
v -1.64867198 0.99886250 -2.26444507
v -1.66416824 0.98364419 -2.27675295
v -1.66382611 0.98808122 -2.27475214
v -1.65011883 0.99067551 -2.26930761
v -1.65368569 0.99018788 -2.26766634
v -1.65409029 0.98621142 -2.27064466
v -1.65078390 0.98637736 -2.27217460
v -1.65573478 1.00361037 -2.25765681
v -1.66083670 1.00302768 -2.25845313
v -1.66041172 0.99916482 -2.26360130
v -1.65645826 0.99820554 -2.26241755
v -1.66265368 1.00016892 -2.26648402
v -1.64870179 0.99216306 -2.27287340
v -1.65081286 0.99421793 -2.27747846
v -1.64891112 1.00335717 -2.27240181
v -1.64745522 1.00062037 -2.26802349
v -1.66353667 0.99257803 -2.27190804
v -1.65752077 0.99061882 -2.26783776
v -1.66127777 0.99131715 -2.26920676
v -1.65608799 0.99621511 -2.28050375
v -1.65149415 0.98899966 -2.28018665
v -1.65059483 0.97664088 -2.28004551
v -1.64959013 0.98311198 -2.27766585
v -1.65048110 0.98219645 -2.27396107
v -1.65110755 0.97602439 -2.27662897
v -1.64951670 0.98739964 -2.27574396
v -1.65192378 0.98437983 -2.28185558
v -1.66270626 0.97652900 -2.27607417
v -1.65877426 0.97626156 -2.27434778
v -1.66485417 0.97731233 -2.27903795
v -1.65541863 1.00596690 -2.27619529
v -1.66321135 0.97899586 -2.28558803
v -1.66533923 0.97808820 -2.28247356
v -1.65411437 0.98201561 -2.27225637
v -1.65443742 0.97598076 -2.27471685
v -1.65301096 0.97779214 -2.28390908
v -1.65805495 0.97903800 -2.28636789
v -1.65397930 0.97256780 -2.28596210
v -1.65897167 0.97389609 -2.28833151
v -1.66412604 0.97393733 -2.28718853
v -1.66617692 0.97352082 -2.28401208
v -1.66535223 0.97305423 -2.28066087
v -1.65175712 0.97151071 -2.28210974
v -1.65245175 0.97133970 -2.27884817
v -1.65533483 0.97187173 -2.27688551
v -1.65351117 0.96751887 -2.28380656
v -1.65595543 0.96794266 -2.28788471
v -1.66794705 0.96034241 -2.28958654
v -1.66718423 0.96426249 -2.28862882
v -1.66534507 0.96403593 -2.28993297
v -1.66656315 0.96085799 -2.29104519
v -1.66497695 0.96896672 -2.28846478
v -1.66413367 0.96727037 -2.28966999
v -1.66113973 0.96768785 -2.29016924
v -1.66221178 0.96438527 -2.29124975
v -1.65864193 0.96395767 -2.29019499
v -1.65956509 0.96007228 -2.29106927
v -1.66320598 0.96103418 -2.29263330
v -1.65829909 0.96649271 -2.28972030
v -1.66680264 0.95862949 -2.29225230
v -1.66744936 0.95739478 -2.29092646
v -1.66017115 0.96995646 -2.28945541
v -1.66668785 0.96935821 -2.28538966
v -1.66798186 0.96431315 -2.28654337
v -1.66842258 0.95959377 -2.28777671
v -1.66706645 0.95650136 -2.28863096
v -1.66702652 0.96449232 -2.28396225
v -1.66743314 0.95952272 -2.28553581
v -1.66610932 0.95662153 -2.28658056
v -1.66465616 0.96459115 -2.28150439
v -1.66542339 0.95970118 -2.28358293
v -1.66335726 0.96922636 -2.27950454
v -1.66583228 0.96929502 -2.28226805
v -1.66518223 0.95720297 -2.28510165
v -1.66405988 0.95595503 -2.29154229
v -1.66400516 0.95532596 -2.28898239
v -1.66384232 0.95796674 -2.29346657
v -1.65647495 0.96330172 -2.28829932
v -1.65798938 0.95901644 -2.28934574
v -1.65527165 0.96315986 -2.28535748
v -1.65757346 0.95845318 -2.28682923
v -1.66044796 0.95656133 -2.29060483
v -1.66068780 0.95782804 -2.29214764
v -1.66311324 0.97266656 -2.27788949
v -1.65924585 0.97236037 -2.27641058
v -1.65990376 0.96897173 -2.27803707
v -1.66139305 0.96425068 -2.28009868
v -1.65634453 0.96829987 -2.27847767
v -1.65393579 0.96770787 -2.28048658
v -1.65580225 0.96292925 -2.28259635
v -1.65797198 0.96336269 -2.28043556
v -1.65840960 0.95852220 -2.28456759
v -1.66012084 0.95883560 -2.28295708
v -1.66276360 0.95949394 -2.28259110
v -1.66131103 0.95622492 -2.28617263
v -1.66071522 0.95594913 -2.28824544
v -1.66389215 0.95576978 -2.28672266
v -1.66183031 0.95687318 -2.28472400
v -1.66362941 0.95687127 -2.28488970
v -1.64698648 1.00513697 -2.26499414
v -1.72709072 1.05227840 -2.22025776
v -1.72494602 1.04811180 -2.22080374
v -1.72036088 1.04404795 -2.20706010
v -1.72118449 1.04299903 -2.21327901
v -1.72188437 1.04829848 -2.20286798
v -1.72714734 1.05613136 -2.20466399
v -1.72480202 1.05264616 -2.20242548
v -1.72316158 1.04460049 -2.21872425
v -1.72897112 1.05622613 -2.21642637
v -1.72904181 1.05803728 -2.20996070
v -1.73752153 1.05127001 -2.21593094
v -1.73806965 1.05301762 -2.20920110
v -1.73582423 1.05114067 -2.20326614
v -1.73198545 1.04784155 -2.20107555
v -1.72807968 1.04418194 -2.20176387
v -1.73505139 1.04815817 -2.22022748
v -1.73177707 1.04434550 -2.22083020
v -1.72844589 1.04116488 -2.21756291
v -1.74261749 1.04391897 -2.21994162
v -1.74782205 1.04549444 -2.21598244
v -1.75370324 1.03923368 -2.20198178
v -1.74926400 1.04177427 -2.20205021
v -1.75172985 1.04318535 -2.20472550
v -1.75557768 1.04189396 -2.20415354
v -1.74512684 1.04544044 -2.20314336
v -1.74940908 1.04467916 -2.20564294
v -1.75080645 1.04503703 -2.20974827
v -1.75385082 1.04453170 -2.20952892
v -1.75160992 1.04467583 -2.21365404
v -1.75445330 1.04382992 -2.21466136
v -1.75770080 1.04345095 -2.20890975
v -1.75890207 1.04044795 -2.20455694
v -1.76073647 1.04111099 -2.20828724
v -1.75813472 1.03756654 -2.20350742
v -1.74674118 1.04696631 -2.20953727
v -1.73925412 1.04353428 -2.20043802
v -1.74592984 1.03959382 -2.20042515
v -1.75166690 1.03617084 -2.20134234
v -1.75606108 1.03412032 -2.20400357
v -1.74227214 1.03610396 -2.20149827
v -1.74894094 1.03309226 -2.20327926
v -1.75317442 1.03221714 -2.20590186
v -1.74016082 1.03354955 -2.20555329
v -1.74735057 1.03180814 -2.20680046
v -1.73128641 1.03764141 -2.20517826
v -1.73439336 1.04033649 -2.20094347
v -1.75105286 1.03146291 -2.20767331
v -1.76114690 1.03701389 -2.20822310
v -1.75834298 1.03361619 -2.20903754
v -1.75259149 1.04197288 -2.21770358
v -1.75780761 1.04235291 -2.21422052
v -1.75646794 1.03942943 -2.21675587
v -1.74920714 1.03958344 -2.21964860
v -1.75410020 1.03638422 -2.21765924
v -1.75989628 1.03784680 -2.21404576
v -1.76060951 1.04122090 -2.21273756
v -1.72578371 1.04120207 -2.20566010
v -1.72633350 1.04009151 -2.21164227
v -1.73162365 1.03681803 -2.21157193
v -1.73998094 1.03317511 -2.21135211
v -1.73413992 1.03835607 -2.21756434
v -1.73813570 1.04077387 -2.22074485
v -1.74564254 1.03637624 -2.21954036
v -1.74222147 1.03399491 -2.21677279
v -1.75135911 1.03364682 -2.21706557
v -1.74874973 1.03211308 -2.21465182
v -1.74743974 1.03154016 -2.21082091
v -1.75432837 1.03249109 -2.21369362
v -1.75745595 1.03449011 -2.21423936
v -1.75494182 1.03198540 -2.20971227
v -1.75192559 1.03175485 -2.21291924
v -1.75170195 1.03137946 -2.21025991
v -1.64943504 1.00756848 -2.25467110
v -1.65511858 1.00750661 -2.25281930
v -1.65237927 1.01298738 -2.24911332
v -1.64849937 1.01949906 -2.24485183
v -1.64065742 1.02459335 -2.24478269
v -1.65447307 1.02156854 -2.24340892
v -1.65820134 1.01472831 -2.24770832
v -1.66240680 1.00758004 -2.25259376
v -1.65659988 1.02878499 -2.23926616
v -1.72753108 1.79508638 -2.02954841
v -1.72998655 1.79685831 -2.02704906
v -1.72968912 1.78923583 -2.02888584
v -1.72726309 1.78818130 -2.03085232
v -1.73466027 1.79002166 -2.02357435
v -1.73234355 1.78953099 -2.02658129
v -1.73275793 1.79802608 -2.02320814
v -1.73496699 1.79748654 -2.01832414
v -1.73711467 1.79204631 -2.01086378
v -1.73840487 1.79011273 -2.00966811
v -1.73880088 1.78945458 -2.01067448
v -1.73810768 1.78972745 -2.01283646
v -1.73758030 1.79004776 -2.01658344
v -1.72320497 1.78935218 -2.03273153
v -1.72394061 1.79144156 -2.03214717
v -1.72554266 1.79287100 -2.03117013
v -1.73656988 1.79010367 -2.02028871
v -1.72507942 1.78799272 -2.03195715
v -1.72359085 1.78829789 -2.03253865
v -1.73601687 1.79476070 -2.01398015
v -1.73395789 1.79243755 -2.02359772
v -1.73147023 1.79141235 -2.02683282
v -1.73314822 1.79473519 -2.02361178
v -1.73519099 1.79470944 -2.01945162
v -1.73737037 1.79162145 -2.01417327
v -1.73691988 1.79176140 -2.01677513
v -1.72905469 1.79055572 -2.02907419
v -1.73581517 1.79226255 -2.02021480
v -1.73049057 1.79379940 -2.02695251
v -1.73641694 1.79353213 -2.01578999
v -1.73711491 1.79230011 -2.01350975
v -1.72409213 1.78941691 -2.03222203
v -1.72428119 1.78900862 -2.03217006
v -1.74152470 1.51502800 -2.01472712
v -1.74597394 1.49518776 -2.01798081
v -1.72826588 1.79248977 -2.02918148
v -1.72533560 1.78933120 -2.03163671
v -1.72696137 1.78981972 -2.03056264
v -1.72628951 1.79129767 -2.03070712
v -1.72486186 1.79023266 -2.03169346
v -1.59692967 1.39022231 -2.13278699
v -1.59366703 1.39680791 -2.14482069
v -1.55477071 1.41620064 -2.16328907
v -1.53868484 1.42340624 -2.15557909
v -1.74633241 1.23332810 -2.06118059
v -1.57545030 1.29173899 -2.03193259
v -1.57136142 1.31178665 -2.03300881
v -1.58191264 1.31069922 -1.96208858
v -1.57480383 1.30645537 -1.97910964
v -1.64848602 1.26633263 -2.09470582
v -1.64939487 1.28298092 -2.09305048
v -1.70760858 1.25380373 -2.07854891
v -1.70674753 1.27121651 -2.07684541
v -1.66950023 1.24500704 -2.09601235
v -1.57473207 1.25798416 -2.00138378
v -1.57506621 1.25518346 -2.01990294
v -1.57512689 1.27584291 -2.01599598
v -1.57381380 1.27932405 -1.99815047
v -1.59263337 1.31249142 -1.94817770
v -1.59622872 1.28994858 -1.95007551
v -1.63000286 1.30647802 -2.09257388
v -1.60860515 1.31094754 -2.08490467
v -1.57963336 1.32266986 -2.05383182
v -1.57078600 1.33009386 -2.03551674
v -1.56684089 1.33863389 -2.01723480
v -1.56671178 1.34674358 -1.99885654
v -1.72596192 1.28774786 -2.07005429
v -1.74128628 1.30590463 -2.05894661
v -1.65221250 1.30142927 -2.09380984
v -1.76850688 1.28579056 -2.03001666
v -1.56454980 1.37881446 -1.98229611
v -1.57151723 1.38220906 -1.96140897
v -1.59230149 1.31638145 -2.07122517
v -1.76075518 1.44828343 -2.03907204
v -1.75262892 1.45144606 -2.05349755
v -1.76220620 1.43515348 -2.05700517
v -1.76958239 1.43115675 -2.04214239
v -1.75425804 1.43726563 -2.07048368
v -1.74525106 1.43773186 -2.08252406
v -1.73581660 1.43756723 -2.09269094
v -1.70668066 1.43304479 -2.11162305
v -1.71629345 1.43486190 -2.10720038
v -1.68716919 1.42518663 -2.11676884
v -1.69704139 1.43010092 -2.11460257
v -1.67647839 1.41720653 -2.11778641
v -1.66424394 1.40852082 -2.11664939
v -1.64558625 1.41161215 -2.11036229
v -1.65149367 1.39994788 -2.11286092
v -1.67108953 1.39724660 -2.11858702
v -1.68310034 1.40711737 -2.11999178
v -1.69416237 1.41479015 -2.11873341
v -1.78391802 1.36352110 -2.03214788
v -1.78764188 1.38799381 -2.03133750
v -1.73842740 1.53431511 -2.01117873
v -1.51455343 1.20240974 -2.16699958
v -1.63025832 1.14720273 -2.21324515
v -1.61580861 1.57321596 -1.95915031
v -1.60735452 1.57884204 -1.97523284
v -1.59727407 1.59436846 -2.03409886
v -1.60762203 1.59885955 -2.05766964
v -1.59399235 1.58699512 -2.01079178
v -1.59676731 1.57773733 -1.99085712
v -1.67549503 1.31486773 -2.08919859
v -1.59500837 1.54636538 -1.97098553
v -1.59155262 1.56753051 -1.98940885
v -1.58793938 1.57765114 -2.00962687
v -1.58912230 1.58570790 -2.03520441
v -1.59753680 1.59232593 -2.06436157
v -1.59779751 1.58817387 -2.08112645
v -1.58322072 1.56635094 -2.09273767
v -1.58193147 1.55982280 -2.10349774
v -1.57934165 1.55165076 -2.11412215
v -1.59025908 1.55964470 -2.12685084
v -1.59348500 1.56910110 -2.11623931
v -1.54507387 1.45714581 -2.14683628
v -1.53690541 1.44080305 -2.14442110
v -1.52902198 1.42985535 -2.13797617
v -1.52440059 1.42264700 -2.12927604
v -1.52397597 1.41989493 -2.11882234
v -1.52748501 1.42092133 -2.10802531
v -1.53448582 1.42766094 -2.09988928
v -1.55699670 1.45222211 -2.08764338
v -1.56329489 1.46103978 -2.08771181
v -1.56979263 1.44902468 -2.07673097
v -1.56903172 1.44142592 -2.07365084
v -1.56487215 1.41864562 -2.05930829
v -1.56174588 1.40604019 -2.05061293
v -1.55828965 1.39150918 -2.04085875
v -1.55832136 1.15013599 -2.02220607
v -1.55840588 1.15249681 -2.04259777
v -1.56326413 1.17251408 -2.03816485
v -1.56244934 1.17021382 -2.01752639
v -1.58402431 1.21210814 -1.97318268
v -1.59338462 1.21174264 -1.95445931
v -1.59367239 1.17720795 -2.09511137
v -1.61257553 1.17588413 -2.10696745
v -1.56862736 1.17484808 -2.05862904
v -1.57887447 1.17681932 -2.07825541
v -1.63321722 1.17390668 -2.11399698
v -1.71828640 1.15474832 -2.09139919
v -1.73739827 1.14942276 -2.07992935
v -1.76918948 1.14126980 -2.05235839
v -1.78052080 1.13945735 -2.03637028
v -1.65446520 1.17016649 -2.11599255
v -1.75459218 1.14462531 -2.06705928
v -1.67621112 1.16494632 -2.11205745
v -1.69746041 1.15971804 -2.10277867
v -1.57768846 1.21245480 -1.99193597
v -1.57190251 1.18985963 -1.99477243
v -1.56874287 1.19119298 -2.01347160
v -1.56747770 1.45243096 -1.95937288
v -1.56051207 1.45694578 -1.97535419
v -1.55320299 1.46210861 -1.99116075
v -1.55268550 1.48812878 -2.00522876
v -1.55040586 1.46952891 -2.00749683
v -1.55022907 1.47642756 -2.02435040
v -1.55115688 1.49459684 -2.02188516
v -1.55402458 1.50151563 -2.05045199
v -1.55322516 1.48741651 -2.05186415
v -1.55452728 1.49004507 -2.06053400
v -1.55462313 1.50262558 -2.06062388
v -1.55415750 1.49163449 -2.06879616
v -1.55368733 1.49140251 -2.07827449
v -1.55565727 1.48888826 -2.08698082
v -1.55228698 1.48224604 -2.09355640
v -1.55074120 1.50073647 -2.10170364
v -1.55380428 1.50858951 -2.09340978
v -1.55643928 1.51595449 -2.05224991
v -1.55477703 1.51463723 -2.03811479
v -1.57814550 1.48460507 -1.96219826
v -1.58710837 1.47938728 -1.94677019
v -1.63600981 1.39624655 -2.10694981
v -1.61972558 1.39505053 -2.10101962
v -1.60512793 1.39663494 -2.09544754
v -1.59266675 1.40090251 -2.08872199
v -1.58203518 1.40735817 -2.08154821
v -1.57339990 1.41604602 -2.07331181
v -1.56768787 1.43413329 -2.06981897
v -1.56659913 1.42676723 -2.06508470
v -1.56238782 1.44588745 -2.06370091
v -1.56098831 1.43896842 -2.05753851
v -1.55588770 1.45177889 -2.05081296
v -1.55252767 1.46570849 -2.04456782
v -1.55142605 1.48254871 -2.03989768
v -1.55205798 1.49896502 -2.03753209
v -1.55405474 1.51242423 -2.02273512
v -1.55586874 1.50677133 -2.00723886
v -1.56437862 1.51812017 -1.99382377
v -1.56945419 1.53484750 -1.99779761
v -1.55962539 1.50028396 -1.99025238
v -1.55544114 1.48128724 -1.98803473
v -1.62258518 1.61006892 -2.02619314
v -1.61839271 1.60660076 -2.00390387
v -1.53418982 1.44219208 -2.10556889
v -1.53623164 1.44159007 -2.10172200
v -1.53516316 1.43568981 -2.10111880
v -1.53108704 1.43293250 -2.10732126
v -1.52873027 1.43369341 -2.11478162
v -1.53300726 1.44950819 -2.11740661
v -1.53276384 1.44403303 -2.11141825
v -1.52893388 1.43738961 -2.12287259
v -1.53183711 1.44433570 -2.13007903
v -1.53504038 1.45600152 -2.12374640
v -1.53681147 1.45324373 -2.13565612
v -1.53835464 1.46316326 -2.12923265
v -1.54235089 1.46421635 -2.13865376
v -1.54169381 1.46895456 -2.13307190
v -1.55204475 1.50483322 -2.12182450
v -1.54776251 1.49264979 -2.12683845
v -1.54412615 1.47958815 -2.13073325
v -1.54670250 1.47350454 -2.09830213
v -1.54161239 1.46437609 -2.10280490
v -1.53687727 1.45419908 -2.10707164
v -1.53699994 1.46085644 -2.11226439
v -1.54146779 1.47115612 -2.10803747
v -1.54589868 1.48165190 -2.10330176
v -1.57185066 1.46852899 -1.95985115
v -1.56302238 1.47484803 -1.97403610
v -1.55416811 1.50314355 -2.07052326
v -1.55388832 1.50249624 -2.07985568
v -1.55434704 1.49878561 -2.08915710
v -1.55097675 1.49115467 -2.09742904
v -1.55500746 1.51290083 -2.08422971
v -1.55559552 1.51511860 -2.07416177
v -1.55662155 1.51571298 -2.06326079
v -1.56745195 1.49218524 -1.97570539
v -1.58015788 1.46395934 -1.94414580
v -1.64520550 1.51102054 -2.13252401
v -1.63887250 1.53221250 -2.14380813
v -1.62396228 1.54974711 -2.14727783
v -1.60564721 1.56003463 -2.14066219
v -1.51380837 1.27356207 -2.11910748
v -1.59673381 1.26663005 -1.95105505
v -1.59629512 1.24208069 -1.95280421
v -1.58531988 1.23946536 -1.96948862
v -1.57839870 1.38238287 -1.94326842
v -1.57403195 1.44984126 -1.94220662
v -1.74217725 1.40780973 -2.10806084
v -1.75215304 1.40848744 -2.10052967
v -1.74435091 1.42306387 -2.09662247
v -1.73451340 1.42245817 -2.10440254
v -1.72169006 1.40697956 -2.11721754
v -1.73189795 1.40730512 -2.11363769
v -1.72433352 1.42152572 -2.11006522
v -1.71464086 1.42046833 -2.11415505
v -1.71153808 1.40568590 -2.11965275
v -1.70459819 1.41891193 -2.11695004
v -1.73749387 1.39113545 -2.11579275
v -1.74797630 1.39142203 -2.10999775
v -1.75788128 1.39236879 -2.10252380
v -1.71683073 1.39116573 -2.12136126
v -1.72671294 1.39144659 -2.11914182
v -1.77926826 1.68207717 -2.01152205
v -1.79146898 1.69278431 -2.01737785
v -1.78973413 1.73721337 -2.01215982
v -1.78699601 1.74037766 -2.01083708
v -1.72933733 1.56345701 -2.00354338
v -1.72981369 1.57766294 -2.00194263
v -1.78364551 1.40836477 -2.03040147
v -1.76782715 1.44303751 -2.02533364
v -1.75680947 1.45705366 -2.02273417
v -1.75050104 1.47550619 -2.02039385
v -1.73381305 1.55009365 -2.00755143
v -1.77631521 1.42608452 -2.02835441
v -1.58522344 0.97016209 -2.10698199
v -1.57846701 0.95131850 -2.08460784
v -1.56997871 0.98090625 -2.08699679
v -1.56581366 0.96735418 -2.07050729
v -1.57453620 1.05717611 -2.09964252
v -1.57409894 1.02763021 -2.09849620
v -1.57341325 1.08745551 -2.09729123
v -1.56223488 0.95939434 -2.04731321
v -1.56391478 0.95650578 -2.02058101
v -1.55334890 0.97703421 -2.01414299
v -1.55965853 1.08335018 -2.07600188
v -1.56006980 1.05495429 -2.07716703
v -1.56199539 0.98821616 -2.07456899
v -1.57204759 1.00158858 -2.09536743
v -1.56063378 1.00324750 -2.07630849
v -1.55350280 0.97847772 -2.04015946
v -1.55754197 0.98251987 -2.06091619
v -1.56626618 1.14554858 -1.98089063
v -1.56962764 1.12474656 -1.95732164
v -1.56075096 1.12410855 -1.98391497
v -1.56416786 1.15695381 -2.06423378
v -1.55550182 1.13210595 -2.04731560
v -1.55273318 1.00111663 -2.05754828
v -1.54785359 0.99983513 -2.03535986
v -1.54754937 0.99997652 -2.00919771
v -1.54432118 1.07670891 -2.00802755
v -1.54207003 1.05161953 -2.00640488
v -1.54392231 1.05100334 -2.03118467
v -1.54559946 1.07814395 -2.03215098
v -1.55175757 1.10728657 -2.05143261
v -1.55092955 1.08000433 -2.05391502
v -1.54895329 1.10225868 -2.00772381
v -1.54858780 1.10444283 -2.03001976
v -1.55317986 1.12857461 -2.02630639
v -1.55053306 1.05183721 -2.05507326
v -1.54802620 1.02701461 -1.97726762
v -1.54288065 1.02517128 -2.00609994
v -1.56174099 1.03070533 -1.94984603
v -1.55512011 1.12605023 -2.00547910
v -1.56139064 1.14786625 -2.00202894
v -1.56693196 1.16874957 -1.99782419
v -1.57861090 1.23777843 -1.98798394
v -1.79330766 0.79386485 -2.13095379
v -1.71759164 0.95456278 -1.98763764
v -1.69984972 0.95168889 -1.98173416
v -1.67352819 1.03298092 -2.15327430
v -1.61277080 0.99356067 -2.13977098
v -1.58921075 0.99758315 -2.11726713
v -1.75285113 0.97428524 -2.02715969
v -1.74264491 0.96321261 -2.00691104
v -1.70283115 1.03480291 -2.14540434
v -1.74731147 1.01090920 -2.10623860
v -1.73109627 0.95801878 -1.99480152
v -1.56023872 1.02773023 -2.07737923
v -1.55099511 1.02506983 -2.05581021
v -1.54552042 1.02476382 -2.03226352
v -1.55192554 1.00248849 -1.97999918
v -1.56564772 1.00943434 -1.95190239
v -1.76037264 1.02450967 -2.02508736
v -1.76275957 1.03509939 -2.02328849
v -1.76550746 1.03292966 -2.01560569
v -1.76295924 1.01804841 -2.01437521
v -1.71950495 1.13641787 -2.09121346
v -1.73718643 1.13101494 -2.07704258
v -1.76768112 1.12476945 -2.04787898
v -1.77825701 1.12353849 -2.03302979
v -1.65557575 1.15233910 -2.12060833
v -1.75395143 1.12732935 -2.06273556
v -1.67764747 1.14735842 -2.11605644
v -1.69896245 1.14169466 -2.10457325
v -1.70816255 0.32715076 -2.01835656
v -1.70827878 0.29767305 -2.01660275
v -1.69589627 0.30101353 -2.01264524
v -1.69765234 0.33046299 -2.01198769
v -1.66870642 0.33715731 -2.01740146
v -1.67959297 0.33464754 -2.01043797
v -1.66113031 0.33737582 -2.02819371
v -1.65954697 0.30588943 -2.02253318
v -1.65953279 0.30406004 -2.03385091
v -1.65884387 0.33503932 -2.04038453
v -1.66293085 0.33276075 -2.05103278
v -1.67046416 0.30019802 -2.05344319
v -1.68511569 0.29847962 -2.06212139
v -1.68514979 0.32653189 -2.07014036
v -1.67113459 0.33027834 -2.06023026
v -1.70334375 0.32003301 -2.07269096
v -1.70302391 0.29371375 -2.06463003
v -1.71877086 0.31691492 -2.06363368
v -1.71873021 0.32295960 -2.02856040
v -1.72087228 0.29444319 -2.02555442
v -1.66696894 0.30573851 -2.01255178
v -1.67840803 0.30332524 -2.00838232
v -1.68965197 0.33217782 -2.00888848
v -1.68732190 0.30238718 -2.01034927
v -1.69878352 0.27095133 -2.00945520
v -1.71316469 0.27039081 -2.01171684
v -1.66472387 0.27504748 -2.00815773
v -1.67729676 0.27289981 -2.00860214
v -1.66067171 0.27480668 -2.02841139
v -1.65645432 0.27609044 -2.01733184
v -1.66772437 0.27185661 -2.05164623
v -1.66426277 0.30220920 -2.04354501
v -1.66416502 0.27319330 -2.03994966
v -1.68317342 0.27208787 -2.05926895
v -1.70485044 0.27067488 -2.06203651
v -1.72594869 0.26928908 -2.02268600
v -1.68808162 0.27267724 -2.00983572
v -1.84181297 0.18997568 -2.13882017
v -1.84628201 0.18906420 -2.13367510
v -1.84424973 0.19406873 -2.13401842
v -1.84139073 0.19388348 -2.13753438
v -1.86715484 0.19212765 -2.11228275
v -1.87090218 0.18886203 -2.10164881
v -1.87080204 0.20062715 -2.10323095
v -1.86827517 0.20226485 -2.11086178
v -1.85899127 0.19044846 -2.12602973
v -1.85498512 0.19024032 -2.13228536
v -1.85348463 0.18626982 -2.12929678
v -1.85613894 0.18661350 -2.12524509
v -1.80759168 0.19077402 -2.14252758
v -1.80266953 0.18936878 -2.14630103
v -1.80260789 0.18620938 -2.14418054
v -1.80579340 0.18591791 -2.14143729
v -1.82912660 0.18859023 -2.14010286
v -1.82430685 0.18791145 -2.14375544
v -1.82411921 0.18416280 -2.14154506
v -1.82705438 0.18385941 -2.13911271
v -1.84789145 0.20551175 -2.10263968
v -1.85999250 0.20486921 -2.10869861
v -1.86423278 0.20330542 -2.09705877
v -1.85299063 0.20736235 -2.08898234
v -1.86472988 0.19365615 -2.09039092
v -1.86010003 0.18773741 -2.09612060
v -1.84933412 0.18647557 -2.08813286
v -1.85287774 0.19527966 -2.08217192
v -1.85599327 0.18709165 -2.10788536
v -1.84534800 0.18610173 -2.10108972
v -1.84368300 0.19406015 -2.10871100
v -1.85594237 0.19543666 -2.11683083
v -1.83666813 0.19410056 -2.12484598
v -1.84595370 0.19186121 -2.13278818
v -1.84886956 0.19881088 -2.12802172
v -1.83917952 0.20241410 -2.12052155
v -1.85365987 0.19907647 -2.12157774
v -1.84554422 0.20217234 -2.11173987
v -1.84663153 0.19174844 -2.10849810
v -1.85734642 0.19211465 -2.11700773
v -1.85222149 0.18653077 -2.11927938
v -1.84228921 0.18583673 -2.11108112
v -1.83823216 0.18599170 -2.11887383
v -1.84725332 0.18588001 -2.12676072
v -1.82604098 0.19984740 -2.13124514
v -1.83589602 0.19547075 -2.13569832
v -1.84028316 0.19577330 -2.12969971
v -1.83259463 0.19983929 -2.12353373
v -1.84354365 0.18807656 -2.12652326
v -1.83967197 0.18457800 -2.13015294
v -1.83198953 0.18523103 -2.12370586
v -1.83558917 0.18970209 -2.12080812
v -1.82657230 0.18578643 -2.13116336
v -1.83563411 0.18389517 -2.13597512
v -1.82534850 0.19356233 -2.13567853
v -1.83407187 0.18973082 -2.13973761
v -1.80745041 0.19235450 -2.14116573
v -1.81698239 0.18813199 -2.14384365
v -1.81878793 0.19391340 -2.14215183
v -1.80861533 0.19892520 -2.13871789
v -1.82280922 0.19494098 -2.13789821
v -1.81554472 0.19882792 -2.13401341
v -1.82592940 0.19063562 -2.13459682
v -1.82335448 0.18363827 -2.13529849
v -1.81613421 0.18502694 -2.13233566
v -1.81969333 0.19281250 -2.13230205
v -1.81873441 0.18325418 -2.14014864
v -1.80947280 0.18501967 -2.13720608
v -1.78817368 0.19820148 -2.14160490
v -1.78565645 0.19111973 -2.14199805
v -1.79507601 0.19078487 -2.14552569
v -1.79653621 0.19626909 -2.14413691
v -1.80121839 0.19656771 -2.14124584
v -1.79520535 0.19935161 -2.13869405
v -1.80401945 0.19226903 -2.13802886
v -1.80240381 0.18515009 -2.13771868
v -1.79681802 0.18538660 -2.13566542
v -1.79859138 0.19365972 -2.13730693
v -1.79752457 0.18510538 -2.14252615
v -1.79003513 0.18582529 -2.13908863
v -1.84100664 0.20928282 -2.08227372
v -1.83465195 0.20517904 -2.09874225
v -1.86620247 0.18831724 -2.10215902
v -1.84084177 0.19544023 -2.07588124
v -1.86403024 0.18804175 -2.10860300
v -1.83417273 0.18510467 -2.09821939
v -1.83742356 0.18562263 -2.08214259
v -1.83913195 0.19320780 -2.10402679
v -1.85442948 0.19564623 -2.13057256
v -1.83049858 0.19197303 -2.11788511
v -1.82450414 0.18474764 -2.11373758
v -1.85687256 0.19591516 -2.12678599
v -1.82496166 0.20383757 -2.11338878
v -1.81015861 0.20264083 -2.12396741
v -1.84372056 0.18523151 -2.13408208
v -1.84138703 0.18497688 -2.13701510
v -1.81089318 0.18455440 -2.12590694
v -1.81716001 0.19382173 -2.13193059
v -1.82406926 0.19155687 -2.14325547
v -1.79817593 0.19354123 -2.13827467
v -1.79496360 0.18414849 -2.13282108
v -1.82643926 0.19275194 -2.14074898
v -1.79326582 0.20290214 -2.13238263
v -1.80184758 0.19293398 -2.14474750
v -1.77421856 0.19247109 -2.13814282
v -1.78029931 0.18425232 -2.13550496
v -1.80462742 0.19382423 -2.14324856
v -1.77818882 0.20140821 -2.13725591
v -1.72565317 0.31794822 -2.03973198
v -1.72720647 0.29202586 -2.03680038
v -1.72525918 0.31529957 -2.05114698
v -1.71816146 0.29141361 -2.05719709
v -1.72588456 0.29004091 -2.04766178
v -1.73315334 0.26930994 -2.03648233
v -1.72143209 0.26869792 -2.05617118
v -1.73057997 0.26900035 -2.04846406
v -1.66346383 0.25118071 -2.04979420
v -1.67988503 0.25151879 -2.05942535
v -1.66167104 0.25208086 -2.03642106
v -1.65207446 0.25278252 -2.01324272
v -1.65635562 0.25313312 -2.02520609
v -1.74285066 0.25133926 -2.03979707
v -1.73181975 0.24826080 -2.02421045
v -1.74138498 0.25262552 -2.05396366
v -1.72935843 0.25222737 -2.06338549
v -1.82862079 0.21226817 -2.07119799
v -1.81075728 0.21198660 -2.06110382
v -1.80502474 0.22178727 -2.07460356
v -1.82029557 0.21413440 -2.08638859
v -1.79205954 0.22021312 -2.08843279
v -1.80863798 0.21121424 -2.09997344
v -1.77787089 0.21701783 -2.09962821
v -1.79429066 0.20940274 -2.11145353
v -1.76391804 0.21363419 -2.10908675
v -1.77901697 0.20765585 -2.12103415
v -1.75097156 0.20668775 -2.11695981
v -1.76563489 0.20438200 -2.12913370
v -1.74423003 0.19607931 -2.12229013
v -1.75974405 0.19409174 -2.13344669
v -1.82890463 0.19502085 -2.06521749
v -1.81156683 0.19498008 -2.05700374
v -1.82370269 0.18285793 -2.07302690
v -1.80515897 0.18062490 -2.06460190
v -1.81472468 0.18259639 -2.08652306
v -1.79568481 0.18032366 -2.07737374
v -1.74934280 0.18352860 -2.12010074
v -1.76631391 0.18233842 -2.12942505
v -1.80253959 0.18199080 -2.10044646
v -1.78368258 0.18166596 -2.09083390
v -1.78956509 0.18037587 -2.11229014
v -1.77094972 0.18079215 -2.10256648
v -1.77721786 0.17986435 -2.12166119
v -1.75923121 0.18022805 -2.11226892
v -1.78528738 0.22729045 -2.06117773
v -1.77474105 0.23181182 -2.07637262
v -1.75998282 0.22823673 -2.08684182
v -1.74577045 0.22084981 -2.09444237
v -1.73360562 0.20954913 -2.10090089
v -1.72704279 0.19920427 -2.10732388
v -1.72184598 0.23142999 -2.08029628
v -1.71318495 0.21143478 -2.08484554
v -1.70904839 0.19927233 -2.09103990
v -1.69108605 0.21292931 -2.07067943
v -1.69063985 0.19934851 -2.07498217
v -1.65764713 0.21218210 -2.04558563
v -1.65414739 0.19598442 -2.05027723
v -1.67063844 0.19918376 -2.06140018
v -1.67210126 0.21337789 -2.05649757
v -1.69746101 0.23092860 -2.06640887
v -1.67579627 0.23246020 -2.05470443
v -1.66295552 0.23275334 -2.04389763
v -1.64038110 0.19395560 -2.02642107
v -1.64473093 0.19410509 -2.03937674
v -1.64827347 0.21124083 -2.03579235
v -1.64128947 0.21131641 -2.02442384
v -1.64161658 0.20895845 -2.00809765
v -1.64411438 0.19116908 -2.01037240
v -1.65810466 0.20628303 -1.99890327
v -1.65857720 0.18910640 -2.00001907
v -1.64876080 0.23309475 -2.02396488
v -1.65588737 0.23252434 -2.03375649
v -1.64587677 0.23210222 -2.00977540
v -1.66079772 0.22979933 -2.00197482
v -1.67800224 0.22887498 -2.00619745
v -1.67739117 0.20639032 -2.00345135
v -1.67773938 0.18958348 -2.00170779
v -1.78790152 0.21163136 -2.05230260
v -1.78643227 0.19813436 -2.05187130
v -1.74282873 0.24090320 -2.07545805
v -1.75760746 0.24331826 -2.06388235
v -1.76014793 0.23554116 -2.04529953
v -1.76361120 0.21361047 -2.04022455
v -1.75938392 0.19926864 -2.04398608
v -1.73632169 0.19873244 -2.03484941
v -1.74053562 0.21115369 -2.02900004
v -1.78048217 0.18681592 -2.05758834
v -1.75387681 0.19200319 -2.05040860
v -1.73151696 0.19226843 -2.04063892
v -1.71827364 0.19644374 -2.02366495
v -1.72144830 0.20891958 -2.01903415
v -1.70404565 0.19414121 -2.01512170
v -1.70570934 0.20847172 -2.01314449
v -1.69255269 0.20765692 -2.00887442
v -1.69187367 0.19204241 -2.00824833
v -1.70472944 0.22790569 -2.01195908
v -1.69235110 0.22858244 -2.00904751
v -1.72052181 0.22747737 -2.01714659
v -1.73947942 0.23009986 -2.02715039
v -1.73024023 0.18677443 -2.10685921
v -1.71162069 0.18871564 -2.09132552
v -1.69276738 0.18959850 -2.07531571
v -1.67312253 0.18740350 -2.06169105
v -1.65921795 0.18396312 -2.04846144
v -1.65165234 0.18252748 -2.03814125
v -1.65129340 0.18161947 -2.01415586
v -1.64753962 0.18217045 -2.02695966
v -1.66170382 0.18066150 -2.00657701
v -1.67676878 0.18011361 -2.00836515
v -1.68928313 0.18108040 -2.01375365
v -1.71402419 0.18799978 -2.02913427
v -1.70064485 0.18360478 -2.02043343
v -1.71720421 0.24687511 -2.01205873
v -1.70129538 0.24773151 -2.00761366
v -1.68964314 0.24975675 -2.00746202
v -1.66308618 0.25243837 -2.00542784
v -1.67801893 0.25076824 -2.00719118
v -1.77214408 0.18363756 -2.06808090
v -1.76078928 0.18446225 -2.08060598
v -1.74885941 0.18343109 -2.09175634
v -1.73850870 0.18312949 -2.10048389
v -1.71782708 0.18468803 -2.08671951
v -1.72611642 0.18461019 -2.07883668
v -1.73651171 0.18520004 -2.06846929
v -1.74682879 0.18771130 -2.05818248
v -1.69917440 0.18469065 -2.07101059
v -1.70685136 0.18372816 -2.06432486
v -1.71541440 0.18372387 -2.05488038
v -1.72499311 0.18668932 -2.04707980
v -1.70762825 0.18225223 -2.03498101
v -1.69827306 0.18086392 -2.04120922
v -1.69032705 0.18124777 -2.04970598
v -1.68159044 0.18262750 -2.05592036
v -1.66855383 0.18075544 -2.04361773
v -1.67765641 0.17998594 -2.03806758
v -1.68560469 0.17936379 -2.03066134
v -1.69382548 0.17988855 -2.02581906
v -1.66180801 0.17985874 -2.03509951
v -1.65827358 0.17887646 -2.01849675
v -1.65810573 0.17969698 -2.02697134
v -1.66448736 0.17808706 -2.01317072
v -1.67475080 0.17795986 -2.01527882
v -1.68417311 0.17858428 -2.01982903
v -1.67794967 0.17874867 -2.02501988
v -1.67154777 0.17848271 -2.02078581
v -1.67035878 0.17945439 -2.03114080
v -1.66568661 0.17930061 -2.02552414
v -1.66621113 0.17865545 -2.01819587
v -1.66329575 0.17899686 -2.02063775
v -1.70826280 0.24925977 -2.06413150
v -1.80167162 0.59975559 -2.10298514
v -1.80282629 0.60405242 -2.08827925
v -1.79555213 0.60130501 -2.11742520
v -1.72482312 1.03446972 -2.12806726
v -1.72790408 1.23465431 -2.07068563
v -1.72560453 1.26924789 -2.07000756
v -1.72662592 1.25151217 -2.07003307
v -1.73139524 1.01012540 -2.13167858
v -1.67255580 1.29633009 -2.08987522
v -1.72594869 1.43663108 -2.10089350
v -1.65539312 1.74176455 -2.03841257
v -1.65685594 1.73849607 -2.03653431
v -1.65675414 1.73538733 -2.03488016
v -1.65630734 1.73224521 -2.03411126
v -1.65517724 1.72943592 -2.03264880
v -1.65341520 1.72783899 -2.02976394
v -1.65375531 1.73531771 -2.03566647
v -1.65183866 1.73607016 -2.03199792
v -1.65195811 1.73822725 -2.03239632
v -1.65389967 1.73777485 -2.03625679
f 2 3 1
f 1 3 4
f 3 2 5
f 5 2 6
f 3 7 4
f 4 7 8
f 10 11 9
f 9 11 12
f 14 15 13
f 13 15 16
f 18 19 17
f 17 19 20
f 22 23 21
f 21 23 24
f 26 18 25
f 25 18 17
f 27 28 17
f 17 28 25
f 30 31 29
f 29 31 32
f 34 35 33
f 33 35 36
f 21 24 37
f 37 24 38
f 40 31 39
f 39 31 38
f 34 33 28
f 28 33 25
f 41 42 44
f 44 42 43
f 36 45 33
f 33 45 25
f 46 47 49
f 49 47 48
f 51 52 50
f 50 52 53
f 55 53 54
f 54 53 52
f 57 58 56
f 56 58 59
f 61 62 60
f 60 62 63
f 65 66 64
f 64 66 67
f 69 70 68
f 68 70 71
f 65 73 72
f 72 73 74
f 64 75 65
f 65 75 73
f 77 78 76
f 76 78 79
f 80 81 83
f 83 81 82
f 81 85 84
f 84 85 86
f 88 89 87
f 87 89 69
f 88 87 90
f 90 87 91
f 93 94 92
f 92 94 95
f 96 84 43
f 43 84 44
f 51 98 97
f 97 98 86
f 97 99 51
f 51 99 52
f 54 52 100
f 100 52 99
f 58 101 59
f 59 101 102
f 62 103 63
f 63 103 104
f 105 106 6
f 6 106 5
f 108 109 107
f 107 109 110
f 112 113 111
f 111 113 114
f 116 117 115
f 115 117 118
f 120 121 119
f 119 121 122
f 124 125 123
f 123 125 126
f 128 129 127
f 127 129 130
f 130 131 127
f 127 131 132
f 134 1 133
f 133 1 135
f 1 4 135
f 135 4 136
f 4 8 136
f 136 8 137
f 138 139 15
f 15 139 140
f 140 139 141
f 141 139 142
f 144 57 143
f 143 57 56
f 145 146 141
f 141 146 147
f 146 149 148
f 148 149 150
f 152 153 151
f 151 153 154
f 141 147 140
f 140 147 155
f 157 11 156
f 156 11 158
f 160 161 159
f 159 161 162
f 164 165 163
f 163 165 166
f 165 160 166
f 166 160 159
f 168 169 167
f 167 169 170
f 169 171 170
f 170 171 172
f 149 173 150
f 150 173 174
f 175 176 149
f 149 176 173
f 178 172 177
f 177 172 171
f 180 181 179
f 179 181 182
f 184 180 183
f 183 180 179
f 186 187 185
f 185 187 188
f 190 191 189
f 189 191 192
f 7 193 8
f 8 193 194
f 196 162 195
f 195 162 161
f 197 168 198
f 198 168 167
f 181 199 182
f 182 199 200
f 202 203 201
f 201 203 204
f 187 186 205
f 205 186 206
f 208 209 207
f 207 209 210
f 212 213 211
f 211 213 214
f 215 216 218
f 218 216 217
f 220 209 219
f 219 209 208
f 204 186 221
f 221 186 185
f 201 204 222
f 222 204 221
f 223 211 220
f 220 211 209
f 224 225 214
f 214 225 210
f 203 206 204
f 204 206 186
f 227 187 226
f 226 187 205
f 27 228 21
f 21 228 22
f 230 231 229
f 229 231 232
f 234 235 233
f 233 235 236
f 238 239 237
f 237 239 240
f 119 122 118
f 118 122 115
f 112 242 241
f 241 242 243
f 98 51 244
f 244 51 50
f 245 138 14
f 14 138 15
f 11 10 158
f 158 10 246
f 89 85 69
f 69 85 70
f 11 157 12
f 12 157 247
f 249 164 248
f 248 164 163
f 177 250 178
f 178 250 251
f 253 254 252
f 252 254 255
f 187 227 188
f 188 227 256
f 212 257 213
f 213 257 258
f 260 134 259
f 259 134 133
f 165 164 135
f 135 164 133
f 160 165 136
f 136 165 135
f 136 137 160
f 160 137 161
f 137 261 161
f 161 261 195
f 263 264 262
f 262 264 265
f 13 16 266
f 266 16 267
f 268 267 155
f 155 267 16
f 147 269 155
f 155 269 268
f 162 196 167
f 167 196 198
f 167 170 162
f 162 170 159
f 170 172 159
f 159 172 166
f 172 178 166
f 166 178 163
f 178 251 163
f 163 251 248
f 168 270 169
f 169 270 271
f 272 273 171
f 171 273 177
f 271 272 169
f 169 272 171
f 168 197 270
f 270 197 274
f 250 177 275
f 275 177 273
f 277 45 276
f 276 45 278
f 280 281 279
f 279 281 282
f 284 104 283
f 283 104 103
f 285 215 286
f 286 215 218
f 288 289 287
f 287 289 290
f 291 80 66
f 66 80 83
f 293 294 292
f 292 294 295
f 73 91 74
f 74 91 87
f 91 73 92
f 92 73 75
f 279 77 280
f 280 77 76
f 80 291 70
f 70 291 71
f 277 47 96
f 96 47 82
f 297 175 296
f 296 175 149
f 299 154 298
f 298 154 153
f 225 300 210
f 210 300 207
f 224 301 206
f 206 301 205
f 210 209 214
f 214 209 211
f 226 205 302
f 302 205 301
f 304 305 303
f 303 305 306
f 308 309 307
f 307 309 310
f 72 291 65
f 65 291 66
f 66 83 67
f 67 83 46
f 312 313 311
f 311 313 314
f 316 317 315
f 315 317 36
f 29 318 35
f 35 318 319
f 321 32 320
f 320 32 322
f 311 314 323
f 323 314 324
f 315 325 316
f 316 325 326
f 318 287 319
f 319 287 290
f 328 321 327
f 327 321 320
f 329 330 39
f 39 330 331
f 332 333 40
f 40 333 322
f 309 334 285
f 285 334 335
f 236 2 134
f 134 2 1
f 260 336 233
f 233 336 337
f 237 14 265
f 265 14 13
f 84 86 44
f 44 86 98
f 189 192 7
f 7 192 193
f 44 98 41
f 41 98 244
f 237 240 14
f 14 240 245
f 7 3 189
f 189 3 5
f 338 71 72
f 72 71 291
f 262 265 266
f 266 265 13
f 124 123 339
f 339 123 105
f 123 109 105
f 105 109 106
f 189 5 190
f 190 5 106
f 111 114 12
f 12 114 9
f 264 340 265
f 265 340 237
f 342 343 341
f 341 343 344
f 6 235 105
f 105 235 339
f 234 346 345
f 345 346 347
f 349 350 348
f 348 350 351
f 107 352 108
f 108 352 353
f 355 356 354
f 354 356 357
f 237 340 238
f 238 340 358
f 12 247 111
f 111 247 359
f 264 263 116
f 116 263 360
f 361 362 222
f 222 362 201
f 364 365 363
f 363 365 366
f 368 369 367
f 367 369 370
f 372 373 371
f 371 373 374
f 375 376 372
f 372 376 377
f 378 379 381
f 381 379 380
f 382 383 269
f 269 383 268
f 150 174 365
f 365 174 384
f 380 377 381
f 381 377 376
f 271 270 180
f 180 270 181
f 273 272 252
f 252 272 184
f 272 271 184
f 184 271 180
f 181 270 274
f 252 255 273
f 273 255 275
f 254 385 255
f 255 385 386
f 387 388 179
f 179 388 183
f 389 387 182
f 182 387 179
f 182 200 389
f 389 200 390
f 388 391 183
f 183 391 253
f 391 392 253
f 253 392 254
f 394 379 393
f 393 379 378
f 185 188 395
f 395 188 396
f 221 185 397
f 397 185 395
f 222 221 398
f 398 221 397
f 188 256 396
f 396 256 399
f 400 401 256
f 256 401 399
f 402 403 405
f 405 403 404
f 148 150 364
f 364 150 365
f 393 406 394
f 394 406 407
f 158 246 393
f 393 246 406
f 342 19 238
f 238 19 239
f 23 22 350
f 350 22 354
f 244 50 245
f 245 50 138
f 55 142 53
f 53 142 139
f 145 144 296
f 296 144 143
f 355 228 341
f 341 228 20
f 41 240 42
f 42 240 239
f 283 308 284
f 284 308 307
f 349 409 408
f 408 409 410
f 244 245 41
f 41 245 240
f 268 383 406
f 406 383 407
f 346 411 349
f 349 411 409
f 251 412 248
f 248 412 413
f 275 414 250
f 250 414 415
f 25 45 26
f 26 45 277
f 43 26 96
f 96 26 277
f 416 417 61
f 61 417 62
f 329 24 408
f 408 24 23
f 31 40 32
f 32 40 322
f 39 38 329
f 329 38 24
f 37 38 30
f 30 38 31
f 418 419 421
f 421 419 420
f 78 295 79
f 79 295 294
f 124 339 422
f 422 339 345
f 232 131 357
f 357 131 351
f 2 236 6
f 6 236 235
f 252 184 253
f 253 184 183
f 227 423 256
f 256 423 400
f 423 227 305
f 305 227 226
f 424 258 425
f 425 258 257
f 426 427 212
f 212 427 257
f 259 133 249
f 249 133 164
f 419 418 428
f 428 418 429
f 327 430 328
f 328 430 288
f 49 431 46
f 46 431 67
f 306 302 424
f 424 302 258
f 313 432 314
f 314 432 433
f 32 321 29
f 29 321 318
f 324 314 433
f 287 318 328
f 328 318 321
f 134 260 236
f 236 260 233
f 345 339 234
f 234 339 235
f 357 351 354
f 354 351 350
f 408 23 349
f 349 23 350
f 317 278 36
f 36 278 45
f 432 313 429
f 429 313 428
f 435 428 434
f 434 428 313
f 42 239 18
f 18 239 19
f 43 42 26
f 26 42 18
f 121 120 436
f 436 120 437
f 302 301 258
f 258 301 213
f 110 109 126
f 126 109 123
f 238 358 342
f 342 358 343
f 341 20 342
f 342 20 19
f 322 438 320
f 320 438 439
f 320 439 327
f 327 439 430
f 333 440 322
f 322 440 438
f 289 288 323
f 323 288 430
f 115 340 116
f 116 340 264
f 146 145 149
f 149 145 296
f 15 140 16
f 16 140 155
f 441 442 152
f 152 442 153
f 225 224 203
f 203 224 206
f 175 297 154
f 154 297 151
f 293 443 294
f 294 443 444
f 248 413 249
f 249 413 445
f 446 447 400
f 400 447 401
f 388 387 396
f 396 387 395
f 387 389 395
f 395 389 397
f 391 388 399
f 399 388 396
f 401 392 399
f 399 392 391
f 255 386 275
f 275 386 414
f 449 450 448
f 448 450 451
f 335 452 285
f 285 452 215
f 453 298 442
f 442 298 153
f 211 223 212
f 212 223 426
f 425 257 454
f 454 257 427
f 266 10 262
f 262 10 9
f 360 113 456
f 456 113 455
f 8 194 137
f 137 194 261
f 10 266 246
f 246 266 267
f 203 202 225
f 225 202 300
f 262 9 263
f 263 9 114
f 108 353 190
f 190 353 191
f 389 390 397
f 397 390 398
f 457 422 128
f 128 422 129
f 156 158 378
f 378 158 393
f 347 346 348
f 348 346 349
f 447 458 401
f 401 458 392
f 364 382 148
f 148 382 269
f 55 54 57
f 57 54 58
f 75 64 459
f 459 64 460
f 100 90 101
f 101 90 95
f 101 58 100
f 100 58 54
f 142 55 144
f 144 55 57
f 147 146 269
f 269 146 148
f 459 93 75
f 75 93 92
f 144 145 142
f 142 145 141
f 228 27 20
f 20 27 17
f 154 299 175
f 175 299 176
f 214 213 224
f 224 213 301
f 424 461 306
f 306 461 303
f 285 286 309
f 309 286 310
f 462 334 308
f 308 334 309
f 302 306 226
f 226 306 305
f 37 28 21
f 21 28 27
f 29 35 30
f 30 35 34
f 30 34 37
f 37 34 28
f 344 436 356
f 356 436 229
f 325 290 326
f 326 290 289
f 311 439 312
f 312 439 438
f 35 319 36
f 36 319 315
f 439 311 430
f 430 311 323
f 315 319 325
f 325 319 290
f 440 463 438
f 438 463 312
f 341 344 355
f 355 344 356
f 360 456 116
f 116 456 117
f 354 22 355
f 355 22 228
f 326 289 324
f 324 289 323
f 74 87 68
f 68 87 69
f 50 53 138
f 138 53 139
f 268 406 267
f 267 406 246
f 190 106 108
f 108 106 109
f 241 455 112
f 112 455 113
f 358 122 343
f 343 122 121
f 129 347 130
f 130 347 348
f 348 351 130
f 130 351 131
f 229 232 356
f 356 232 357
f 340 115 358
f 358 115 122
f 111 359 112
f 112 359 242
f 125 124 457
f 457 124 422
f 231 132 232
f 232 132 131
f 343 121 344
f 344 121 436
f 263 114 360
f 360 114 113
f 347 129 345
f 345 129 422
f 230 229 437
f 437 229 436
f 464 446 423
f 423 446 400
f 465 466 468
f 468 466 467
f 470 471 469
f 469 471 472
f 469 472 373
f 373 472 374
f 474 469 473
f 473 469 373
f 471 475 472
f 472 475 476
f 472 477 374
f 374 477 478
f 477 472 476
f 479 480 476
f 476 480 477
f 473 373 377
f 377 373 372
f 481 482 479
f 479 482 480
f 483 484 481
f 481 484 482
f 403 402 485
f 485 402 486
f 487 488 483
f 483 488 484
f 487 489 488
f 488 489 490
f 489 491 490
f 490 491 492
f 491 493 492
f 492 493 494
f 493 495 494
f 494 495 496
f 497 498 481
f 481 498 483
f 484 499 482
f 482 499 367
f 370 480 367
f 367 480 482
f 480 370 477
f 477 370 478
f 500 497 479
f 479 497 481
f 451 473 380
f 380 473 377
f 448 451 379
f 379 451 380
f 501 502 504
f 504 502 503
f 449 505 507
f 507 505 506
f 486 508 505
f 505 508 506
f 508 509 506
f 506 509 510
f 511 507 510
f 510 507 506
f 509 508 512
f 512 508 513
f 515 509 514
f 514 509 512
f 509 515 510
f 510 515 516
f 510 516 511
f 511 516 517
f 486 505 485
f 485 505 518
f 505 449 518
f 518 449 448
f 383 382 403
f 403 382 404
f 363 404 364
f 364 404 382
f 403 485 383
f 383 485 407
f 519 520 361
f 361 520 362
f 522 496 521
f 521 496 495
f 450 474 451
f 451 474 473
f 363 366 523
f 523 366 524
f 525 499 488
f 488 499 484
f 488 490 525
f 525 490 526
f 496 522 520
f 520 522 527
f 494 496 519
f 519 496 520
f 492 494 528
f 528 494 519
f 529 530 495
f 495 530 521
f 490 492 526
f 526 492 528
f 529 495 531
f 531 495 493
f 533 534 532
f 532 534 535
f 523 524 533
f 533 524 534
f 486 402 532
f 532 402 533
f 529 536 530
f 530 536 537
f 536 538 537
f 537 538 539
f 540 541 539
f 539 541 537
f 530 537 535
f 535 537 541
f 542 539 543
f 543 539 538
f 539 542 540
f 540 542 544
f 541 540 513
f 513 540 512
f 540 544 512
f 512 544 514
f 546 547 545
f 545 547 548
f 549 550 531
f 531 550 551
f 550 549 552
f 552 549 553
f 546 550 554
f 554 550 552
f 547 546 555
f 555 546 554
f 498 556 558
f 558 556 557
f 559 557 560
f 560 557 556
f 561 562 560
f 560 562 559
f 557 559 552
f 552 559 554
f 559 562 554
f 554 562 555
f 558 557 553
f 553 557 552
f 475 471 563
f 563 471 564
f 565 563 567
f 567 563 566
f 471 470 564
f 564 470 466
f 564 466 568
f 568 466 465
f 568 465 569
f 569 465 570
f 572 573 571
f 571 573 574
f 569 575 567
f 567 575 576
f 577 565 576
f 576 565 567
f 578 579 581
f 581 579 580
f 575 561 576
f 576 561 560
f 556 577 560
f 560 577 576
f 577 556 497
f 497 556 498
f 565 577 500
f 500 577 497
f 563 565 475
f 475 565 500
f 553 489 558
f 558 489 487
f 531 493 549
f 549 493 491
f 489 553 491
f 491 553 549
f 394 407 518
f 518 407 485
f 518 448 394
f 394 448 379
f 545 548 538
f 538 548 543
f 551 545 536
f 536 545 538
f 536 529 551
f 551 529 531
f 507 582 449
f 449 582 450
f 511 583 507
f 507 583 582
f 511 517 583
f 583 517 584
f 585 586 588
f 588 586 587
f 590 591 589
f 589 591 592
f 591 590 593
f 593 590 594
f 596 597 595
f 595 597 598
f 599 600 602
f 602 600 601
f 604 605 603
f 603 605 606
f 608 609 607
f 607 609 610
f 612 613 611
f 611 613 614
f 615 616 618
f 618 616 617
f 620 621 619
f 619 621 622
f 624 625 623
f 623 625 626
f 628 629 627
f 627 629 630
f 632 633 631
f 631 633 634
f 635 636 638
f 638 636 637
f 639 640 642
f 642 640 641
f 644 645 643
f 643 645 646
f 619 622 647
f 647 622 648
f 650 651 649
f 649 651 652
f 601 653 602
f 602 653 654
f 656 657 655
f 655 657 658
f 660 661 659
f 659 661 662
f 664 665 663
f 663 665 666
f 593 594 667
f 667 594 668
f 669 670 672
f 672 670 671
f 673 674 676
f 676 674 675
f 633 632 677
f 677 632 678
f 663 666 679
f 679 666 680
f 681 682 684
f 684 682 683
f 686 687 685
f 685 687 688
f 690 661 689
f 689 661 691
f 693 686 692
f 692 686 685
f 695 597 694
f 694 597 668
f 594 696 668
f 668 696 694
f 697 698 696
f 696 698 699
f 700 701 697
f 697 701 698
f 702 585 703
f 703 585 588
f 671 690 672
f 672 690 689
f 640 639 704
f 704 639 705
f 679 706 663
f 663 706 658
f 708 709 707
f 707 709 710
f 711 712 610
f 610 712 607
f 713 714 716
f 716 714 715
f 717 718 720
f 720 718 719
f 722 634 721
f 721 634 633
f 724 725 723
f 723 725 726
f 728 729 727
f 727 729 730
f 732 733 731
f 731 733 734
f 707 710 735
f 735 710 736
f 643 737 644
f 644 737 738
f 740 741 739
f 739 741 742
f 608 744 743
f 743 744 745
f 747 748 746
f 746 748 749
f 751 752 750
f 750 752 753
f 754 755 757
f 757 755 756
f 758 759 761
f 761 759 760
f 763 764 762
f 762 764 765
f 767 768 766
f 766 768 769
f 771 772 770
f 770 772 773
f 775 776 774
f 774 776 777
f 779 780 778
f 778 780 781
f 783 712 782
f 782 712 784
f 785 786 788
f 788 786 787
f 790 628 789
f 789 628 627
f 792 793 791
f 791 793 794
f 795 796 726
f 726 796 723
f 798 799 797
f 797 799 800
f 721 633 801
f 801 633 677
f 797 800 802
f 802 800 803
f 805 806 804
f 804 806 807
f 809 810 808
f 808 810 811
f 813 814 812
f 812 814 815
f 809 808 817
f 817 808 816
f 818 819 804
f 804 819 805
f 820 821 818
f 818 821 819
f 821 820 587
f 587 820 822
f 809 823 810
f 810 823 824
f 814 807 815
f 815 807 806
f 826 426 825
f 825 426 223
f 426 826 427
f 427 826 827
f 828 829 454
f 454 829 830
f 831 832 677
f 677 832 801
f 834 835 833
f 833 835 836
f 838 839 837
f 837 839 840
f 841 842 844
f 844 842 843
f 845 846 803
f 803 846 802
f 847 831 678
f 678 831 677
f 848 849 851
f 851 849 850
f 853 854 852
f 852 854 855
f 857 858 856
f 856 858 680
f 860 861 859
f 859 861 862
f 864 865 863
f 863 865 866
f 868 869 867
f 867 869 870
f 839 871 840
f 840 871 872
f 849 848 874
f 874 848 873
f 876 877 875
f 875 877 878
f 880 881 879
f 879 881 882
f 883 884 886
f 886 884 885
f 846 887 802
f 802 887 888
f 890 891 889
f 889 891 888
f 893 894 892
f 892 894 895
f 896 897 728
f 728 897 729
f 899 900 898
f 898 900 901
f 902 852 904
f 904 852 903
f 849 905 850
f 850 905 906
f 875 878 907
f 907 878 908
f 910 911 909
f 909 911 912
f 914 915 913
f 913 915 916
f 917 918 862
f 862 918 859
f 919 920 856
f 856 920 921
f 923 924 922
f 922 924 925
f 926 927 925
f 925 927 922
f 929 930 928
f 928 930 693
f 932 695 931
f 931 695 694
f 823 867 824
f 824 867 933
f 935 936 934
f 934 936 937
f 938 868 823
f 823 868 867
f 940 847 939
f 939 847 678
f 632 655 678
f 678 655 939
f 941 942 619
f 619 942 620
f 687 943 688
f 688 943 944
f 851 850 945
f 945 850 903
f 850 906 903
f 903 906 904
f 946 947 949
f 949 947 948
f 951 952 950
f 950 952 953
f 955 956 954
f 954 956 957
f 907 958 875
f 875 958 874
f 960 961 959
f 959 961 962
f 963 853 902
f 902 853 852
f 909 964 910
f 910 964 965
f 967 968 966
f 966 968 969
f 971 972 970
f 970 972 973
f 974 960 975
f 975 960 959
f 977 978 976
f 976 978 979
f 981 977 980
f 980 977 976
f 980 982 981
f 981 982 983
f 985 983 984
f 984 983 982
f 984 986 985
f 985 986 987
f 989 990 988
f 988 990 991
f 993 994 992
f 992 994 995
f 997 998 996
f 996 998 999
f 1001 1002 1000
f 1000 1002 1003
f 1005 1006 1004
f 1004 1006 1007
f 1004 1008 1005
f 1005 1008 1009
f 1008 1010 1009
f 1009 1010 1011
f 1013 1011 1012
f 1012 1011 1010
f 1014 1015 1017
f 1017 1015 1016
f 1019 1020 1018
f 1018 1020 1021
f 1022 1023 976
f 976 1023 980
f 1024 1025 982
f 982 1025 984
f 992 995 1026
f 1026 995 1027
f 956 955 1028
f 1028 955 1029
f 1030 1031 1033
f 1033 1031 1032
f 1010 1008 1034
f 1034 1008 1035
f 1008 1004 1035
f 1035 1004 1036
f 1037 1038 1002
f 1002 1038 1007
f 1002 1001 1037
f 1037 1001 1039
f 1040 1041 997
f 997 1041 998
f 1015 1014 1043
f 1043 1014 1042
f 1044 1045 1047
f 1047 1045 1046
f 1044 1020 1048
f 1048 1020 1049
f 1050 1051 1003
f 1003 1051 1000
f 1052 1050 1006
f 1006 1050 1003
f 1053 1054 1011
f 1011 1054 1009
f 1013 1045 1055
f 1055 1045 1056
f 1058 1059 1057
f 1057 1059 1060
f 1062 1063 1061
f 1061 1063 1064
f 1065 1066 1050
f 1050 1066 1051
f 1067 1065 1052
f 1052 1065 1050
f 1068 1069 1054
f 1054 1069 1070
f 1071 1068 1053
f 1053 1068 1054
f 1073 1071 1072
f 1072 1071 1074
f 1074 1071 1055
f 1055 1071 1053
f 1076 1077 1075
f 1075 1077 1078
f 1079 1080 1057
f 1057 1080 1058
f 1081 1082 1064
f 1064 1082 1061
f 1084 1085 1083
f 1083 1085 1086
f 1088 1089 1087
f 1087 1089 1090
f 1092 1093 1091
f 1091 1093 1094
f 1096 1097 1095
f 1095 1097 1098
f 1099 1100 1102
f 1102 1100 1101
f 1103 1104 1099
f 1099 1104 1100
f 1106 1107 1105
f 1105 1107 1108
f 1110 1111 1109
f 1109 1111 1112
f 1114 1115 1113
f 1113 1115 1116
f 1118 1119 1117
f 1117 1119 1077
f 1117 1120 1122
f 1122 1120 1121
f 1105 1123 1106
f 1106 1123 1124
f 1125 1126 1128
f 1128 1126 1127
f 1130 1131 1129
f 1129 1131 1132
f 1134 1135 1133
f 1133 1135 1114
f 1113 1136 1114
f 1114 1136 1133
f 1118 1137 1113
f 1113 1137 1136
f 1118 1117 1137
f 1137 1117 1122
f 1139 1140 1138
f 1138 1140 1141
f 1143 953 1142
f 1142 953 952
f 1145 957 1144
f 1144 957 956
f 1028 1146 956
f 956 1146 1144
f 1014 1147 1042
f 1042 1147 1148
f 1014 1017 1147
f 1147 1017 1149
f 1059 1058 1150
f 1150 1058 1151
f 1153 1080 1152
f 1152 1080 1154
f 1156 1088 1155
f 1155 1088 1087
f 1157 1158 1106
f 1106 1158 1107
f 1106 1124 1157
f 1157 1124 1159
f 1161 1162 1160
f 1160 1162 1163
f 1165 1166 1164
f 1164 1166 1167
f 1168 1031 1012
f 1012 1031 1046
f 1024 1023 1035
f 1035 1023 1034
f 1036 1038 1025
f 1025 1038 1169
f 1170 1171 1039
f 1039 1171 1037
f 1028 1029 1042
f 1042 1029 1043
f 1172 1173 1175
f 1175 1173 1174
f 1055 1053 1013
f 1013 1053 1011
f 1005 1009 1070
f 1070 1009 1054
f 996 999 1062
f 1062 999 1063
f 1016 1060 1017
f 1017 1060 1059
f 1017 1059 1149
f 1149 1059 1150
f 1177 1178 1176
f 1176 1178 1103
f 1176 1072 1179
f 1179 1072 1074
f 1073 1102 1086
f 1086 1102 1083
f 1180 1181 1067
f 1067 1181 1065
f 1182 1183 1184
f 1184 1183 1181
f 1186 1187 1185
f 1185 1187 1188
f 1189 1190 798
f 798 1190 799
f 1192 1193 1191
f 1191 1193 1194
f 1195 1196 1194
f 1194 1196 1191
f 1196 1195 1198
f 1198 1195 1197
f 1200 674 1199
f 1199 674 673
f 928 1201 1203
f 1203 1201 1202
f 861 1204 862
f 862 1204 921
f 1205 1206 913
f 913 1206 1207
f 882 1208 879
f 879 1208 1209
f 1210 1211 1167
f 1167 1211 1164
f 1212 769 1213
f 1213 769 768
f 727 1214 728
f 728 1214 1215
f 1217 1218 1216
f 1216 1218 1219
f 1220 813 1221
f 1221 813 812
f 827 828 427
f 427 828 454
f 1223 1224 1222
f 1222 1224 1165
f 1226 1227 1225
f 1225 1227 1228
f 851 1229 848
f 848 1229 1230
f 834 854 835
f 835 854 1231
f 1233 1234 1232
f 1232 1234 1235
f 1237 751 1236
f 1236 751 750
f 743 819 1238
f 1238 819 821
f 1240 1241 1239
f 1239 1241 1242
f 1244 1245 1243
f 1243 1245 1246
f 844 1247 841
f 841 1247 1248
f 1250 1251 1249
f 1249 1251 1252
f 1254 893 1253
f 1253 893 1237
f 1255 1256 1258
f 1258 1256 1257
f 1260 1261 1259
f 1259 1261 1262
f 945 903 855
f 855 903 852
f 855 1263 945
f 945 1263 1264
f 832 845 801
f 801 845 803
f 800 721 803
f 803 721 801
f 721 800 722
f 722 800 799
f 1266 1267 1265
f 1265 1267 1268
f 1270 795 1269
f 1269 795 726
f 725 1271 726
f 726 1271 1269
f 737 765 738
f 738 765 764
f 759 740 760
f 760 740 739
f 717 1272 1274
f 1274 1272 1273
f 1163 1226 1275
f 1275 1226 1225
f 1277 882 1276
f 1276 882 881
f 1041 1040 1027
f 1027 1040 1026
f 900 935 901
f 901 935 934
f 1164 1278 1165
f 1165 1278 1222
f 1211 1279 1164
f 1164 1279 1278
f 442 1280 453
f 453 1280 1281
f 788 1282 785
f 785 1282 1283
f 1285 1286 1284
f 1284 1286 1287
f 1284 1288 1285
f 1285 1288 1289
f 757 1289 754
f 754 1289 1288
f 605 604 675
f 675 604 676
f 1290 1291 1293
f 1293 1291 1292
f 1295 1296 1294
f 1294 1296 1297
f 696 699 694
f 694 699 931
f 1298 1299 592
f 592 1299 589
f 1299 1300 589
f 589 1300 700
f 1300 1301 700
f 700 1301 701
f 743 745 819
f 819 745 805
f 1303 1304 1302
f 1302 1304 1305
f 1306 1307 1305
f 1305 1307 1302
f 609 1298 610
f 610 1298 592
f 587 822 588
f 588 822 1308
f 703 588 1309
f 1309 588 1308
f 1310 703 571
f 571 703 1309
f 1311 1312 789
f 789 1312 790
f 825 223 1313
f 1313 223 220
f 219 1314 220
f 220 1314 1313
f 1315 1316 1311
f 1311 1316 1312
f 1317 1318 1319
f 1319 1318 1241
f 441 1320 442
f 442 1320 1280
f 1321 217 572
f 572 217 216
f 1323 1230 1322
f 1322 1230 1229
f 1324 1325 631
f 631 1325 656
f 1034 1168 1010
f 1010 1168 1012
f 1327 1328 1326
f 1326 1328 1329
f 1331 1202 1330
f 1330 1202 1201
f 571 1309 572
f 572 1309 1321
f 573 572 1332
f 1332 572 216
f 1334 1335 1333
f 1333 1335 1336
f 1337 1338 918
f 918 1338 859
f 1339 863 1340
f 1340 863 866
f 1341 1342 1344
f 1344 1342 1343
f 1345 1346 919
f 919 1346 920
f 1347 1348 673
f 673 1348 1199
f 693 1349 928
f 928 1349 1201
f 1351 1257 1350
f 1350 1257 1256
f 1350 1352 1351
f 1351 1352 1353
f 653 930 654
f 654 930 662
f 1279 1354 1278
f 1278 1354 1355
f 1357 1358 1356
f 1356 1358 1359
f 937 1360 1140
f 1140 1360 1361
f 1225 1228 909
f 909 1228 964
f 901 934 1362
f 1362 934 1139
f 1364 1365 1363
f 1363 1365 1362
f 1367 912 1366
f 1366 912 911
f 1143 1142 1368
f 1368 1142 1369
f 1144 1186 1145
f 1145 1186 1185
f 1146 1175 1144
f 1144 1175 1186
f 1175 1146 1172
f 1172 1146 1148
f 1147 1018 1148
f 1148 1018 1172
f 1018 1147 1019
f 1019 1147 1149
f 1149 1150 1019
f 1019 1150 1370
f 1150 1151 1370
f 1370 1151 1371
f 1151 1153 1371
f 1371 1153 1177
f 1152 1156 1178
f 1178 1156 1372
f 1155 1158 1373
f 1373 1158 1374
f 1157 1159 1376
f 1376 1159 1375
f 1378 1379 1377
f 1377 1379 1380
f 1382 1383 1381
f 1381 1383 1384
f 1382 1386 1385
f 1385 1386 1387
f 1386 1233 1387
f 1387 1233 1232
f 1389 1390 1388
f 1388 1390 1391
f 1393 1394 1392
f 1392 1394 1395
f 1397 1398 1396
f 1396 1398 1399
f 629 1397 630
f 630 1397 1396
f 1342 1400 1343
f 1343 1400 1401
f 1403 1404 1402
f 1402 1404 1405
f 1407 1408 1406
f 1406 1408 1409
f 1411 1412 1410
f 1410 1412 1413
f 793 1414 794
f 794 1414 1415
f 1417 1341 1416
f 1416 1341 1344
f 704 705 1347
f 1347 705 1418
f 741 1419 742
f 742 1419 1420
f 1422 669 1421
f 1421 669 672
f 645 1423 646
f 646 1423 1424
f 1196 1198 614
f 614 1198 611
f 613 1425 614
f 614 1425 1426
f 1427 616 659
f 659 616 660
f 614 1426 1196
f 1196 1426 1191
f 696 594 697
f 697 594 590
f 697 590 700
f 700 590 589
f 703 1310 702
f 702 1310 1428
f 1421 672 1192
f 1192 672 689
f 1271 648 1269
f 1269 648 622
f 621 1270 622
f 622 1270 1269
f 1429 1430 1417
f 1417 1430 1341
f 1431 1432 1434
f 1434 1432 1433
f 1436 1437 1435
f 1435 1437 1438
f 1440 1441 1439
f 1439 1441 1442
f 1443 1444 1446
f 1446 1444 1445
f 823 809 938
f 938 809 817
f 810 1447 811
f 811 1447 1448
f 1449 1450 679
f 679 1450 706
f 913 916 1205
f 1205 916 1451
f 1275 1225 912
f 912 1225 909
f 1452 1453 880
f 880 1453 881
f 1444 1401 1445
f 1445 1401 1400
f 936 1454 937
f 937 1454 1360
f 824 1455 810
f 810 1455 1447
f 631 656 632
f 632 656 655
f 966 1456 967
f 967 1456 1457
f 1459 1460 1458
f 1458 1460 1461
f 1460 1462 1461
f 1461 1462 1463
f 972 974 973
f 973 974 975
f 990 995 991
f 991 995 994
f 1464 1187 1033
f 1033 1187 1174
f 1018 1021 1172
f 1172 1021 1173
f 1000 999 1001
f 1001 999 998
f 976 979 1022
f 1022 979 1032
f 1023 1024 980
f 980 1024 982
f 989 986 1171
f 1171 986 1169
f 1171 1170 989
f 989 1170 990
f 1170 1027 990
f 990 1027 995
f 1041 1039 998
f 998 1039 1001
f 1051 1063 1000
f 1000 1063 999
f 1066 1064 1051
f 1051 1064 1063
f 1183 1081 1066
f 1066 1081 1064
f 1178 1372 1103
f 1103 1372 1104
f 1092 1091 1465
f 1465 1091 1182
f 1467 1465 1466
f 1466 1465 1468
f 1469 1470 1184
f 1184 1470 1468
f 1095 1098 1471
f 1471 1098 1101
f 1076 1374 1120
f 1120 1374 1376
f 1110 1472 1127
f 1127 1472 1132
f 1472 1473 1132
f 1132 1473 1129
f 1474 1475 1466
f 1466 1475 1473
f 1119 1118 1116
f 1116 1118 1113
f 1375 1121 1376
f 1376 1121 1120
f 1127 1132 1128
f 1128 1132 1131
f 1227 1476 1228
f 1228 1476 1361
f 1365 1477 1362
f 1362 1477 872
f 1478 1479 1323
f 1323 1479 1230
f 1480 1481 914
f 914 1481 915
f 913 1277 914
f 914 1277 1276
f 1168 1034 1022
f 1022 1034 1023
f 1035 1036 1024
f 1024 1036 1025
f 1039 1041 1170
f 1170 1041 1027
f 1042 1148 1028
f 1028 1148 1146
f 968 1459 969
f 969 1459 1458
f 1482 1483 664
f 664 1483 665
f 1485 1486 1484
f 1484 1486 1487
f 1489 1490 1488
f 1488 1490 1491
f 1492 1493 722
f 722 1493 634
f 1495 1496 1494
f 1494 1496 1497
f 1498 1207 1339
f 1339 1207 863
f 1224 1499 1165
f 1165 1499 1166
f 1160 1163 1500
f 1500 1163 1275
f 1500 877 1160
f 1160 877 1501
f 876 873 1502
f 1502 873 1479
f 945 1264 851
f 851 1264 1229
f 835 1231 839
f 839 1231 871
f 1503 1283 778
f 778 1283 1282
f 716 715 1505
f 1505 715 1504
f 1446 1445 1507
f 1507 1445 1506
f 779 792 1381
f 1381 792 791
f 1430 1409 1341
f 1341 1409 1342
f 1411 1429 1508
f 1508 1429 1417
f 635 1510 1509
f 1509 1510 1511
f 1377 1380 1315
f 1315 1380 1316
f 1445 1400 1506
f 1506 1400 1408
f 918 917 1336
f 1336 917 1333
f 1513 1514 1512
f 1512 1514 870
f 1515 1516 1363
f 1363 1516 1364
f 1453 1517 881
f 881 1517 1276
f 992 1518 993
f 993 1518 1519
f 1520 1029 1518
f 1518 1029 955
f 1520 1026 1521
f 1521 1026 1040
f 1522 1015 1521
f 1521 1015 1043
f 996 1523 997
f 997 1523 1522
f 1060 1016 1524
f 1524 1016 1523
f 1061 1525 1062
f 1062 1525 1524
f 1079 1527 1526
f 1526 1527 1528
f 1093 1529 1094
f 1094 1529 1528
f 1111 1530 1112
f 1112 1530 1531
f 1532 1533 1105
f 1105 1533 1123
f 934 937 1139
f 1139 937 1140
f 1138 1363 1139
f 1139 1363 1362
f 1534 1222 1355
f 1355 1222 1278
f 1535 1223 1534
f 1534 1223 1222
f 821 587 1238
f 1238 587 586
f 1319 711 1317
f 1317 711 1536
f 1538 1200 1537
f 1537 1200 1199
f 1508 1417 1539
f 1539 1417 1416
f 1540 1541 840
f 840 1541 837
f 1231 898 871
f 871 898 901
f 1500 1275 1367
f 1367 1275 912
f 1543 1379 1542
f 1542 1379 1395
f 1539 772 1508
f 1508 772 1544
f 1546 1403 1545
f 1545 1403 1402
f 1548 1549 1547
f 1547 1549 1550
f 1552 1548 1551
f 1551 1548 1547
f 1554 1555 1553
f 1553 1555 1556
f 1558 1559 1557
f 1557 1559 1560
f 1562 1563 1561
f 1561 1563 1564
f 1566 1567 1565
f 1565 1567 1568
f 1570 1571 1569
f 1569 1571 1572
f 1574 1575 1573
f 1573 1575 1576
f 1577 1578 1572
f 1572 1578 1569
f 1580 1581 1579
f 1579 1581 1582
f 1584 1585 1583
f 1583 1585 1586
f 1588 1555 1587
f 1587 1555 1589
f 1591 1592 1590
f 1590 1592 1593
f 1595 1596 1594
f 1594 1596 1597
f 1596 1581 1597
f 1597 1581 1576
f 1599 1570 1598
f 1598 1570 1569
f 1601 1602 1600
f 1600 1602 1603
f 1605 1606 1604
f 1604 1606 1607
f 1608 1609 1568
f 1568 1609 1565
f 1611 1612 1610
f 1610 1612 1613
f 1615 1616 1614
f 1614 1616 1617
f 1619 1617 1618
f 1618 1617 1616
f 1621 1622 1620
f 1620 1622 1623
f 1625 1626 1624
f 1624 1626 1627
f 1629 1630 1628
f 1628 1630 1631
f 1633 1634 1632
f 1632 1634 1635
f 1636 1637 1639
f 1639 1637 1638
f 1641 1642 1640
f 1640 1642 1643
f 1624 1627 1644
f 1644 1627 1645
f 1647 1648 1646
f 1646 1648 1649
f 1651 1652 1650
f 1650 1652 1653
f 1655 1656 1654
f 1654 1656 1657
f 1659 1660 1658
f 1658 1660 1661
f 1662 1663 1631
f 1631 1663 1628
f 1651 1665 1664
f 1664 1665 1666
f 1667 1656 1619
f 1619 1656 1617
f 1669 1670 1668
f 1668 1670 1671
f 1632 1635 1672
f 1672 1635 1673
f 1674 1675 1638
f 1638 1675 1639
f 1677 1678 1676
f 1676 1678 1679
f 1680 1640 1681
f 1681 1640 1643
f 1682 1683 1643
f 1643 1683 1681
f 1670 1669 1235
f 1235 1669 1232
f 1396 1399 1674
f 1674 1399 1675
f 627 630 1679
f 1679 630 1676
f 1681 1315 1680
f 1680 1315 1311
f 1683 1377 1681
f 1681 1377 1315
f 1672 1673 1387
f 1387 1673 1385
f 1636 1684 1646
f 1646 1684 1685
f 1687 1688 1686
f 1686 1688 1689
f 1585 1690 1586
f 1586 1690 1691
f 1599 1692 1551
f 1551 1692 1693
f 1552 1558 1694
f 1694 1558 1557
f 1696 1615 1695
f 1695 1615 1614
f 1698 1699 1697
f 1697 1699 1623
f 1700 1701 1703
f 1703 1701 1702
f 1705 1706 1704
f 1704 1706 1707
f 1708 1709 1640
f 1640 1709 1641
f 1710 1711 1713
f 1713 1711 1712
f 1652 1655 1653
f 1653 1655 1654
f 1714 1699 1712
f 1712 1699 1713
f 1715 1710 1716
f 1716 1710 1713
f 1717 1708 1680
f 1680 1708 1640
f 1393 1392 1715
f 1715 1392 1710
f 1719 1720 1718
f 1718 1720 1721
f 1680 1311 1717
f 1717 1311 789
f 1378 1711 1392
f 1392 1711 1710
f 1388 1391 1719
f 1719 1391 1720
f 1723 1606 1722
f 1722 1606 1689
f 1725 1568 1724
f 1724 1568 1567
f 1726 1647 1685
f 1685 1647 1646
f 1728 1554 1727
f 1727 1554 1553
f 1591 1687 1600
f 1600 1687 1686
f 1730 1595 1729
f 1729 1595 1594
f 1601 1605 1731
f 1731 1605 1604
f 1733 1663 1732
f 1732 1663 1734
f 1736 1639 1735
f 1735 1639 1675
f 1658 1644 1737
f 1737 1644 1645
f 1726 1662 1724
f 1724 1662 1631
f 1399 1738 1675
f 1675 1738 1735
f 1621 1667 1739
f 1739 1667 1619
f 1714 1740 1620
f 1620 1740 1741
f 1592 1549 1593
f 1593 1549 1742
f 1602 1571 1603
f 1603 1571 1550
f 1688 1690 1689
f 1689 1690 1722
f 1588 1559 1582
f 1582 1559 1579
f 1673 1735 1385
f 1385 1735 1738
f 1387 1232 1672
f 1672 1232 1669
f 1580 1692 1573
f 1573 1692 1743
f 1377 1683 1378
f 1378 1683 1711
f 1664 1666 1744
f 1744 1666 1745
f 1744 1696 1664
f 1664 1696 1695
f 1746 1747 1732
f 1732 1747 1748
f 1749 1750 1677
f 1677 1750 1678
f 1709 1708 1750
f 1750 1708 1678
f 1668 1632 1669
f 1669 1632 1672
f 1633 1746 1734
f 1734 1746 1732
f 1679 1678 1717
f 1717 1678 1708
f 789 627 1717
f 1717 627 1679
f 1563 1723 1564
f 1564 1723 1722
f 1728 1584 1751
f 1751 1584 1583
f 1674 1676 1396
f 1396 1676 630
f 1666 1566 1745
f 1745 1566 1565
f 1627 1629 1645
f 1645 1629 1628
f 1637 1749 1638
f 1638 1749 1677
f 1648 1665 1649
f 1649 1665 1752
f 1740 1642 1741
f 1741 1642 1657
f 1676 1674 1677
f 1677 1674 1638
f 1683 1682 1711
f 1711 1682 1712
f 1618 1753 1619
f 1619 1753 1739
f 1701 1739 1702
f 1702 1739 1753
f 1754 1214 1756
f 1756 1214 1755
f 647 1757 619
f 619 1757 941
f 1759 1193 1758
f 1758 1193 691
f 1419 1760 1420
f 1420 1760 1761
f 682 1762 683
f 683 1762 1763
f 1412 780 1413
f 1413 780 1384
f 1383 1398 1384
f 1384 1398 1413
f 1197 1424 1764
f 1764 1424 1423
f 1537 1287 1538
f 1538 1287 1286
f 1634 1684 1635
f 1635 1684 1736
f 1724 1631 1725
f 1725 1631 1630
f 1562 1730 1610
f 1610 1730 1729
f 1735 1673 1736
f 1736 1673 1635
f 1757 1195 941
f 941 1195 1194
f 1766 200 1765
f 1765 200 199
f 475 500 476
f 476 500 479
f 498 558 483
f 483 558 487
f 545 551 546
f 546 551 550
f 453 1281 219
f 219 1281 1314
f 298 453 208
f 208 453 219
f 368 1765 1767
f 1767 1765 199
f 523 405 363
f 363 405 404
f 523 533 405
f 405 533 402
f 298 208 299
f 299 208 207
f 299 207 176
f 176 207 300
f 176 300 173
f 173 300 202
f 173 202 174
f 174 202 201
f 1337 918 1768
f 1768 918 1336
f 1769 1770 1338
f 1338 1770 859
f 581 570 578
f 578 570 1771
f 555 562 580
f 580 562 561
f 504 1772 501
f 501 1772 548
f 517 542 584
f 584 542 543
f 515 514 516
f 516 514 544
f 542 517 544
f 544 517 516
f 561 575 580
f 580 575 581
f 575 569 581
f 581 569 570
f 501 548 1773
f 1773 548 547
f 1774 1775 570
f 570 1775 1771
f 369 368 1776
f 1776 368 1767
f 372 369 375
f 375 369 1776
f 822 1280 1308
f 1308 1280 1320
f 820 1281 822
f 822 1281 1280
f 818 1314 820
f 820 1314 1281
f 1314 818 1313
f 1313 818 804
f 807 814 825
f 825 814 826
f 814 813 826
f 826 813 827
f 813 1220 827
f 827 1220 828
f 580 579 555
f 555 579 547
f 1477 1540 872
f 872 1540 840
f 367 499 368
f 368 499 1765
f 1766 1765 525
f 525 1765 499
f 1777 1766 526
f 526 1766 525
f 520 527 362
f 362 527 384
f 361 1778 519
f 519 1778 528
f 371 1779 372
f 372 1779 369
f 369 1779 370
f 370 1779 478
f 1779 371 478
f 478 371 374
f 1778 1777 528
f 528 1777 526
f 1781 1782 1780
f 1780 1782 1783
f 431 460 67
f 67 460 64
f 68 338 74
f 74 338 72
f 1785 1782 1784
f 1784 1782 1786
f 1787 1788 1790
f 1790 1788 1789
f 1792 1789 1791
f 1791 1789 1793
f 1791 1794 1792
f 1792 1794 1795
f 1794 1796 1795
f 1795 1796 1797
f 1797 1798 938
f 938 1798 868
f 1798 1799 868
f 868 1799 869
f 1801 1802 1800
f 1800 1802 1451
f 1803 1804 1205
f 1205 1804 1206
f 1805 1806 864
f 864 1806 865
f 1806 1807 865
f 865 1807 1808
f 68 71 338
f 287 328 288
f 1320 1321 1308
f 1308 1321 1309
f 1320 441 1321
f 1321 441 217
f 441 152 217
f 217 152 218
f 151 286 152
f 152 286 218
f 297 310 151
f 151 310 286
f 296 307 297
f 297 307 310
f 296 143 307
f 307 143 284
f 143 56 284
f 284 56 104
f 56 59 104
f 104 59 63
f 59 102 63
f 63 102 60
f 102 94 60
f 60 94 282
f 93 459 279
f 279 459 77
f 459 460 77
f 77 460 78
f 460 431 78
f 78 431 295
f 431 49 295
f 295 49 292
f 48 421 49
f 49 421 292
f 276 278 418
f 418 278 429
f 317 432 278
f 278 432 429
f 432 317 433
f 433 317 316
f 326 324 316
f 316 324 433
f 1536 592 1809
f 1809 592 591
f 1810 744 1812
f 1812 744 1811
f 1814 1815 1813
f 1813 1815 1816
f 1817 748 1818
f 1818 748 747
f 1812 1819 1810
f 1810 1819 1817
f 1820 1821 748
f 748 1821 749
f 1823 1824 1822
f 1822 1824 1825
f 1827 1828 1826
f 1826 1828 1829
f 1831 1832 1830
f 1830 1832 1833
f 1834 1827 1243
f 1243 1827 1826
f 1313 804 825
f 825 804 807
f 1835 1253 1236
f 1236 1253 1237
f 1836 1837 1438
f 1438 1837 1435
f 1838 1505 1840
f 1840 1505 1839
f 1841 1842 716
f 716 1842 713
f 1843 1844 1510
f 1510 1844 1845
f 1847 1848 1846
f 1846 1848 1849
f 1850 1240 1822
f 1822 1240 1239
f 636 1831 637
f 637 1831 1830
f 1852 1853 1851
f 1851 1853 1854
f 1855 1856 1858
f 1858 1856 1857
f 1846 1849 1859
f 1859 1849 1860
f 1343 1401 1509
f 1509 1401 1861
f 1509 1861 635
f 635 1861 636
f 1863 1864 1862
f 1862 1864 1865
f 1283 1503 1867
f 1867 1503 1866
f 1868 1867 681
f 681 1867 682
f 1286 1285 683
f 683 1285 684
f 757 756 1274
f 1274 756 1869
f 1274 1869 717
f 717 1869 718
f 1434 1433 719
f 719 1433 720
f 1200 1538 1545
f 1545 1538 1763
f 1285 1289 684
f 684 1289 1273
f 684 1273 681
f 681 1273 1272
f 785 1283 1868
f 1868 1283 1867
f 786 785 1870
f 1870 785 1868
f 1289 757 1273
f 1273 757 1274
f 1539 1416 1871
f 1871 1416 1872
f 773 1871 1403
f 1403 1871 1404
f 675 674 1405
f 1405 674 1402
f 1864 1873 1865
f 1865 1873 1874
f 638 1843 635
f 635 1843 1510
f 1344 1343 1511
f 1511 1343 1509
f 772 1539 773
f 773 1539 1871
f 674 1200 1402
f 1402 1200 1545
f 1538 1286 1763
f 1763 1286 683
f 1444 1443 1875
f 1875 1443 1876
f 1875 1876 1831
f 1831 1876 1832
f 1416 1344 1872
f 1872 1344 1511
f 1877 1878 774
f 774 1878 1879
f 1878 1847 1879
f 1879 1847 1846
f 1880 714 1881
f 1881 714 1848
f 1401 1444 1861
f 1861 1444 1875
f 1861 1875 636
f 636 1875 1831
f 1823 1863 1882
f 1882 1863 1862
f 1441 1440 1884
f 1884 1440 1883
f 1883 1852 1884
f 1884 1852 1851
f 1886 1887 1885
f 1885 1887 1888
f 1358 1889 1359
f 1359 1889 1890
f 1891 1886 1892
f 1892 1886 1885
f 774 1879 775
f 775 1879 1893
f 1859 1893 1846
f 1846 1893 1879
f 713 1842 1849
f 1849 1842 1860
f 1318 1895 1894
f 1894 1895 1896
f 1873 1897 1874
f 1874 1897 1898
f 1898 605 1899
f 1899 605 675
f 1405 1844 675
f 675 1844 1899
f 1404 1845 1405
f 1405 1845 1844
f 593 1296 591
f 591 1296 1809
f 1295 1292 1900
f 1900 1292 1895
f 606 1897 1291
f 1291 1897 1896
f 1510 1845 1511
f 1511 1845 1872
f 1871 1872 1404
f 1404 1872 1845
f 1866 770 1762
f 1762 770 1546
f 1762 682 1866
f 1866 682 1867
f 1870 1868 1272
f 1272 1868 681
f 1272 717 1870
f 1870 717 720
f 1870 720 786
f 786 720 1433
f 786 1433 787
f 787 1433 1432
f 1261 1414 1432
f 1432 1414 787
f 1389 1234 1260
f 1260 1234 1415
f 1719 1670 1388
f 1388 1670 1235
f 1718 1671 1719
f 1719 1671 1670
f 1705 1747 1718
f 1718 1747 1671
f 1659 1901 1704
f 1704 1901 1748
f 1877 1903 1902
f 1902 1903 1904
f 1259 1905 1390
f 1390 1905 1394
f 1715 1720 1393
f 1393 1720 1391
f 1716 1721 1715
f 1715 1721 1720
f 1698 1706 1716
f 1716 1706 1721
f 277 276 47
f 47 276 48
f 84 96 81
f 81 96 82
f 80 70 81
f 81 70 85
f 99 97 88
f 88 97 89
f 90 100 88
f 88 100 99
f 101 95 102
f 102 95 94
f 1906 1907 280
f 280 1907 281
f 97 86 89
f 89 86 85
f 60 282 61
f 61 282 281
f 83 82 46
f 46 82 47
f 293 292 420
f 420 292 421
f 419 1908 420
f 420 1908 1909
f 92 95 91
f 91 95 90
f 279 282 93
f 93 282 94
f 276 418 48
f 48 418 421
f 1910 1660 1697
f 1697 1660 1707
f 1703 1624 1700
f 1700 1624 1644
f 1622 1910 1623
f 1623 1910 1697
f 1701 1700 1911
f 1911 1700 1661
f 1700 1644 1661
f 1661 1644 1658
f 1901 1737 1733
f 1733 1737 1645
f 1625 1912 1604
f 1604 1912 1731
f 1912 1913 1731
f 1731 1913 1914
f 1913 1577 1914
f 1914 1577 1572
f 1915 1578 1616
f 1616 1578 1618
f 1915 1916 1598
f 1598 1916 1743
f 1916 1574 1743
f 1743 1574 1573
f 1575 1917 1576
f 1576 1917 1597
f 1917 1609 1597
f 1597 1609 1594
f 1608 1611 1729
f 1729 1611 1610
f 1918 1612 1629
f 1629 1612 1630
f 1626 1918 1627
f 1627 1918 1629
f 1920 1921 1919
f 1919 1921 1922
f 1920 1924 1923
f 1923 1924 1925
f 1926 1927 1924
f 1924 1927 1925
f 1929 1930 1928
f 1928 1930 1931
f 1932 1933 1935
f 1935 1933 1934
f 1937 1938 1936
f 1936 1938 1939
f 1941 1942 1940
f 1940 1942 1943
f 1941 1945 1944
f 1944 1945 1946
f 1947 1948 1694
f 1694 1948 1949
f 1950 1951 1953
f 1953 1951 1952
f 1955 1956 1954
f 1954 1956 1589
f 1958 1956 1957
f 1957 1956 1932
f 1960 1934 1959
f 1959 1934 1933
f 1962 1963 1961
f 1961 1963 1964
f 1965 1955 1751
f 1751 1955 1954
f 1935 1930 1932
f 1932 1930 1957
f 1951 1950 1926
f 1926 1950 1929
f 1966 1967 1593
f 1593 1967 1590
f 1969 1967 1968
f 1968 1967 1964
f 1962 1921 1970
f 1970 1921 1971
f 1963 1945 1964
f 1964 1945 1968
f 1972 1948 1922
f 1922 1948 1919
f 1966 1972 1961
f 1961 1972 1922
f 1958 1953 1587
f 1587 1953 1560
f 1974 1975 1973
f 1973 1975 1976
f 1978 1979 1977
f 1977 1979 1691
f 1979 1975 1691
f 1691 1975 1586
f 1938 1942 1939
f 1939 1942 1980
f 1952 1947 1557
f 1557 1947 1694
f 1969 1978 1981
f 1981 1978 1977
f 1983 1984 1982
f 1982 1984 1985
f 1986 1987 1989
f 1989 1987 1988
f 1990 1991 1983
f 1983 1991 1984
f 1990 1993 1992
f 1992 1993 1994
f 1995 1996 1994
f 1994 1996 1997
f 1999 2000 1998
f 1998 2000 2001
f 2003 2004 2002
f 2002 2004 2005
f 2007 2008 2006
f 2006 2008 2009
f 2011 2012 2010
f 2010 2012 2013
f 2014 2015 2017
f 2017 2015 2016
f 2018 2019 2021
f 2021 2019 2020
f 2022 1989 2024
f 2024 1989 2023
f 1989 1988 2023
f 2023 1988 2025
f 2026 2027 2017
f 2017 2027 2014
f 2029 2030 2028
f 2028 2030 2031
f 2033 2034 2032
f 2032 2034 2035
f 2032 2035 2036
f 2036 2035 2037
f 2039 2040 2038
f 2038 2040 2041
f 1982 2042 1983
f 1983 2042 2043
f 2045 2046 2044
f 2044 2046 2047
f 2049 2050 2048
f 2048 2050 2051
f 2053 2054 2052
f 2052 2054 2055
f 2057 2058 2056
f 2056 2058 2059
f 2060 2061 2033
f 2033 2061 2034
f 2063 2064 2062
f 2062 2064 2065
f 2066 2035 2067
f 2067 2035 2034
f 2069 2039 2068
f 2068 2039 2038
f 2025 2070 2023
f 2023 2070 2071
f 2072 2024 2071
f 2071 2024 2023
f 2074 2020 2073
f 2073 2020 2019
f 2050 2049 2047
f 2047 2049 2075
f 1983 2043 1990
f 1990 2043 1993
f 2006 2050 2007
f 2007 2050 2076
f 2050 2006 2051
f 2051 2006 2077
f 2079 2080 2078
f 2078 2080 2081
f 2082 2083 2085
f 2085 2083 2084
f 2010 2013 2086
f 2086 2013 2087
f 2089 2033 2088
f 2088 2033 2032
f 2090 2060 2089
f 2089 2060 2033
f 2092 2093 2091
f 2091 2093 2094
f 2096 1986 2095
f 2095 1986 2097
f 2097 1986 2022
f 2022 1986 1989
f 2015 2094 2016
f 2016 2094 2098
f 2016 2098 2100
f 2100 2098 2099
f 2017 2016 2101
f 2101 2016 2100
f 2017 2101 2026
f 2026 2101 2102
f 2100 2099 2104
f 2104 2099 2103
f 2104 2105 2100
f 2100 2105 2101
f 2105 2106 2101
f 2101 2106 2102
f 2108 2061 2107
f 2107 2061 2109
f 2111 2112 2110
f 2110 2112 2020
f 2020 2074 2110
f 2110 2074 2113
f 2115 2116 2114
f 2114 2116 2117
f 2118 2119 1995
f 1995 2119 2120
f 2121 2122 2027
f 2027 2122 2014
f 2047 2075 2044
f 2044 2075 2123
f 2124 2125 2127
f 2127 2125 2126
f 2129 2130 2128
f 2128 2130 2131
f 2132 2133 2057
f 2057 2133 2058
f 2134 1999 2136
f 2136 1999 2135
f 2055 2138 2137
f 2137 2138 2139
f 2141 2142 2140
f 2140 2142 2143
f 2083 2082 2064
f 2064 2082 2065
f 2082 2144 2065
f 2065 2144 2145
f 2040 2146 2041
f 2041 2146 2147
f 2060 2090 2148
f 2148 2090 2149
f 2048 2051 2137
f 2137 2051 2150
f 2151 1997 2135
f 2135 1997 1996
f 2152 2150 2077
f 2077 2150 2051
f 2046 2045 2118
f 2118 2045 2119
f 2154 2155 2153
f 2153 2155 2156
f 2158 2159 2157
f 2157 2159 2160
f 2162 2163 2161
f 2161 2163 2164
f 2164 2163 2165
f 2165 2163 2166
f 2168 2169 2167
f 2167 2169 2170
f 2003 2172 2171
f 2171 2172 2173
f 2174 2175 2002
f 2002 2175 2176
f 2145 2177 2065
f 2065 2177 2062
f 2178 2179 2180
f 2180 2179 2134
f 2181 2052 2152
f 2152 2052 2150
f 2040 2127 2146
f 2146 2127 2182
f 2130 2162 2131
f 2131 2162 2161
f 2052 2055 2150
f 2150 2055 2137
f 2184 2185 2183
f 2183 2185 2186
f 2159 2030 2160
f 2160 2030 2187
f 2146 2182 2029
f 2029 2182 2188
f 2189 2190 2192
f 2192 2190 2191
f 2172 2003 2176
f 2176 2003 2002
f 1998 2151 1999
f 1999 2151 2135
f 2177 2172 2062
f 2062 2172 2176
f 2172 2177 2173
f 2173 2177 2193
f 2063 2194 2064
f 2064 2194 2195
f 2066 2197 2196
f 2196 2197 2198
f 2002 2005 2174
f 2174 2005 2199
f 2004 2003 2200
f 2200 2003 2171
f 2198 2201 2171
f 2171 2201 2200
f 2197 2202 2198
f 2198 2202 2201
f 2202 2197 2203
f 2203 2197 2204
f 2196 2198 2173
f 2173 2198 2171
f 2205 2069 2170
f 2170 2069 2206
f 2197 2066 2204
f 2204 2066 2067
f 2107 2207 2108
f 2108 2207 2208
f 2210 2208 2209
f 2209 2208 2207
f 2185 2211 2212
f 2213 2214 2211
f 2211 2214 2212
f 1998 2001 2213
f 2213 2001 2214
f 2134 2215 1999
f 1999 2215 2000
f 2216 2217 2219
f 2219 2217 2218
f 2206 2220 2170
f 2170 2220 2167
f 2069 2068 2206
f 2206 2068 2221
f 2151 1998 2222
f 2222 1998 2213
f 2124 2039 2205
f 2205 2039 2069
f 2142 2223 2143
f 2143 2223 2128
f 2203 2186 2202
f 2202 2186 2185
f 2185 2184 2211
f 2211 2184 2224
f 2224 2225 2222
f 2222 2225 2226
f 2071 2227 2072
f 2072 2227 2228
f 2229 2074 2230
f 2230 2074 2073
f 2074 2229 2113
f 2113 2229 2231
f 2232 2225 2227
f 2227 2225 2224
f 2233 2234 2031
f 2031 2234 2028
f 2236 2231 2235
f 2235 2231 2229
f 2230 2183 2229
f 2229 2183 2235
f 2237 1987 2096
f 2096 1987 1986
f 2152 2238 2181
f 2181 2238 2239
f 2080 2240 2081
f 2081 2240 2241
f 2236 2242 1971
f 1971 2242 1970
f 1925 2113 1923
f 1923 2113 2231
f 2110 1927 2111
f 2111 1927 1928
f 2103 2111 1931
f 1931 2111 1928
f 1931 2243 2103
f 2103 2243 2104
f 2105 2104 2244
f 2244 2104 2243
f 1939 1980 2148
f 2148 1980 2109
f 1980 1944 2109
f 2109 1944 2107
f 1946 2245 2207
f 2207 2245 2209
f 2245 1970 2209
f 2209 1970 2242
f 2231 2236 1923
f 1923 2236 1971
f 2113 1925 2110
f 2110 1925 1927
f 2234 2246 2028
f 2028 2246 2147
f 2247 2248 2058
f 2058 2248 2059
f 2114 2117 2249
f 2249 2117 2250
f 2252 2253 2251
f 2251 2253 2254
f 2094 2015 2091
f 2091 2015 2255
f 2256 2255 2014
f 2014 2255 2015
f 2257 2145 2258
f 2258 2145 2144
f 2131 2161 2123
f 2123 2161 2044
f 2045 2044 2164
f 2164 2044 2161
f 2045 2164 2119
f 2119 2164 2165
f 2259 2120 2165
f 2165 2120 2119
f 2260 2261 2259
f 2259 2261 2120
f 2205 2262 2124
f 2124 2262 2125
f 2180 2263 2178
f 2178 2263 2264
f 2265 2266 2092
f 2092 2266 2093
f 1992 2267 2268
f 2184 2228 2224
f 2224 2228 2227
f 2048 2269 2049
f 2049 2269 2141
f 2129 2168 2157
f 2157 2168 2167
f 2049 2141 2075
f 2075 2141 2140
f 2199 2215 2270
f 2270 2215 2271
f 2142 2141 2272
f 2272 2141 2269
f 2089 2026 2090
f 2090 2026 2102
f 2146 2029 2147
f 2147 2029 2028
f 2111 2103 2112
f 2112 2103 2099
f 2061 2060 2109
f 2109 2060 2148
f 2273 2274 2041
f 2041 2274 2038
f 2260 2275 2261
f 2261 2275 2136
f 2057 2138 2132
f 2132 2138 2276
f 2272 2269 2056
f 2056 2269 2139
f 2277 2278 2270
f 2270 2278 2199
f 2029 2188 2030
f 2030 2188 2187
f 2040 2039 2127
f 2127 2039 2124
f 2064 2195 2083
f 2083 2195 2279
f 2056 2139 2057
f 2057 2139 2138
f 2278 2277 2247
f 2247 2277 2248
f 2062 2176 2063
f 2063 2176 2175
f 2280 2210 2242
f 2242 2210 2209
f 2282 2233 2281
f 2281 2233 2031
f 2216 2219 2283
f 2283 2219 2221
f 2158 2220 2218
f 2218 2220 2219
f 2217 2282 2218
f 2218 2282 2281
f 2220 2158 2167
f 2167 2158 2157
f 2223 2264 2128
f 2128 2264 2263
f 2261 1996 2120
f 2120 1996 1995
f 2213 2211 2222
f 2222 2211 2224
f 2283 2221 2284
f 2284 2221 2068
f 2135 1996 2136
f 2136 1996 2261
f 2144 2081 2258
f 2258 2081 2241
f 2235 2280 2236
f 2236 2280 2242
f 2246 2273 2147
f 2147 2273 2041
f 2036 2285 2032
f 2032 2285 2088
f 2077 2286 2152
f 2152 2286 2238
f 1937 1960 1973
f 1973 1960 1959
f 2070 2232 2071
f 2071 2232 2227
f 2244 2287 2105
f 2105 2287 2106
f 1936 1939 2149
f 2149 1939 2148
f 1944 1946 2107
f 2107 1946 2207
f 2285 2121 2088
f 2088 2121 2027
f 2253 2249 2254
f 2254 2249 2250
f 2006 2009 2077
f 2077 2009 2286
f 2289 2086 2288
f 2288 2086 2087
f 2223 2142 2290
f 2290 2142 2272
f 2128 2131 2143
f 2143 2131 2123
f 2156 2291 2153
f 2153 2291 2175
f 2292 2293 2278
f 2278 2293 2294
f 2075 2140 2123
f 2123 2140 2143
f 2262 2169 2275
f 2275 2169 2180
f 2275 2180 2136
f 2136 2180 2134
f 2274 2284 2038
f 2038 2284 2068
f 2127 2126 2182
f 2182 2126 2166
f 2094 2093 2098
f 2098 2093 2021
f 2098 2021 2099
f 2099 2021 2112
f 2018 2021 2266
f 2266 2021 2093
f 2251 2289 2252
f 2252 2289 2288
f 1997 2151 2226
f 2226 2151 2222
f 2206 2221 2220
f 2220 2221 2219
f 2269 2048 2139
f 2139 2048 2137
f 2159 2158 2281
f 2281 2158 2218
f 2156 2155 2190
f 2190 2155 2191
f 1974 1965 1583
f 1583 1965 1751
f 2088 2027 2089
f 2089 2027 2026
f 2030 2159 2031
f 2031 2159 2281
f 2106 2149 2102
f 2102 2149 2090
f 2287 1936 2106
f 2106 1936 2149
f 2293 2154 2294
f 2294 2154 2153
f 2021 2020 2112
f 2247 2295 2278
f 2278 2295 2292
f 2284 2296 2283
f 2283 2296 2297
f 2298 2296 2274
f 2274 2296 2284
f 2273 2299 2274
f 2274 2299 2298
f 2246 2300 2273
f 2273 2300 2299
f 2283 2297 2216
f 2216 2297 2301
f 2216 2301 2217
f 2217 2301 2302
f 2302 2303 2217
f 2217 2303 2282
f 2304 2301 2305
f 2305 2301 2297
f 2307 2308 2306
f 2306 2308 2309
f 2306 2310 2307
f 2307 2310 2311
f 2307 2312 2308
f 2308 2312 2313
f 2314 2315 2312
f 2312 2315 2316
f 2316 2317 2312
f 2312 2317 2313
f 2317 2305 2313
f 2313 2305 2318
f 2314 2312 2311
f 2311 2312 2307
f 2319 2320 2322
f 2322 2320 2321
f 2322 2311 2319
f 2319 2311 2310
f 2313 2318 2308
f 2308 2318 2309
f 2296 2298 2318
f 2318 2298 2309
f 2309 2298 2323
f 2323 2298 2299
f 2306 2309 2324
f 2324 2309 2323
f 2310 2306 2325
f 2325 2306 2324
f 2296 2318 2297
f 2297 2318 2305
f 2319 2310 2326
f 2326 2310 2325
f 2328 2325 2327
f 2327 2325 2324
f 2325 2328 2326
f 2326 2328 2329
f 2331 2328 2330
f 2330 2328 2327
f 2332 2333 2327
f 2327 2333 2330
f 2328 2331 2329
f 2329 2331 2334
f 2324 2323 2327
f 2327 2323 2332
f 2300 2332 2299
f 2299 2332 2323
f 2326 2335 2319
f 2319 2335 2320
f 2305 2317 2336
f 2336 2317 2316
f 2336 2316 2337
f 2337 2316 2315
f 2338 2304 2336
f 2336 2304 2305
f 2337 2339 2336
f 2336 2339 2338
f 2337 2315 2341
f 2341 2315 2340
f 2342 2300 2234
f 2234 2300 2246
f 2303 2343 2282
f 2282 2343 2233
f 2234 2233 2342
f 2342 2233 2343
f 2342 2343 2333
f 2333 2343 2344
f 2333 2344 2330
f 2330 2344 2345
f 2346 2344 2303
f 2303 2344 2343
f 2332 2300 2333
f 2333 2300 2342
f 2347 2346 2302
f 2302 2346 2303
f 2301 2304 2302
f 2302 2304 2347
f 2304 2338 2347
f 2347 2338 2348
f 2348 2349 2347
f 2347 2349 2346
f 2350 2351 2348
f 2348 2351 2349
f 2349 2345 2346
f 2346 2345 2344
f 2345 2349 2352
f 2352 2349 2351
f 2338 2339 2348
f 2348 2339 2350
f 2350 2339 2353
f 2353 2339 2354
f 2356 2357 2355
f 2355 2357 2353
f 2351 2350 2357
f 2357 2350 2353
f 2353 2354 2355
f 2355 2354 2335
f 2320 2335 2341
f 2341 2335 2354
f 2339 2337 2354
f 2354 2337 2341
f 2352 2331 2345
f 2345 2331 2330
f 2356 2334 2352
f 2352 2334 2331
f 2356 2352 2357
f 2357 2352 2351
f 2355 2329 2356
f 2356 2329 2334
f 2335 2326 2355
f 2355 2326 2329
f 2321 2314 2322
f 2322 2314 2311
f 2321 2320 2340
f 2340 2320 2341
f 2315 2314 2340
f 2340 2314 2321
f 2125 2260 2126
f 2126 2260 2259
f 2157 2160 2129
f 2129 2160 2130
f 2188 2163 2187
f 2187 2163 2162
f 2182 2166 2188
f 2188 2166 2163
f 2180 2169 2263
f 2263 2169 2168
f 2160 2187 2130
f 2130 2187 2162
f 2275 2260 2262
f 2262 2260 2125
f 2128 2263 2129
f 2129 2263 2168
f 2262 2205 2169
f 2169 2205 2170
f 2165 2166 2259
f 2259 2166 2126
f 2359 2360 2358
f 2358 2360 2361
f 2363 2364 2362
f 2362 2364 2365
f 2367 2363 2366
f 2366 2363 2362
f 2368 2369 2371
f 2371 2369 2370
f 2372 2373 2248
f 2248 2373 2059
f 2364 2374 2365
f 2365 2374 2375
f 2377 2378 2376
f 2376 2378 2379
f 2290 2380 2223
f 2223 2380 2381
f 2223 2381 2264
f 2264 2381 2382
f 2384 2385 2383
f 2383 2385 2386
f 2364 2371 2374
f 2374 2371 2387
f 2059 2373 2290
f 2290 2373 2380
f 2378 2360 2379
f 2379 2360 2388
f 2374 2387 2359
f 2359 2387 2389
f 2390 2367 2386
f 2386 2367 2391
f 2393 2394 2392
f 2392 2394 2395
f 2386 2391 2383
f 2383 2391 2396
f 2367 2366 2391
f 2391 2366 2397
f 2363 2367 2368
f 2368 2367 2390
f 2398 2399 2361
f 2361 2399 2358
f 2399 2400 2358
f 2358 2400 2375
f 2390 2401 2368
f 2368 2401 2369
f 2372 2384 2376
f 2376 2384 2383
f 2374 2359 2375
f 2375 2359 2358
f 2402 2403 2365
f 2365 2403 2362
f 2359 2389 2360
f 2360 2389 2388
f 2364 2363 2371
f 2371 2363 2368
f 2405 2398 2404
f 2404 2398 2361
f 2392 2395 2406
f 2406 2395 2397
f 2377 2396 2394
f 2394 2396 2395
f 2394 2393 2404
f 2404 2393 2405
f 2396 2377 2383
f 2383 2377 2376
f 2406 2397 2407
f 2407 2397 2366
f 2400 2402 2375
f 2375 2402 2365
f 2385 2270 2401
f 2401 2270 2271
f 2403 2407 2362
f 2362 2407 2366
f 2371 2370 2387
f 2387 2370 2382
f 2391 2397 2396
f 2396 2397 2395
f 2378 2377 2404
f 2404 2377 2394
f 2360 2378 2361
f 2361 2378 2404
f 2407 2408 2406
f 2406 2408 2409
f 2410 2408 2403
f 2403 2408 2407
f 2411 2410 2402
f 2402 2410 2403
f 2412 2411 2400
f 2400 2411 2402
f 2406 2409 2392
f 2392 2409 2413
f 2392 2413 2393
f 2393 2413 2414
f 2415 2405 2414
f 2414 2405 2393
f 2416 2413 2417
f 2417 2413 2409
f 2419 2420 2418
f 2418 2420 2421
f 2420 2422 2421
f 2421 2422 2423
f 2420 2424 2422
f 2422 2424 2425
f 2426 2427 2424
f 2424 2427 2428
f 2428 2429 2424
f 2424 2429 2425
f 2426 2424 2419
f 2419 2424 2420
f 2419 2418 2431
f 2431 2418 2430
f 2425 2432 2422
f 2422 2432 2423
f 2408 2410 2432
f 2432 2410 2423
f 2423 2410 2433
f 2433 2410 2411
f 2421 2423 2434
f 2434 2423 2433
f 2435 2418 2434
f 2434 2418 2421
f 2429 2417 2425
f 2425 2417 2432
f 2408 2432 2409
f 2409 2432 2417
f 2418 2435 2430
f 2430 2435 2436
f 2438 2435 2437
f 2437 2435 2434
f 2435 2438 2436
f 2436 2438 2439
f 2441 2438 2440
f 2440 2438 2437
f 2442 2443 2437
f 2437 2443 2440
f 2439 2438 2444
f 2444 2438 2441
f 2433 2442 2434
f 2434 2442 2437
f 2412 2442 2411
f 2411 2442 2433
f 2436 2445 2430
f 2430 2445 2446
f 2430 2446 2431
f 2431 2446 2447
f 2417 2429 2448
f 2448 2429 2428
f 2427 2449 2428
f 2428 2449 2448
f 2450 2416 2448
f 2448 2416 2417
f 2451 2450 2449
f 2449 2450 2448
f 2427 2452 2449
f 2449 2452 2453
f 2447 2446 2452
f 2452 2446 2453
f 2454 2412 2399
f 2399 2412 2400
f 2415 2455 2405
f 2405 2455 2398
f 2399 2398 2454
f 2454 2398 2455
f 2454 2455 2443
f 2443 2455 2456
f 2443 2456 2440
f 2440 2456 2457
f 2458 2456 2415
f 2415 2456 2455
f 2443 2442 2454
f 2454 2442 2412
f 2459 2458 2414
f 2414 2458 2415
f 2413 2416 2414
f 2414 2416 2459
f 2459 2416 2460
f 2460 2416 2450
f 2460 2461 2459
f 2459 2461 2458
f 2462 2463 2460
f 2460 2463 2461
f 2461 2457 2458
f 2458 2457 2456
f 2457 2461 2464
f 2464 2461 2463
f 2451 2462 2450
f 2450 2462 2460
f 2462 2451 2465
f 2465 2451 2466
f 2468 2469 2467
f 2467 2469 2465
f 2463 2462 2469
f 2469 2462 2465
f 2465 2466 2467
f 2467 2466 2445
f 2446 2445 2453
f 2453 2445 2466
f 2451 2449 2466
f 2466 2449 2453
f 2464 2441 2457
f 2457 2441 2440
f 2468 2444 2464
f 2464 2444 2441
f 2468 2464 2469
f 2469 2464 2463
f 2467 2439 2468
f 2468 2439 2444
f 2445 2436 2467
f 2467 2436 2439
f 2447 2426 2431
f 2431 2426 2419
f 2427 2426 2452
f 2452 2426 2447
f 2369 2179 2370
f 2370 2179 2178
f 2376 2379 2372
f 2372 2379 2373
f 2389 2381 2388
f 2388 2381 2380
f 2387 2382 2389
f 2389 2382 2381
f 2270 2385 2277
f 2277 2385 2384
f 2379 2388 2373
f 2373 2388 2380
f 2401 2271 2369
f 2369 2271 2179
f 2248 2277 2372
f 2372 2277 2384
f 2401 2390 2385
f 2385 2390 2386
f 2264 2382 2178
f 2178 2382 2370
f 2215 2134 2271
f 2271 2134 2179
f 2005 2000 2199
f 2199 2000 2215
f 2004 2001 2005
f 2005 2001 2000
f 2200 2214 2004
f 2004 2214 2001
f 2470 2471 2473
f 2473 2471 2472
f 2475 2476 2474
f 2474 2476 2477
f 2479 2475 2478
f 2478 2475 2474
f 2481 2482 2480
f 2480 2482 2483
f 2476 2484 2477
f 2477 2484 2485
f 2487 2488 2486
f 2486 2488 2489
f 2133 2490 2058
f 2058 2490 2491
f 2058 2491 2247
f 2247 2491 2492
f 2494 2495 2493
f 2493 2495 2496
f 2476 2483 2484
f 2484 2483 2497
f 2472 2498 2488
f 2488 2498 2489
f 2484 2497 2471
f 2471 2497 2499
f 2500 2479 2496
f 2496 2479 2501
f 2502 2503 2505
f 2505 2503 2504
f 2496 2501 2493
f 2493 2501 2506
f 2479 2478 2501
f 2501 2478 2507
f 2475 2479 2480
f 2480 2479 2500
f 2508 2509 2473
f 2473 2509 2470
f 2509 2510 2470
f 2470 2510 2485
f 2511 2481 2500
f 2500 2481 2480
f 2512 2494 2486
f 2486 2494 2493
f 2485 2484 2470
f 2470 2484 2471
f 2513 2514 2477
f 2477 2514 2474
f 2471 2499 2472
f 2472 2499 2498
f 2476 2475 2483
f 2483 2475 2480
f 2516 2508 2515
f 2515 2508 2473
f 2502 2505 2517
f 2517 2505 2507
f 2504 2487 2505
f 2505 2487 2506
f 2503 2516 2504
f 2504 2516 2515
f 2506 2487 2493
f 2493 2487 2486
f 2517 2507 2518
f 2518 2507 2478
f 2510 2513 2485
f 2485 2513 2477
f 2511 2495 2293
f 2293 2495 2154
f 2514 2518 2474
f 2474 2518 2478
f 2483 2482 2497
f 2497 2482 2492
f 2501 2507 2506
f 2506 2507 2505
f 2488 2487 2515
f 2515 2487 2504
f 2472 2488 2473
f 2473 2488 2515
f 2518 2519 2517
f 2517 2519 2520
f 2521 2519 2514
f 2514 2519 2518
f 2522 2521 2513
f 2513 2521 2514
f 2523 2522 2510
f 2510 2522 2513
f 2517 2520 2502
f 2502 2520 2524
f 2502 2524 2503
f 2503 2524 2525
f 2525 2526 2503
f 2503 2526 2516
f 2527 2524 2528
f 2528 2524 2520
f 2530 2531 2529
f 2529 2531 2532
f 2531 2533 2532
f 2532 2533 2534
f 2531 2535 2533
f 2533 2535 2536
f 2537 2538 2535
f 2535 2538 2539
f 2539 2540 2535
f 2535 2540 2536
f 2537 2535 2530
f 2530 2535 2531
f 2529 2541 2530
f 2530 2541 2542
f 2543 2534 2536
f 2536 2534 2533
f 2519 2521 2543
f 2543 2521 2534
f 2534 2521 2544
f 2544 2521 2522
f 2532 2534 2545
f 2545 2534 2544
f 2529 2532 2546
f 2546 2532 2545
f 2536 2540 2543
f 2543 2540 2528
f 2519 2543 2520
f 2520 2543 2528
f 2541 2529 2547
f 2547 2529 2546
f 2548 2549 2545
f 2545 2549 2546
f 2549 2550 2546
f 2546 2550 2547
f 2551 2552 2548
f 2548 2552 2549
f 2548 2553 2551
f 2551 2553 2554
f 2550 2549 2555
f 2555 2549 2552
f 2545 2544 2548
f 2548 2544 2553
f 2523 2553 2522
f 2522 2553 2544
f 2547 2556 2541
f 2541 2556 2557
f 2541 2557 2542
f 2542 2557 2558
f 2528 2540 2559
f 2559 2540 2539
f 2538 2560 2539
f 2539 2560 2559
f 2561 2527 2559
f 2559 2527 2528
f 2560 2562 2559
f 2559 2562 2561
f 2560 2538 2564
f 2564 2538 2563
f 2558 2557 2563
f 2563 2557 2564
f 2565 2523 2509
f 2509 2523 2510
f 2526 2566 2516
f 2516 2566 2508
f 2509 2508 2565
f 2565 2508 2566
f 2565 2566 2554
f 2554 2566 2567
f 2554 2567 2551
f 2551 2567 2568
f 2569 2567 2526
f 2526 2567 2566
f 2553 2523 2554
f 2554 2523 2565
f 2570 2569 2525
f 2525 2569 2526
f 2524 2527 2525
f 2525 2527 2570
f 2527 2561 2570
f 2570 2561 2571
f 2571 2572 2570
f 2570 2572 2569
f 2573 2574 2571
f 2571 2574 2572
f 2572 2568 2569
f 2569 2568 2567
f 2568 2572 2575
f 2575 2572 2574
f 2562 2573 2561
f 2561 2573 2571
f 2573 2562 2576
f 2576 2562 2577
f 2579 2580 2578
f 2578 2580 2576
f 2574 2573 2580
f 2580 2573 2576
f 2576 2577 2578
f 2578 2577 2556
f 2557 2556 2564
f 2564 2556 2577
f 2562 2560 2577
f 2577 2560 2564
f 2575 2552 2568
f 2568 2552 2551
f 2579 2555 2575
f 2575 2555 2552
f 2579 2575 2580
f 2580 2575 2574
f 2550 2555 2578
f 2578 2555 2579
f 2556 2547 2578
f 2578 2547 2550
f 2558 2537 2542
f 2542 2537 2530
f 2538 2537 2563
f 2563 2537 2558
f 2292 2295 2481
f 2481 2295 2482
f 2486 2489 2512
f 2512 2489 2581
f 2499 2491 2498
f 2498 2491 2490
f 2497 2492 2499
f 2499 2492 2491
f 2155 2154 2494
f 2494 2154 2495
f 2581 2489 2490
f 2490 2489 2498
f 2293 2292 2511
f 2511 2292 2481
f 2191 2155 2512
f 2512 2155 2494
f 2500 2496 2511
f 2511 2496 2495
f 2247 2492 2295
f 2295 2492 2482
f 2583 2584 2582
f 2582 2584 2585
f 2587 2588 2586
f 2586 2588 2589
f 2591 2587 2590
f 2590 2587 2586
f 2593 2594 2592
f 2592 2594 2595
f 2596 2597 2599
f 2599 2597 2598
f 2588 2600 2589
f 2589 2600 2601
f 2602 2603 2605
f 2605 2603 2604
f 2606 2607 2609
f 2609 2607 2608
f 2609 2608 2190
f 2190 2608 2610
f 2611 2612 2614
f 2614 2612 2613
f 2600 2588 2615
f 2615 2588 2595
f 2599 2598 2606
f 2606 2598 2607
f 2584 2616 2604
f 2604 2616 2605
f 2600 2615 2583
f 2583 2615 2617
f 2591 2619 2618
f 2618 2619 2614
f 2621 2622 2620
f 2620 2622 2623
f 2619 2624 2614
f 2614 2624 2611
f 2591 2590 2619
f 2619 2590 2625
f 2587 2591 2592
f 2592 2591 2618
f 2626 2627 2585
f 2585 2627 2582
f 2627 2628 2582
f 2582 2628 2601
f 2629 2593 2618
f 2618 2593 2592
f 2602 2597 2611
f 2611 2597 2612
f 2600 2583 2601
f 2601 2583 2582
f 2630 2631 2589
f 2589 2631 2586
f 2583 2617 2584
f 2584 2617 2616
f 2588 2587 2595
f 2595 2587 2592
f 2633 2626 2632
f 2632 2626 2585
f 2620 2623 2634
f 2634 2623 2625
f 2622 2603 2623
f 2623 2603 2624
f 2621 2633 2622
f 2622 2633 2632
f 2611 2624 2602
f 2602 2624 2603
f 2634 2625 2635
f 2635 2625 2590
f 2628 2630 2601
f 2601 2630 2589
f 2613 2195 2629
f 2629 2195 2194
f 2631 2635 2586
f 2586 2635 2590
f 2595 2594 2615
f 2615 2594 2610
f 2619 2625 2624
f 2624 2625 2623
f 2632 2604 2622
f 2622 2604 2603
f 2585 2584 2632
f 2632 2584 2604
f 2635 2636 2634
f 2634 2636 2637
f 2638 2636 2631
f 2631 2636 2635
f 2639 2638 2630
f 2630 2638 2631
f 2640 2639 2628
f 2628 2639 2630
f 2634 2637 2620
f 2620 2637 2641
f 2620 2641 2621
f 2621 2641 2642
f 2642 2643 2621
f 2621 2643 2633
f 2641 2637 2644
f 2644 2637 2645
f 2646 2647 2649
f 2649 2647 2648
f 2648 2650 2649
f 2649 2650 2651
f 2648 2652 2650
f 2650 2652 2653
f 2652 2654 2656
f 2656 2654 2655
f 2656 2657 2652
f 2652 2657 2653
f 2654 2652 2647
f 2647 2652 2648
f 2647 2646 2659
f 2659 2646 2658
f 2660 2651 2653
f 2653 2651 2650
f 2636 2638 2660
f 2660 2638 2651
f 2651 2638 2661
f 2661 2638 2639
f 2651 2661 2649
f 2649 2661 2662
f 2663 2646 2662
f 2662 2646 2649
f 2653 2657 2660
f 2660 2657 2645
f 2636 2660 2637
f 2637 2660 2645
f 2646 2663 2658
f 2658 2663 2664
f 2665 2666 2662
f 2662 2666 2663
f 2666 2667 2663
f 2663 2667 2664
f 2668 2669 2665
f 2665 2669 2666
f 2665 2670 2668
f 2668 2670 2671
f 2667 2666 2672
f 2672 2666 2669
f 2662 2661 2665
f 2665 2661 2670
f 2640 2670 2639
f 2639 2670 2661
f 2673 2674 2664
f 2664 2674 2658
f 2658 2674 2659
f 2659 2674 2675
f 2645 2657 2676
f 2676 2657 2656
f 2677 2676 2655
f 2655 2676 2656
f 2676 2678 2645
f 2645 2678 2644
f 2677 2679 2676
f 2676 2679 2678
f 2655 2680 2677
f 2677 2680 2681
f 2675 2674 2680
f 2680 2674 2681
f 2682 2640 2627
f 2627 2640 2628
f 2643 2683 2633
f 2633 2683 2626
f 2682 2627 2683
f 2683 2627 2626
f 2683 2684 2682
f 2682 2684 2671
f 2684 2685 2671
f 2671 2685 2668
f 2686 2684 2643
f 2643 2684 2683
f 2670 2640 2671
f 2671 2640 2682
f 2687 2686 2642
f 2642 2686 2643
f 2642 2641 2687
f 2687 2641 2644
f 2687 2644 2688
f 2688 2644 2678
f 2688 2689 2687
f 2687 2689 2686
f 2690 2691 2688
f 2688 2691 2689
f 2689 2685 2686
f 2686 2685 2684
f 2685 2689 2692
f 2692 2689 2691
f 2679 2690 2678
f 2678 2690 2688
f 2690 2679 2693
f 2693 2679 2694
f 2696 2697 2695
f 2695 2697 2693
f 2691 2690 2697
f 2697 2690 2693
f 2693 2694 2695
f 2695 2694 2673
f 2674 2673 2681
f 2681 2673 2694
f 2679 2677 2694
f 2694 2677 2681
f 2685 2692 2668
f 2668 2692 2669
f 2696 2672 2692
f 2692 2672 2669
f 2696 2692 2697
f 2697 2692 2691
f 2695 2667 2696
f 2696 2667 2672
f 2673 2664 2695
f 2695 2664 2667
f 2675 2654 2659
f 2659 2654 2647
f 2655 2654 2680
f 2680 2654 2675
f 2291 2156 2593
f 2593 2156 2594
f 2597 2602 2598
f 2598 2602 2605
f 2616 2617 2607
f 2607 2617 2608
f 2615 2610 2617
f 2617 2610 2608
f 2597 2596 2612
f 2612 2596 2698
f 2598 2605 2607
f 2607 2605 2616
f 2194 2291 2629
f 2629 2291 2593
f 2629 2618 2613
f 2613 2618 2614
f 2190 2610 2156
f 2156 2610 2594
f 2700 2010 2699
f 2699 2010 2086
f 2267 2701 2116
f 2116 2701 2702
f 2116 2702 2117
f 2117 2702 2703
f 2704 2705 2250
f 2250 2705 2254
f 2011 2706 2267
f 2267 2706 2701
f 2699 2086 2707
f 2707 2086 2289
f 2010 2700 2011
f 2011 2700 2706
f 2708 2707 2251
f 2251 2707 2289
f 2703 2704 2117
f 2117 2704 2250
f 2705 2708 2254
f 2254 2708 2251
f 2709 2710 2708
f 2708 2710 2707
f 2711 2709 2705
f 2705 2709 2708
f 2712 2711 2704
f 2704 2711 2705
f 2713 2712 2703
f 2703 2712 2704
f 2707 2710 2699
f 2699 2710 2714
f 2699 2714 2700
f 2700 2714 2715
f 2716 2706 2715
f 2715 2706 2700
f 2714 2710 2717
f 2717 2710 2718
f 2720 2721 2719
f 2719 2721 2722
f 2721 2723 2722
f 2722 2723 2724
f 2721 2725 2723
f 2723 2725 2726
f 2727 2728 2725
f 2725 2728 2726
f 2729 2725 2720
f 2720 2725 2721
f 2731 2729 2730
f 2730 2729 2720
f 2719 2732 2720
f 2720 2732 2730
f 2726 2733 2723
f 2723 2733 2724
f 2709 2711 2733
f 2733 2711 2724
f 2724 2711 2734
f 2734 2711 2712
f 2722 2724 2735
f 2735 2724 2734
f 2719 2722 2736
f 2736 2722 2735
f 2726 2728 2733
f 2733 2728 2718
f 2709 2733 2710
f 2710 2733 2718
f 2732 2719 2737
f 2737 2719 2736
f 2738 2739 2735
f 2735 2739 2736
f 2739 2740 2736
f 2736 2740 2737
f 2741 2742 2738
f 2738 2742 2739
f 2738 2743 2741
f 2741 2743 2744
f 2740 2739 2745
f 2745 2739 2742
f 2735 2734 2738
f 2738 2734 2743
f 2713 2743 2712
f 2712 2743 2734
f 2737 2746 2732
f 2732 2746 2747
f 2732 2747 2730
f 2730 2747 2731
f 2718 2728 2748
f 2748 2728 2727
f 2749 2750 2727
f 2727 2750 2748
f 2748 2751 2718
f 2718 2751 2717
f 2750 2752 2748
f 2748 2752 2751
f 2750 2749 2754
f 2754 2749 2753
f 2731 2747 2753
f 2753 2747 2754
f 2727 2725 2749
f 2749 2725 2729
f 2749 2729 2753
f 2753 2729 2731
f 2702 2755 2703
f 2703 2755 2713
f 2706 2716 2701
f 2701 2716 2756
f 2755 2702 2756
f 2756 2702 2701
f 2756 2757 2755
f 2755 2757 2744
f 2757 2758 2744
f 2744 2758 2741
f 2759 2757 2716
f 2716 2757 2756
f 2743 2713 2744
f 2744 2713 2755
f 2760 2759 2715
f 2715 2759 2716
f 2715 2714 2760
f 2760 2714 2717
f 2760 2717 2761
f 2761 2717 2751
f 2761 2762 2760
f 2760 2762 2759
f 2763 2764 2761
f 2761 2764 2762
f 2762 2758 2759
f 2759 2758 2757
f 2758 2762 2765
f 2765 2762 2764
f 2752 2763 2751
f 2751 2763 2761
f 2763 2752 2766
f 2766 2752 2767
f 2768 2769 2766
f 2766 2769 2770
f 2764 2763 2770
f 2770 2763 2766
f 2766 2767 2768
f 2768 2767 2746
f 2747 2746 2754
f 2754 2746 2767
f 2752 2750 2767
f 2767 2750 2754
f 2758 2765 2741
f 2741 2765 2742
f 2769 2745 2765
f 2765 2745 2742
f 2769 2765 2770
f 2770 2765 2764
f 2768 2740 2769
f 2769 2740 2745
f 2746 2737 2768
f 2768 2737 2740
f 2201 2212 2200
f 2200 2212 2214
f 2201 2202 2212
f 2212 2202 2185
f 2512 2581 2191
f 2191 2581 2192
f 2059 2290 2056
f 2056 2290 2272
f 2174 2199 2294
f 2294 2199 2278
f 2063 2175 2194
f 2194 2175 2291
f 2192 2581 2133
f 2133 2581 2490
f 2133 2132 2192
f 2192 2132 2189
f 2054 2276 2055
f 2055 2276 2138
f 2083 2279 2084
f 2084 2279 2771
f 2771 2279 2599
f 2599 2279 2596
f 2606 2772 2599
f 2599 2772 2771
f 2772 2773 2771
f 2771 2773 2084
f 2773 2774 2084
f 2084 2774 2085
f 2085 2775 2082
f 2082 2775 2144
f 2774 2078 2085
f 2085 2078 2775
f 2078 2774 2079
f 2079 2774 2776
f 2774 2773 2776
f 2776 2773 2777
f 2773 2772 2777
f 2777 2772 2778
f 2190 2189 2609
f 2609 2189 2778
f 2053 2052 2779
f 2779 2052 2181
f 2144 2775 2081
f 2081 2775 2078
f 2294 2153 2174
f 2174 2153 2175
f 2132 2276 2189
f 2189 2276 2778
f 2606 2609 2772
f 2772 2609 2778
f 2195 2613 2698
f 2698 2613 2612
f 2596 2279 2698
f 2698 2279 2195
f 2054 2777 2276
f 2276 2777 2778
f 2777 2054 2776
f 2776 2054 2053
f 2053 2779 2776
f 2776 2779 2079
f 2779 2181 2079
f 2079 2181 2080
f 2181 2239 2080
f 2080 2239 2240
f 2122 2256 2014
f 2042 1982 2076
f 2076 1982 2007
f 1982 1985 2007
f 2007 1985 2008
f 2095 2097 2265
f 2265 2097 2266
f 2076 2050 2042
f 2042 2050 2047
f 2046 2043 2047
f 2047 2043 2042
f 2118 1993 2046
f 2046 1993 2043
f 1995 1994 2118
f 2118 1994 1993
f 2267 1992 2011
f 2011 1992 2012
f 1997 2012 1994
f 1994 2012 1992
f 2226 2013 1997
f 1997 2013 2012
f 2225 2087 2226
f 2226 2087 2013
f 2225 2232 2087
f 2087 2232 2288
f 2232 2070 2288
f 2288 2070 2252
f 2070 2025 2252
f 2252 2025 2253
f 1988 2249 2025
f 2025 2249 2253
f 2116 2115 2267
f 2267 2115 2268
f 2096 1984 2237
f 2237 1984 1991
f 2095 1985 2096
f 2096 1985 1984
f 2265 2008 2095
f 2095 2008 1985
f 2092 2009 2265
f 2265 2009 2008
f 2091 2286 2092
f 2092 2286 2009
f 2255 2238 2091
f 2091 2238 2286
f 2256 2239 2255
f 2255 2239 2238
f 2122 2240 2256
f 2256 2240 2239
f 2121 2241 2122
f 2122 2241 2240
f 2022 2018 2097
f 2097 2018 2266
f 2022 2024 2018
f 2018 2024 2019
f 2024 2072 2019
f 2019 2072 2073
f 2072 2228 2073
f 2073 2228 2230
f 2228 2184 2230
f 2230 2184 2183
f 2121 2285 2241
f 2241 2285 2258
f 2285 2036 2258
f 2258 2036 2257
f 2177 2145 2193
f 2193 2145 2257
f 2173 2193 2196
f 2196 2193 2037
f 2036 2037 2257
f 2257 2037 2193
f 2196 2037 2066
f 2066 2037 2035
f 2061 2108 2034
f 2034 2108 2067
f 2108 2208 2067
f 2067 2208 2204
f 2208 2210 2204
f 2204 2210 2203
f 2210 2280 2203
f 2203 2280 2186
f 2183 2186 2235
f 2235 2186 2280
f 1987 2114 1988
f 1988 2114 2249
f 2237 2115 1987
f 1987 2115 2114
f 1991 2268 2237
f 2237 2268 2115
f 1991 1990 2268
f 2268 1990 1992
f 107 110 2781
f 2781 110 2780
f 117 2782 118
f 118 2782 2783
f 119 2784 120
f 120 2784 2785
f 125 2786 126
f 126 2786 2787
f 127 2788 128
f 128 2788 2789
f 127 132 2788
f 2788 132 2790
f 231 230 2792
f 2792 230 2791
f 118 2783 119
f 119 2783 2784
f 241 243 2794
f 2794 243 2793
f 2781 2795 107
f 107 2795 352
f 120 2785 437
f 437 2785 2796
f 126 2787 110
f 110 2787 2780
f 455 2797 456
f 456 2797 2798
f 128 2789 457
f 457 2789 2799
f 456 2798 117
f 117 2798 2782
f 2794 2797 241
f 241 2797 455
f 457 2799 125
f 125 2799 2786
f 132 231 2790
f 2790 231 2792
f 230 437 2791
f 2791 437 2796
f 2792 2789 2790
f 2790 2789 2788
f 2785 2784 2801
f 2801 2784 2800
f 2786 2802 2787
f 2787 2802 2803
f 2792 2791 2805
f 2805 2791 2804
f 2784 2783 2800
f 2800 2783 2806
f 2785 2801 2796
f 2796 2801 2807
f 2787 2803 2780
f 2780 2803 2808
f 2789 2809 2799
f 2799 2809 2810
f 2799 2810 2786
f 2786 2810 2802
f 2791 2796 2804
f 2804 2796 2807
f 2789 2792 2809
f 2809 2792 2805
f 2812 2797 2811
f 2811 2797 2794
f 2809 2805 2810
f 2810 2805 2804
f 2810 2804 2802
f 2802 2804 2807
f 2802 2807 2803
f 2803 2807 2801
f 2808 2803 2800
f 2800 2803 2801
f 2814 699 2813
f 2813 699 698
f 2808 2815 2780
f 2780 2815 2781
f 2817 2782 2816
f 2816 2782 2798
f 2815 2818 2781
f 2781 2818 2795
f 2797 2812 2798
f 2798 2812 2816
f 2783 2782 2806
f 2806 2782 2817
f 2800 2806 2808
f 2808 2806 2815
f 2794 2793 2811
f 2811 2793 2819
f 174 201 384
f 384 201 362
f 200 1766 390
f 390 1766 1777
f 1777 1778 390
f 390 1778 398
f 1778 361 398
f 398 361 222
f 2820 2821 628
f 628 2821 629
f 1406 2820 790
f 790 2820 628
f 794 1415 1233
f 1233 1415 1234
f 1406 790 1407
f 1407 790 1312
f 1407 1312 2822
f 2822 1312 1316
f 2823 1380 1543
f 1543 1380 1379
f 1385 1738 1382
f 1382 1738 1383
f 1381 791 1382
f 1382 791 1386
f 791 794 1386
f 1386 794 1233
f 1259 1390 1260
f 1260 1390 1389
f 1905 1542 1394
f 1394 1542 1395
f 1410 1413 1397
f 1397 1413 1398
f 2821 1410 629
f 629 1410 1397
f 2823 2822 1380
f 1380 2822 1316
f 1392 1395 1378
f 1378 1395 1379
f 1738 1399 1383
f 1383 1399 1398
f 1388 1235 1389
f 1389 1235 1234
f 1393 1391 1394
f 1394 1391 1390
f 1381 1384 779
f 779 1384 780
f 1282 788 792
f 792 788 793
f 1431 1262 1432
f 1432 1262 1261
f 1400 1342 1408
f 1408 1342 1409
f 1508 1544 1411
f 1411 1544 1412
f 788 787 793
f 793 787 1414
f 2821 2820 1429
f 1429 2820 1430
f 2822 2823 1506
f 1506 2823 1507
f 778 1282 779
f 779 1282 792
f 2820 1406 1430
f 1430 1406 1409
f 1410 2821 1411
f 1411 2821 1429
f 1407 2822 1408
f 1408 2822 1506
f 1544 781 1412
f 1412 781 780
f 1260 1415 1261
f 1261 1415 1414
f 1334 2824 923
f 923 2824 924
f 2826 1268 2825
f 2825 1268 1267
f 769 1212 2827
f 2827 1212 2828
f 1492 1190 1266
f 1266 1190 1267
f 1488 2829 1489
f 1489 2829 2830
f 922 1329 923
f 923 1329 1328
f 1484 2831 1485
f 1485 2831 2832
f 1482 2833 1485
f 1485 2833 1486
f 1324 1493 1489
f 1489 1493 1490
f 1265 1491 1266
f 1266 1491 1490
f 2835 2836 2834
f 2834 2836 2837
f 1250 2838 2827
f 2827 2838 2839
f 1488 1491 2840
f 2840 1491 2841
f 1268 2826 2842
f 2842 2826 2843
f 2844 2845 1495
f 1495 2845 1496
f 1427 2847 2846
f 2846 2847 926
f 2829 1488 2848
f 2848 1488 2840
f 1329 922 2849
f 2849 922 927
f 2850 2851 768
f 768 2851 1213
f 1265 1268 2852
f 2852 1268 2842
f 1491 1265 2841
f 2841 1265 2852
f 2854 2855 2853
f 2853 2855 2856
f 2855 2857 2856
f 2856 2857 598
f 2857 2858 598
f 598 2858 595
f 2858 2859 595
f 595 2859 626
f 649 652 2860
f 2860 652 2861
f 639 642 2862
f 2862 642 2863
f 2864 705 2862
f 2862 705 639
f 2865 1418 2864
f 2864 1418 705
f 2866 2867 2865
f 2865 2867 1418
f 1760 1348 1761
f 1761 1348 2867
f 1764 2868 1197
f 1197 2868 1198
f 2869 611 2868
f 2868 611 1198
f 2870 612 2869
f 2869 612 611
f 1352 1350 944
f 944 1350 688
f 1350 1256 688
f 688 1256 685
f 1256 1255 685
f 685 1255 692
f 1255 2871 692
f 692 2871 2872
f 701 2873 698
f 698 2873 2813
f 2872 1349 692
f 692 1349 693
f 1696 1744 1574
f 1574 1744 1575
f 1753 1618 1577
f 1577 1618 1578
f 1729 1594 1608
f 1608 1594 1609
f 1725 1630 1611
f 1611 1630 1612
f 1604 1607 1625
f 1625 1607 1626
f 1624 1703 1625
f 1625 1703 1912
f 1703 1702 1912
f 1912 1702 1913
f 1702 1753 1913
f 1913 1753 1577
f 1598 1569 1915
f 1915 1569 1578
f 1616 1615 1915
f 1915 1615 1916
f 1615 1696 1916
f 1916 1696 1574
f 1744 1745 1575
f 1575 1745 1917
f 1745 1565 1917
f 1917 1565 1609
f 1568 1725 1608
f 1608 1725 1611
f 2874 1613 1918
f 1918 1613 1612
f 1607 2874 1626
f 1626 2874 1918
f 1610 1613 1562
f 1562 1613 1563
f 1547 1550 1570
f 1570 1550 1571
f 1573 1576 1580
f 1580 1576 1581
f 1553 1556 1595
f 1595 1556 1596
f 1556 1582 1596
f 1596 1582 1581
f 1551 1547 1599
f 1599 1547 1570
f 1731 1914 1601
f 1601 1914 1602
f 1686 1689 1605
f 1605 1689 1606
f 1598 1743 1599
f 1599 1743 1692
f 2874 1607 1723
f 1723 1607 1606
f 1727 1553 1730
f 1730 1553 1595
f 1600 1686 1601
f 1601 1686 1605
f 1914 1572 1602
f 1602 1572 1571
f 1579 1693 1580
f 1580 1693 1692
f 1613 2874 1563
f 1563 2874 1723
f 1561 1727 1562
f 1562 1727 1730
f 1949 1742 1548
f 1548 1742 1549
f 1694 1949 1552
f 1552 1949 1548
f 1954 1589 1554
f 1554 1589 1555
f 1693 1579 1558
f 1558 1579 1559
f 1561 1564 1584
f 1584 1564 1585
f 1582 1556 1588
f 1588 1556 1555
f 1600 1603 1591
f 1591 1603 1592
f 1981 1977 1687
f 1687 1977 1688
f 1564 1722 1585
f 1585 1722 1690
f 1551 1693 1552
f 1552 1693 1558
f 1751 1954 1728
f 1728 1954 1554
f 1590 1981 1591
f 1591 1981 1687
f 1603 1550 1592
f 1592 1550 1549
f 1977 1691 1688
f 1688 1691 1690
f 1587 1560 1588
f 1588 1560 1559
f 1727 1561 1728
f 1728 1561 1584
f 2875 1919 1947
f 1947 1919 1948
f 1557 1560 1952
f 1952 1560 1953
f 1933 1932 1955
f 1955 1932 1956
f 1587 1589 1958
f 1958 1589 1956
f 1959 1933 1965
f 1965 1933 1955
f 1961 1964 1966
f 1966 1964 1967
f 1981 1590 1969
f 1969 1590 1967
f 1742 1949 1972
f 1972 1949 1948
f 1593 1742 1966
f 1966 1742 1972
f 1957 1950 1958
f 1958 1950 1953
f 1583 1586 1974
f 1974 1586 1975
f 1940 1943 1978
f 1978 1943 1979
f 1943 1976 1979
f 1979 1976 1975
f 1951 2875 1952
f 1952 2875 1947
f 1968 1940 1969
f 1969 1940 1978
f 1973 1959 1974
f 1974 1959 1965
f 1923 1971 1920
f 1920 1971 1921
f 1919 2875 1920
f 1920 2875 1924
f 2875 1951 1924
f 1924 1951 1926
f 1950 1957 1929
f 1929 1957 1930
f 2244 2243 1934
f 1934 2243 1935
f 1973 1976 1937
f 1937 1976 1938
f 1944 1980 1941
f 1941 1980 1942
f 1940 1968 1941
f 1941 1968 1945
f 2287 2244 1960
f 1960 2244 1934
f 1970 2245 1962
f 1962 2245 1963
f 2243 1931 1935
f 1935 1931 1930
f 1927 1926 1928
f 1928 1926 1929
f 1961 1922 1962
f 1962 1922 1921
f 2245 1946 1963
f 1963 1946 1945
f 1976 1943 1938
f 1938 1943 1942
f 1936 2287 1937
f 1937 2287 1960
f 743 1238 608
f 608 1238 609
f 607 1811 608
f 608 1811 744
f 1304 2876 1305
f 1305 2876 2877
f 586 585 1298
f 1298 585 1299
f 585 702 1299
f 1299 702 1300
f 702 1428 1300
f 1300 1428 1301
f 1238 586 609
f 609 586 1298
f 2878 2879 1218
f 1218 2879 2877
f 2880 2881 1812
f 1812 2881 1819
f 2883 1821 2882
f 2882 1821 1820
f 2840 2841 620
f 620 2841 621
f 2842 2843 795
f 795 2843 796
f 892 895 2844
f 2844 895 2845
f 2848 2840 942
f 942 2840 620
f 2849 927 1202
f 1202 927 1203
f 2852 2842 1270
f 1270 2842 795
f 2841 2852 621
f 621 2852 1270
f 941 1759 942
f 942 1759 2884
f 659 929 1427
f 1427 929 2847
f 1237 2851 751
f 751 2851 2850
f 1216 2885 1217
f 1217 2885 1754
f 2887 734 2886
f 2886 734 733
f 2889 1816 2888
f 2888 1816 1815
f 2890 1245 2889
f 2889 1245 1816
f 1824 2891 1825
f 1825 2891 1246
f 2892 2893 2895
f 2895 2893 2894
f 1854 1833 1851
f 1851 1833 1832
f 1851 1832 1884
f 1884 1832 1876
f 1884 1876 1441
f 1441 1876 1443
f 1441 1443 1442
f 1442 1443 1446
f 1442 1446 2896
f 2896 1446 1507
f 2897 2823 2898
f 2898 2823 1543
f 1542 2899 1543
f 1543 2899 2898
f 1542 1905 2899
f 2899 1905 2900
f 1905 1259 2900
f 2900 1259 2901
f 1262 1431 2902
f 2902 1431 1904
f 1431 1434 1904
f 1904 1434 1902
f 1902 1434 2903
f 2903 1434 719
f 2903 719 2904
f 2904 719 718
f 1869 1881 718
f 718 1881 2904
f 1881 1869 1880
f 1880 1869 756
f 1880 756 2905
f 2905 756 755
f 2905 755 2906
f 2906 755 758
f 762 2907 763
f 763 2907 2908
f 724 723 2909
f 2909 723 894
f 796 895 723
f 723 895 894
f 2843 2845 796
f 796 2845 895
f 2826 1496 2843
f 2843 1496 2845
f 2825 1497 2826
f 2826 1497 1496
f 1189 2836 2825
f 2825 2836 1497
f 797 891 798
f 798 891 2837
f 802 888 797
f 797 888 891
f 2910 2911 2913
f 2913 2911 2912
f 1780 1783 2915
f 2915 1783 2914
f 2916 2917 831
f 831 2917 832
f 2918 2919 845
f 845 2919 846
f 2920 2916 847
f 847 2916 831
f 2921 2922 857
f 857 2922 858
f 2923 2924 860
f 860 2924 861
f 2919 2912 846
f 846 2912 887
f 2925 2920 940
f 940 2920 847
f 2924 2926 861
f 861 2926 1204
f 2917 2918 832
f 832 2918 845
f 2927 2928 1449
f 1449 2928 1450
f 2929 2930 889
f 889 2930 2931
f 2896 1507 2897
f 2897 1507 2823
f 2902 2901 1262
f 1262 2901 1259
f 2932 2933 750
f 750 2933 1236
f 2933 2934 1236
f 1236 2934 1835
f 2936 2937 2935
f 2935 2937 2938
f 2940 2941 2939
f 2939 2941 2942
f 2943 2944 1841
f 1841 2944 1842
f 2945 1860 2944
f 2944 1860 1842
f 2945 2946 1860
f 1860 2946 1859
f 1889 2947 1890
f 1890 2947 1856
f 1856 2947 1857
f 1857 2947 2948
f 2950 709 2949
f 2949 709 1829
f 2952 730 2951
f 2951 730 729
f 2866 2953 2867
f 2867 2953 1761
f 2953 2954 1761
f 1761 2954 1420
f 2954 2955 1420
f 1420 2955 742
f 2955 2956 742
f 742 2956 739
f 2956 2957 739
f 739 2957 760
f 2957 2958 760
f 760 2958 761
f 2958 2959 761
f 761 2959 2960
f 2959 2961 2960
f 2960 2961 2962
f 2963 2964 1839
f 1839 2964 1840
f 2964 2965 1840
f 1840 2965 2942
f 2966 2950 2939
f 2939 2950 2949
f 2935 2967 2936
f 2936 2967 2968
f 2969 2970 736
f 736 2970 735
f 734 2887 1815
f 1815 2887 2888
f 2887 2882 2888
f 2888 2882 2881
f 1819 1820 1817
f 1817 1820 748
f 1195 1757 1197
f 1197 1757 1424
f 1757 647 1424
f 1424 647 646
f 647 648 646
f 646 648 643
f 648 1271 643
f 643 1271 737
f 1271 725 737
f 737 725 765
f 725 724 765
f 765 724 762
f 762 724 2907
f 2907 724 2909
f 1254 1437 2909
f 2909 1437 2907
f 1438 1253 1836
f 1836 1253 1835
f 1836 1835 2938
f 2938 1835 2934
f 2971 2972 2935
f 2935 2972 2967
f 897 896 2969
f 2969 896 2970
f 1815 1814 734
f 734 1814 731
f 728 1215 896
f 896 1215 732
f 2885 1216 733
f 733 1216 2886
f 1216 1219 2886
f 2886 1219 2883
f 2876 1304 1821
f 1821 1304 749
f 1304 1303 749
f 749 1303 746
f 1818 2973 1817
f 1817 2973 1810
f 747 2974 1818
f 1818 2974 2973
f 747 746 2974
f 2974 746 1303
f 2976 2977 2975
f 2975 2977 2978
f 2976 2979 2901
f 2901 2979 2900
f 2980 2981 2982
f 2982 2981 2979
f 2981 2980 2983
f 2983 2980 2984
f 2985 2897 2983
f 2983 2897 2898
f 2987 2988 2986
f 2986 2988 2985
f 2896 2988 1442
f 1442 2988 1439
f 1903 2977 1904
f 1904 2977 2902
f 1856 1855 1890
f 1890 1855 2989
f 2989 2990 1890
f 1890 2990 1359
f 2990 2991 1359
f 1359 2991 1356
f 2946 2992 1859
f 1859 2992 1893
f 2992 2993 1893
f 1893 2993 775
f 2993 2994 775
f 775 2994 776
f 2986 1356 2987
f 2987 1356 2991
f 2975 2978 776
f 776 2978 777
f 2982 2994 2980
f 2980 2994 2995
f 1357 2984 2995
f 2995 2984 2980
f 2995 2996 1357
f 1357 2996 1358
f 2996 2997 1358
f 1358 2997 1889
f 2998 2999 2932
f 2932 2999 2933
f 2999 2971 2933
f 2933 2971 2934
f 1837 1836 2937
f 2937 1836 2938
f 2943 1841 2941
f 2941 1841 1838
f 3001 2944 3000
f 3000 2944 2943
f 3001 3002 2944
f 2944 3002 2945
f 3002 3003 2945
f 2945 3003 2946
f 2997 3003 1889
f 1889 3003 2947
f 2947 3003 2948
f 2948 3003 3002
f 3001 3004 3002
f 3002 3004 2948
f 3000 3005 3001
f 3001 3005 3004
f 2940 3006 3000
f 3000 3006 3005
f 2999 3007 2971
f 2971 3007 2972
f 2998 2951 2999
f 2999 2951 3007
f 3008 2952 2998
f 2998 2952 2951
f 2966 2965 2936
f 2936 2965 2937
f 2935 2938 2971
f 2971 2938 2934
f 3003 2997 2946
f 2946 2997 2992
f 2997 2996 2992
f 2992 2996 2993
f 2996 2995 2993
f 2993 2995 2994
f 1356 2986 1357
f 1357 2986 2984
f 2982 2975 2994
f 2994 2975 776
f 1844 1843 1899
f 1899 1843 3009
f 1843 638 3009
f 3009 638 3010
f 638 637 3010
f 3010 637 3011
f 637 1830 3011
f 3011 1830 3012
f 1830 1833 3012
f 3012 1833 2894
f 1833 1854 2894
f 2894 1854 2895
f 1854 1853 2895
f 2895 1853 1888
f 1858 1857 1885
f 1885 1857 1892
f 1899 3009 1898
f 1898 3009 1874
f 3009 3010 1874
f 1874 3010 1865
f 3010 3011 1865
f 1865 3011 1862
f 3011 3012 1862
f 1862 3012 1882
f 3012 2894 1882
f 1882 2894 2893
f 1850 2890 782
f 782 2890 2889
f 783 2880 1811
f 1811 2880 1812
f 744 1810 745
f 745 1810 2973
f 745 2973 805
f 805 2973 806
f 2973 2974 806
f 806 2974 815
f 1303 812 2974
f 2974 812 815
f 1303 1302 812
f 812 1302 1221
f 1307 3013 1302
f 1302 3013 1221
f 1734 3014 1633
f 1633 3014 1634
f 1646 1649 1636
f 1636 1649 1637
f 1654 1657 1641
f 1641 1657 1642
f 1639 1736 1636
f 1636 1736 1684
f 1716 1713 1698
f 1698 1713 1699
f 1718 1721 1705
f 1705 1721 1706
f 1653 1654 1709
f 1709 1654 1641
f 1620 1623 1714
f 1714 1623 1699
f 1712 1682 1714
f 1714 1682 1740
f 1668 1671 1746
f 1746 1671 1747
f 1752 1650 1749
f 1749 1650 1750
f 1750 1650 1709
f 1709 1650 1653
f 1632 1668 1633
f 1633 1668 1746
f 1649 1752 1637
f 1637 1752 1749
f 1682 1643 1740
f 1740 1643 1642
f 3014 1685 1634
f 1634 1685 1684
f 1704 1748 1705
f 1705 1748 1747
f 1697 1707 1698
f 1698 1707 1706
f 1739 1701 1621
f 1621 1701 1622
f 1567 1566 1647
f 1647 1566 1648
f 1664 1695 1651
f 1651 1695 1652
f 1614 1617 1655
f 1655 1617 1656
f 1704 1707 1659
f 1659 1707 1660
f 3014 1734 1662
f 1662 1734 1663
f 1650 1752 1651
f 1651 1752 1665
f 1741 1657 1667
f 1667 1657 1656
f 1695 1614 1652
f 1652 1614 1655
f 1724 1567 1726
f 1726 1567 1647
f 1645 1628 1733
f 1733 1628 1663
f 1685 3014 1726
f 1726 3014 1662
f 1620 1741 1621
f 1621 1741 1667
f 1566 1666 1648
f 1648 1666 1665
f 1658 1737 1659
f 1659 1737 1901
f 1911 1661 1910
f 1910 1661 1660
f 1701 1911 1622
f 1622 1911 1910
f 1732 1748 1733
f 1733 1748 1901
f 1857 2948 1892
f 1892 2948 3004
f 1892 3004 1891
f 1891 3004 3005
f 1828 3006 1829
f 1829 3006 2949
f 2967 736 2968
f 2968 736 710
f 2972 2969 2967
f 2967 2969 736
f 2969 2972 897
f 897 2972 3007
f 897 3007 729
f 729 3007 2951
f 3016 753 3015
f 3015 753 752
f 3018 767 3017
f 3017 767 766
f 3019 3020 1249
f 1249 3020 3021
f 2915 2914 3019
f 3019 2914 3020
f 3023 2914 3022
f 3022 2914 1783
f 2827 2839 769
f 769 2839 766
f 3025 2838 3024
f 3024 2838 3021
f 768 767 2850
f 2850 767 3026
f 2850 3026 751
f 751 3026 752
f 750 753 2932
f 2932 753 3027
f 3008 2998 3027
f 3027 2998 2932
f 3028 3029 3008
f 3008 3029 2952
f 3029 3030 2952
f 2952 3030 730
f 3032 3033 3031
f 3031 3033 3034
f 3036 3037 3035
f 3035 3037 3038
f 2870 3039 612
f 612 3039 3040
f 3041 3042 3031
f 3031 3042 3038
f 3034 1352 3043
f 3043 1352 944
f 612 3040 613
f 613 3040 3044
f 613 3044 1425
f 1425 3044 1422
f 3045 3042 669
f 669 3042 670
f 3041 3043 599
f 599 3043 600
f 772 771 1544
f 1544 771 781
f 1503 771 1866
f 1866 771 770
f 771 1503 781
f 781 1503 778
f 61 281 416
f 416 281 1907
f 283 103 3046
f 3046 103 3047
f 76 79 3048
f 3048 79 3049
f 280 76 1906
f 1906 76 3048
f 3051 335 3050
f 3050 335 334
f 3053 417 3052
f 3052 417 416
f 3055 435 3054
f 3054 435 434
f 428 435 419
f 419 435 1908
f 420 1909 293
f 293 1909 443
f 79 294 3049
f 3049 294 444
f 3057 444 3056
f 3056 444 443
f 3051 3058 335
f 335 3058 452
f 216 215 1332
f 1332 215 452
f 308 283 462
f 462 283 3046
f 3050 334 3059
f 3059 334 462
f 103 62 3047
f 3047 62 417
f 313 312 434
f 434 312 463
f 3061 574 3060
f 3060 574 573
f 1310 3062 1428
f 1428 3062 3063
f 1258 3064 1255
f 1255 3064 2871
f 932 3065 2853
f 2853 3065 3066
f 699 2814 931
f 931 2814 3067
f 3068 1301 3063
f 3063 1301 1428
f 571 574 1310
f 1310 574 3062
f 3060 573 3069
f 3069 573 1332
f 3070 3071 1906
f 1906 3071 1907
f 3072 3073 1908
f 1908 3073 1909
f 3075 2814 3074
f 3074 2814 2813
f 2854 3076 1258
f 1258 3076 3064
f 2871 3077 2872
f 2872 3077 3078
f 3074 2813 3079
f 3079 2813 2873
f 2872 3078 1349
f 1349 3078 3080
f 2873 701 3068
f 3068 701 1301
f 1330 1201 3080
f 3080 1201 1349
f 1264 1263 3081
f 3081 1263 3082
f 3083 3084 3082
f 3082 3084 3081
f 811 1448 3086
f 3086 1448 3085
f 808 811 3087
f 3087 811 3086
f 3088 3083 833
f 833 3083 3082
f 884 3089 885
f 885 3089 3090
f 3087 1790 808
f 808 1790 816
f 1790 3087 1787
f 1787 3087 3091
f 3092 3091 3086
f 3086 3091 3087
f 3093 3094 3084
f 3084 3094 3095
f 3089 3096 3090
f 3090 3096 3088
f 3097 3093 3083
f 3083 3093 3084
f 3099 3100 3098
f 3098 3100 1786
f 3101 1788 2913
f 2913 1788 3102
f 838 837 885
f 885 837 886
f 886 837 3103
f 3103 837 1541
f 3094 3093 3104
f 3104 3093 3097
f 3105 3106 3089
f 3089 3106 3096
f 3108 3109 3107
f 3107 3109 3110
f 3111 3112 3091
f 3091 3112 1787
f 3114 3108 3113
f 3113 3108 3107
f 3114 3115 3112
f 3112 3115 3102
f 3091 3092 3111
f 3111 3092 3116
f 839 838 835
f 835 838 836
f 885 3090 838
f 838 3090 836
f 3110 3117 1247
f 1247 3117 3118
f 1247 3118 1248
f 1248 3118 3119
f 3120 3121 3119
f 3119 3121 1248
f 1247 844 3110
f 3110 844 3107
f 844 843 3107
f 3107 843 3113
f 843 3099 3113
f 3113 3099 3122
f 1781 3123 3098
f 3098 3123 3124
f 2915 2931 1780
f 1780 2931 2930
f 3019 3125 2915
f 2915 3125 2931
f 890 3125 2834
f 2834 3125 1252
f 3125 3019 1252
f 1252 3019 1249
f 907 908 946
f 946 908 947
f 1185 1188 1369
f 1369 1188 948
f 954 957 951
f 951 957 952
f 910 965 953
f 953 965 950
f 905 958 960
f 960 958 961
f 3126 978 949
f 949 978 962
f 936 935 967
f 967 935 968
f 994 993 969
f 969 993 966
f 902 904 971
f 971 904 972
f 983 985 973
f 973 985 970
f 906 905 974
f 974 905 960
f 977 981 959
f 959 981 975
f 911 910 1143
f 1143 910 953
f 952 957 1142
f 1142 957 1145
f 911 1143 1366
f 1366 1143 1368
f 1185 1369 1145
f 1145 1369 1142
f 993 1519 966
f 966 1519 1456
f 965 1454 950
f 950 1454 1457
f 900 899 1459
f 1459 899 1460
f 988 991 1461
f 1461 991 1458
f 899 963 1460
f 1460 963 1462
f 985 987 970
f 970 987 1463
f 904 906 972
f 972 906 974
f 981 983 975
f 975 983 973
f 935 900 968
f 968 900 1459
f 991 994 1458
f 1458 994 969
f 1154 1526 1088
f 1088 1526 1089
f 1109 1112 1092
f 1092 1112 1093
f 1083 1098 1084
f 1084 1098 1097
f 1078 1471 1100
f 1100 1471 1101
f 1075 1078 1104
f 1104 1078 1100
f 1152 1154 1156
f 1156 1154 1088
f 1156 1155 1372
f 1372 1155 1373
f 1372 1373 1104
f 1104 1373 1075
f 1467 1109 1465
f 1465 1109 1092
f 1465 1182 1468
f 1468 1182 1184
f 1474 1470 1096
f 1096 1470 1097
f 1102 1101 1083
f 1083 1101 1098
f 1112 1531 1093
f 1093 1531 1529
f 1102 1073 1099
f 1099 1073 1072
f 1526 1154 1079
f 1079 1154 1080
f 1081 1091 1082
f 1082 1091 1094
f 1069 1068 1085
f 1085 1068 1086
f 1153 1151 1080
f 1080 1151 1058
f 1371 1177 1179
f 1179 1177 1176
f 1099 1072 1103
f 1103 1072 1176
f 1068 1071 1086
f 1086 1071 1073
f 1085 1084 1180
f 1180 1084 1469
f 1066 1065 1183
f 1183 1065 1181
f 1153 1152 1177
f 1177 1152 1178
f 1091 1081 1182
f 1182 1081 1183
f 1057 1525 1079
f 1079 1525 1527
f 1120 1117 1076
f 1076 1117 1077
f 1087 1090 1107
f 1107 1090 1108
f 1127 1126 1110
f 1110 1126 1111
f 1095 1116 1096
f 1096 1116 1115
f 1471 1078 1119
f 1119 1078 1077
f 1087 1107 1155
f 1155 1107 1158
f 1376 1374 1157
f 1157 1374 1158
f 1076 1075 1374
f 1374 1075 1373
f 1109 1467 1110
f 1110 1467 1472
f 1467 1466 1472
f 1472 1466 1473
f 1135 1475 1114
f 1114 1475 1115
f 1471 1119 1095
f 1095 1119 1116
f 1126 1532 1111
f 1111 1532 1530
f 914 1276 1480
f 1480 1276 1517
f 3127 3128 1223
f 1223 3128 1224
f 824 933 1455
f 1455 933 3129
f 3131 1448 3130
f 3130 1448 1447
f 3132 3133 1452
f 1452 3133 1453
f 3130 1447 1322
f 1322 1447 1455
f 933 1514 3129
f 3129 1514 3134
f 1161 3135 1480
f 1480 3135 1481
f 3128 3136 1224
f 1224 3136 1499
f 3133 1162 1453
f 1453 1162 1517
f 1515 3127 1535
f 1535 3127 1223
f 3095 3085 3131
f 3131 3085 1448
f 3137 3092 3085
f 3085 3092 3086
f 3138 3116 3137
f 3137 3116 3092
f 3110 3109 3117
f 3117 3109 3139
f 3105 3140 3117
f 3117 3140 3118
f 3140 3141 3118
f 3118 3141 3119
f 3142 3120 3141
f 3141 3120 3119
f 1498 3143 1277
f 1277 3143 882
f 3144 3145 1340
f 1340 3145 1339
f 1340 3146 3144
f 3144 3146 3147
f 3145 3144 3143
f 3143 3144 3148
f 871 901 872
f 872 901 1362
f 3149 3148 3147
f 3147 3148 3144
f 1208 3150 1209
f 3098 1786 1781
f 1781 1786 1782
f 2930 2929 3123
f 3123 2929 2911
f 1794 1791 2916
f 2916 1791 2917
f 1793 3101 2918
f 2918 3101 2919
f 1796 1794 2920
f 2920 1794 2916
f 3151 3152 2921
f 2921 3152 2922
f 3153 3154 2923
f 2923 3154 2924
f 2919 3101 2912
f 2912 3101 2913
f 3155 1796 2925
f 2925 1796 2920
f 3154 3156 2924
f 2924 3156 2926
f 1791 1793 2917
f 2917 1793 2918
f 3157 3158 2927
f 2927 3158 2928
f 1780 2930 1781
f 1781 2930 3123
f 2825 1267 1189
f 1189 1267 1190
f 2827 2828 1250
f 1250 2828 1251
f 1489 2830 1324
f 1324 2830 1325
f 923 1328 1334
f 1334 1328 1335
f 1485 2832 1482
f 1482 2832 1483
f 1266 1490 1492
f 1492 1490 1493
f 1333 1346 1334
f 1334 1346 2824
f 722 799 1492
f 1492 799 1190
f 664 657 1482
f 1482 657 2833
f 631 634 1324
f 1324 634 1493
f 2828 1494 1251
f 1251 1494 2835
f 1249 3021 1250
f 1250 3021 2838
f 798 2837 1189
f 1189 2837 2836
f 3100 842 3160
f 3160 842 3159
f 1788 3101 1789
f 1789 3101 1793
f 1792 816 1789
f 1789 816 1790
f 817 816 1795
f 1795 816 1792
f 938 817 1797
f 1797 817 1795
f 1796 3155 1797
f 1797 3155 1798
f 3155 3158 1798
f 1798 3158 1799
f 3157 3152 1801
f 1801 3152 1802
f 3151 3156 1803
f 1803 3156 1804
f 3154 3153 1805
f 1805 3153 1806
f 3153 3161 1806
f 1806 3161 1807
f 3099 843 3100
f 3100 843 842
f 1788 1787 3102
f 3102 1787 3112
f 2910 3115 3124
f 3124 3115 3122
f 3099 3098 3122
f 3122 3098 3124
f 416 1907 3052
f 3052 1907 3071
f 3046 3047 3163
f 3163 3047 3162
f 249 445 259
f 259 445 3164
f 425 3165 424
f 424 3165 461
f 408 410 329
f 329 410 330
f 39 331 40
f 40 331 332
f 305 304 423
f 423 304 464
f 385 254 458
f 458 254 392
f 250 415 251
f 251 415 412
f 233 337 234
f 234 337 3166
f 435 3055 1908
f 1908 3055 3072
f 443 1909 3056
f 3056 1909 3073
f 3167 3049 3057
f 3057 3049 444
f 452 3058 1332
f 1332 3058 3069
f 234 3166 346
f 346 3166 411
f 3046 3163 462
f 462 3163 3059
f 259 3164 260
f 260 3164 336
f 3047 417 3162
f 3162 417 3053
f 463 3168 434
f 434 3168 3054
f 454 830 425
f 425 830 3165
f 3062 3169 3063
f 3063 3169 3170
f 1355 1354 1534
f 1534 1354 3171
f 3063 3170 3068
f 3068 3170 3172
f 574 3061 3062
f 3062 3061 3169
f 1534 3171 1535
f 1535 3171 3173
f 3079 2873 3172
f 3172 2873 3068
f 2838 3025 2839
f 2839 3025 3174
f 3176 3177 3175
f 3175 3177 3178
f 3180 1125 3179
f 3179 1125 1128
f 3182 3183 3181
f 3181 3183 3184
f 1134 3185 1130
f 1130 3185 3182
f 3186 3187 3189
f 3189 3187 3188
f 3191 3189 3190
f 3190 3189 3188
f 1137 1122 3190
f 3190 1122 3192
f 3175 3178 3193
f 3193 3178 3194
f 3181 3184 3179
f 3179 3184 3195
f 3197 3198 3196
f 3196 3198 3180
f 3200 3178 3199
f 3199 3178 3177
f 3202 3196 3201
f 3201 3196 3195
f 3204 3184 3203
f 3203 3184 3183
f 3206 3207 3205
f 3205 3207 3186
f 3205 3186 3208
f 3208 3186 3189
f 3209 3208 3191
f 3191 3208 3189
f 3210 3194 3200
f 3200 3194 3178
f 3201 3195 3204
f 3204 3195 3184
f 3197 3211 3177
f 3177 3211 3199
f 3213 3214 3212
f 3212 3214 3215
f 3217 3218 3216
f 3216 3218 3219
f 3221 3222 3220
f 3220 3222 3223
f 3225 3226 3224
f 3224 3226 3227
f 3229 3230 3228
f 3228 3230 3231
f 3233 3234 3232
f 3232 3234 3235
f 3237 3238 3236
f 3236 3238 3239
f 3238 3240 3239
f 3239 3240 3241
f 3232 3235 3242
f 3242 3235 3243
f 3245 3246 3244
f 3244 3246 3247
f 3248 3249 3245
f 3245 3249 3246
f 3251 3252 3250
f 3250 3252 3253
f 3255 3252 3254
f 3254 3252 3251
f 3256 3257 3259
f 3259 3257 3258
f 3261 3262 3260
f 3260 3262 3263
f 3265 3263 3264
f 3264 3263 3262
f 3256 3259 3266
f 3266 3259 3267
f 3269 3270 3268
f 3268 3270 3271
f 3269 3272 3270
f 3270 3272 3273
f 3274 3275 3277
f 3277 3275 3276
f 3278 3279 3276
f 3276 3279 3277
f 3281 3282 3280
f 3280 3282 3283
f 3280 3284 3281
f 3281 3284 3285
f 3287 3288 3286
f 3286 3288 3289
f 3290 3291 3288
f 3288 3291 3289
f 3234 3218 3235
f 3235 3218 3217
f 3232 3292 3233
f 3233 3292 3293
f 3239 3294 3236
f 3236 3294 3219
f 3233 3293 3237
f 3237 3293 3295
f 3296 3294 3241
f 3241 3294 3239
f 3240 3238 3297
f 3297 3238 3298
f 3217 3216 3235
f 3235 3216 3243
f 3297 3299 3240
f 3240 3299 3242
f 3246 3300 3247
f 3247 3300 3223
f 3301 3302 3254
f 3254 3302 3244
f 3249 3303 3246
f 3246 3303 3300
f 3245 3304 3248
f 3248 3304 3292
f 3252 3221 3253
f 3253 3221 3220
f 3250 3248 3299
f 3299 3248 3292
f 3222 3221 3255
f 3255 3221 3252
f 3297 3301 3251
f 3251 3301 3254
f 3258 3214 3259
f 3259 3214 3213
f 3257 3256 3304
f 3304 3256 3305
f 3263 3306 3260
f 3260 3306 3215
f 3261 3257 3302
f 3302 3257 3304
f 3307 3306 3265
f 3265 3306 3263
f 3262 3301 3264
f 3264 3301 3308
f 3259 3213 3267
f 3267 3213 3212
f 3308 3309 3264
f 3264 3309 3266
f 3270 3310 3271
f 3271 3310 3231
f 3311 3312 3278
f 3278 3312 3268
f 3270 3273 3310
f 3310 3273 3313
f 3272 3269 3305
f 3305 3269 3314
f 3277 3229 3274
f 3274 3229 3228
f 3275 3272 3309
f 3309 3272 3305
f 3279 3230 3277
f 3277 3230 3229
f 3276 3308 3278
f 3278 3308 3311
f 3281 3315 3282
f 3282 3315 3227
f 3290 3316 3283
f 3283 3316 3317
f 3281 3285 3315
f 3315 3285 3318
f 3284 3280 3314
f 3314 3280 3319
f 3289 3225 3286
f 3286 3225 3224
f 3287 3284 3312
f 3284 3314 3312
f 3291 3226 3289
f 3289 3226 3225
f 3288 3311 3290
f 3290 3311 3316
f 3212 3215 3307
f 3307 3215 3306
f 3294 3296 3219
f 3219 3296 3216
f 3303 3220 3300
f 3300 3220 3223
f 3224 3227 3318
f 3318 3227 3315
f 3228 3231 3313
f 3313 3231 3310
f 3234 3233 3236
f 3236 3233 3237
f 3243 3241 3242
f 3242 3241 3240
f 3247 3255 3244
f 3244 3255 3254
f 3253 3249 3250
f 3250 3249 3248
f 3260 3258 3261
f 3261 3258 3257
f 3266 3267 3264
f 3264 3267 3265
f 3268 3271 3278
f 3278 3271 3279
f 3274 3273 3275
f 3275 3273 3272
f 3283 3282 3290
f 3290 3282 3291
f 3286 3285 3287
f 3287 3285 3284
f 3218 3234 3219
f 3219 3234 3236
f 3295 3298 3237
f 3237 3298 3238
f 3216 3296 3243
f 3243 3296 3241
f 3242 3299 3232
f 3232 3299 3292
f 3223 3222 3247
f 3247 3222 3255
f 3244 3302 3245
f 3245 3302 3304
f 3303 3249 3220
f 3220 3249 3253
f 3297 3251 3299
f 3299 3251 3250
f 3215 3214 3260
f 3260 3214 3258
f 3301 3262 3302
f 3302 3262 3261
f 3212 3307 3267
f 3267 3307 3265
f 3266 3309 3256
f 3256 3309 3305
f 3271 3231 3279
f 3279 3231 3230
f 3268 3312 3269
f 3269 3312 3314
f 3228 3313 3274
f 3274 3313 3273
f 3308 3276 3309
f 3309 3276 3275
f 3282 3227 3291
f 3291 3227 3226
f 3317 3319 3283
f 3283 3319 3280
f 3224 3318 3286
f 3286 3318 3285
f 3312 3311 3287
f 3311 3288 3287
f 3320 3321 3194
f 3194 3321 3193
f 1375 3321 1121
f 1121 3321 3322
f 3323 3324 3322
f 3322 3324 3192
f 3175 1124 3176
f 3176 1124 1123
f 3179 3195 3180
f 3180 3195 3196
f 3181 1131 3182
f 3182 1131 1130
f 3207 3185 3186
f 3186 3185 3187
f 1136 3188 1133
f 1133 3188 3187
f 3190 3188 1137
f 1137 3188 1136
f 3193 1159 3175
f 3175 1159 1124
f 3179 1128 3181
f 3181 1128 1131
f 1533 3198 1123
f 1123 3198 3176
f 3321 1375 3193
f 3193 1375 1159
f 3321 3320 3322
f 3322 3320 3323
f 1122 1121 3192
f 3192 1121 3322
f 3194 3210 3320
f 3320 3210 3325
f 3324 3323 3327
f 3327 3323 3326
f 3320 3325 3323
f 3323 3325 3326
f 3208 3328 3205
f 3205 3328 3329
f 3330 3206 3329
f 3329 3206 3205
f 3203 3331 3204
f 3204 3331 3332
f 3210 3333 3325
f 3325 3333 3334
f 3325 3334 3326
f 3326 3334 3335
f 3327 3326 3336
f 3336 3326 3335
f 3327 3209 3324
f 3324 3209 3191
f 3190 3192 3191
f 3191 3192 3324
f 3338 3339 3337
f 3337 3339 3340
f 3338 3341 3339
f 3339 3341 3342
f 3341 3343 3342
f 3342 3343 3344
f 3343 3345 3344
f 3344 3345 3346
f 3345 3347 3346
f 3346 3347 3348
f 3347 3349 3348
f 3348 3349 3350
f 3337 3340 3351
f 3351 3340 3352
f 3351 3352 3353
f 3353 3352 3354
f 3353 3354 3355
f 3355 3354 3356
f 3350 3349 3357
f 3357 3349 3358
f 3355 3356 3359
f 3359 3356 3360
f 3359 3360 3361
f 3361 3360 3362
f 3361 3362 3363
f 3363 3362 3364
f 3363 3364 3358
f 3358 3364 3357
f 3339 3342 3365
f 3365 3342 3366
f 3342 3344 3366
f 3366 3344 3367
f 3344 3346 3367
f 3367 3346 3368
f 3346 3348 3368
f 3368 3348 3369
f 3348 3350 3369
f 3369 3350 3370
f 3368 3369 3371
f 3371 3369 3372
f 3369 3370 3372
f 3372 3370 3373
f 3373 3374 3372
f 3372 3374 3375
f 3377 3378 3376
f 3376 3378 3379
f 3377 3375 3378
f 3378 3375 3374
f 3375 3380 3372
f 3372 3380 3371
f 3377 3381 3375
f 3375 3381 3380
f 3376 3382 3377
f 3377 3382 3381
f 3384 3385 3383
f 3383 3385 3386
f 3384 3383 3388
f 3388 3383 3387
f 3388 3387 3389
f 3389 3387 3390
f 3392 3385 3391
f 3391 3385 3384
f 3388 3393 3384
f 3384 3393 3391
f 3389 3394 3388
f 3388 3394 3393
f 3389 3395 3394
f 3394 3395 3396
f 3395 3389 3397
f 3397 3389 3390
f 3339 3365 3340
f 3340 3365 3398
f 3340 3398 3352
f 3352 3398 3399
f 3371 3400 3368
f 3368 3400 3367
f 3400 3401 3367
f 3367 3401 3366
f 3366 3401 3365
f 3365 3401 3402
f 3398 3365 3403
f 3403 3365 3402
f 3398 3403 3399
f 3399 3403 3404
f 3403 3405 3404
f 3404 3405 3406
f 3352 3399 3354
f 3354 3399 3407
f 3399 3404 3407
f 3407 3404 3408
f 3404 3406 3408
f 3408 3406 3409
f 3405 3410 3406
f 3406 3410 3411
f 3410 3412 3411
f 3411 3412 3413
f 3397 3414 3395
f 3395 3414 3415
f 3417 3415 3416
f 3416 3415 3412
f 3410 3418 3412
f 3412 3418 3416
f 3410 3405 3418
f 3418 3405 3419
f 3405 3403 3419
f 3419 3403 3402
f 3370 3350 3420
f 3420 3350 3357
f 3373 3370 3421
f 3421 3370 3420
f 3374 3373 3422
f 3422 3373 3421
f 3378 3374 3423
f 3423 3374 3422
f 3378 3423 3379
f 3379 3423 3424
f 3424 3425 3379
f 3379 3425 3386
f 3383 3426 3387
f 3387 3426 3427
f 3387 3427 3390
f 3390 3427 3428
f 3390 3428 3397
f 3397 3428 3429
f 3429 3430 3397
f 3397 3430 3414
f 3411 3413 3431
f 3431 3413 3432
f 3406 3411 3409
f 3409 3411 3431
f 3401 3400 3335
f 3335 3400 3336
f 3401 3335 3402
f 3402 3335 3334
f 3402 3334 3419
f 3419 3334 3333
f 3419 3333 3418
f 3418 3333 3433
f 3418 3433 3416
f 3416 3433 3434
f 3435 3417 3434
f 3434 3417 3416
f 3394 3396 3436
f 3436 3396 3437
f 3393 3394 3332
f 3332 3394 3436
f 3393 3332 3391
f 3391 3332 3331
f 3330 3392 3331
f 3331 3392 3391
f 3382 3329 3381
f 3381 3329 3328
f 3354 3407 3356
f 3356 3407 3438
f 3356 3438 3360
f 3360 3438 3439
f 3360 3439 3362
f 3362 3439 3440
f 3362 3440 3364
f 3364 3440 3441
f 3364 3441 3357
f 3357 3441 3420
f 3421 3420 3442
f 3442 3420 3441
f 3442 3441 3443
f 3443 3441 3440
f 3443 3440 3444
f 3444 3440 3439
f 3444 3439 3445
f 3445 3439 3438
f 3445 3438 3408
f 3408 3438 3407
f 3422 3421 3446
f 3446 3421 3442
f 3446 3442 3447
f 3447 3442 3443
f 3447 3443 3448
f 3448 3443 3444
f 3448 3444 3449
f 3449 3444 3445
f 3449 3445 3409
f 3409 3445 3408
f 3409 3431 3449
f 3449 3431 3450
f 3449 3450 3448
f 3448 3450 3451
f 3451 3452 3448
f 3448 3452 3447
f 3447 3452 3446
f 3446 3452 3453
f 3446 3453 3422
f 3422 3453 3423
f 3424 3423 3454
f 3454 3423 3453
f 3452 3455 3453
f 3453 3455 3454
f 3452 3451 3455
f 3455 3451 3456
f 3450 3457 3451
f 3451 3457 3456
f 3431 3432 3450
f 3450 3432 3457
f 3454 3458 3424
f 3424 3458 3425
f 3427 3426 3459
f 3459 3426 3460
f 3428 3427 3461
f 3461 3427 3459
f 3428 3461 3429
f 3429 3461 3462
f 3462 3463 3429
f 3429 3463 3430
f 3464 3465 3462
f 3462 3465 3463
f 3455 3466 3454
f 3454 3466 3458
f 3465 3464 3466
f 3466 3464 3467
f 3461 3459 3468
f 3468 3459 3469
f 3468 3469 3464
f 3464 3469 3467
f 3464 3462 3468
f 3468 3462 3461
f 3459 3460 3469
f 3469 3460 3467
f 3295 3351 3298
f 3298 3351 3353
f 3353 3355 3298
f 3298 3355 3297
f 3297 3355 3301
f 3301 3355 3359
f 3301 3359 3308
f 3308 3359 3361
f 3308 3361 3311
f 3311 3361 3363
f 3311 3363 3316
f 3316 3363 3358
f 3316 3358 3317
f 3317 3358 3349
f 3349 3347 3317
f 3317 3347 3319
f 3347 3345 3319
f 3319 3345 3314
f 3345 3343 3314
f 3314 3343 3305
f 3343 3341 3305
f 3305 3341 3304
f 3304 3341 3292
f 3292 3341 3338
f 3292 3338 3293
f 3293 3338 3337
f 3293 3337 3295
f 3295 3337 3351
f 3437 3202 3436
f 3436 3202 3201
f 3436 3201 3332
f 3332 3201 3204
f 3433 3200 3434
f 3434 3200 3199
f 3211 3435 3199
f 3199 3435 3434
f 3333 3210 3433
f 3433 3210 3200
f 3380 3470 3371
f 3400 3371 3336
f 3336 3371 3470
f 3381 3328 3380
f 3380 3328 3470
f 3470 3328 3209
f 3209 3328 3208
f 3336 3470 3327
f 3327 3470 3209
f 1545 1763 1546
f 1546 1763 1762
f 1403 1546 773
f 773 1546 770
f 1221 3013 1220
f 1220 3013 3471
f 1305 2877 1306
f 1306 2877 2879
f 1220 3471 828
f 828 3471 829
f 1217 1754 3472
f 3472 1754 1756
f 1049 3473 1048
f 1048 3473 3474
f 1371 1179 3473
f 3473 1179 3474
f 1074 3475 1179
f 1179 3475 3474
f 3474 3475 1048
f 1048 3475 1056
f 919 666 1345
f 1345 666 665
f 856 680 919
f 919 680 666
f 679 680 1449
f 1449 680 858
f 1367 878 1500
f 1500 878 877
f 1366 908 1367
f 1367 908 878
f 1512 916 1513
f 1513 916 915
f 947 1368 948
f 948 1368 1369
f 1047 1021 1044
f 1044 1021 1020
f 1370 1049 1019
f 1019 1049 1020
f 1173 1030 1174
f 1174 1030 1033
f 3126 1188 1464
f 1464 1188 1187
f 1800 1451 1512
f 1512 1451 916
f 1175 1174 1186
f 1186 1174 1187
f 1030 1173 1047
f 1047 1173 1021
f 1513 915 3476
f 3476 915 1481
f 1345 665 3477
f 3477 665 1483
f 1502 1501 876
f 876 1501 877
f 1205 1451 1803
f 1803 1451 1802
f 3479 2832 3478
f 3478 2832 2831
f 1449 858 2927
f 2927 858 2922
f 908 1366 947
f 947 1366 1368
f 949 948 3126
f 3126 948 1188
f 3480 3135 1502
f 1502 3135 1501
f 2927 2922 3157
f 3157 2922 3152
f 3477 1483 3479
f 3479 1483 2832
f 1803 1802 3151
f 3151 1802 3152
f 663 658 664
f 664 658 657
f 655 658 939
f 939 658 706
f 1512 870 1800
f 1800 870 869
f 875 874 876
f 876 874 873
f 849 874 905
f 905 874 958
f 949 962 946
f 946 962 961
f 978 3126 979
f 979 3126 1464
f 1031 1168 1032
f 1032 1168 1022
f 1045 1013 1046
f 1046 1013 1012
f 1045 1044 1056
f 1056 1044 1048
f 1047 1046 1030
f 1030 1046 1031
f 939 706 940
f 940 706 1450
f 979 1464 1032
f 1032 1464 1033
f 3480 1478 3476
f 3476 1478 3134
f 2829 1487 2830
f 2830 1487 1486
f 848 1230 873
f 873 1230 1479
f 867 870 933
f 933 870 1514
f 1800 869 1801
f 1801 869 1799
f 2830 1486 1325
f 1325 1486 2833
f 940 1450 2925
f 2925 1450 2928
f 946 961 907
f 907 961 958
f 959 962 977
f 977 962 978
f 3476 3134 1513
f 1513 3134 1514
f 2925 2928 3155
f 3155 2928 3158
f 1325 2833 656
f 656 2833 657
f 1801 1799 3157
f 3157 1799 3158
f 1074 1055 3475
f 3475 1055 1056
f 1371 3473 1370
f 1370 3473 1049
f 2884 615 3481
f 3481 615 618
f 3478 2831 2846
f 2846 2831 617
f 2831 1484 617
f 617 1484 618
f 1484 1487 618
f 618 1487 3481
f 2848 3481 2829
f 2829 3481 1487
f 1480 1517 1161
f 1161 1517 1162
f 3129 1323 1455
f 1455 1323 1322
f 3129 3134 1323
f 1323 3134 1478
f 1535 3173 1515
f 1515 3173 1516
f 3085 3095 3137
f 3137 3095 3094
f 3137 3094 3138
f 3138 3094 3104
f 3117 3139 3105
f 3105 3139 3106
f 1138 1141 3127
f 3127 1141 3128
f 3081 3131 1264
f 1264 3131 3130
f 1227 1226 3132
f 3132 1226 3133
f 1264 3130 1229
f 1229 3130 1322
f 1160 1501 1161
f 1161 1501 3135
f 1141 1476 3128
f 3128 1476 3136
f 1226 1163 3133
f 3133 1163 1162
f 1363 1138 1515
f 1515 1138 3127
f 3084 3095 3081
f 3081 3095 3131
f 3089 884 3105
f 3105 884 3140
f 884 883 3140
f 3140 883 3141
f 883 3482 3141
f 3141 3482 3142
f 3476 1481 3480
f 3480 1481 3135
f 1502 1479 3480
f 3480 1479 1478
f 3168 463 440
f 714 1880 715
f 715 1880 2905
f 896 732 2970
f 2970 732 731
f 1263 834 3082
f 3082 834 833
f 898 1231 853
f 853 1231 854
f 3125 890 2931
f 2931 890 889
f 1237 893 2851
f 2851 893 892
f 898 853 899
f 899 853 963
f 988 987 989
f 989 987 986
f 1002 1007 1003
f 1003 1007 1006
f 1038 1036 1007
f 1007 1036 1004
f 1070 1052 1005
f 1005 1052 1006
f 1069 1067 1070
f 1070 1067 1052
f 1130 1129 1134
f 1134 1129 1135
f 879 1167 880
f 880 1167 1166
f 1171 1169 1037
f 1037 1169 1038
f 1085 1180 1069
f 1069 1180 1067
f 1209 1210 879
f 879 1210 1167
f 2885 1215 1754
f 1754 1215 1214
f 1263 855 834
f 834 855 854
f 708 1244 1826
f 1826 1244 1243
f 2909 894 1254
f 1254 894 893
f 1228 1361 964
f 964 1361 1360
f 2908 2907 1436
f 1436 2907 1437
f 2990 1440 2991
f 2991 1440 1439
f 964 1360 965
f 965 1360 1454
f 950 1457 951
f 951 1457 1456
f 970 1463 971
f 971 1463 1462
f 1025 1169 984
f 984 1169 986
f 1084 1097 1469
f 1469 1097 1470
f 1096 1115 1474
f 1474 1115 1475
f 1140 1361 1141
f 1141 1361 1476
f 1212 1495 2828
f 2828 1495 1494
f 880 1166 1452
f 1452 1166 1499
f 715 2905 1504
f 1504 2905 2906
f 954 1519 955
f 955 1519 1518
f 1026 1520 992
f 992 1520 1518
f 1029 1520 1043
f 1043 1520 1521
f 997 1522 1040
f 1040 1522 1521
f 1015 1522 1016
f 1016 1522 1523
f 1523 996 1524
f 1524 996 1062
f 1057 1060 1525
f 1525 1060 1524
f 1094 1528 1082
f 1082 1528 1527
f 1526 1528 1089
f 1089 1528 1529
f 1090 1531 1108
f 1108 1531 1530
f 1125 1533 1126
f 1126 1533 1532
f 3483 1755 727
f 727 1755 1214
f 735 1814 707
f 707 1814 1813
f 2891 1834 1246
f 1246 1834 1243
f 2904 1881 1847
f 1847 1881 1848
f 1852 1855 1853
f 1853 1855 1858
f 1902 2903 1877
f 1877 2903 1878
f 2903 2904 1878
f 1878 2904 1847
f 714 713 1848
f 1848 713 1849
f 1440 2990 1883
f 1883 2990 2989
f 1883 2989 1852
f 1852 2989 1855
f 2895 1888 2892
f 2892 1888 1887
f 774 777 1877
f 1877 777 1903
f 1251 2835 1252
f 1252 2835 2834
f 1213 2844 1212
f 1212 2844 1495
f 2851 892 1213
f 1213 892 2844
f 3123 2911 3124
f 3124 2911 2910
f 887 2929 888
f 888 2929 889
f 1435 2963 1436
f 1436 2963 2961
f 1253 1438 1254
f 1254 1438 1437
f 2970 731 735
f 735 731 1814
f 733 732 2885
f 2885 732 1215
f 2901 2902 2976
f 2976 2902 2977
f 2975 2982 2976
f 2976 2982 2979
f 2899 2900 2981
f 2981 2900 2979
f 2899 2981 2898
f 2898 2981 2983
f 2986 2985 2984
f 2984 2985 2983
f 2897 2985 2896
f 2896 2985 2988
f 2991 1439 2987
f 2987 1439 2988
f 777 2978 1903
f 1903 2978 2977
f 1885 1888 1858
f 1858 1888 1853
f 3090 3088 836
f 836 3088 833
f 3083 3088 3097
f 3097 3088 3096
f 3097 3096 3104
f 3104 3096 3106
f 3111 3116 3108
f 3108 3116 3109
f 3112 3111 3114
f 3114 3111 3108
f 3113 3122 3114
f 3114 3122 3115
f 891 890 2837
f 2837 890 2834
f 951 1456 954
f 954 1456 1519
f 967 1457 936
f 936 1457 1454
f 971 1462 902
f 902 1462 963
f 1461 1463 988
f 988 1463 987
f 1466 1468 1474
f 1474 1468 1470
f 1089 1529 1090
f 1090 1529 1531
f 1184 1181 1469
f 1469 1181 1180
f 1082 1527 1061
f 1061 1527 1525
f 1129 1473 1135
f 1135 1473 1475
f 1108 1530 1105
f 1105 1530 1532
f 1452 1499 3132
f 3132 1499 3136
f 3109 3116 3139
f 3139 3116 3138
f 2912 2911 887
f 887 2911 2929
f 2836 2835 1497
f 1497 2835 1494
f 2913 3102 2910
f 2910 3102 3115
f 1133 3187 1134
f 1134 3187 3185
f 3177 3176 3197
f 3197 3176 3198
f 3203 3183 3206
f 3206 3183 3207
f 3196 3202 3197
f 3197 3202 3211
f 3183 3182 3207
f 3207 3182 3185
f 1125 3180 1533
f 1533 3180 3198
f 3331 3203 3330
f 3330 3203 3206
f 3376 3379 3385
f 3385 3379 3386
f 3382 3376 3392
f 3392 3376 3385
f 3412 3415 3413
f 3413 3415 3414
f 3417 3396 3415
f 3415 3396 3395
f 3383 3386 3426
f 3426 3386 3425
f 3413 3414 3432
f 3432 3414 3430
f 3437 3396 3435
f 3435 3396 3417
f 3329 3382 3330
f 3330 3382 3392
f 3426 3425 3460
f 3460 3425 3458
f 3432 3430 3457
f 3457 3430 3463
f 3457 3463 3456
f 3456 3463 3465
f 3460 3458 3467
f 3467 3458 3466
f 3466 3455 3465
f 3465 3455 3456
f 3202 3437 3211
f 3211 3437 3435
f 3104 3106 3138
f 3138 3106 3139
f 3132 3136 1227
f 1227 3136 1476
f 943 687 600
f 600 687 601
f 596 625 667
f 667 625 1297
f 687 686 601
f 601 686 653
f 1319 784 711
f 711 784 712
f 1811 607 783
f 783 607 712
f 862 921 917
f 917 921 920
f 3478 925 3479
f 3479 925 924
f 2846 926 3478
f 3478 926 925
f 659 662 929
f 929 662 930
f 856 921 857
f 857 921 1204
f 1206 864 1207
f 1207 864 863
f 2876 1219 2877
f 2877 1219 1218
f 667 1297 593
f 593 1297 1296
f 917 920 1333
f 1333 920 1346
f 686 693 653
f 653 693 930
f 1277 913 1498
f 1498 913 1207
f 592 1536 610
f 610 1536 711
f 864 1206 1805
f 1805 1206 1804
f 1317 1536 1900
f 1900 1536 1809
f 1900 1809 1295
f 1295 1809 1296
f 3479 924 3477
f 3477 924 2824
f 927 926 1203
f 1203 926 2847
f 3484 2859 3032
f 3032 2859 3033
f 3472 2878 1217
f 1217 2878 1218
f 2889 2888 2880
f 2880 2888 2881
f 2886 2883 2887
f 2887 2883 2882
f 929 928 2847
f 2847 928 1203
f 857 1204 2921
f 2921 1204 2926
f 1820 1819 2882
f 2882 1819 2881
f 1821 2883 2876
f 2876 2883 1219
f 782 2889 783
f 783 2889 2880
f 1352 3034 1353
f 1353 3034 3033
f 3031 3034 3041
f 3041 3034 3043
f 944 943 3043
f 3043 943 600
f 1339 3145 1498
f 1498 3145 3143
f 1208 882 3148
f 3148 882 3143
f 2921 2926 3151
f 3151 2926 3156
f 3477 2824 1345
f 1345 2824 1346
f 1805 1804 3154
f 3154 1804 3156
f 886 3103 883
f 883 3103 3482
f 841 1248 3485
f 3485 1248 3121
f 2811 2819 2812
f 2812 2819 2816
f 2818 2815 2817
f 2817 2815 2806
f 2817 2816 2818
f 2818 2816 2819
f 2793 2795 2819
f 2819 2795 2818
f 243 352 2793
f 2793 352 2795
f 242 353 243
f 243 353 352
f 359 191 242
f 242 191 353
f 247 192 359
f 359 192 191
f 157 193 247
f 247 193 192
f 156 194 157
f 157 194 193
f 378 261 156
f 156 261 194
f 378 381 261
f 261 381 195
f 195 381 196
f 196 381 376
f 196 376 198
f 198 376 375
f 375 1776 198
f 198 1776 197
f 1776 1767 197
f 197 1767 274
f 181 274 199
f 199 274 1767
f 568 566 564
f 564 566 563
f 568 569 566
f 566 569 567
f 501 1773 1771
f 1771 1773 578
f 547 579 1773
f 1773 579 578
f 3486 470 474
f 474 470 469
f 450 582 3487
f 3487 582 3488
f 582 583 3488
f 3488 583 3489
f 583 584 3489
f 3489 584 3490
f 3490 584 3491
f 3491 584 543
f 470 3486 466
f 466 3486 467
f 3489 3490 503
f 503 3490 504
f 503 3492 3489
f 3489 3492 3488
f 3492 503 3493
f 3493 503 502
f 3495 3492 3494
f 3494 3492 3493
f 3487 3488 3495
f 3495 3488 3492
f 468 1774 465
f 465 1774 570
f 3494 3493 1775
f 1775 3493 1771
f 3490 3491 504
f 504 3491 1772
f 3491 543 1772
f 1772 543 548
f 450 3487 474
f 474 3487 3486
f 3495 467 3487
f 3487 467 3486
f 3494 468 3495
f 3495 468 467
f 468 3494 1774
f 1774 3494 1775
f 501 1771 502
f 502 1771 3493
f 527 366 384
f 384 366 365
f 522 524 527
f 527 524 366
f 521 534 522
f 522 534 524
f 530 535 521
f 521 535 534
f 508 486 513
f 513 486 532
f 513 532 541
f 541 532 535
f 667 668 596
f 596 668 597
f 1294 1297 624
f 624 1297 625
f 603 641 604
f 604 641 640
f 1290 1293 650
f 650 1293 651
f 1758 691 660
f 660 691 661
f 602 671 599
f 599 671 670
f 654 662 690
f 690 662 661
f 2856 598 695
f 695 598 597
f 602 654 671
f 671 654 690
f 604 640 676
f 676 640 704
f 1826 1829 708
f 708 1829 709
f 1288 1284 740
f 740 1284 741
f 755 754 758
f 758 754 759
f 2853 2856 932
f 932 2856 695
f 689 691 1192
f 1192 691 1193
f 784 1319 1240
f 1240 1319 1241
f 1813 1816 1244
f 1244 1816 1245
f 754 1288 759
f 759 1288 740
f 1894 1242 1318
f 1318 1242 1241
f 2867 1348 1418
f 1418 1348 1347
f 676 704 673
f 673 704 1347
f 1284 1287 741
f 741 1287 1419
f 1421 1426 1422
f 1422 1426 1425
f 1758 660 615
f 615 660 616
f 1192 1191 1421
f 1421 1191 1426
f 2962 1839 1504
f 1504 1839 1505
f 941 1194 1759
f 1759 1194 1193
f 1287 1537 1419
f 1419 1537 1760
f 1882 2893 1823
f 1823 2893 1824
f 1886 1891 1827
f 1827 1891 1828
f 1887 1886 1834
f 1834 1886 1827
f 1841 716 1838
f 1838 716 1505
f 782 784 1850
f 1850 784 1240
f 1239 1242 1863
f 1863 1242 1864
f 1242 1894 1864
f 1864 1894 1873
f 1822 1239 1823
f 1823 1239 1863
f 1318 1317 1895
f 1895 1317 1900
f 1894 1896 1873
f 1873 1896 1897
f 1291 1896 1292
f 1292 1896 1895
f 605 1898 606
f 606 1898 1897
f 1258 1257 2854
f 2854 1257 2855
f 1257 1351 2855
f 2855 1351 2857
f 1351 1353 2857
f 2857 1353 2858
f 1353 3033 2858
f 2858 3033 2859
f 2860 2861 3036
f 3036 2861 3037
f 2862 2863 2870
f 2870 2863 3039
f 2870 2869 2862
f 2862 2869 2864
f 2868 2865 2869
f 2869 2865 2864
f 1764 2866 2868
f 2868 2866 2865
f 1537 1199 1760
f 1760 1199 1348
f 615 2884 1758
f 1758 2884 1759
f 1825 1246 2890
f 2890 1246 1245
f 2893 2892 1824
f 1824 2892 2891
f 761 2960 758
f 758 2960 2906
f 3000 2943 2940
f 2940 2943 2941
f 2968 710 2950
f 2950 710 709
f 1764 1423 2866
f 2866 1423 2953
f 1423 645 2953
f 2953 645 2954
f 645 644 2954
f 2954 644 2955
f 644 738 2955
f 2955 738 2956
f 738 764 2956
f 2956 764 2957
f 764 763 2957
f 2957 763 2958
f 763 2908 2958
f 2958 2908 2959
f 2908 1436 2959
f 2959 1436 2961
f 1837 2964 1435
f 1435 2964 2963
f 1837 2937 2964
f 2964 2937 2965
f 2936 2968 2966
f 2966 2968 2950
f 1840 2942 1838
f 1838 2942 2941
f 2939 2949 2940
f 2940 2949 3006
f 2939 2942 2966
f 2966 2942 2965
f 1822 1825 1850
f 1850 1825 2890
f 1891 3005 1828
f 1828 3005 3006
f 3035 3038 3045
f 3045 3038 3042
f 3045 3044 3035
f 3035 3044 3040
f 669 1422 3045
f 3045 1422 3044
f 599 670 3041
f 3041 670 3042
f 931 3067 932
f 932 3067 3065
f 2853 3066 2854
f 2854 3066 3076
f 3067 3496 3065
f 3065 3496 3497
f 3066 3498 3076
f 3076 3498 3499
f 707 1813 708
f 708 1813 1244
f 2960 2962 2906
f 2906 2962 1504
f 2892 1887 2891
f 2891 1887 1834
f 1839 2962 2963
f 2963 2962 2961
f 595 626 596
f 596 626 625
f 623 626 3484
f 3484 626 2859
f 1291 1290 606
f 606 1290 603
f 1290 650 603
f 603 650 641
f 641 650 642
f 642 650 649
f 2860 2863 649
f 649 2863 642
f 3036 3039 2860
f 2860 3039 2863
f 3035 3040 3036
f 3036 3040 3039
f 1294 1293 1295
f 1295 1293 1292
f 624 651 1294
f 1294 651 1293
f 623 652 624
f 624 652 651
f 3484 2861 623
f 623 2861 652
f 3032 3037 3484
f 3484 3037 2861
f 3031 3038 3032
f 3032 3038 3037
f 3481 2848 2884
f 2884 2848 942
f 2846 617 1427
f 1427 617 616
f 3049 3167 3048
f 3048 3167 3500
f 1906 3048 3070
f 3070 3048 3500
f 1337 1768 3501
f 3501 1768 3502
f 3020 3503 3021
f 3021 3503 3024
f 2914 3023 3020
f 3020 3023 3503
f 859 1770 860
f 860 1770 3504
f 1336 3505 1768
f 1768 3505 3502
f 3065 3497 3066
f 3066 3497 3498
f 2814 3075 3067
f 3067 3075 3496
f 2839 3174 766
f 766 3174 3017
f 1337 3501 1338
f 1338 3501 1769
f 767 3018 3026
f 3026 3018 3506
f 3076 3499 3064
f 3064 3499 3507
f 727 730 3483
f 3483 730 3030
f 3064 3507 2871
f 2871 3507 3077
f 3100 3160 1786
f 1786 3160 1784
f 3026 3506 752
f 752 3506 3015
f 860 3504 2923
f 2923 3504 3508
f 753 3016 3027
f 3027 3016 3509
f 3027 3509 3008
f 3008 3509 3028
f 1782 1785 1783
f 1783 1785 3022
f 2923 3508 3153
f 3153 3508 3161
f 3148 3149 1208
f 1208 3149 3150
f 1335 1328 3510
f 3510 1328 1327
f 1336 1335 3505
f 3505 1335 3510
f 866 3511 1340
f 1340 3511 3146
f 865 1808 866
f 866 1808 3511
f 842 841 3159
f 3159 841 3485
f 2849 3512 1329
f 1329 3512 1326
f 1202 1331 2849
f 2849 1331 3512
f 3514 3515 3513
f 3513 3515 3516
f 3518 3516 3517
f 3517 3516 3515
f 3519 3520 3514
f 3514 3520 3515
f 3522 3523 3521
f 3521 3523 3524
f 3526 3527 3525
f 3525 3527 3528
f 3530 3531 3529
f 3529 3531 3532
f 3534 3535 3533
f 3533 3535 3536
f 3529 3532 3537
f 3537 3532 3538
f 3537 3539 3529
f 3529 3539 3540
f 3542 3543 3541
f 3541 3543 3544
f 3546 3547 3545
f 3545 3547 3548
f 3550 3534 3549
f 3549 3534 3533
f 3550 3543 3551
f 3551 3543 3552
f 3537 3545 3539
f 3539 3545 3548
f 3553 3554 3556
f 3556 3554 3555
f 3537 3557 3545
f 3545 3557 3546
f 3558 3559 3561
f 3561 3559 3560
f 3563 3564 3562
f 3562 3564 3565
f 3564 3563 3566
f 3566 3563 3567
f 3569 3570 3568
f 3568 3570 3571
f 3573 3574 3572
f 3572 3574 3575
f 3577 3578 3576
f 3576 3578 3579
f 3581 3582 3580
f 3580 3582 3583
f 3585 3586 3584
f 3584 3586 3579
f 3586 3587 3579
f 3579 3587 3576
f 3589 3590 3588
f 3588 3590 3591
f 3592 3593 3595
f 3595 3593 3594
f 3597 3598 3596
f 3596 3598 3595
f 3583 3600 3599
f 3599 3600 3601
f 3603 3599 3602
f 3602 3599 3601
f 3605 3606 3604
f 3604 3606 3607
f 3608 3555 3596
f 3596 3555 3554
f 3597 3610 3609
f 3609 3610 3565
f 3564 3611 3565
f 3565 3611 3609
f 3611 3564 3612
f 3612 3564 3566
f 3613 3614 3569
f 3569 3614 3570
f 3615 3616 3573
f 3573 3616 3574
f 3517 3617 3518
f 3518 3617 3618
f 3620 3621 3619
f 3619 3621 3622
f 3624 3625 3623
f 3623 3625 3626
f 3628 3629 3627
f 3627 3629 3630
f 3632 3633 3631
f 3631 3633 3634
f 3636 3637 3635
f 3635 3637 3638
f 3640 3641 3639
f 3639 3641 3642
f 3643 3644 3639
f 3639 3644 3640
f 3646 3513 3645
f 3645 3513 3647
f 3648 3514 3646
f 3646 3514 3513
f 3649 3519 3648
f 3648 3519 3514
f 3650 3651 3527
f 3527 3651 3652
f 3654 3651 3653
f 3653 3651 3650
f 3568 3571 3655
f 3655 3571 3656
f 3657 3658 3653
f 3653 3658 3659
f 3661 3662 3660
f 3660 3662 3658
f 3664 3665 3663
f 3663 3665 3666
f 3667 3657 3650
f 3650 3657 3653
f 3669 3523 3668
f 3668 3523 3670
f 3672 3673 3671
f 3671 3673 3674
f 3676 3677 3675
f 3675 3677 3678
f 3671 3674 3676
f 3676 3674 3677
f 3680 3681 3679
f 3679 3681 3682
f 3683 3684 3680
f 3680 3684 3681
f 3685 3686 3661
f 3661 3686 3662
f 3686 3687 3662
f 3662 3687 3688
f 3684 3683 3689
f 3689 3683 3690
f 3692 3693 3691
f 3691 3693 3694
f 3691 3694 3695
f 3695 3694 3696
f 3698 3699 3697
f 3697 3699 3700
f 3702 3703 3701
f 3701 3703 3704
f 3705 3706 3519
f 3519 3706 3520
f 3673 3672 3707
f 3707 3672 3708
f 3709 3710 3682
f 3682 3710 3679
f 3711 3712 3692
f 3692 3712 3693
f 3714 3715 3713
f 3713 3715 3716
f 3718 3700 3717
f 3717 3700 3699
f 3720 3721 3719
f 3719 3721 3722
f 3724 3725 3723
f 3723 3725 3726
f 3727 3728 3730
f 3730 3728 3729
f 3722 3721 3731
f 3731 3721 3732
f 3697 3700 3733
f 3733 3700 3714
f 3733 3714 3734
f 3734 3714 3713
f 3721 3723 3732
f 3732 3723 3735
f 3720 3736 3724
f 3724 3736 3737
f 3700 3718 3714
f 3714 3718 3715
f 3717 3699 3738
f 3738 3699 3739
f 3536 3740 3533
f 3533 3740 3540
f 3742 3743 3741
f 3741 3743 3744
f 3746 3747 3745
f 3745 3747 3748
f 3750 3751 3749
f 3749 3751 3752
f 3627 3632 3628
f 3628 3632 3631
f 3754 3755 3753
f 3753 3755 3626
f 3562 3565 3756
f 3756 3565 3610
f 3527 3652 3528
f 3528 3652 3757
f 3758 3524 3669
f 3669 3524 3523
f 3582 3598 3583
f 3583 3598 3600
f 3759 3670 3522
f 3522 3670 3523
f 3675 3678 3760
f 3760 3678 3761
f 3762 3763 3690
f 3690 3763 3689
f 3765 3766 3764
f 3764 3766 3767
f 3768 3739 3698
f 3698 3739 3699
f 3726 3725 3770
f 3770 3725 3769
f 3645 3647 3771
f 3771 3647 3772
f 3645 3678 3646
f 3646 3678 3677
f 3646 3677 3648
f 3648 3677 3674
f 3673 3649 3674
f 3674 3649 3648
f 3707 3773 3673
f 3673 3773 3649
f 3775 3776 3774
f 3774 3776 3777
f 3779 3526 3778
f 3778 3526 3525
f 3526 3779 3667
f 3667 3779 3780
f 3780 3781 3667
f 3667 3781 3657
f 3672 3679 3708
f 3708 3679 3710
f 3671 3680 3672
f 3672 3680 3679
f 3676 3683 3671
f 3671 3683 3680
f 3675 3690 3676
f 3676 3690 3683
f 3760 3762 3675
f 3675 3762 3690
f 3682 3681 3783
f 3783 3681 3782
f 3689 3784 3684
f 3684 3784 3785
f 3684 3785 3681
f 3681 3785 3782
f 3786 3709 3783
f 3783 3709 3682
f 3784 3689 3787
f 3787 3689 3763
f 3789 3557 3788
f 3788 3557 3790
f 3792 3793 3791
f 3791 3793 3794
f 3616 3615 3795
f 3795 3615 3796
f 3797 3798 3727
f 3727 3798 3728
f 3800 3801 3799
f 3799 3801 3802
f 3803 3578 3592
f 3592 3578 3593
f 3805 3806 3804
f 3804 3806 3807
f 3599 3603 3585
f 3585 3603 3586
f 3587 3586 3604
f 3604 3586 3603
f 3588 3591 3794
f 3794 3591 3791
f 3581 3803 3582
f 3582 3803 3592
f 3594 3561 3608
f 3608 3561 3790
f 3662 3688 3808
f 3808 3688 3809
f 3665 3664 3810
f 3810 3664 3811
f 3719 3812 3720
f 3720 3812 3736
f 3717 3813 3718
f 3718 3813 3737
f 3723 3721 3724
f 3724 3721 3720
f 3813 3717 3814
f 3814 3717 3738
f 3815 3816 303
f 303 3816 304
f 3818 3819 3817
f 3817 3819 3820
f 3578 3803 3579
f 3579 3803 3584
f 3558 3593 3577
f 3577 3593 3578
f 3822 3823 3821
f 3821 3823 3824
f 3546 3826 3825
f 3825 3826 3827
f 3828 3829 3547
f 3547 3829 3541
f 3831 3542 3830
f 3830 3542 3832
f 3834 3822 3833
f 3833 3822 3821
f 3835 3836 3827
f 3827 3836 3825
f 3800 3799 3828
f 3828 3799 3829
f 3830 3832 3837
f 3837 3832 3838
f 331 330 3551
f 3551 330 3839
f 3831 333 3552
f 3552 333 332
f 3819 3797 3841
f 3841 3797 3840
f 3513 3516 3647
f 3647 3516 3746
f 337 336 3745
f 3745 336 3772
f 3525 3528 3775
f 3775 3528 3749
f 3610 3597 3554
f 3554 3597 3596
f 3706 3702 3520
f 3520 3702 3701
f 3756 3610 3553
f 3553 3610 3554
f 3757 3750 3528
f 3528 3750 3749
f 3517 3515 3701
f 3701 3515 3520
f 3842 3584 3581
f 3581 3584 3803
f 3525 3775 3778
f 3778 3775 3774
f 3638 3843 3635
f 3635 3843 3618
f 3617 3621 3618
f 3618 3621 3635
f 3617 3517 3704
f 3704 3517 3701
f 3521 3624 3522
f 3522 3624 3623
f 3749 3844 3775
f 3775 3844 3776
f 3846 3847 3845
f 3845 3847 3848
f 3843 3747 3618
f 3618 3747 3518
f 3850 3851 3849
f 3849 3851 3748
f 3853 3854 3852
f 3852 3854 3855
f 3856 3857 3622
f 3622 3857 3619
f 3859 3860 3858
f 3858 3860 3861
f 3862 3844 3752
f 3752 3844 3749
f 3863 3759 3623
f 3623 3759 3522
f 3864 3777 3630
f 3630 3777 3776
f 3713 3865 3734
f 3734 3865 3866
f 3868 3869 3867
f 3867 3869 3870
f 3872 3873 3871
f 3871 3873 3874
f 3876 3877 3875
f 3875 3877 3878
f 3879 3880 3878
f 3878 3880 3881
f 3882 3883 3885
f 3885 3883 3884
f 3780 3886 3781
f 3781 3886 3887
f 3888 3685 3869
f 3869 3685 3661
f 3880 3879 3883
f 3883 3879 3884
f 3693 3783 3694
f 3694 3783 3782
f 3696 3785 3764
f 3764 3785 3784
f 3694 3782 3696
f 3696 3782 3785
f 3693 3786 3783
f 3787 3765 3784
f 3784 3765 3764
f 386 385 3765
f 3765 385 3766
f 3695 3889 3691
f 3691 3889 3890
f 3691 3890 3692
f 3692 3890 3891
f 3892 3711 3891
f 3891 3711 3692
f 3767 3893 3695
f 3695 3893 3889
f 3766 3894 3767
f 3767 3894 3893
f 3882 3885 3895
f 3895 3885 3896
f 3898 3698 3897
f 3897 3698 3697
f 3897 3697 3899
f 3899 3697 3733
f 3899 3733 3900
f 3900 3733 3734
f 3901 3768 3898
f 3898 3768 3698
f 3901 3902 3768
f 3768 3902 3903
f 3904 3905 3907
f 3907 3905 3906
f 3869 3661 3870
f 3870 3661 3660
f 3908 3909 3896
f 3896 3909 3895
f 3909 3758 3895
f 3895 3758 3669
f 3751 3531 3752
f 3752 3531 3848
f 3858 3536 3854
f 3854 3536 3535
f 3652 3562 3757
f 3757 3562 3756
f 3651 3654 3563
f 3563 3654 3567
f 3655 3656 3808
f 3808 3656 3659
f 3530 3740 3845
f 3845 3740 3861
f 3751 3750 3556
f 3556 3750 3553
f 3817 3820 3796
f 3796 3820 3795
f 410 409 3910
f 3910 409 3855
f 3750 3757 3553
f 3553 3757 3756
f 3908 3886 3909
f 3909 3886 3780
f 409 411 3855
f 3855 411 3851
f 413 412 3760
f 3760 412 3762
f 415 414 3763
f 3763 414 3787
f 3790 3557 3538
f 3538 3557 3537
f 3555 3608 3538
f 3538 3608 3790
f 3574 3911 3575
f 3575 3911 3912
f 3535 3534 3910
f 3910 3534 3839
f 3831 3552 3542
f 3542 3552 3543
f 3534 3550 3839
f 3839 3550 3551
f 3543 3550 3544
f 3544 3550 3549
f 3913 3914 3916
f 3916 3914 3915
f 3806 3805 3589
f 3589 3805 3590
f 3849 3843 3917
f 3917 3843 3638
f 3853 3644 3859
f 3859 3644 3742
f 3747 3746 3518
f 3518 3746 3516
f 3695 3696 3767
f 3767 3696 3764
f 3903 3918 3768
f 3768 3918 3739
f 3738 3739 3816
f 3816 3739 3918
f 3919 3920 3769
f 3769 3920 3770
f 3921 3726 3922
f 3922 3726 3770
f 3678 3645 3761
f 3761 3645 3771
f 3924 3913 3923
f 3923 3913 3916
f 3802 3925 3838
f 3838 3925 3837
f 3577 3926 3558
f 3558 3926 3559
f 3815 3919 3814
f 3814 3919 3769
f 3927 3928 3822
f 3822 3928 3823
f 3829 3832 3541
f 3541 3832 3542
f 3834 3927 3822
f 3832 3829 3838
f 3838 3829 3799
f 3745 3772 3746
f 3746 3772 3647
f 3849 3748 3843
f 3843 3748 3747
f 3854 3853 3858
f 3858 3853 3859
f 3854 3535 3855
f 3855 3535 3910
f 3557 3789 3546
f 3546 3789 3826
f 3923 3823 3924
f 3924 3823 3928
f 3823 3923 3929
f 3929 3923 3930
f 3531 3751 3532
f 3532 3751 3556
f 3532 3556 3538
f 3538 3556 3555
f 3932 3634 3931
f 3931 3634 3633
f 3814 3769 3813
f 3813 3769 3725
f 3620 3636 3621
f 3621 3636 3635
f 3847 3862 3848
f 3848 3862 3752
f 3531 3530 3848
f 3848 3530 3845
f 3933 3934 3830
f 3830 3934 3831
f 3925 3933 3837
f 3837 3933 3830
f 3934 440 3831
f 3831 440 333
f 3925 3802 3833
f 3833 3802 3801
f 3776 3844 3630
f 3630 3844 3627
f 3808 3659 3662
f 3662 3659 3658
f 3667 3650 3526
f 3526 3650 3527
f 3935 3666 3936
f 3936 3666 3665
f 3718 3737 3715
f 3715 3737 3736
f 3663 3809 3664
f 3664 3809 3688
f 3807 3806 3938
f 3938 3806 3937
f 445 413 3761
f 3761 413 3760
f 3902 447 3903
f 3903 447 446
f 3897 3890 3898
f 3898 3890 3889
f 3899 3891 3897
f 3897 3891 3890
f 3898 3889 3901
f 3901 3889 3893
f 3893 3894 3901
f 3901 3894 3902
f 414 386 3787
f 3787 386 3765
f 3940 3941 3939
f 3939 3941 3942
f 3840 3797 3943
f 3943 3797 3727
f 3665 3810 3936
f 3936 3810 3944
f 3921 3735 3726
f 3726 3735 3723
f 3920 3945 3770
f 3770 3945 3922
f 3521 3524 3774
f 3774 3524 3778
f 3864 3946 3625
f 3625 3946 3947
f 3773 3705 3649
f 3649 3705 3519
f 3779 3778 3758
f 3758 3778 3524
f 3812 3716 3736
f 3736 3716 3715
f 3624 3521 3777
f 3777 3521 3774
f 3703 3856 3704
f 3704 3856 3622
f 3900 3892 3899
f 3899 3892 3891
f 3641 3917 3642
f 3642 3917 3948
f 3895 3669 3882
f 3882 3669 3668
f 3855 3851 3852
f 3852 3851 3850
f 3894 458 3902
f 3902 458 447
f 3781 3887 3660
f 3660 3887 3870
f 3570 3566 3571
f 3571 3566 3567
f 3950 3576 3949
f 3949 3576 3587
f 3605 3602 3614
f 3614 3602 3612
f 3614 3612 3570
f 3570 3612 3566
f 3571 3567 3656
f 3656 3567 3654
f 3660 3658 3781
f 3781 3658 3657
f 3604 3607 3587
f 3587 3607 3949
f 3653 3659 3654
f 3654 3659 3656
f 3529 3540 3530
f 3530 3540 3740
f 3687 3811 3688
f 3688 3811 3664
f 3813 3725 3737
f 3737 3725 3724
f 3919 3815 461
f 461 3815 303
f 3818 3798 3819
f 3819 3798 3797
f 3819 3841 3820
f 3820 3841 3951
f 3816 3815 3738
f 3738 3815 3814
f 3540 3539 3533
f 3533 3539 3549
f 3548 3547 3544
f 3544 3547 3541
f 3539 3548 3549
f 3549 3548 3544
f 3741 3931 3860
f 3860 3931 3846
f 3801 3800 3835
f 3835 3800 3836
f 3934 3933 3824
f 3824 3933 3821
f 3825 3828 3546
f 3546 3828 3547
f 3833 3821 3925
f 3925 3821 3933
f 3800 3828 3836
f 3836 3828 3825
f 3824 3952 3934
f 3934 3952 440
f 3860 3846 3861
f 3861 3846 3845
f 3629 3946 3630
f 3630 3946 3864
f 3740 3536 3861
f 3861 3536 3858
f 3833 3801 3834
f 3834 3801 3835
f 3583 3599 3580
f 3580 3599 3585
f 3651 3563 3652
f 3652 3563 3562
f 3758 3909 3779
f 3779 3909 3780
f 3621 3617 3622
f 3622 3617 3704
f 3625 3947 3626
f 3626 3947 3753
f 3633 3632 3847
f 3847 3632 3862
f 3852 3850 3640
f 3640 3850 3641
f 3644 3853 3640
f 3640 3853 3852
f 3859 3742 3860
f 3860 3742 3741
f 3632 3627 3862
f 3862 3627 3844
f 3755 3863 3626
f 3626 3863 3623
f 3917 3638 3948
f 3948 3638 3637
f 3644 3643 3742
f 3742 3643 3743
f 3931 3633 3846
f 3846 3633 3847
f 3625 3624 3864
f 3864 3624 3777
f 3917 3641 3849
f 3849 3641 3850
f 3744 3932 3741
f 3741 3932 3931
f 3903 446 3918
f 3918 446 464
f 3953 3954 3956
f 3956 3954 3955
f 3958 3959 3957
f 3957 3959 3960
f 3876 3958 3877
f 3877 3958 3957
f 3877 3957 3961
f 3961 3957 3962
f 3963 3964 3958
f 3958 3964 3959
f 3965 3966 3876
f 3876 3966 3958
f 3966 3963 3958
f 3966 3967 3963
f 3963 3967 3968
f 3878 3877 3879
f 3879 3877 3961
f 3967 3969 3968
f 3968 3969 3970
f 3969 3971 3970
f 3970 3971 3972
f 3974 3904 3973
f 3973 3904 3907
f 3971 3975 3972
f 3972 3975 3976
f 3976 3975 3978
f 3978 3975 3977
f 3979 3980 3977
f 3977 3980 3978
f 3981 3982 3979
f 3979 3982 3980
f 3983 3984 3981
f 3981 3984 3982
f 3972 3985 3970
f 3970 3985 3986
f 3871 3987 3969
f 3969 3987 3971
f 3872 3871 3967
f 3967 3871 3969
f 3965 3872 3966
f 3966 3872 3967
f 3970 3986 3968
f 3968 3986 3988
f 3879 3961 3884
f 3884 3961 3940
f 3884 3940 3885
f 3885 3940 3939
f 3989 3990 3992
f 3992 3990 3991
f 3942 3993 3995
f 3995 3993 3994
f 3994 3996 3995
f 3995 3996 3974
f 3997 3998 3994
f 3994 3998 3996
f 3999 3997 3993
f 3993 3997 3994
f 4001 3996 4000
f 4000 3996 3998
f 4000 3998 4002
f 4002 3998 4003
f 4004 4003 3997
f 3997 4003 3998
f 3997 3999 4004
f 4004 3999 4005
f 4006 3995 3973
f 3973 3995 3974
f 3939 3942 4006
f 4006 3942 3995
f 3906 3887 3907
f 3907 3887 3886
f 3887 3906 3870
f 3870 3906 3867
f 3908 3973 3886
f 3886 3973 3907
f 3865 4007 3866
f 3866 4007 4008
f 3984 3983 4009
f 4009 3983 4010
f 3961 3962 3940
f 3940 3962 3941
f 4012 3868 4011
f 4011 3868 3867
f 4013 3975 3987
f 3987 3975 3971
f 4014 3977 4013
f 4013 3977 3975
f 4015 4010 4007
f 4007 4010 3983
f 4007 3983 4008
f 4008 3983 3981
f 4008 3981 4016
f 4016 3981 3979
f 4017 3984 4018
f 4018 3984 4009
f 3977 4014 3979
f 3979 4014 4016
f 3982 3984 4019
f 4019 3984 4017
f 4021 4022 4020
f 4020 4022 4023
f 4022 4012 4023
f 4023 4012 4011
f 4023 3904 4020
f 4020 3904 3974
f 4024 4025 4018
f 4018 4025 4017
f 4026 4027 4024
f 4024 4027 4025
f 4028 4026 4029
f 4029 4026 4024
f 4018 4021 4024
f 4024 4021 4029
f 4030 4031 4026
f 4026 4031 4027
f 4032 4030 4028
f 4028 4030 4026
f 4029 4001 4028
f 4028 4001 4000
f 4028 4000 4032
f 4032 4000 4002
f 4034 4035 4033
f 4033 4035 4036
f 4037 4038 4019
f 4019 4038 4039
f 4041 4039 4040
f 4040 4039 4038
f 4040 4038 4042
f 4042 4038 4036
f 4042 4036 4043
f 4043 4036 4035
f 3985 4044 4046
f 4046 4044 4045
f 4047 4048 4045
f 4045 4048 4046
f 4047 4049 4048
f 4048 4049 4050
f 4042 4047 4040
f 4040 4047 4045
f 4043 4049 4042
f 4042 4049 4047
f 4040 4045 4041
f 4041 4045 4044
f 4052 3959 4051
f 4051 3959 3964
f 4053 4054 4051
f 4051 4054 4055
f 3956 3960 4052
f 4052 3960 3959
f 3953 3956 4056
f 4056 3956 4052
f 4058 3953 4057
f 4057 3953 4056
f 4060 4061 4059
f 4059 4061 4062
f 4063 4064 4054
f 4054 4064 4057
f 4054 4053 4063
f 4063 4053 4065
f 4066 4067 4069
f 4069 4067 4068
f 4048 4050 4063
f 4063 4050 4064
f 4063 4065 4048
f 4048 4065 4046
f 3985 4046 3986
f 3986 4046 4065
f 3986 4065 3988
f 3988 4065 4053
f 3988 4053 3964
f 3964 4053 4051
f 3976 3978 4044
f 4044 3978 4041
f 3980 3982 4039
f 4039 3982 4019
f 4039 4041 3980
f 3980 4041 3978
f 3973 3908 4006
f 4006 3908 3896
f 3885 3939 3896
f 3896 3939 4006
f 4031 4034 4027
f 4027 4034 4033
f 4027 4033 4025
f 4025 4033 4037
f 4019 4017 4037
f 4037 4017 4025
f 3993 3942 4070
f 4070 3942 3941
f 3999 3993 4071
f 4071 3993 4070
f 3999 4071 4005
f 4005 4071 4072
f 4073 4074 4076
f 4076 4074 4075
f 4078 4079 4077
f 4077 4079 4080
f 4082 4080 4081
f 4081 4080 4079
f 4084 4085 4083
f 4083 4085 4086
f 4087 4088 4090
f 4090 4088 4089
f 4092 4093 4091
f 4091 4093 4094
f 4096 4097 4095
f 4095 4097 4098
f 4100 4101 4099
f 4099 4101 4102
f 4103 4104 4106
f 4106 4104 4105
f 4108 4109 4107
f 4107 4109 4110
f 4112 4113 4111
f 4111 4113 4114
f 4116 4117 4115
f 4115 4117 4118
f 4120 4121 4119
f 4119 4121 4122
f 4123 4124 4126
f 4126 4124 4125
f 4127 4128 4130
f 4130 4128 4129
f 4132 4133 4131
f 4131 4133 4134
f 4136 4108 4135
f 4135 4108 4107
f 4138 4139 4137
f 4137 4139 4140
f 4141 4142 4088
f 4088 4142 4089
f 4144 4145 4143
f 4143 4145 4146
f 4148 4149 4147
f 4147 4149 4150
f 4152 4153 4151
f 4151 4153 4154
f 4156 4082 4155
f 4155 4082 4081
f 4157 4158 4160
f 4160 4158 4159
f 4161 4162 4164
f 4164 4162 4163
f 4166 4122 4165
f 4165 4122 4121
f 4168 4152 4167
f 4167 4152 4151
f 4169 4170 4172
f 4172 4170 4171
f 4174 4175 4173
f 4173 4175 4176
f 4178 4149 4177
f 4177 4149 4179
f 4173 4176 4180
f 4180 4176 4181
f 4156 4085 4182
f 4182 4085 4183
f 4182 4184 4156
f 4156 4184 4082
f 4185 4186 4184
f 4184 4186 4187
f 4186 4188 4187
f 4187 4188 4189
f 4190 4191 4073
f 4073 4191 4074
f 4177 4179 4158
f 4158 4179 4159
f 4193 4127 4192
f 4192 4127 4130
f 4144 4194 4151
f 4151 4194 4167
f 4196 4197 4195
f 4195 4197 4198
f 4095 4199 4096
f 4096 4199 4200
f 4201 4202 4204
f 4204 4202 4203
f 4205 4206 4208
f 4208 4206 4207
f 4121 4120 4209
f 4209 4120 4210
f 4212 4213 4211
f 4211 4213 4214
f 4216 4217 4215
f 4215 4217 4218
f 4220 4221 4219
f 4219 4221 4222
f 4224 4196 4223
f 4223 4196 4195
f 4225 4226 4134
f 4134 4226 4131
f 4228 4229 4227
f 4227 4229 4230
f 4232 4233 4231
f 4231 4233 4098
f 4235 4236 4234
f 4234 4236 4237
f 4239 4240 4238
f 4238 4240 4241
f 4242 4243 4245
f 4245 4243 4244
f 4246 4247 4249
f 4249 4247 4248
f 4251 4252 4250
f 4250 4252 4253
f 4255 4256 4254
f 4254 4256 4257
f 4259 4260 4258
f 4258 4260 4261
f 4263 4264 4262
f 4262 4264 4265
f 4267 4268 4266
f 4266 4268 4269
f 4271 4199 4270
f 4270 4199 4272
f 4273 4274 4276
f 4276 4274 4275
f 4115 4118 4277
f 4277 4118 4278
f 4280 4281 4279
f 4279 4281 4282
f 4211 4283 4212
f 4212 4283 4284
f 4286 4287 4285
f 4285 4287 4288
f 4165 4121 4289
f 4289 4121 4209
f 4291 4286 4290
f 4290 4286 4285
f 4293 4294 4292
f 4292 4294 4295
f 4297 4298 4296
f 4296 4298 4299
f 4301 4302 4300
f 4300 4302 4303
f 4299 4304 4296
f 4296 4304 4305
f 4306 4292 4307
f 4307 4292 4295
f 4307 4308 4306
f 4306 4308 4309
f 4310 4309 4075
f 4075 4309 4308
f 4299 4298 4312
f 4312 4298 4311
f 4302 4301 4293
f 4293 4301 4294
f 3735 3921 4313
f 4313 3921 4314
f 4315 4314 3922
f 3922 4314 3921
f 4316 3945 829
f 829 3945 830
f 4289 4317 4165
f 4165 4317 4318
f 4320 4321 4319
f 4319 4321 4322
f 4324 4325 4323
f 4323 4325 4326
f 4327 4328 4330
f 4330 4328 4329
f 4290 4331 4291
f 4291 4331 4332
f 4165 4318 4166
f 4166 4318 4333
f 4334 4335 4337
f 4337 4335 4336
f 4339 4340 4338
f 4338 4340 4341
f 4168 4343 4342
f 4342 4343 4344
f 4346 4347 4345
f 4345 4347 4348
f 4350 4351 4349
f 4349 4351 4352
f 4354 4355 4353
f 4353 4355 4356
f 4357 4358 4324
f 4324 4358 4325
f 4337 4359 4334
f 4334 4359 4360
f 4362 4363 4361
f 4361 4363 4364
f 4366 4367 4365
f 4365 4367 4368
f 4369 4370 4372
f 4372 4370 4371
f 4331 4290 4374
f 4374 4290 4373
f 4373 4376 4375
f 4375 4376 4377
f 4379 4380 4378
f 4378 4380 4381
f 4217 4382 4218
f 4218 4382 4383
f 4385 4386 4384
f 4384 4386 4387
f 4388 4389 4338
f 4338 4389 4390
f 4337 4336 4392
f 4392 4336 4391
f 4394 4362 4393
f 4393 4362 4361
f 4396 4397 4395
f 4395 4397 4398
f 4400 4401 4399
f 4399 4401 4402
f 4345 4403 4346
f 4346 4403 4404
f 4405 4406 4342
f 4342 4406 4407
f 4409 4410 4408
f 4408 4410 4411
f 4408 4412 4409
f 4409 4412 4413
f 4181 4415 4414
f 4414 4415 4416
f 4182 4183 4417
f 4417 4183 4418
f 4419 4353 4311
f 4311 4353 4312
f 4421 4422 4420
f 4420 4422 4423
f 4353 4356 4312
f 4312 4356 4424
f 4166 4333 4425
f 4425 4333 4426
f 4425 4143 4166
f 4166 4143 4122
f 4427 4107 4428
f 4428 4107 4110
f 4429 4430 4174
f 4174 4430 4175
f 4335 4431 4336
f 4336 4431 4390
f 4336 4390 4391
f 4391 4390 4389
f 4432 4433 4435
f 4435 4433 4434
f 4437 4438 4436
f 4436 4438 4439
f 4441 4442 4440
f 4440 4442 4443
f 4359 4444 4361
f 4361 4444 4393
f 4446 4447 4445
f 4445 4447 4448
f 4338 4341 4388
f 4388 4341 4449
f 4450 4451 4398
f 4398 4451 4395
f 4453 4454 4452
f 4452 4454 4455
f 4457 4458 4456
f 4456 4458 4459
f 4460 4461 4448
f 4448 4461 4445
f 4463 4464 4462
f 4462 4464 4465
f 4462 4465 4466
f 4466 4465 4467
f 4468 4469 4467
f 4467 4469 4466
f 4469 4468 4470
f 4470 4468 4471
f 4472 4473 4471
f 4471 4473 4470
f 4475 4476 4474
f 4474 4476 4477
f 4479 4480 4478
f 4478 4480 4481
f 4483 4484 4482
f 4482 4484 4485
f 4487 4488 4486
f 4486 4488 4489
f 4491 4492 4490
f 4490 4492 4493
f 4494 4495 4493
f 4493 4495 4490
f 4496 4497 4494
f 4494 4497 4495
f 4497 4496 4498
f 4498 4496 4499
f 4500 4501 4503
f 4503 4501 4502
f 4505 4506 4504
f 4504 4506 4507
f 4466 4508 4462
f 4462 4508 4509
f 4470 4510 4469
f 4469 4510 4511
f 4513 4479 4512
f 4512 4479 4478
f 4515 4443 4514
f 4514 4443 4442
f 4516 4517 4519
f 4519 4517 4518
f 4521 4495 4520
f 4520 4495 4497
f 4522 4490 4521
f 4521 4490 4495
f 4491 4523 4488
f 4488 4523 4524
f 4525 4489 4524
f 4524 4489 4488
f 4484 4526 4485
f 4485 4526 4527
f 4503 4528 4500
f 4500 4528 4529
f 4530 4531 4533
f 4533 4531 4532
f 4535 4506 4534
f 4534 4506 4530
f 4486 4536 4487
f 4487 4536 4537
f 4487 4537 4492
f 4492 4537 4538
f 4494 4539 4496
f 4496 4539 4540
f 4542 4533 4541
f 4541 4533 4499
f 4544 4545 4543
f 4543 4545 4546
f 4548 4549 4547
f 4547 4549 4550
f 4536 4551 4537
f 4537 4551 4552
f 4537 4552 4538
f 4538 4552 4553
f 4554 4539 4556
f 4556 4539 4555
f 4557 4540 4554
f 4554 4540 4539
f 4559 4557 4558
f 4558 4557 4560
f 4540 4557 4541
f 4541 4557 4559
f 4562 4563 4561
f 4561 4563 4564
f 4546 4565 4543
f 4543 4565 4566
f 4547 4567 4548
f 4548 4567 4568
f 4570 4571 4569
f 4569 4571 4572
f 4574 4575 4573
f 4573 4575 4576
f 4578 4579 4577
f 4577 4579 4580
f 4582 4583 4581
f 4581 4583 4584
f 4585 4586 4588
f 4588 4586 4587
f 4589 4585 4590
f 4590 4585 4588
f 4592 4593 4591
f 4591 4593 4594
f 4596 4597 4595
f 4595 4597 4598
f 4600 4601 4599
f 4599 4601 4602
f 4563 4604 4603
f 4603 4604 4605
f 4603 4606 4608
f 4608 4606 4607
f 4609 4610 4594
f 4594 4610 4591
f 4611 4612 4614
f 4614 4612 4613
f 4616 4617 4615
f 4615 4617 4618
f 4602 4620 4619
f 4619 4620 4621
f 4619 4622 4602
f 4602 4622 4599
f 4605 4599 4623
f 4623 4599 4622
f 4605 4623 4603
f 4603 4623 4606
f 4625 4626 4624
f 4624 4626 4627
f 4438 4437 4628
f 4628 4437 4629
f 4442 4441 4630
f 4630 4441 4631
f 4630 4632 4442
f 4442 4632 4514
f 4633 4634 4529
f 4529 4634 4500
f 4500 4634 4501
f 4501 4634 4635
f 4637 4546 4636
f 4636 4546 4545
f 4639 4565 4638
f 4638 4565 4640
f 4573 4576 4641
f 4641 4576 4642
f 4593 4643 4594
f 4594 4643 4644
f 4645 4609 4644
f 4644 4609 4594
f 4647 4648 4646
f 4646 4648 4649
f 4651 4652 4650
f 4650 4652 4653
f 4654 4498 4519
f 4519 4498 4532
f 4520 4508 4521
f 4521 4508 4511
f 4522 4510 4523
f 4523 4510 4655
f 4524 4656 4525
f 4525 4656 4657
f 4514 4529 4515
f 4515 4529 4528
f 4658 4659 4661
f 4661 4659 4660
f 4496 4540 4499
f 4499 4540 4541
f 4493 4555 4494
f 4494 4555 4539
f 4549 4483 4550
f 4550 4483 4482
f 4545 4544 4501
f 4501 4544 4502
f 4636 4545 4635
f 4635 4545 4501
f 4589 4663 4662
f 4662 4663 4664
f 4662 4665 4558
f 4558 4665 4559
f 4569 4586 4570
f 4570 4586 4560
f 4552 4666 4553
f 4553 4666 4667
f 4668 4669 4670
f 4670 4669 4666
f 4672 4673 4671
f 4671 4673 4674
f 4287 4675 4288
f 4288 4675 4676
f 4678 4679 4677
f 4677 4679 4680
f 4681 4678 4682
f 4682 4678 4677
f 4682 4683 4681
f 4681 4683 4684
f 4161 4164 4685
f 4685 4164 4686
f 4414 4687 4689
f 4689 4687 4688
f 4405 4690 4346
f 4346 4690 4347
f 4691 4399 4693
f 4693 4399 4692
f 1209 4694 4365
f 4365 4694 4366
f 4650 1211 4651
f 4651 1211 1210
f 4695 4696 4255
f 4255 4696 4256
f 4697 4698 4218
f 4218 4698 4215
f 4700 4701 4699
f 4699 4701 4702
f 4703 4704 4303
f 4303 4704 4300
f 4315 3922 4316
f 4316 3922 3945
f 4653 4706 4705
f 4705 4706 4707
f 4709 4710 4708
f 4708 4710 4711
f 4335 4334 4713
f 4713 4334 4712
f 4714 4340 4321
f 4321 4340 4322
f 4716 4717 4715
f 4715 4717 4718
f 4238 4241 4719
f 4719 4241 4720
f 4231 4721 4307
f 4307 4721 4308
f 4723 4724 4722
f 4722 4724 4725
f 4727 4728 4726
f 4726 4728 4729
f 4730 4731 4327
f 4327 4731 4328
f 4733 4734 4732
f 4732 4734 4735
f 4720 4381 4736
f 4736 4381 4737
f 4738 4739 4741
f 4741 4739 4740
f 4743 4744 4742
f 4742 4744 4745
f 4338 4390 4339
f 4339 4390 4431
f 4746 4747 4431
f 4431 4747 4339
f 4291 4332 4289
f 4289 4332 4317
f 4289 4209 4291
f 4291 4209 4286
f 4287 4286 4210
f 4210 4286 4209
f 4749 4750 4748
f 4748 4750 4751
f 4212 4284 4752
f 4752 4284 4753
f 4752 4754 4212
f 4212 4754 4213
f 4252 4251 4225
f 4225 4251 4226
f 4227 4230 4248
f 4248 4230 4249
f 4205 4755 4757
f 4757 4755 4756
f 4708 4711 4758
f 4758 4711 4647
f 4367 4366 4759
f 4759 4366 4760
f 4526 4513 4527
f 4527 4513 4512
f 4420 4423 4385
f 4385 4423 4386
f 4705 4761 4653
f 4653 4761 4650
f 4761 1279 4650
f 4650 1279 1211
f 4762 4763 3944
f 3944 4763 3936
f 4274 4273 4765
f 4765 4273 4764
f 4767 4768 4766
f 4766 4768 4769
f 4770 4771 4769
f 4769 4771 4766
f 4771 4770 4242
f 4242 4770 4243
f 4093 4163 4094
f 4094 4163 4162
f 4772 4773 4775
f 4775 4773 4774
f 4777 4778 4776
f 4776 4778 4779
f 4417 4185 4182
f 4182 4185 4184
f 4780 4078 4781
f 4781 4078 4077
f 4781 4077 4782
f 4782 4077 4189
f 4188 4783 4189
f 4189 4783 4782
f 4295 4232 4307
f 4307 4232 4231
f 4785 4786 4784
f 4784 4786 4787
f 4784 1307 4785
f 4785 1307 1306
f 4078 4780 4096
f 4096 4780 4097
f 4075 4074 4310
f 4310 4074 4788
f 4788 4074 4789
f 4789 4074 4191
f 4789 4191 4059
f 4059 4191 4790
f 4791 4277 4792
f 4792 4277 4278
f 3732 3735 4793
f 4793 3735 4313
f 4793 4794 3732
f 3732 4794 3731
f 4792 4795 4791
f 4791 4795 4796
f 4797 4798 4799
f 4799 4798 4724
f 4763 4800 3936
f 3936 4800 3935
f 4801 4062 3729
f 3729 4062 3730
f 4713 4712 4802
f 4802 4712 4803
f 4146 4804 4119
f 4119 4804 4805
f 4498 4654 4497
f 4497 4654 4520
f 4806 4807 1326
f 1326 4807 1327
f 4689 4688 1330
f 1330 4688 1331
f 4801 4789 4062
f 4062 4789 4059
f 3730 4062 4808
f 4808 4062 4061
f 4810 4811 4809
f 4809 4811 4812
f 4813 4403 4814
f 4814 4403 4345
f 4815 4816 4349
f 4349 4816 4350
f 4817 4818 4820
f 4820 4818 4819
f 4406 4821 4407
f 4407 4821 4822
f 4823 4161 4824
f 4824 4161 4685
f 4181 4414 4825
f 4825 4414 4689
f 4741 4740 4826
f 4826 4740 4827
f 4828 4829 4827
f 4827 4829 4826
f 4142 4141 4415
f 4415 4141 4148
f 4830 1354 4761
f 4761 1354 1279
f 4832 4833 4831
f 4831 4833 4834
f 4835 4836 4626
f 4626 4836 4421
f 4451 4709 4395
f 4395 4709 4708
f 4627 4420 4837
f 4837 4420 4385
f 4837 1365 4838
f 4838 1365 1364
f 4397 4396 4839
f 4839 4396 4840
f 4842 4628 4841
f 4841 4628 4629
f 4671 4674 4631
f 4631 4674 4630
f 4674 4659 4630
f 4630 4659 4632
f 4633 4632 4658
f 4658 4632 4659
f 4658 4504 4633
f 4633 4504 4634
f 4635 4634 4507
f 4507 4634 4504
f 4843 4636 4507
f 4507 4636 4635
f 4844 4637 4843
f 4843 4637 4636
f 4637 4844 4640
f 4640 4844 4664
f 4638 4663 4642
f 4642 4663 4845
f 4847 4643 4846
f 4846 4643 4641
f 4644 4848 4645
f 4645 4848 4849
f 4851 4852 4850
f 4850 4852 4853
f 4855 4856 4854
f 4854 4856 4857
f 4859 4860 4858
f 4858 4860 4857
f 4715 4718 4859
f 4859 4718 4860
f 4862 4863 4861
f 4861 4863 4864
f 4866 4867 4865
f 4865 4867 4868
f 4870 4871 4869
f 4869 4871 4872
f 4869 4872 4116
f 4116 4872 4117
f 4820 4819 4874
f 4874 4819 4873
f 4876 4877 4875
f 4875 4877 4878
f 4880 4881 4879
f 4879 4881 4882
f 4884 4885 4883
f 4883 4885 4886
f 4887 4888 4280
f 4280 4888 4281
f 4818 4817 4889
f 4889 4817 4890
f 4891 4193 4823
f 4823 4193 4192
f 4892 4893 4228
f 4228 4893 4229
f 4158 4157 4894
f 4894 4157 4895
f 4896 4897 4132
f 4132 4897 4133
f 4099 4683 4100
f 4100 4683 4682
f 4101 4100 4899
f 4899 4100 4898
f 4150 4106 4147
f 4147 4106 4900
f 4100 4682 4898
f 4898 4682 4677
f 4080 4082 4187
f 4187 4082 4184
f 4077 4080 4189
f 4189 4080 4187
f 4191 4190 4790
f 4790 4190 4901
f 4177 4158 4680
f 4680 4158 4894
f 4108 4136 4752
f 4752 4136 4754
f 4752 4753 4108
f 4108 4753 4109
f 4817 4902 4890
f 4890 4902 4903
f 4904 4905 4907
f 4907 4905 4906
f 4909 4910 4908
f 4908 4910 4911
f 4913 4914 4912
f 4912 4914 4915
f 4916 4917 4919
f 4919 4917 4918
f 4312 4424 4299
f 4299 4424 4304
f 4920 4921 4297
f 4297 4921 4298
f 4194 4922 4167
f 4167 4922 4923
f 4924 4400 4691
f 4691 4400 4399
f 4395 4708 4396
f 4396 4708 4758
f 4367 4925 4368
f 4368 4925 4926
f 4919 4918 4873
f 4873 4918 4874
f 4836 4927 4421
f 4421 4927 4422
f 4921 4928 4298
f 4298 4928 4311
f 4143 4146 4122
f 4122 4146 4119
f 4929 4930 4455
f 4455 4930 4452
f 4932 4933 4931
f 4931 4933 4934
f 4935 4936 4932
f 4932 4936 4933
f 4461 4460 4457
f 4457 4460 4458
f 4480 4479 4475
f 4475 4479 4476
f 4660 4673 4517
f 4517 4673 4937
f 4661 4505 4658
f 4658 4505 4504
f 4484 4483 4489
f 4489 4483 4486
f 4462 4509 4463
f 4463 4509 4518
f 4469 4511 4466
f 4466 4511 4508
f 4655 4473 4656
f 4656 4473 4477
f 4476 4657 4477
f 4477 4657 4656
f 4479 4513 4476
f 4476 4513 4657
f 4489 4525 4484
f 4484 4525 4526
f 4483 4549 4486
f 4486 4549 4536
f 4549 4548 4536
f 4536 4548 4551
f 4548 4568 4551
f 4551 4568 4670
f 4663 4589 4845
f 4845 4589 4590
f 4668 4577 4938
f 4938 4577 4580
f 4940 4938 4939
f 4939 4938 4941
f 4940 4942 4669
f 4669 4942 4943
f 4587 4582 4944
f 4944 4582 4581
f 4848 4847 4608
f 4608 4847 4564
f 4616 4945 4613
f 4613 4945 4598
f 4615 4946 4616
f 4616 4946 4945
f 4947 4939 4948
f 4948 4939 4946
f 4599 4605 4600
f 4600 4605 4604
f 4608 4607 4848
f 4848 4607 4849
f 4613 4612 4616
f 4616 4612 4617
f 4835 4949 4709
f 4709 4949 4710
f 4357 1477 4837
f 4837 1477 1365
f 4712 4950 4803
f 4803 4950 4951
f 4401 4952 4402
f 4402 4952 4953
f 4759 4760 4402
f 4402 4760 4399
f 4508 4520 4509
f 4509 4520 4654
f 4510 4522 4511
f 4511 4522 4521
f 4513 4526 4657
f 4657 4526 4525
f 4632 4633 4514
f 4514 4633 4529
f 4931 4934 4453
f 4453 4934 4454
f 4153 4954 4154
f 4154 4954 4955
f 4957 4958 4956
f 4956 4958 4959
f 4961 4962 4960
f 4960 4962 4963
f 4120 4964 4210
f 4210 4964 4965
f 4967 4968 4966
f 4966 4968 4969
f 4349 4692 4815
f 4815 4692 4970
f 4652 4971 4653
f 4653 4971 4706
f 4758 4647 4972
f 4972 4647 4646
f 4973 4363 4646
f 4646 4363 4972
f 4950 4360 4974
f 4974 4360 4364
f 4431 4335 4746
f 4746 4335 4713
f 4358 4714 4325
f 4325 4714 4321
f 4765 4764 4266
f 4266 4764 4975
f 4202 4976 4203
f 4203 4976 4977
f 4917 4978 4918
f 4918 4978 4979
f 4279 4282 4854
f 4854 4282 4269
f 4820 4880 4817
f 4817 4880 4902
f 4890 4903 4980
f 4980 4903 4886
f 4982 4983 4981
f 4981 4983 4123
f 4795 4851 4796
f 4796 4851 4850
f 4918 4979 4874
f 4874 4979 4881
f 4809 4404 4810
f 4810 4404 4403
f 4354 4985 4984
f 4984 4985 4986
f 1364 1516 4838
f 4838 1516 4987
f 4759 4988 4367
f 4367 4988 4925
f 4989 4990 4481
f 4481 4990 4478
f 4443 4515 4990
f 4990 4515 4991
f 4527 4512 4992
f 4992 4512 4991
f 4528 4503 4992
f 4992 4503 4993
f 4993 4994 4485
f 4485 4994 4482
f 4544 4995 4502
f 4502 4995 4994
f 4995 4996 4550
f 4550 4996 4547
f 4998 4999 4997
f 4997 4999 4566
f 4998 5000 4578
f 4578 5000 4579
f 5001 5002 4596
f 4596 5002 4597
f 5003 4591 5004
f 5004 4591 4610
f 4626 4421 4627
f 4627 4421 4420
f 4837 4838 4627
f 4627 4838 4624
f 4761 4705 4830
f 4830 4705 5005
f 4705 4707 5005
f 5005 4707 5006
f 4308 4721 4075
f 4075 4721 4076
f 5007 4200 4797
f 4797 4200 4798
f 4685 4686 5008
f 5008 4686 5009
f 4889 4890 5010
f 5010 4890 4980
f 4323 1541 4324
f 4324 1541 1540
f 4385 4384 4358
f 4358 4384 4714
f 4396 4758 4840
f 4840 4758 4972
f 4866 4852 5011
f 5011 4852 5012
f 5013 4260 4980
f 4980 4260 5010
f 4875 4878 5014
f 5014 4878 5015
f 5017 5018 5016
f 5016 5018 5019
f 5016 5019 5020
f 5020 5019 5021
f 5023 5024 5022
f 5022 5024 5025
f 5027 5028 5026
f 5026 5028 5029
f 5031 5032 5030
f 5030 5032 5033
f 5035 5036 5034
f 5034 5036 5037
f 5039 5040 5038
f 5038 5040 5041
f 5043 5044 5042
f 5042 5044 5045
f 5038 5046 5039
f 5039 5046 5047
f 5049 5050 5048
f 5048 5050 5051
f 5053 5054 5052
f 5052 5054 5055
f 5057 5024 5056
f 5056 5024 5058
f 5060 5061 5059
f 5059 5061 5062
f 5064 5065 5063
f 5063 5065 5066
f 5043 5050 5064
f 5064 5050 5065
f 5038 5041 5067
f 5067 5041 5068
f 5070 5071 5069
f 5069 5071 5072
f 5074 5075 5073
f 5073 5075 5076
f 5034 5077 5035
f 5035 5077 5078
f 5080 5081 5079
f 5079 5081 5082
f 5084 5085 5083
f 5083 5085 5086
f 5085 5084 5087
f 5087 5084 5088
f 5090 5091 5089
f 5089 5091 5092
f 5094 5095 5093
f 5093 5095 5096
f 5098 5099 5097
f 5097 5099 5100
f 5102 5103 5101
f 5101 5103 5104
f 5105 5106 5108
f 5108 5106 5107
f 5110 5111 5109
f 5109 5111 5112
f 5114 5094 5113
f 5113 5094 5093
f 5116 5117 5115
f 5115 5117 5118
f 5120 5121 5119
f 5119 5121 5122
f 5124 5125 5123
f 5123 5125 5126
f 5128 5129 5127
f 5127 5129 5130
f 5097 5131 5098
f 5098 5131 5132
f 5134 5135 5133
f 5133 5135 5122
f 5084 5125 5088
f 5088 5125 5136
f 5138 5139 5137
f 5137 5139 5140
f 5142 5102 5141
f 5141 5102 5101
f 5106 5143 5107
f 5107 5143 5144
f 5146 5147 5145
f 5145 5147 5148
f 5149 5150 5109
f 5109 5150 5110
f 5151 5110 5152
f 5152 5110 5150
f 4715 5140 4716
f 4716 5140 5139
f 5143 4870 5144
f 5144 4870 4869
f 4115 5146 4116
f 4116 5146 5145
f 4791 4796 5149
f 5149 4796 5150
f 4796 4850 5150
f 5150 4850 5152
f 4858 5142 4859
f 4859 5142 5141
f 5153 5154 5115
f 5115 5154 5105
f 5156 5157 5155
f 5155 5157 5158
f 5159 5160 5053
f 5053 5160 5054
f 5161 5162 5020
f 5020 5162 5068
f 5026 5029 5163
f 5163 5029 5021
f 5083 5086 5164
f 5164 5086 5165
f 5090 5167 5166
f 5166 5167 5168
f 5169 5170 5172
f 5172 5170 5171
f 5174 5175 5173
f 5173 5175 5176
f 5177 5109 5178
f 5178 5109 5112
f 5179 5180 5182
f 5182 5180 5181
f 5123 5126 5120
f 5120 5126 5121
f 5180 5167 5181
f 5181 5167 5183
f 5184 5185 5179
f 5179 5185 5180
f 5186 5149 5177
f 5177 5149 5109
f 4868 5184 4865
f 4865 5184 5179
f 5188 5189 5187
f 5187 5189 5190
f 4277 4791 5186
f 5186 4791 5149
f 5179 5182 4865
f 4865 5182 4853
f 5189 4862 5190
f 5190 4862 4861
f 5156 5075 5191
f 5191 5075 5192
f 5036 5035 5193
f 5193 5035 5194
f 5115 5118 5153
f 5153 5118 5195
f 5022 5025 5196
f 5196 5025 5197
f 5155 5158 5069
f 5069 5158 5062
f 5063 5066 5198
f 5198 5066 5199
f 5073 5076 5200
f 5200 5076 5072
f 5202 5131 5201
f 5201 5131 5203
f 5143 5106 5204
f 5204 5106 5205
f 5114 5113 5206
f 5206 5113 5127
f 5098 5132 5193
f 5193 5132 5195
f 5204 5207 5143
f 5143 5207 4870
f 5088 5136 5208
f 5208 5136 5092
f 5209 5210 5089
f 5089 5210 5183
f 5211 5018 5060
f 5060 5018 5061
f 5017 5040 5070
f 5070 5040 5071
f 5191 5160 5156
f 5156 5160 5157
f 5048 5028 5049
f 5049 5028 5058
f 5207 5204 4858
f 4858 5204 5142
f 4859 5141 4715
f 4715 5141 5140
f 5212 5162 5042
f 5042 5162 5051
f 5182 5152 4853
f 4853 5152 4850
f 5214 5134 5213
f 5213 5134 5133
f 5164 5165 5133
f 5133 5165 5213
f 5215 5216 5201
f 5201 5216 5217
f 5147 5218 5148
f 5148 5218 5219
f 5147 5177 5218
f 5218 5177 5178
f 5141 5101 5140
f 5140 5101 5137
f 5201 5217 5202
f 5202 5217 5104
f 5146 5186 5147
f 5147 5186 5177
f 4277 5186 4115
f 4115 5186 5146
f 5191 5192 5031
f 5031 5192 5032
f 5052 5055 5220
f 5220 5055 5197
f 4116 5145 4869
f 4869 5145 5144
f 5034 5037 5214
f 5214 5037 5134
f 5097 5100 5114
f 5114 5100 5094
f 5108 5107 5219
f 5219 5107 5148
f 5221 5135 5116
f 5116 5135 5117
f 5124 5111 5209
f 5209 5111 5210
f 5107 5144 5148
f 5148 5144 5145
f 5152 5182 5151
f 5151 5182 5181
f 5208 5222 5088
f 5088 5222 5087
f 5222 5208 5171
f 5171 5208 5172
f 5223 1756 4698
f 4698 1756 1755
f 4427 5224 4107
f 4107 5224 4135
f 4178 4679 5225
f 5225 4679 5226
f 5227 5228 4892
f 4892 5228 4893
f 5229 5230 4171
f 4171 5230 4172
f 4855 4268 4884
f 4884 4268 4885
f 4884 4871 4855
f 4855 4871 4856
f 4684 5231 4896
f 4896 5231 4897
f 4768 4767 5009
f 5009 4767 5008
f 5205 5154 5102
f 5102 5154 5103
f 5099 5098 5194
f 5194 5098 5193
f 5198 5199 5079
f 5079 5199 5033
f 5102 5142 5205
f 5205 5142 5204
f 5224 4427 4681
f 4681 4427 4678
f 3712 3711 5232
f 5232 3711 5233
f 3968 3988 3963
f 3963 3988 3964
f 3976 4044 3972
f 3972 4044 3985
f 4038 4037 4036
f 4036 4037 4033
f 4794 4762 3731
f 3731 4762 3944
f 3731 3944 3722
f 3722 3944 3810
f 3874 5234 5232
f 5232 5234 3712
f 3906 3905 3867
f 3867 3905 4011
f 3904 4023 3905
f 3905 4023 4011
f 3719 3722 3811
f 3811 3722 3810
f 3812 3719 3687
f 3687 3719 3811
f 3716 3812 3686
f 3686 3812 3687
f 3713 3716 3685
f 3685 3716 3686
f 4810 4403 5235
f 5235 4403 4813
f 4345 1770 4814
f 4814 1770 1769
f 4067 4066 4058
f 4058 4066 5236
f 4043 4068 4049
f 4049 4068 4050
f 4034 5237 3989
f 3989 5237 3990
f 4031 4030 4072
f 4072 4030 4005
f 4003 4004 4002
f 4002 4004 4032
f 4004 4005 4032
f 4032 4005 4030
f 4067 4064 4068
f 4068 4064 4050
f 4058 4057 4067
f 4067 4057 4064
f 4035 4034 5238
f 5238 4034 3989
f 5236 5239 4058
f 4058 5239 5240
f 5234 3874 5241
f 5241 3874 3873
f 5241 3873 3881
f 3881 3873 3878
f 4800 4763 4788
f 4788 4763 4310
f 4763 4762 4310
f 4310 4762 4309
f 4762 4794 4309
f 4309 4794 4306
f 4794 4793 4306
f 4306 4793 4292
f 4293 4313 4302
f 4302 4313 4314
f 4302 4314 4303
f 4303 4314 4315
f 4303 4315 4703
f 4703 4315 4316
f 4035 4069 4043
f 4043 4069 4068
f 4324 1540 4357
f 4357 1540 1477
f 5232 3987 3874
f 3874 3987 3871
f 3987 5232 4013
f 4013 5232 5233
f 4013 5233 4014
f 4014 5233 5242
f 3888 4015 3865
f 3865 4015 4007
f 3866 4008 5243
f 5243 4008 4016
f 3873 5244 3878
f 3878 5244 3875
f 3965 5244 3872
f 3872 5244 3873
f 3876 3875 3965
f 3965 3875 5244
f 5243 4016 5242
f 5242 4016 4014
f 5246 5247 5245
f 5245 5247 5248
f 3576 3950 3577
f 3577 3950 3926
f 3584 3842 3585
f 3585 3842 3580
f 5249 5247 1784
f 1784 5247 1785
f 5250 5251 5253
f 5253 5251 5252
f 5255 5252 5254
f 5254 5252 5256
f 5254 5256 5258
f 5258 5256 5257
f 5258 5257 5260
f 5260 5257 5259
f 4356 5261 4424
f 4424 5261 5259
f 4355 5262 4356
f 4356 5262 5261
f 4924 5264 5263
f 5263 5264 5265
f 4693 5266 4691
f 4691 5266 5267
f 4351 5268 4352
f 4352 5268 5269
f 1808 1807 4351
f 4351 1807 5268
f 3580 3842 3581
f 3799 3802 3838
f 4800 4788 4801
f 4801 4788 4789
f 3729 3935 4801
f 4801 3935 4800
f 3728 3666 3729
f 3729 3666 3935
f 3728 3798 3666
f 3666 3798 3663
f 3798 3818 3663
f 3663 3818 3809
f 3818 3817 3809
f 3809 3817 3808
f 3796 3655 3817
f 3817 3655 3808
f 3615 3568 3796
f 3796 3568 3655
f 3573 3569 3615
f 3615 3569 3568
f 3572 3613 3573
f 3573 3613 3569
f 3792 3606 3572
f 3572 3606 3613
f 3607 3791 3949
f 3949 3791 3591
f 3590 3950 3591
f 3591 3950 3949
f 3805 3926 3590
f 3590 3926 3950
f 3804 3559 3805
f 3805 3559 3926
f 3804 3914 3559
f 3559 3914 3560
f 3924 3789 3913
f 3913 3789 3788
f 3924 3928 3789
f 3789 3928 3826
f 3928 3927 3826
f 3826 3927 3827
f 3927 3834 3827
f 3827 3834 3835
f 4079 4078 5270
f 5270 4078 5007
f 5271 5272 4233
f 4233 5272 5273
f 5275 5276 5274
f 5274 5276 5277
f 5278 5279 4236
f 4236 5279 4237
f 5278 5280 5271
f 5271 5280 5272
f 4235 5281 4236
f 4236 5281 5282
f 5284 5285 5283
f 5283 5285 5286
f 5288 5289 5287
f 5287 5289 5290
f 5292 5293 5291
f 5291 5293 5294
f 5287 5290 4726
f 4726 5290 5295
f 4293 4292 4313
f 4313 4292 4793
f 4720 4736 4719
f 4719 4736 5296
f 5297 4909 5298
f 5298 4909 4908
f 5299 5300 4976
f 4976 5300 5301
f 5302 4202 5303
f 5303 4202 4201
f 5304 5305 4983
f 4983 5305 5306
f 5308 5309 5307
f 5307 5309 5310
f 4722 4725 5283
f 5283 4725 5311
f 5291 5294 4125
f 4125 5294 4126
f 5313 5314 5312
f 5312 5314 5315
f 5316 5317 5319
f 5319 5317 5318
f 5321 5308 5320
f 5320 5308 5307
f 4819 4981 4873
f 4873 4981 5322
f 4981 4123 5322
f 5322 4123 4126
f 5324 5325 5323
f 5323 5325 5326
f 4764 5327 4975
f 4975 5327 5328
f 4172 5327 4169
f 4169 5327 5329
f 4768 4171 4769
f 4769 4171 4170
f 4243 4755 4244
f 4244 4755 5330
f 4755 4205 5330
f 5330 4205 4208
f 4206 4906 4207
f 4207 4906 4905
f 4686 5014 5009
f 5009 5014 5229
f 4756 4770 4170
f 4170 4770 4769
f 4170 4169 4756
f 4756 4169 4757
f 4273 5329 4764
f 4764 5329 5327
f 4276 5331 4273
f 4273 5331 5329
f 4770 4756 4243
f 4243 4756 4755
f 5333 4889 5332
f 5332 4889 5010
f 4877 5332 4878
f 4878 5332 4259
f 4875 4164 4876
f 4876 4164 4163
f 5334 5335 5324
f 5324 5335 5325
f 4983 5306 4123
f 4123 5306 4124
f 4818 4982 4819
f 4819 4982 4981
f 5332 5010 4259
f 4259 5010 4260
f 5014 4686 4875
f 4875 4686 4164
f 4171 4768 5229
f 5229 4768 5009
f 5337 4916 5336
f 5336 4916 4919
f 5293 5337 5294
f 5294 5337 5336
f 4982 4818 5333
f 5333 4818 4889
f 5338 5339 4262
f 4262 5339 5340
f 5307 5310 5338
f 5338 5310 5339
f 5341 5342 4204
f 4204 5342 5309
f 5336 4919 5322
f 5322 4919 4873
f 5294 5336 4126
f 4126 5336 5322
f 5323 5326 5343
f 5343 5326 5286
f 4914 5344 4915
f 4915 5344 5345
f 5312 5315 5344
f 5344 5315 5345
f 5347 5348 5346
f 5346 5348 5349
f 5350 5351 4832
f 4832 5351 4833
f 5352 5353 5349
f 5349 5353 5346
f 5354 5338 4265
f 4265 5338 4262
f 5320 5307 5354
f 5354 5307 5338
f 4201 5308 5303
f 5303 5308 5321
f 5356 5357 5355
f 5355 5357 4799
f 5358 5359 5334
f 5334 5359 5335
f 5358 5360 4093
f 4093 5360 4163
f 5360 5305 4163
f 4163 5305 4876
f 5305 5304 4876
f 4876 5304 4877
f 5270 4778 4079
f 4079 4778 4081
f 4779 5361 4774
f 4774 5361 5357
f 5356 5359 4775
f 4775 5359 4092
f 5333 5304 4982
f 4982 5304 4983
f 5332 4877 5333
f 5333 4877 5304
f 5015 4258 5230
f 5230 4258 5328
f 5327 4172 5328
f 5328 4172 5230
f 4169 5329 4757
f 4757 5329 5331
f 4757 5331 4205
f 4205 5331 4206
f 5331 4276 4206
f 4206 4276 4906
f 4276 4275 4906
f 4906 4275 4907
f 4275 4888 4907
f 4907 4888 4744
f 4887 4717 4745
f 4745 4717 4864
f 4716 5139 4861
f 4861 5139 5190
f 5139 5138 5190
f 5190 5138 5187
f 5138 5216 5187
f 5187 5216 5176
f 5215 5362 5173
f 5173 5362 5130
f 5364 5365 5363
f 5363 5365 5340
f 4742 4863 5366
f 5366 4863 4867
f 4862 5189 4868
f 4868 5189 5184
f 5189 5188 5184
f 5184 5188 5185
f 5188 5175 5185
f 5185 5175 5168
f 3560 3788 3561
f 3561 3788 3790
f 3596 3595 3608
f 3608 3595 3594
f 3598 3582 3595
f 3595 3582 3592
f 3600 3609 3601
f 3601 3609 3611
f 3602 3601 3612
f 3612 3601 3611
f 3606 3605 3613
f 3613 3605 3614
f 3793 5367 3794
f 3794 5367 5368
f 3598 3597 3600
f 3600 3597 3609
f 3793 3792 3575
f 3575 3792 3572
f 3561 3594 3558
f 3558 3594 3593
f 3807 3915 3804
f 3804 3915 3914
f 3916 3915 5370
f 5370 3915 5369
f 3602 3605 3603
f 3603 3605 3604
f 3606 3792 3607
f 3607 3792 3791
f 3914 3913 3560
f 3560 3913 3788
f 5174 5129 5166
f 5166 5129 5371
f 5170 5169 5093
f 5093 5169 5113
f 5166 5371 5090
f 5090 5371 5091
f 5128 5169 5372
f 5372 5169 5172
f 5127 5113 5128
f 5128 5113 5169
f 5114 5206 5203
f 5203 5206 5362
f 5200 5373 5073
f 5073 5373 5096
f 5374 5375 5200
f 5200 5375 5373
f 5039 5047 5374
f 5374 5047 5375
f 5087 5046 5085
f 5085 5046 5376
f 5212 5377 5067
f 5067 5377 5376
f 5042 5045 5212
f 5212 5045 5377
f 5064 5378 5043
f 5043 5378 5044
f 5063 5077 5064
f 5064 5077 5378
f 5079 5082 5198
f 5198 5082 5078
f 5099 5081 5100
f 5100 5081 5379
f 5100 5379 5094
f 5094 5379 5095
f 5381 5382 5380
f 5380 5382 5383
f 5385 5386 5384
f 5384 5386 5383
f 5385 5387 5386
f 5386 5387 5388
f 5390 5391 5389
f 5389 5391 5392
f 5393 5394 5396
f 5396 5394 5395
f 5398 5399 5397
f 5397 5399 5400
f 5402 5403 5401
f 5401 5403 5404
f 5406 5407 5405
f 5405 5407 5404
f 5408 5409 5163
f 5163 5409 5410
f 5411 5412 5414
f 5414 5412 5413
f 5057 5416 5415
f 5415 5416 5417
f 5393 5416 5418
f 5418 5416 5419
f 5396 5395 5420
f 5420 5395 5421
f 5423 5424 5422
f 5422 5424 5425
f 5415 5417 5220
f 5220 5417 5426
f 5418 5391 5393
f 5393 5391 5394
f 5414 5388 5411
f 5411 5388 5392
f 5059 5427 5060
f 5060 5427 5428
f 5423 5427 5429
f 5429 5427 5430
f 5432 5382 5431
f 5431 5382 5425
f 5429 5407 5423
f 5423 5407 5424
f 5380 5409 5381
f 5381 5409 5433
f 5381 5433 5422
f 5422 5433 5428
f 5027 5412 5056
f 5056 5412 5419
f 5435 5436 5434
f 5434 5436 5437
f 5159 5439 5438
f 5438 5439 5440
f 5053 5436 5159
f 5159 5436 5439
f 5441 5403 5398
f 5398 5403 5399
f 5163 5410 5026
f 5026 5410 5413
f 5438 5440 5442
f 5442 5440 5430
f 5444 5445 5443
f 5443 5445 5446
f 5447 5448 5450
f 5450 5448 5449
f 5451 5446 5452
f 5452 5446 5445
f 5454 5455 5453
f 5453 5455 5451
f 5456 5454 5458
f 5458 5454 5457
f 5460 5461 5459
f 5459 5461 5462
f 5464 5465 5463
f 5463 5465 5466
f 5468 5469 5467
f 5467 5469 5470
f 5472 5473 5471
f 5471 5473 5474
f 5475 5476 5478
f 5478 5476 5477
f 5479 5480 5482
f 5482 5480 5481
f 5483 5484 5448
f 5448 5484 5485
f 5448 5485 5449
f 5449 5485 5486
f 5487 5476 5488
f 5488 5476 5475
f 5490 5491 5489
f 5489 5491 5492
f 5494 5495 5493
f 5493 5495 5496
f 5498 5494 5497
f 5497 5494 5493
f 5500 5501 5499
f 5499 5501 5502
f 5503 5504 5446
f 5446 5504 5443
f 5506 5507 5505
f 5505 5507 5508
f 5510 5511 5509
f 5509 5511 5512
f 5514 5515 5513
f 5513 5515 5516
f 5518 5519 5517
f 5517 5519 5520
f 5495 5521 5496
f 5496 5521 5522
f 5524 5525 5523
f 5523 5525 5526
f 5527 5528 5494
f 5494 5528 5495
f 5499 5502 5529
f 5529 5502 5530
f 5531 5532 5485
f 5485 5532 5486
f 5485 5484 5531
f 5531 5484 5533
f 5482 5481 5534
f 5534 5481 5535
f 5536 5512 5506
f 5506 5512 5511
f 5455 5503 5451
f 5451 5503 5446
f 5467 5470 5511
f 5511 5470 5537
f 5538 5467 5510
f 5510 5467 5511
f 5540 5541 5539
f 5539 5541 5542
f 5543 5544 5546
f 5546 5544 5545
f 5548 5472 5547
f 5547 5472 5471
f 5493 5496 5549
f 5549 5496 5550
f 5496 5522 5550
f 5550 5522 5551
f 5553 5554 5552
f 5552 5554 5555
f 5557 5447 5556
f 5556 5447 5558
f 5557 5483 5447
f 5447 5483 5448
f 5478 5477 5553
f 5553 5477 5559
f 5477 5560 5559
f 5559 5560 5561
f 5476 5562 5477
f 5477 5562 5560
f 5476 5487 5562
f 5562 5487 5563
f 5560 5564 5561
f 5561 5564 5565
f 5564 5560 5566
f 5566 5560 5562
f 5563 5567 5562
f 5562 5567 5566
f 5569 5521 5568
f 5568 5521 5570
f 5481 5572 5571
f 5571 5572 5573
f 5574 5535 5571
f 5571 5535 5481
f 5576 5577 5575
f 5575 5577 5578
f 5579 5580 5456
f 5456 5580 5581
f 5475 5582 5488
f 5488 5582 5583
f 5584 5536 5505
f 5505 5536 5506
f 5585 5586 5588
f 5588 5586 5587
f 5590 5591 5589
f 5589 5591 5592
f 5519 5593 5520
f 5520 5593 5594
f 5595 5596 5462
f 5462 5596 5597
f 5599 5600 5598
f 5598 5600 5514
f 5602 5603 5601
f 5601 5603 5604
f 5524 5543 5525
f 5525 5543 5546
f 5543 5524 5606
f 5606 5524 5605
f 5607 5608 5500
f 5500 5608 5501
f 5610 5551 5609
f 5609 5551 5522
f 5611 5510 5598
f 5598 5510 5509
f 5612 5597 5457
f 5457 5597 5458
f 5510 5611 5538
f 5538 5611 5613
f 5580 5508 5581
f 5581 5508 5507
f 5615 5616 5614
f 5614 5616 5617
f 5619 5620 5618
f 5618 5620 5621
f 5623 5624 5622
f 5622 5624 5625
f 5627 5624 5626
f 5626 5624 5623
f 5629 5630 5628
f 5628 5630 5631
f 5633 5634 5632
f 5632 5634 5466
f 5635 5636 5463
f 5463 5636 5637
f 5523 5638 5524
f 5524 5638 5605
f 5639 5640 5641
f 5641 5640 5595
f 5611 5513 5613
f 5613 5513 5642
f 5643 5586 5608
f 5608 5586 5501
f 5622 5625 5590
f 5590 5625 5591
f 5598 5514 5611
f 5611 5514 5513
f 5645 5646 5644
f 5644 5646 5647
f 5620 5619 5491
f 5491 5619 5648
f 5649 5643 5492
f 5492 5643 5608
f 5650 5651 5653
f 5653 5651 5652
f 5463 5466 5635
f 5635 5466 5634
f 5597 5612 5462
f 5462 5612 5459
f 5635 5634 5523
f 5523 5634 5638
f 5654 5638 5633
f 5633 5638 5634
f 5655 5656 5525
f 5525 5656 5526
f 5658 5659 5657
f 5657 5659 5527
f 5660 5464 5637
f 5637 5464 5463
f 5632 5466 5661
f 5661 5466 5465
f 5661 5662 5632
f 5632 5662 5658
f 5662 5663 5658
f 5658 5663 5659
f 5665 5659 5664
f 5664 5659 5663
f 5632 5658 5633
f 5633 5658 5657
f 5666 5629 5530
f 5530 5629 5667
f 5528 5527 5665
f 5665 5527 5659
f 5668 5669 5570
f 5570 5669 5568
f 5669 5668 5670
f 5670 5668 5671
f 5646 5672 5673
f 5672 5674 5673
f 5673 5674 5675
f 5674 5460 5675
f 5675 5460 5459
f 5461 5676 5462
f 5462 5676 5595
f 5677 5678 5680
f 5680 5678 5679
f 5628 5681 5629
f 5629 5681 5667
f 5682 5529 5667
f 5667 5529 5530
f 5675 5459 5683
f 5683 5459 5612
f 5585 5666 5502
f 5502 5666 5530
f 5589 5684 5602
f 5602 5684 5603
f 5646 5645 5663
f 5663 5645 5664
f 5685 5647 5673
f 5673 5647 5646
f 5686 5687 5683
f 5683 5687 5685
f 5688 5689 5533
f 5533 5689 5531
f 5690 5691 5535
f 5535 5691 5534
f 5692 5690 5574
f 5574 5690 5535
f 5685 5687 5689
f 5689 5687 5693
f 5489 5694 5490
f 5490 5694 5695
f 5690 5692 5696
f 5696 5692 5697
f 5696 5644 5690
f 5690 5644 5691
f 5447 5450 5558
f 5558 5450 5698
f 5699 5700 5642
f 5642 5700 5613
f 5701 5702 5540
f 5540 5702 5541
f 5431 5703 5432
f 5432 5703 5697
f 5385 5384 5574
f 5574 5384 5692
f 5389 5387 5573
f 5573 5387 5571
f 5565 5390 5573
f 5573 5390 5389
f 5390 5565 5704
f 5704 5565 5564
f 5566 5705 5564
f 5564 5705 5704
f 5569 5441 5609
f 5609 5441 5398
f 5568 5405 5569
f 5569 5405 5441
f 5670 5706 5669
f 5669 5706 5406
f 5703 5431 5670
f 5670 5431 5706
f 5432 5697 5384
f 5384 5697 5692
f 5574 5571 5385
f 5385 5571 5387
f 5607 5707 5489
f 5489 5707 5694
f 5518 5708 5519
f 5519 5708 5709
f 5711 5576 5710
f 5710 5576 5575
f 5713 5714 5712
f 5712 5714 5715
f 5553 5552 5478
f 5478 5552 5716
f 5717 5475 5716
f 5716 5475 5478
f 5718 5719 5605
f 5605 5719 5606
f 5505 5622 5584
f 5584 5622 5590
f 5508 5623 5505
f 5505 5623 5622
f 5626 5623 5580
f 5580 5623 5508
f 5580 5579 5626
f 5626 5579 5720
f 5579 5721 5720
f 5720 5721 5722
f 5666 5585 5723
f 5723 5585 5588
f 5724 5725 5639
f 5639 5725 5640
f 5554 5726 5555
f 5555 5726 5727
f 5453 5728 5729
f 5689 5688 5685
f 5685 5688 5647
f 5604 5730 5512
f 5512 5730 5509
f 5628 5631 5618
f 5618 5631 5592
f 5601 5604 5536
f 5536 5604 5512
f 5732 5676 5731
f 5731 5676 5660
f 5730 5604 5733
f 5733 5604 5603
f 5563 5487 5551
f 5551 5487 5550
f 5489 5492 5607
f 5607 5492 5608
f 5573 5572 5565
f 5565 5572 5561
f 5609 5522 5569
f 5569 5522 5521
f 5499 5734 5500
f 5500 5734 5735
f 5596 5736 5721
f 5721 5736 5722
f 5737 5600 5594
f 5594 5600 5520
f 5599 5730 5517
f 5517 5730 5733
f 5660 5738 5731
f 5731 5738 5739
f 5648 5649 5491
f 5491 5649 5492
f 5501 5586 5502
f 5502 5586 5585
f 5525 5546 5655
f 5655 5546 5740
f 5600 5599 5520
f 5520 5599 5517
f 5708 5739 5709
f 5709 5739 5738
f 5636 5635 5526
f 5526 5635 5523
f 5670 5671 5703
f 5703 5671 5741
f 5490 5695 5742
f 5742 5695 5743
f 5682 5678 5744
f 5744 5678 5677
f 5678 5681 5679
f 5679 5681 5621
f 5742 5743 5679
f 5679 5743 5680
f 5618 5621 5628
f 5628 5621 5681
f 5725 5724 5589
f 5589 5724 5684
f 5456 5458 5579
f 5579 5458 5721
f 5675 5683 5673
f 5673 5683 5685
f 5529 5682 5745
f 5745 5682 5744
f 5721 5458 5596
f 5596 5458 5597
f 5701 5540 5719
f 5719 5540 5606
f 5703 5741 5697
f 5697 5741 5696
f 5500 5735 5607
f 5607 5735 5707
f 5549 5746 5493
f 5493 5746 5497
f 5700 5747 5613
f 5613 5747 5538
f 5420 5421 5434
f 5434 5421 5400
f 5689 5693 5531
f 5531 5693 5532
f 5705 5566 5748
f 5748 5566 5567
f 5609 5398 5610
f 5610 5398 5397
f 5669 5406 5568
f 5568 5406 5405
f 5488 5583 5549
f 5549 5583 5746
f 5714 5713 5710
f 5710 5713 5711
f 5747 5468 5538
f 5538 5468 5467
f 5548 5547 5749
f 5749 5547 5750
f 5733 5603 5751
f 5751 5603 5684
f 5589 5602 5590
f 5590 5602 5584
f 5636 5752 5614
f 5614 5752 5615
f 5753 5754 5738
f 5738 5754 5755
f 5602 5601 5584
f 5584 5601 5536
f 5723 5736 5630
f 5630 5736 5640
f 5595 5640 5596
f 5596 5640 5736
f 5734 5499 5745
f 5745 5499 5529
f 5627 5587 5643
f 5643 5587 5586
f 5553 5559 5554
f 5554 5559 5480
f 5559 5561 5480
f 5480 5561 5572
f 5554 5480 5726
f 5726 5480 5479
f 5749 5750 5715
f 5715 5750 5712
f 5683 5612 5686
f 5686 5612 5457
f 5678 5682 5681
f 5681 5682 5667
f 5598 5509 5599
f 5599 5509 5730
f 5679 5621 5742
f 5742 5621 5620
f 5652 5616 5653
f 5653 5616 5615
f 5220 5426 5052
f 5052 5426 5437
f 5487 5488 5550
f 5550 5488 5549
f 5742 5620 5490
f 5490 5620 5491
f 5551 5610 5563
f 5563 5610 5567
f 5610 5397 5567
f 5567 5397 5748
f 5614 5617 5753
f 5753 5617 5754
f 5480 5572 5481
f 5755 5756 5738
f 5738 5756 5709
f 5745 5744 5758
f 5758 5744 5757
f 5745 5758 5734
f 5734 5758 5759
f 5735 5734 5760
f 5760 5734 5759
f 5707 5735 5761
f 5761 5735 5760
f 5744 5677 5757
f 5757 5677 5762
f 5677 5680 5762
f 5762 5680 5763
f 5763 5680 5764
f 5764 5680 5743
f 5765 5766 5762
f 5762 5766 5757
f 5768 5769 5767
f 5767 5769 5770
f 5771 5772 5770
f 5770 5772 5767
f 5770 5769 5774
f 5774 5769 5773
f 5775 5776 5774
f 5774 5776 5777
f 5773 5778 5774
f 5774 5778 5775
f 5779 5766 5773
f 5773 5766 5778
f 5777 5771 5774
f 5774 5771 5770
f 5780 5781 5783
f 5783 5781 5782
f 5781 5780 5771
f 5771 5780 5772
f 5773 5769 5779
f 5779 5769 5768
f 5768 5759 5779
f 5779 5759 5758
f 5768 5784 5759
f 5759 5784 5760
f 5767 5785 5768
f 5768 5785 5784
f 5785 5767 5786
f 5786 5767 5772
f 5766 5779 5757
f 5757 5779 5758
f 5780 5787 5772
f 5772 5787 5786
f 5785 5786 5788
f 5788 5786 5789
f 5786 5787 5789
f 5789 5787 5790
f 5788 5789 5791
f 5791 5789 5792
f 5791 5793 5788
f 5788 5793 5794
f 5795 5792 5790
f 5790 5792 5789
f 5785 5788 5784
f 5784 5788 5794
f 5784 5794 5760
f 5760 5794 5761
f 5787 5780 5796
f 5796 5780 5783
f 5775 5778 5797
f 5797 5778 5766
f 5797 5798 5775
f 5775 5798 5776
f 5766 5765 5797
f 5797 5765 5799
f 5798 5797 5800
f 5800 5797 5799
f 5798 5801 5776
f 5776 5801 5802
f 5707 5761 5694
f 5694 5761 5803
f 5695 5804 5743
f 5743 5804 5764
f 5804 5695 5803
f 5803 5695 5694
f 5803 5793 5804
f 5804 5793 5805
f 5793 5791 5805
f 5805 5791 5806
f 5804 5805 5764
f 5764 5805 5807
f 5803 5761 5793
f 5793 5761 5794
f 5808 5763 5807
f 5807 5763 5764
f 5808 5765 5763
f 5763 5765 5762
f 5809 5799 5808
f 5808 5799 5765
f 5809 5808 5810
f 5810 5808 5807
f 5811 5809 5812
f 5812 5809 5810
f 5805 5806 5807
f 5807 5806 5810
f 5806 5813 5810
f 5810 5813 5812
f 5799 5809 5800
f 5800 5809 5811
f 5815 5800 5814
f 5814 5800 5811
f 5814 5817 5816
f 5816 5817 5818
f 5814 5811 5817
f 5817 5811 5812
f 5814 5816 5815
f 5815 5816 5796
f 5815 5796 5801
f 5801 5796 5783
f 5801 5798 5815
f 5815 5798 5800
f 5791 5792 5806
f 5806 5792 5813
f 5818 5813 5795
f 5795 5813 5792
f 5818 5817 5813
f 5813 5817 5812
f 5816 5818 5790
f 5790 5818 5795
f 5790 5787 5816
f 5816 5787 5796
f 5771 5777 5781
f 5781 5777 5782
f 5782 5802 5783
f 5783 5802 5801
f 5782 5777 5802
f 5802 5777 5776
f 5588 5587 5722
f 5722 5587 5720
f 5591 5619 5592
f 5592 5619 5618
f 5625 5624 5648
f 5648 5624 5649
f 5624 5627 5649
f 5649 5627 5643
f 5631 5630 5725
f 5725 5630 5640
f 5625 5648 5591
f 5591 5648 5619
f 5588 5722 5723
f 5723 5722 5736
f 5631 5725 5592
f 5592 5725 5589
f 5723 5630 5666
f 5666 5630 5629
f 5587 5627 5720
f 5720 5627 5626
f 5820 5821 5819
f 5819 5821 5822
f 5824 5825 5823
f 5823 5825 5826
f 5823 5826 5827
f 5827 5826 5828
f 5829 5830 5832
f 5832 5830 5831
f 5518 5833 5708
f 5708 5833 5834
f 5835 5836 5824
f 5824 5836 5825
f 5838 5839 5837
f 5837 5839 5840
f 5751 5684 5842
f 5842 5684 5841
f 5843 5841 5724
f 5724 5841 5684
f 5845 5846 5844
f 5844 5846 5847
f 5848 5830 5836
f 5836 5830 5825
f 5518 5751 5833
f 5833 5751 5842
f 5839 5838 5821
f 5821 5838 5849
f 5850 5848 5822
f 5822 5848 5836
f 5851 5845 5828
f 5828 5845 5852
f 5854 5855 5853
f 5853 5855 5856
f 5845 5844 5852
f 5852 5844 5857
f 5858 5827 5852
f 5852 5827 5828
f 5851 5828 5829
f 5829 5828 5826
f 5819 5859 5820
f 5820 5859 5860
f 5835 5861 5819
f 5819 5861 5859
f 5851 5829 5862
f 5862 5829 5832
f 5844 5847 5837
f 5837 5847 5834
f 5819 5822 5835
f 5835 5822 5836
f 5823 5863 5824
f 5824 5863 5864
f 5849 5850 5821
f 5821 5850 5822
f 5825 5830 5826
f 5826 5830 5829
f 5820 5860 5865
f 5865 5860 5866
f 5858 5854 5867
f 5867 5854 5853
f 5854 5857 5855
f 5855 5857 5840
f 5855 5865 5856
f 5856 5865 5866
f 5837 5840 5844
f 5844 5840 5857
f 5827 5858 5868
f 5868 5858 5867
f 5824 5864 5835
f 5835 5864 5861
f 5732 5731 5862
f 5862 5731 5846
f 5863 5823 5868
f 5868 5823 5827
f 5843 5831 5848
f 5848 5831 5830
f 5854 5858 5857
f 5857 5858 5852
f 5855 5840 5865
f 5865 5840 5839
f 5865 5839 5820
f 5820 5839 5821
f 5868 5867 5870
f 5870 5867 5869
f 5868 5870 5863
f 5863 5870 5871
f 5863 5871 5864
f 5864 5871 5872
f 5864 5872 5861
f 5861 5872 5873
f 5867 5853 5869
f 5869 5853 5874
f 5853 5856 5874
f 5874 5856 5875
f 5856 5866 5875
f 5875 5866 5876
f 5877 5878 5874
f 5874 5878 5869
f 5880 5881 5879
f 5879 5881 5882
f 5883 5884 5880
f 5880 5884 5881
f 5881 5884 5886
f 5886 5884 5885
f 5887 5888 5886
f 5886 5888 5889
f 5885 5890 5886
f 5886 5890 5887
f 5889 5882 5886
f 5886 5882 5881
f 5882 5891 5879
f 5879 5891 5892
f 5885 5884 5893
f 5893 5884 5883
f 5883 5871 5893
f 5893 5871 5870
f 5883 5894 5871
f 5871 5894 5872
f 5880 5895 5883
f 5883 5895 5894
f 5896 5895 5879
f 5879 5895 5880
f 5893 5878 5885
f 5885 5878 5890
f 5878 5893 5869
f 5869 5893 5870
f 5897 5896 5892
f 5892 5896 5879
f 5895 5896 5898
f 5898 5896 5899
f 5896 5897 5899
f 5899 5897 5900
f 5898 5899 5901
f 5901 5899 5902
f 5901 5903 5898
f 5898 5903 5904
f 5900 5905 5899
f 5899 5905 5902
f 5898 5904 5895
f 5895 5904 5894
f 5894 5904 5872
f 5872 5904 5873
f 5897 5892 5907
f 5907 5892 5906
f 5892 5891 5906
f 5906 5891 5908
f 5887 5890 5909
f 5909 5890 5878
f 5888 5887 5910
f 5910 5887 5909
f 5878 5877 5909
f 5909 5877 5911
f 5909 5911 5910
f 5910 5911 5912
f 5913 5914 5910
f 5910 5914 5888
f 5908 5914 5906
f 5906 5914 5913
f 5861 5873 5859
f 5859 5873 5915
f 5860 5916 5866
f 5866 5916 5876
f 5916 5860 5915
f 5915 5860 5859
f 5915 5903 5916
f 5916 5903 5917
f 5903 5901 5917
f 5917 5901 5918
f 5916 5917 5876
f 5876 5917 5919
f 5903 5915 5904
f 5904 5915 5873
f 5920 5875 5919
f 5919 5875 5876
f 5920 5877 5875
f 5875 5877 5874
f 5920 5921 5877
f 5877 5921 5911
f 5921 5920 5922
f 5922 5920 5919
f 5923 5921 5924
f 5924 5921 5922
f 5917 5918 5919
f 5919 5918 5922
f 5918 5925 5922
f 5922 5925 5924
f 5921 5923 5911
f 5911 5923 5912
f 5927 5912 5926
f 5926 5912 5923
f 5926 5929 5928
f 5928 5929 5930
f 5926 5923 5929
f 5929 5923 5924
f 5926 5928 5927
f 5927 5928 5907
f 5927 5907 5913
f 5913 5907 5906
f 5913 5910 5927
f 5927 5910 5912
f 5901 5902 5918
f 5918 5902 5925
f 5930 5925 5905
f 5905 5925 5902
f 5930 5929 5925
f 5925 5929 5924
f 5928 5930 5900
f 5900 5930 5905
f 5900 5897 5928
f 5928 5897 5907
f 5882 5889 5891
f 5891 5889 5908
f 5908 5889 5914
f 5914 5889 5888
f 5832 5831 5641
f 5641 5831 5639
f 5833 5838 5834
f 5834 5838 5837
f 5842 5841 5849
f 5849 5841 5850
f 5841 5843 5850
f 5850 5843 5848
f 5847 5846 5739
f 5739 5846 5731
f 5842 5849 5833
f 5833 5849 5838
f 5862 5832 5732
f 5732 5832 5641
f 5847 5739 5834
f 5834 5739 5708
f 5862 5846 5851
f 5851 5846 5845
f 5831 5843 5639
f 5639 5843 5724
f 5676 5732 5595
f 5595 5732 5641
f 5676 5461 5660
f 5660 5461 5464
f 5461 5460 5464
f 5464 5460 5465
f 5460 5674 5465
f 5465 5674 5661
f 5931 5932 5934
f 5934 5932 5933
f 5936 5937 5935
f 5935 5937 5938
f 5935 5938 5939
f 5939 5938 5940
f 5942 5943 5941
f 5941 5943 5944
f 5945 5946 5936
f 5936 5946 5937
f 5948 5949 5947
f 5947 5949 5950
f 5951 5952 5519
f 5519 5952 5593
f 5953 5951 5709
f 5709 5951 5519
f 5955 5956 5954
f 5954 5956 5957
f 5958 5942 5946
f 5946 5942 5937
f 5948 5959 5949
f 5949 5959 5933
f 5960 5958 5934
f 5934 5958 5946
f 5961 5955 5940
f 5940 5955 5962
f 5963 5964 5966
f 5966 5964 5965
f 5955 5954 5962
f 5962 5954 5967
f 5968 5939 5962
f 5962 5939 5940
f 5961 5940 5941
f 5941 5940 5938
f 5931 5969 5932
f 5932 5969 5970
f 5945 5971 5931
f 5931 5971 5969
f 5941 5944 5961
f 5961 5944 5972
f 5954 5957 5947
f 5947 5957 5973
f 5945 5931 5946
f 5946 5931 5934
f 5935 5974 5936
f 5936 5974 5975
f 5959 5960 5933
f 5933 5960 5934
f 5937 5942 5938
f 5938 5942 5941
f 5932 5970 5976
f 5976 5970 5977
f 5968 5964 5978
f 5978 5964 5963
f 5965 5964 5950
f 5950 5964 5967
f 5976 5977 5965
f 5965 5977 5966
f 5947 5950 5954
f 5954 5950 5967
f 5939 5968 5979
f 5979 5968 5978
f 5936 5975 5945
f 5945 5975 5971
f 5972 5754 5956
f 5956 5754 5617
f 5974 5935 5979
f 5979 5935 5939
f 5953 5943 5958
f 5958 5943 5942
f 5964 5968 5967
f 5967 5968 5962
f 5965 5950 5976
f 5976 5950 5949
f 5976 5949 5932
f 5932 5949 5933
f 5979 5978 5981
f 5981 5978 5980
f 5979 5981 5974
f 5974 5981 5982
f 5974 5982 5975
f 5975 5982 5983
f 5975 5983 5971
f 5971 5983 5984
f 5978 5963 5980
f 5980 5963 5985
f 5963 5966 5985
f 5985 5966 5986
f 5986 5966 5987
f 5987 5966 5977
f 5988 5989 5985
f 5985 5989 5980
f 5991 5992 5990
f 5990 5992 5993
f 5994 5995 5991
f 5991 5995 5992
f 5992 5995 5997
f 5997 5995 5996
f 5998 5999 5997
f 5997 5999 6000
f 5996 6001 5997
f 5997 6001 5998
f 6000 5993 5997
f 5997 5993 5992
f 6002 6003 5993
f 5993 6003 5990
f 5995 5994 5996
f 5996 5994 6004
f 5994 5982 6004
f 6004 5982 5981
f 5994 6005 5982
f 5982 6005 5983
f 5991 6006 5994
f 5994 6006 6005
f 6006 5991 6007
f 6007 5991 5990
f 5996 6004 6001
f 6001 6004 5989
f 5989 6004 5980
f 5980 6004 5981
f 6003 6008 5990
f 5990 6008 6007
f 6009 6006 6010
f 6010 6006 6007
f 6008 6011 6007
f 6007 6011 6010
f 6012 6009 6013
f 6013 6009 6010
f 6009 6012 6015
f 6015 6012 6014
f 6011 6016 6010
f 6010 6016 6013
f 6006 6009 6005
f 6005 6009 6015
f 6005 6015 5983
f 5983 6015 5984
f 6008 6003 6018
f 6018 6003 6017
f 6003 6002 6017
f 6017 6002 6019
f 5998 6001 6020
f 6020 6001 5989
f 5999 5998 6021
f 6021 5998 6020
f 5989 5988 6020
f 6020 5988 6022
f 6021 6020 6023
f 6023 6020 6022
f 6021 6024 5999
f 5999 6024 6025
f 6019 6025 6017
f 6017 6025 6024
f 5971 5984 5969
f 5969 5984 6026
f 5970 6027 5977
f 5977 6027 5987
f 6027 5970 6026
f 6026 5970 5969
f 6026 6014 6027
f 6027 6014 6028
f 6014 6012 6028
f 6028 6012 6029
f 6027 6028 5987
f 5987 6028 6030
f 6026 5984 6014
f 6014 5984 6015
f 6031 5986 6030
f 6030 5986 5987
f 6031 5988 5986
f 5986 5988 5985
f 6032 6022 6031
f 6031 6022 5988
f 6032 6031 6033
f 6033 6031 6030
f 6034 6032 6035
f 6035 6032 6033
f 6028 6029 6030
f 6030 6029 6033
f 6029 6036 6033
f 6033 6036 6035
f 6032 6034 6022
f 6022 6034 6023
f 6038 6023 6037
f 6037 6023 6034
f 6037 6040 6039
f 6039 6040 6041
f 6037 6034 6040
f 6040 6034 6035
f 6037 6039 6038
f 6038 6039 6018
f 6038 6018 6024
f 6024 6018 6017
f 6024 6021 6038
f 6038 6021 6023
f 6012 6013 6029
f 6029 6013 6036
f 6041 6036 6016
f 6016 6036 6013
f 6041 6040 6036
f 6036 6040 6035
f 6041 6016 6039
f 6039 6016 6011
f 6011 6008 6039
f 6039 6008 6018
f 5993 6000 6002
f 6002 6000 6019
f 6019 6000 6025
f 6025 6000 5999
f 5943 5756 5944
f 5944 5756 5755
f 6042 5948 5973
f 5973 5948 5947
f 5952 5951 5959
f 5959 5951 5960
f 5951 5953 5960
f 5960 5953 5958
f 5616 5957 5617
f 5617 5957 5956
f 6042 5952 5948
f 5948 5952 5959
f 5944 5755 5972
f 5972 5755 5754
f 5957 5616 5973
f 5973 5616 5652
f 5956 5955 5972
f 5972 5955 5961
f 5943 5953 5756
f 5756 5953 5709
f 6044 6045 6043
f 6043 6045 6046
f 6048 6049 6047
f 6047 6049 6050
f 6047 6050 6051
f 6051 6050 6052
f 6054 6055 6053
f 6053 6055 6056
f 6057 6058 6060
f 6060 6058 6059
f 6061 6062 6048
f 6048 6062 6049
f 6063 6064 6066
f 6066 6064 6065
f 6067 6068 6070
f 6070 6068 6069
f 6071 6069 5653
f 5653 6069 6068
f 6072 6073 6075
f 6075 6073 6074
f 6062 6076 6049
f 6049 6076 6054
f 6058 6067 6059
f 6059 6067 6070
f 6064 6077 6065
f 6065 6077 6045
f 6078 6076 6046
f 6046 6076 6062
f 6073 6080 6079
f 6079 6080 6052
f 6082 6083 6081
f 6081 6083 6084
f 6072 6085 6073
f 6073 6085 6080
f 6086 6051 6080
f 6080 6051 6052
f 6079 6052 6053
f 6053 6052 6050
f 6043 6087 6044
f 6044 6087 6088
f 6061 6089 6043
f 6043 6089 6087
f 6053 6056 6079
f 6079 6056 6090
f 6063 6072 6060
f 6060 6072 6075
f 6043 6046 6061
f 6061 6046 6062
f 6047 6091 6048
f 6048 6091 6092
f 6077 6078 6045
f 6045 6078 6046
f 6049 6054 6050
f 6050 6054 6053
f 6044 6088 6093
f 6093 6088 6094
f 6086 6082 6095
f 6095 6082 6081
f 6083 6082 6066
f 6066 6082 6085
f 6093 6094 6083
f 6083 6094 6084
f 6072 6063 6085
f 6085 6063 6066
f 6051 6086 6096
f 6096 6086 6095
f 6048 6092 6061
f 6061 6092 6089
f 5656 5655 6090
f 6090 5655 6074
f 6091 6047 6096
f 6096 6047 6051
f 6071 6055 6076
f 6076 6055 6054
f 6082 6086 6085
f 6085 6086 6080
f 6093 6083 6065
f 6065 6083 6066
f 6044 6093 6045
f 6045 6093 6065
f 6096 6095 6098
f 6098 6095 6097
f 6096 6098 6091
f 6091 6098 6099
f 6091 6099 6092
f 6092 6099 6100
f 6092 6100 6089
f 6089 6100 6101
f 6095 6081 6097
f 6097 6081 6102
f 6081 6084 6102
f 6102 6084 6103
f 6103 6084 6104
f 6104 6084 6094
f 6106 6097 6105
f 6105 6097 6102
f 6107 6108 6110
f 6110 6108 6109
f 6111 6112 6108
f 6108 6112 6109
f 6109 6112 6114
f 6114 6112 6113
f 6114 6115 6117
f 6117 6115 6116
f 6113 6118 6114
f 6114 6118 6115
f 6117 6110 6114
f 6114 6110 6109
f 6110 6119 6107
f 6107 6119 6120
f 6112 6111 6113
f 6113 6111 6121
f 6111 6099 6121
f 6121 6099 6098
f 6111 6122 6099
f 6099 6122 6100
f 6123 6122 6108
f 6108 6122 6111
f 6124 6123 6107
f 6107 6123 6108
f 6113 6121 6118
f 6118 6121 6106
f 6106 6121 6097
f 6097 6121 6098
f 6125 6124 6120
f 6120 6124 6107
f 6126 6123 6127
f 6127 6123 6124
f 6125 6128 6124
f 6124 6128 6127
f 6129 6126 6130
f 6130 6126 6127
f 6126 6129 6132
f 6132 6129 6131
f 6128 6133 6127
f 6127 6133 6130
f 6123 6126 6122
f 6122 6126 6132
f 6122 6132 6100
f 6100 6132 6101
f 6120 6134 6125
f 6125 6134 6135
f 6120 6119 6134
f 6134 6119 6136
f 6115 6118 6137
f 6137 6118 6106
f 6115 6137 6116
f 6116 6137 6138
f 6137 6106 6139
f 6139 6106 6105
f 6138 6137 6140
f 6140 6137 6139
f 6141 6142 6138
f 6138 6142 6116
f 6136 6142 6134
f 6134 6142 6141
f 6089 6101 6087
f 6087 6101 6143
f 6088 6144 6094
f 6094 6144 6104
f 6143 6144 6087
f 6087 6144 6088
f 6131 6145 6143
f 6143 6145 6144
f 6129 6146 6131
f 6131 6146 6145
f 6144 6145 6104
f 6104 6145 6147
f 6143 6101 6131
f 6131 6101 6132
f 6148 6103 6147
f 6147 6103 6104
f 6103 6148 6102
f 6102 6148 6105
f 6148 6149 6105
f 6105 6149 6139
f 6149 6148 6150
f 6150 6148 6147
f 6151 6149 6152
f 6152 6149 6150
f 6145 6146 6147
f 6147 6146 6150
f 6146 6153 6150
f 6150 6153 6152
f 6149 6151 6139
f 6139 6151 6140
f 6155 6140 6154
f 6154 6140 6151
f 6154 6157 6156
f 6156 6157 6158
f 6154 6151 6157
f 6157 6151 6152
f 6154 6156 6155
f 6155 6156 6135
f 6155 6135 6141
f 6141 6135 6134
f 6141 6138 6155
f 6155 6138 6140
f 6146 6129 6153
f 6153 6129 6130
f 6158 6153 6133
f 6133 6153 6130
f 6158 6157 6153
f 6153 6157 6152
f 6156 6158 6128
f 6128 6158 6133
f 6128 6125 6156
f 6156 6125 6135
f 6110 6117 6119
f 6119 6117 6136
f 6136 6117 6142
f 6142 6117 6116
f 6055 5615 6056
f 6056 5615 5752
f 6060 6059 6063
f 6063 6059 6064
f 6077 6070 6078
f 6078 6070 6069
f 6069 6071 6078
f 6078 6071 6076
f 6159 6057 6075
f 6075 6057 6060
f 6059 6070 6064
f 6064 6070 6077
f 6056 5752 6090
f 6090 5752 5656
f 6090 6074 6079
f 6079 6074 6073
f 6055 6071 5615
f 5615 6071 5653
f 5547 5471 6160
f 6160 5471 6161
f 5729 5577 6163
f 6163 5577 6162
f 5577 5576 6162
f 6162 5576 6164
f 5713 6165 5711
f 5711 6165 6166
f 5474 5729 6167
f 6167 5729 6163
f 5750 5547 6168
f 6168 5547 6160
f 5471 5474 6161
f 6161 5474 6167
f 6169 5712 6168
f 6168 5712 5750
f 5711 6166 5576
f 5576 6166 6164
f 6165 5713 6169
f 6169 5713 5712
f 6168 6170 6169
f 6169 6170 6171
f 6169 6171 6165
f 6165 6171 6172
f 6165 6172 6166
f 6166 6172 6173
f 6166 6173 6164
f 6164 6173 6174
f 6168 6160 6170
f 6170 6160 6175
f 6160 6161 6175
f 6175 6161 6176
f 6161 6167 6176
f 6176 6167 6177
f 6179 6170 6178
f 6178 6170 6175
f 6181 6182 6180
f 6180 6182 6183
f 6184 6185 6181
f 6181 6185 6182
f 6186 6187 6185
f 6185 6187 6182
f 6186 6188 6187
f 6187 6188 6189
f 6190 6183 6187
f 6187 6183 6182
f 6183 6190 6191
f 6191 6190 6192
f 6191 6193 6183
f 6183 6193 6180
f 6186 6185 6194
f 6194 6185 6184
f 6184 6172 6194
f 6194 6172 6171
f 6184 6195 6172
f 6172 6195 6173
f 6181 6196 6184
f 6184 6196 6195
f 6196 6181 6197
f 6197 6181 6180
f 6186 6194 6188
f 6188 6194 6179
f 6179 6194 6170
f 6170 6194 6171
f 6193 6198 6180
f 6180 6198 6197
f 6199 6196 6200
f 6200 6196 6197
f 6198 6201 6197
f 6197 6201 6200
f 6202 6199 6203
f 6203 6199 6200
f 6199 6202 6205
f 6205 6202 6204
f 6201 6206 6200
f 6200 6206 6203
f 6196 6199 6195
f 6195 6199 6205
f 6195 6205 6173
f 6173 6205 6174
f 6198 6193 6208
f 6208 6193 6207
f 6193 6191 6207
f 6207 6191 6192
f 6189 6188 6209
f 6209 6188 6179
f 6210 6189 6211
f 6211 6189 6209
f 6209 6179 6212
f 6212 6179 6178
f 6211 6209 6213
f 6213 6209 6212
f 6211 6214 6210
f 6210 6214 6215
f 6192 6215 6207
f 6207 6215 6214
f 6190 6187 6210
f 6210 6187 6189
f 6192 6190 6215
f 6215 6190 6210
f 6162 6164 6216
f 6216 6164 6174
f 6167 6163 6177
f 6177 6163 6217
f 6216 6217 6162
f 6162 6217 6163
f 6204 6218 6216
f 6216 6218 6217
f 6202 6219 6204
f 6204 6219 6218
f 6217 6218 6177
f 6177 6218 6220
f 6216 6174 6204
f 6204 6174 6205
f 6221 6176 6220
f 6220 6176 6177
f 6176 6221 6175
f 6175 6221 6178
f 6221 6222 6178
f 6178 6222 6212
f 6222 6221 6223
f 6223 6221 6220
f 6224 6222 6225
f 6225 6222 6223
f 6218 6219 6220
f 6220 6219 6223
f 6219 6226 6223
f 6223 6226 6225
f 6222 6224 6212
f 6212 6224 6213
f 6228 6213 6227
f 6227 6213 6224
f 6229 6227 6231
f 6231 6227 6230
f 6227 6224 6230
f 6230 6224 6225
f 6227 6229 6228
f 6228 6229 6208
f 6228 6208 6214
f 6214 6208 6207
f 6214 6211 6228
f 6228 6211 6213
f 6219 6202 6226
f 6226 6202 6203
f 6231 6226 6206
f 6206 6226 6203
f 6231 6230 6226
f 6226 6230 6225
f 6229 6231 6201
f 6201 6231 6206
f 6201 6198 6229
f 6229 6198 6208
f 5674 5672 5661
f 5661 5672 5662
f 5662 5672 5663
f 5663 5672 5646
f 5651 6042 5652
f 5652 6042 5973
f 5518 5517 5751
f 5751 5517 5733
f 5738 5660 5753
f 5753 5660 5637
f 5752 5636 5656
f 5656 5636 5526
f 5952 6042 5593
f 5593 6042 5651
f 5593 5651 5594
f 5594 5651 5650
f 5600 5737 5514
f 5514 5737 5515
f 5546 5545 5740
f 5740 5545 6232
f 6232 6058 5740
f 5740 6058 6057
f 6067 6058 6233
f 6233 6058 6232
f 6233 6232 6234
f 6234 6232 5545
f 6234 5545 6235
f 6235 5545 5544
f 5606 6236 5543
f 5543 6236 5544
f 6235 5544 5539
f 5539 5544 6236
f 6237 6235 5542
f 5542 6235 5539
f 6235 6237 6234
f 6234 6237 6238
f 6234 6238 6233
f 6233 6238 6239
f 5653 6068 5650
f 5650 6068 6239
f 5642 5513 6240
f 6240 5513 5516
f 5539 6236 5540
f 5540 6236 5606
f 5636 5614 5637
f 5637 5614 5753
f 6239 5737 5650
f 5650 5737 5594
f 6239 6068 6233
f 6233 6068 6067
f 6075 6074 6159
f 6159 6074 5655
f 6057 6159 5740
f 5740 6159 5655
f 5515 5737 6238
f 6238 5737 6239
f 6238 6237 5515
f 5515 6237 5516
f 5542 6240 6237
f 6237 6240 5516
f 6240 5542 5642
f 5642 5542 5541
f 5702 5699 5541
f 5541 5699 5642
f 5582 5475 5717
f 5470 5443 5537
f 5537 5443 5504
f 5469 5444 5470
f 5470 5444 5443
f 5726 5557 5727
f 5727 5557 5556
f 5537 5504 5511
f 5511 5504 5506
f 5504 5503 5506
f 5506 5503 5507
f 5503 5455 5507
f 5507 5455 5581
f 5455 5454 5581
f 5581 5454 5456
f 5473 5453 5474
f 5474 5453 5729
f 5457 5454 5473
f 5473 5454 5453
f 5473 5472 5457
f 5457 5472 5686
f 5472 5548 5686
f 5686 5548 5687
f 5749 5693 5548
f 5548 5693 5687
f 5715 5532 5749
f 5749 5532 5693
f 5714 5486 5715
f 5715 5486 5532
f 5714 5710 5486
f 5486 5710 5449
f 5728 5578 5729
f 5729 5578 5577
f 5452 5445 5698
f 5698 5445 5558
f 5445 5444 5558
f 5558 5444 5556
f 5444 5469 5556
f 5556 5469 5727
f 5469 5468 5727
f 5727 5468 5555
f 5468 5747 5555
f 5555 5747 5552
f 5747 5700 5552
f 5552 5700 5716
f 5700 5699 5716
f 5716 5699 5717
f 5699 5702 5717
f 5717 5702 5582
f 5702 5701 5582
f 5582 5701 5583
f 5726 5479 5557
f 5557 5479 5483
f 5483 5479 5484
f 5484 5479 5482
f 5534 5533 5482
f 5482 5533 5484
f 5691 5688 5534
f 5534 5688 5533
f 5644 5647 5691
f 5691 5647 5688
f 5719 5746 5701
f 5701 5746 5583
f 5718 5497 5719
f 5719 5497 5746
f 5718 5605 5654
f 5654 5605 5638
f 5498 5654 5657
f 5657 5654 5633
f 5497 5718 5498
f 5498 5718 5654
f 5657 5527 5498
f 5498 5527 5494
f 5528 5570 5495
f 5495 5570 5521
f 5665 5668 5528
f 5528 5668 5570
f 5664 5671 5665
f 5665 5671 5668
f 5645 5741 5664
f 5664 5741 5671
f 5644 5696 5645
f 5645 5696 5741
f 5710 5575 5449
f 5449 5575 5450
f 5575 5578 5450
f 5450 5578 5698
f 5578 5728 5698
f 5698 5728 5452
f 5452 5728 5451
f 5451 5728 5453
f 3619 6241 3620
f 3620 6241 6242
f 6243 6244 3628
f 3628 6244 3629
f 6245 6246 3634
f 3634 6246 3631
f 6247 6248 3636
f 3636 6248 3637
f 6249 6250 3642
f 3642 6250 3639
f 3639 6250 3643
f 3643 6250 6251
f 3743 6252 3744
f 3744 6252 6253
f 6246 6243 3631
f 3631 6243 3628
f 3753 6254 3754
f 3754 6254 6255
f 3857 6256 3619
f 3619 6256 6241
f 6257 6245 3932
f 3932 6245 3634
f 6242 6247 3620
f 3620 6247 3636
f 6258 6259 3946
f 3946 6259 3947
f 6260 6249 3948
f 3948 6249 3642
f 6244 6258 3629
f 3629 6258 3946
f 3947 6259 3753
f 3753 6259 6254
f 6248 6260 3637
f 3637 6260 3948
f 3643 6251 3743
f 3743 6251 6252
f 3744 6253 3932
f 3932 6253 6257
f 6250 6249 6251
f 6251 6249 6252
f 6245 6261 6246
f 6246 6261 6262
f 6263 6264 6247
f 6247 6264 6248
f 6252 6265 6253
f 6253 6265 6266
f 6246 6262 6243
f 6243 6262 6267
f 6268 6261 6257
f 6257 6261 6245
f 6269 6263 6242
f 6242 6263 6247
f 6270 6271 6260
f 6260 6271 6249
f 6264 6270 6248
f 6248 6270 6260
f 6253 6266 6257
f 6257 6266 6268
f 6249 6271 6252
f 6252 6271 6265
f 6254 6259 6272
f 6272 6259 6273
f 6266 6265 6270
f 6270 6265 6271
f 6268 6266 6264
f 6264 6266 6270
f 6261 6268 6263
f 6263 6268 6264
f 6269 6262 6263
f 6263 6262 6261
f 4186 4185 6274
f 6274 4185 6275
f 6241 6276 6242
f 6242 6276 6269
f 6258 6244 6277
f 6277 6244 6278
f 6256 6279 6241
f 6241 6279 6276
f 6259 6258 6273
f 6273 6258 6277
f 6243 6267 6244
f 6244 6267 6278
f 6276 6267 6269
f 6269 6267 6262
f 6254 6272 6255
f 6255 6272 6280
f 3865 3713 3888
f 3888 3713 3685
f 5242 5233 3892
f 3892 5233 3711
f 3900 5243 3892
f 3892 5243 5242
f 3734 3866 3900
f 3900 3866 5243
f 4117 6281 4118
f 4118 6281 6282
f 4118 6282 4278
f 4278 6282 4879
f 4717 4887 4718
f 4718 4887 4280
f 4792 4278 4882
f 4882 4278 4879
f 4795 4792 6283
f 6283 4792 4882
f 4852 4851 5012
f 5012 4851 6284
f 4856 5207 4857
f 4857 5207 4858
f 4860 4279 4857
f 4857 4279 4854
f 4718 4280 4860
f 4860 4280 4279
f 4864 4863 4745
f 4745 4863 4742
f 5366 4867 5011
f 5011 4867 4866
f 4871 4884 4872
f 4872 4884 4883
f 4872 4883 4117
f 4117 4883 6281
f 6284 4851 6283
f 6283 4851 4795
f 4852 4866 4853
f 4853 4866 4865
f 4871 4870 4856
f 4856 4870 5207
f 4717 4716 4864
f 4864 4716 4861
f 4868 4867 4862
f 4862 4867 4863
f 4268 4855 4269
f 4269 4855 4854
f 4281 4274 4282
f 4282 4274 4765
f 4744 4743 4907
f 4907 4743 4904
f 4874 4881 4820
f 4820 4881 4880
f 4885 5013 4886
f 4886 5013 4980
f 4888 4275 4281
f 4281 4275 4274
f 4902 6282 4903
f 4903 6282 6281
f 6283 4979 6284
f 6284 4979 4978
f 4282 4765 4269
f 4269 4765 4266
f 4880 4879 4902
f 4902 4879 6282
f 4903 6281 4886
f 4886 6281 4883
f 4882 4881 6283
f 6283 4881 4979
f 5013 4885 4267
f 4267 4885 4268
f 4888 4887 4744
f 4744 4887 4745
f 4410 6285 4411
f 4411 6285 4812
f 4750 4749 6286
f 6286 4749 6287
f 6289 4695 6288
f 6288 4695 4255
f 4750 4675 4751
f 4751 4675 4965
f 6290 6291 4963
f 4963 6291 4960
f 4807 4806 4411
f 4411 4806 4408
f 6292 6293 4959
f 4959 6293 4956
f 4958 6294 4959
f 4959 6294 4955
f 4962 4964 4963
f 4963 4964 4805
f 4962 4961 4751
f 4751 4961 4748
f 6296 6297 6295
f 6295 6297 6298
f 6299 6300 6288
f 6288 6300 4735
f 6302 4961 6301
f 6301 4961 4960
f 6304 6287 6303
f 6303 6287 4749
f 4968 6305 4969
f 4969 6305 6306
f 4413 6308 6307
f 6307 6308 4900
f 6301 4960 6309
f 6309 4960 6291
f 4412 4408 6310
f 6310 4408 4806
f 4696 6311 4256
f 4256 6311 6312
f 6303 4749 6313
f 6313 4749 4748
f 6313 4748 6302
f 6302 4748 4961
f 6315 6316 6314
f 6314 6316 6317
f 4084 6318 6315
f 6315 6318 6316
f 4083 6319 4084
f 4084 6319 6318
f 4112 6320 4083
f 4083 6320 6319
f 6322 4138 6321
f 6321 4138 4137
f 6324 4128 6323
f 6323 4128 4127
f 4127 4193 6323
f 6323 4193 6325
f 4193 4891 6325
f 6325 4891 6326
f 4891 6327 6326
f 6326 6327 6328
f 6327 4824 5227
f 5227 4824 5228
f 5231 4684 6329
f 6329 4684 4683
f 4683 4099 6329
f 6329 4099 6330
f 4099 4102 6330
f 6330 4102 6331
f 4174 4826 4429
f 4429 4826 4829
f 4173 4741 4174
f 4174 4741 4826
f 4180 4738 4173
f 4173 4738 4741
f 6332 6333 4180
f 4180 6333 4738
f 6274 6334 4186
f 4186 6334 4188
f 4181 4825 4180
f 4180 4825 6332
f 5044 5213 5045
f 5045 5213 5165
f 5046 5087 5047
f 5047 5087 5222
f 5077 5063 5078
f 5078 5063 5198
f 5081 5099 5082
f 5082 5099 5194
f 5095 5074 5096
f 5096 5074 5073
f 5373 5170 5096
f 5096 5170 5093
f 5375 5171 5373
f 5373 5171 5170
f 5047 5222 5375
f 5375 5222 5171
f 5046 5038 5376
f 5376 5038 5067
f 5377 5086 5376
f 5376 5086 5085
f 5045 5165 5377
f 5377 5165 5086
f 5378 5214 5044
f 5044 5214 5213
f 5077 5034 5378
f 5378 5034 5214
f 5082 5194 5078
f 5078 5194 5035
f 5081 5080 5379
f 5379 5080 6335
f 5379 6335 5095
f 5095 6335 5074
f 5032 5080 5033
f 5033 5080 5079
f 5040 5017 5041
f 5041 5017 5016
f 5050 5043 5051
f 5051 5043 5042
f 5065 5023 5066
f 5066 5023 5022
f 5050 5049 5065
f 5065 5049 5023
f 5041 5016 5068
f 5068 5016 5020
f 5071 5374 5072
f 5072 5374 5200
f 5075 5156 5076
f 5076 5156 5155
f 5162 5212 5068
f 5068 5212 5067
f 5075 5074 5192
f 5192 5074 6335
f 5066 5022 5199
f 5199 5022 5196
f 5076 5155 5072
f 5072 5155 5069
f 5040 5039 5071
f 5071 5039 5374
f 5162 5161 5051
f 5051 5161 5048
f 5192 6335 5032
f 5032 6335 5080
f 5199 5196 5033
f 5033 5196 5030
f 5018 5211 5019
f 5019 5211 5408
f 5019 5408 5021
f 5021 5408 5163
f 5024 5057 5025
f 5025 5057 5415
f 5028 5048 5029
f 5029 5048 5161
f 5054 5031 5055
f 5055 5031 5030
f 5024 5023 5058
f 5058 5023 5049
f 5061 5070 5062
f 5062 5070 5069
f 5157 5438 5158
f 5158 5438 5442
f 5160 5191 5054
f 5054 5191 5031
f 5029 5161 5021
f 5021 5161 5020
f 5025 5415 5197
f 5197 5415 5220
f 5158 5442 5062
f 5062 5442 5059
f 5018 5017 5061
f 5061 5017 5070
f 5160 5159 5157
f 5157 5159 5438
f 5028 5027 5058
f 5058 5027 5056
f 5055 5030 5197
f 5197 5030 5196
f 5409 5380 5410
f 5410 5380 6336
f 5026 5413 5027
f 5027 5413 5412
f 5396 5417 5393
f 5393 5417 5416
f 5416 5057 5419
f 5419 5057 5056
f 5417 5396 5426
f 5426 5396 5420
f 5427 5423 5428
f 5428 5423 5422
f 5427 5059 5430
f 5430 5059 5442
f 5409 5408 5433
f 5433 5408 5211
f 5433 5211 5428
f 5428 5211 5060
f 5412 5411 5419
f 5419 5411 5418
f 5436 5053 5437
f 5437 5053 5052
f 5439 5402 5440
f 5440 5402 5401
f 5436 5435 5439
f 5439 5435 5402
f 5410 6336 5413
f 5413 6336 5414
f 5440 5401 5430
f 5430 5401 5429
f 5426 5420 5437
f 5437 5420 5434
f 5382 5432 5383
f 5383 5432 5384
f 5386 6336 5383
f 5383 6336 5380
f 6336 5386 5414
f 5414 5386 5388
f 5391 5418 5392
f 5392 5418 5411
f 5705 5395 5704
f 5704 5395 5394
f 5399 5435 5400
f 5400 5435 5434
f 5403 5441 5404
f 5404 5441 5405
f 5407 5429 5404
f 5404 5429 5401
f 5395 5705 5421
f 5421 5705 5748
f 5424 5706 5425
f 5425 5706 5431
f 5391 5390 5394
f 5394 5390 5704
f 5392 5388 5389
f 5389 5388 5387
f 5382 5381 5425
f 5425 5381 5422
f 5407 5406 5424
f 5424 5406 5706
f 5403 5402 5399
f 5399 5402 5435
f 5421 5748 5400
f 5400 5748 5397
f 4097 4721 4098
f 4098 4721 4231
f 4233 5273 4098
f 4098 5273 4095
f 6337 6338 4785
f 4785 6338 4786
f 4076 4780 4073
f 4073 4780 4781
f 4782 4190 4781
f 4781 4190 4073
f 4783 4901 4782
f 4782 4901 4190
f 4780 4076 4097
f 4097 4076 4721
f 6337 2879 4701
f 4701 2879 2878
f 5280 6339 5272
f 5272 6339 6340
f 5282 5281 6341
f 6341 5281 6342
f 4109 6302 4110
f 4110 6302 6301
f 4283 6304 4284
f 4284 6304 6303
f 6305 4379 6306
f 6306 4379 4378
f 4110 6301 4428
f 4428 6301 6309
f 6310 4688 4412
f 4412 4688 4687
f 4284 6303 4753
f 4753 6303 6313
f 4753 6313 4109
f 4109 6313 6302
f 6343 5226 4428
f 4428 5226 4427
f 4147 4900 4416
f 4416 4900 6308
f 6312 6311 4241
f 4241 6311 4720
f 5223 6344 4702
f 4702 6344 4699
f 4221 4220 6345
f 6345 4220 6346
f 5276 5275 6347
f 6347 5275 6348
f 5275 4728 6348
f 6348 4728 6349
f 4727 6350 5284
f 5284 6350 5285
f 6351 6352 6354
f 6354 6352 6353
f 5313 5312 5292
f 5292 5312 5293
f 5312 5344 5293
f 5293 5344 5337
f 5344 4914 5337
f 5337 4914 4916
f 4914 4913 4916
f 4916 4913 4917
f 4913 6355 4917
f 4917 6355 4978
f 6356 6357 6284
f 6284 6357 5012
f 6357 6358 5012
f 5012 6358 5011
f 5011 6358 5366
f 5366 6358 6359
f 6360 4742 6359
f 6359 4742 5366
f 4743 6361 4904
f 4904 6361 5364
f 5363 4905 5364
f 5364 4905 4904
f 5363 6362 4905
f 4905 6362 4207
f 6362 6363 4207
f 4207 6363 4208
f 6363 5342 4208
f 4208 5342 5330
f 5342 5341 5330
f 5330 5341 4244
f 5341 6364 4244
f 4244 6364 4245
f 6364 6365 4245
f 4245 6365 4246
f 6366 6367 4253
f 4253 6367 4250
f 4214 6368 4211
f 4211 6368 4380
f 4380 4379 4211
f 4211 4379 4283
f 4379 6305 4283
f 4283 6305 6304
f 6305 4968 6304
f 6304 4968 6287
f 4968 4967 6287
f 6287 4967 6286
f 4967 6297 6286
f 6286 6297 4676
f 6296 4376 4288
f 4288 4376 4285
f 4376 4373 4285
f 4285 4373 4290
f 6369 6370 6372
f 6372 6370 6371
f 5245 6373 5246
f 5246 6373 6374
f 4317 6375 4318
f 4318 6375 6376
f 4331 6377 4332
f 4332 6377 6378
f 6379 4333 6376
f 6376 4333 4318
f 4343 6380 4344
f 4344 6380 6381
f 4347 6382 4348
f 4348 6382 6383
f 4374 6371 4331
f 4331 6371 6377
f 4333 6379 4426
f 4426 6379 6384
f 4690 6385 4347
f 4347 6385 6382
f 4332 6378 4317
f 4317 6378 6375
f 4922 6386 4923
f 4923 6386 6387
f 6388 6389 4375
f 4375 6389 6390
f 6355 6356 4978
f 4978 6356 6284
f 4742 6360 4743
f 4743 6360 6361
f 6391 4238 6392
f 6392 4238 4719
f 6392 4719 6393
f 6393 4719 5296
f 6395 6396 6394
f 6394 6396 6397
f 6399 6400 6398
f 6398 6400 6401
f 6402 5302 6403
f 6403 5302 5303
f 5303 5321 6403
f 6403 5321 6404
f 5320 6405 5321
f 5321 6405 6404
f 5319 6406 5350
f 5350 6406 5351
f 5319 5318 6406
f 6406 5318 6407
f 5288 4197 6408
f 6408 4197 6409
f 4217 4216 6410
f 6410 4216 6411
f 5227 6412 6327
f 6327 6412 6328
f 4892 6413 5227
f 5227 6413 6412
f 4228 6414 4892
f 4892 6414 6413
f 4227 6415 4228
f 4228 6415 6414
f 4248 6416 4227
f 4227 6416 6415
f 4247 6417 4248
f 4248 6417 6416
f 6417 4247 6419
f 6419 4247 6418
f 6419 6418 6421
f 6421 6418 6420
f 6422 5301 6423
f 6423 5301 5300
f 6423 5300 6424
f 6424 5300 6399
f 6408 6409 6398
f 6398 6409 6425
f 6426 6427 6397
f 6397 6427 6394
f 6428 4224 6429
f 6429 4224 4223
f 6347 6346 5276
f 5276 6346 4220
f 6346 6347 6341
f 6341 6347 6339
f 5280 5278 5282
f 5282 5278 4236
f 4896 5224 4684
f 4684 5224 4681
f 4132 4135 4896
f 4896 4135 5224
f 4131 4136 4132
f 4132 4136 4135
f 4226 4754 4131
f 4131 4754 4136
f 4251 4213 4226
f 4226 4213 4754
f 4250 4214 4251
f 4251 4214 4213
f 4250 6367 4214
f 4214 6367 6368
f 6367 4910 6368
f 6368 4910 4737
f 4909 5297 4736
f 4736 5297 5296
f 5297 6395 5296
f 5296 6395 6393
f 6427 6430 6394
f 6394 6430 6431
f 6429 4383 6428
f 6428 4383 4382
f 4219 5277 4220
f 4220 5277 5276
f 4222 4697 4383
f 4383 4697 4218
f 6345 4699 4221
f 4221 4699 6344
f 6342 4700 6345
f 6345 4700 4699
f 4235 4786 5281
f 5281 4786 6338
f 4234 4787 4235
f 4235 4787 4786
f 5279 5278 6432
f 6432 5278 5271
f 4237 5279 6433
f 6433 5279 6432
f 4787 4234 6433
f 6433 4234 4237
f 6435 6436 6434
f 6434 6436 6437
f 6359 6438 6360
f 6360 6438 6437
f 6439 6440 6441
f 6441 6440 6438
f 6443 6439 6442
f 6442 6439 6441
f 6357 6356 6442
f 6442 6356 6444
f 6444 6446 6445
f 6445 6446 6447
f 4912 6446 4913
f 4913 6446 6355
f 6361 6436 5364
f 5364 6436 5365
f 5319 5350 5316
f 5316 5350 6448
f 4832 6449 5350
f 5350 6449 6448
f 4831 6450 4832
f 4832 6450 6449
f 5354 6451 5320
f 5320 6451 6405
f 4265 6452 5354
f 5354 6452 6451
f 4264 6453 4265
f 4265 6453 6452
f 6450 4831 6447
f 6447 4831 6445
f 4263 6435 4264
f 4264 6435 6434
f 6454 6453 6439
f 6439 6453 6440
f 6439 6443 6454
f 6454 6443 4834
f 4833 6455 4834
f 4834 6455 6454
f 5351 6456 4833
f 4833 6456 6455
f 6457 6391 6458
f 6458 6391 6392
f 6458 6392 6431
f 6431 6392 6393
f 5298 6396 5297
f 5297 6396 6395
f 6402 6400 5302
f 5302 6400 5299
f 6402 6403 6459
f 6459 6403 6460
f 6460 6403 6461
f 6461 6403 6404
f 6405 6462 6404
f 6404 6462 6461
f 6406 6462 5351
f 5351 6462 6456
f 6406 6407 6462
f 6462 6407 6461
f 6407 6463 6461
f 6461 6463 6460
f 6463 6464 6460
f 6460 6464 6459
f 6464 6465 6459
f 6459 6465 6401
f 6430 6466 6431
f 6431 6466 6458
f 6466 6410 6458
f 6458 6410 6457
f 6410 6411 6457
f 6457 6411 6467
f 6396 6424 6397
f 6397 6424 6425
f 6393 6395 6431
f 6431 6395 6394
f 6451 6456 6405
f 6405 6456 6462
f 6452 6455 6451
f 6451 6455 6456
f 6453 6454 6452
f 6452 6454 6455
f 6443 6445 4834
f 4834 6445 4831
f 6440 6453 6434
f 6434 6453 4264
f 6468 5306 5360
f 5360 5306 5305
f 6469 4124 6468
f 6468 4124 5306
f 6470 4125 6469
f 6469 4125 4124
f 6471 5291 6470
f 6470 5291 4125
f 6353 5292 6471
f 6471 5292 5291
f 5292 6353 5313
f 5313 6353 6352
f 5347 5314 6352
f 6352 5314 5313
f 5353 5318 5346
f 5346 5318 5317
f 5334 6468 5358
f 5358 6468 5360
f 5324 6469 5334
f 5334 6469 6468
f 5323 6470 5324
f 5324 6470 6469
f 5343 6471 5323
f 5323 6471 6470
f 6354 6353 5343
f 5343 6353 6471
f 6348 6349 4270
f 4270 6349 5311
f 5272 6340 5273
f 5273 6340 4272
f 6432 5271 4232
f 4232 5271 4233
f 4294 6432 4295
f 4295 6432 4232
f 6432 4294 6433
f 6433 4294 4301
f 4301 4300 6433
f 6433 4300 4787
f 4704 4784 4300
f 4300 4784 4787
f 4704 3013 4784
f 4784 3013 1307
f 5103 6472 5104
f 5104 6472 5202
f 5108 5116 5105
f 5105 5116 5115
f 5111 5124 5112
f 5112 5124 5123
f 5154 5205 5105
f 5105 5205 5106
f 5167 5180 5168
f 5168 5180 5185
f 5175 5188 5176
f 5176 5188 5187
f 5112 5123 5178
f 5178 5123 5120
f 5167 5090 5183
f 5183 5090 5089
f 5210 5151 5183
f 5183 5151 5181
f 5216 5138 5217
f 5217 5138 5137
f 5218 5119 5219
f 5219 5119 5221
f 5218 5178 5119
f 5119 5178 5120
f 5217 5137 5104
f 5104 5137 5101
f 5116 5108 5221
f 5221 5108 5219
f 5111 5110 5210
f 5210 5110 5151
f 5154 5153 5103
f 5103 5153 6472
f 5216 5215 5176
f 5176 5215 5173
f 5175 5174 5168
f 5168 5174 5166
f 5091 5172 5092
f 5092 5172 5208
f 5117 5037 5118
f 5118 5037 5036
f 5121 5164 5122
f 5122 5164 5133
f 5125 5084 5126
f 5126 5084 5083
f 5129 5174 5130
f 5130 5174 5173
f 5131 5202 5132
f 5132 5202 6472
f 5135 5221 5122
f 5122 5221 5119
f 5125 5124 5136
f 5136 5124 5209
f 5126 5083 5121
f 5121 5083 5164
f 5118 5036 5195
f 5195 5036 5193
f 5131 5097 5203
f 5203 5097 5114
f 5132 6472 5195
f 5195 6472 5153
f 5136 5209 5092
f 5092 5209 5089
f 5135 5134 5117
f 5117 5134 5037
f 5362 5206 5130
f 5130 5206 5127
f 5372 5371 5128
f 5128 5371 5129
f 5371 5372 5091
f 5091 5372 5172
f 5362 5215 5203
f 5203 5215 5201
f 6463 6407 5353
f 5353 6407 5318
f 6464 6463 5352
f 5352 6463 5353
f 6408 6465 5288
f 5288 6465 5289
f 4196 4224 6426
f 6426 4224 6427
f 6430 6427 6428
f 6428 6427 4224
f 6466 6430 4382
f 4382 6430 6428
f 6410 6466 4217
f 4217 6466 4382
f 4240 4239 3015
f 3015 4239 3016
f 4254 4257 3017
f 3017 4257 3018
f 6473 6474 4732
f 4732 6474 6475
f 6474 6374 6475
f 6475 6374 6373
f 5246 6374 3022
f 3022 6374 3023
f 4254 6299 4255
f 4255 6299 6288
f 6473 6300 3024
f 3024 6300 3025
f 6476 4257 6312
f 6312 4257 4256
f 4240 6476 4241
f 4241 6476 6312
f 6477 4239 6391
f 6391 4239 4238
f 6467 6477 6457
f 6457 6477 6391
f 6411 3029 6467
f 6467 3029 3028
f 4216 3030 6411
f 6411 3030 3029
f 6479 6480 6478
f 6478 6480 6481
f 6483 6484 6482
f 6482 6484 6485
f 6486 6487 4102
f 4102 6487 6331
f 6483 6488 6478
f 6478 6488 6489
f 4429 4829 6490
f 6490 4829 6479
f 6491 6486 4101
f 4101 6486 4102
f 4895 6491 4899
f 4899 6491 4101
f 4160 6488 4157
f 4157 6488 6492
f 6489 4087 6490
f 6490 4087 4090
f 4267 4261 5013
f 5013 4261 4260
f 4258 4261 5328
f 5328 4261 4975
f 4261 4267 4975
f 4975 4267 4266
f 5367 3793 3912
f 3912 3793 3575
f 6494 3616 6493
f 6493 3616 3795
f 6496 3589 6495
f 6495 3589 3588
f 6495 3588 5368
f 5368 3588 3794
f 3841 3840 3050
f 3050 3840 3051
f 3912 3911 3052
f 3052 3911 3053
f 3929 3930 3054
f 3054 3930 3055
f 5370 3930 3916
f 3916 3930 3923
f 3938 5369 3807
f 3807 5369 3915
f 3589 6496 3806
f 3806 6496 3937
f 3938 3937 3056
f 3056 3937 3057
f 3051 3840 3058
f 3058 3840 3943
f 3730 4808 3727
f 3727 4808 3943
f 3820 3951 3795
f 3795 3951 6493
f 3951 3841 3059
f 3059 3841 3050
f 3911 3574 6494
f 6494 3574 3616
f 3823 3929 3824
f 3824 3929 3952
f 4061 4060 3060
f 3060 4060 3061
f 6497 6498 4901
f 4901 6498 4790
f 6333 6499 4738
f 4738 6499 4739
f 6500 6501 6314
f 6314 6501 4418
f 6502 6275 4417
f 4417 6275 4185
f 6503 6497 4783
f 4783 6497 4901
f 6498 4060 4790
f 4790 4060 4059
f 4808 4061 3069
f 3069 4061 3060
f 5367 3071 5368
f 5368 3071 3070
f 5369 3073 5370
f 5370 3073 3072
f 6274 6275 3074
f 3074 6275 3075
f 6499 6504 4739
f 4739 6504 6317
f 6333 6332 3077
f 3077 6332 3078
f 6334 6274 3079
f 3079 6274 3074
f 6332 4825 3078
f 3078 4825 3080
f 6334 6503 4188
f 4188 6503 4783
f 4825 4689 3080
f 3080 4689 1330
f 6506 4747 6505
f 6505 4747 4746
f 6505 6507 6506
f 6506 6507 6508
f 4297 6509 4920
f 4920 6509 6510
f 4296 6511 4297
f 4297 6511 6509
f 6506 6508 4319
f 4319 6508 6512
f 4372 4371 6514
f 6514 4371 6513
f 6511 4296 5251
f 5251 4296 4305
f 5251 5250 6511
f 6511 5250 6515
f 6516 6509 6515
f 6515 6509 6511
f 6517 6507 6519
f 6519 6507 6518
f 6512 6520 6513
f 6513 6520 6514
f 6507 6517 6508
f 6508 6517 6521
f 5249 6523 6522
f 6522 6523 6524
f 6525 6370 5253
f 5253 6370 6526
f 4370 4323 4371
f 4371 4323 4326
f 4370 3103 4323
f 4323 3103 1541
f 6521 6517 6527
f 6527 6517 6519
f 6520 6528 6514
f 6514 6528 6529
f 6531 6532 6530
f 6530 6532 6533
f 5250 6534 6515
f 6515 6534 6535
f 6530 6533 6536
f 6536 6533 6537
f 6526 6538 6534
f 6534 6538 6537
f 6515 6535 6516
f 6516 6535 6539
f 4325 4321 4326
f 4326 4321 4320
f 4371 4326 6513
f 6513 4326 4320
f 6531 4731 6541
f 6541 4731 6540
f 4731 4730 6540
f 6540 4730 6542
f 4730 3121 6542
f 6542 3121 3120
f 6530 4328 6531
f 6531 4328 4731
f 4328 6530 4329
f 4329 6530 6536
f 4329 6536 6524
f 6524 6536 6543
f 6544 6545 6522
f 6522 6545 5248
f 6389 6388 5245
f 5245 6388 6373
f 6388 6546 6373
f 6373 6546 6475
f 4733 6546 6295
f 6295 6546 4377
f 4732 6475 4733
f 4733 6475 6546
f 4393 4432 4394
f 4394 4432 4435
f 4434 4672 4842
f 4842 4672 4671
f 4440 4439 4441
f 4441 4439 4438
f 4436 4450 4437
f 4437 4450 4398
f 4447 4444 4448
f 4448 4444 4392
f 4446 4464 4433
f 4433 4464 6547
f 4454 4423 4455
f 4455 4423 4422
f 4452 4481 4453
f 4453 4481 4480
f 4458 4389 4459
f 4459 4389 4388
f 4456 4471 4457
f 4457 4471 4468
f 4391 4460 4392
f 4392 4460 4448
f 4461 4467 4445
f 4445 4467 4465
f 4437 4398 4629
f 4629 4398 4397
f 4438 4628 4441
f 4441 4628 4631
f 4841 4629 4839
f 4839 4629 4397
f 4628 4842 4631
f 4631 4842 4671
f 4930 4989 4452
f 4452 4989 4481
f 4929 4927 4436
f 4436 4927 4450
f 4933 4387 4934
f 4934 4387 4386
f 4931 4475 4932
f 4932 4475 4474
f 4936 4449 4933
f 4933 4449 4387
f 4935 4472 4456
f 4456 4472 4471
f 4389 4458 4391
f 4391 4458 4460
f 4457 4468 4461
f 4461 4468 4467
f 4934 4386 4454
f 4454 4386 4423
f 4453 4480 4931
f 4931 4480 4475
f 4575 4997 4576
f 4576 4997 4639
f 4579 4596 4580
f 4580 4596 4595
f 4583 4582 4572
f 4572 4582 4569
f 4587 4944 4588
f 4588 4944 4562
f 4588 4562 4590
f 4590 4562 4561
f 4576 4639 4642
f 4642 4639 4638
f 4642 4845 4641
f 4641 4845 4846
f 4845 4590 4846
f 4846 4590 4561
f 4941 4938 4595
f 4595 4938 4580
f 4938 4940 4668
f 4668 4940 4669
f 4583 4942 4584
f 4584 4942 4947
f 4582 4587 4569
f 4569 4587 4586
f 5000 5001 4579
f 4579 5001 4596
f 4558 4560 4585
f 4585 4560 4586
f 4565 4639 4566
f 4566 4639 4997
f 4568 4567 4577
f 4577 4567 4578
f 4570 4554 4571
f 4571 4554 4556
f 4640 4565 4637
f 4637 4565 4546
f 4662 4664 4665
f 4665 4664 4844
f 4662 4558 4589
f 4589 4558 4585
f 4554 4570 4557
f 4557 4570 4560
f 4571 4667 4572
f 4572 4667 4943
f 4551 4670 4552
f 4552 4670 4666
f 4640 4664 4638
f 4638 4664 4663
f 4670 4568 4668
f 4668 4568 4577
f 4999 4996 4566
f 4566 4996 4543
f 4608 4564 4603
f 4603 4564 4563
f 4573 4593 4574
f 4574 4593 4592
f 4597 4614 4598
f 4598 4614 4613
f 4601 4600 4584
f 4584 4600 4581
f 4563 4562 4604
f 4604 4562 4944
f 4643 4593 4641
f 4641 4593 4573
f 4643 4847 4644
f 4644 4847 4848
f 4564 4847 4561
f 4561 4847 4846
f 4945 4941 4598
f 4598 4941 4595
f 4941 4945 4939
f 4939 4945 4946
f 4601 4948 4602
f 4602 4948 4620
f 4600 4604 4581
f 4581 4604 4944
f 5002 5003 4597
f 4597 5003 4614
f 4988 4759 4953
f 4953 4759 4402
f 4706 6548 4707
f 4707 6548 6549
f 4311 4928 4419
f 4419 4928 6550
f 4921 4920 6551
f 6551 4920 6552
f 4925 6553 4926
f 4926 6553 6554
f 4928 4921 4802
f 4802 4921 6551
f 6555 4985 6550
f 6550 4985 4419
f 4952 6556 4953
f 4953 6556 4649
f 4971 6557 4706
f 4706 6557 6548
f 4988 4648 4925
f 4925 4648 6553
f 4707 6549 5006
f 5006 6549 4987
f 4920 6510 6552
f 6552 6510 6518
f 6558 6510 6516
f 6516 6510 6509
f 6559 6558 6539
f 6539 6558 6516
f 6531 6541 6532
f 6532 6541 6560
f 6540 6561 6541
f 6541 6561 6529
f 6542 6562 6540
f 6540 6562 6561
f 6542 3120 6562
f 6562 3120 3142
f 4366 6563 4760
f 4760 6563 4970
f 4815 6564 4816
f 4816 6564 6565
f 3147 3146 6565
f 6565 3146 4816
f 6564 6563 6565
f 6565 6563 6566
f 4837 4385 4357
f 4357 4385 4358
f 6565 6566 3147
f 3147 6566 3149
f 4694 1209 3150
f 5247 5249 5248
f 5248 5249 6522
f 6372 6390 6545
f 6545 6390 6389
f 6375 5254 6376
f 6376 5254 5258
f 6377 6525 6378
f 6378 6525 5255
f 5260 6379 5258
f 5258 6379 6376
f 6380 6567 6381
f 6381 6567 6568
f 6382 6569 6383
f 6383 6569 6570
f 6377 6371 6525
f 6525 6371 6370
f 6379 5260 6384
f 6384 5260 6571
f 6385 6572 6382
f 6382 6572 6569
f 6378 5255 6375
f 6375 5255 5254
f 6386 6573 6387
f 6387 6573 6574
f 6545 6389 5248
f 5248 6389 5245
f 4675 4750 4676
f 4676 4750 6286
f 4734 6289 4735
f 4735 6289 6288
f 4804 6290 4805
f 4805 6290 4963
f 4811 4807 4812
f 4812 4807 4411
f 4954 6292 4955
f 4955 6292 4959
f 4964 4962 4965
f 4965 4962 4751
f 6285 4821 4812
f 4812 4821 4809
f 4675 4287 4965
f 4965 4287 4210
f 6294 4145 4955
f 4955 4145 4154
f 4964 4120 4805
f 4805 4120 4119
f 6298 4966 4734
f 4734 4966 6289
f 6300 6473 4735
f 4735 6473 4732
f 6297 6296 4676
f 4676 6296 4288
f 6523 3160 4330
f 4330 3160 3159
f 5253 5252 6525
f 6525 5252 5255
f 5256 5252 4305
f 4305 5252 5251
f 4304 5257 4305
f 4305 5257 5256
f 4424 5259 4304
f 4304 5259 5257
f 5261 6571 5259
f 5259 6571 5260
f 5262 6573 5261
f 5261 6573 6571
f 5264 6567 5265
f 5265 6567 6574
f 5266 6572 5267
f 5267 6572 6568
f 5268 6570 5269
f 5269 6570 6569
f 1807 3161 5268
f 5268 3161 6570
f 6524 6523 4329
f 4329 6523 4330
f 5253 6526 5250
f 5250 6526 6534
f 6543 6538 6544
f 6544 6538 6369
f 6524 6543 6522
f 6522 6543 6544
f 3071 5367 3052
f 3052 5367 3912
f 6493 3163 6494
f 6494 3163 3162
f 3164 445 3771
f 3771 445 3761
f 461 3165 3919
f 3919 3165 3920
f 330 410 3839
f 3839 410 3910
f 332 331 3552
f 3552 331 3551
f 464 304 3918
f 3918 304 3816
f 385 458 3766
f 3766 458 3894
f 412 415 3762
f 3762 415 3763
f 3166 337 3748
f 3748 337 3745
f 3072 3055 5370
f 5370 3055 3930
f 3073 5369 3056
f 3056 5369 3938
f 3167 3057 6496
f 6496 3057 3937
f 3069 3058 4808
f 4808 3058 3943
f 411 3166 3851
f 3851 3166 3748
f 3059 3163 3951
f 3951 3163 6493
f 336 3164 3772
f 3772 3164 3771
f 3053 3911 3162
f 3162 3911 6494
f 3054 3168 3929
f 3929 3168 3952
f 3165 830 3920
f 3920 830 3945
f 3170 3169 6497
f 6497 3169 6498
f 3171 1354 5005
f 5005 1354 4830
f 3172 3170 6503
f 6503 3170 6497
f 3169 3061 6498
f 6498 3061 4060
f 3173 3171 5006
f 5006 3171 5005
f 3079 3172 6334
f 6334 3172 6503
f 3174 3025 6299
f 6299 3025 6300
f 6576 6577 6575
f 6575 6577 6578
f 4612 4611 6579
f 6579 4611 6580
f 6582 6583 6581
f 6581 6583 6584
f 6584 6585 4618
f 4618 6585 4621
f 6586 6587 6589
f 6589 6587 6588
f 6588 6587 6590
f 6590 6587 6591
f 6592 4606 6590
f 6590 4606 4623
f 6594 6576 6593
f 6593 6576 6575
f 6595 6582 6579
f 6579 6582 6581
f 6580 6597 6596
f 6596 6597 6598
f 6577 6576 6599
f 6599 6576 6600
f 6595 6596 6601
f 6601 6596 6602
f 6583 6582 6603
f 6603 6582 6604
f 6586 6606 6605
f 6605 6606 6607
f 6587 6586 6608
f 6608 6586 6605
f 6587 6608 6591
f 6591 6608 6609
f 6576 6594 6600
f 6600 6594 6610
f 6582 6595 6604
f 6604 6595 6601
f 6599 6611 6577
f 6577 6611 6598
f 6613 6614 6612
f 6612 6614 6615
f 6617 6618 6616
f 6616 6618 6619
f 6621 6622 6620
f 6620 6622 6623
f 6625 6626 6624
f 6624 6626 6627
f 6629 6630 6628
f 6628 6630 6631
f 6633 6634 6632
f 6632 6634 6635
f 6637 6638 6636
f 6636 6638 6639
f 6640 6641 6637
f 6637 6641 6638
f 6643 6633 6642
f 6642 6633 6632
f 6645 6646 6644
f 6644 6646 6647
f 6646 6648 6647
f 6647 6648 6649
f 6651 6652 6650
f 6650 6652 6653
f 6653 6652 6654
f 6654 6652 6655
f 6656 6657 6659
f 6659 6657 6658
f 6661 6662 6660
f 6660 6662 6663
f 6662 6661 6664
f 6664 6661 6665
f 6667 6657 6666
f 6666 6657 6656
f 6669 6670 6668
f 6668 6670 6671
f 6672 6673 6670
f 6670 6673 6671
f 6674 6675 6677
f 6677 6675 6676
f 6675 6678 6676
f 6676 6678 6679
f 6681 6682 6680
f 6680 6682 6683
f 6684 6685 6683
f 6683 6685 6680
f 6687 6688 6686
f 6686 6688 6689
f 6687 6690 6688
f 6688 6690 6691
f 6619 6618 6633
f 6633 6618 6634
f 6632 6635 6693
f 6693 6635 6692
f 6617 6694 6636
f 6636 6694 6637
f 6695 6692 6639
f 6639 6692 6635
f 6637 6694 6640
f 6640 6694 6696
f 6698 6638 6697
f 6697 6638 6641
f 6643 6616 6633
f 6633 6616 6619
f 6642 6699 6641
f 6641 6699 6697
f 6646 6645 6700
f 6700 6645 6621
f 6644 6701 6654
f 6654 6701 6702
f 6700 6703 6646
f 6646 6703 6648
f 6693 6704 6649
f 6649 6704 6647
f 6620 6623 6651
f 6651 6623 6652
f 6693 6649 6699
f 6699 6649 6650
f 6652 6623 6655
f 6655 6623 6622
f 6654 6702 6653
f 6653 6702 6697
f 6615 6614 6657
f 6657 6614 6658
f 6705 6656 6704
f 6704 6656 6659
f 6613 6706 6660
f 6660 6706 6661
f 6704 6659 6701
f 6701 6659 6663
f 6661 6706 6665
f 6665 6706 6707
f 6708 6702 6664
f 6664 6702 6662
f 6612 6615 6667
f 6667 6615 6657
f 6666 6709 6664
f 6664 6709 6708
f 6629 6710 6669
f 6669 6710 6670
f 6668 6711 6679
f 6679 6711 6712
f 6713 6672 6710
f 6710 6672 6670
f 6714 6671 6705
f 6705 6671 6673
f 6628 6631 6674
f 6674 6631 6675
f 6705 6673 6709
f 6709 6673 6677
f 6631 6630 6675
f 6675 6630 6678
f 6712 6708 6679
f 6679 6708 6676
f 6625 6715 6682
f 6682 6715 6683
f 6716 6717 6681
f 6681 6717 6691
f 6718 6684 6715
f 6715 6684 6683
f 6719 6680 6714
f 6714 6680 6685
f 6624 6627 6686
f 6686 6627 6687
f 6689 6711 6685
f 6685 6711 6714
f 6627 6626 6687
f 6687 6626 6690
f 6717 6712 6691
f 6691 6712 6688
f 6612 6707 6613
f 6613 6707 6706
f 6616 6696 6617
f 6617 6696 6694
f 6703 6700 6620
f 6620 6700 6621
f 6715 6625 6718
f 6718 6625 6624
f 6710 6629 6713
f 6713 6629 6628
f 6639 6635 6636
f 6636 6635 6634
f 6641 6640 6642
f 6642 6640 6643
f 6654 6655 6644
f 6644 6655 6645
f 6651 6650 6648
f 6648 6650 6649
f 6659 6658 6663
f 6663 6658 6660
f 6665 6667 6664
f 6664 6667 6666
f 6678 6669 6679
f 6679 6669 6668
f 6673 6672 6677
f 6677 6672 6674
f 6690 6682 6691
f 6691 6682 6681
f 6685 6684 6689
f 6689 6684 6686
f 6636 6634 6617
f 6617 6634 6618
f 6638 6698 6639
f 6639 6698 6695
f 6640 6696 6643
f 6643 6696 6616
f 6693 6699 6632
f 6632 6699 6642
f 6655 6622 6645
f 6645 6622 6621
f 6704 6701 6647
f 6647 6701 6644
f 6651 6648 6620
f 6620 6648 6703
f 6650 6653 6699
f 6699 6653 6697
f 6613 6660 6614
f 6614 6660 6658
f 6663 6662 6701
f 6701 6662 6702
f 6665 6707 6667
f 6667 6707 6612
f 6705 6709 6656
f 6656 6709 6666
f 6630 6629 6678
f 6678 6629 6669
f 6714 6711 6671
f 6671 6711 6668
f 6672 6713 6674
f 6674 6713 6628
f 6677 6676 6709
f 6709 6676 6708
f 6626 6625 6690
f 6690 6625 6682
f 6680 6719 6681
f 6681 6719 6716
f 6684 6718 6686
f 6686 6718 6624
f 6711 6689 6712
f 6689 6688 6712
f 6593 6720 6594
f 6594 6720 6721
f 6722 6720 4607
f 4607 6720 4849
f 6592 6723 6722
f 6722 6723 6724
f 4610 4609 6578
f 6578 4609 6575
f 6596 6595 6580
f 6580 6595 6579
f 4618 4617 6584
f 6584 4617 6581
f 6589 6585 6586
f 6586 6585 6606
f 4622 4619 6588
f 6588 4619 6589
f 4622 6588 4623
f 4623 6588 6590
f 4609 4645 6575
f 6575 4645 6593
f 4617 4612 6581
f 6581 4612 6579
f 5004 4610 6597
f 6597 4610 6578
f 4645 4849 6593
f 6593 4849 6720
f 6724 6721 6722
f 6722 6721 6720
f 6722 4607 6592
f 6592 4607 4606
f 6725 6610 6721
f 6721 6610 6594
f 6723 6726 6724
f 6724 6726 6727
f 6727 6725 6724
f 6724 6725 6721
f 6728 6729 6605
f 6605 6729 6608
f 6605 6607 6728
f 6728 6607 6730
f 6731 6732 6604
f 6604 6732 6603
f 6733 6734 6725
f 6725 6734 6610
f 6735 6733 6727
f 6727 6733 6725
f 6735 6727 6736
f 6736 6727 6726
f 6591 6609 6723
f 6723 6609 6726
f 6723 6592 6591
f 6591 6592 6590
f 6738 6739 6737
f 6737 6739 6740
f 6740 6739 6742
f 6742 6739 6741
f 6743 6744 6741
f 6741 6744 6742
f 6745 6746 6743
f 6743 6746 6744
f 6747 6748 6745
f 6745 6748 6746
f 6749 6750 6747
f 6747 6750 6748
f 6752 6738 6751
f 6751 6738 6737
f 6754 6752 6753
f 6753 6752 6751
f 6756 6754 6755
f 6755 6754 6753
f 6758 6750 6757
f 6757 6750 6749
f 6760 6756 6759
f 6759 6756 6755
f 6762 6760 6761
f 6761 6760 6759
f 6764 6762 6763
f 6763 6762 6761
f 6757 6764 6758
f 6758 6764 6763
f 6766 6741 6765
f 6765 6741 6739
f 6767 6743 6766
f 6766 6743 6741
f 6768 6745 6767
f 6767 6745 6743
f 6769 6747 6768
f 6768 6747 6745
f 6770 6749 6769
f 6769 6749 6747
f 6772 6769 6771
f 6771 6769 6768
f 6773 6770 6772
f 6772 6770 6769
f 6774 6775 6772
f 6772 6775 6773
f 6777 6778 6776
f 6776 6778 6779
f 6775 6774 6778
f 6778 6774 6779
f 6771 6780 6772
f 6772 6780 6774
f 6780 6781 6774
f 6774 6781 6779
f 6781 6782 6779
f 6779 6782 6776
f 6784 6785 6783
f 6783 6785 6786
f 6786 6787 6783
f 6783 6787 6788
f 6790 6788 6789
f 6789 6788 6787
f 6786 6785 6791
f 6791 6785 6792
f 6791 6793 6786
f 6786 6793 6787
f 6793 6794 6787
f 6787 6794 6789
f 6795 6796 6794
f 6794 6796 6789
f 6790 6789 6797
f 6797 6789 6796
f 6798 6765 6738
f 6738 6765 6739
f 6799 6798 6752
f 6752 6798 6738
f 6767 6800 6768
f 6768 6800 6771
f 6766 6801 6767
f 6767 6801 6800
f 6802 6801 6765
f 6765 6801 6766
f 6798 6803 6765
f 6765 6803 6802
f 6804 6803 6799
f 6799 6803 6798
f 6805 6806 6804
f 6804 6806 6803
f 6807 6799 6754
f 6754 6799 6752
f 6808 6804 6807
f 6807 6804 6799
f 6809 6805 6808
f 6808 6805 6804
f 6810 6811 6805
f 6805 6811 6806
f 6812 6813 6810
f 6810 6813 6811
f 6814 6815 6796
f 6796 6815 6797
f 6813 6814 6816
f 6816 6814 6817
f 6816 6818 6813
f 6813 6818 6811
f 6819 6806 6818
f 6818 6806 6811
f 6802 6803 6819
f 6819 6803 6806
f 6757 6749 6820
f 6820 6749 6770
f 6820 6770 6821
f 6821 6770 6773
f 6821 6773 6822
f 6822 6773 6775
f 6822 6775 6823
f 6823 6775 6778
f 6824 6823 6777
f 6777 6823 6778
f 6784 6825 6777
f 6777 6825 6824
f 6826 6827 6788
f 6788 6827 6783
f 6828 6826 6790
f 6790 6826 6788
f 6829 6828 6797
f 6797 6828 6790
f 6815 6830 6797
f 6797 6830 6829
f 6832 6812 6831
f 6831 6812 6810
f 6831 6810 6809
f 6809 6810 6805
f 6736 6800 6735
f 6735 6800 6801
f 6733 6735 6802
f 6802 6735 6801
f 6734 6733 6819
f 6819 6733 6802
f 6833 6734 6818
f 6818 6734 6819
f 6834 6833 6816
f 6816 6833 6818
f 6816 6817 6834
f 6834 6817 6835
f 6837 6795 6836
f 6836 6795 6794
f 6836 6794 6731
f 6731 6794 6793
f 6732 6731 6791
f 6791 6731 6793
f 6791 6792 6732
f 6732 6792 6730
f 6729 6728 6781
f 6781 6728 6782
f 6838 6807 6756
f 6756 6807 6754
f 6839 6838 6760
f 6760 6838 6756
f 6840 6839 6762
f 6762 6839 6760
f 6841 6840 6764
f 6764 6840 6762
f 6820 6841 6757
f 6757 6841 6764
f 6841 6820 6842
f 6842 6820 6821
f 6840 6841 6843
f 6843 6841 6842
f 6839 6840 6844
f 6844 6840 6843
f 6838 6839 6845
f 6845 6839 6844
f 6807 6838 6808
f 6808 6838 6845
f 6842 6821 6846
f 6846 6821 6822
f 6843 6842 6847
f 6847 6842 6846
f 6844 6843 6848
f 6848 6843 6847
f 6845 6844 6849
f 6849 6844 6848
f 6808 6845 6809
f 6809 6845 6849
f 6850 6831 6849
f 6849 6831 6809
f 6851 6850 6848
f 6848 6850 6849
f 6847 6852 6848
f 6848 6852 6851
f 6853 6852 6846
f 6846 6852 6847
f 6846 6822 6853
f 6853 6822 6823
f 6853 6823 6854
f 6854 6823 6824
f 6854 6855 6853
f 6853 6855 6852
f 6856 6851 6855
f 6855 6851 6852
f 6856 6857 6851
f 6851 6857 6850
f 6857 6832 6850
f 6850 6832 6831
f 6825 6858 6824
f 6824 6858 6854
f 6860 6827 6859
f 6859 6827 6826
f 6859 6826 6861
f 6861 6826 6828
f 6862 6861 6829
f 6829 6861 6828
f 6830 6863 6829
f 6829 6863 6862
f 6863 6864 6862
f 6862 6864 6865
f 6858 6866 6854
f 6854 6866 6855
f 6867 6865 6866
f 6866 6865 6864
f 6869 6859 6868
f 6868 6859 6861
f 6867 6869 6865
f 6865 6869 6868
f 6861 6862 6868
f 6868 6862 6865
f 6867 6860 6869
f 6869 6860 6859
f 6753 6751 6698
f 6698 6751 6695
f 6697 6755 6698
f 6698 6755 6753
f 6759 6755 6702
f 6702 6755 6697
f 6761 6759 6708
f 6708 6759 6702
f 6763 6761 6712
f 6712 6761 6708
f 6758 6763 6717
f 6717 6763 6712
f 6750 6758 6716
f 6716 6758 6717
f 6719 6748 6716
f 6716 6748 6750
f 6714 6746 6719
f 6719 6746 6748
f 6705 6744 6714
f 6714 6744 6746
f 6704 6742 6705
f 6705 6742 6744
f 6740 6742 6693
f 6693 6742 6704
f 6737 6740 6692
f 6692 6740 6693
f 6751 6737 6695
f 6695 6737 6692
f 6601 6602 6836
f 6836 6602 6837
f 6604 6601 6731
f 6731 6601 6836
f 6599 6600 6834
f 6834 6600 6833
f 6834 6835 6599
f 6599 6835 6611
f 6600 6610 6833
f 6833 6610 6734
f 6780 6771 6870
f 6870 6771 6736
f 6736 6771 6800
f 6870 6729 6780
f 6780 6729 6781
f 6608 6729 6609
f 6609 6729 6870
f 6609 6870 6726
f 6726 6870 6736
f 5014 5015 5229
f 5229 5015 5230
f 4258 5015 4259
f 4259 5015 4878
f 3471 3013 4703
f 4703 3013 4704
f 2879 6337 1306
f 1306 6337 4785
f 829 3471 4316
f 4316 3471 4703
f 4702 3472 5223
f 5223 3472 1756
f 6871 6872 4534
f 4534 6872 4535
f 6871 4665 6872
f 6872 4665 4844
f 6871 6873 4665
f 4665 6873 4559
f 6871 4534 6873
f 6873 4534 4542
f 4153 4152 4822
f 4822 4152 4407
f 4152 4168 4407
f 4407 4168 4342
f 4343 4168 4923
f 4923 4168 4167
f 4363 4362 4972
f 4972 4362 4840
f 4362 4394 4840
f 4840 4394 4839
f 4401 4400 4986
f 4986 4400 4984
f 4435 4434 4841
f 4841 4434 4842
f 4506 4505 4530
f 4530 4505 4531
f 4506 4535 4507
f 4507 4535 4843
f 4661 4660 4516
f 4516 4660 4517
f 4673 4672 4937
f 4937 4672 6547
f 4400 4924 4984
f 4984 4924 5263
f 4673 4660 4674
f 4674 4660 4659
f 4505 4661 4531
f 4531 4661 4516
f 4952 4401 6874
f 6874 4401 4986
f 4954 4153 6875
f 6875 4153 4822
f 4363 4973 4364
f 4364 4973 4974
f 5264 4924 5267
f 5267 4924 4691
f 6293 6292 6876
f 6876 6292 6877
f 6380 4343 6387
f 6387 4343 4923
f 4394 4435 4839
f 4839 4435 4841
f 4672 4434 6547
f 6547 4434 4433
f 4973 6556 4974
f 4974 6556 6878
f 6567 6380 6574
f 6574 6380 6387
f 6292 4954 6877
f 6877 4954 6875
f 6567 5264 6568
f 6568 5264 5267
f 4145 4144 4154
f 4154 4144 4151
f 4194 4144 4425
f 4425 4144 4143
f 4355 4354 5263
f 5263 4354 4984
f 4360 4359 4364
f 4364 4359 4361
f 4444 4359 4392
f 4392 4359 4337
f 4447 4446 4432
f 4432 4446 4433
f 4464 4463 6547
f 6547 4463 4937
f 4519 4518 4654
f 4654 4518 4509
f 4533 4532 4499
f 4499 4532 4498
f 4533 4542 4530
f 4530 4542 4534
f 4519 4532 4516
f 4516 4532 4531
f 4922 4194 4426
f 4426 4194 4425
f 4463 4518 4937
f 4937 4518 4517
f 6555 4951 6874
f 6874 4951 6878
f 4958 4957 6290
f 6290 4957 6291
f 4334 4360 4712
f 4712 4360 4950
f 4985 4354 4419
f 4419 4354 4353
f 5262 4355 5265
f 5265 4355 5263
f 6294 4958 4804
f 4804 4958 6290
f 6386 4922 6384
f 6384 4922 4426
f 4444 4447 4393
f 4393 4447 4432
f 4464 4446 4465
f 4465 4446 4445
f 4985 6555 4986
f 4986 6555 6874
f 6573 6386 6571
f 6571 6386 6384
f 4145 6294 4146
f 4146 6294 4804
f 6573 5262 6574
f 6574 5262 5265
f 4542 4541 6873
f 6873 4541 4559
f 4535 6872 4843
f 4843 6872 4844
f 4104 4103 6879
f 6879 4103 6343
f 4105 6293 6307
f 6307 6293 6876
f 4104 4956 4105
f 4105 4956 6293
f 4956 4104 4957
f 4957 4104 6879
f 4957 6879 6291
f 6291 6879 6309
f 4648 4988 4649
f 4649 4988 4953
f 4802 4803 4928
f 4928 4803 6550
f 6550 4803 6555
f 6555 4803 4951
f 1516 3173 4987
f 4987 3173 5006
f 6519 6518 6558
f 6558 6518 6510
f 6527 6519 6559
f 6559 6519 6558
f 6528 6560 6529
f 6529 6560 6541
f 6548 4625 6549
f 6549 4625 4624
f 6551 6552 4746
f 4746 6552 6505
f 6553 4711 6554
f 6554 4711 4710
f 4802 6551 4713
f 4713 6551 4746
f 6556 4973 4649
f 4649 4973 4646
f 6557 4949 6548
f 6548 4949 4625
f 4648 4647 6553
f 6553 4647 4711
f 6549 4624 4987
f 4987 4624 4838
f 6552 6518 6505
f 6505 6518 6507
f 6561 4372 6529
f 6529 4372 6514
f 6562 4369 6561
f 6561 4369 4372
f 3142 3482 6562
f 6562 3482 4369
f 6556 4952 6878
f 6878 4952 6874
f 4951 4950 6878
f 6878 4950 4974
f 3168 440 3952
f 4204 4203 5341
f 5341 4203 6364
f 4219 4222 6429
f 6429 4222 4383
f 4319 4322 6506
f 6506 4322 4747
f 4340 4714 4341
f 4341 4714 4384
f 4375 4377 6388
f 6388 4377 6546
f 4378 4381 6311
f 6311 4381 4720
f 4449 4341 4387
f 4387 4341 4384
f 4473 4472 4477
f 4477 4472 4474
f 4492 4491 4487
f 4487 4491 4488
f 4523 4491 4522
f 4522 4491 4490
f 4492 4538 4493
f 4493 4538 4555
f 4538 4553 4555
f 4555 4553 4556
f 4620 4615 4621
f 4621 4615 4618
f 4652 4651 4368
f 4368 4651 4365
f 4523 4655 4524
f 4524 4655 4656
f 4553 4667 4556
f 4556 4667 4571
f 4651 1210 4365
f 4365 1210 1209
f 4698 4697 5223
f 5223 4697 6344
f 4340 4339 4322
f 4322 4339 4747
f 4726 4729 5287
f 5287 4729 4198
f 4381 4380 4737
f 4737 4380 6368
f 4836 4835 4451
f 4451 4835 4709
f 4910 6367 4911
f 4911 6367 6366
f 4912 4915 6450
f 6450 4915 6449
f 4927 4836 4450
f 4450 4836 4451
f 4930 4929 4439
f 4439 4929 4436
f 4936 4935 4459
f 4459 4935 4456
f 4473 4655 4470
f 4470 4655 4510
f 4942 4583 4943
f 4943 4583 4572
f 4948 4601 4947
f 4947 4601 4584
f 4949 4835 4625
f 4625 4835 4626
f 4966 4969 6289
f 6289 4969 4695
f 4971 4652 4926
f 4926 4652 4368
f 4203 4977 6364
f 6364 4977 6365
f 4990 4989 4443
f 4443 4989 4440
f 4990 4991 4478
f 4478 4991 4512
f 4992 4991 4528
f 4528 4991 4515
f 4992 4993 4527
f 4527 4993 4485
f 4994 4993 4502
f 4502 4993 4503
f 4994 4995 4482
f 4482 4995 4550
f 4543 4996 4544
f 4544 4996 4995
f 4999 4998 4567
f 4567 4998 4578
f 5000 4998 4575
f 4575 4998 4997
f 5002 5001 4592
f 4592 5001 4574
f 5003 5004 4614
f 4614 5004 4611
f 3483 4215 1755
f 1755 4215 4698
f 5274 5277 4195
f 4195 5277 4223
f 4726 5295 4727
f 4727 5295 6350
f 5309 5342 5310
f 5310 5342 6363
f 5315 5314 5316
f 5316 5314 5317
f 5339 6362 5340
f 5340 6362 5363
f 5310 6363 5339
f 5339 6363 6362
f 4204 5309 4201
f 4201 5309 5308
f 4915 5345 6449
f 6449 5345 6448
f 5345 5315 6448
f 6448 5315 5316
f 5348 5347 6351
f 6351 5347 6352
f 5365 4263 5340
f 5340 4263 4262
f 6295 6298 4733
f 4733 6298 4734
f 4969 6306 4695
f 4695 6306 4696
f 6306 4378 4696
f 4696 4378 6311
f 6369 6372 6544
f 6544 6372 6545
f 4375 6390 4373
f 4373 6390 4374
f 6421 6422 4911
f 4911 6422 4908
f 4910 4909 4737
f 4737 4909 4736
f 5277 4219 4223
f 4223 4219 6429
f 4697 4222 6344
f 6344 4222 4221
f 6436 6361 6437
f 6437 6361 6360
f 6438 6440 6437
f 6437 6440 6434
f 6438 6359 6441
f 6441 6359 6358
f 6442 6441 6357
f 6357 6441 6358
f 6442 6444 6443
f 6443 6444 6445
f 6446 6444 6355
f 6355 6444 6356
f 6446 4912 6447
f 6447 4912 6450
f 6436 6435 5365
f 5365 6435 4263
f 5314 5347 5317
f 5317 5347 5346
f 4319 6512 4320
f 4320 6512 6513
f 6520 6512 6521
f 6521 6512 6508
f 6528 6520 6527
f 6527 6520 6521
f 6532 6539 6533
f 6533 6539 6535
f 6533 6535 6537
f 6537 6535 6534
f 6538 6543 6537
f 6537 6543 6536
f 6295 4377 6296
f 6296 4377 4376
f 4989 4930 4440
f 4440 4930 4439
f 4927 4929 4422
f 4422 4929 4455
f 4449 4936 4388
f 4388 4936 4459
f 4472 4935 4474
f 4474 4935 4932
f 4942 4940 4947
f 4947 4940 4939
f 5001 5000 4574
f 4574 5000 4575
f 4669 4943 4666
f 4666 4943 4667
f 4996 4999 4547
f 4547 4999 4567
f 4948 4946 4620
f 4620 4946 4615
f 5003 5002 4591
f 4591 5002 4592
f 6557 4971 6554
f 6554 4971 4926
f 6532 6560 6539
f 6539 6560 6559
f 6390 6372 4374
f 4374 6372 6371
f 4966 6298 4967
f 4967 6298 6297
f 6538 6526 6369
f 6369 6526 6370
f 6585 6589 4621
f 4621 6589 4619
f 6597 6578 6598
f 6598 6578 6577
f 6606 6583 6607
f 6607 6583 6603
f 6611 6602 6598
f 6598 6602 6596
f 6585 6584 6606
f 6606 6584 6583
f 6597 6580 5004
f 5004 6580 4611
f 6607 6603 6730
f 6730 6603 6732
f 6776 6785 6777
f 6777 6785 6784
f 6785 6776 6792
f 6792 6776 6782
f 6815 6814 6812
f 6812 6814 6813
f 6817 6814 6795
f 6795 6814 6796
f 6825 6784 6827
f 6827 6784 6783
f 6830 6815 6832
f 6832 6815 6812
f 6817 6795 6835
f 6835 6795 6837
f 6792 6782 6730
f 6730 6782 6728
f 6858 6825 6860
f 6860 6825 6827
f 6863 6830 6857
f 6857 6830 6832
f 6864 6863 6856
f 6856 6863 6857
f 6866 6858 6867
f 6867 6858 6860
f 6866 6864 6855
f 6855 6864 6856
f 6835 6837 6611
f 6611 6837 6602
f 6560 6528 6559
f 6559 6528 6527
f 4949 6557 4710
f 4710 6557 6554
f 4430 4090 4175
f 4175 4090 4089
f 4777 4113 4155
f 4155 4113 4086
f 4175 4089 4176
f 4176 4089 4142
f 4199 4271 4200
f 4200 4271 4798
f 4199 4095 4272
f 4272 4095 5273
f 4406 4405 4404
f 4404 4405 4346
f 4410 4409 6877
f 6877 4409 6876
f 4409 4413 6876
f 6876 4413 6307
f 4415 4148 4416
f 4416 4148 4147
f 4690 4405 4344
f 4344 4405 4342
f 4693 4692 4352
f 4352 4692 4349
f 4701 4700 6337
f 6337 4700 6338
f 4778 4777 4081
f 4081 4777 4155
f 4821 4406 4809
f 4809 4406 4404
f 4176 4142 4181
f 4181 4142 4415
f 4760 4970 4399
f 4399 4970 4692
f 4200 5007 4096
f 4096 5007 4078
f 5266 4693 5269
f 5269 4693 4352
f 5270 5007 5361
f 5361 5007 4797
f 4778 5270 4779
f 4779 5270 5361
f 6285 4410 6875
f 6875 4410 6877
f 6308 4413 4687
f 4687 4413 4412
f 6480 6320 6481
f 6481 6320 6880
f 4701 2878 4702
f 4702 2878 3472
f 6339 6347 6340
f 6340 6347 6348
f 6341 6342 6346
f 6346 6342 6345
f 4416 6308 4414
f 4414 6308 4687
f 6385 4690 6381
f 6381 4690 4344
f 5282 6341 5280
f 5280 6341 6339
f 4700 6342 6338
f 6338 6342 5281
f 6340 6348 4272
f 4272 6348 4270
f 6480 6479 4828
f 4828 6479 4829
f 6490 6479 6489
f 6489 6479 6478
f 4090 4430 6490
f 6490 4430 4429
f 6563 6564 4970
f 4970 6564 4815
f 4694 6566 4366
f 4366 6566 6563
f 6572 6385 6568
f 6568 6385 6381
f 4821 6285 4822
f 4822 6285 6875
f 6572 5266 6569
f 6569 5266 5269
f 3482 3103 4369
f 4369 3103 4370
f 3121 4730 3485
f 3485 4730 4327
f 6277 6280 6273
f 6273 6280 6272
f 6267 6276 6278
f 6278 6276 6279
f 6278 6279 6277
f 6277 6279 6280
f 6279 6256 6280
f 6280 6256 6255
f 6256 3857 6255
f 6255 3857 3754
f 3857 3856 3754
f 3754 3856 3755
f 3856 3703 3755
f 3755 3703 3863
f 3703 3702 3863
f 3863 3702 3759
f 3702 3706 3759
f 3759 3706 3670
f 3706 3705 3670
f 3670 3705 3668
f 3705 3773 3668
f 3668 3773 3882
f 3882 3773 3883
f 3883 3773 3707
f 3707 3708 3883
f 3883 3708 3880
f 3708 3710 3880
f 3880 3710 3881
f 3709 5241 3710
f 3710 5241 3881
f 5241 3709 5234
f 5234 3709 3786
f 3693 3712 3786
f 3786 3712 5234
f 4051 4055 4052
f 4052 4055 4056
f 4056 4055 4057
f 4057 4055 4054
f 4066 5238 5236
f 5236 5238 3989
f 4066 4069 5238
f 5238 4069 4035
f 6881 3962 3960
f 3960 3962 3957
f 6883 4070 6882
f 6882 4070 3941
f 4070 6883 4071
f 4071 6883 6884
f 4071 6884 4072
f 4072 6884 6885
f 6885 6886 4072
f 4072 6886 4031
f 3955 6881 3956
f 3956 6881 3960
f 6884 3991 6885
f 6885 3991 3990
f 6883 6887 6884
f 6884 6887 3991
f 6887 6888 3991
f 3991 6888 3992
f 6888 6887 6889
f 6889 6887 6890
f 6887 6883 6890
f 6890 6883 6882
f 4058 5240 3953
f 3953 5240 3954
f 5236 6888 5239
f 5239 6888 6889
f 5237 6886 3990
f 3990 6886 6885
f 4034 4031 5237
f 5237 4031 6886
f 6881 6882 3962
f 3962 6882 3941
f 6881 3955 6882
f 6882 3955 6890
f 3955 3954 6890
f 6890 3954 6889
f 5239 6889 5240
f 5240 6889 3954
f 6888 5236 3992
f 3992 5236 3989
f 3869 3868 3888
f 3888 3868 4015
f 3868 4012 4015
f 4015 4012 4010
f 4012 4022 4010
f 4010 4022 4009
f 4022 4021 4009
f 4009 4021 4018
f 4020 3974 4001
f 4001 3974 3996
f 4021 4020 4029
f 4029 4020 4001
f 4085 4156 4086
f 4086 4156 4155
f 4113 4777 4114
f 4114 4777 4776
f 4130 4129 4094
f 4094 4129 4091
f 4139 4773 4140
f 4140 4773 4772
f 4149 4178 4150
f 4150 4178 5225
f 4160 4159 4087
f 4087 4159 4088
f 4149 4148 4179
f 4179 4148 4141
f 4085 4084 4183
f 4183 4084 6315
f 4179 4141 4159
f 4159 4141 4088
f 4192 4130 4162
f 4162 4130 4094
f 4197 5288 4198
f 4198 5288 5287
f 4229 4766 4230
f 4230 4766 4771
f 4245 4246 4242
f 4242 4246 4249
f 4183 6315 4418
f 4418 6315 6314
f 4679 4178 4680
f 4680 4178 4177
f 4724 4798 4725
f 4725 4798 4271
f 4728 5275 4729
f 4729 5275 5274
f 4230 4771 4249
f 4249 4771 4242
f 4724 4723 4799
f 4799 4723 5355
f 4823 4824 4891
f 4891 4824 6327
f 4823 4192 4161
f 4161 4192 4162
f 4893 4767 4229
f 4229 4767 4766
f 4894 4895 4898
f 4898 4895 4899
f 4106 4150 4103
f 4103 4150 5225
f 4680 4894 4677
f 4677 4894 4898
f 6420 4977 5301
f 5301 4977 4976
f 4679 4678 5226
f 5226 4678 4427
f 5228 5008 4893
f 4893 5008 4767
f 5285 6354 5286
f 5286 6354 5343
f 5289 5352 5290
f 5290 5352 5349
f 5290 5349 5295
f 5295 5349 5348
f 5302 5299 4202
f 4202 5299 4976
f 4725 4271 5311
f 5311 4271 4270
f 5325 4723 5326
f 5326 4723 4722
f 5335 5355 5325
f 5325 5355 4723
f 5326 4722 5286
f 5286 4722 5283
f 4799 5357 4797
f 4797 5357 5361
f 5359 5356 5335
f 5335 5356 5355
f 4775 4774 5356
f 5356 4774 5357
f 5359 5358 4092
f 4092 5358 4093
f 6316 4740 6317
f 6317 4740 4739
f 6318 4827 6316
f 6316 4827 4740
f 6319 4828 6318
f 6318 4828 4827
f 6320 6480 6319
f 6319 6480 4828
f 6484 6322 6485
f 6485 6322 6321
f 6487 6324 6331
f 6331 6324 6323
f 6331 6323 6330
f 6330 6323 6325
f 6325 6326 6330
f 6330 6326 6329
f 6326 6328 6329
f 6329 6328 5231
f 4824 4685 5228
f 5228 4685 5008
f 5226 6343 5225
f 5225 6343 4103
f 4728 4727 6349
f 6349 4727 5284
f 6350 6351 5285
f 5285 6351 6354
f 4247 4246 6418
f 6418 4246 6365
f 6400 6402 6401
f 6401 6402 6459
f 4197 4196 6409
f 6409 4196 6426
f 6412 4897 6328
f 6328 4897 5231
f 6413 4133 6412
f 6412 4133 4897
f 6414 4134 6413
f 6413 4134 4133
f 6415 4225 6414
f 6414 4225 4134
f 6416 4252 6415
f 6415 4252 4225
f 6417 4253 6416
f 6416 4253 4252
f 4253 6417 6366
f 6366 6417 6419
f 6366 6419 4911
f 4911 6419 6421
f 6422 6423 4908
f 4908 6423 5298
f 5298 6423 6396
f 6396 6423 6424
f 6409 6426 6425
f 6425 6426 6397
f 5300 5299 6399
f 6399 5299 6400
f 6465 6408 6401
f 6401 6408 6398
f 6424 6399 6425
f 6425 6399 6398
f 6349 5284 5311
f 5311 5284 5283
f 6465 6464 5289
f 5289 6464 5352
f 6488 6483 6492
f 6492 6483 6482
f 6486 6491 6482
f 6482 6491 6492
f 6491 4895 6492
f 6492 4895 4157
f 6488 4160 6489
f 6489 4160 4087
f 6501 6502 4418
f 4418 6502 4417
f 6504 6500 6317
f 6317 6500 6314
f 3497 3496 6501
f 6501 3496 6502
f 3499 3498 6504
f 6504 3498 6500
f 4729 5274 4198
f 4198 5274 4195
f 6418 6365 6420
f 6420 6365 4977
f 5295 5348 6350
f 6350 5348 6351
f 5301 6422 6420
f 6420 6422 6421
f 4113 4112 4086
f 4086 4112 4083
f 6320 4112 6880
f 6880 4112 4111
f 4091 4772 4092
f 4092 4772 4775
f 4129 4140 4091
f 4091 4140 4772
f 4137 4140 4128
f 4128 4140 4129
f 4128 6324 4137
f 4137 6324 6321
f 6324 6487 6321
f 6321 6487 6485
f 6487 6486 6485
f 6485 6486 6482
f 4774 4773 4779
f 4779 4773 4776
f 4773 4139 4776
f 4776 4139 4114
f 4139 4138 4114
f 4114 4138 4111
f 4138 6322 4111
f 4111 6322 6880
f 6322 6484 6880
f 6880 6484 6481
f 6484 6483 6481
f 6481 6483 6478
f 6879 6343 6309
f 6309 6343 4428
f 4106 4105 4900
f 4900 4105 6307
f 3500 3167 6495
f 6495 3167 6496
f 3500 6495 3070
f 3070 6495 5368
f 3502 5235 3501
f 3501 5235 4813
f 3024 3503 6473
f 6473 3503 6474
f 3503 3023 6474
f 6474 3023 6374
f 3504 1770 4348
f 4348 1770 4345
f 3502 3505 5235
f 5235 3505 4810
f 3498 3497 6500
f 6500 3497 6501
f 3496 3075 6502
f 6502 3075 6275
f 6299 4254 3174
f 3174 4254 3017
f 1769 3501 4814
f 4814 3501 4813
f 3506 3018 6476
f 6476 3018 4257
f 3507 3499 6499
f 6499 3499 6504
f 3030 4216 3483
f 3483 4216 4215
f 3077 3507 6333
f 6333 3507 6499
f 1784 3160 5249
f 5249 3160 6523
f 3015 3506 4240
f 4240 3506 6476
f 3508 3504 6383
f 6383 3504 4348
f 3509 3016 6477
f 6477 3016 4239
f 3028 3509 6467
f 6467 3509 6477
f 3022 1785 5246
f 5246 1785 5247
f 3161 3508 6570
f 6570 3508 6383
f 3150 3149 4694
f 4694 3149 6566
f 1327 4807 3510
f 3510 4807 4811
f 3510 4811 3505
f 3505 4811 4810
f 3146 3511 4816
f 4816 3511 4350
f 3511 1808 4350
f 4350 1808 4351
f 3485 4327 3159
f 3159 4327 4330
f 1326 3512 4806
f 4806 3512 6310
f 3512 1331 6310
f 6310 1331 4688

