Coordinates
version=1
nRows=202
nColumns=34
inDegrees=yes

Units are S.I. units (second, meters, Newtons, ...)
If the header above contains a line with 'inDegrees', this indicates whether rotational values are in degrees (yes) or radians (no).

endheader
time	pelvis_tilt	pelvis_list	pelvis_rotation	pelvis_tx	pelvis_ty	pelvis_tz	hip_flexion_r	hip_adduction_r	hip_rotation_r	knee_angle_r	ankle_angle_r	subtalar_angle_r	mtp_angle_r	hip_flexion_l	hip_adduction_l	hip_rotation_l	knee_angle_l	ankle_angle_l	subtalar_angle_l	mtp_angle_l	lumbar_extension	lumbar_bending	lumbar_rotation	arm_flex_r	arm_add_r	arm_rot_r	elbow_flex_r	pro_sup_r	arm_flex_l	arm_add_l	arm_rot_l	elbow_flex_l	pro_sup_l
      0.00000000	      1.90737105	     -5.57993818	    115.43855205	     -0.01100429	      0.93803372	     -0.05048555	     -6.96003963	      2.03189887	     -1.41807543	     40.84815596	     10.77814650	     -2.40636349	      0.00000000	     34.87027864	      7.81659381	     -3.54081883	     26.95331407	     -0.60453740	     -9.65015587	      0.00000000	    -11.63195802	      6.04919343	     13.20441620	      4.79536759	    -37.63004716	     -6.69751358	     71.24075500	     98.22052062	    -57.31545630	    -67.50916587	    -96.21062473	     69.44449733	    101.30868734
      0.01886790	      2.93545303	     -4.71063537	    118.17664204	      0.01036998	      0.93464741	     -0.02789098	    -12.98696260	      0.65260481	     -3.35184786	     40.68283053	     10.17348526	      4.24047717	      0.00000000	     35.60647624	      6.50068416	     -5.84311142	     24.99717667	      2.28844772	     -6.80229661	      0.00000000	    -11.89618759	      5.08578277	     16.26579373	      1.04369295	    -37.86901976	    -10.54209177	     65.53619506	    100.23019266	    -52.63833085	    -59.79528238	    -91.36130908	     69.25456012	    102.05792165
      0.03773590	      4.52242867	     -4.07452006	    122.28634165	      0.01123644	      0.93940173	     -0.02037599	    -12.06736550	     -0.66724005	     -4.00599852	     53.80801234	     10.24192487	      6.88004940	      0.00000000	     36.70202000	      6.65434416	     -5.74751045	     24.80576072	      3.49695557	     -7.45976660	      0.00000000	    -11.69218160	      5.66213800	     16.88594741	     -2.58266073	    -35.67481020	    -19.60018001	     57.28209096	    100.58634323	    -56.12984981	    -55.83158750	    -96.78283096	     66.95946429	    102.14451236
      0.05660380	      5.02160842	     -3.02880105	    126.77897321	      0.02047806	      0.93789245	     -0.02100959	    -12.62901801	     -2.77797351	     -4.40521988	     67.93252919	     11.60045738	     10.60698262	      0.00000000	     37.49068903	      7.62215768	     -5.60740581	     26.53425019	      5.34476003	     -8.90023455	      0.00000000	    -11.25302463	      5.84146609	     17.60549813	     -5.35177441	    -32.47689905	    -26.92708893	     49.01583350	    102.08995294	    -61.69030954	    -52.12484793	   -103.62367942	     64.79093184	    102.40221038
      0.07547170	      4.48353763	     -1.36466184	    131.38552759	      0.02426586	      0.93695656	     -0.03843375	     -9.64688428	     -6.97162057	     -1.79213345	     89.96668643	     12.25197106	     15.85275336	      0.00000000	     36.72890516	      8.54916891	     -5.57694604	     29.48436363	     10.01515769	     -9.09733808	      0.00000000	    -10.12663954	      6.36869108	     16.26392273	    -10.36394748	    -28.70656904	    -33.98708414	     42.47080561	    103.91212997	    -71.16806430	    -52.14294251	   -114.72022935	     63.46187407	    102.25215488
      0.09433960	      4.97358294	      0.93239417	    136.30158179	      0.01970850	      0.93608580	     -0.05138927	     -5.97023060	    -10.16492734	      4.25910726	    108.39096956	     13.24107334	     22.09568817	      0.00000000	     35.26885594	      8.73693960	     -5.72988732	     30.36101048	     13.76599612	     -7.62335519	      0.00000000	     -9.20001519	      7.50222215	     13.85371190	    -15.55142744	    -24.18993355	    -38.56492314	     39.59000537	    104.95341398	    -84.45021671	    -54.31783860	   -128.92455226	     64.00573400	    101.59000891
      0.11320760	      4.86121291	      3.56269697	    141.37373982	      0.00966524	      0.93339793	     -0.06182244	     -0.10796860	    -12.80328576	     12.37948315	    120.27858908	     14.83313555	     26.82736799	      0.00000000	     33.70689259	      8.90738616	     -6.52957956	     31.93021975	     17.91569273	     -4.06810400	      0.00000000	     -9.86652043	      8.09084731	      9.70059205	    -17.98494939	    -20.05428534	    -40.87702169	     39.64424538	    107.27705117	    -94.99760857	    -55.75882861	   -140.27050446	     62.60914721	    100.65220239
      0.13207550	      4.77564786	      6.70140356	    145.78469030	     -0.00699844	      0.92585969	     -0.06662774	      6.72814117	    -14.13526095	     19.13140763	    126.98960964	     15.75363380	     30.79898234	      0.00000000	     33.64940571	      8.93261389	     -5.72665695	     36.17445619	     22.30368003	     -1.55292890	      0.00000000	    -10.42409084	      9.94830543	      4.75748199	    -21.54308429	    -16.91173687	    -43.58039990	     40.93877348	    108.55455684	   -102.28695368	    -55.96769334	   -145.49943435	     58.15277236	     99.81794548
      0.15094340	      4.94831074	     10.08481879	    146.47904142	     -0.03110535	      0.91116413	     -0.06016567	     13.73531795	    -14.27756652	     20.23160849	    121.12862978	     16.38459009	     25.96428705	      0.00000000	     35.44445361	      8.10104545	     -5.04890634	     42.15463760	     24.95446594	      0.63202979	      0.00000000	    -12.52533695	     13.05522794	     -0.17389386	    -24.25923172	    -16.22542123	    -45.84077209	     41.76401953	    110.05219869	   -107.22011745	    -59.13027566	   -148.64956608	     51.72158611	     98.94372688
      0.16981130	      7.04192467	     13.09690080	    143.28839208	     -0.04862327	      0.89959915	     -0.06257112	     26.63118743	    -13.69785610	     19.07116281	    102.27406796	     13.73001931	     12.06007235	      0.00000000	     38.07494961	      5.10100588	     -3.58673625	     46.44104675	     26.02988832	      1.68756278	      0.00000000	    -15.24996648	     18.04036642	     -5.55350722	    -23.08265352	    -17.83028514	    -42.69565814	     41.53143647	    112.67837741	   -122.89527371	    -69.15087536	   -164.53316672	     41.93992480	     96.92438973
      0.18867920	      7.71482082	     11.70075293	    136.64543864	     -0.07047463	      0.91494066	     -0.08225838	     35.93945121	    -12.95707708	     18.10558141	     56.32585855	      3.51968449	     -9.77164384	      0.00000000	     35.51759592	      4.73947233	     -4.68678938	     41.27993392	     22.86451980	      0.21272081	      0.00000000	    -18.12163469	     19.26492140	     -6.46368780	    -14.86213228	    -21.17465255	    -39.22592939	     41.38812568	    119.46592152	   -221.28596700	    -75.34463679	   -269.47205866	     34.77215381	     91.73429206
      0.20754720	      6.21592781	      8.28809498	    132.95426552	     -0.11118445	      0.93844964	     -0.09916909	     43.91839755	     -8.64537865	     10.30345132	     27.68820665	     -5.32779129	    -10.05258026	      0.00000000	     31.81398609	      8.82870935	     -4.63355445	     35.29069499	     17.47676464	     -3.82798556	      0.00000000	    -20.93593965	     17.38334920	     -7.79919085	     -1.95185301	    -29.10603642	    -37.10851885	     49.01757261	    116.84404664	   -299.60874270	    -61.47893498	   -344.34747934	     44.82706740	    109.86251062
      0.22641510	      5.44592092	      6.46783026	    130.94990385	     -0.14186395	      0.94040507	     -0.09699543	     53.04817692	     -1.86400060	      3.57123161	     16.67657687	     -8.47175529	     -4.32888025	      0.00000000	     30.86888706	     12.01735300	     -4.71791340	     32.84349710	     14.92765694	     -4.55256691	      0.00000000	    -24.72470044	     18.61010773	    -10.10705188	     12.62434192	    -36.89759385	    -30.51310384	     49.45723695	    117.27396438	   -293.84631492	    -49.12161225	   -337.77709640	     50.47587257	    110.69517667
      0.24528300	      6.63028800	      5.41347545	    128.91780449	     -0.13663542	      0.93708149	     -0.10728651	     65.19282218	      1.27584748	      1.67439931	     22.50673833	     -8.75899966	     -5.40790024	      0.00000000	     29.02397341	     11.86932523	     -5.05451976	     25.87704017	     12.01208178	     -4.10090075	      0.00000000	    -25.57867682	     24.82212992	    -11.53829339	     33.83247200	    -42.57474071	    -13.89012636	     45.58652693	    118.53418246	   -268.15100318	    -39.63823867	   -316.63973381	     48.79834740	    112.93277541
      0.26415090	      6.90597955	      4.79859312	    131.44134946	     -0.14330732	      0.93426836	     -0.11488768	     73.55735701	      3.41291927	      0.10489999	     18.91246804	     -9.23659318	     -3.06517888	      0.00000000	     27.48208869	     11.91156874	     -5.63368473	     21.01325851	      8.85260177	     -2.50166435	      0.00000000	    -27.33908305	     27.01433831	    -12.94195422	     44.83650327	    -43.46405776	     -9.89557838	     43.10712669	    118.52103309	   -261.92302441	    -33.40846241	   -311.62113776	     46.13455684	    113.13937651
      0.28301890	      7.97395041	      4.75084675	    133.94486066	     -0.12996081	      0.93978276	     -0.12626330	     82.04376183	      3.81203446	     -0.66716459	     24.96542367	     -6.95534003	     -2.59009140	      0.00000000	     28.69439639	     10.84935459	     -6.69836961	     21.64758745	      8.76307051	     -1.62854724	      0.00000000	    -28.05464893	     27.39425886	    -14.35500662	     44.81265116	    -43.28613624	    -11.38721007	     43.74452455	    118.12020544	   -262.03036067	    -33.10271921	   -313.72364731	     44.63263807	    112.66351030
      0.30188680	      8.00741409	      5.34029232	    135.82362976	     -0.12454293	      0.94675397	     -0.13764342	     85.39557781	      3.67965683	     -2.76814557	     27.73902752	     -5.24344195	     -1.59033043	      0.00000000	     28.84536243	     10.06965963	     -7.49473873	     23.21978205	      8.72341966	      0.00939649	      0.00000000	    -28.90542468	     27.37175051	    -13.62017279	     37.42680026	    -45.30452359	    -21.65291470	     44.48557270	    116.73906286	   -269.94799920	    -39.08280699	   -320.88321205	     41.13587181	    111.49231445
      0.32075470	      7.98461158	      5.57107549	    136.19282788	     -0.13261774	      0.95211145	     -0.15268305	     83.44367725	      4.76061141	     -3.36269210	     24.61097376	     -5.44741389	     -1.27008195	      0.00000000	     27.58569705	      9.84664622	     -7.29457163	     23.55951936	     10.00369558	     -0.15095470	      0.00000000	    -29.15042395	     26.11992314	    -15.31370501	     30.87217927	    -45.34386983	    -23.05846630	     47.62369536	    116.74510283	   -272.34465680	    -40.13025161	   -320.68345202	     39.47793533	    111.62658939
      0.33962260	      7.00444884	      5.16838446	    136.41398556	     -0.14640154	      0.95439356	     -0.17033286	     80.27868845	      5.05728818	     -2.72023209	     24.78474674	     -5.35557472	     -2.05976276	      0.00000000	     26.32015169	     10.52261157	     -7.41896253	     25.45341770	     11.86429538	     -0.32096315	      0.00000000	    -28.93845854	     23.76964414	    -16.64463734	     19.73024553	    -44.72035323	    -30.03139651	     52.84826233	    116.22733034	   -284.82242540	    -42.48961373	   -325.49503824	     44.83449310	    111.23703594
      0.35849060	      6.35453904	      4.16767022	    136.43529403	     -0.16040750	      0.95553926	     -0.19890868	     75.54444527	      4.89589218	     -1.97258032	     25.12015554	     -4.90054986	     -2.66990112	      0.00000000	     26.39273441	     10.32346628	     -7.81690098	     29.98991251	     13.80219161	      0.30453687	      0.00000000	    -28.91732317	     20.48608017	    -17.04583387	      7.22040530	    -41.27934278	    -35.85471417	     57.19493338	    115.92091811	   -300.76797438	    -41.46068028	   -334.67774724	     48.10401018	    110.55649087
      0.37735850	      6.02588037	      2.95401443	    136.18508720	     -0.17643813	      0.95692459	     -0.22448190	     72.50628086	      4.42557514	     -1.37265365	     27.29138319	     -3.99570025	     -3.33974048	      0.00000000	     27.83239922	      9.81609327	     -8.03987786	     36.69631088	     15.86052517	      0.85485144	      0.00000000	    -28.24368422	     18.46102507	    -15.77883405	     -3.87350864	    -39.91615560	    -45.41858043	     54.54070439	    115.28693470	   -310.83631768	    -45.00381759	   -343.29029761	     46.97542392	    110.01283897
      0.39622640	      5.30260104	      1.91316382	    134.76813456	     -0.20356941	      0.95671758	     -0.26625059	     67.06693899	      5.00798361	      0.35206458	     30.61666851	     -1.58536442	     -5.31849737	      0.00000000	     29.78627874	      8.33199017	     -8.81700861	     47.78213675	     16.62607916	      1.89957267	      0.00000000	    -27.25573341	     16.56824959	    -15.09087610	     -9.91618204	    -40.04627549	    -49.87920320	     54.17552731	    115.43456613	   -323.07954263	    -43.23214985	   -353.10749517	     45.27737338	    110.17072227
      0.41509430	      4.16132730	      1.03171787	    133.46931307	     -0.22549613	      0.95349710	     -0.31037710	     61.19623641	      5.22905388	      1.86109138	     34.71282471	      1.78822807	     -6.25489915	      0.00000000	     30.63422545	      6.63650363	     -9.53031689	     57.75791647	     15.71580096	      3.14989145	      0.00000000	    -25.19255017	     14.10220764	    -15.25563791	    -14.43164632	    -38.47893085	    -53.93131532	     55.21871192	    115.38072186	   -331.09277569	    -39.30508412	   -359.78897644	     44.46640393	    110.38030873
      0.43396230	      2.98787135	      1.04044647	    133.70555271	     -0.27597172	      1.01153283	     -0.35843438	     53.79985804	      4.77108657	      2.46484396	     36.11316941	      5.55914667	     -6.52392830	      0.00000000	     30.09037570	      4.33879138	     -8.99686124	     65.94827295	     14.52242250	      3.50000360	      0.00000000	    -23.14510956	     11.14007474	    -13.13601643	    -18.96209015	    -35.59479939	    -54.85486026	     60.37162892	    115.35178226	   -340.75008718	    -35.71639126	   -367.75011447	     62.79296061	    111.05330790
      0.45283020	      1.23197268	      1.00279780	    133.43295057	     -0.34282518	      1.07280625	     -0.42390754	     42.81248595	      3.85587129	      3.49679925	     34.80846083	      9.98134368	     -6.37255263	      0.00000000	     28.89237582	      1.63948468	     -7.27306078	     74.38081364	     11.06420931	      3.35616939	      0.00000000	    -20.44766576	      7.86997613	    -10.08282528	    -17.53314012	    -36.53261389	    -55.32418932	     60.16558337	    115.21193095	   -350.89471231	    -30.66757048	   -371.44692895	     64.73467788	    111.45593734
      0.47169810	      0.61579551	     -0.17301588	    131.82844980	     -0.38494312	      1.10324031	     -0.46586063	     37.13448670	      2.62134632	      4.03838165	     33.61390934	     11.40668145	     -6.13717942	      0.00000000	     28.39996799	     -0.00377185	     -6.02418947	     76.88807627	     11.17009571	      3.41204227	      0.00000000	    -19.24705303	      5.82576584	     -9.87413503	    -15.70254526	    -36.89474035	    -54.42565483	     59.47564834	    115.17823647	   -354.55276769	    -27.23217371	   -373.46643613	     67.27599618	    112.05065236
      0.49056600	     -0.39344599	     -0.79614589	    131.43063245	     -0.41126881	      1.12422151	     -0.50500017	     32.19339178	      1.61328621	      4.24262904	     32.49701894	     12.43994292	     -6.04925055	      0.00000000	     27.69172983	     -1.46706711	     -4.66240053	     79.14982329	     11.22694465	      3.22940655	      0.00000000	    -17.79828832	      4.25092826	     -7.81296415	    -13.27569557	    -39.42022277	    -52.70232031	     57.29901615	    115.26620610	   -357.98752542	    -25.89975736	   -373.93865720	     68.19984424	    112.72136299
      0.50943400	     -1.15453027	     -1.09881210	    132.08008753	     -0.43462169	      1.13348851	     -0.52828602	     29.72119263	      0.21388897	      4.41827661	     33.66791939	     14.52359808	     -5.11785897	      0.00000000	     28.49756491	     -2.75202233	     -3.16701526	     81.81265559	     12.23332194	      2.96316968	      0.00000000	    -17.05140100	      3.56137523	     -5.54690283	     -3.26812842	    -43.56553446	    -47.85722190	     52.24764362	    115.64299734	   -358.88844773	    -24.48799402	   -368.55121863	     64.64614431	    113.94968121
      0.52830190	     -1.86794590	     -1.07638726	    132.95546247	     -0.45448791	      1.13797807	     -0.53659069	     28.01971291	     -1.42072520	      4.61476284	     34.64335187	     15.40851230	     -4.23068471	      0.00000000	     29.91419004	     -3.85106581	     -2.33420509	     84.04349433	     13.54967030	      2.83536632	      0.00000000	    -16.70998783	      3.51105726	     -4.02026063	      4.35273289	    -45.67130417	    -44.30462595	     48.49101561	    116.00985116	   -358.91557513	    -23.00905935	   -363.42360284	     61.22366580	    114.94827844
      0.54716980	     -2.46715803	     -0.94230184	    133.29237486	     -0.46997059	      1.14009230	     -0.53612466	     26.76899283	     -2.74408619	      4.98843888	     35.02648534	     15.25944257	     -4.11754304	      0.00000000	     30.35980520	     -4.11223582	     -1.83682094	     84.83700032	     14.76831186	      2.65462309	      0.00000000	    -16.51412125	      3.66327066	     -3.36048775	      9.43620721	    -46.19661782	    -41.28274851	     46.03750500	    116.39968377	   -359.06301987	    -21.66986562	   -359.46078403	     58.76056764	    115.74236212
      0.56603770	     -2.78336142	     -0.62135564	    134.82048577	     -0.49385897	      1.14317175	     -0.53201902	     24.33979693	     -4.47541821	      5.41114144	     33.93550419	     15.36907350	     -3.53646687	      0.00000000	     31.85724468	     -4.80798181	     -2.56326325	     85.05272046	     15.56037833	      2.40445648	      0.00000000	    -16.10926322	      3.68845335	     -1.88202660	     13.10754527	    -45.34286618	    -38.61292340	     46.14823286	    116.68578985	   -359.00360007	    -19.69735958	   -357.09308180	     55.76022467	    116.08508914
      0.58490570	     -2.97262199	      0.11321878	    136.93631411	     -0.52570801	      1.14544418	     -0.52365204	     20.71550698	     -6.43225226	      5.38237652	     31.73614426	     15.24464750	     -2.79337688	      0.00000000	     31.85251541	     -5.82692406	     -3.50580737	     80.42393900	     16.66686486	      1.78783111	      0.00000000	    -15.75427345	      3.83258839	     -1.67201064	     13.36799232	    -42.98117335	    -36.48846020	     47.82641797	    116.90400870	   -360.00653505	    -18.23983221	   -356.67528923	     54.32012898	    116.27065781
      0.60377360	     -2.86048445	      1.22325387	    140.16233210	     -0.57196926	      1.14698783	     -0.51145209	     14.99223774	     -8.58490690	      4.81767126	     27.49060399	     14.97534938	     -2.09621551	      0.00000000	     31.14212631	     -6.94215673	     -4.88761760	     69.55683178	     17.01120538	     -0.09079149	      0.00000000	    -15.15872634	      3.65142037	     -0.84378638	     11.11338206	    -38.22779902	    -36.33497812	     48.49876852	    116.81235180	   -361.29196050	    -16.29857183	   -357.43720240	     52.80929138	    116.29341179
      0.62264150	     -2.72005699	      2.45753584	    144.73415727	     -0.62453443	      1.14150977	     -0.49495317	      9.84787870	    -10.54599913	      4.13249946	     25.68823787	     14.72503654	     -2.57917316	      0.00000000	     29.69536419	     -7.53479858	     -6.42729347	     56.91563544	     17.11419477	     -1.31969225	      0.00000000	    -14.73049964	      3.24675362	     -0.74045358	      9.74045786	    -33.93976663	    -36.06459512	     47.67008501	    116.69719305	   -359.64909157	    -14.61197149	   -357.52855759	     49.83647494	    116.33574575
      0.64150940	     -3.03412693	      3.63444134	    149.87276351	     -0.66948765	      1.13975459	     -0.47884030	      5.45373357	    -12.18510681	      3.78314410	     25.59336307	     13.98892159	     -3.55834998	      0.00000000	     26.89303154	     -7.64190966	     -7.40493205	     46.42781712	     16.59870160	     -1.53738694	      0.00000000	    -14.09352170	      3.10637554	     -2.08359826	      6.30650414	    -30.39085660	    -37.01412656	     48.67221811	    116.48248723	   -357.99218315	    -14.04656098	   -359.05916362	     47.82206070	    116.25226383
      0.66037740	     -2.91224464	      4.21803988	    154.76520251	     -0.71058375	      1.13463035	     -0.45902587	      2.97589313	    -13.55159859	      4.14017342	     27.03987666	     12.95312717	     -5.00160113	      0.00000000	     25.44960760	     -7.33374186	     -7.89989573	     40.21741095	     16.06585600	     -1.25794084	      0.00000000	    -13.38768270	      2.85123030	     -3.72967447	      3.41999329	    -27.40062478	    -39.59031580	     48.13544813	    116.11670760	   -356.35698078	    -13.62644392	   -360.17209623	     46.99647521	    116.17280022
      0.67924530	     -3.42665364	      4.81345125	    158.80519740	     -0.72360062	      1.14276420	     -0.44612887	      1.67050389	    -14.34636630	      5.38266669	     31.61176352	     11.44540469	     -6.66634682	      0.00000000	     23.36367229	     -6.43808644	     -7.18552655	     37.07837098	     15.44136628	     -1.74087836	      0.00000000	    -12.97899130	      2.78343472	     -4.68222272	      0.84864647	    -25.02167169	    -42.27946971	     48.92466562	    115.76896782	   -355.91472140	    -13.95138686	   -359.72872960	     49.47513119	    116.31733238
      0.69811320	     -3.64851903	      5.07881548	    161.79161642	     -0.73775114	      1.14365272	     -0.43334159	      1.45000780	    -14.14723251	      6.88536739	     38.80786359	      9.94964607	     -7.78370111	      0.00000000	     22.66672091	     -5.17634858	     -5.71934023	     36.26951799	     15.78681846	     -1.60125998	      0.00000000	    -12.45849560	      2.17637431	     -5.71595861	      0.29489048	    -22.96052723	    -41.51691930	     48.01165656	    115.83506305	   -354.57735840	    -14.17515311	   -358.78832110	     49.37326813	    116.44083563
      0.71698110	     -3.85602157	      5.12657931	    165.00727904	     -0.76037086	      1.14479555	     -0.41835761	      2.66398890	    -13.15606951	      9.00321081	     49.39467225	      7.97473962	     -8.39604178	      0.00000000	     21.46023156	     -3.39850083	     -4.32749610	     35.39041181	     16.40278172	     -1.52008910	      0.00000000	    -11.94488455	      1.32654559	     -7.01046000	     -0.22400502	    -20.75207180	    -42.15852039	     45.49574850	    115.77746488	   -351.87394860	    -14.60705479	   -358.92697246	     48.54674813	    116.41725140
      0.73584910	     -3.75281612	      5.00038879	    168.04583915	     -0.78369734	      1.14511730	     -0.40704744	      2.98673956	    -11.93542215	     10.37411928	     56.76747801	      7.44246644	     -7.39124373	      0.00000000	     20.72633739	     -2.07455660	     -3.29319254	     35.07244096	     17.31671649	     -1.00671744	      0.00000000	    -11.50886311	      0.82821379	     -8.19601174	     -0.74210036	    -19.43439633	    -42.08563579	     44.33662988	    115.85797805	   -350.41604858	    -15.37248710	   -358.21517878	     48.69606198	    116.51109095
      0.75471700	     -3.72684371	      4.84552447	    170.96791016	     -0.80693363	      1.14492184	     -0.39666611	      3.44383394	    -10.96827368	     11.33307861	     63.23096275	      7.81327244	     -5.92149562	      0.00000000	     20.08781493	     -0.89558971	     -2.71798794	     35.32622980	     18.38354909	     -0.42651751	      0.00000000	    -11.16991917	      0.41151318	     -9.42724772	     -1.83217784	    -18.07081576	    -41.75053543	     42.54266261	    116.01938214	   -349.63445054	    -15.53322313	   -356.57252736	     48.54420906	    116.71172222
      0.77358490	     -3.82636037	      4.44022224	    173.96084119	     -0.83320348	      1.14172304	     -0.38436787	      8.16303429	    -10.48402321	     12.78837075	     72.79591677	      8.44819725	     -4.18887567	      0.00000000	     19.98469085	      0.73890497	     -2.63641565	     37.66249999	     21.04031944	     -0.24833031	      0.00000000	    -11.21131837	     -0.06314848	    -11.15586609	     -2.95818520	    -17.30225183	    -41.13675019	     41.12528131	    116.34098129	   -347.78869177	    -15.37269071	   -352.56627190	     49.33028554	    117.19876279
      0.79245280	     -3.86992505	      4.41975945	    177.11893092	     -0.85831492	      1.13831243	     -0.37128921	     11.83515156	     -9.60306761	     13.89817583	     77.99086267	      9.99621084	     -2.80013507	      0.00000000	     19.87946479	      1.96988253	     -2.62179859	     40.20064571	     23.41278143	     -0.12650779	      0.00000000	    -11.51201803	      0.10684099	    -12.67090611	     -3.39431011	    -17.20216631	    -41.22749520	     38.59510796	    116.57038955	   -345.80264491	    -15.49662772	   -348.44473671	     49.19344472	    117.68555145
      0.81132080	     -3.76499882	      4.50876176	    179.58539222	     -0.88736651	      1.14412447	     -0.35624884	     15.82911160	     -7.49912475	     13.87122836	     78.32383569	     10.10053842	     -4.30031011	      0.00000000	     16.30887492	      3.34667834	     -2.53532842	     37.07831466	     23.70567129	     -0.06017587	      0.00000000	    -11.16071771	      1.00258514	    -13.85009287	     -5.98907068	    -16.56289776	    -41.69348814	     37.18748157	    116.74969345	   -345.51824415	    -16.50454517	   -344.82883882	     51.75653081	    118.12377111
      0.83018870	     -3.76563794	      4.62377378	    181.36338109	     -0.91588326	      1.15134539	     -0.34092217	     18.70294908	     -5.63905032	     12.32659432	     74.85619482	     10.11482733	     -6.07908420	      0.00000000	     11.81951003	      4.44646866	     -2.39213833	     32.34603798	     22.72690786	      0.22541269	      0.00000000	    -11.07083990	      1.64861740	    -15.22779581	     -7.01432826	    -15.93768898	    -42.83653021	     36.11330415	    116.88389021	   -344.33077415	    -17.24610358	   -342.02217617	     53.41305851	    118.39427217
      0.84905660	     -3.77061198	      4.79099310	    182.90308708	     -0.94407560	      1.15778672	     -0.32766056	     21.59417019	     -3.92327719	     11.01695723	     69.56248705	      9.95277073	     -7.60151363	      0.00000000	      6.98704836	      5.14129715	     -2.29639076	     26.93486342	     21.26030017	      0.91155693	      0.00000000	    -10.38744408	      2.29496806	    -16.36154836	     -9.31729730	    -14.94414119	    -43.60569846	     35.14924620	    116.93723527	   -344.70036288	    -18.59729731	   -339.77886438	     56.74925828	    118.63996578
      0.86792450	     -4.11540703	      4.74923415	    185.38250926	     -0.97446481	      1.16277058	     -0.31389359	     23.08250012	     -2.63038890	      9.53824021	     61.31421987	      9.44428955	     -8.73075722	      0.00000000	      1.33003837	      5.80413601	     -1.71862505	     20.86719522	     19.19585001	      2.13553890	      0.00000000	    -10.26117703	      2.59321456	    -17.28311617	    -10.97865557	    -13.87004308	    -43.90939612	     34.80235726	    117.07966097	   -344.80425988	    -19.65872013	   -338.73843601	     58.72236610	    118.71258363
      0.88679240	     -4.40720841	      4.75528019	    187.98424161	     -1.00530728	      1.16402491	     -0.30178175	     21.99146913	     -1.36899386	      8.16513447	     49.83776888	      9.07954609	     -8.45717839	      0.00000000	     -3.33920940	      5.90962980	     -0.92929766	     16.61265819	     17.15118270	      3.17420827	      0.00000000	    -10.04625209	      2.91775429	    -17.60683075	    -13.52809884	    -12.90100432	    -44.70066113	     33.89011270	    117.15118659	   -345.87385636	    -20.37402571	   -338.53862136	     61.33640937	    118.67755371
      0.90566040	     -4.08503397	      4.41634728	    190.61725852	     -1.04110128	      1.16071226	     -0.28960423	     21.14948042	     -0.82453687	      6.68580782	     36.76448561	      8.06895431	     -7.52611647	      0.00000000	     -6.99067872	      6.06071204	     -0.13232325	     13.98229566	     16.04710620	      4.49935576	      0.00000000	     -9.88110269	      2.88279781	    -18.54609065	    -14.28300012	    -12.43457775	    -45.10583394	     33.34707018	    117.27035214	   -346.07203627	    -20.41229764	   -337.43175495	     61.80457833	    118.70275598
      0.92452830	     -3.42960599	      3.91518028	    192.70530259	     -1.07739742	      1.15389273	     -0.27681341	     20.74183621	     -0.19376249	      5.79040898	     26.87116108	      7.20270838	     -6.17997360	      0.00000000	     -9.73468839	      6.29694087	      0.55596040	     12.81366510	     15.87925946	      5.25484653	      0.00000000	     -9.89712827	      2.64380903	    -19.01309949	    -14.75715868	    -11.79431470	    -45.35874492	     34.00406556	    117.37501585	   -346.82412764	    -20.49660012	   -336.42070804	     62.82175033	    118.74156072
      0.94339620	     -3.12316842	      3.37251787	    194.06882731	     -1.11224370	      1.14503246	     -0.26134628	     20.29733191	      0.80881493	      4.34788931	     19.96934762	      6.47810741	     -4.97906639	      0.00000000	    -12.69468401	      6.65367059	      1.06050366	     12.03297060	     15.64435199	      5.69902891	      0.00000000	     -9.68482229	      2.02895233	    -19.49667595	    -14.54743689	    -11.28189292	    -45.84334887	     34.18055765	    117.42725477	   -348.23628311	    -20.57153232	   -337.71382448	     61.45552453	    118.54665976
      0.96226410	     -3.14795485	      2.96575285	    194.94235038	     -1.14674636	      1.14138965	     -0.24232977	     19.75806541	      2.17313914	      2.58587069	     17.28679063	      6.14493285	     -4.75580707	      0.00000000	    -15.00696865	      6.89789509	      1.04610168	     12.98435333	     15.33735070	      5.82788742	      0.00000000	     -9.27613089	      1.39717156	    -19.80692526	    -15.15911183	    -10.49069584	    -46.11533998	     35.30407565	    117.50082822	   -350.77271144	    -20.82027764	   -340.96747105	     60.24893400	    118.19282311
      0.98113210	     -3.11322774	      2.44489469	    195.83959267	     -1.18117875	      1.13689497	     -0.21897619	     19.22170399	      3.02961337	      0.25631436	     13.73164427	      5.09008993	     -3.91948717	      0.00000000	    -16.88819190	      7.16052002	      0.83879680	     14.69862432	     15.00096276	      6.62845347	      0.00000000	     -8.99582506	      1.10152097	    -19.08685500	    -15.70896989	    -10.76150019	    -47.82186570	     36.14732065	    117.37982249	   -354.39842202	    -21.04401389	   -346.08664245	     59.11929562	    117.69787569
      1.00000000	     -2.94729223	      1.99453750	    197.39680321	     -1.21339744	      1.13095926	     -0.19209126	     19.32150540	      3.80767968	     -1.36680111	     13.34974558	      4.53755894	     -3.85122836	      0.00000000	    -16.20982726	      6.81352717	     -1.02016125	     20.88645353	     15.30500626	      8.62833963	      0.00000000	     -8.93099259	      0.60908702	    -18.20364859	    -15.01763954	    -12.04656456	    -48.16708373	     38.43533504	    117.58600878	   -357.48295028	    -20.66204356	   -351.50683570	     56.44083150	    117.26719534
      1.01886790	     -3.00574635	      2.37883232	    198.88677186	     -1.24397949	      1.13035304	     -0.18150305	     18.83736233	      4.61210554	     -2.04319312	     16.43765011	      5.18694880	     -5.12744845	      0.00000000	    -12.80098751	      4.72327765	     -4.82118581	     33.99023175	     13.19284298	     10.95247546	      0.00000000	     -8.39470669	      1.20138606	    -16.83772746	    -15.17703138	    -13.32267612	    -49.45357837	     40.52420372	    117.57255918	   -360.82431091	    -19.86171597	   -356.08664558	     54.81878016	    116.89765356
      1.03773590	     -3.44618338	      2.89632433	    199.62967140	     -1.27545476	      1.13406448	     -0.16761708	     17.82923136	      5.59090321	     -1.93182830	     19.36145426	      6.51859933	     -6.62485114	      0.00000000	    -10.33067301	      1.88752357	     -6.85234428	     44.98737311	      9.30121196	     11.71945259	      0.00000000	     -8.06619287	      1.86250036	    -15.99374798	    -16.16307242	    -13.86288783	    -50.38944056	     40.45563343	    117.64118086	   -364.72382371	    -19.72167928	   -359.53904817	     56.82584852	    116.76835717
      1.05660380	     -3.68819665	      3.15334908	    200.41845766	     -1.30603708	      1.13624901	     -0.15341268	     16.96171917	      6.33363306	     -1.16367230	     22.22070320	      8.70877806	     -7.76879233	      0.00000000	     -7.48454448	     -0.32659478	     -7.00106047	     53.48882739	      6.57758112	     10.33833002	      0.00000000	     -7.94186343	      2.42557294	    -14.41718814	    -16.26543371	    -15.13180230	    -50.37817006	     40.59744023	    117.86261599	   -366.67422576	    -19.86724471	   -360.64047284	     60.05752826	    116.91862854
      1.07547170	     -4.19589659	      3.32177642	    200.98285346	     -1.33416309	      1.13748216	     -0.13866608	     16.08904492	      7.02134380	     -0.10857611	     25.32317562	     11.57406013	     -8.15265693	      0.00000000	     -4.17859797	     -2.34030852	     -6.39614744	     60.50036039	      5.65857167	      8.14247881	      0.00000000	     -8.64029882	      3.03059835	    -12.14729056	    -13.37252065	    -17.31346158	    -51.01369728	     39.39138659	    117.84981112	   -366.44784092	    -19.99788534	   -361.50815932	     60.44297753	    116.92813147
      1.09433960	     -3.87484381	      3.62037111	    201.77736410	     -1.35864234	      1.13760803	     -0.12372820	     16.39609004	      7.20141284	      0.20788832	     28.55093156	     14.35143948	     -7.62233363	      0.00000000	      1.46894409	     -4.01039232	     -4.88909745	     67.91668480	      5.96119368	      6.36898012	      0.00000000	     -8.92188290	      3.45554016	     -9.93630783	    -10.99243118	    -18.38135642	    -50.57154911	     38.04227620	    118.09659048	   -366.53164331	    -19.72351805	   -364.81593268	     58.18743694	    116.74832452
      1.11320760	     -3.79646841	      3.56854757	    202.03051031	     -1.38028508	      1.13931683	     -0.10832194	     16.05756438	      6.91335158	      0.20485723	     30.86261139	     16.79729230	     -6.17497885	      0.00000000	      4.42192178	     -5.24824729	     -3.64699042	     71.17479232	      7.53513145	      5.28748538	      0.00000000	     -9.28969150	      3.41880622	     -8.86949314	     -8.57746946	    -18.88530198	    -48.96308284	     38.77710868	    118.54034019	   -366.67099749	    -19.35757665	   -367.98590298	     55.60792205	    116.62556955
      1.13207550	     -3.64285245	      3.25779941	    202.22676777	     -1.39808800	      1.14291323	     -0.09338838	     15.34542257	      6.13863997	     -0.08696961	     31.73474308	     18.16756331	     -4.45105828	      0.00000000	      6.53386941	     -5.91012122	     -2.33080818	     72.58313165	      8.84626317	      4.09537158	      0.00000000	     -9.63273647	      3.02483288	     -7.47630069	     -5.71200327	    -19.92855700	    -46.70400838	     39.18202027	    119.10117616	   -367.14806518	    -19.21384754	   -370.30961106	     53.66431978	    116.68987823
      1.15094340	     -3.72880036	      3.05258941	    202.32999549	     -1.41868711	      1.14675113	     -0.07840839	     13.99727616	      5.75868183	      0.22834958	     32.02180300	     19.25497091	     -3.73989063	      0.00000000	      9.18289567	     -6.43386236	     -1.11063177	     74.35349315	      9.84174777	      2.83150247	      0.00000000	     -9.96096999	      3.04905055	     -5.12291982	     -1.66646218	    -20.88645676	    -44.78383778	     39.65868117	    119.41296009	   -367.19656012	    -18.94782859	   -371.64662885	     49.27067946	    116.59021365
      1.16981130	     -3.82522944	      3.32247028	    202.96972546	     -1.45394919	      1.14979608	     -0.05757371	     11.18417207	      5.73003677	      0.36109183	     31.81671586	     21.63224104	     -2.09493087	      0.00000000	     15.23952993	     -6.43032018	      0.60148976	     73.71642062	     10.73670607	     -0.33424206	      0.00000000	    -10.41637958	      2.81763613	     -2.00889195	      3.99736039	    -21.94014042	    -36.89042521	     42.80162657	    119.74817918	   -367.29635476	    -18.18818489	   -372.31960817	     43.97501202	    116.62896392
      1.18867930	     -3.97733502	      3.10145815	    202.98148620	     -1.48021889	      1.14990245	     -0.03973886	      9.38387279	      4.98737419	      0.34908308	     32.76306973	     22.84189159	     -0.43250460	      0.00000000	     17.65343763	     -6.17396949	      0.73538239	     70.90928685	     12.52647799	     -1.29994621	      0.00000000	    -10.47607291	      2.26614337	     -1.06496813	      6.78294618	    -22.24967889	    -32.11055461	     44.46465192	    119.72825008	   -368.34405886	    -18.24289392	   -373.44739421	     42.07878330	    116.72662961
      1.20754720	     -4.03912043	      3.23520741	    202.94381745	     -1.51382255	      1.15590793	     -0.02241163	      4.09932335	      4.98530404	      0.78982887	     27.43024220	     22.03126644	      1.15264637	      0.00000000	     22.76611511	     -5.20434563	      1.32614414	     66.00033971	     12.10843199	     -3.87690033	      0.00000000	    -10.64285546	      2.26519478	      1.20443225	      7.50727706	    -20.67677067	    -25.07017399	     49.00848809	    119.72349542	   -369.98947681	    -16.98759602	   -373.99572893	     41.20763933	    116.76804904
      1.22641510	     -4.33024401	      3.30396588	    203.38691908	     -1.54738375	      1.15822340	     -0.00485356	     -1.95420195	      5.06345293	      1.62391227	     21.46217363	     20.90619827	      2.75633440	      0.00000000	     26.81124194	     -3.78952315	      0.96831943	     58.47918016	     11.61629241	     -5.39313616	      0.00000000	    -10.99951659	      2.25611073	      3.63367731	      9.24660150	    -20.05934728	    -18.25243489	     53.54631892	    119.58053049	   -372.36299795	    -15.53468968	   -375.45654071	     40.67572847	    116.66305965
      1.24528300	     -4.31307198	      3.65727688	    202.98784037	     -1.57756690	      1.15480475	      0.01354138	     -6.04567972	      4.92626168	      2.31837751	     18.13386157	     19.68700652	      4.25102386	      0.00000000	     27.43737060	     -3.23113895	      0.37865101	     47.21170478	     10.78449188	     -4.55002065	      0.00000000	    -10.60815897	      2.61017947	      4.69847999	      9.29241003	    -19.55997612	    -13.19060223	     60.37222272	    119.65061180	   -374.17217807	    -13.86562034	   -376.84154356	     39.99188149	    116.49356602
      1.26415090	     -4.88188245	      3.47967308	    202.27503739	     -1.60773780	      1.15017364	      0.03122573	    -10.34235908	      4.44218054	      3.26811120	     15.98267434	     18.76100903	      5.16703352	      0.00000000	     25.82001929	     -2.95576941	     -0.51615379	     35.37240428	      8.78997294	     -3.02373564	      0.00000000	    -10.66620756	      2.44992176	      5.24811956	      8.61147727	    -19.44124890	    -11.12302093	     67.63260604	    119.35260406	   -377.01927724	    -12.14011416	   -378.57574038	     41.27731280	    116.34515489
      1.28301890	     -5.12082139	      3.77647373	    201.97910060	     -1.64155770	      1.14680713	      0.04979424	    -13.57732079	      4.28924032	      4.10992134	     15.46394361	     18.48441341	      5.80387152	      0.00000000	     24.33594936	     -3.09301804	     -0.92108943	     23.88168865	      6.69001560	     -0.86450144	      0.00000000	    -10.38524381	      2.71472216	      6.56275171	      8.78068173	    -19.44048715	     -8.08229818	     71.36627044	    119.26379820	   -377.85875942	    -10.92081737	   -379.95487325	     39.30539908	    116.22355595
      1.30188680	     -5.34619811	      3.83425369	    201.45300655	     -1.67541678	      1.14239316	      0.06987709	    -16.14700738	      3.67100836	      4.77730024	     16.43548373	     18.52515758	      6.52054912	      0.00000000	     22.96134614	     -3.80811430	     -1.39740768	     15.39420316	      4.67206940	      1.54699105	      0.00000000	    -10.26260973	      2.64497408	      7.27552139	      8.24876125	    -19.60445438	     -6.80718785	     72.52405787	    118.97388128	   -378.88050480	    -10.15683788	   -381.31778190	     37.90231951	    116.17483748
      1.32075470	     -5.61604498	      3.79670954	    201.50522467	     -1.70664306	      1.13790559	      0.09259426	    -17.51183938	      2.89397329	      4.85919683	     19.58244264	     18.36046455	      6.87650805	      0.00000000	     22.00148289	     -4.43887275	     -1.72656442	     10.79886172	      3.18513731	      3.31105243	      0.00000000	    -10.07730647	      2.63302385	      7.12076090	      6.35028630	    -18.82121293	     -6.61808864	     73.30569689	    118.72233081	   -378.75266769	     -9.27945357	   -382.37156094	     36.08619599	    116.15505350
      1.33962260	     -5.80187229	      3.92179263	    201.84700218	     -1.73251317	      1.13254231	      0.11413990	    -18.36586992	      2.40510376	      4.98817157	     22.52953053	     18.16760871	      6.78709973	      0.00000000	     21.78167369	     -5.11935934	     -1.60763092	      9.30925803	      2.22202213	      4.19305266	      0.00000000	    -10.13770201	      2.81047442	      6.62535379	      4.38746081	    -17.77498236	     -6.03082873	     72.97528767	    118.70410028	   -378.43347161	     -8.88584844	   -382.30352100	     36.00594820	    116.21039038
      1.35849060	     -5.98708449	      3.30309299	    202.26579196	     -1.76182749	      1.12521328	      0.14051519	    -18.69986116	      1.04592475	      4.83389616	     27.63801487	     17.77506177	      6.59618727	      0.00000000	     21.46419812	     -5.00525113	     -1.96409474	     10.96274391	      1.88169651	      3.79656280	      0.00000000	    -10.37473109	      2.38464108	      5.89608284	      3.00008497	    -16.43414080	     -6.18176046	     72.88077856	    118.61091409	   -377.80520945	     -8.88494399	   -382.38506264	     34.89159627	    116.28470058
      1.37735850	     -5.24145855	      2.18794971	    201.72719795	     -1.79817308	      1.11161586	      0.17466562	    -15.51925430	     -2.06974643	      3.98924707	     39.05861802	     15.90902204	      7.42407216	      0.00000000	     22.65447437	     -3.85612679	     -1.47783752	     17.37123754	      2.71746691	      1.13256278	      0.00000000	     -9.81537918	      0.94372428	      5.37621366	      1.09937528	    -15.10834929	     -6.97226685	     71.86565999	    118.44338138	   -377.33417816	     -9.68768411	   -381.53538754	     34.45440936	    116.69835634
      1.39622640	     -5.05966829	      1.37055768	    201.77637049	     -1.82043450	      1.10988346	      0.18343855	    -13.93907045	     -4.07818395	      3.99891935	     46.20680206	     13.29809257	      6.82124508	      0.00000000	     23.21857623	     -3.02459059	     -0.75259237	     21.71078854	      3.80807569	     -0.56732034	      0.00000000	     -9.90115171	     -0.13757579	      4.80315360	      0.01943044	    -14.23533728	     -6.71024910	     71.81396103	    118.44924591	   -376.60557073	    -10.18857238	   -380.28740917	     34.45944724	    117.13489142
      1.41509430	     -4.84008240	      0.48756347	    201.88610807	     -1.84662588	      1.11140222	      0.19690338	    -11.48505219	     -6.04276291	      4.11763573	     53.92166161	     10.98037863	      5.98471945	      0.00000000	     23.70347817	     -1.82879081	     -0.05865686	     26.55126700	      6.36696344	     -2.26240024	      0.00000000	     -9.86485414	     -1.04278239	      4.29864928	     -1.16094354	    -13.35971067	     -6.83092969	     69.73569852	    118.44194892	   -374.93421763	    -10.66680296	   -378.94936480	     34.88026178	    117.53828177
      1.43396230	     -4.74353729	     -0.45800333	    202.17129517	     -1.87581117	      1.10820810	      0.21517461	     -8.90822689	     -7.92725828	      4.40242590	     61.76727163	     10.25250886	      5.76443285	      0.00000000	     25.14474592	     -0.23360914	      0.56974547	     34.11277773	     11.05971097	     -3.98631395	      0.00000000	    -10.20688268	     -1.53608023	      3.58509706	     -2.15816707	    -12.03391038	     -7.73659681	     63.38940359	    118.36939497	   -372.00056988	    -10.91383120	   -377.95035625	     34.84243023	    117.81451303
      1.45283020	     -4.49570813	     -1.14125150	    202.55581749	     -1.90388465	      1.10336180	      0.23492663	     -4.14801641	     -8.97106941	      5.60553653	     70.44484121	      9.65706957	      5.21337134	      0.00000000	     26.46066034	      1.30605503	      0.70899621	     40.92451166	     16.15063479	     -4.61655209	      0.00000000	    -10.26723193	     -2.13899137	      2.86567676	     -2.19064468	    -11.04869445	     -7.72069167	     57.38013201	    118.51721728	   -368.44209574	    -11.49638525	   -377.27939190	     34.54601685	    118.03364147
      1.47169810	     -4.40829559	     -1.85079638	    203.09615145	     -1.93611113	      1.10087280	      0.25835587	      3.32096023	     -8.63641648	      7.37605445	     79.91037655	      9.35815576	      3.74279311	      0.00000000	     26.18045544	      2.80344168	      0.43733218	     45.94926337	     21.21711436	     -4.18803429	      0.00000000	    -10.65725623	     -3.11830692	      1.10044737	     -2.03641829	     -9.61238920	     -9.54689098	     45.33015772	    118.51152595	   -363.16793972	    -12.42970713	   -376.72745303	     32.71661523	    118.13476285
      1.49056600	     -4.81302351	     -2.06954662	    203.52999283	     -1.96293155	      1.10125068	      0.27822059	      8.27536258	     -7.69987876	      7.69880326	     84.91121037	     11.03052365	      3.23373192	      0.00000000	     25.05010230	      3.60257259	      0.67815941	     49.23177371	     24.28647777	     -4.13136736	      0.00000000	    -11.49487893	     -3.12775586	     -0.51464405	     -2.42742233	     -8.57279839	    -11.85013078	     38.85052720	    118.31821217	   -361.32392387	    -12.95794383	   -376.47452449	     33.07620626	    118.16075971
      1.50943400	     -4.96132319	     -2.02164397	    203.70660121	     -1.98714007	      1.10512987	      0.29828624	     12.11623466	     -6.44022616	      7.41783120	     85.77176063	     12.07123445	      1.72173697	      0.00000000	     23.00842243	      4.17064747	      0.82314386	     49.74343825	     25.81462157	     -3.52174077	      0.00000000	    -11.37120546	     -3.12133503	     -1.85442204	     -3.76746473	     -7.75479809	    -14.47068862	     34.04393553	    118.08476605	   -360.84131652	    -13.87159035	   -377.07910234	     33.34363690	    118.02306482
      1.52830190	     -5.15548165	     -1.81068403	    204.07265204	     -2.00946671	      1.11317341	      0.31706601	     14.71657291	     -5.02600530	      6.49607564	     83.70152932	     12.71035821	     -0.23087574	      0.00000000	     19.90538743	      4.31410359	      0.83852446	     47.65343414	     26.14030820	     -2.76054206	      0.00000000	    -11.33673904	     -2.92058452	     -3.33292652	     -5.83622243	     -6.84329504	    -17.36005612	     32.44506609	    118.02836375	   -360.66503789	    -14.26030897	   -378.07526926	     34.33952128	    117.75875133
      1.54716980	     -4.89671480	     -1.83945147	    204.82680160	     -2.03510848	      1.12520383	      0.33802496	     18.66498002	     -3.95013468	      5.90519987	     79.12355283	     12.42203367	     -2.88295736	      0.00000000	     15.52979904	      4.74346924	      0.55179364	     42.89235260	     25.50832665	     -1.86817781	      0.00000000	    -11.24504522	     -2.83750415	     -4.91959110	     -7.80362784	     -6.47165762	    -18.33292182	     31.32141552	    118.07988085	   -360.22765048	    -14.40816555	   -377.51818249	     35.48666303	    117.80773629
      1.56603770	     -4.71834677	     -1.84245457	    205.85935512	     -2.06390123	      1.14102005	      0.36020159	     22.51480379	     -2.55848176	      4.77480898	     69.93673334	     11.23340367	     -6.08602038	      0.00000000	      9.28685645	      4.97849319	      0.26970557	     35.03982982	     23.34961648	     -0.66502889	      0.00000000	    -11.39426703	     -2.24910697	     -6.49613202	    -10.04990116	     -6.43949948	    -20.03495048	     29.91862808	    118.09347205	   -360.13946598	    -14.83829736	   -375.54201988	     39.46769687	    118.06102267
      1.58490570	     -4.48216915	     -1.69572498	    207.15967373	     -2.08826821	      1.14881081	      0.37615218	     22.99179366	     -1.83080290	      3.87812194	     61.46143058	     10.70950246	     -6.33202539	      0.00000000	      5.53243713	      4.79194901	      0.28976963	     30.61241110	     21.05206528	      0.38523753	      0.00000000	    -11.13586638	     -2.03757776	     -7.10977839	    -11.64360028	     -6.08199091	    -20.99759390	     29.91766607	    118.13005819	   -360.83056418	    -15.12984853	   -374.35162301	     42.42385026	    118.17465812
      1.60377360	     -4.03181124	     -2.08807621	    208.60577969	     -2.12241649	      1.15357767	      0.40152331	     24.26416986	     -1.16146455	      2.83036848	     46.26147268	      8.06354884	     -7.55410157	      0.00000000	     -0.03327864	      5.51239673	      0.18277423	     24.53688205	     19.11719104	      2.47844021	      0.00000000	    -11.02039238	     -2.14342176	     -8.72275924	    -14.70781801	     -5.97181631	    -22.63275043	     29.35042663	    118.06319049	   -360.34775437	    -15.92523819	   -370.93461879	     49.13337647	    118.54936459
      1.62264150	     -3.67047128	     -2.40771751	    209.77438091	     -2.16205907	      1.15707440	      0.42515700	     23.16236138	     -0.69093509	      1.03503944	     30.03459334	      5.08225655	     -5.73023258	      0.00000000	     -4.55005052	      5.87467237	      0.18726990	     21.12151989	     17.83692887	      4.06277691	      0.00000000	    -10.61893427	     -2.40664872	     -9.95079149	    -17.67094325	     -5.57569740	    -23.92548087	     30.42433782	    118.05720051	   -361.36717065	    -17.41935517	   -368.85874091	     55.81322715	    118.70797605
      1.64150940	     -3.59352392	     -2.66832786	    210.90282842	     -2.19439150	      1.15912261	      0.44877047	     21.42830979	      0.47141910	      0.06919777	     21.26174663	      3.81580022	     -4.08655903	      0.00000000	     -7.59789985	      6.00802146	      0.02757713	     20.26504575	     16.83556285	      5.09691102	      0.00000000	    -10.60520863	     -2.43033166	    -10.73244206	    -18.84007924	     -5.07366036	    -25.89664847	     30.64506606	    118.05556958	   -362.03055090	    -17.64078167	   -367.12804220	     59.72464483	    118.63427598
      1.66037740	     -2.57109635	     -2.66552853	    211.48389302	     -2.22039759	      1.15724170	      0.46901490	     21.48041635	      1.10354967	     -0.23036325	     16.24810665	      3.02354739	     -2.70292153	      0.00000000	     -8.82907745	      6.55797061	     -0.28788614	     19.92084775	     15.91523971	      5.48100352	      0.00000000	     -9.69510051	     -2.78256324	    -11.12784091	    -20.24412016	     -5.13600545	    -26.58244160	     31.05847151	    118.02779544	   -362.71124469	    -18.26412089	   -365.23586784	     63.96592040	    118.81222889
      1.67924530	     -2.57450675	     -3.02054677	    212.22766993	     -2.24350595	      1.15487942	      0.48834549	     20.79451586	      2.02308799	     -1.60651399	     13.41020468	      2.98379820	     -2.09794453	      0.00000000	    -10.60336227	      6.81916435	     -0.58283757	     20.39046511	     15.73479968	      5.84707547	      0.00000000	     -9.90920403	     -2.94973748	    -11.64564176	    -22.02747787	     -4.82991813	    -28.25062802	     32.52917828	    117.93689241	   -364.07729097	    -18.80136228	   -364.39431987	     68.25081568	    118.80673756
      1.69811320	     -2.51198627	     -3.17834763	    213.26286411	     -2.26921972	      1.15073857	      0.51285200	     20.64546943	      2.68636105	     -2.96913836	     12.04879289	      2.59721996	     -1.41390246	      0.00000000	    -11.32762345	      6.85304765	     -1.36601443	     23.08807222	     15.74851213	      7.09910290	      0.00000000	     -9.86097645	     -2.97000931	    -11.31654502	    -23.69332328	     -4.32242062	    -30.43442346	     33.28656886	    117.91071156	   -365.03731280	    -18.53587728	   -364.48664785	     75.19511048	    118.64609048
      1.71698110	     -2.50951630	     -3.15638832	    214.05859195	     -2.29467052	      1.14710683	      0.53403736	     20.61934913	      3.29306533	     -3.59571742	     12.56769961	      2.49494761	     -1.52403611	      0.00000000	    -11.36813814	      6.51111532	     -2.05473250	     26.61905641	     15.26238388	      7.57936501	      0.00000000	     -9.74117687	     -3.12644781	    -10.96536799	    -25.05770962	     -3.91935545	    -31.03173584	     34.52048312	    118.05504464	   -366.01170708	    -18.50193137	   -363.98561960	     81.00704747	    118.61589266
      1.73584910	     -2.98519250	     -2.92424190	    215.38966242	     -2.32942679	      1.14314996	      0.55267561	     20.40600805	      3.78631163	     -3.52540756	     15.98720543	      3.07156413	     -2.55554443	      0.00000000	     -9.26722059	      4.44649976	     -3.38372722	     35.24673588	     13.59088572	      8.42282935	      0.00000000	     -9.43275930	     -2.76859878	     -9.33623950	    -25.86999884	     -4.04807128	    -31.83122498	     35.86494579	    118.23794423	   -367.72194491	    -18.10485356	   -363.51868647	     89.03632900	    118.57404725
      1.75471700	     -3.66818932	     -2.48855584	    216.86721068	     -2.35919552	      1.14349789	      0.57519001	     20.25146624	      4.49764266	     -2.79080324	     20.48194853	      4.74195496	     -4.31879063	      0.00000000	     -5.82419552	      1.90717694	     -3.59455392	     45.95657456	     10.36627855	      7.61998058	      0.00000000	     -9.19754260	     -1.80574025	     -7.83600694	    -26.10945155	     -4.52609383	    -31.75941738	     37.78029062	    118.61865605	   -369.20274206	    -17.74583602	   -363.03005106	     97.06489205	    118.49380722
      1.77358490	     -4.32951278	     -2.18875180	    218.32472661	     -2.38955124	      1.14672163	      0.59482951	     19.97591267	      5.25537639	     -1.83070341	     24.96143406	      7.60756939	     -5.90003225	      0.00000000	     -2.36595722	     -0.25015398	     -2.90834333	     55.13745472	      7.80182327	      5.61361193	      0.00000000	     -9.31230408	     -1.13276425	     -6.30756547	    -25.19724079	     -5.28891664	    -30.97616073	     39.64856288	    119.03089204	   -369.99241657	    -17.17516727	   -362.74097941	    103.45390472	    118.44800359
      1.79245280	     -4.80570137	     -1.93911568	    220.01607169	     -2.41310824	      1.14912626	      0.61356206	     19.70092767	      5.66223638	     -1.33420030	     28.47293018	     10.36327487	     -6.51874429	      0.00000000	      1.14282585	     -2.00909861	     -1.98269427	     62.37457201	      6.76223565	      3.81502835	      0.00000000	     -9.51688697	     -0.84290954	     -4.56416253	    -23.91125222	     -5.91058080	    -30.09825280	     39.80128241	    119.39906493	   -370.81400866	    -16.41598237	   -362.61457727	    108.70537065	    118.45616346
      1.81132070	     -4.88592475	     -1.77323418	    221.17312171	     -2.42857171	      1.15287323	      0.63255491	     19.16971582	      5.31455568	     -1.62220604	     30.04136694	     12.27090325	     -5.87521918	      0.00000000	      4.22088741	     -3.32287792	     -1.09717116	     67.31516981	      7.01130043	      2.73502675	      0.00000000	     -9.86040268	     -0.50804264	     -3.14566987	    -22.71782437	     -6.74925294	    -29.10274922	     40.16222279	    119.74817918	   -371.91831447	    -15.74582736	   -362.98864356	    112.45236222	    118.44928377
      1.83018870	     -4.84072978	     -1.64076470	    222.58010288	     -2.44329713	      1.15630241	      0.65210284	     18.46202736	      4.85858257	     -1.90233894	     31.16294351	     14.17965189	     -5.56745298	      0.00000000	      7.70384424	     -4.27986962	     -0.26469027	     71.50432904	      8.02205666	      1.70941774	      0.00000000	    -10.14979896	     -0.50538307	     -1.59150501	    -20.57964913	     -7.86925347	    -26.71378625	     39.97500196	    119.74817918	   -371.34970231	    -15.58180051	   -361.95962856	    114.82526072	    118.58196566
      1.84905660	     -5.02578889	     -1.76416971	    223.53037527	     -2.45512673	      1.15721791	      0.66823254	     18.13214788	      4.51055736	     -1.95339331	     33.16523068	     15.98788022	     -5.68423315	      0.00000000	      9.48472763	     -4.91084851	      0.32829369	     73.40201212	      9.60228767	      0.98587559	      0.00000000	    -10.45155381	     -0.26359860	     -0.69769418	    -16.93745867	     -8.89486259	    -24.31567468	     40.84368807	    119.74817918	   -370.66174142	    -14.68990259	   -360.35106165	    113.70386133	    118.73031880
      1.86792450	     -4.96600474	     -1.64190253	    224.49638797	     -2.46586565	      1.15733785	      0.68352775	     18.20034341	      4.22531371	     -1.88378146	     35.07724766	     17.64219405	     -5.92492802	      0.00000000	     12.51763717	     -5.09883620	      0.82505437	     75.07203657	     10.73077556	     -0.30176265	      0.00000000	    -10.89624408	     -0.05297846	      0.26354930	    -13.24122626	    -10.87182768	    -20.17675740	     42.22026536	    119.74817918	   -369.30041052	    -15.06520100	   -357.25872633	    111.62326145	    119.04024777
      1.88679240	     -4.95409151	     -1.67198152	    225.12148268	     -2.47331277	      1.15841240	      0.69515706	     17.74369839	      3.89957160	     -1.82116717	     35.55680104	     18.22551598	     -6.15425268	      0.00000000	     14.07484937	     -5.04773780	      0.92856870	     75.52385609	     11.72218821	     -1.07539115	      0.00000000	    -11.12887461	     -0.13013268	      0.53593297	    -11.37698032	    -11.77808515	    -18.45941892	     42.77422634	    119.74817918	   -368.56531651	    -15.78780940	   -355.25781901	    110.54999706	    119.23734480
      1.90566040	     -4.97970343	     -1.72380691	    225.59218694	     -2.47972319	      1.16029955	      0.70859786	     16.92769877	      3.44224203	     -1.71667962	     35.55183823	     18.71403382	     -5.82167688	      0.00000000	     15.90743464	     -5.12679698	      1.12362244	     76.14393710	     12.10945456	     -1.76028567	      0.00000000	    -11.32027407	      0.35520049	      1.54352658	     -8.36809313	    -12.70478352	    -15.50067985	     48.12977297	    119.74817918	   -369.45978178	    -15.72478505	   -354.63745811	    109.49915869	    119.32268361
      1.92452830	     -4.95964654	     -1.65143036	    225.87398435	     -2.48320616	      1.16203808	      0.71825781	     16.28266741	      3.00780594	     -1.82416822	     34.94649869	     18.49871329	     -5.43315774	      0.00000000	     16.74825951	     -5.15641193	      0.97088931	     75.89610203	     12.64191758	     -2.29022515	      0.00000000	    -11.19609239	      0.68741002	      1.89816694	     -7.30266366	    -13.46976507	    -13.33543347	     50.15415679	    119.74817918	   -369.74148306	    -16.29209276	   -353.84362621	    109.41717623	    119.44577074
      1.94339620	     -4.99394772	     -1.66046325	    225.84499413	     -2.48408201	      1.16303947	      0.72385361	     15.98752804	      2.64198026	     -1.75388278	     34.55195331	     18.02339983	     -5.25759906	      0.00000000	     16.93152737	     -5.02263522	      0.89613471	     75.57423387	     12.98614593	     -2.34951006	      0.00000000	    -11.13701698	      0.83927791	      1.74289335	     -6.88516658	    -13.73772361	    -12.35405377	     51.74462646	    119.74817918	   -370.19393436	    -16.56558767	   -354.02930370	    109.71072623	    119.50108842
      1.96226410	     -5.06859105	     -1.64439577	    225.68590089	     -2.48324393	      1.16354305	      0.72649133	     15.92924175	      2.41031407	     -1.51868296	     34.21804137	     17.62387549	     -5.05280325	      0.00000000	     16.99219796	     -4.88835599	      0.88477119	     75.68219075	     13.13126252	     -2.30319806	      0.00000000	    -11.06976787	      0.89123428	      1.48229761	     -6.61351847	    -13.64399756	    -12.07926243	     52.32330454	    119.74817918	   -370.25610804	    -16.77661471	   -354.00329459	    109.79947548	    119.52643490
      1.98113210	     -5.16762885	     -1.64233671	    225.40753867	     -2.48198886	      1.16381454	      0.72749173	     15.93418671	      2.23903301	     -1.33750770	     33.92122304	     17.36719622	     -4.98876429	      0.00000000	     17.03245419	     -4.72604187	      0.93916294	     76.02123297	     13.20957295	     -2.18047352	      0.00000000	    -11.11514439	      0.88874637	      1.24113897	     -6.57919542	    -13.55435020	    -11.81324471	     52.65809025	    119.74817918	   -370.25067608	    -16.86073914	   -353.97095415	    109.85322981	    119.55357907
      2.00000000	     -5.25660714	     -1.63591493	    225.15100412	     -2.48036166	      1.16391843	      0.72773946	     15.91956782	      2.10122409	     -1.13392177	     33.53965914	     17.10057134	     -4.92151661	      0.00000000	     17.05688340	     -4.62110210	      1.02457698	     76.33856733	     13.23886509	     -2.01192784	      0.00000000	    -11.12065758	      0.78240905	      1.02591317	     -6.63255908	    -13.41721755	    -11.53053272	     53.01562649	    119.74817918	   -370.33323959	    -16.87562695	   -353.97067482	    109.78209349	    119.58019863
      2.01886790	     -5.35169773	     -1.61751238	    224.88070823	     -2.47839570	      1.16389342	      0.72739402	     15.94710943	      1.99680302	     -1.02517565	     33.21603018	     16.96873001	     -4.86976971	      0.00000000	     17.08939858	     -4.55675205	      1.13684374	     76.59203678	     13.26513328	     -1.93074303	      0.00000000	    -11.15560159	      0.68479387	      0.91577735	     -6.66247365	    -13.22700360	    -11.35035692	     53.19346209	    119.74817918	   -370.39153506	    -16.84191495	   -353.93868730	    109.68152303	    119.59468573
      2.03773580	     -5.42173080	     -1.60419237	    224.70214329	     -2.47704898	      1.16371616	      0.72745730	     15.89126570	      1.88683346	     -0.92018289	     32.94579312	     16.89107594	     -4.81546818	      0.00000000	     17.15360025	     -4.50271884	      1.20624071	     76.83285500	     13.28890221	     -1.89101777	      0.00000000	    -11.12923457	      0.63313254	      0.86556939	     -6.67678646	    -13.10630387	    -11.24040904	     53.21954162	    119.74817918	   -370.34131841	    -16.81640519	   -353.92972504	    109.61341220	    119.60250887
      2.05660380	     -5.48363342	     -1.55905527	    224.51985234	     -2.47636084	      1.16423449	      0.72673834	     15.64333294	      2.02326396	     -0.44135753	     32.20311096	     16.63977156	     -4.87101243	      0.00000000	     17.23941313	     -4.55238878	      1.32490629	     76.92256502	     13.30389935	     -1.55776838	      0.00000000	    -11.13385964	      0.62012022	      0.93633107	     -6.54454640	    -13.22166694	    -10.61815182	     52.86196082	    119.74817918	   -370.04084003	    -16.79349477	   -353.70799275	    109.07988667	    119.71929879
      2.07547170	     -5.47186626	     -1.52530429	    224.38449433	     -2.47591848	      1.16426158	      0.72630061	     15.58789715	      1.99838654	     -0.33517158	     31.88222678	     16.54913720	     -4.80717788	      0.00000000	     17.34317678	     -4.57075408	      1.39388874	     76.99075574	     13.35466518	     -1.56071069	      0.00000000	    -11.15389698	      0.52478477	      0.90447323	     -6.46745665	    -13.18216172	    -10.53168291	     52.91543465	    119.74817918	   -369.97341817	    -16.87147343	   -353.69970375	    109.05779606	    119.73848093
      2.09433960	     -5.45492245	     -1.47702834	    224.24347069	     -2.47552874	      1.16430547	      0.72593169	     15.52487248	      2.01901838	     -0.17274311	     31.57137035	     16.44823235	     -4.73137727	      0.00000000	     17.41547167	     -4.58017220	      1.49085374	     76.95262750	     13.37326625	     -1.54142207	      0.00000000	    -11.13884120	      0.44519076	      0.84338799	     -6.41930393	    -13.15001630	    -10.38743969	     52.94272212	    119.74817918	   -369.89258754	    -16.94748345	   -353.62929996	    108.99032635	    119.74817918
      2.11320750	     -5.44764233	     -1.47815681	    224.16039386	     -2.47582989	      1.16436648	      0.72585644	     15.50256373	      2.00829750	     -0.16281090	     31.53907010	     16.44287520	     -4.72829813	      0.00000000	     17.43395851	     -4.61836731	      1.53631101	     76.97341735	     13.37659113	     -1.54436339	      0.00000000	    -11.13584477	      0.39558050	      0.79898381	     -6.42950200	    -13.17010827	    -10.38240473	     52.94437328	    119.74817918	   -369.87117426	    -16.94636369	   -353.61990852	    108.98075149	    119.74817918
      2.13207550	     -5.46204687	     -1.41717853	    223.94358354	     -2.47695787	      1.16481580	      0.72549520	     15.19568207	      2.26192606	      0.34307660	     30.96567057	     16.32601267	     -4.99424071	      0.00000000	     17.49957920	     -4.72293131	      1.53001484	     77.07921063	     13.33952500	     -1.50890035	      0.00000000	    -11.15999834	      0.36723958	      0.93455025	     -6.46236502	    -13.46222817	     -9.58580106	     52.96827483	    119.74817918	   -369.65035141	    -17.06639612	   -353.41470528	    108.74276574	    119.74817918
      2.15094340	     -5.41831546	     -1.39543305	    223.83664575	     -2.47815556	      1.16501186	      0.72553333	     15.16134278	      2.30063139	      0.33227861	     30.94490204	     16.31634006	     -4.99031728	      0.00000000	     17.52831859	     -4.72177342	      1.55621711	     77.11749927	     13.34661912	     -1.51166896	      0.00000000	    -11.19763194	      0.31405466	      0.86896316	     -6.49844747	    -13.47160236	     -9.59004585	     52.96783909	    119.74817918	   -369.64349052	    -17.06067990	   -353.41471530	    108.73801028	    119.74817918
      2.16981130	     -5.29907326	     -1.34643395	    223.66946215	     -2.47958808	      1.16526895	      0.72521222	     15.07020595	      2.36911275	      0.44845017	     30.62470842	     16.23993499	     -4.93589002	      0.00000000	     17.64006408	     -4.68550093	      1.60521044	     77.16403969	     13.38224838	     -1.50820162	      0.00000000	    -11.20585422	      0.18111200	      0.82196570	     -6.47886017	    -13.38548021	     -9.51013885	     53.19913972	    119.74817918	   -369.70883676	    -17.12539698	   -353.55086379	    108.74416623	    119.74817918
      2.18867920	     -5.24083062	     -1.34523275	    223.60564930	     -2.48095757	      1.16534488	      0.72533214	     15.03996868	      2.39265771	      0.44514583	     30.63103804	     16.23915345	     -4.93749252	      0.00000000	     17.64838147	     -4.69284227	      1.62519521	     77.18233686	     13.38401396	     -1.50847573	      0.00000000	    -11.22388737	      0.17596915	      0.78512987	     -6.48984214	    -13.38867957	     -9.50878800	     53.20726986	    119.74817918	   -369.70972161	    -17.12109912	   -353.54829627	    108.73477626	    119.74817918
      2.20754720	     -5.17965821	     -1.33148978	    223.51935685	     -2.48237346	      1.16543647	      0.72540704	     15.01906540	      2.43127796	      0.44048629	     30.62533651	     16.24099215	     -4.93785355	      0.00000000	     17.65043035	     -4.69348387	      1.65038170	     77.20298882	     13.38708450	     -1.50811389	      0.00000000	    -11.25049760	      0.15574925	      0.73302959	     -6.49852044	    -13.38656389	     -9.50425985	     53.22712742	    119.74817918	   -369.71728841	    -17.12149550	   -353.54470878	    108.70982329	    119.74817918
      2.22641510	     -5.11328777	     -1.29242265	    223.35655405	     -2.48338211	      1.16540444	      0.72515747	     15.03661122	      2.52778187	      0.65021572	     30.59519068	     16.26017036	     -4.90465727	      0.00000000	     17.63267140	     -4.70361829	      1.65490953	     77.16961369	     13.45084780	     -1.50846481	      0.00000000	    -11.24718287	      0.16077896	      0.57257429	     -6.41673079	    -13.29022393	     -9.36597237	     53.56951552	    119.74817918	   -369.88949854	    -17.24652669	   -353.64435882	    108.39389166	    119.74817918
      2.24528300	     -5.07128514	     -1.26733470	    223.27698591	     -2.48370548	      1.16529726	      0.72519406	     15.06010898	      2.53995375	      0.65099887	     30.59392368	     16.26580510	     -4.90871198	      0.00000000	     17.61526604	     -4.70496647	      1.67525429	     77.14403909	     13.45333407	     -1.50473577	      0.00000000	    -11.28621399	      0.18045437	      0.52408460	     -6.43917801	    -13.27001176	     -9.35209175	     53.57703192	    119.74817918	   -369.88081154	    -17.23771844	   -353.63950792	    108.38351380	    119.74817918
      2.26415090	     -5.04919133	     -1.23990854	    223.13527848	     -2.48392760	      1.16519062	      0.72491650	     15.12553901	      2.59239912	      0.72622746	     30.66643852	     16.28466696	     -4.89696301	      0.00000000	     17.58247480	     -4.69823311	      1.72663000	     77.13560417	     13.50391961	     -1.50542510	      0.00000000	    -11.32207832	      0.22811339	      0.48630148	     -6.32724480	    -13.16590154	     -9.25226897	     53.72966598	    119.74817918	   -369.95269908	    -17.22042108	   -353.59583479	    108.22404738	    119.74817918
      2.28301890	     -5.00707774	     -1.24209192	    223.07050888	     -2.48403531	      1.16509380	      0.72487578	     15.13472865	      2.59448667	      0.81038164	     30.67403724	     16.29581494	     -4.87244258	      0.00000000	     17.60686407	     -4.69803970	      1.70093108	     77.19613114	     13.55370754	     -1.51523814	      0.00000000	    -11.35158426	      0.28988643	      0.46863793	     -6.28500443	    -13.12261163	     -9.14906667	     53.81340474	    119.74817918	   -370.04999308	    -17.18207215	   -353.47018668	    108.11850932	    119.74817918
      2.30188680	     -4.96127433	     -1.24651300	    223.04805913	     -2.48411707	      1.16506368	      0.72483208	     15.13666153	      2.57820064	      0.83272800	     30.66719194	     16.30077439	     -4.86644906	      0.00000000	     17.60933347	     -4.68935538	      1.69324356	     77.19819694	     13.56346365	     -1.51526334	      0.00000000	    -11.36956001	      0.36347356	      0.47296681	     -6.28820390	    -13.08273513	     -9.10928119	     53.82337794	    119.74817918	   -370.06886738	    -17.18044923	   -353.43489647	    108.10048823	    119.74817918
      2.32075470	     -4.91829018	     -1.23706169	    223.00308925	     -2.48435460	      1.16500416	      0.72463460	     15.14404303	      2.57809679	      0.84462982	     30.65541154	     16.30334341	     -4.86013124	      0.00000000	     17.59774473	     -4.70233735	      1.70156716	     77.19622771	     13.56963873	     -1.51704492	      0.00000000	    -11.38715443	      0.37875308	      0.43513331	     -6.31551972	    -13.09117491	     -9.10130881	     53.81633768	    119.74817918	   -370.05200779	    -17.18470899	   -353.42869733	    108.09178526	    119.74817918
      2.33962260	     -4.86893625	     -1.22802188	    222.96242055	     -2.48451196	      1.16498197	      0.72468534	     15.14214271	      2.58313235	      0.87309162	     30.63486707	     16.30717172	     -4.84272287	      0.00000000	     17.58375478	     -4.70302905	      1.69121738	     77.18785602	     13.58504898	     -1.52000035	      0.00000000	    -11.37782252	      0.41791169	      0.38848208	     -6.35434289	    -13.11183601	     -9.08986336	     53.80503501	    119.74817918	   -369.98588640	    -17.21467786	   -353.45662256	    108.08229154	    119.74817918
      2.35849060	     -4.78721078	     -1.19223717	    222.95029981	     -2.48478435	      1.16495678	      0.72431977	     15.13638940	      2.62917825	      1.05163858	     30.49412600	     16.36290298	     -4.72524609	      0.00000000	     17.64621795	     -4.74081965	      1.68329005	     77.19626213	     13.72154826	     -1.54908098	      0.00000000	    -11.34782181	      0.39322721	      0.44247185	     -6.43658005	    -13.17776582	     -8.97577152	     53.80391856	    119.74817918	   -369.76962053	    -17.29973505	   -353.60987643	    107.90685777	    119.74817918
      2.37735850	     -4.74561157	     -1.18965462	    222.94395531	     -2.48510728	      1.16495356	      0.72430525	     15.13012027	      2.63279412	      1.05176793	     30.49671634	     16.36327593	     -4.72446217	      0.00000000	     17.63140369	     -4.74618134	      1.68636710	     77.20283475	     13.72164671	     -1.54899008	      0.00000000	    -11.35258403	      0.40845421	      0.43798979	     -6.43733682	    -13.17900826	     -8.97513462	     53.80343026	    119.74817918	   -369.76227993	    -17.30080855	   -353.61161870	    107.90682611	    119.74817918
      2.39622640	     -4.70471555	     -1.18073646	    222.89786693	     -2.48542236	      1.16499003	      0.72439325	     15.12109816	      2.63714160	      1.06381300	     30.48598570	     16.37337210	     -4.71682304	      0.00000000	     17.62707138	     -4.72658992	      1.66398314	     77.21107458	     13.73287947	     -1.54739934	      0.00000000	    -11.35147085	      0.46326379	      0.40197051	     -6.45487763	    -13.18978365	     -8.96949409	     53.80221241	    119.74817918	   -369.71378872	    -17.32948435	   -353.63799207	    107.89055743	    119.74817918
      2.41509430	     -4.65021612	     -1.18485231	    222.89968147	     -2.48640998	      1.16518578	      0.72437948	     15.09659163	      2.65440307	      1.06165066	     30.49342164	     16.37334217	     -4.71467082	      0.00000000	     17.62896066	     -4.72653775	      1.66180334	     77.22426964	     13.73493850	     -1.54859258	      0.00000000	    -11.35972247	      0.47539042	      0.40319451	     -6.45060171	    -13.19568727	     -8.97006115	     53.80441319	    119.74817918	   -369.70967454	    -17.33037382	   -353.63992335	    107.88775347	    119.74817918
      2.43396230	     -4.58856479	     -1.21719342	    222.89063917	     -2.48779599	      1.16530059	      0.72445473	     14.99586161	      2.66678608	      1.09181844	     30.42425052	     16.39135111	     -4.69216381	      0.00000000	     17.69657917	     -4.72368184	      1.60314411	     77.41889302	     13.76645245	     -1.56789000	      0.00000000	    -11.34392033	      0.44168257	      0.37605682	     -6.46527030	    -13.25420411	     -8.96668059	     53.83361298	    119.74817918	   -369.68055695	    -17.37194596	   -353.67084495	    107.83788321	    119.74817918
      2.45283020	     -4.46635044	     -1.14741180	    222.78801360	     -2.48870800	      1.16526825	      0.72444073	     15.02161288	      2.75232991	      1.39963084	     30.28870440	     16.64131875	     -4.57895158	      0.00000000	     17.80225498	     -4.74786321	      1.47723582	     77.37375400	     13.88278359	     -1.52765689	      0.00000000	    -11.26931765	      0.46423093	      0.33542533	     -6.77998447	    -13.46689396	     -8.57953638	     54.71987920	    119.74817918	   -369.69999944	    -17.46898602	   -353.68057345	    107.63272070	    119.74817918
      2.47169810	     -4.43748289	     -1.13021779	    222.66313432	     -2.48912659	      1.16509527	      0.72422488	     15.16222910	      2.78248797	      1.39261429	     30.51414414	     16.60325427	     -4.54818240	      0.00000000	     17.85786683	     -4.78241764	      1.34771693	     77.43724055	     13.98694922	     -1.55628428	      0.00000000	    -11.38049439	      0.52050401	      0.30460571	     -6.84745953	    -13.57438023	     -8.46647181	     55.28612431	    119.74817918	   -369.82163733	    -17.58373064	   -353.64058833	    107.57719577	    119.74817918
      2.49056600	     -4.39827849	     -1.11028158	    222.62844291	     -2.48953973	      1.16505910	      0.72404001	     15.19680507	      2.80566285	      1.38565189	     30.51863483	     16.61119945	     -4.55045117	      0.00000000	     17.87567290	     -4.74424064	      1.34970314	     77.42086404	     13.99321648	     -1.55062765	      0.00000000	    -11.46491213	      0.55937841	      0.30518767	     -6.86446813	    -13.57843478	     -8.45933111	     55.32422689	    119.74817918	   -369.87203247	    -17.62214890	   -353.64245009	    107.53992237	    119.74817918
      2.50943400	     -4.35565794	     -1.09811980	    222.58693694	     -2.48970309	      1.16481598	      0.72370460	     15.32477603	      2.82813109	      1.42696799	     30.67142837	     16.61116283	     -4.51304347	      0.00000000	     17.84402654	     -4.73073703	      1.31777515	     77.30210105	     14.09131635	     -1.56048970	      0.00000000	    -11.46779471	      0.64787851	      0.24601988	     -6.81769849	    -13.54276850	     -8.38543517	     55.75313272	    119.74817918	   -369.92637417	    -17.66079375	   -353.69212886	    107.30007329	    119.74817918
      2.52830190	     -4.30704623	     -1.07076368	    222.57085219	     -2.48979150	      1.16460666	      0.72373742	     15.37065649	      2.82194098	      1.42735900	     30.67482041	     16.62224212	     -4.51407008	      0.00000000	     17.81689868	     -4.72597571	      1.30902093	     77.19249898	     14.09634639	     -1.55274897	      0.00000000	    -11.49014586	      0.72011116	      0.22685228	     -6.82764741	    -13.51339523	     -8.36995496	     55.78492873	    119.74817918	   -369.89535168	    -17.65116453	   -353.70328796	    107.29145269	    119.74817918
      2.54716980	     -4.27547926	     -1.07212763	    222.57119634	     -2.49008668	      1.16441229	      0.72382394	     15.36748874	      2.81766174	      1.42813526	     30.67964179	     16.62326599	     -4.51414043	      0.00000000	     17.80515892	     -4.73793726	      1.31728959	     77.19258905	     14.09746098	     -1.55344260	      0.00000000	    -11.49270399	      0.73189348	      0.23174350	     -6.82159656	    -13.51101568	     -8.36904544	     55.78882255	    119.74817918	   -369.89366426	    -17.64993314	   -353.70520387	    107.28763107	    119.74817918
      2.56603770	     -4.26922236	     -1.05354705	    222.51586286	     -2.49055454	      1.16422855	      0.72406957	     15.43986770	      2.84516084	      1.41606309	     30.87761592	     16.75129390	     -4.50601194	      0.00000000	     17.73501358	     -4.76320040	      1.33359407	     77.15641971	     14.23701993	     -1.57117450	      0.00000000	    -11.45735835	      0.81656561	      0.31556775	     -6.75418830	    -13.46560652	     -8.40735924	     55.85360818	    119.74817918	   -369.92151591	    -17.56279179	   -353.83213333	    106.95281013	    119.74817918
      2.58490570	     -4.23147793	     -1.05312232	    222.51915947	     -2.49096436	      1.16408096	      0.72427820	     15.43107235	      2.83738523	      1.41788612	     30.88269372	     16.75264208	     -4.50542905	      0.00000000	     17.72774135	     -4.77588845	      1.34140270	     77.15751337	     14.23842456	     -1.57189159	      0.00000000	    -11.46352007	      0.83237268	      0.32563315	     -6.74763265	    -13.46261392	     -8.40710473	     55.85415341	    119.74817918	   -369.92088433	    -17.56176044	   -353.83442038	    106.95158695	    119.74817918
      2.60377360	     -4.19242040	     -1.05183135	    222.54759602	     -2.49123882	      1.16407000	      0.72448429	     15.43275878	      2.82062942	      1.41814367	     30.88961092	     16.76778333	     -4.50285470	      0.00000000	     17.74509552	     -4.79093375	      1.35676788	     77.08400543	     14.25106460	     -1.57127399	      0.00000000	    -11.48446104	      0.87402613	      0.39110457	     -6.70686523	    -13.42704153	     -8.39864378	     55.86309983	    119.74817918	   -369.96899870	    -17.54099451	   -353.80850983	    106.93908185	    119.74817918
      2.62264150	     -4.15747780	     -1.06111970	    222.53382449	     -2.49167442	      1.16393359	      0.72460608	     15.41399913	      2.81732918	      1.41680811	     30.89925988	     16.76948380	     -4.50269427	      0.00000000	     17.76136988	     -4.80953937	      1.37298068	     77.06352863	     14.25441620	     -1.57268371	      0.00000000	    -11.49516789	      0.88441823	      0.39566304	     -6.70071879	    -13.42231967	     -8.39745774	     55.86477268	    119.74817918	   -369.97906245	    -17.53429637	   -353.79804577	    106.93729670	    119.74817918
      2.64150940	     -4.11730159	     -1.00691173	    222.36465044	     -2.49225664	      1.16401627	      0.72479318	     15.48053852	      2.85336612	      1.41831951	     30.93704238	     16.83289384	     -4.39864287	      0.00000000	     17.70561455	     -4.82748101	      1.34486566	     76.97442920	     14.41934589	     -1.61416034	      0.00000000	    -11.42877375	      0.92966419	      0.34829930	     -6.69389092	    -13.40720297	     -8.40988442	     56.09257530	    119.74817918	   -370.28061412	    -17.54568715	   -353.61463208	    106.92621862	    119.74817918
      2.66037740	     -4.08434280	     -0.98482771	    222.26005951	     -2.49269378	      1.16391393	      0.72442629	     15.56532347	      2.89112788	      1.41124530	     31.02463539	     16.90861450	     -4.32281033	      0.00000000	     17.71621062	     -4.87449765	      1.34694382	     76.97897802	     14.50416451	     -1.60908514	      0.00000000	    -11.46193924	      0.90613390	      0.36020300	     -6.81166845	    -13.37883504	     -8.35362843	     56.49255816	    119.74817918	   -370.27087644	    -17.65380218	   -353.81149831	    106.96540616	    119.74817918
      2.67924530	     -4.06526824	     -0.98773289	    222.20720362	     -2.49314466	      1.16390447	      0.72447185	     15.56683353	      2.89185720	      1.40945012	     31.03107779	     16.91099063	     -4.32025871	      0.00000000	     17.70015153	     -4.88480341	      1.35302964	     77.01120970	     14.50729560	     -1.60875119	      0.00000000	    -11.45876889	      0.90419912	      0.31361978	     -6.83589887	    -13.39012633	     -8.35719390	     56.51257169	    119.74817918	   -370.25791468	    -17.65044977	   -353.81631874	    106.96622815	    119.74817918
      2.69811320	     -4.03376264	     -0.99148341	    222.19572095	     -2.49345936	      1.16386861	      0.72453689	     15.56228724	      2.89662501	      1.40787858	     31.03634586	     16.91153569	     -4.31969413	      0.00000000	     17.69353977	     -4.89217362	      1.35796221	     77.01986358	     14.50853442	     -1.60928606	      0.00000000	    -11.46672433	      0.91154543	      0.30551818	     -6.84057006	    -13.39056719	     -8.35660594	     56.51948439	    119.74817918	   -370.25734633	    -17.65142425	   -353.81861703	    106.96378163	    119.74817918
      2.71698110	     -3.96066472	     -1.00163201	    222.05519106	     -2.49386789	      1.16347382	      0.72467750	     15.72336184	      2.84608575	      1.40779734	     31.29947494	     17.10122190	     -4.19964536	      0.00000000	     17.72445379	     -4.90401737	      1.20975416	     77.10253601	     14.72716071	     -1.54389059	      0.00000000	    -11.46950363	      0.94905959	      0.25092639	     -7.27297498	    -13.53315647	     -8.15328048	     57.83116219	    119.74817918	   -370.51495817	    -17.55628992	   -354.10478952	    106.88804158	    119.74817918
      2.73584910	     -3.92913133	     -1.00305527	    222.04948622	     -2.49443476	      1.16349182	      0.72480387	     15.71462175	      2.85253739	      1.40559131	     31.30460745	     17.10129505	     -4.19876574	      0.00000000	     17.72810872	     -4.90629524	      1.21193195	     77.10204098	     14.72790628	     -1.54407630	      0.00000000	    -11.48320228	      0.95947620	      0.24928870	     -7.27494140	    -13.53094818	     -8.15239294	     57.83140915	    119.74817918	   -370.51605886	    -17.55557664	   -354.10317262	    106.88554346	    119.74817918
      2.75471700	     -3.88689395	     -0.99098620	    222.03474988	     -2.49491321	      1.16348825	      0.72487794	     15.73052555	      2.85524505	      1.40399283	     31.30079083	     17.10540680	     -4.19460958	      0.00000000	     17.76406363	     -4.90494473	      1.20056616	     77.05981260	     14.73527380	     -1.54478716	      0.00000000	    -11.56216999	      0.99042337	      0.23463020	     -7.31697681	    -13.51696289	     -8.14631434	     57.82821911	    119.74817918	   -370.53140238	    -17.56348301	   -354.10667968	    106.86098506	    119.74817918
      2.77358490	     -3.83773637	     -0.98054879	    222.07423405	     -2.49540528	      1.16351167	      0.72498669	     15.74708031	      2.85346015	      1.40807649	     31.29764894	     17.10689138	     -4.18521878	      0.00000000	     17.79465588	     -4.91384288	      1.17362638	     76.99791161	     14.74768378	     -1.54908280	      0.00000000	    -11.62519557	      1.02092385	      0.24235907	     -7.34566751	    -13.51507864	     -8.14450939	     57.84017976	    119.74817918	   -370.53585947	    -17.58074453	   -354.13198015	    106.82535264	    119.74817918
      2.79245280	     -3.80810516	     -0.97962790	    222.07626414	     -2.49604845	      1.16348326	      0.72514047	     15.73507086	      2.85922194	      1.40688660	     31.30443039	     17.10621701	     -4.18364861	      0.00000000	     17.80024091	     -4.91582180	      1.17054464	     76.99087183	     14.74981056	     -1.55012072	      0.00000000	    -11.63461003	      1.03091714	      0.24048950	     -7.34704506	    -13.51660688	     -8.14518695	     57.84276223	    119.74817918	   -370.53070617	    -17.58255731	   -354.13666245	    106.82082431	    119.74817918
      2.81132080	     -3.76348775	     -0.96737174	    222.11729709	     -2.49633565	      1.16350045	      0.72540225	     15.76105819	      2.83869989	      1.41813861	     31.31742199	     17.11121882	     -4.16964532	      0.00000000	     17.80454494	     -4.93272587	      1.10283383	     76.90582850	     14.78056864	     -1.56554458	      0.00000000	    -11.65554143	      1.10024945	      0.19205947	     -7.39675040	    -13.50813887	     -8.14474595	     57.88034725	    119.74817918	   -370.47385863	    -17.62235303	   -354.20427380	    106.74028831	    119.74817918
      2.83018870	     -3.73458093	     -0.96474516	    222.11734502	     -2.49683849	      1.16349267	      0.72560424	     15.74978626	      2.84648159	      1.41555623	     31.32442827	     17.11093154	     -4.16856938	      0.00000000	     17.80084310	     -4.93648271	      1.10334258	     76.91294629	     14.78293808	     -1.56731256	      0.00000000	    -11.65969596	      1.10123667	      0.19027972	     -7.39437679	    -13.50901915	     -8.14544458	     57.88526662	    119.74817918	   -370.47131486	    -17.62138442	   -354.20604741	    106.73327778	    119.74817918
      2.84905660	     -3.71144448	     -0.96229154	    222.11435807	     -2.49732359	      1.16342290	      0.72580494	     15.74046680	      2.85198995	      1.41300756	     31.33153990	     17.11151259	     -4.16809084	      0.00000000	     17.80069040	     -4.94018582	      1.10321649	     76.91694259	     14.78618578	     -1.56940971	      0.00000000	    -11.66580563	      1.10295571	      0.18614031	     -7.39341594	    -13.50778693	     -8.14524724	     57.89076389	    119.74817918	   -370.46951919	    -17.62045787	   -354.20693262	    106.72458315	    119.74817918
      2.86792450	     -3.69076366	     -0.96620905	    222.10849038	     -2.49774819	      1.16343644	      0.72592502	     15.73139616	      2.85660353	      1.41006833	     31.33931940	     17.11266211	     -4.16807311	      0.00000000	     17.80278766	     -4.94433070	      1.10349960	     76.91913621	     14.79011407	     -1.57182775	      0.00000000	    -11.66892779	      1.10897232	      0.18126827	     -7.39290354	    -13.50336432	     -8.14390417	     57.89721725	    119.74817918	   -370.46843308	    -17.61976289	   -354.20776305	    106.71437309	    119.74817918
      2.88679250	     -3.64044445	     -0.96266825	    222.09620550	     -2.49819991	      1.16325696	      0.72621771	     15.82054517	      2.81593244	      1.31740523	     31.49961226	     17.24875712	     -4.14483342	      0.00000000	     17.81073061	     -4.98868428	      0.97601807	     76.87872860	     15.06271479	     -1.68868143	      0.00000000	    -11.62618534	      1.16600526	      0.07497600	     -7.49409400	    -13.48170123	     -8.14737295	     58.36461762	    119.74817918	   -370.47570429	    -17.59027116	   -354.31689736	    106.13476140	    119.74817918
      2.90566040	     -3.62201613	     -0.96679001	    222.08881965	     -2.49860948	      1.16325476	      0.72634807	     15.81123407	      2.81958201	      1.31502671	     31.50431672	     17.24880409	     -4.14410084	      0.00000000	     17.81742773	     -4.99203036	      0.98146014	     76.87423459	     15.06361144	     -1.68879446	      0.00000000	    -11.63057599	      1.17053596	      0.07460874	     -7.49482504	    -13.48039291	     -8.14692337	     58.36705421	    119.74817918	   -370.47429344	    -17.58650598	   -354.31484014	    106.13514655	    119.74817918
      2.92452830	     -3.60226044	     -0.97056265	    222.08121634	     -2.49904422	      1.16318786	      0.72647182	     15.80299677	      2.82444395	      1.31194155	     31.50920866	     17.24926459	     -4.14368904	      0.00000000	     17.82500810	     -4.99531345	      0.98661761	     76.86565272	     15.06488397	     -1.68902981	      0.00000000	    -11.63767007	      1.17590376	      0.07393126	     -7.49549915	    -13.47824600	     -8.14610966	     58.37004897	    119.74817918	   -370.47380234	    -17.58270227	   -354.31237057	    106.13470695	    119.74817918
      2.94339620	     -3.57963703	     -0.96894204	    222.04885585	     -2.49940380	      1.16322314	      0.72659090	     15.80404183	      2.83576805	      1.29982041	     31.51490924	     17.25480613	     -4.14357850	      0.00000000	     17.85025725	     -5.00026678	      1.00088529	     76.81646230	     15.07172208	     -1.68998598	      0.00000000	    -11.66556003	      1.17953818	      0.06431685	     -7.51090719	    -13.46486647	     -8.14129740	     58.38353581	    119.74817918	   -370.48189381	    -17.56857326	   -354.30031208	    106.12748070	    119.74817918
      2.96226420	     -3.56288224	     -0.97127338	    222.04715586	     -2.49991761	      1.16317097	      0.72668195	     15.80018737	      2.84107937	      1.29687001	     31.51828892	     17.25543250	     -4.14338651	      0.00000000	     17.85321004	     -5.00067986	      1.00241015	     76.81056328	     15.07324223	     -1.69053625	      0.00000000	    -11.67151990	      1.18545076	      0.06528812	     -7.50938718	    -13.46304784	     -8.14053247	     58.38740695	    119.74817918	   -370.48239990	    -17.56621104	   -354.29846429	    106.12619468	    119.74817918
      2.98113210	     -3.53799547	     -0.94510873	    221.98259676	     -2.50050772	      1.16316204	      0.72675875	     15.84923621	      2.85971525	      1.21500305	     31.57814075	     17.29432724	     -4.14345733	      0.00000000	     17.81505804	     -4.99693371	      1.01862080	     76.70168913	     15.15612855	     -1.72864817	      0.00000000	    -11.62825339	      1.20620958	      0.08224992	     -7.50130278	    -13.38784004	     -8.11567850	     58.57403689	    119.74817918	   -370.53211832	    -17.51759395	   -354.25093562	    106.04390215	    119.74817918
      3.00000000	     -3.51773678	     -0.95182505	    221.96782252	     -2.50088188	      1.16313816	      0.72687978	     15.84490898	      2.86234859	      1.21147481	     31.58469186	     17.29631743	     -4.14157442	      0.00000000	     17.83664262	     -5.00383295	      1.01887153	     76.68577139	     15.16335512	     -1.73242726	      0.00000000	    -11.65154165	      1.21502520	      0.07102117	     -7.52295243	    -13.39345078	     -8.11798716	     58.57626260	    119.74817918	   -370.53581145	    -17.51905601	   -354.25083920	    106.03750791	    119.74817918
      3.01886790	     -3.50254069	     -0.95700263	    221.96489951	     -2.50129499	      1.16309626	      0.72698466	     15.84120745	      2.86736871	      1.20920760	     31.58815085	     17.29674991	     -4.14106747	      0.00000000	     17.84272051	     -5.00591332	      1.01916676	     76.68040600	     15.16551071	     -1.73363259	      0.00000000	    -11.65926434	      1.22059765	      0.06902721	     -7.52601723	    -13.39488547	     -8.11853081	     58.57798437	    119.74817918	   -370.53617714	    -17.51900948	   -354.25060632	    106.03565742	    119.74817918
      3.03773580	     -3.47913089	     -0.94992034	    221.95016838	     -2.50163146	      1.16311662	      0.72702285	     15.86582227	      2.87700347	      1.19149168	     31.59922694	     17.30850868	     -4.14053073	      0.00000000	     17.86127347	     -5.01631852	      1.00953696	     76.62483066	     15.19085904	     -1.74797463	      0.00000000	    -11.70386471	      1.22900703	      0.05190358	     -7.56331106	    -13.39885544	     -8.11987598	     58.60562024	    119.74817918	   -370.55566461	    -17.52437173	   -354.24774729	    106.00683895	    119.74817918
      3.05660380	     -3.46222604	     -0.95930015	    221.94732667	     -2.50197007	      1.16303984	      0.72708690	     15.86216385	      2.87856631	      1.18909690	     31.60381235	     17.30898719	     -4.14035240	      0.00000000	     17.86175509	     -5.02272620	      1.01277135	     76.62020570	     15.19366869	     -1.74995296	      0.00000000	    -11.70381458	      1.23726888	      0.05211485	     -7.56266648	    -13.39859132	     -8.11988643	     58.61025292	    119.74817918	   -370.55521942	    -17.52463854	   -354.24802179	    106.00459013	    119.74817918
      3.07547170	     -3.43834609	     -0.94253719	    221.91030184	     -2.50238627	      1.16309396	      0.72707942	     15.90016919	      2.89623746	      1.14981731	     31.62484398	     17.32336867	     -4.14086010	      0.00000000	     17.84268836	     -5.04463407	      1.00507836	     76.52772729	     15.23656678	     -1.77520446	      0.00000000	    -11.70797373	      1.23545270	      0.01552515	     -7.59405797	    -13.39840098	     -8.12365605	     58.67515218	    119.74817918	   -370.57265730	    -17.53435305	   -354.24688071	    105.95133447	    119.74817918
      3.09433960	     -3.42281275	     -0.95356241	    221.90631106	     -2.50268882	      1.16303168	      0.72716680	     15.89454313	      2.89433000	      1.14800942	     31.62937936	     17.32349200	     -4.14069922	      0.00000000	     17.84556352	     -5.05356752	      1.00968412	     76.52410792	     15.23981011	     -1.77762947	      0.00000000	    -11.70706454	      1.24334277	      0.01649406	     -7.59370449	    -13.39738948	     -8.12340282	     58.67972256	    119.74817918	   -370.57331060	    -17.53468074	   -354.24712016	    105.94845421	    119.74817918
      3.11320750	     -3.40762067	     -0.96154379	    221.90119665	     -2.50301344	      1.16300850	      0.72726893	     15.89215577	      2.89403351	      1.14557802	     31.63273224	     17.32391885	     -4.14077681	      0.00000000	     17.84694183	     -5.06166821	      1.01402139	     76.51916672	     15.24294224	     -1.77992882	      0.00000000	    -11.70918543	      1.24938505	      0.01550708	     -7.59437541	    -13.39672466	     -8.12337783	     58.68383501	    119.74817918	   -370.57428141	    -17.53495619	   -354.24704230	    105.94496765	    119.74817918
      3.13207550	     -3.36680770	     -0.95009534	    221.84460193	     -2.50371336	      1.16293792	      0.72763733	     15.96125480	      2.85292461	      0.95406543	     31.75932613	     17.37318556	     -4.09354540	      0.00000000	     17.77098597	     -5.10900604	      0.90511547	     76.40945759	     15.53766034	     -1.95552426	      0.00000000	    -11.59561985	      1.28744924	      0.01208839	     -7.79591008	    -13.37208738	     -8.15240318	     59.07461269	    119.74817918	   -370.72338105	    -17.55679429	   -354.28156545	    105.62225021	    119.74817918
      3.15094340	     -3.35435576	     -0.95603480	    221.84160838	     -2.50407380	      1.16290294	      0.72773324	     15.95746026	      2.85583045	      0.95276044	     31.76140396	     17.37354074	     -4.09269212	      0.00000000	     17.77439132	     -5.11210670	      0.90864900	     76.40588186	     15.53818970	     -1.95572301	      0.00000000	    -11.59766656	      1.29126382	      0.01234341	     -7.79472334	    -13.37376168	     -8.15339459	     59.07671358	    119.74817918	   -370.72078408	    -17.55499969	   -354.28122939	    105.62301855	    119.74817918
      3.16981130	     -3.34040568	     -0.96471932	    221.83547030	     -2.50442414	      1.16287759	      0.72784740	     15.95275979	      2.85805218	      0.95114480	     31.76475047	     17.37416609	     -4.09216051	      0.00000000	     17.78001131	     -5.11795792	      0.91411694	     76.39980870	     15.53920407	     -1.95629187	      0.00000000	    -11.60035577	      1.29616553	      0.01154383	     -7.79417244	    -13.37483308	     -8.15421071	     59.07907560	    119.74817918	   -370.71851334	    -17.55328260	   -354.28069370	    105.62318570	    119.74817918
      3.18867920	     -3.32477666	     -0.96032915	    221.80047147	     -2.50477716	      1.16290588	      0.72789763	     15.96779745	      2.87404285	      0.93338411	     31.77139365	     17.38762699	     -4.08943277	      0.00000000	     17.79020857	     -5.12677835	      0.93034110	     76.35173390	     15.54983028	     -1.96095182	      0.00000000	    -11.61742319	      1.28782756	     -0.00179826	     -7.80198425	    -13.38219296	     -8.16290433	     59.10604348	    119.74817918	   -370.71023859	    -17.54287939	   -354.27724055	    105.61195193	    119.74817918
      3.20754720	     -3.31131655	     -0.96798347	    221.79782874	     -2.50521205	      1.16286151	      0.72802547	     15.95976413	      2.87736818	      0.93129323	     31.77697895	     17.38826357	     -4.08912716	      0.00000000	     17.79876095	     -5.12964039	      0.93243026	     76.34618555	     15.55155388	     -1.96195834	      0.00000000	    -11.62077121	      1.29409841	     -0.00033373	     -7.80043130	    -13.38217541	     -8.16326371	     59.10857676	    119.74817918	   -370.70949078	    -17.54200462	   -354.27703898	    105.61082904	    119.74817918
      3.22641510	     -3.29192922	     -0.97018902	    221.83273144	     -2.50569913	      1.16279205	      0.72821163	     15.96068032	      2.87646649	      0.91453024	     31.79974223	     17.40577357	     -4.09081705	      0.00000000	     17.80760791	     -5.13738224	      0.92985698	     76.29224973	     15.56975538	     -1.97244948	      0.00000000	    -11.62127985	      1.31731672	      0.04775250	     -7.77242643	    -13.38090500	     -8.17151060	     59.11799769	    119.74817918	   -370.70793610	    -17.53613116	   -354.27871497	    105.59188280	    119.74817918
      3.24528300	     -3.27534064	     -0.97736717	    221.83151091	     -2.50623814	      1.16267626	      0.72837211	     15.94833592	      2.88689804	      0.90912711	     31.80940593	     17.40814577	     -4.09083523	      0.00000000	     17.82291270	     -5.13698733	      0.92787271	     76.27647904	     15.57355046	     -1.97437896	      0.00000000	    -11.62780332	      1.32541078	      0.04962057	     -7.77134730	    -13.38353958	     -8.17467396	     59.11411028	    119.74817918	   -370.70450528	    -17.53426244	   -354.27824204	    105.58923524	    119.74817918
      3.26415090	     -3.26870397	     -0.95848475	    221.81056311	     -2.50656013	      1.16273545	      0.72851971	     15.98384822	      2.90316754	      0.84967773	     31.85593400	     17.45875470	     -4.10461579	      0.00000000	     17.79454136	     -5.15740766	      0.91877279	     76.16083376	     15.62502921	     -2.00902903	      0.00000000	    -11.60672099	      1.35305975	      0.05585062	     -7.74487320	    -13.43130172	     -8.23851112	     59.04504612	    119.74817918	   -370.65850628	    -17.52534880	   -354.26517618	    105.54500939	    119.74817918
      3.28301890	     -3.26384178	     -0.97454440	    221.80541640	     -2.50685978	      1.16270096	      0.72855736	     15.97328556	      2.90946580	      0.84434443	     31.86356422	     17.46029572	     -4.10448697	      0.00000000	     17.80553334	     -5.15786548	      0.91861041	     76.16086972	     15.62964325	     -2.01228431	      0.00000000	    -11.60136181	      1.35933225	      0.05812296	     -7.74229883	    -13.43199049	     -8.24182741	     59.04069461	    119.74817918	   -370.65833236	    -17.52470656	   -354.26259211	    105.54178692	    119.74817918
      3.30188680	     -3.27901785	     -0.97841677	    221.76173929	     -2.50730397	      1.16267915	      0.72867033	     15.96017274	      2.93437867	      0.80104741	     31.88761697	     17.47508782	     -4.10797729	      0.00000000	     17.79981885	     -5.16646715	      0.92479117	     76.18256946	     15.66164635	     -2.03911572	      0.00000000	    -11.57055609	      1.31999597	      0.05665401	     -7.73621365	    -13.45461026	     -8.26833284	     59.01266701	    119.74817918	   -370.66879539	    -17.52724115	   -354.23477611	    105.51685547	    119.74817918
      3.32075470	     -3.27688662	     -0.99062171	    221.77886983	     -2.50761315	      1.16267527	      0.72879649	     15.95343055	      2.93131196	      0.76932639	     31.90937101	     17.49198604	     -4.11316642	      0.00000000	     17.80507875	     -5.16951166	      0.91690921	     76.15652884	     15.68975644	     -2.06142602	      0.00000000	    -11.55342085	      1.34620091	      0.11167949	     -7.70925246	    -13.44208176	     -8.27312605	     58.98961459	    119.74817918	   -370.68759614	    -17.54105183	   -354.21603270	    105.49900508	    119.74817918
      3.33962260	     -3.26898393	     -1.00600028	    221.77253678	     -2.50803385	      1.16260253	      0.72883838	     15.94314233	      2.94272469	      0.76174149	     31.91748821	     17.49408773	     -4.11372036	      0.00000000	     17.81884104	     -5.16970381	      0.91708831	     76.14824752	     15.69426410	     -2.06456034	      0.00000000	    -11.55227976	      1.35107107	      0.11375641	     -7.70642536	    -13.44320026	     -8.27535809	     58.98474398	    119.74817918	   -370.68709109	    -17.54071624	   -354.21279924	    105.49676913	    119.74817918
      3.35849060	     -3.30525336	     -0.97703715	    221.69162735	     -2.50874331	      1.16248468	      0.72908303	     15.98799817	      2.96463509	      0.50489350	     32.07889423	     17.66026169	     -4.06454050	      0.00000000	     17.75363670	     -5.26482816	      0.82982315	     76.11092113	     15.99147012	     -2.31177647	      0.00000000	    -11.46244118	      1.40187572	      0.27663791	     -7.58695779	    -13.39077002	     -8.46825367	     58.42305272	    119.74817918	   -370.61855603	    -17.56871926	   -353.98510869	    105.29434121	    119.74817918
      3.37735850	     -3.29687729	     -0.99032095	    221.68598075	     -2.50915082	      1.16242992	      0.72915364	     15.97816030	      2.97303702	      0.50228326	     32.08374289	     17.66037406	     -4.06256800	      0.00000000	     17.77022063	     -5.26438292	      0.83249143	     76.09895239	     15.99181366	     -2.31140929	      0.00000000	    -11.46431015	      1.40742796	      0.27780681	     -7.58329865	    -13.39035468	     -8.46976712	     58.42219073	    119.74817918	   -370.61701631	    -17.56836585	   -353.98379619	    105.29394524	    119.74817918
      3.39622640	     -3.28945509	     -1.00453550	    221.67936458	     -2.50957964	      1.16239981	      0.72924995	     15.96606103	      2.98112741	      0.49894191	     32.09112275	     17.66097137	     -4.06122484	      0.00000000	     17.78804553	     -5.26432200	      0.83554291	     76.08538360	     15.99266103	     -2.31147084	      0.00000000	    -11.46374011	      1.41404777	      0.27983916	     -7.57720502	    -13.38973993	     -8.47192660	     58.42124950	    119.74817918	   -370.61493202	    -17.56809186	   -353.98260952	    105.29352944	    119.74817918
      3.41509430	     -3.28059855	     -0.99466752	    221.63709663	     -2.50991444	      1.16240096	      0.72917307	     15.98810076	      3.00688151	      0.47707914	     32.09355560	     17.67175748	     -4.05348542	      0.00000000	     17.79274946	     -5.26518623	      0.85564896	     76.01713979	     15.99625102	     -2.31359089	      0.00000000	    -11.47927899	      1.40898729	      0.27215405	     -7.55056867	    -13.38600011	     -8.49528973	     58.40265501	    119.74817918	   -370.61155125	    -17.56950798	   -353.96667228	    105.28172210	    119.74817918
      3.43396230	     -3.27339151	     -1.01058684	    221.63017485	     -2.51036849	      1.16239595	      0.72930165	     15.97256403	      3.01436569	      0.47346652	     32.10381628	     17.67213042	     -4.05250199	      0.00000000	     17.81377340	     -5.26565818	      0.85701940	     76.00793382	     15.99855293	     -2.31502719	      0.00000000	    -11.47957975	      1.41600704	      0.27373851	     -7.54614293	    -13.38558263	     -8.49830766	     58.40050112	    119.74817918	   -370.61167954	    -17.56990746	   -353.96576211	    105.27981757	    119.74817918
      3.45283020	     -3.26931442	     -1.01994639	    221.62133134	     -2.51062428	      1.16237991	      0.72937429	     15.96870928	      3.02047917	      0.46937744	     32.10851119	     17.67305596	     -4.05187835	      0.00000000	     17.82339550	     -5.26797686	      0.85958053	     76.00209342	     16.00085281	     -2.31681785	      0.00000000	    -11.48209876	      1.41702937	      0.27133783	     -7.54428660	    -13.38688992	     -8.50244845	     58.39757854	    119.74817918	   -370.61272705	    -17.57079582	   -353.96430656	    105.27679207	    119.74817918
      3.47169810	     -3.25978200	     -1.03202361	    221.61502121	     -2.51108820	      1.16234286	      0.72946518	     15.95970284	      3.02951302	      0.46425886	     32.11729257	     17.67407644	     -4.05166823	      0.00000000	     17.83652096	     -5.26745550	      0.86028022	     75.99398389	     16.00356997	     -2.31860399	      0.00000000	    -11.48512355	      1.42420788	      0.27223231	     -7.54015934	    -13.38537836	     -8.50532572	     58.39565483	    119.74817918	   -370.61440739	    -17.57138785	   -353.96303913	    105.27342691	    119.74817918
      3.49056600	     -3.27371385	     -1.01749371	    221.53295492	     -2.51151478	      1.16228268	      0.72947723	     16.04035385	      3.03873869	      0.30771529	     32.28630171	     17.74075090	     -3.95786745	      0.00000000	     17.79714908	     -5.32824127	      0.77579834	     75.94805039	     16.18886226	     -2.49147352	      0.00000000	    -11.47378232	      1.44362647	      0.28049636	     -7.43289061	    -13.26428838	     -8.78132160	     58.16423766	    119.74817918	   -370.66226350	    -17.60206614	   -353.92281529	    105.08623014	    119.74817918
      3.50943400	     -3.26619557	     -1.03014110	    221.52620717	     -2.51189862	      1.16228329	      0.72961191	     16.02888728	      3.04300812	      0.30537300	     32.29193207	     17.74103986	     -3.95697728	      0.00000000	     17.81225814	     -5.32904677	      0.77949057	     75.94260794	     16.18944678	     -2.49155829	      0.00000000	    -11.47383582	      1.44858449	      0.28242202	     -7.43003824	    -13.26340862	     -8.78268835	     58.16499111	    119.74817918	   -370.66173532	    -17.60184213	   -353.92302428	    105.08554165	    119.74817918
      3.52830190	     -3.25921016	     -1.03814739	    221.51431441	     -2.51221627	      1.16226193	      0.72968341	     16.02294731	      3.05005569	      0.30169495	     32.29527273	     17.74163762	     -3.95617905	      0.00000000	     17.82349182	     -5.32819710	      0.78190500	     75.93598942	     16.19023304	     -2.49175817	      0.00000000	    -11.47780977	      1.45125201	      0.27720858	     -7.43248141	    -13.26215379	     -8.78432467	     58.16417140	    119.74817918	   -370.66015971	    -17.60090489	   -353.92233571	    105.08437753	    119.74817918
      3.54716980	     -3.19468589	     -0.99265075	    221.41201396	     -2.51219740	      1.16257528	      0.72943312	     16.02166752	      3.05102570	      0.26633796	     32.05141912	     17.67446078	     -3.88716960	      0.00000000	     17.86459784	     -5.36362077	      0.71039979	     75.75247740	     16.19953037	     -2.51389150	      0.00000000	    -11.43531984	      1.31251593	      0.08151099	     -7.53640674	    -13.12456179	     -8.72199334	     58.22211351	    119.74817918	   -370.52219922	    -17.47741141	   -353.81460779	    105.16775279	    119.74817918
      3.56603770	     -3.12571126	     -0.98877105	    221.33349819	     -2.51221454	      1.16295137	      0.72932424	     15.96070680	      3.01041189	      0.21520778	     31.74606178	     17.56692755	     -3.81742354	      0.00000000	     17.95238275	     -5.37834800	      0.63354322	     75.69391541	     16.20688206	     -2.53993582	      0.00000000	    -11.39174481	      1.14377251	     -0.03068469	     -7.61740593	    -12.98860662	     -8.56383864	     58.43262370	    119.74817918	   -370.51403605	    -17.42466151	   -353.66155799	    105.22518190	    119.74817918
      3.58490570	     -3.05469010	     -1.05139508	    221.27294169	     -2.51228994	      1.16326236	      0.72969915	     15.88480499	      2.88084624	      0.16386982	     31.56092672	     17.39071206	     -3.72639335	      0.00000000	     17.96468845	     -5.29208117	      0.58078475	     75.66716948	     16.14529154	     -2.56974864	      0.00000000	    -11.36495262	      0.99441815	     -0.10080691	     -8.02427426	    -13.20202999	     -7.99878429	     59.20784117	    119.74817918	   -370.57160403	    -17.63857475	   -353.41790656	    105.31774436	    119.74817918
      3.60377360	     -3.05911198	     -1.04886052	    221.19179700	     -2.51224423	      1.16342711	      0.72984782	     15.88542768	      2.88854821	      0.14427318	     31.53319425	     17.39480785	     -3.73040472	      0.00000000	     17.97619375	     -5.28909433	      0.58168845	     75.69342350	     16.15303246	     -2.57676155	      0.00000000	    -11.37615342	      0.96690792	     -0.15208367	     -8.04765915	    -13.15358805	     -7.95777777	     59.23955216	    119.74817918	   -370.55033518	    -17.60593753	   -353.39351697	    105.31317508	    119.74817918
      3.62264150	     -3.01836005	     -1.09730280	    221.10799364	     -2.51227267	      1.16343936	      0.73000860	     15.86459546	      2.80491618	      0.10332787	     31.46994771	     17.39595255	     -3.71776821	      0.00000000	     18.00104902	     -5.26586076	      0.48800314	     75.73118548	     16.21749875	     -2.62785898	      0.00000000	    -11.41668234	      0.87522935	     -0.16781536	     -8.28317436	    -13.31115472	     -7.31428354	     59.96885747	    119.74817918	   -370.51020902	    -17.57393973	   -353.32640008	    105.15251986	    119.74817918
      3.64150940	     -3.01542520	     -1.09761931	    221.04135118	     -2.51234221	      1.16347665	      0.73029233	     15.86509525	      2.80183001	      0.09730969	     31.46189751	     17.39748415	     -3.71869482	      0.00000000	     18.00046948	     -5.27117457	      0.49045086	     75.75246554	     16.22174836	     -2.63173012	      0.00000000	    -11.42063297	      0.87438846	     -0.21702521	     -8.30909182	    -13.29006049	     -7.29756610	     59.97213347	    119.74817918	   -370.48707195	    -17.56417296	   -353.32073981	    105.14951090	    119.74817918
      3.66037740	     -3.01085510	     -1.10071377	    220.98560067	     -2.51259456	      1.16350290	      0.73052235	     15.85979837	      2.79598097	      0.08928617	     31.45244676	     17.39957253	     -3.71966126	      0.00000000	     18.01116535	     -5.28123570	      0.48518818	     75.77131430	     16.23086949	     -2.63919960	      0.00000000	    -11.42871635	      0.87256565	     -0.25720623	     -8.33034762	    -13.25061709	     -7.26550721	     59.98907024	    119.74817918	   -370.46893485	    -17.55312655	   -353.31570998	    105.13327082	    119.74817918
      3.67924530	     -3.00179093	     -1.10431628	    220.92909290	     -2.51279901	      1.16346166	      0.73079561	     15.84790832	      2.79028341	      0.07891326	     31.44086144	     17.40237563	     -3.71964928	      0.00000000	     18.02135161	     -5.29682018	      0.46441896	     75.79184687	     16.24752016	     -2.65262709	      0.00000000	    -11.42925930	      0.87098661	     -0.30875197	     -8.35083511	    -13.19625023	     -7.21569484	     60.02450622	    119.74817918	   -370.44138878	    -17.54516788	   -353.31572078	    105.09889193	    119.74817918
      3.69811320	     -2.99226864	     -1.11011954	    220.90989166	     -2.51299220	      1.16342084	      0.73106583	     15.84109582	      2.77406847	      0.07962947	     31.43984617	     17.40336756	     -3.72035236	      0.00000000	     18.03000648	     -5.31820847	      0.47024942	     75.78940070	     16.25269810	     -2.65725038	      0.00000000	    -11.43245825	      0.87298701	     -0.31949446	     -8.35392300	    -13.18510887	     -7.20377314	     60.03421840	    119.74817918	   -370.43488549	    -17.54456338	   -353.31691652	    105.08866019	    119.74817918
      3.71698110	     -2.98046460	     -1.11125779	    220.85260130	     -2.51319091	      1.16343862	      0.73127748	     15.83928826	      2.77443827	      0.06712480	     31.42194789	     17.40809446	     -3.72019302	      0.00000000	     18.03695538	     -5.32884776	      0.43644638	     75.79157868	     16.27345934	     -2.67302348	      0.00000000	    -11.43651010	      0.88256822	     -0.38336678	     -8.37849613	    -13.12833934	     -7.15057615	     60.07355593	    119.74817918	   -370.39928015	    -17.54283074	   -353.32392745	    105.04291188	    119.74817918
      3.73584910	     -2.95578526	     -1.11266666	    220.83013282	     -2.51354879	      1.16342544	      0.73119388	     15.83822349	      2.78102136	      0.03847680	     31.39028134	     17.42365856	     -3.71742912	      0.00000000	     18.05906901	     -5.40613011	      0.37164343	     75.77312564	     16.33558910	     -2.72125421	      0.00000000	    -11.45553895	      0.81905658	     -0.44714206	     -8.37365166	    -13.06176710	     -7.03591934	     60.20414276	    119.74817918	   -370.38871154	    -17.53921303	   -353.33787743	    104.87952495	    119.74817918
      3.75471700	     -2.95248089	     -1.12699573	    220.80771834	     -2.51362637	      1.16337646	      0.73167097	     15.81880134	      2.75243240	      0.04272866	     31.39611228	     17.42449770	     -3.71691572	      0.00000000	     18.05015826	     -5.39972568	      0.35345807	     75.78418217	     16.34496446	     -2.72607544	      0.00000000	    -11.41688334	      0.87432140	     -0.46177459	     -8.37413327	    -13.05259696	     -7.01144048	     60.22582901	    119.74817918	   -370.35867802	    -17.55378062	   -353.35582016	    104.86307513	    119.74817918
      3.77358490	     -2.94271459	     -1.13506007	    220.79900876	     -2.51390342	      1.16337500	      0.73183239	     15.81009060	      2.74984938	      0.04215243	     31.40008768	     17.42501135	     -3.71707854	      0.00000000	     18.06113409	     -5.40886504	      0.35791796	     75.77675950	     16.34759379	     -2.72788002	      0.00000000	    -11.42000945	      0.87796774	     -0.46410974	     -8.37419568	    -13.05254232	     -7.00832790	     60.22927746	    119.74817918	   -370.35715374	    -17.55285219	   -353.35627480	    104.85853632	    119.74817918
      3.79245280	     -2.93273958	     -1.13228598	    220.75106267	     -2.51411403	      1.16331771	      0.73194279	     15.81877008	      2.75400846	      0.02732701	     31.39219294	     17.43518190	     -3.71889625	      0.00000000	     18.06317050	     -5.41961125	      0.33976435	     75.75552808	     16.37194878	     -2.74413440	      0.00000000	    -11.43307979	      0.88474540	     -0.50696619	     -8.38575133	    -13.03064418	     -6.96863939	     60.26795100	    119.74817918	   -370.34385771	    -17.54409860	   -353.35932202	    104.79945509	    119.74817918
