PathFileType  4	(X/Y/Z) /home/ubuntu/opencap-monocular/results/soccer_kick_2026_08_12/soccer_kick/MarkerData/soccer_kick_5
DataRate	CameraRate	NumFrames	NumMarkers	Units	OrigDataRate	OrigDataStartFrame	OrigNumFrames
53.0	53.0	202	63	m	53.0	1	202
Frame#	Time	sternum			r_shoulder			l_shoulder			r_elbow			l_elbow			r_melbow			l_melbow			r_wrist_radius			l_wrist_radius			r_wrist_ulna			l_wrist_ulna			C7			r_ASIS			l_ASIS			r_PSIS			l_PSIS			r_knee			l_knee			r_mknee			l_mknee			r_ankle			l_ankle			r_mankle			l_mankle			r_5meta			l_5meta			r_toe			l_toe			r_pinky			l_pinky			r_index			l_index			L4			T6			r_big_toe			l_big_toe			l_calc			r_calc			Nose			Neck			RShoulder			RElbow			RWrist			LShoulder			LElbow			LWrist			MidHip			RHip			RKnee			RAnkle			LHip			LKnee			LAnkle			REye			LEye			REar			LEar			LBigToe			LSmallToe			LHeel			RBigToe			RSmallToe			RHeel			
		X1	Y1	Z1	X2	Y2	Z2	X3	Y3	Z3	X4	Y4	Z4	X5	Y5	Z5	X6	Y6	Z6	X7	Y7	Z7	X8	Y8	Z8	X9	Y9	Z9	X10	Y10	Z10	X11	Y11	Z11	X12	Y12	Z12	X13	Y13	Z13	X14	Y14	Z14	X15	Y15	Z15	X16	Y16	Z16	X17	Y17	Z17	X18	Y18	Z18	X19	Y19	Z19	X20	Y20	Z20	X21	Y21	Z21	X22	Y22	Z22	X23	Y23	Z23	X24	Y24	Z24	X25	Y25	Z25	X26	Y26	Z26	X27	Y27	Z27	X28	Y28	Z28	X29	Y29	Z29	X30	Y30	Z30	X31	Y31	Z31	X32	Y32	Z32	X33	Y33	Z33	X34	Y34	Z34	X35	Y35	Z35	X36	Y36	Z36	X37	Y37	Z37	X38	Y38	Z38	X39	Y39	Z39	X40	Y40	Z40	X41	Y41	Z41	X42	Y42	Z42	X43	Y43	Z43	X44	Y44	Z44	X45	Y45	Z45	X46	Y46	Z46	X47	Y47	Z47	X48	Y48	Z48	X49	Y49	Z49	X50	Y50	Z50	X51	Y51	Z51	X52	Y52	Z52	X53	Y53	Z53	X54	Y54	Z54	X55	Y55	Z55	X56	Y56	Z56	X57	Y57	Z57	X58	Y58	Z58	X59	Y59	Z59	X60	Y60	Z60	X61	Y61	Z61	X62	Y62	Z62	X63	Y63	Z63	

1	0.0000000	-0.0288775	1.3395704	-0.1306335	0.1118437	1.3745004	-0.1755836	-0.0753888	1.4330004	-0.0258970	0.3118106	1.0940004	-0.2266263	-0.2514183	1.4161704	0.2552952	0.2872217	1.0747204	-0.1935820	-0.2539041	1.3716004	0.2520838	0.1745564	0.9632204	-0.4174733	-0.5062472	1.4760404	0.2087599	0.2071029	0.9364904	-0.4132311	-0.5068795	1.4728704	0.2502941	0.0497483	1.4132904	-0.0530675	0.0787321	0.9073004	-0.1294443	-0.1305000	0.9333204	-0.0264940	0.1044523	0.9672204	0.0578870	0.0026744	0.9697404	0.1104925	0.1533832	0.4662704	0.0295954	-0.1526444	0.5156704	-0.1505783	0.0512860	0.4816204	0.0806618	-0.0473333	0.5272104	-0.1730912	0.2558668	0.2016604	0.3684554	-0.0719169	0.0810204	-0.1897958	0.1953864	0.1946104	0.3832295	-0.0243692	0.0863004	-0.2297441	0.2665164	0.0955304	0.3485512	-0.1280869	0.0207604	-0.2532163	0.2055745	0.0746104	0.3202329	-0.1153741	0.0390804	-0.3197580	0.1762710	0.8623004	-0.4621329	-0.5919200	1.4698404	0.2583932	0.1248626	0.9054104	-0.4765387	-0.6008897	1.4820804	0.1978169	0.0451488	1.0682404	0.0482736	0.0719913	1.2954404	0.0117453	0.1677451	0.0500804	0.3065208	-0.1072524	0.0335604	-0.3653801	-0.0132417	0.0426004	-0.1576575	0.2496249	0.2155304	0.4462017	-0.0737703	1.4768504	-0.2612321	0.0218372	1.3464304	-0.0736628	0.1476592	1.3076604	-0.1671359	0.2834057	1.0870604	-0.2194482	0.1848791	0.9366904	-0.4092282	-0.1039847	1.3852004	0.0198102	-0.2645121	1.3974104	0.2409252	-0.5101511	1.4590004	0.2330564	0.0038448	0.8678204	-0.0074645	0.0931148	0.8638204	-0.0503780	0.1183193	0.4346504	0.0599508	0.2228121	0.1952104	0.3863858	-0.0854251	0.8718104	0.0354491	-0.1133388	0.4930504	-0.1722362	-0.0392132	0.0833604	-0.2097656	-0.0248374	1.5131804	-0.2648954	-0.0800436	1.5300204	-0.2309788	0.0567957	1.5075104	-0.2035038	-0.0606713	1.5424804	-0.1328696	-0.1300310	0.0243504	-0.3803713	-0.1568210	0.0100004	-0.3052445	-0.0132417	0.0426004	-0.1576575	0.1677542	0.0283904	0.2942444	0.2487078	0.0442804	0.3148803	0.2518669	0.2002404	0.4565375
2	0.0188679	-0.0244138	1.3359704	-0.0984188	0.1105258	1.3732804	-0.1581579	-0.0637551	1.4263504	0.0155973	0.3164461	1.1003704	-0.2223462	-0.1835341	1.3847704	0.3236926	0.2948268	1.0806704	-0.1880275	-0.1841168	1.3401104	0.3184115	0.1928715	0.9458904	-0.4034159	-0.4442635	1.4295404	0.3384128	0.2288656	0.9239204	-0.3997287	-0.4358482	1.4249804	0.3788587	0.0593372	1.4112604	-0.0276319	0.0963887	0.9024904	-0.1113246	-0.1072836	0.9271504	0.0020633	0.1302689	0.9638804	0.0745266	0.0312703	0.9644404	0.1322458	0.2163263	0.4784304	0.0710613	-0.1408348	0.5128504	-0.1229487	0.1141173	0.4885304	0.1244258	-0.0371894	0.5247304	-0.1523952	0.3457652	0.2416504	0.4223915	-0.0669209	0.0808704	-0.1921334	0.2863436	0.2344304	0.4405502	-0.0228787	0.0881104	-0.2356142	0.3575595	0.1331704	0.4165485	-0.1301420	0.0272504	-0.2549138	0.2962738	0.1075104	0.3943150	-0.1225422	0.0509604	-0.3204525	0.2067147	0.8458904	-0.4474182	-0.5171254	1.4176604	0.4040166	0.1497599	0.8814104	-0.4596548	-0.5386140	1.4306704	0.3468379	0.0698578	1.0634304	0.0680930	0.0908992	1.2915504	0.0326000	0.2584296	0.0809504	0.3852963	-0.1190701	0.0499704	-0.3669407	-0.0071516	0.0388704	-0.1679257	0.3426375	0.2645904	0.4976950	-0.0839576	1.4661804	-0.2244072	0.0327394	1.3408904	-0.0443709	0.1482041	1.3064904	-0.1529240	0.2890660	1.0915104	-0.2143371	0.2066909	0.9212104	-0.3947430	-0.0827210	1.3753004	0.0641731	-0.1982848	1.3654904	0.3118821	-0.4422949	1.4117504	0.3619941	0.0282537	0.8628704	0.0147969	0.1157616	0.8601304	-0.0316968	0.1847828	0.4458804	0.1045148	0.3139393	0.2361804	0.4423955	-0.0592451	0.8656104	0.0612948	-0.1036620	0.4908104	-0.1478410	-0.0359560	0.0837304	-0.2145029	-0.0382251	1.5061504	-0.2312400	-0.0924191	1.5190804	-0.1941702	0.0470180	1.5074204	-0.1749398	-0.0680746	1.5339604	-0.0974719	-0.1436292	0.0434604	-0.3802906	-0.1638981	0.0228204	-0.3045724	-0.0071516	0.0388704	-0.1679257	0.2584176	0.0581704	0.3755259	0.3397551	0.0778004	0.3907245	0.3458120	0.2508904	0.5095802
3	0.0377359	-0.0341388	1.3416604	-0.0854430	0.0957368	1.3783704	-0.1566354	-0.0647700	1.4320704	0.0318291	0.3034757	1.1080804	-0.2218845	-0.1413501	1.3888004	0.3523669	0.2817071	1.0886504	-0.1879554	-0.1433815	1.3444404	0.3469509	0.2195213	0.9310104	-0.4027840	-0.3922835	1.4388304	0.4186037	0.2578769	0.9148804	-0.3950275	-0.3759840	1.4339704	0.4564810	0.0541093	1.4170804	-0.0210110	0.0910567	0.9093604	-0.1112953	-0.1043709	0.9301904	0.0173020	0.1376531	0.9702704	0.0724861	0.0428673	0.9690104	0.1373557	0.2405019	0.4861304	0.0500718	-0.1401104	0.5184304	-0.1126474	0.1411860	0.4924804	0.1114056	-0.0385990	0.5329904	-0.1489700	0.4120907	0.3262904	0.4230981	-0.0659201	0.0907704	-0.1990593	0.3550486	0.3178304	0.4464708	-0.0251146	0.0990404	-0.2458920	0.4333846	0.2198004	0.4385996	-0.1346684	0.0401604	-0.2579845	0.3739649	0.1853904	0.4263722	-0.1317643	0.0656204	-0.3232964	0.2521456	0.8339804	-0.4421993	-0.4506548	1.4296604	0.4971435	0.1917515	0.8600704	-0.4604532	-0.4828722	1.4431404	0.4453447	0.0747556	1.0687204	0.0706747	0.0908725	1.2966904	0.0362066	0.3382428	0.1547604	0.4249413	-0.1320572	0.0659404	-0.3700396	-0.0047401	0.0476004	-0.1806927	0.4114545	0.3630204	0.4924907	-0.0990515	1.4697804	-0.2099739	0.0281580	1.3457704	-0.0352087	0.1342211	1.3110904	-0.1528462	0.2767483	1.0974904	-0.2152040	0.2354227	0.9090404	-0.3915955	-0.0779050	1.3804604	0.0824289	-0.1580318	1.3698304	0.3437274	-0.3863450	1.4209904	0.4409358	0.0329841	0.8680204	0.0192757	0.1168660	0.8669904	-0.0335209	0.2130091	0.4546704	0.0875216	0.3824580	0.3218004	0.4459233	-0.0509020	0.8690504	0.0720813	-0.1041304	0.4974604	-0.1404241	-0.0362989	0.0935204	-0.2239422	-0.0542994	1.5106304	-0.2183010	-0.1074719	1.5226904	-0.1795412	0.0325389	1.5132504	-0.1648540	-0.0802587	1.5380904	-0.0836237	-0.1577600	0.0602004	-0.3815285	-0.1724616	0.0375004	-0.3047590	-0.0047401	0.0476004	-0.1806927	0.3398844	0.1307104	0.4196934	0.4194891	0.1592404	0.4261618	0.4165653	0.3522504	0.5064704
4	0.0566038	-0.0298126	1.3430304	-0.0751283	0.0940608	1.3771004	-0.1590278	-0.0480500	1.4328704	0.0451427	0.2964428	1.1042304	-0.2272935	-0.0760349	1.3921004	0.3725845	0.2746670	1.0856804	-0.1931361	-0.0806246	1.3480904	0.3678514	0.2430555	0.9102104	-0.4005817	-0.3053318	1.4538204	0.4876613	0.2824101	0.8992504	-0.3895016	-0.2816330	1.4482404	0.5212652	0.0646231	1.4163604	-0.0180503	0.0930852	0.9098204	-0.1199046	-0.0918349	0.9273604	0.0248468	0.1538334	0.9693904	0.0606448	0.0644725	0.9663904	0.1331416	0.2716632	0.4885804	0.0194965	-0.1331807	0.5196904	-0.1131454	0.1757073	0.4916504	0.0886974	-0.0340890	0.5367104	-0.1563229	0.4787447	0.4234804	0.3983263	-0.0545183	0.0961804	-0.2087927	0.4246878	0.4142804	0.4269861	-0.0175270	0.1050504	-0.2589929	0.5127020	0.3252004	0.4340658	-0.1285438	0.0474804	-0.2620798	0.4574616	0.2831004	0.4336514	-0.1308515	0.0737804	-0.3272180	0.2896752	0.8167704	-0.4327426	-0.3459539	1.4485004	0.5765741	0.2278213	0.8340204	-0.4561238	-0.3878911	1.4633404	0.5327000	0.0894630	1.0665804	0.0648551	0.1045775	1.2939404	0.0339800	0.4255226	0.2492404	0.4408366	-0.1352620	0.0746204	-0.3738622	0.0078200	0.0525004	-0.1960097	0.4780261	0.4732404	0.4588094	-0.0994582	1.4701504	-0.1960403	0.0383764	1.3446704	-0.0301238	0.1320824	1.3085204	-0.1572750	0.2704752	1.0926504	-0.2211304	0.2600251	0.8908604	-0.3869752	-0.0553337	1.3808204	0.0970365	-0.0945261	1.3738904	0.3676362	-0.2960935	1.4357404	0.5081226	0.0462529	0.8667604	0.0146720	0.1255965	0.8673704	-0.0447427	0.2483428	0.4591204	0.0604918	0.4515431	0.4203704	0.4238410	-0.0330998	0.8661404	0.0740824	-0.0984811	0.4997504	-0.1437369	-0.0266094	0.0985104	-0.2364159	-0.0554220	1.5113604	-0.2063343	-0.1067838	1.5231004	-0.1651633	0.0335634	1.5141504	-0.1569947	-0.0752177	1.5383904	-0.0705592	-0.1620177	0.0692604	-0.3831167	-0.1703256	0.0457204	-0.3053408	0.0078200	0.0525004	-0.1960097	0.4298105	0.2250704	0.4404197	0.5054784	0.2626304	0.4357619	0.4850862	0.4661104	0.4742167
5	0.0754717	-0.0183833	1.3481404	-0.0774672	0.1021868	1.3780304	-0.1696157	-0.0233164	1.4354104	0.0440866	0.3037379	1.1039104	-0.2322664	-0.0294218	1.4058304	0.3714586	0.2807737	1.0860204	-0.1985417	-0.0385817	1.3626304	0.3685996	0.2824025	0.8954904	-0.3946910	-0.2397386	1.4944404	0.5041357	0.3217661	0.8900004	-0.3798442	-0.2133437	1.4874404	0.5353888	0.0825389	1.4151104	-0.0243378	0.0872901	0.9125204	-0.1458330	-0.0850615	0.9251204	0.0146986	0.1630610	0.9667804	0.0307760	0.0800468	0.9624404	0.1107452	0.2810368	0.4821104	-0.0662675	-0.1344876	0.5181404	-0.1262672	0.1903671	0.4800304	0.0136738	-0.0379997	0.5382704	-0.1774666	0.5130115	0.5392404	0.2891822	-0.0440522	0.0990404	-0.2219856	0.4636783	0.5293004	0.3240388	-0.0109046	0.1076904	-0.2753242	0.5657599	0.4599204	0.3447730	-0.1235165	0.0539304	-0.2688384	0.5194163	0.4112404	0.3605120	-0.1307791	0.0807704	-0.3339038	0.3420363	0.8070804	-0.4162153	-0.2706889	1.4966304	0.5966317	0.2806459	0.8143604	-0.4455594	-0.3155590	1.5147004	0.5570834	0.0980888	1.0627204	0.0427604	0.1192841	1.2889304	0.0212529	0.4945169	0.3757404	0.3790786	-0.1398111	0.0814904	-0.3800549	0.0182363	0.0539504	-0.2143014	0.5076812	0.6015104	0.3357748	-0.0854850	1.4791304	-0.1943463	0.0542521	1.3456604	-0.0365793	0.1385883	1.3077904	-0.1690265	0.2783644	1.0912304	-0.2272827	0.2996931	0.8789604	-0.3783419	-0.0300884	1.3835304	0.0958770	-0.0498782	1.3898104	0.3685950	-0.2305924	1.4757404	0.5240134	0.0524038	0.8658104	-0.0089299	0.1259874	0.8682204	-0.0753005	0.2614414	0.4554904	-0.0237007	0.4890561	0.5377104	0.3172477	-0.0211841	0.8634004	0.0574498	-0.1008606	0.4990804	-0.1599297	-0.0179160	0.0999404	-0.2524326	-0.0401839	1.5188004	-0.2053413	-0.0898217	1.5320704	-0.1626382	0.0498526	1.5170704	-0.1584687	-0.0551349	1.5445104	-0.0687637	-0.1676316	0.0766504	-0.3866945	-0.1691519	0.0534204	-0.3079050	0.0182363	0.0539504	-0.2143014	0.5031066	0.3534404	0.3841543	0.5700315	0.3999004	0.3627529	0.5167133	0.5996804	0.3516382
6	0.0943396	-0.0203518	1.3509604	-0.0761563	0.0972102	1.3799204	-0.1750809	-0.0152694	1.4363504	0.0441978	0.3056546	1.1089004	-0.2266281	-0.0144302	1.4261704	0.3704719	0.2824785	1.0915404	-0.1924726	-0.0270025	1.3838404	0.3706006	0.3055709	0.8894704	-0.3754245	-0.2192782	1.5428904	0.4897884	0.3446263	0.8885204	-0.3585919	-0.1940447	1.5362504	0.5220888	0.0842491	1.4150904	-0.0265857	0.0724244	0.9183104	-0.1664359	-0.0851713	0.9229004	0.0090422	0.1635385	0.9654604	0.0046941	0.0879630	0.9584304	0.0916629	0.2719196	0.4834504	-0.1535260	-0.1353609	0.5114304	-0.1313748	0.1891841	0.4750104	-0.0628676	-0.0430711	0.5368404	-0.1913176	0.5146570	0.6351004	0.1534064	-0.0368046	0.0985904	-0.2408170	0.4712877	0.6243904	0.1944977	-0.0082147	0.1089104	-0.2967333	0.5848965	0.5764704	0.2151675	-0.1202925	0.0559904	-0.2818334	0.5496528	0.5251304	0.2441812	-0.1329320	0.0850904	-0.3455664	0.3740631	0.8062504	-0.3882612	-0.2503599	1.5558804	0.5812411	0.3137368	0.8051004	-0.4205736	-0.2931427	1.5748704	0.5398194	0.0982809	1.0602304	0.0262111	0.1206365	1.2871604	0.0142592	0.5332262	0.4900404	0.2712446	-0.1462904	0.0872504	-0.3907447	0.0256782	0.0531304	-0.2397728	0.5033282	0.7030104	0.1893901	-0.0880780	1.4830804	-0.1906785	0.0557477	1.3475204	-0.0391478	0.1338673	1.3092904	-0.1744719	0.2809245	1.0949204	-0.2218410	0.3232281	0.8753704	-0.3572825	-0.0223628	1.3857404	0.0961804	-0.0360814	1.4120504	0.3680884	-0.2121644	1.5246904	0.5112562	0.0504157	0.8663204	-0.0289674	0.1171950	0.8717004	-0.1020418	0.2559936	0.4588404	-0.1110908	0.4944479	0.6345804	0.1839912	-0.0163502	0.8609504	0.0441021	-0.1033703	0.4941404	-0.1686030	-0.0132089	0.0997604	-0.2738610	-0.0425632	1.5224404	-0.2022028	-0.0912051	1.5359104	-0.1584174	0.0480684	1.5192804	-0.1571270	-0.0546083	1.5468604	-0.0650424	-0.1748092	0.0829704	-0.3949404	-0.1695442	0.0572604	-0.3166943	0.0256782	0.0531304	-0.2397728	0.5460140	0.4707004	0.2786752	0.6013323	0.5222404	0.2419863	0.5138262	0.7054804	0.2042158
7	0.1132076	-0.0326427	1.3475304	-0.0763707	0.0832356	1.3774504	-0.1792803	-0.0235253	1.4323204	0.0424997	0.3005002	1.1112704	-0.2184612	-0.0260337	1.4338004	0.3679078	0.2769097	1.0941104	-0.1842453	-0.0399100	1.3920404	0.3692711	0.3095791	0.8892904	-0.3634816	-0.2298088	1.5624504	0.4770439	0.3480079	0.8895204	-0.3450213	-0.2055193	1.5560704	0.5101620	0.0730884	1.4120004	-0.0291529	0.0523530	0.9236004	-0.1809150	-0.0892623	0.9171904	0.0073332	0.1580546	0.9619404	-0.0165542	0.0903787	0.9511504	0.0764262	0.2281501	0.4874104	-0.2467811	-0.1425374	0.5044204	-0.1379431	0.1573574	0.4712404	-0.1458863	-0.0557348	0.5352004	-0.2058291	0.4881211	0.6741804	0.0148172	-0.0347516	0.0985304	-0.2624458	0.4522864	0.6613904	0.0616617	-0.0103420	0.1111004	-0.3199032	0.5718649	0.6250604	0.0671632	-0.1208262	0.0575304	-0.2989088	0.5464816	0.5719204	0.1022424	-0.1381024	0.0891404	-0.3607434	0.3810145	0.8080104	-0.3724080	-0.2611125	1.5810704	0.5674111	0.3221773	0.8046004	-0.4072038	-0.3024199	1.6003604	0.5246472	0.0928096	1.0558304	0.0149210	0.1114549	1.2841504	0.0094591	0.5378128	0.5363904	0.1322614	-0.1549927	0.0929104	-0.4046889	0.0277380	0.0533704	-0.2673787	0.4756329	0.7421004	0.0501167	-0.1014669	1.4786404	-0.1917801	0.0451054	1.3451004	-0.0415727	0.1210910	1.3073204	-0.1778808	0.2761663	1.0964104	-0.2139086	0.3268185	0.8756504	-0.3444200	-0.0308892	1.3828704	0.0947312	-0.0481539	1.4207204	0.3650628	-0.2238939	1.5443204	0.4993319	0.0426612	0.8642504	-0.0453936	0.1019990	0.8735404	-0.1242551	0.2157813	0.4623804	-0.2057986	0.4728768	0.6728804	0.0479819	-0.0166718	0.8549604	0.0334811	-0.1128133	0.4891504	-0.1787108	-0.0136592	0.1007304	-0.2972198	-0.0562156	1.5181804	-0.2036149	-0.1048672	1.5316004	-0.1598560	0.0343144	1.5160404	-0.1588181	-0.0682123	1.5432604	-0.0664871	-0.1838739	0.0889104	-0.4067586	-0.1728273	0.0604204	-0.3299320	0.0277380	0.0533704	-0.2673787	0.5533918	0.5185004	0.1380364	0.5973638	0.5735204	0.0923162	0.4877530	0.7461804	0.0632383
8	0.1320755	-0.0469741	1.3384104	-0.0738183	0.0699891	1.3693104	-0.1769722	-0.0378371	1.4232704	0.0438034	0.2987310	1.1113604	-0.1992158	-0.0492801	1.4291004	0.3685429	0.2739507	1.0938504	-0.1659739	-0.0633909	1.3876504	0.3696756	0.3216384	0.8898304	-0.3435805	-0.2510428	1.5581204	0.4819055	0.3588513	0.8908004	-0.3226309	-0.2262618	1.5509204	0.5145135	0.0587907	1.4032604	-0.0266730	0.0292314	0.9252504	-0.1871729	-0.0990515	0.9064604	0.0094438	0.1460863	0.9529004	-0.0288657	0.0849469	0.9376504	0.0680565	0.1608126	0.4967404	-0.3252953	-0.1630816	0.4992404	-0.1497518	0.1013267	0.4722104	-0.2182895	-0.0807352	0.5345004	-0.2223970	0.4426105	0.6800604	-0.0909125	-0.0398660	0.1014004	-0.2847466	0.4132437	0.6644304	-0.0408312	-0.0178695	0.1161104	-0.3425900	0.5334662	0.6311904	-0.0520435	-0.1270969	0.0617004	-0.3191559	0.5138729	0.5760004	-0.0166036	-0.1469715	0.0955804	-0.3793224	0.3956407	0.8104804	-0.3484523	-0.2798772	1.5760604	0.5732476	0.3393867	0.8060104	-0.3872735	-0.3217720	1.5967704	0.5317435	0.0815944	1.0459404	0.0118318	0.0977993	1.2756704	0.0116978	0.5099287	0.5389204	0.0126063	-0.1658443	0.1008004	-0.4223056	0.0225687	0.0568104	-0.2933243	0.4332884	0.7460704	-0.0514002	-0.1167850	1.4679504	-0.1896436	0.0314247	1.3374304	-0.0387830	0.1091650	1.3000404	-0.1737433	0.2749550	1.0954504	-0.1956940	0.3379895	0.8762804	-0.3234657	-0.0463290	1.3748104	0.0961820	-0.0716397	1.4166804	0.3652885	-0.2449021	1.5391304	0.5037802	0.0282776	0.8572204	-0.0558854	0.0812492	0.8710904	-0.1385099	0.1506748	0.4699804	-0.2864944	0.4318383	0.6768504	-0.0563355	-0.0247074	0.8433604	0.0267439	-0.1352057	0.4861004	-0.1931578	-0.0202787	0.1048004	-0.3202446	-0.0721077	1.5079404	-0.2018564	-0.1207248	1.5208604	-0.1579822	0.0184838	1.5073604	-0.1575937	-0.0838833	1.5334904	-0.0648242	-0.1948490	0.0969204	-0.4231639	-0.1805345	0.0658804	-0.3479030	0.0225687	0.0568104	-0.2933243	0.5265248	0.5210604	0.0154903	0.5631004	0.5790704	-0.0328956	0.4467831	0.7499804	-0.0397120
9	0.1509434	-0.0696863	1.3168304	-0.0704956	0.0540541	1.3497204	-0.1649944	-0.0711529	1.4039904	0.0449731	0.2960173	1.1045304	-0.1603403	-0.1269719	1.4119604	0.3649526	0.2690632	1.0861504	-0.1295355	-0.1402701	1.3706104	0.3638932	0.3448506	0.8848004	-0.3007696	-0.3372463	1.5336304	0.4715104	0.3796359	0.8872604	-0.2761522	-0.3139276	1.5256704	0.5049592	0.0308699	1.3850804	-0.0170073	0.0068093	0.9184604	-0.1794559	-0.1188742	0.8883904	0.0168393	0.1263422	0.9335704	-0.0215440	0.0659495	0.9140404	0.0753623	0.0920196	0.5097004	-0.3719386	-0.2005841	0.4956504	-0.1654190	0.0410140	0.4752004	-0.2638582	-0.1190572	0.5332404	-0.2371112	0.4229219	0.6096604	-0.1490172	-0.0570945	0.1056004	-0.3035714	0.3980076	0.5879804	-0.0987355	-0.0340010	0.1227004	-0.3600758	0.5090337	0.5424104	-0.1359175	-0.1426682	0.0658804	-0.3420076	0.4852550	0.4841604	-0.1089171	-0.1616430	0.1020904	-0.4011698	0.4227267	0.8090304	-0.2987815	-0.3700585	1.5483904	0.5620128	0.3709621	0.8027204	-0.3432550	-0.4102415	1.5699204	0.5194642	0.0614610	1.0270504	0.0247207	0.0703844	1.2594304	0.0264543	0.4789762	0.4427404	-0.0867210	-0.1796132	0.1088204	-0.4441955	0.0062133	0.0621704	-0.3117971	0.4292908	0.6670004	-0.0968477	-0.1336106	1.4414604	-0.1943780	0.0050107	1.3196404	-0.0302903	0.0949476	1.2822904	-0.1573565	0.2732550	1.0872704	-0.1588505	0.3596761	0.8718104	-0.2790159	-0.0849171	1.3570004	0.0967800	-0.1488295	1.3996804	0.3592730	-0.3315884	1.5136104	0.4927406	0.0056520	0.8412904	-0.0539788	0.0573483	0.8593304	-0.1366131	0.0838937	0.4775704	-0.3364585	0.4160010	0.6010204	-0.1144649	-0.0460353	0.8232604	0.0286598	-0.1729253	0.4844104	-0.2095661	-0.0367977	0.1106804	-0.3381538	-0.0894238	1.4824004	-0.2044031	-0.1413841	1.4945804	-0.1645043	-0.0023302	1.4858404	-0.1540589	-0.1117800	1.5106904	-0.0693366	-0.2084968	0.1043204	-0.4458580	-0.1951602	0.0703404	-0.3721675	0.0062133	0.0621704	-0.3117971	0.4927216	0.4224004	-0.0896019	0.5320158	0.4836104	-0.1316555	0.4446964	0.6666504	-0.0869386
10	0.1698113	-0.0865106	1.2954704	-0.0892643	0.0491875	1.3309904	-0.1644723	-0.1081949	1.3851704	0.0198000	0.2934802	1.0933504	-0.1226955	-0.2656236	1.3994204	0.3025822	0.2633601	1.0754404	-0.0951103	-0.2772039	1.3584804	0.2969395	0.3625094	0.8710604	-0.2503089	-0.4980568	1.5143904	0.3613255	0.3943278	0.8744704	-0.2221209	-0.4828925	1.5054604	0.3989161	0.0027752	1.3686404	-0.0228699	0.0007631	0.9136704	-0.1778949	-0.1361753	0.8750904	0.0076352	0.1118645	0.9166004	-0.0148448	0.0452052	0.8951704	0.0778483	0.0208268	0.5546404	-0.4271597	-0.2287960	0.4949804	-0.1901488	-0.0249721	0.5017404	-0.3261515	-0.1461940	0.5322504	-0.2585151	0.3949669	0.4565904	-0.2671717	-0.0738052	0.1061304	-0.3203122	0.3703605	0.4222804	-0.2239624	-0.0477232	0.1241204	-0.3748491	0.4525341	0.3707604	-0.3048973	-0.1569486	0.0664304	-0.3649305	0.4126054	0.3155304	-0.2962188	-0.1722376	0.1043604	-0.4239517	0.4408764	0.7966504	-0.2391986	-0.5507015	1.5257404	0.4423260	0.3945140	0.7893604	-0.2891525	-0.5801230	1.5486604	0.3926474	0.0431785	1.0120504	0.0310138	0.0392847	1.2470804	0.0301359	0.3945545	0.2722304	-0.2893102	-0.1870285	0.1123604	-0.4676906	-0.0099770	0.0628404	-0.3253712	0.4275457	0.4816104	-0.2008384	-0.1377713	1.4165904	-0.2235275	-0.0224996	1.3030304	-0.0417835	0.0899397	1.2656604	-0.1500482	0.2715618	1.0755804	-0.1233941	0.3749813	0.8588204	-0.2266074	-0.1349437	1.3403904	0.0664678	-0.2848522	1.3877604	0.2902946	-0.4962510	1.4928804	0.3822270	-0.0108955	0.8283204	-0.0599958	0.0448802	0.8486404	-0.1393818	0.0118325	0.5121004	-0.4011986	0.3891953	0.4363704	-0.2378761	-0.0666755	0.8080004	0.0193993	-0.2005046	0.4843004	-0.2337361	-0.0517336	0.1122804	-0.3529745	-0.0933538	1.4577804	-0.2295280	-0.1497485	1.4698304	-0.1963753	-0.0127511	1.4641904	-0.1696651	-0.1319501	1.4891904	-0.0988897	-0.2155255	0.1076704	-0.4715782	-0.2071600	0.0715204	-0.3990582	-0.0099770	0.0628404	-0.3253712	0.3996071	0.2517304	-0.3023462	0.4531421	0.3112504	-0.3286564	0.4430917	0.4729604	-0.1962704
11	0.1886792	-0.1008228	1.3009004	-0.1361122	0.0436803	1.3376904	-0.1888651	-0.1438783	1.3946804	-0.0368700	0.2732479	1.0896204	-0.1356939	-0.4169279	1.3911004	0.1403040	0.2407487	1.0729204	-0.1105311	-0.4206325	1.3498004	0.1296502	0.3355221	0.8684504	-0.2686971	-0.6585533	1.4871904	0.0828453	0.3660004	0.8678604	-0.2387948	-0.6624404	1.4782404	0.1231487	-0.0251266	1.3811704	-0.0591730	-0.0057022	0.9326104	-0.1900346	-0.1630076	0.8916604	-0.0235792	0.0872832	0.9281704	-0.0196760	0.0107043	0.9075804	0.0649490	-0.0243164	0.6072304	-0.4505054	-0.2310952	0.4998604	-0.2182978	-0.0799842	0.5455804	-0.3676596	-0.1483414	0.5363704	-0.2822571	0.2278445	0.2591604	-0.5170084	-0.0770578	0.1051804	-0.3386554	0.1873375	0.2217104	-0.4901952	-0.0481054	0.1235104	-0.3906402	0.2226866	0.2010404	-0.6106519	-0.1565773	0.0635704	-0.3903116	0.1566851	0.1789804	-0.6148927	-0.1676349	0.1029704	-0.4488713	0.4073749	0.7874704	-0.2592341	-0.7436230	1.4932204	0.1288429	0.3637672	0.7875504	-0.3116881	-0.7471820	1.5161504	0.0712862	0.0162202	1.0270304	0.0210579	0.0042291	1.2655604	0.0069262	0.1170230	0.1546304	-0.6218350	-0.1781790	0.1125504	-0.4930573	-0.0127051	0.0628004	-0.3395860	0.2690252	0.2205204	-0.4633250	-0.1410966	1.4144204	-0.2795739	-0.0511292	1.3121004	-0.0857304	0.0813258	1.2737604	-0.1696005	0.2506615	1.0733604	-0.1380832	0.3459514	0.8546304	-0.2449219	-0.1835709	1.3504504	-0.0018652	-0.4267303	1.3787204	0.1201534	-0.6643096	1.4649104	0.1023831	-0.0336115	0.8430004	-0.0797354	0.0295404	0.8631704	-0.1534310	-0.0446372	0.5579604	-0.4418526	0.2107225	0.2321004	-0.5003320	-0.0967586	0.8228304	-0.0060266	-0.2023453	0.4882004	-0.2601708	-0.0534870	0.1128104	-0.3681912	-0.0971190	1.4560204	-0.2838266	-0.1565227	1.4682004	-0.2565016	-0.0219539	1.4677804	-0.2174847	-0.1481389	1.4934904	-0.1589154	-0.2058050	0.1078304	-0.4996172	-0.2036825	0.0694904	-0.4293022	-0.0127051	0.0628004	-0.3395860	0.1083839	0.1458804	-0.6429659	0.1858199	0.1757904	-0.6583957	0.2766546	0.2051504	-0.4694881
12	0.2075472	-0.1349857	1.3130104	-0.1803553	0.0086232	1.3569204	-0.2193357	-0.2055664	1.4088304	-0.0880784	0.2377518	1.1039004	-0.1963149	-0.4922755	1.2856204	0.0328976	0.2050341	1.0831104	-0.1745641	-0.4758791	1.2455904	0.0266740	0.2864249	0.9289604	-0.3882915	-0.7125298	1.2748504	-0.1141424	0.3168675	0.9165604	-0.3606788	-0.7279710	1.2655004	-0.0767221	-0.0721152	1.4048704	-0.1022469	-0.0303027	0.9561204	-0.1963863	-0.2071650	0.9198704	-0.0452293	0.0439758	0.9485904	-0.0187299	-0.0407496	0.9314304	0.0583781	-0.1086943	0.6386604	-0.4487727	-0.2407591	0.5136604	-0.2338711	-0.1782580	0.5945604	-0.3697034	-0.1552894	0.5505004	-0.2924152	-0.0819837	0.2398104	-0.6396258	-0.0861838	0.1143004	-0.3432199	-0.1358091	0.2226204	-0.6149406	-0.0548168	0.1316404	-0.3932843	-0.1174605	0.2116804	-0.7409634	-0.1607905	0.0676604	-0.3986206	-0.1867314	0.2251704	-0.7405830	-0.1685215	0.1054804	-0.4583987	0.3534806	0.8456504	-0.4086720	-0.8049286	1.2492204	-0.1022363	0.3101461	0.8668404	-0.4565299	-0.7939707	1.2684604	-0.1603059	-0.0269380	1.0537104	0.0137100	-0.0431515	1.2964204	-0.0233106	-0.2331271	0.2226204	-0.7457442	-0.1749680	0.1144204	-0.5030903	-0.0204781	0.0746604	-0.3386757	-0.0656408	0.1769704	-0.5978664	-0.1669501	1.4101504	-0.3350585	-0.0972199	1.3255704	-0.1280325	0.0458083	1.2944604	-0.2003851	0.2132892	1.0900704	-0.2018741	0.2961150	0.9076504	-0.3697931	-0.2402571	1.3566704	-0.0556842	-0.4898448	1.2688804	0.0136296	-0.7182156	1.2531304	-0.0949689	-0.0749999	0.8671704	-0.0900978	-0.0057745	0.8849104	-0.1587876	-0.1441783	0.5978804	-0.4455797	-0.1103871	0.2218304	-0.6251867	-0.1442296	0.8494304	-0.0213990	-0.2102705	0.5001104	-0.2738409	-0.0608851	0.1218204	-0.3704273	-0.1255381	1.4539204	-0.3392277	-0.1878102	1.4644104	-0.3179847	-0.0574677	1.4767604	-0.2682719	-0.1897672	1.4988404	-0.2225945	-0.2015863	0.1094504	-0.5117401	-0.2055064	0.0722104	-0.4416940	-0.0204781	0.0746604	-0.3386757	-0.2457478	0.2223704	-0.7662160	-0.1644030	0.2167704	-0.7875908	-0.0666734	0.1617204	-0.6068440
13	0.2264151	-0.1562655	1.2980004	-0.2079544	-0.0147613	1.3453304	-0.2381623	-0.2385127	1.3994804	-0.1306949	0.2204410	1.0997504	-0.2400924	-0.5321278	1.2450704	-0.0763062	0.1886846	1.0758604	-0.2201663	-0.5103393	1.2066204	-0.0752820	0.2667524	0.9572304	-0.4572680	-0.6750268	1.2159904	-0.2974030	0.2976914	0.9401304	-0.4326126	-0.7035893	1.2049004	-0.2693011	-0.1007243	1.3997704	-0.1339809	-0.0509692	0.9573004	-0.1864714	-0.2393028	0.9260104	-0.0441723	0.0119137	0.9487204	-0.0045846	-0.0776417	0.9346404	0.0678326	-0.1947287	0.6665004	-0.4351346	-0.2525132	0.5160104	-0.2349055	-0.2649461	0.6359404	-0.3519898	-0.1647337	0.5547904	-0.2883231	-0.3234546	0.3100504	-0.6693287	-0.0923428	0.1177704	-0.3452974	-0.3778340	0.3084004	-0.6401904	-0.0585611	0.1355204	-0.3932759	-0.3737588	0.3022804	-0.7682570	-0.1625950	0.0688104	-0.4049018	-0.4361122	0.3352304	-0.7603035	-0.1670718	0.1064504	-0.4651042	0.3333722	0.8789304	-0.4936081	-0.7621165	1.1849304	-0.3240227	0.2896545	0.9089104	-0.5356753	-0.7294974	1.2057304	-0.3727971	-0.0593881	1.0590804	0.0210210	-0.0763077	1.3017604	-0.0423355	-0.4816070	0.3454704	-0.7609842	-0.1700319	0.1153204	-0.5099135	-0.0261230	0.0803004	-0.3366738	-0.3245089	0.2426104	-0.6325924	-0.1832730	1.3766104	-0.3723178	-0.1265324	1.3159804	-0.1606241	0.0219290	1.2848404	-0.2193100	0.1951099	1.0872304	-0.2473144	0.2766422	0.9329304	-0.4419425	-0.2749938	1.3471204	-0.1019382	-0.5213871	1.2287504	-0.0927143	-0.6863205	1.1933304	-0.2817493	-0.1067686	0.8705604	-0.0830649	-0.0343478	0.8862104	-0.1489295	-0.2379150	0.6350104	-0.4310646	-0.3551535	0.3005304	-0.6528625	-0.1791804	0.8549104	-0.0171961	-0.2200234	0.5022504	-0.2736774	-0.0657073	0.1260604	-0.3707340	-0.1425949	1.4204204	-0.3800952	-0.2057099	1.4320804	-0.3617058	-0.0768566	1.4527904	-0.3101717	-0.2110647	1.4773404	-0.2708128	-0.1956673	0.1101904	-0.5204110	-0.2046459	0.0728904	-0.4513004	-0.0261230	0.0803004	-0.3366738	-0.4953666	0.3501604	-0.7799127	-0.4209114	0.3247704	-0.8097964	-0.3307196	0.2293004	-0.6419653
14	0.2452830	-0.1234949	1.2823804	-0.2407032	0.0174834	1.3223204	-0.2619984	-0.1971756	1.3951304	-0.1796851	0.2421758	1.0750804	-0.3008052	-0.5070226	1.2938004	-0.2370023	0.2106614	1.0503804	-0.2815166	-0.4931035	1.2525104	-0.2305779	0.2710712	0.9530204	-0.5335167	-0.5464304	1.2895004	-0.5002290	0.3029193	0.9324704	-0.5129171	-0.5858644	1.2852304	-0.4876897	-0.0656219	1.3859804	-0.1691512	-0.0391419	0.9514804	-0.1914384	-0.2366928	0.9260404	-0.0578619	0.0148599	0.9423404	-0.0071167	-0.0788954	0.9330904	0.0612456	-0.2234822	0.7277404	-0.4567628	-0.2276959	0.5036004	-0.2332303	-0.2944018	0.6968004	-0.3744309	-0.1399324	0.5447204	-0.2854306	-0.3896578	0.3931504	-0.6996150	-0.0809000	0.1043204	-0.3613892	-0.4433959	0.3953804	-0.6696039	-0.0462441	0.1223204	-0.4091365	-0.4414324	0.3927704	-0.7981586	-0.1511267	0.0563804	-0.4223498	-0.5010430	0.4301504	-0.7883966	-0.1541764	0.0947504	-0.4822289	0.3322365	0.8777404	-0.5833126	-0.6171192	1.2783204	-0.5635347	0.2871981	0.9139204	-0.6180515	-0.5629874	1.2902404	-0.5919057	-0.0552705	1.0566504	0.0122383	-0.0553999	1.2965104	-0.0701120	-0.5456121	0.4437604	-0.7881049	-0.1561385	0.1042504	-0.5268596	-0.0149062	0.0664704	-0.3528488	-0.3955614	0.3251204	-0.6649965	-0.1370386	1.3522504	-0.4123599	-0.0968007	1.3053904	-0.2040584	0.0500013	1.2613804	-0.2461951	0.2155480	1.0650604	-0.3084884	0.2807682	0.9267304	-0.5204990	-0.2436068	1.3494004	-0.1619126	-0.4924808	1.2771404	-0.2493760	-0.5670857	1.2690804	-0.4913792	-0.1036544	0.8683604	-0.0912342	-0.0289814	0.8815904	-0.1550666	-0.2689371	0.7003004	-0.4530334	-0.4218593	0.3864104	-0.6830411	-0.1783316	0.8551204	-0.0273927	-0.1939894	0.4897304	-0.2716775	-0.0538827	0.1130704	-0.3867691	-0.0930943	1.3927104	-0.4209424	-0.1559088	1.4099204	-0.4056347	-0.0275340	1.4246204	-0.3499985	-0.1611768	1.4608604	-0.3176253	-0.1816344	0.0998004	-0.5378217	-0.1924758	0.0613504	-0.4695908	-0.0149062	0.0664704	-0.3528488	-0.5591039	0.4502104	-0.8065665	-0.4873098	0.4202804	-0.8383863	-0.4028071	0.3126704	-0.6747527
15	0.2641509	-0.1327997	1.2678804	-0.2636009	0.0054435	1.3083404	-0.2898679	-0.2031855	1.3834904	-0.2087259	0.2312450	1.0701704	-0.3511187	-0.5019979	1.2816704	-0.2996923	0.2010664	1.0440704	-0.3317368	-0.4885867	1.2407804	-0.2907353	0.2580193	0.9612104	-0.5902369	-0.5131631	1.2691904	-0.5657263	0.2907531	0.9401704	-0.5716076	-0.5538139	1.2660504	-0.5576051	-0.0727713	1.3752804	-0.1986350	-0.0472262	0.9492504	-0.2014312	-0.2415109	0.9255404	-0.0608038	0.0125575	0.9393304	-0.0196655	-0.0790630	0.9317904	0.0519984	-0.2707602	0.7701304	-0.4567193	-0.2283929	0.4936704	-0.2223892	-0.3352616	0.7383004	-0.3700262	-0.1453139	0.5362904	-0.2811543	-0.5094093	0.4947004	-0.7139028	-0.0996823	0.0932204	-0.3699489	-0.5589554	0.5004204	-0.6776669	-0.0674983	0.1115504	-0.4192572	-0.5704883	0.5119704	-0.8055307	-0.1718081	0.0436204	-0.4283746	-0.6237690	0.5547804	-0.7856340	-0.1776247	0.0819504	-0.4879992	0.3202447	0.8916904	-0.6467546	-0.5760876	1.2596604	-0.6363127	0.2733806	0.9289104	-0.6772471	-0.5185266	1.2691604	-0.6582188	-0.0567135	1.0560504	0.0008516	-0.0602809	1.2933304	-0.0956583	-0.6662187	0.5728304	-0.7790027	-0.1810837	0.0916504	-0.5324011	-0.0329301	0.0566204	-0.3645967	-0.5207512	0.4247604	-0.6856048	-0.1523303	1.3342704	-0.4395500	-0.1057294	1.2938004	-0.2343169	0.0385746	1.2486004	-0.2760185	0.2045678	1.0603204	-0.3586485	0.2683738	0.9341904	-0.5785345	-0.2500425	1.3390104	-0.1926195	-0.4857845	1.2653904	-0.3101611	-0.5348918	1.2489104	-0.5581713	-0.1105536	0.8673504	-0.0997696	-0.0387179	0.8799404	-0.1669112	-0.3177362	0.7468404	-0.4506980	-0.5405569	0.4902704	-0.6942887	-0.1823893	0.8547704	-0.0326280	-0.1971875	0.4795604	-0.2631391	-0.0743278	0.1028804	-0.3964242	-0.1080230	1.3738004	-0.4504016	-0.1699083	1.3926204	-0.4328511	-0.0390689	1.4056104	-0.3823108	-0.1707386	1.4450704	-0.3455087	-0.2068005	0.0871304	-0.5424401	-0.2149554	0.0480604	-0.4742915	-0.0329301	0.0566204	-0.3645967	-0.6806958	0.5825104	-0.7948784	-0.6166164	0.5487204	-0.8375779	-0.5304062	0.4144504	-0.6956129
16	0.2830189	-0.1329197	1.2696904	-0.2810902	0.0036197	1.3137004	-0.3122452	-0.2061189	1.3824004	-0.2265231	0.2377328	1.0829104	-0.3712312	-0.5011726	1.2659604	-0.3118970	0.2086659	1.0557504	-0.3514413	-0.4853983	1.2258004	-0.3033938	0.2671277	0.9762804	-0.6105508	-0.5243517	1.2533004	-0.5766811	0.3009917	0.9566104	-0.5924758	-0.5644552	1.2483704	-0.5667049	-0.0745268	1.3791604	-0.2186745	-0.0382718	0.9564204	-0.2173923	-0.2268907	0.9322804	-0.0673592	0.0295897	0.9456604	-0.0394621	-0.0586856	0.9383204	0.0369062	-0.2837629	0.8286104	-0.4654637	-0.2211360	0.4980804	-0.2258130	-0.3442797	0.7927604	-0.3775195	-0.1427527	0.5414904	-0.2904090	-0.5448321	0.5619304	-0.7099420	-0.0962071	0.0982404	-0.3793180	-0.5913244	0.5671704	-0.6700091	-0.0669888	0.1167304	-0.4305719	-0.6117954	0.5852704	-0.7960495	-0.1707096	0.0468604	-0.4335227	-0.6623293	0.6285304	-0.7704253	-0.1800867	0.0849704	-0.4927994	0.3330093	0.9121204	-0.6689937	-0.5901001	1.2435504	-0.6441929	0.2836663	0.9472804	-0.6980271	-0.5338936	1.2552704	-0.6683526	-0.0405558	1.0632304	-0.0160758	-0.0564482	1.2998504	-0.1155193	-0.7038010	0.6471504	-0.7599285	-0.1857887	0.0946904	-0.5369343	-0.0285890	0.0627004	-0.3774791	-0.5557470	0.4908204	-0.6843579	-0.1645110	1.3435504	-0.4573450	-0.1057846	1.2957804	-0.2535303	0.0391656	1.2553604	-0.2977773	0.2114616	1.0719604	-0.3784724	0.2787972	0.9494404	-0.5993496	-0.2507307	1.3362004	-0.2092924	-0.4843269	1.2506204	-0.3229647	-0.5447510	1.2318104	-0.5682857	-0.0983291	0.8746304	-0.1141066	-0.0303428	0.8875504	-0.1850844	-0.3310513	0.8064904	-0.4577786	-0.5746259	0.5570604	-0.6885932	-0.1663245	0.8617104	-0.0431330	-0.1922135	0.4839304	-0.2684110	-0.0726346	0.1081704	-0.4071539	-0.1209203	1.3837604	-0.4685529	-0.1817767	1.4014904	-0.4465836	-0.0482859	1.4120804	-0.4024864	-0.1778439	1.4491904	-0.3566781	-0.2118864	0.0899604	-0.5456833	-0.2163059	0.0506304	-0.4773818	-0.0285890	0.0627004	-0.3774791	-0.7191614	0.6577204	-0.7742411	-0.6591206	0.6244204	-0.8229504	-0.5663916	0.4812304	-0.6942315
17	0.3018868	-0.1354202	1.2736104	-0.2956513	0.0008927	1.3181004	-0.3306744	-0.2120492	1.3852104	-0.2395498	0.2456255	1.0950004	-0.3757820	-0.5139747	1.2542204	-0.2694174	0.2166749	1.0672704	-0.3571405	-0.4951626	1.2152104	-0.2620575	0.2990163	0.9857304	-0.6086125	-0.6052493	1.2209104	-0.5160161	0.3321580	0.9680404	-0.5874980	-0.6410320	1.2156404	-0.4952642	-0.0771356	1.3841304	-0.2360555	-0.0367765	0.9645204	-0.2314362	-0.2211974	0.9391104	-0.0754513	0.0363672	0.9523204	-0.0563391	-0.0495838	0.9444204	0.0229006	-0.2924263	0.8590204	-0.4725819	-0.2223390	0.5038004	-0.2325088	-0.3501873	0.8217304	-0.3834962	-0.1467151	0.5472704	-0.3005099	-0.5692131	0.5976804	-0.7053121	-0.0957892	0.1037704	-0.3857986	-0.6139565	0.6033104	-0.6634272	-0.0679043	0.1225204	-0.4377184	-0.6385395	0.6243004	-0.7885052	-0.1700900	0.0501704	-0.4386845	-0.6868821	0.6684404	-0.7602924	-0.1813006	0.0878204	-0.4977679	0.3734010	0.9255504	-0.6605636	-0.6864419	1.2059604	-0.5624280	0.3245292	0.9577704	-0.6938019	-0.6390842	1.2170804	-0.6013064	-0.0337952	1.0702604	-0.0306214	-0.0551385	1.3059904	-0.1319337	-0.7274893	0.6878704	-0.7479581	-0.1878454	0.0974904	-0.5417993	-0.0273860	0.0696904	-0.3850279	-0.5808079	0.5262504	-0.6805415	-0.1741823	1.3481404	-0.4713880	-0.1079018	1.2991804	-0.2648673	0.0380934	1.2605504	-0.3139342	0.2205532	1.0827704	-0.3841743	0.3108522	0.9594404	-0.5962303	-0.2538970	1.3378104	-0.2158003	-0.4996628	1.2383604	-0.2830017	-0.6217835	1.1995604	-0.5015703	-0.0943332	0.8818004	-0.1275030	-0.0288583	0.8954404	-0.2006670	-0.3399742	0.8376504	-0.4637490	-0.5984097	0.5927004	-0.6829014	-0.1598124	0.8681604	-0.0543299	-0.1948196	0.4893604	-0.2761913	-0.0730125	0.1140104	-0.4141048	-0.1310861	1.3884804	-0.4838305	-0.1910936	1.4059604	-0.4594462	-0.0561024	1.4162004	-0.4200338	-0.1838690	1.4527804	-0.3694069	-0.2139055	0.0922504	-0.5501557	-0.2163393	0.0527004	-0.4818771	-0.0273860	0.0696904	-0.3850279	-0.7431811	0.6989404	-0.7614653	-0.6858289	0.6648904	-0.8129510	-0.5920456	0.5171004	-0.6901842
18	0.3207547	-0.1500218	1.2797004	-0.3077342	-0.0135554	1.3290204	-0.3425423	-0.2311386	1.3868304	-0.2510002	0.2443864	1.1161604	-0.3679190	-0.5282430	1.2429304	-0.2758501	0.2164980	1.0876504	-0.3483849	-0.5077917	1.2048704	-0.2679355	0.3002814	1.0015504	-0.5978384	-0.6276536	1.1952904	-0.5173053	0.3346048	0.9863304	-0.5767024	-0.6623900	1.1899504	-0.4947746	-0.0953458	1.3911204	-0.2467648	-0.0445381	0.9705204	-0.2473030	-0.2280477	0.9438004	-0.0903855	0.0291886	0.9581704	-0.0721547	-0.0562428	0.9495604	0.0074376	-0.3050616	0.8496304	-0.4829425	-0.2253363	0.5053504	-0.2416742	-0.3599983	0.8136004	-0.3918447	-0.1507047	0.5486404	-0.3107891	-0.5925780	0.5943704	-0.7091788	-0.0926877	0.1045904	-0.3880486	-0.6363431	0.6007204	-0.6663633	-0.0653635	0.1229304	-0.4403513	-0.6623631	0.6226204	-0.7909860	-0.1675035	0.0504104	-0.4396410	-0.7094218	0.6677804	-0.7621192	-0.1793938	0.0874704	-0.4990414	0.3768171	0.9434004	-0.6490071	-0.7103672	1.1745604	-0.5591303	0.3257311	0.9717504	-0.6823952	-0.6651724	1.1852504	-0.6007054	-0.0417111	1.0756304	-0.0452582	-0.0706002	1.3124904	-0.1435681	-0.7495233	0.6880404	-0.7494499	-0.1864762	0.0966204	-0.5431028	-0.0242670	0.0707104	-0.3874574	-0.6052469	0.5230604	-0.6840925	-0.1962018	1.3590904	-0.4810269	-0.1226304	1.3052104	-0.2753765	0.0258299	1.2731504	-0.3234594	0.2202059	1.1019404	-0.3757630	0.3138810	0.9764804	-0.5850972	-0.2710859	1.3372804	-0.2272802	-0.5136568	1.2273104	-0.2895493	-0.6428424	1.1742604	-0.5009412	-0.1013189	0.8870304	-0.1426438	-0.0361455	0.9009504	-0.2160367	-0.3522465	0.8283404	-0.4727818	-0.6213721	0.5898504	-0.6861170	-0.1664881	0.8731204	-0.0692600	-0.1978997	0.4906204	-0.2852740	-0.0703538	0.1147904	-0.4165172	-0.1536027	1.3999704	-0.4933261	-0.2130291	1.4163604	-0.4668281	-0.0770456	1.4260904	-0.4307266	-0.2036516	1.4602804	-0.3756085	-0.2125912	0.0911804	-0.5511758	-0.2141791	0.0525004	-0.4823924	-0.0242670	0.0707104	-0.3874574	-0.7650792	0.6994704	-0.7628936	-0.7087662	0.6643504	-0.8149191	-0.6168543	0.5141704	-0.6935104
19	0.3396226	-0.1676768	1.2847904	-0.3226865	-0.0302347	1.3372504	-0.3571499	-0.2558008	1.3868804	-0.2635375	0.2401223	1.1353304	-0.3520547	-0.5411027	1.2117904	-0.2525079	0.2125922	1.1060404	-0.3325081	-0.5168286	1.1759804	-0.2428769	0.3041901	1.0165004	-0.5772583	-0.6380857	1.1354104	-0.4871487	0.3388841	1.0033204	-0.5553316	-0.6720112	1.1287304	-0.4637544	-0.1157842	1.3960404	-0.2601021	-0.0592804	0.9722204	-0.2653546	-0.2426619	0.9454804	-0.1083333	0.0141524	0.9609904	-0.0895049	-0.0711776	0.9522304	-0.0099645	-0.3191313	0.8305004	-0.4983193	-0.2373960	0.5049604	-0.2545469	-0.3729089	0.7967204	-0.4057320	-0.1622248	0.5474704	-0.3233992	-0.5979971	0.5571904	-0.7134822	-0.0902148	0.1042704	-0.3854722	-0.6420946	0.5637104	-0.6712078	-0.0627959	0.1218404	-0.4379072	-0.6674788	0.5803004	-0.7967919	-0.1643271	0.0486304	-0.4360413	-0.7158773	0.6252904	-0.7699733	-0.1763554	0.0845704	-0.4962343	0.3841495	0.9606804	-0.6257603	-0.7191080	1.1034104	-0.5256914	0.3322850	0.9857004	-0.6606258	-0.6756288	1.1148304	-0.5688168	-0.0569305	1.0780304	-0.0629255	-0.0889781	1.3156404	-0.1577983	-0.7566316	0.6449304	-0.7584359	-0.1834651	0.0927604	-0.5404739	-0.0214223	0.0709304	-0.3837145	-0.6089676	0.4863104	-0.6856730	-0.2204172	1.3710804	-0.4926057	-0.1405443	1.3086204	-0.2852305	0.0105617	1.2827404	-0.3343968	0.2166312	1.1192904	-0.3598863	0.3190542	0.9924704	-0.5642475	-0.2916413	1.3344904	-0.2360599	-0.5256814	1.1959804	-0.2652769	-0.6516908	1.1146304	-0.4694723	-0.1155661	0.8886404	-0.1596040	-0.0502428	0.9022804	-0.2329159	-0.3658079	0.8083704	-0.4872375	-0.6266444	0.5524604	-0.6904513	-0.1808893	0.8750104	-0.0862920	-0.2092100	0.4895404	-0.2974111	-0.0676562	0.1138504	-0.4139022	-0.1779962	1.4123404	-0.5042155	-0.2366721	1.4276604	-0.4754698	-0.0998565	1.4353904	-0.4424779	-0.2248964	1.4672604	-0.3827677	-0.2095571	0.0868804	-0.5485252	-0.2109889	0.0496404	-0.4789408	-0.0214223	0.0709304	-0.3837145	-0.7723381	0.6554804	-0.7724795	-0.7144412	0.6201904	-0.8226961	-0.6203114	0.4767604	-0.6947805
20	0.3584906	-0.1915038	1.2881904	-0.3485383	-0.0536943	1.3455504	-0.3849489	-0.2888588	1.3821604	-0.2856833	0.2240883	1.1539004	-0.3438635	-0.5443976	1.1665404	-0.2301562	0.1965797	1.1251404	-0.3230380	-0.5143056	1.1352004	-0.2197983	0.2960424	1.0185104	-0.5566620	-0.6413352	1.0553604	-0.4498692	0.3307247	1.0082204	-0.5331960	-0.6724476	1.0458704	-0.4237287	-0.1439178	1.4002504	-0.2854022	-0.0746162	0.9720004	-0.2944851	-0.2569897	0.9464504	-0.1365966	-0.0008316	0.9645004	-0.1180410	-0.0857066	0.9557604	-0.0382223	-0.3260296	0.7957504	-0.5246739	-0.2577559	0.5044304	-0.2745120	-0.3797048	0.7658904	-0.4306265	-0.1816479	0.5443604	-0.3436225	-0.5842430	0.4921604	-0.7235751	-0.0901124	0.1042104	-0.3781200	-0.6294494	0.4985004	-0.6825902	-0.0621286	0.1203804	-0.4305123	-0.6527244	0.5061204	-0.8094085	-0.1615114	0.0445904	-0.4279536	-0.7039018	0.5500004	-0.7862139	-0.1730314	0.0779804	-0.4896860	0.3788056	0.9617004	-0.5988251	-0.7187882	1.0081904	-0.4797631	0.3269287	0.9820204	-0.6367638	-0.6804294	1.0220604	-0.5267437	-0.0725534	1.0807604	-0.0927416	-0.1121685	1.3184404	-0.1840925	-0.7458993	0.5680504	-0.7766243	-0.1792538	0.0844204	-0.5343614	-0.0204853	0.0727204	-0.3733251	-0.5919693	0.4223604	-0.6914837	-0.2567128	1.3780104	-0.5127303	-0.1644156	1.3095604	-0.3056633	-0.0110449	1.2929104	-0.3577458	0.2014365	1.1359704	-0.3507740	0.3117430	0.9962004	-0.5421798	-0.3177820	1.3262004	-0.2535899	-0.5278162	1.1513604	-0.2423843	-0.6512376	1.0345304	-0.4302897	-0.1295353	0.8891804	-0.1865304	-0.0641063	0.9019604	-0.2599034	-0.3720784	0.7722304	-0.5128800	-0.6129683	0.4867804	-0.7007791	-0.1949691	0.8764004	-0.1131707	-0.2288628	0.4876804	-0.3162188	-0.0670596	0.1129104	-0.4063085	-0.2158247	1.4204404	-0.5254302	-0.2731107	1.4335904	-0.4931344	-0.1349706	1.4432904	-0.4673369	-0.2571974	1.4705904	-0.4002904	-0.2049865	0.0775604	-0.5428520	-0.2072317	0.0428704	-0.4720911	-0.0204853	0.0727204	-0.3733251	-0.7618332	0.5769004	-0.7916236	-0.7009606	0.5420704	-0.8385438	-0.6026346	0.4116604	-0.7001533
21	0.3773585	-0.2120730	1.2908704	-0.3735441	-0.0744417	1.3497804	-0.4115604	-0.3113471	1.3832204	-0.3077332	0.2095073	1.1742504	-0.3476616	-0.5563060	1.1707704	-0.2053994	0.1822142	1.1452604	-0.3276293	-0.5247823	1.1403204	-0.1973310	0.3195482	1.0267304	-0.5338838	-0.6910687	1.0410204	-0.3916752	0.3515020	1.0223304	-0.5053237	-0.7165924	1.0342504	-0.3594419	-0.1651221	1.4028004	-0.3107262	-0.0916557	0.9709904	-0.3198200	-0.2739253	0.9480904	-0.1620596	-0.0181090	0.9672904	-0.1429130	-0.1032281	0.9593604	-0.0631861	-0.3333044	0.7720904	-0.5489201	-0.2865149	0.5069704	-0.2961758	-0.3880160	0.7452404	-0.4543298	-0.2081405	0.5440304	-0.3643729	-0.5662754	0.4382804	-0.7286248	-0.0934134	0.1114104	-0.3640134	-0.6130428	0.4440204	-0.6890960	-0.0637657	0.1257004	-0.4159277	-0.6326630	0.4434504	-0.8167479	-0.1604051	0.0467304	-0.4133366	-0.6869528	0.4852404	-0.7972664	-0.1706547	0.0763704	-0.4770364	0.4114896	0.9740204	-0.5584383	-0.7724276	0.9919204	-0.4019297	0.3635684	0.9849904	-0.6048600	-0.7438276	1.0012704	-0.4563297	-0.0901232	1.0832404	-0.1198023	-0.1311032	1.3198904	-0.2098587	-0.7301809	0.5012504	-0.7898176	-0.1755644	0.0803604	-0.5221369	-0.0230460	0.0827504	-0.3543936	-0.5706188	0.3699104	-0.6927381	-0.2820635	1.3810604	-0.5352433	-0.1838128	1.3130304	-0.3264152	-0.0304637	1.2985604	-0.3819061	0.1893057	1.1542604	-0.3552832	0.3348972	1.0076404	-0.5154058	-0.3371710	1.3274904	-0.2709285	-0.5420634	1.1540904	-0.2184091	-0.6972476	1.0221704	-0.3691015	-0.1461804	0.8897604	-0.2102029	-0.0802294	0.9012904	-0.2832993	-0.3788957	0.7472404	-0.5365928	-0.5953398	0.4322404	-0.7061193	-0.2121356	0.8782404	-0.1370973	-0.2561340	0.4893304	-0.3363172	-0.0695920	0.1193604	-0.3917442	-0.2418685	1.4239904	-0.5484208	-0.2985229	1.4361704	-0.5147823	-0.1599963	1.4469204	-0.4918719	-0.2808926	1.4723604	-0.4221418	-0.2007596	0.0721604	-0.5310940	-0.2040869	0.0409804	-0.4588407	-0.0230460	0.0827504	-0.3543936	-0.7462076	0.5083004	-0.8057538	-0.6820915	0.4747204	-0.8489107	-0.5803718	0.3581204	-0.7010926
22	0.3962264	-0.2365291	1.2951504	-0.4125988	-0.0988744	1.3550404	-0.4492692	-0.3390921	1.3842504	-0.3448459	0.1878696	1.1887004	-0.3739490	-0.5627846	1.1630304	-0.2114768	0.1608728	1.1591104	-0.3548598	-0.5287777	1.1351804	-0.2045454	0.3143495	1.0413704	-0.5491183	-0.7101990	1.0084204	-0.3658173	0.3446848	1.0390604	-0.5187199	-0.7308392	1.0034904	-0.3300490	-0.1898386	1.4054104	-0.3480156	-0.1191026	0.9659904	-0.3604349	-0.3030657	0.9480204	-0.2047219	-0.0479254	0.9671904	-0.1816647	-0.1342271	0.9609304	-0.1031403	-0.3469551	0.7327804	-0.5835099	-0.3349487	0.5096804	-0.3353225	-0.4031653	0.7104904	-0.4880958	-0.2532523	0.5425304	-0.4017940	-0.5374642	0.3593704	-0.7284636	-0.1050153	0.1296604	-0.3468705	-0.5864753	0.3633704	-0.6911506	-0.0728716	0.1418104	-0.3974885	-0.5990244	0.3532604	-0.8192015	-0.1607880	0.0539604	-0.3944377	-0.6575657	0.3913004	-0.8048472	-0.1687507	0.0763204	-0.4610543	0.4096780	0.9917604	-0.5661240	-0.7885394	0.9536004	-0.3603976	0.3642508	0.9992504	-0.6160721	-0.7680950	0.9590404	-0.4187219	-0.1191342	1.0827104	-0.1621505	-0.1561772	1.3194804	-0.2486058	-0.7022997	0.4039704	-0.8007707	-0.1705873	0.0757504	-0.5064982	-0.0333552	0.1090704	-0.3292331	-0.5373453	0.2932004	-0.6877597	-0.3125309	1.3897404	-0.5688368	-0.2082588	1.3158304	-0.3619896	-0.0545186	1.3039704	-0.4185560	0.1689993	1.1678504	-0.3819650	0.3293587	1.0234304	-0.5294857	-0.3620039	1.3276904	-0.3054365	-0.5492258	1.1456304	-0.2241323	-0.7126808	0.9915904	-0.3413762	-0.1746175	0.8875904	-0.2487417	-0.1069680	0.8970504	-0.3205827	-0.3916990	0.7060104	-0.5701365	-0.5669812	0.3517504	-0.7064781	-0.2422580	0.8781304	-0.1768965	-0.3024193	0.4911404	-0.3729726	-0.0801292	0.1371104	-0.3736193	-0.2727970	1.4328604	-0.5825162	-0.3279360	1.4440904	-0.5463064	-0.1885695	1.4538504	-0.5286757	-0.3063748	1.4776204	-0.4538851	-0.1942095	0.0642804	-0.5161784	-0.1996205	0.0394104	-0.4419175	-0.0333552	0.1090704	-0.3292331	-0.7179190	0.4085704	-0.8181720	-0.6489205	0.3781604	-0.8553779	-0.5456489	0.2800304	-0.6957914
23	0.4150943	-0.2528303	1.3027704	-0.4477515	-0.1138128	1.3626004	-0.4807190	-0.3579655	1.3877804	-0.3755708	0.1695335	1.1940904	-0.3956515	-0.5605506	1.1507004	-0.2320502	0.1418492	1.1639304	-0.3788028	-0.5244203	1.1251204	-0.2274719	0.3065547	1.0521304	-0.5668542	-0.7100263	0.9856704	-0.3721033	0.3350014	1.0490804	-0.5348429	-0.7268793	0.9797104	-0.3346131	-0.2054272	1.4087204	-0.3780474	-0.1419895	0.9591704	-0.4046058	-0.3268882	0.9452804	-0.2505539	-0.0726767	0.9644404	-0.2241562	-0.1597490	0.9594304	-0.1466531	-0.3537673	0.6895504	-0.6168639	-0.3765805	0.5082404	-0.3722795	-0.4113492	0.6720004	-0.5205667	-0.2926343	0.5363504	-0.4384411	-0.4973436	0.2838504	-0.7173462	-0.1185698	0.1505604	-0.3296339	-0.5478794	0.2856304	-0.6816380	-0.0848472	0.1605204	-0.3792839	-0.5540965	0.2666604	-0.8089760	-0.1617074	0.0638604	-0.3715962	-0.6163030	0.3000504	-0.7989238	-0.1674542	0.0777004	-0.4404565	0.4030984	1.0032104	-0.5786812	-0.7838299	0.9258804	-0.3591394	0.3608818	1.0116404	-0.6316339	-0.7696217	0.9321304	-0.4190918	-0.1427981	1.0788404	-0.2067610	-0.1738471	1.3164904	-0.2829292	-0.6620938	0.3088604	-0.7975027	-0.1660417	0.0720004	-0.4855329	-0.0465641	0.1399604	-0.3057337	-0.4923413	0.2207304	-0.6718054	-0.3307546	1.4060004	-0.5967431	-0.2245624	1.3195204	-0.3931381	-0.0702682	1.3099304	-0.4498986	0.1513951	1.1732904	-0.4048820	0.3205502	1.0337304	-0.5471537	-0.3788517	1.3291004	-0.3363644	-0.5469617	1.1336104	-0.2450779	-0.7097129	0.9688704	-0.3478593	-0.1979037	0.8832204	-0.2906603	-0.1288679	0.8909804	-0.3613805	-0.3973213	0.6608504	-0.6018543	-0.5268213	0.2744604	-0.6953977	-0.2669443	0.8754604	-0.2199534	-0.3426804	0.4886904	-0.4077346	-0.0930720	0.1574204	-0.3557775	-0.2906567	1.4490104	-0.6093811	-0.3448051	1.4593804	-0.5716280	-0.2050502	1.4660304	-0.5563209	-0.3207675	1.4883304	-0.4786257	-0.1875930	0.0568304	-0.4950638	-0.1948690	0.0395004	-0.4191459	-0.0465641	0.1399604	-0.3057337	-0.6772180	0.3109704	-0.8159421	-0.6042526	0.2849204	-0.8481205	-0.4991574	0.2062704	-0.6792649
24	0.4339623	-0.3061523	1.3734104	-0.4778350	-0.1670646	1.4318604	-0.5165845	-0.4071813	1.4554604	-0.3911058	0.1153229	1.2544904	-0.4356604	-0.5801214	1.2060304	-0.2229705	0.0874103	1.2240304	-0.4184879	-0.5431802	1.1798004	-0.2237517	0.2317006	1.1152504	-0.6234517	-0.7221203	1.0769504	-0.4009689	0.2620430	1.1088604	-0.5936127	-0.7388372	1.0602804	-0.3670123	-0.2526964	1.4741704	-0.4056835	-0.1967686	1.0141104	-0.4549426	-0.3780189	1.0030004	-0.2983508	-0.1241062	1.0223404	-0.2750275	-0.2098502	1.0175904	-0.1963974	-0.3877635	0.7040604	-0.6489472	-0.4455631	0.5663604	-0.4058810	-0.4458126	0.6913704	-0.5515770	-0.3611626	0.5887804	-0.4740817	-0.4916848	0.2798804	-0.7072156	-0.1693439	0.2329204	-0.3195138	-0.5428478	0.2798904	-0.6720315	-0.1358448	0.2399504	-0.3691577	-0.5451137	0.2550004	-0.7983546	-0.2018906	0.1377004	-0.3511088	-0.6094274	0.2848004	-0.7905980	-0.2073109	0.1423504	-0.4211189	0.3246614	1.0616004	-0.6429517	-0.7934679	1.0125504	-0.4056944	0.2802212	1.0746604	-0.6932892	-0.7803476	1.0360604	-0.4612552	-0.1919285	1.1352604	-0.2565050	-0.2176981	1.3744804	-0.3184163	-0.6557164	0.2907804	-0.7903802	-0.2041485	0.1311404	-0.4650262	-0.0972855	0.2319604	-0.2933602	-0.4829154	0.2195004	-0.6580644	-0.3931768	1.4863904	-0.6132505	-0.2729833	1.3860204	-0.4195349	-0.1230834	1.3771504	-0.4882859	0.0950326	1.2344104	-0.4448903	0.2465019	1.0950404	-0.6060235	-0.4228965	1.3948904	-0.3507790	-0.5658143	1.1906604	-0.2382010	-0.7226205	1.0537204	-0.3825992	-0.2494293	0.9399304	-0.3378470	-0.1808329	0.9466204	-0.4090920	-0.4297697	0.6736504	-0.6318146	-0.5207987	0.2690104	-0.6847222	-0.3180299	0.9332404	-0.2665929	-0.4118238	0.5453604	-0.4398553	-0.1440274	0.2384904	-0.3457419	-0.3535193	1.5298004	-0.6261269	-0.4048405	1.5384204	-0.5842860	-0.2643446	1.5428704	-0.5780452	-0.3741715	1.5615904	-0.4918988	-0.2239461	0.1127004	-0.4727574	-0.2310133	0.1042104	-0.3955835	-0.0972855	0.2319604	-0.2933602	-0.6705580	0.2913304	-0.8091181	-0.5953560	0.2689504	-0.8388522	-0.4887013	0.2041104	-0.6649883
25	0.4528302	-0.3686246	1.4496204	-0.5210675	-0.2309440	1.5059204	-0.5620289	-0.4655963	1.5267004	-0.4201106	0.0469296	1.3079904	-0.5199080	-0.5980329	1.2653404	-0.2307711	0.0187225	1.2774804	-0.5036893	-0.5598620	1.2415204	-0.2364847	0.1433740	1.1817204	-0.7271123	-0.7479812	1.1246404	-0.3917218	0.1750651	1.1713004	-0.6999766	-0.7595355	1.1069604	-0.3562957	-0.3091559	1.5428304	-0.4448212	-0.2683723	1.0709504	-0.5227463	-0.4467055	1.0643304	-0.3648384	-0.1933459	1.0831404	-0.3429315	-0.2782899	1.0791604	-0.2638402	-0.4203231	0.7066104	-0.6833067	-0.5336403	0.6291504	-0.4543998	-0.4808910	0.7009104	-0.5862614	-0.4476343	0.6436704	-0.5236063	-0.4815009	0.2716104	-0.6960230	-0.2478560	0.3257504	-0.3148141	-0.5338839	0.2698104	-0.6619375	-0.2135726	0.3283204	-0.3637502	-0.5299661	0.2400804	-0.7867563	-0.2677051	0.2236104	-0.3314736	-0.5962086	0.2663604	-0.7822934	-0.2706834	0.2160104	-0.4010180	0.2323255	1.1250704	-0.7558084	-0.8145499	1.0552504	-0.3892096	0.1860039	1.1442204	-0.8027972	-0.8094212	1.0794304	-0.4456391	-0.2580682	1.1940504	-0.3234379	-0.2734640	1.4340604	-0.3677017	-0.6426735	0.2697004	-0.7844195	-0.2646537	0.1980104	-0.4423194	-0.1773220	0.3364004	-0.2869770	-0.4701356	0.2143204	-0.6432339	-0.4538121	1.5709804	-0.6467221	-0.3318164	1.4550904	-0.4605628	-0.1874174	1.4470504	-0.5410370	0.0248147	1.2900504	-0.5294370	0.1580445	1.1593904	-0.7125035	-0.4762020	1.4631304	-0.3800935	-0.5846335	1.2501204	-0.2471311	-0.7457112	1.1014104	-0.3741347	-0.3180782	0.9994904	-0.4018124	-0.2491731	1.0045904	-0.4728913	-0.4607000	0.6742704	-0.6640131	-0.5105167	0.2592304	-0.6730536	-0.3869834	0.9943804	-0.3307334	-0.4999227	0.6061704	-0.4862217	-0.2223172	0.3294604	-0.3409276	-0.4139848	1.6149404	-0.6573126	-0.4651476	1.6214804	-0.6150779	-0.3248359	1.6248104	-0.6087022	-0.4339589	1.6394204	-0.5218414	-0.2821693	0.1764204	-0.4470886	-0.2907021	0.1799504	-0.3698479	-0.1773220	0.3364004	-0.2869770	-0.6566224	0.2686404	-0.8038887	-0.5790823	0.2495804	-0.8291010	-0.4747851	0.1981404	-0.6496610
26	0.4716981	-0.4084542	1.4844404	-0.5593577	-0.2709967	1.5413304	-0.5970247	-0.5082905	1.5587904	-0.4558306	0.0041162	1.3381604	-0.5603178	-0.6233761	1.2882004	-0.2664328	-0.0245280	1.3075704	-0.5451967	-0.5841924	1.2662104	-0.2733954	0.1008310	1.2166504	-0.7705627	-0.7678570	1.1468904	-0.4312998	0.1319634	1.2051704	-0.7432463	-0.7780305	1.1272204	-0.3965870	-0.3508388	1.5761204	-0.4803676	-0.3108875	1.0984604	-0.5640321	-0.4916390	1.0959704	-0.4104738	-0.2396261	1.1149404	-0.3825084	-0.3261317	1.1121804	-0.3053921	-0.4319757	0.7062904	-0.7028968	-0.5863891	0.6604804	-0.4826602	-0.4974016	0.7043804	-0.6086133	-0.4981407	0.6692104	-0.5503576	-0.4675661	0.2687604	-0.6896796	-0.3071099	0.3700804	-0.3101709	-0.5213205	0.2659704	-0.6576459	-0.2713207	0.3690304	-0.3578642	-0.5105581	0.2306804	-0.7805088	-0.3257994	0.2670004	-0.3195921	-0.5779404	0.2542404	-0.7797772	-0.3266624	0.2537204	-0.3883488	0.1890741	1.1581404	-0.7984968	-0.8308149	1.0741404	-0.4310650	0.1440251	1.1787904	-0.8462273	-0.8278626	1.1010104	-0.4864240	-0.3036888	1.2251804	-0.3655650	-0.3158380	1.4648804	-0.4054571	-0.6242893	0.2557404	-0.7838794	-0.3193624	0.2322804	-0.4278551	-0.2375976	0.3831104	-0.2807579	-0.4558314	0.2146504	-0.6335184	-0.4834437	1.6062504	-0.6896797	-0.3723533	1.4878804	-0.4965789	-0.2277538	1.4817304	-0.5770809	-0.0182587	1.3208104	-0.5705197	0.1149028	1.1939004	-0.7562552	-0.5169661	1.4940304	-0.4160720	-0.6093889	1.2736304	-0.2830594	-0.7646969	1.1231004	-0.4150300	-0.3622495	1.0299504	-0.4416527	-0.2913284	1.0334004	-0.5108317	-0.4717224	0.6729304	-0.6832982	-0.4969464	0.2559004	-0.6671118	-0.4331663	1.0264904	-0.3724827	-0.5524425	0.6354804	-0.5121574	-0.2805263	0.3717504	-0.3353778	-0.4432244	1.6506704	-0.6965677	-0.4979245	1.6565104	-0.6590277	-0.3589582	1.6611004	-0.6403258	-0.4750495	1.6741904	-0.5632243	-0.3366558	0.2102004	-0.4312077	-0.3473389	0.2201604	-0.3547269	-0.2375976	0.3831104	-0.2807579	-0.6373919	0.2534304	-0.8038146	-0.5583887	0.2363604	-0.8250897	-0.4594796	0.1979204	-0.6393242
27	0.4905660	-0.4304982	1.5112304	-0.5905239	-0.2945091	1.5662904	-0.6295377	-0.5263702	1.5846004	-0.4807568	-0.0231897	1.3558204	-0.6222945	-0.6287259	1.3139104	-0.2837569	-0.0515843	1.3252604	-0.6070460	-0.5898660	1.2921704	-0.2927462	0.0614408	1.2390104	-0.8407453	-0.7778873	1.1696804	-0.4417808	0.0936022	1.2266404	-0.8150675	-0.7862960	1.1500404	-0.4066643	-0.3692739	1.5991304	-0.5102813	-0.3391322	1.1161604	-0.6037170	-0.5192073	1.1181004	-0.4507812	-0.2675361	1.1357904	-0.4222248	-0.3541107	1.1345504	-0.3453393	-0.4386490	0.7050404	-0.7198670	-0.6247946	0.6842604	-0.5082927	-0.5065051	0.7062804	-0.6270919	-0.5355349	0.6874804	-0.5756508	-0.4578972	0.2677904	-0.6857115	-0.3513981	0.4051904	-0.3122088	-0.5122765	0.2644904	-0.6544437	-0.3150420	0.4006704	-0.3591302	-0.4980356	0.2251404	-0.7755852	-0.3702922	0.3019604	-0.3148734	-0.5660365	0.2468004	-0.7768634	-0.3706668	0.2838304	-0.3824535	0.1471786	1.1787704	-0.8729370	-0.8390696	1.0954104	-0.4391071	0.1005813	1.2006104	-0.9187194	-0.8389084	1.1221504	-0.4946090	-0.3297342	1.2454504	-0.4061332	-0.3348219	1.4843604	-0.4402278	-0.6122751	0.2469904	-0.7820066	-0.3633445	0.2595304	-0.4203274	-0.2821788	0.4197904	-0.2827118	-0.4455746	0.2162304	-0.6271908	-0.4986589	1.6377704	-0.7198022	-0.3928163	1.5119404	-0.5280120	-0.2519020	1.5049604	-0.6146901	-0.0465431	1.3395804	-0.6321252	0.0756447	1.2158904	-0.8273361	-0.5337355	1.5189304	-0.4413472	-0.6154372	1.2990204	-0.3007312	-0.7740465	1.1460804	-0.4258114	-0.3899910	1.0504804	-0.4792934	-0.3185835	1.0522504	-0.5480249	-0.4777738	0.6711504	-0.6992833	-0.4873263	0.2547304	-0.6629679	-0.4613985	1.0487104	-0.4105619	-0.5912409	0.6575304	-0.5362849	-0.3243685	0.4049304	-0.3369761	-0.4575448	1.6818304	-0.7240662	-0.5134827	1.6875304	-0.6884385	-0.3753739	1.6895104	-0.6646085	-0.4936727	1.7023104	-0.5913389	-0.3808465	0.2374104	-0.4221443	-0.3917727	0.2528504	-0.3465382	-0.2821788	0.4197904	-0.2827118	-0.6249091	0.2436604	-0.8021425	-0.5451566	0.2278304	-0.8210490	-0.4486251	0.1991604	-0.6324090
28	0.5094340	-0.4516412	1.5242304	-0.6088570	-0.3179599	1.5757904	-0.6522681	-0.5416141	1.5967104	-0.4934262	-0.0618362	1.3538504	-0.6989933	-0.6321046	1.3243304	-0.2936188	-0.0901939	1.3239104	-0.6833745	-0.5927518	1.3045204	-0.3027423	0.0004644	1.2492904	-0.9309131	-0.7719928	1.1602204	-0.4413603	0.0338415	1.2342004	-0.9085523	-0.7791542	1.1426104	-0.4049671	-0.3843785	1.6083604	-0.5298039	-0.3654865	1.1234304	-0.6284082	-0.5427257	1.1290204	-0.4730355	-0.2905632	1.1441504	-0.4481119	-0.3761413	1.1443104	-0.3699562	-0.4519086	0.7046004	-0.7350646	-0.6640758	0.7010204	-0.5245465	-0.5201295	0.7062104	-0.6422169	-0.5749801	0.6996204	-0.5928307	-0.4517829	0.2687004	-0.6857623	-0.3950750	0.4290004	-0.3164332	-0.5057898	0.2645204	-0.6538022	-0.3588541	0.4215004	-0.3630646	-0.4917517	0.2232104	-0.7741777	-0.4166042	0.3266004	-0.3146773	-0.5602201	0.2434204	-0.7750449	-0.4178653	0.3054904	-0.3813026	0.0812794	1.1879104	-0.9724950	-0.8277257	1.0821804	-0.4337621	0.0325092	1.2140704	-1.0136413	-0.8290438	1.1048004	-0.4910132	-0.3510124	1.2538404	-0.4320323	-0.3502812	1.4915304	-0.4640534	-0.6064888	0.2426504	-0.7796504	-0.4115800	0.2792904	-0.4181595	-0.3253592	0.4431604	-0.2874330	-0.4374283	0.2185904	-0.6262279	-0.5188864	1.6602704	-0.7329528	-0.4126108	1.5212304	-0.5500415	-0.2773748	1.5122304	-0.6454360	-0.0868392	1.3400704	-0.7077947	0.0141903	1.2249004	-0.9196025	-0.5478602	1.5302404	-0.4546421	-0.6186871	1.3091904	-0.3099703	-0.7668472	1.1382904	-0.4241425	-0.4145505	1.0595504	-0.5023201	-0.3438664	1.0600104	-0.5718192	-0.4900066	0.6699704	-0.7134174	-0.4805038	0.2551004	-0.6623133	-0.4852437	1.0590904	-0.4328252	-0.6315375	0.6730404	-0.5522067	-0.3677886	0.4269404	-0.3409704	-0.4762955	1.7031704	-0.7360537	-0.5311738	1.7090104	-0.6988175	-0.3925882	1.7049004	-0.6783291	-0.5084302	1.7180404	-0.6015968	-0.4297884	0.2576904	-0.4188163	-0.4396842	0.2767204	-0.3438110	-0.3253592	0.4431604	-0.2874330	-0.6192869	0.2385704	-0.7995760	-0.5395890	0.2237704	-0.8190045	-0.4401380	0.2013004	-0.6310884
29	0.5283019	-0.4675747	1.5311004	-0.6143450	-0.3353535	1.5790504	-0.6612505	-0.5530863	1.6032504	-0.4952781	-0.0967338	1.3499004	-0.7437666	-0.6350576	1.3285004	-0.2955915	-0.1253446	1.3207804	-0.7277471	-0.5952196	1.3104504	-0.3046434	-0.0503582	1.2532104	-0.9828254	-0.7647116	1.1495304	-0.4361996	-0.0166930	1.2359504	-0.9626915	-0.7712699	1.1334904	-0.3990176	-0.3954414	1.6120404	-0.5366507	-0.3882308	1.1270304	-0.6378886	-0.5618879	1.1352104	-0.4792898	-0.3094102	1.1473704	-0.4590410	-0.3935476	1.1484204	-0.3792424	-0.4637429	0.7044304	-0.7418189	-0.7000886	0.7154204	-0.5303940	-0.5319395	0.7048404	-0.6485737	-0.6120023	0.7104504	-0.6002523	-0.4473523	0.2695004	-0.6878339	-0.4341255	0.4441104	-0.3206409	-0.5007294	0.2642804	-0.6549292	-0.3986169	0.4345904	-0.3674721	-0.4877701	0.2213804	-0.7748367	-0.4594287	0.3429004	-0.3171803	-0.5566243	0.2401404	-0.7745929	-0.4623704	0.3207504	-0.3834196	0.0259719	1.1902304	-1.0302171	-0.8156250	1.0687304	-0.4252838	-0.0234540	1.2198304	-1.0681825	-0.8173507	1.0880404	-0.4836959	-0.3681797	1.2573204	-0.4422333	-0.3625682	1.4940204	-0.4736227	-0.6029476	0.2385204	-0.7780874	-0.4576515	0.2936904	-0.4199698	-0.3635659	0.4562704	-0.2923616	-0.4307303	0.2205004	-0.6278380	-0.5333190	1.6766604	-0.7336143	-0.4280396	1.5251404	-0.5583394	-0.2972438	1.5140004	-0.6597104	-0.1227805	1.3381004	-0.7516313	-0.0374863	1.2279004	-0.9728068	-0.5588396	1.5362804	-0.4569593	-0.6213076	1.3133004	-0.3114019	-0.7586729	1.1290404	-0.4180578	-0.4351626	1.0639404	-0.5107180	-0.3655457	1.0635504	-0.5812885	-0.5008428	0.6689104	-0.7196620	-0.4752417	0.2553504	-0.6637544	-0.5047886	1.0643204	-0.4401517	-0.6689768	0.6866004	-0.5585209	-0.4068167	0.4406304	-0.3451787	-0.4890055	1.7179904	-0.7357243	-0.5426926	1.7242104	-0.6968072	-0.4039390	1.7133304	-0.6801574	-0.5171840	1.7273004	-0.5999081	-0.4766922	0.2728504	-0.4199774	-0.4848463	0.2934604	-0.3450869	-0.3635659	0.4562704	-0.2923616	-0.6161153	0.2338404	-0.7976226	-0.5367604	0.2199904	-0.8186344	-0.4331312	0.2030604	-0.6323670
30	0.5471698	-0.4781124	1.5349104	-0.6122854	-0.3462413	1.5799904	-0.6603804	-0.5619170	1.6069804	-0.4918157	-0.1215388	1.3451104	-0.7610378	-0.6394340	1.3297904	-0.2939911	-0.1505976	1.3168604	-0.7445542	-0.5990557	1.3133204	-0.3024269	-0.0851156	1.2506504	-1.0028176	-0.7574184	1.1398004	-0.4312540	-0.0515529	1.2320704	-0.9838128	-0.7641221	1.1248904	-0.3936653	-0.4033965	1.6134404	-0.5348765	-0.4054007	1.1285704	-0.6381935	-0.5774921	1.1383004	-0.4784564	-0.3248645	1.1481704	-0.4599251	-0.4084260	1.1498804	-0.3795160	-0.4727480	0.7041304	-0.7419576	-0.7228724	0.7221804	-0.5301831	-0.5414358	0.7030904	-0.6488421	-0.6350435	0.7156504	-0.6004594	-0.4447347	0.2697904	-0.6881470	-0.4600245	0.4500104	-0.3194993	-0.4978520	0.2635104	-0.6550659	-0.4246983	0.4394604	-0.3662942	-0.4843706	0.2195604	-0.7745314	-0.4884124	0.3498604	-0.3161200	-0.5535721	0.2368304	-0.7740634	-0.4921328	0.3277504	-0.3823693	-0.0123282	1.1854304	-1.0528103	-0.8039103	1.0566304	-0.4186516	-0.0616661	1.2170604	-1.0891898	-0.8048708	1.0733804	-0.4778764	-0.3823139	1.2582904	-0.4426121	-0.3724044	1.4945904	-0.4732332	-0.5998572	0.2343304	-0.7771428	-0.4883847	0.3004704	-0.4189198	-0.3891241	0.4602204	-0.2910280	-0.4267745	0.2216504	-0.6278029	-0.5404143	1.6870604	-0.7290227	-0.4390277	1.5267804	-0.5577036	-0.3102214	1.5139504	-0.6614809	-0.1481700	1.3345704	-0.7681930	-0.0729947	1.2249104	-0.9932706	-0.5678431	1.5396104	-0.4539306	-0.6250730	1.3146804	-0.3092187	-0.7509832	1.1205104	-0.4123535	-0.4514999	1.0658604	-0.5106787	-0.3822824	1.0649104	-0.5816231	-0.5091863	0.6678804	-0.7198233	-0.4721335	0.2551704	-0.6639602	-0.5207216	1.0668004	-0.4397253	-0.6923865	0.6929504	-0.5584584	-0.4324951	0.4457004	-0.3438240	-0.4946330	1.7269304	-0.7299738	-0.5479454	1.7337404	-0.6906062	-0.4096186	1.7173804	-0.6750050	-0.5219330	1.7325504	-0.5937700	-0.5080978	0.2802604	-0.4188107	-0.5154586	0.3012604	-0.3438702	-0.3891241	0.4602204	-0.2910280	-0.6130793	0.2291904	-0.7965379	-0.5337239	0.2165404	-0.8180239	-0.4287989	0.2041304	-0.6321454
31	0.5660377	-0.5009020	1.5405804	-0.6029523	-0.3706926	1.5834004	-0.6565225	-0.5791743	1.6111304	-0.4774754	-0.1645529	1.3410604	-0.7776862	-0.6437300	1.3289004	-0.2822464	-0.1933925	1.3138204	-0.7592357	-0.6033674	1.3138604	-0.2923996	-0.1546636	1.2513404	-1.0240381	-0.7592217	1.1324004	-0.4129292	-0.1204639	1.2308004	-1.0085760	-0.7639589	1.1178504	-0.3749201	-0.4214281	1.6161804	-0.5277492	-0.4336090	1.1317904	-0.6364296	-0.6001924	1.1418404	-0.4714207	-0.3474982	1.1506904	-0.4606041	-0.4284454	1.1519604	-0.3776850	-0.4844674	0.7027204	-0.7361570	-0.7575981	0.7335604	-0.5242863	-0.5522748	0.6991904	-0.6422558	-0.6727612	0.7256504	-0.5979659	-0.4415223	0.2685704	-0.6892861	-0.4930776	0.4506904	-0.3309842	-0.4936352	0.2607104	-0.6549754	-0.4602820	0.4399404	-0.3795218	-0.4822653	0.2172504	-0.7747634	-0.5256301	0.3518504	-0.3288958	-0.5517701	0.2330504	-0.7724618	-0.5332151	0.3316604	-0.3954467	-0.0897194	1.1842504	-1.0817484	-0.8012587	1.0472904	-0.3975764	-0.1405515	1.2188704	-1.1128886	-0.8048647	1.0628204	-0.4570197	-0.4034250	1.2602704	-0.4409482	-0.3901796	1.4960104	-0.4694951	-0.5980875	0.2296704	-0.7742653	-0.5322064	0.3052404	-0.4328663	-0.4206086	0.4572604	-0.3053564	-0.4209096	0.2205504	-0.6296140	-0.5640828	1.6996604	-0.7132143	-0.4602291	1.5296704	-0.5506642	-0.3367567	1.5163404	-0.6608677	-0.1920027	1.3318704	-0.7827074	-0.1430084	1.2249004	-1.0161426	-0.5836883	1.5429904	-0.4404655	-0.6296423	1.3140904	-0.2979764	-0.7514592	1.1138004	-0.3940829	-0.4754621	1.0687304	-0.5077513	-0.4080545	1.0679704	-0.5804223	-0.5194377	0.6650104	-0.7138346	-0.4678324	0.2530404	-0.6645474	-0.5428740	1.0694904	-0.4350713	-0.7291244	0.7041704	-0.5543274	-0.4666674	0.4458804	-0.3564817	-0.5170625	1.7381704	-0.7145035	-0.5685516	1.7450404	-0.6727519	-0.4302714	1.7238004	-0.6634397	-0.5388157	1.7390804	-0.5771807	-0.5526745	0.2858304	-0.4323921	-0.5559990	0.3051604	-0.3565956	-0.4206086	0.4572604	-0.3053564	-0.6117154	0.2242004	-0.7932869	-0.5327407	0.2130104	-0.8169145	-0.4226562	0.2030004	-0.6339372
32	0.5849057	-0.5321692	1.5454704	-0.5873881	-0.4030621	1.5868404	-0.6462610	-0.6051842	1.6136004	-0.4569771	-0.2108264	1.3354104	-0.7741179	-0.6568019	1.3260204	-0.2655240	-0.2395150	1.3093104	-0.7535778	-0.6166586	1.3121504	-0.2778098	-0.2245506	1.2470604	-1.0209878	-0.7721652	1.1257404	-0.3910163	-0.1902647	1.2248204	-1.0084315	-0.7745789	1.1111104	-0.3527843	-0.4489539	1.6182204	-0.5139381	-0.4705774	1.1341904	-0.6314021	-0.6301886	1.1435204	-0.4602622	-0.3778318	1.1522004	-0.4588492	-0.4553293	1.1525104	-0.3729643	-0.4981968	0.6998404	-0.7263063	-0.7939825	0.7392504	-0.5057460	-0.5648526	0.6929304	-0.6318461	-0.7136832	0.7301604	-0.5837262	-0.4379431	0.2662004	-0.6900997	-0.5406333	0.4264704	-0.3429095	-0.4888178	0.2564004	-0.6545164	-0.5115931	0.4159404	-0.3939706	-0.4797546	0.2136204	-0.7747291	-0.5827467	0.3312204	-0.3449263	-0.5494895	0.2277404	-0.7703722	-0.5958294	0.3163604	-0.4121099	-0.1677557	1.1777704	-1.0841975	-0.8099226	1.0388404	-0.3737672	-0.2191116	1.2150104	-1.1109256	-0.8168476	1.0539904	-0.4330259	-0.4320963	1.2607504	-0.4354942	-0.4169351	1.4964104	-0.4595838	-0.5957835	0.2234304	-0.7706642	-0.5992494	0.2926804	-0.4513188	-0.4664758	0.4245404	-0.3213050	-0.4143197	0.2183004	-0.6314180	-0.5951096	1.7103904	-0.6916350	-0.4892494	1.5317504	-0.5365349	-0.3703856	1.5189504	-0.6519989	-0.2387233	1.3270504	-0.7771629	-0.2134938	1.2201104	-1.0143644	-0.6081133	1.5445504	-0.4210708	-0.6432165	1.3115904	-0.2821172	-0.7630345	1.1074804	-0.3725250	-0.5067900	1.0702304	-0.5014508	-0.4417904	1.0701304	-0.5762929	-0.5311270	0.6603404	-0.7039816	-0.4629379	0.2496904	-0.6648691	-0.5717896	1.0703404	-0.4266086	-0.7684708	0.7091004	-0.5377641	-0.5161279	0.4210404	-0.3701668	-0.5470139	1.7476704	-0.6928640	-0.5972170	1.7544804	-0.6495639	-0.4593960	1.7292104	-0.6446145	-0.5653259	1.7442704	-0.5550179	-0.6213088	0.2751004	-0.4509577	-0.6190194	0.2894804	-0.3737129	-0.4664758	0.4245404	-0.3213050	-0.6099001	0.2176604	-0.7892296	-0.5314160	0.2081004	-0.8154251	-0.4157141	0.2007304	-0.6357866
33	0.6037736	-0.5819196	1.5508004	-0.5619061	-0.4557834	1.5920704	-0.6306162	-0.6455097	1.6139504	-0.4235252	-0.2797495	1.3279204	-0.7598603	-0.6748160	1.3180004	-0.2400725	-0.3076644	1.3037104	-0.7358919	-0.6355529	1.3057904	-0.2564099	-0.3177491	1.2300004	-1.0005283	-0.7947812	1.1157904	-0.3582988	-0.2835478	1.2067404	-0.9899203	-0.7927546	1.1003504	-0.3203135	-0.4934096	1.6200704	-0.4921440	-0.5246127	1.1360504	-0.6240605	-0.6732903	1.1435604	-0.4440928	-0.4221092	1.1536404	-0.4570534	-0.4941194	1.1520804	-0.3669878	-0.5160021	0.6953804	-0.7097499	-0.8375799	0.7406204	-0.4780788	-0.5803807	0.6839604	-0.6144706	-0.7643463	0.7310904	-0.5618474	-0.4336032	0.2633104	-0.6905807	-0.6224516	0.3760804	-0.3681745	-0.4825491	0.2509604	-0.6531711	-0.5996307	0.3666004	-0.4228639	-0.4772630	0.2095304	-0.7740859	-0.6815163	0.2903704	-0.3752712	-0.5470551	0.2216204	-0.7667433	-0.7021535	0.2856704	-0.4422260	-0.2696904	1.1563704	-1.0654946	-0.8265356	1.0265904	-0.3396076	-0.3213076	1.1947604	-1.0893435	-0.8400415	1.0425004	-0.3975546	-0.4740522	1.2601904	-0.4281472	-0.4584489	1.4960304	-0.4445718	-0.5932765	0.2161904	-0.7648720	-0.7125028	0.2677004	-0.4833752	-0.5482269	0.3591604	-0.3542623	-0.4059521	0.2154204	-0.6336509	-0.6486027	1.7226404	-0.6546246	-0.5343664	1.5333604	-0.5137250	-0.4237749	1.5232804	-0.6377138	-0.3077229	1.3199704	-0.7603039	-0.3072651	1.2029804	-0.9940727	-0.6449669	1.5434504	-0.3897405	-0.6624423	1.3042404	-0.2582789	-0.7833600	1.0975804	-0.3411228	-0.5518096	1.0707804	-0.4924318	-0.4906682	1.0719604	-0.5704523	-0.5457177	0.6535004	-0.6873385	-0.4567220	0.2456004	-0.6646407	-0.6129509	1.0696004	-0.4144114	-0.8167914	0.7095804	-0.5128401	-0.6014871	0.3701204	-0.3981312	-0.5995964	1.7588604	-0.6569075	-0.6469640	1.7646304	-0.6103653	-0.5098060	1.7360404	-0.6149493	-0.6099731	1.7487604	-0.5184505	-0.7371188	0.2539404	-0.4829263	-0.7269084	0.2589204	-0.4046139	-0.5482269	0.3591604	-0.3542623	-0.6081389	0.2101504	-0.7827370	-0.5304782	0.2026704	-0.8127038	-0.4069303	0.1978304	-0.6381785
34	0.6226415	-0.6398250	1.5486104	-0.5303405	-0.5190000	1.5915404	-0.6102109	-0.6919781	1.6050704	-0.3841880	-0.3587728	1.3193004	-0.7450492	-0.7057905	1.2972904	-0.2195280	-0.3849341	1.2964904	-0.7178138	-0.6679320	1.2868104	-0.2399519	-0.4178295	1.2115804	-0.9771652	-0.8339952	1.0973304	-0.3332881	-0.3833315	1.1881504	-0.9683056	-0.8277038	1.0806104	-0.2962379	-0.5458644	1.6148804	-0.4655949	-0.5872580	1.1316704	-0.6123813	-0.7207815	1.1358104	-0.4213971	-0.4721754	1.1488704	-0.4536097	-0.5365552	1.1450104	-0.3583750	-0.5461286	0.6896304	-0.6959931	-0.8780974	0.7297904	-0.4421566	-0.6054198	0.6728004	-0.5983966	-0.8141288	0.7220004	-0.5326289	-0.4321852	0.2637404	-0.6922255	-0.7167018	0.3234004	-0.3922633	-0.4781019	0.2480104	-0.6525097	-0.7014642	0.3163504	-0.4504006	-0.4769167	0.2071104	-0.7736927	-0.7917499	0.2511004	-0.4001267	-0.5466878	0.2153604	-0.7627985	-0.8192903	0.2576804	-0.4646292	-0.3767982	1.1348304	-1.0427493	-0.8614816	1.0066104	-0.3149238	-0.4292785	1.1731604	-1.0639663	-0.8813815	1.0240804	-0.3706113	-0.5215200	1.2530404	-0.4181845	-0.5069612	1.4890004	-0.4263354	-0.5924778	0.2076904	-0.7583979	-0.8365732	0.2465904	-0.5060765	-0.6458724	0.2922704	-0.3891475	-0.3987152	0.2172604	-0.6373159	-0.7115603	1.7258404	-0.6101662	-0.5877925	1.5275304	-0.4868675	-0.4874036	1.5221904	-0.6197847	-0.3863751	1.3113104	-0.7428814	-0.4073588	1.1848504	-0.9707047	-0.6881946	1.5328704	-0.3539456	-0.6950708	1.2845504	-0.2394878	-0.8205599	1.0789404	-0.3180416	-0.6023587	1.0646004	-0.4794815	-0.5470997	1.0675604	-0.5617345	-0.5715082	0.6454504	-0.6728948	-0.4525514	0.2446904	-0.6654213	-0.6576225	1.0616404	-0.3972417	-0.8629402	0.6987404	-0.4798197	-0.7001047	0.3176504	-0.4250400	-0.6621057	1.7614204	-0.6143806	-0.7058686	1.7657904	-0.5642818	-0.5699615	1.7354404	-0.5800967	-0.6627354	1.7450104	-0.4759797	-0.8631003	0.2371704	-0.5043452	-0.8449738	0.2316804	-0.4269425	-0.6458724	0.2922704	-0.3891475	-0.6080196	0.2009704	-0.7754211	-0.5315509	0.1973804	-0.8097173	-0.3988990	0.1996304	-0.6419144
35	0.6415094	-0.6839268	1.5497804	-0.5005032	-0.5675932	1.5938904	-0.5896951	-0.7246858	1.6003204	-0.3489713	-0.4141199	1.3164404	-0.7239865	-0.7349480	1.2839404	-0.2014133	-0.4388089	1.2944504	-0.6946080	-0.6990050	1.2739504	-0.2254667	-0.4882878	1.2026204	-0.9488491	-0.8773006	1.0899704	-0.3090156	-0.4535045	1.1791704	-0.9415006	-0.8676380	1.0720504	-0.2731850	-0.5846073	1.6125104	-0.4408609	-0.6431618	1.1308204	-0.6005597	-0.7593620	1.1311504	-0.3990700	-0.5150899	1.1476304	-0.4518734	-0.5707230	1.1417604	-0.3517105	-0.5786465	0.6908004	-0.6891992	-0.9022815	0.7175304	-0.4047749	-0.6307169	0.6688704	-0.5884894	-0.8481172	0.7121704	-0.5012202	-0.4327286	0.2746204	-0.7011404	-0.7877423	0.2910004	-0.3963932	-0.4748295	0.2554804	-0.6589832	-0.7796932	0.2861604	-0.4566248	-0.4776846	0.2139504	-0.7798545	-0.8721161	0.2290804	-0.3995908	-0.5470190	0.2171704	-0.7652590	-0.9050080	0.2430004	-0.4605201	-0.4526453	1.1239204	-1.0148497	-0.9039466	0.9990204	-0.2906787	-0.5058614	1.1620604	-1.0336844	-0.9290829	1.0182004	-0.3436552	-0.5609836	1.2493004	-0.4098408	-0.5444015	1.4846804	-0.4092694	-0.5919382	0.2065204	-0.7583008	-0.9275808	0.2366104	-0.5005613	-0.7215089	0.2515704	-0.4031554	-0.3927878	0.2308904	-0.6484655	-0.7617727	1.7311904	-0.5636044	-0.6278908	1.5253404	-0.4614747	-0.5361990	1.5239604	-0.6007755	-0.4412655	1.3080804	-0.7200058	-0.4776788	1.1761704	-0.9427325	-0.7195736	1.5267204	-0.3221698	-0.7263679	1.2719504	-0.2228893	-0.8626201	1.0711304	-0.2956821	-0.6449705	1.0620504	-0.4673206	-0.5968390	1.0667104	-0.5538572	-0.5993584	0.6448304	-0.6652263	-0.4499669	0.2544004	-0.6734955	-0.6931020	1.0573804	-0.3807840	-0.8922545	0.6868304	-0.4443557	-0.7753457	0.2857004	-0.4312831	-0.7124370	1.7663704	-0.5716809	-0.7503905	1.7690404	-0.5169091	-0.6174502	1.7377404	-0.5487934	-0.6983242	1.7437704	-0.4348684	-0.9547645	0.2300904	-0.4966645	-0.9298290	0.2178004	-0.4215595	-0.7215089	0.2515704	-0.4031554	-0.6079305	0.1988104	-0.7744527	-0.5331932	0.2001804	-0.8130099	-0.3919422	0.2132604	-0.6530474
36	0.6603774	-0.7264416	1.5467704	-0.4708748	-0.6152618	1.5925304	-0.5685827	-0.7567524	1.5926304	-0.3156735	-0.4636890	1.3122204	-0.7003840	-0.7642941	1.2700804	-0.1820184	-0.4875549	1.2908204	-0.6698603	-0.7300392	1.2606304	-0.2087458	-0.5389871	1.1911804	-0.9207642	-0.9182692	1.0833804	-0.2866546	-0.5040520	1.1681904	-0.9129367	-0.9063174	1.0639004	-0.2523495	-0.6230984	1.6076604	-0.4167379	-0.6951584	1.1272004	-0.5837715	-0.7937164	1.1242404	-0.3735255	-0.5552345	1.1441404	-0.4458554	-0.6020897	1.1365604	-0.3415883	-0.6155851	0.6907304	-0.6814434	-0.9235994	0.7044804	-0.3708894	-0.6588120	0.6643704	-0.5775036	-0.8781569	0.7017304	-0.4716777	-0.4389666	0.2875204	-0.7108571	-0.8376516	0.2709004	-0.3872049	-0.4764319	0.2650904	-0.6662183	-0.8356041	0.2677004	-0.4483373	-0.4835960	0.2225704	-0.7864619	-0.9257757	0.2143204	-0.3840635	-0.5518297	0.2202204	-0.7677671	-0.9632500	0.2319504	-0.4414362	-0.5034450	1.1110904	-0.9848697	-0.9449598	0.9921904	-0.2699494	-0.5569167	1.1482204	-1.0043864	-0.9737284	1.0137604	-0.3201290	-0.5978715	1.2439504	-0.3982658	-0.5810386	1.4789504	-0.3914647	-0.5953291	0.2062204	-0.7581276	-0.9897918	0.2279404	-0.4793781	-0.7749509	0.2279704	-0.4014402	-0.3923118	0.2473404	-0.6610096	-0.8082637	1.7309504	-0.5211662	-0.6669006	1.5202004	-0.4361922	-0.5835973	1.5222904	-0.5807397	-0.4904158	1.3033304	-0.6956452	-0.5282651	1.1651104	-0.9142749	-0.7502039	1.5181004	-0.2916447	-0.7573938	1.2589204	-0.2045535	-0.9029374	1.0639404	-0.2751911	-0.6842706	1.0572004	-0.4513536	-0.6434627	1.0632904	-0.5414928	-0.6314873	0.6433804	-0.6566401	-0.4527038	0.2663004	-0.6824623	-0.7250651	1.0511204	-0.3612192	-0.9175545	0.6744004	-0.4116320	-0.8287677	0.2660804	-0.4234349	-0.7593276	1.7659104	-0.5324082	-0.7924582	1.7673504	-0.4745157	-0.6630506	1.7356904	-0.5184633	-0.7340103	1.7390704	-0.3979732	-1.0168631	0.2227004	-0.4731670	-0.9857809	0.2069204	-0.4008561	-0.7749509	0.2279704	-0.4014402	-0.6116449	0.1973404	-0.7733491	-0.5395302	0.2042804	-0.8163621	-0.3903444	0.2298204	-0.6656311
37	0.6792453	-0.7364326	1.5565404	-0.4502773	-0.6297591	1.6023404	-0.5547428	-0.7572567	1.5993404	-0.2927047	-0.4814675	1.3189704	-0.6854702	-0.7635807	1.2735804	-0.1658964	-0.5047985	1.2980004	-0.6540351	-0.7308826	1.2638704	-0.1945855	-0.5615941	1.1960904	-0.9027837	-0.9302708	1.0994004	-0.2726771	-0.5268125	1.1728004	-0.8951712	-0.9176628	1.0775904	-0.2400631	-0.6294486	1.6150704	-0.4010850	-0.7172418	1.1359304	-0.5723326	-0.8009964	1.1301004	-0.3562098	-0.5681078	1.1530304	-0.4439692	-0.6076517	1.1442504	-0.3368775	-0.6368503	0.7027904	-0.6818154	-0.9177512	0.7044504	-0.3513690	-0.6708835	0.6733204	-0.5750890	-0.8778932	0.7040604	-0.4544965	-0.4257007	0.3181104	-0.7211335	-0.8410613	0.2698004	-0.3792066	-0.4582152	0.2928104	-0.6744289	-0.8425021	0.2672504	-0.4406194	-0.4661781	0.2466404	-0.7931250	-0.9297357	0.2147104	-0.3714779	-0.5327418	0.2371704	-0.7714337	-0.9700813	0.2332904	-0.4266918	-0.5278775	1.1148904	-0.9664053	-0.9598007	1.0084604	-0.2596792	-0.5811873	1.1523004	-0.9857251	-0.9900003	1.0338104	-0.3072159	-0.6077852	1.2512704	-0.3921969	-0.5876048	1.4852504	-0.3809330	-0.5741117	0.2188604	-0.7598302	-0.9988096	0.2298104	-0.4631155	-0.7799180	0.2260804	-0.3973899	-0.3726500	0.2842404	-0.6731474	-0.8178553	1.7431204	-0.4925044	-0.6743257	1.5279104	-0.4192752	-0.5985963	1.5316504	-0.5679061	-0.5081935	1.3100204	-0.6798814	-0.5510509	1.1700504	-0.8964550	-0.7500684	1.5241804	-0.2706394	-0.7580539	1.2631804	-0.1892485	-0.9153352	1.0787204	-0.2629431	-0.6959568	1.0650404	-0.4415543	-0.6615625	1.0722404	-0.5342428	-0.6481990	0.6547504	-0.6560583	-0.4358317	0.2963904	-0.6920722	-0.7303602	1.0578404	-0.3488700	-0.9137303	0.6746804	-0.3926691	-0.8341357	0.2649804	-0.4162062	-0.7688746	1.7773704	-0.5058772	-0.7987587	1.7785204	-0.4462391	-0.6726489	1.7450404	-0.4977379	-0.7368304	1.7477604	-0.3734691	-1.0256122	0.2248104	-0.4554220	-0.9906654	0.2081504	-0.3849391	-0.7799180	0.2260804	-0.3973899	-0.5899560	0.2080504	-0.7743354	-0.5206230	0.2216604	-0.8202564	-0.3690115	0.2669704	-0.6775193
38	0.6981132	-0.7487101	1.5592704	-0.4296979	-0.6459798	1.6059404	-0.5384847	-0.7634213	1.5981504	-0.2704222	-0.5041505	1.3197804	-0.6710890	-0.7730648	1.2688304	-0.1532716	-0.5261569	1.2993504	-0.6383301	-0.7411849	1.2594204	-0.1829271	-0.5921379	1.1915804	-0.8821929	-0.9461638	1.1017304	-0.2616176	-0.5569011	1.1687904	-0.8754383	-0.9332939	1.0787704	-0.2298966	-0.6396940	1.6156704	-0.3829233	-0.7383842	1.1376704	-0.5598591	-0.8104255	1.1299004	-0.3397749	-0.5823787	1.1553304	-0.4390384	-0.6162233	1.1456004	-0.3299952	-0.6630703	0.7047704	-0.6752293	-0.9208803	0.7016304	-0.3403047	-0.6885429	0.6747304	-0.5659675	-0.8832059	0.7034204	-0.4442629	-0.4114813	0.3466504	-0.7123954	-0.8449307	0.2677404	-0.3750968	-0.4386754	0.3193204	-0.6636843	-0.8474324	0.2656904	-0.4366954	-0.4435782	0.2671404	-0.7797619	-0.9334530	0.2128104	-0.3660614	-0.5074389	0.2491204	-0.7557509	-0.9746823	0.2317404	-0.4205399	-0.5603421	1.1090604	-0.9450551	-0.9768264	1.0109004	-0.2506154	-0.6148055	1.1454704	-0.9632026	-1.0076134	1.0380504	-0.2968923	-0.6201196	1.2523804	-0.3841784	-0.5979925	1.4851004	-0.3681449	-0.5456156	0.2256404	-0.7427136	-1.0041215	0.2285104	-0.4564565	-0.7841304	0.2241104	-0.3946979	-0.3528174	0.3224104	-0.6652785	-0.8252300	1.7483304	-0.4724303	-0.6860847	1.5285604	-0.4019848	-0.6157013	1.5348504	-0.5532300	-0.5305365	1.3106604	-0.6641943	-0.5811483	1.1659004	-0.8758988	-0.7564771	1.5222804	-0.2507438	-0.7683324	1.2591404	-0.1770495	-0.9314321	1.0806604	-0.2527951	-0.7092244	1.0664304	-0.4306828	-0.6798816	1.0744204	-0.5250318	-0.6699238	0.6569004	-0.6478727	-0.4178308	0.3251404	-0.6824756	-0.7385672	1.0584304	-0.3363338	-0.9174286	0.6722304	-0.3821352	-0.8385066	0.2628504	-0.4126062	-0.7750776	1.7812704	-0.4848374	-0.8060516	1.7832104	-0.4257959	-0.6801611	1.7462904	-0.4750025	-0.7463540	1.7504704	-0.3518152	-1.0308274	0.2234604	-0.4483316	-0.9945915	0.2062804	-0.3784835	-0.7841304	0.2241104	-0.3946979	-0.5600160	0.2121904	-0.7567661	-0.4940200	0.2337104	-0.8043094	-0.3469900	0.3056804	-0.6691152
39	0.7169811	-0.7693970	1.5627004	-0.4069382	-0.6708511	1.6100604	-0.5205228	-0.7771417	1.5973604	-0.2464883	-0.5351785	1.3212104	-0.6536479	-0.7972077	1.2650504	-0.1404209	-0.5562687	1.3014304	-0.6199432	-0.7666465	1.2555004	-0.1713422	-0.6224418	1.1842204	-0.8593717	-0.9813733	1.1076304	-0.2454313	-0.5866158	1.1626104	-0.8521769	-0.9679431	1.0834604	-0.2148171	-0.6580571	1.6166204	-0.3633721	-0.7686414	1.1401404	-0.5446625	-0.8286276	1.1303504	-0.3210423	-0.6059495	1.1582704	-0.4319342	-0.6338357	1.1478004	-0.3211167	-0.7102610	0.7051904	-0.6641334	-0.9281920	0.6972104	-0.3280794	-0.7254198	0.6762804	-0.5520262	-0.8927193	0.7021104	-0.4328766	-0.4123912	0.3871604	-0.6962470	-0.8489931	0.2652204	-0.3719928	-0.4327628	0.3587304	-0.6452482	-0.8525672	0.2637604	-0.4338708	-0.4311503	0.2991304	-0.7575042	-0.9371985	0.2104604	-0.3616732	-0.4896250	0.2707904	-0.7303970	-0.9794975	0.2296804	-0.4153484	-0.5893047	1.1002504	-0.9194789	-1.0144369	1.0176404	-0.2351956	-0.6449523	1.1345604	-0.9383993	-1.0463440	1.0468804	-0.2795674	-0.6417490	1.2542504	-0.3741387	-0.6171396	1.4853504	-0.3540348	-0.5224533	0.2412804	-0.7153181	-1.0097913	0.2265304	-0.4506154	-0.7884325	0.2218704	-0.3931622	-0.3490590	0.3766704	-0.6505281	-0.8416760	1.7544104	-0.4478806	-0.7064779	1.5296104	-0.3830492	-0.6417275	1.5384104	-0.5367666	-0.5611553	1.3116904	-0.6460217	-0.6108448	1.1592304	-0.8524634	-0.7712241	1.5208204	-0.2293408	-0.7937967	1.2560404	-0.1645832	-0.9668842	1.0861104	-0.2377922	-0.7316504	1.0686504	-0.4175389	-0.7078194	1.0773704	-0.5133658	-0.7121384	0.6585204	-0.6345997	-0.4142355	0.3667504	-0.6653407	-0.7554722	1.0599304	-0.3217079	-0.9249037	0.6682104	-0.3706480	-0.8430199	0.2601904	-0.4101207	-0.7906651	1.7860604	-0.4601412	-0.8215044	1.7885404	-0.4010809	-0.6969666	1.7483504	-0.4506756	-0.7626581	1.7535204	-0.3273096	-1.0363514	0.2213004	-0.4419040	-0.9984592	0.2038104	-0.3728392	-0.7884325	0.2218704	-0.3931622	-0.5343186	0.2246504	-0.7286077	-0.4744213	0.2556304	-0.7784763	-0.3404470	0.3611504	-0.6536401
40	0.7358491	-0.7925074	1.5643104	-0.3914984	-0.6984465	1.6123904	-0.5092599	-0.7938905	1.5968004	-0.2307303	-0.5660802	1.3227404	-0.6441916	-0.8186535	1.2637304	-0.1284088	-0.5858604	1.3032304	-0.6095339	-0.7891636	1.2539004	-0.1602270	-0.6564941	1.1795904	-0.8443891	-1.0098696	1.1128304	-0.2307928	-0.6199652	1.1590704	-0.8378264	-0.9963617	1.0879504	-0.2007714	-0.6795139	1.6172604	-0.3515969	-0.7991943	1.1409504	-0.5325940	-0.8465559	1.1301104	-0.3058784	-0.6302269	1.1602404	-0.4285911	-0.6518993	1.1492604	-0.3163104	-0.7492815	0.7025604	-0.6505406	-0.9381217	0.6935804	-0.3168652	-0.7550867	0.6762504	-0.5363447	-0.9055980	0.7008404	-0.4226734	-0.4194763	0.4209304	-0.6839159	-0.8540015	0.2636804	-0.3686348	-0.4334557	0.3929504	-0.6308192	-0.8588847	0.2628404	-0.4306157	-0.4287703	0.3281704	-0.7398217	-0.9416501	0.2084304	-0.3569301	-0.4812049	0.2932504	-0.7086069	-0.9851038	0.2279304	-0.4096433	-0.6231670	1.0949504	-0.9034368	-1.0447632	1.0235104	-0.2208919	-0.6803356	1.1273304	-0.9213672	-1.0769522	1.0540704	-0.2642807	-0.6638847	1.2555604	-0.3682191	-0.6385232	1.4858804	-0.3459659	-0.5088371	0.2600304	-0.6909947	-1.0161200	0.2249704	-0.4443313	-0.7936274	0.2209204	-0.3915573	-0.3533184	0.4214004	-0.6413702	-0.8627887	1.7578204	-0.4310459	-0.7291029	1.5302504	-0.3708036	-0.6699280	1.5405104	-0.5266906	-0.5916598	1.3128304	-0.6356188	-0.6441076	1.1551404	-0.8373994	-0.7882869	1.5200004	-0.2149208	-0.8161826	1.2551004	-0.1527557	-0.9956876	1.0909904	-0.2237493	-0.7543051	1.0698404	-0.4076905	-0.7360716	1.0790404	-0.5046931	-0.7466395	0.6574704	-0.6191754	-0.4172776	0.4020404	-0.6522388	-0.7725475	1.0606404	-0.3106921	-0.9353470	0.6649904	-0.3600595	-0.8487340	0.2587604	-0.4072132	-0.8113279	1.7886104	-0.4437035	-0.8415147	1.7914904	-0.3843390	-0.7184326	1.7490904	-0.4353077	-0.7826021	1.7549904	-0.3112540	-1.0425102	0.2195104	-0.4351324	-1.0031333	0.2015204	-0.3669090	-0.7936274	0.2209204	-0.3915573	-0.5187242	0.2413004	-0.7032736	-0.4659572	0.2782604	-0.7567098	-0.3428655	0.4070804	-0.6442417
41	0.7547170	-0.8148953	1.5652104	-0.3782706	-0.7250939	1.6138104	-0.4998169	-0.8108951	1.5958604	-0.2174527	-0.5936306	1.3233604	-0.6339007	-0.8370832	1.2617504	-0.1191501	-0.6120730	1.3043404	-0.5982551	-0.8080701	1.2521804	-0.1513891	-0.6835893	1.1699104	-0.8267691	-1.0299584	1.1129904	-0.2221643	-0.6460491	1.1512804	-0.8205293	-1.0165840	1.0878604	-0.1922823	-0.7005412	1.6173704	-0.3419495	-0.8288794	1.1411604	-0.5213456	-0.8647481	1.1294504	-0.2923492	-0.6547280	1.1613404	-0.4255729	-0.6706990	1.1500304	-0.3122445	-0.7883645	0.6997604	-0.6379259	-0.9495807	0.6900804	-0.3066068	-0.7857738	0.6759104	-0.5224741	-0.9203823	0.6996204	-0.4134472	-0.4349543	0.4525104	-0.6771537	-0.8585954	0.2630704	-0.3671359	-0.4433078	0.4254504	-0.6226582	-0.8651617	0.2628604	-0.4291513	-0.4365670	0.3573304	-0.7293010	-0.9453886	0.2071904	-0.3535979	-0.4830687	0.3178804	-0.6944591	-0.9904761	0.2268404	-0.4050316	-0.6483192	1.0843504	-0.8833109	-1.0650467	1.0237004	-0.2130051	-0.7074817	1.1133504	-0.9007036	-1.0970816	1.0546704	-0.2563221	-0.6862460	1.2561204	-0.3630225	-0.6597621	1.4858404	-0.3393191	-0.5059186	0.2822804	-0.6747271	-1.0225191	0.2238304	-0.4388192	-0.7984527	0.2210804	-0.3921413	-0.3673881	0.4617904	-0.6382434	-0.8842993	1.7599204	-0.4153457	-0.7511334	1.5302704	-0.3603772	-0.6969405	1.5417204	-0.5180026	-0.6186856	1.3128804	-0.6244654	-0.6700233	1.1463904	-0.8193509	-0.8053352	1.5188204	-0.2027560	-0.8349766	1.2534404	-0.1435675	-1.0158827	1.0911804	-0.2152476	-0.7771032	1.0703604	-0.3988358	-0.7640051	1.0799104	-0.4966332	-0.7818865	0.6563204	-0.6053457	-0.4292933	0.4351604	-0.6451640	-0.7901971	1.0608004	-0.3010475	-0.9474768	0.6619404	-0.3504449	-0.8542161	0.2582704	-0.4061284	-0.8327614	1.7902004	-0.4289494	-0.8616467	1.7931804	-0.3689449	-0.7403482	1.7494604	-0.4226430	-0.8016913	1.7555104	-0.2973155	-1.0486112	0.2180104	-0.4288634	-1.0070544	0.1998704	-0.3619075	-0.7984527	0.2210804	-0.3921413	-0.5141278	0.2621304	-0.6861795	-0.4684082	0.3031704	-0.7427696	-0.3555814	0.4486004	-0.6411786
42	0.7735849	-0.8412716	1.5627904	-0.3651262	-0.7555183	1.6118804	-0.4900828	-0.8330929	1.5922804	-0.2051293	-0.6221748	1.3223104	-0.6239629	-0.8653332	1.2569804	-0.1131797	-0.6394438	1.3035204	-0.5876156	-0.8357671	1.2476204	-0.1448299	-0.7097539	1.1597604	-0.8107896	-1.0575286	1.1154004	-0.2278265	-0.6711995	1.1432004	-0.8049265	-1.0462317	1.0894004	-0.1978430	-0.7256996	1.6146404	-0.3328603	-0.8606528	1.1398704	-0.5076063	-0.8858720	1.1259504	-0.2767445	-0.6820031	1.1586704	-0.4199423	-0.6924872	1.1472104	-0.3057215	-0.8606734	0.6989104	-0.6269132	-0.9681478	0.6849804	-0.2964853	-0.8489863	0.6758104	-0.5109270	-0.9426984	0.6976404	-0.4044670	-0.4921665	0.4828304	-0.6771966	-0.8605215	0.2648604	-0.3696780	-0.4954615	0.4565004	-0.6222622	-0.8692965	0.2651404	-0.4316421	-0.4877309	0.3872204	-0.7280463	-0.9461279	0.2092504	-0.3529827	-0.5284323	0.3442304	-0.6904996	-0.9936271	0.2288804	-0.4026281	-0.6715665	1.0740504	-0.8651876	-1.0949746	1.0268604	-0.2221059	-0.7326651	1.0992904	-0.8820488	-1.1241631	1.0592704	-0.2663685	-0.7117014	1.2535504	-0.3553076	-0.6850841	1.4833104	-0.3317957	-0.5467291	0.3068104	-0.6693396	-1.0272941	0.2254004	-0.4347786	-0.8008085	0.2235404	-0.3971457	-0.4238994	0.4987904	-0.6421082	-0.9130798	1.7590104	-0.3932596	-0.7778186	1.5275504	-0.3500250	-0.7275330	1.5398304	-0.5088544	-0.6468194	1.3111904	-0.6139169	-0.6949657	1.1372304	-0.8030111	-0.8281084	1.5152804	-0.1911864	-0.8627354	1.2493004	-0.1376329	-1.0442032	1.0932204	-0.2206969	-0.8036935	1.0680304	-0.3881193	-0.7959511	1.0781304	-0.4864280	-0.8520253	0.6572604	-0.5936631	-0.4835593	0.4666004	-0.6456096	-0.8114360	1.0579304	-0.2898107	-0.9667033	0.6575704	-0.3413702	-0.8572551	0.2598504	-0.4091233	-0.8625819	1.7894904	-0.4098860	-0.8869695	1.7911604	-0.3478614	-0.7702108	1.7482204	-0.4111795	-0.8222667	1.7516504	-0.2817751	-1.0528808	0.2192204	-0.4235169	-1.0079681	0.2016904	-0.3585048	-0.8008085	0.2235404	-0.3971457	-0.5535154	0.2857504	-0.6802940	-0.5150098	0.3302204	-0.7392550	-0.4111281	0.4866504	-0.6454322
43	0.7924528	-0.8681343	1.5590004	-0.3522638	-0.7872083	1.6086904	-0.4804975	-0.8554723	1.5889804	-0.1938836	-0.6532550	1.3214904	-0.6174365	-0.8929540	1.2540704	-0.1039919	-0.6691706	1.3026904	-0.5805133	-0.8628240	1.2446104	-0.1348164	-0.7349091	1.1499104	-0.7991281	-1.0822966	1.1147304	-0.2267203	-0.6953767	1.1358004	-0.7934930	-1.0728035	1.0887704	-0.1961104	-0.7517928	1.6116004	-0.3247477	-0.8915504	1.1381304	-0.4927636	-0.9043878	1.1217504	-0.2604863	-0.7082168	1.1551004	-0.4147657	-0.7124662	1.1432404	-0.2999547	-0.9245761	0.6990004	-0.6100055	-0.9861397	0.6794204	-0.2861066	-0.9040618	0.6764904	-0.4946587	-0.9652892	0.6952004	-0.3950632	-0.5541252	0.4953604	-0.6790336	-0.8615008	0.2675704	-0.3739193	-0.5531575	0.4696804	-0.6239651	-0.8727997	0.2686004	-0.4355817	-0.5518614	0.3998304	-0.7296271	-0.9452601	0.2110804	-0.3541338	-0.5891226	0.3563604	-0.6891411	-0.9953310	0.2307704	-0.4014586	-0.6925545	1.0648504	-0.8514835	-1.1209308	1.0266904	-0.2224033	-0.7553929	1.0858104	-0.8679974	-1.1475142	1.0590904	-0.2682537	-0.7351989	1.2501904	-0.3476506	-0.7101905	1.4810204	-0.3244035	-0.6051174	0.3185704	-0.6667422	-1.0305210	0.2270804	-0.4318809	-0.8021735	0.2276204	-0.4043694	-0.4838050	0.5128404	-0.6490343	-0.9425224	1.7571004	-0.3711732	-0.8049806	1.5246104	-0.3399281	-0.7591997	1.5369604	-0.5000527	-0.6773002	1.3095804	-0.6069013	-0.7187803	1.1286004	-0.7909120	-0.8507572	1.5122704	-0.1798126	-0.8898185	1.2465104	-0.1282495	-1.0695014	1.0925704	-0.2188559	-0.8288640	1.0649904	-0.3770166	-0.8270281	1.0758004	-0.4755307	-0.9141307	0.6584804	-0.5766345	-0.5430498	0.4796104	-0.6481493	-0.8307041	1.0541704	-0.2784934	-0.9857479	0.6530304	-0.3320230	-0.8596603	0.2629204	-0.4136433	-0.8933093	1.7877304	-0.3911020	-0.9126145	1.7881004	-0.3272702	-0.8016517	1.7459204	-0.4006615	-0.8431839	1.7467604	-0.2676077	-1.0554646	0.2204204	-0.4193483	-1.0072197	0.2029104	-0.3568208	-0.8021735	0.2276204	-0.4043694	-0.6121778	0.2972704	-0.6772506	-0.5789015	0.3423904	-0.7386501	-0.4710738	0.5008304	-0.6531715
44	0.8113208	-0.8962764	1.5648504	-0.3410351	-0.8181707	1.6136504	-0.4721176	-0.8795729	1.5981904	-0.1847204	-0.6780176	1.3273704	-0.6038485	-0.9197479	1.2656604	-0.0873018	-0.6933802	1.3091404	-0.5663364	-0.8892468	1.2551804	-0.1173133	-0.7484750	1.1428804	-0.7777261	-1.1074945	1.1310404	-0.2180908	-0.7081365	1.1316104	-0.7714062	-1.1002878	1.1049304	-0.1870024	-0.7792796	1.6181504	-0.3180242	-0.9250358	1.1451504	-0.4765125	-0.9285580	1.1257704	-0.2435547	-0.7386266	1.1605704	-0.4066246	-0.7381118	1.1488004	-0.2916664	-0.9909326	0.7082104	-0.5802402	-0.9857284	0.6746704	-0.2780919	-0.9635805	0.6870004	-0.4661405	-0.9701410	0.6945904	-0.3874504	-0.6352830	0.4834104	-0.6626029	-0.8576023	0.2666104	-0.3795823	-0.6329873	0.4583104	-0.6074007	-0.8714589	0.2687704	-0.4408706	-0.6429150	0.3879304	-0.7123713	-0.9397001	0.2090204	-0.3572787	-0.6808998	0.3475304	-0.6693871	-0.9920642	0.2290804	-0.4022413	-0.7011342	1.0573804	-0.8249208	-1.1483482	1.0439304	-0.2159232	-0.7650694	1.0734504	-0.8424426	-1.1717150	1.0769504	-0.2630874	-0.7626986	1.2556404	-0.3376340	-0.7372956	1.4877904	-0.3161559	-0.6981689	0.3110104	-0.6458170	-1.0285507	0.2253404	-0.4309952	-0.7991036	0.2280104	-0.4133428	-0.5623506	0.4962704	-0.6368804	-0.9744214	1.7621104	-0.3510598	-0.8322852	1.5320204	-0.3299750	-0.7895421	1.5420404	-0.4909203	-0.7017443	1.3146404	-0.5929552	-0.7310349	1.1231804	-0.7685123	-0.8750283	1.5220104	-0.1690297	-0.9160288	1.2578204	-0.1113203	-1.0957387	1.1086004	-0.2094644	-0.8577112	1.0708604	-0.3639210	-0.8611028	1.0821904	-0.4623460	-0.9802519	0.6682704	-0.5462850	-0.6237582	0.4673704	-0.6321380	-0.8543287	1.0595204	-0.2655002	-0.9860944	0.6490904	-0.3248913	-0.8572509	0.2628204	-0.4194490	-0.9274827	1.7935904	-0.3748187	-0.9409305	1.7927804	-0.3094693	-0.8365568	1.7528804	-0.3931492	-0.8660607	1.7514504	-0.2570463	-1.0528475	0.2181704	-0.4173887	-1.0016632	0.2003204	-0.3574736	-0.7991036	0.2280104	-0.4133428	-0.7073684	0.2901804	-0.6556898	-0.6747374	0.3326604	-0.7192549	-0.5507184	0.4833104	-0.6416183
45	0.8301887	-0.9248413	1.5718604	-0.3290657	-0.8468760	1.6199904	-0.4611957	-0.9070017	1.6075404	-0.1740750	-0.7038362	1.3334304	-0.5884690	-0.9528217	1.2769104	-0.0728559	-0.7196713	1.3155604	-0.5508904	-0.9218177	1.2654804	-0.1019819	-0.7663306	1.1437204	-0.7597367	-1.1391921	1.1486904	-0.2118964	-0.7259410	1.1333704	-0.7522013	-1.1342732	1.1221904	-0.1807053	-0.8077615	1.6256004	-0.3076049	-0.9561308	1.1531004	-0.4610336	-0.9539005	1.1310604	-0.2277767	-0.7681924	1.1674504	-0.3965784	-0.7647035	1.1559704	-0.2816567	-1.0451079	0.7191304	-0.5496937	-0.9806463	0.6722804	-0.2712203	-1.0140457	0.6992804	-0.4368540	-0.9699112	0.6955404	-0.3805133	-0.7156084	0.4551304	-0.6343752	-0.8542829	0.2653004	-0.3827017	-0.7144121	0.4311104	-0.5786374	-0.8700473	0.2685504	-0.4435666	-0.7370379	0.3605904	-0.6816952	-0.9349523	0.2058404	-0.3592024	-0.7782558	0.3261504	-0.6363678	-0.9887373	0.2262004	-0.4024664	-0.7166568	1.0576204	-0.8034161	-1.1828256	1.0629304	-0.2124043	-0.7802893	1.0722704	-0.8227939	-1.2028706	1.0970804	-0.2603035	-0.7902571	1.2624804	-0.3261663	-0.7653210	1.4954904	-0.3044204	-0.7988200	0.2924704	-0.6112448	-1.0258091	0.2225204	-0.4303677	-0.7963632	0.2282804	-0.4191486	-0.6408047	0.4596104	-0.6113880	-1.0045901	1.7686804	-0.3349173	-0.8603093	1.5401004	-0.3181948	-0.8177275	1.5484604	-0.4791491	-0.7277152	1.3204104	-0.5777460	-0.7486933	1.1246304	-0.7496917	-0.9028954	1.5317504	-0.1572314	-0.9484543	1.2689304	-0.0967267	-1.1286234	1.1258504	-0.2028305	-0.8858563	1.0779004	-0.3505090	-0.8929191	1.0895004	-0.4487040	-1.0353906	0.6792104	-0.5149740	-0.7051305	0.4386604	-0.6037475	-0.8787845	1.0663004	-0.2523099	-0.9815423	0.6472304	-0.3185868	-0.8550528	0.2625904	-0.4225065	-0.9588360	1.8005104	-0.3604422	-0.9694280	1.7992104	-0.2945445	-0.8685487	1.7603204	-0.3828220	-0.8921898	1.7580004	-0.2456624	-1.0496901	0.2148404	-0.4162804	-0.9969778	0.1964304	-0.3580803	-0.7963632	0.2282804	-0.4191486	-0.8108465	0.2727104	-0.6201188	-0.7759893	0.3096104	-0.6860443	-0.6309824	0.4451804	-0.6162197
46	0.8490566	-0.9497196	1.5790104	-0.3187315	-0.8716888	1.6257304	-0.4520667	-0.9297811	1.6170904	-0.1650239	-0.7236616	1.3386204	-0.5718395	-0.9792423	1.2892204	-0.0560910	-0.7400597	1.3214204	-0.5340710	-0.9480538	1.2765804	-0.0845241	-0.7762781	1.1408204	-0.7372212	-1.1640188	1.1670004	-0.2026195	-0.7357292	1.1320404	-0.7284419	-1.1613931	1.1402604	-0.1713612	-0.8319582	1.6319404	-0.2988507	-0.9871503	1.1606104	-0.4473731	-0.9791941	1.1356604	-0.2141384	-0.7980016	1.1738704	-0.3884001	-0.7916051	1.1626004	-0.2736562	-1.0975113	0.7318704	-0.5212670	-0.9725695	0.6717904	-0.2660858	-1.0629638	0.7127704	-0.4100571	-0.9676738	0.6975204	-0.3752551	-0.8070136	0.4222604	-0.6067350	-0.8512321	0.2642004	-0.3848430	-0.8071401	0.3998004	-0.5502900	-0.8689984	0.2683004	-0.4451298	-0.8438725	0.3307304	-0.6504257	-0.9301589	0.2022504	-0.3602773	-0.8878868	0.3039104	-0.6024853	-0.9853746	0.2224804	-0.4018693	-0.7234469	1.0541404	-0.7758643	-1.2100756	1.0825204	-0.2058573	-0.7869192	1.0661204	-0.7970763	-1.2267734	1.1176204	-0.2543803	-0.8176615	1.2684804	-0.3165908	-0.7905661	1.5015604	-0.2945773	-0.9118105	0.2742204	-0.5753870	-1.0229566	0.2186104	-0.4289604	-0.7939155	0.2290404	-0.4238772	-0.7315721	0.4166904	-0.5864406	-1.0287779	1.7757504	-0.3223964	-0.8842525	1.5478804	-0.3078549	-0.8422815	1.5540604	-0.4688954	-0.7476772	1.3252404	-0.5612023	-0.7581880	1.1227304	-0.7261596	-0.9262368	1.5417004	-0.1468095	-0.9743644	1.2809304	-0.0797788	-1.1547216	1.1437304	-0.1930982	-0.9139531	1.0843804	-0.3390937	-0.9246876	1.0962804	-0.4369154	-1.0892009	0.6917404	-0.4859676	-0.7979311	0.4055304	-0.5757650	-0.9032228	1.0724804	-0.2412629	-0.9743476	0.6469904	-0.3138085	-0.8532223	0.2625004	-0.4244445	-0.9836609	1.8073204	-0.3492997	-0.9921861	1.8060604	-0.2830782	-0.8943005	1.7666804	-0.3743295	-0.9136933	1.7645204	-0.2365791	-1.0463614	0.2103204	-0.4144745	-0.9921780	0.1917704	-0.3579386	-0.7939155	0.2290404	-0.4238772	-0.9268692	0.2561804	-0.5829166	-0.8901866	0.2858504	-0.6516209	-0.7240872	0.4008604	-0.5911816
47	0.8679245	-0.9784988	1.5835504	-0.3065862	-0.9033619	1.6299404	-0.4423522	-0.9535387	1.6232404	-0.1542775	-0.7534116	1.3427904	-0.5595290	-1.0019950	1.2974104	-0.0385315	-0.7692392	1.3261304	-0.5211856	-0.9715038	1.2839104	-0.0674332	-0.8038260	1.1391204	-0.7184883	-1.1900397	1.1797604	-0.1846531	-0.7629757	1.1313604	-0.7099768	-1.1880714	1.1528104	-0.1535468	-0.8600637	1.6362104	-0.2902089	-1.0216510	1.1658604	-0.4327540	-1.0049720	1.1379204	-0.2000529	-0.8309291	1.1784804	-0.3816979	-0.8201517	1.1672104	-0.2674048	-1.1460787	0.7411804	-0.4911287	-0.9637545	0.6721104	-0.2612802	-1.1071218	0.7230904	-0.3822762	-0.9663741	0.6994704	-0.3700921	-0.9117629	0.3834404	-0.5759386	-0.8485304	0.2634404	-0.3866616	-0.9124437	0.3634204	-0.5184943	-0.8687993	0.2683004	-0.4460300	-0.9663268	0.2981504	-0.6134862	-0.9253254	0.1986104	-0.3607046	-1.0114160	0.2811104	-0.5619866	-0.9822701	0.2185704	-0.4000796	-0.7502667	1.0517904	-0.7547176	-1.2378849	1.0963104	-0.1886697	-0.8140421	1.0621404	-0.7753978	-1.2536722	1.1322304	-0.2369446	-0.8471481	1.2725404	-0.3083944	-0.8187684	1.5058704	-0.2863668	-1.0380429	0.2568704	-0.5321436	-1.0205157	0.2144604	-0.4260788	-0.7922749	0.2303704	-0.4286732	-0.8373253	0.3660404	-0.5591466	-1.0573665	1.7802604	-0.3072051	-0.9116789	1.5532504	-0.2971200	-0.8737721	1.5583504	-0.4590516	-0.7772452	1.3291204	-0.5482883	-0.7851402	1.1217304	-0.7072372	-0.9495857	1.5481504	-0.1351884	-0.9974137	1.2889104	-0.0622694	-1.1813605	1.1561904	-0.1751552	-0.9441347	1.0887104	-0.3278451	-0.9596198	1.1009704	-0.4249912	-1.1390760	0.7008304	-0.4553909	-0.9038572	0.3668404	-0.5444801	-0.9286363	1.0764604	-0.2307038	-0.9670653	0.6474104	-0.3090997	-0.8521111	0.2628304	-0.4258572	-1.0132088	1.8116304	-0.3358137	-1.0191307	1.8103504	-0.2692830	-0.9250099	1.7707204	-0.3642207	-0.9389902	1.7685504	-0.2258442	-1.0432842	0.2054904	-0.4110645	-0.9872105	0.1869004	-0.3567366	-0.7922749	0.2303704	-0.4286732	-1.0562432	0.2414104	-0.5377397	-1.0198238	0.2619204	-0.6100203	-0.8328694	0.3489704	-0.5635677
48	0.8867924	-1.0076976	1.5845404	-0.2957179	-0.9370599	1.6310404	-0.4343763	-0.9760497	1.6255604	-0.1449027	-0.7830186	1.3455104	-0.5498441	-1.0178195	1.3009604	-0.0225079	-0.7980570	1.3292504	-0.5109450	-0.9884583	1.2869404	-0.0524883	-0.8264424	1.1348604	-0.7016707	-1.2106762	1.1870304	-0.1651248	-0.7852091	1.1289904	-0.6932233	-1.2084965	1.1596404	-0.1344717	-0.8886181	1.6371204	-0.2839170	-1.0578096	1.1667404	-0.4188860	-1.0308525	1.1371104	-0.1874276	-0.8655547	1.1798804	-0.3767255	-0.8497929	1.1684704	-0.2632307	-1.1771463	0.7385904	-0.4644929	-0.9614018	0.6720504	-0.2563875	-1.1341636	0.7230304	-0.3579559	-0.9712030	0.6997304	-0.3645871	-1.0083663	0.3407904	-0.5410789	-0.8471107	0.2632804	-0.3866065	-1.0085568	0.3240304	-0.4823908	-0.8695245	0.2686904	-0.4449007	-1.0790540	0.2643404	-0.5699586	-0.9212879	0.1947404	-0.3601349	-1.1228535	0.2578304	-0.5148123	-0.9797828	0.2139504	-0.3974633	-0.7699921	1.0480404	-0.7347534	-1.2595450	1.1041704	-0.1697621	-0.8341275	1.0551904	-0.7551822	-1.2757005	1.1412404	-0.2171054	-0.8775639	1.2732404	-0.3024409	-0.8473515	1.5067204	-0.2811255	-1.1507537	0.2397404	-0.4819550	-1.0184570	0.2094604	-0.4226142	-0.7915621	0.2329204	-0.4310772	-0.9368855	0.3121104	-0.5273870	-1.0867563	1.7806104	-0.2925199	-0.9389850	1.5551604	-0.2882047	-0.9070629	1.5596604	-0.4512389	-0.8063977	1.3312604	-0.5380163	-0.8068750	1.1186404	-0.6900858	-0.9709161	1.5506704	-0.1251748	-1.0138732	1.2922904	-0.0463985	-1.2022804	1.1631404	-0.1560129	-0.9749505	1.0894204	-0.3178632	-0.9952514	1.1018304	-0.4140993	-1.1710684	0.6982804	-0.4282153	-1.0010662	0.3249004	-0.5088656	-0.9546454	1.0770104	-0.2216361	-0.9662585	0.6472504	-0.3039679	-0.8521236	0.2638104	-0.4251679	-1.0439198	1.8120604	-0.3229803	-1.0468833	1.8105904	-0.2562396	-0.9569780	1.7713804	-0.3553168	-0.9647768	1.7688804	-0.2164963	-1.0405543	0.1996104	-0.4072648	-0.9828283	0.1812704	-0.3550132	-0.7915621	0.2329204	-0.4310772	-1.1714302	0.2272904	-0.4853404	-1.1375661	0.2380204	-0.5610855	-0.9356028	0.2943204	-0.5310369
49	0.9056604	-1.0463645	1.5809904	-0.2855572	-0.9799671	1.6281404	-0.4263143	-1.0098846	1.6232904	-0.1360417	-0.8245181	1.3442604	-0.5433103	-1.0456446	1.2986604	-0.0117935	-0.8386139	1.3281304	-0.5039718	-1.0166406	1.2848204	-0.0422383	-0.8659527	1.1308604	-0.6919254	-1.2385287	1.1829504	-0.1529556	-0.8244641	1.1258304	-0.6839548	-1.2360065	1.1555604	-0.1223745	-0.9273663	1.6346704	-0.2773914	-1.0986756	1.1632304	-0.4048849	-1.0613607	1.1327504	-0.1750293	-0.9054228	1.1777004	-0.3715605	-0.8845668	1.1663804	-0.2590997	-1.2093352	0.7311204	-0.4402557	-0.9662052	0.6704004	-0.2502748	-1.1630160	0.7181204	-0.3358813	-0.9833178	0.6974904	-0.3577020	-1.1188584	0.3031404	-0.4982744	-0.8453602	0.2638704	-0.3854151	-1.1185212	0.2902404	-0.4384465	-0.8698168	0.2695104	-0.4424992	-1.2037942	0.2390904	-0.5181081	-0.9164376	0.1914004	-0.3586345	-1.2446364	0.2437504	-0.4603359	-0.9764953	0.2094904	-0.3938891	-0.8086262	1.0443104	-0.7243789	-1.2866695	1.0996704	-0.1576396	-0.8729782	1.0501904	-0.7438936	-1.3032865	1.1368104	-0.2048451	-0.9137297	1.2707204	-0.2965316	-0.8847643	1.5048404	-0.2754997	-1.2727943	0.2324504	-0.4247962	-1.0155414	0.2044504	-0.4182424	-0.7904218	0.2365704	-0.4320792	-1.0527771	0.2632004	-0.4858756	-1.1269140	1.7762904	-0.2815759	-0.9764012	1.5528804	-0.2797559	-0.9494664	1.5571804	-0.4435710	-0.8474173	1.3296304	-0.5309499	-0.8458332	1.1151804	-0.6804361	-1.0033270	1.5485804	-0.1159367	-1.0418735	1.2899504	-0.0357106	-1.2299541	1.1591004	-0.1438486	-1.0105599	1.0863104	-0.3077995	-1.0355950	1.0985904	-0.4029220	-1.2047444	0.6912604	-0.4032262	-1.1122946	0.2882304	-0.4651687	-0.9855291	1.0740204	-0.2126679	-0.9725213	0.6452304	-0.2973993	-0.8517352	0.2653404	-0.4232324	-1.0851060	1.8077804	-0.3133324	-1.0863495	1.8067704	-0.2465180	-0.9986759	1.7676704	-0.3475295	-1.0028559	1.7660204	-0.2085662	-1.0368714	0.1936004	-0.4026455	-0.9775548	0.1758804	-0.3524327	-0.7904218	0.2365704	-0.4320792	-1.2952372	0.2235404	-0.4260262	-1.2654384	0.2241304	-0.5043401	-1.0548041	0.2453104	-0.4883434
50	0.9245283	-1.0884485	1.5738604	-0.2742206	-1.0264836	1.6218304	-0.4170666	-1.0480271	1.6174904	-0.1258462	-0.8689531	1.3395204	-0.5351664	-1.0730599	1.2922404	-0.0001597	-0.8819481	1.3235204	-0.4953255	-1.0442886	1.2789504	-0.0310992	-0.9118762	1.1248604	-0.6816068	-1.2644762	1.1726904	-0.1401629	-0.8701329	1.1201304	-0.6744663	-1.2612810	1.1453004	-0.1096762	-0.9701377	1.6296204	-0.2694315	-1.1387434	1.1559904	-0.3904896	-1.0928304	1.1256204	-0.1621304	-0.9449351	1.1725404	-0.3643429	-0.9198916	1.1616004	-0.2528644	-1.2404666	0.7198904	-0.4149736	-0.9763867	0.6672004	-0.2428743	-1.1907220	0.7099404	-0.3124555	-0.9991169	0.6933704	-0.3495888	-1.2096080	0.2799104	-0.4497506	-0.8430298	0.2652304	-0.3823202	-1.2080207	0.2705704	-0.3891963	-0.8689813	0.2706304	-0.4384464	-1.3028676	0.2263304	-0.4619795	-0.9108521	0.1892804	-0.3552797	-1.3400761	0.2392204	-0.4028661	-0.9722523	0.2058404	-0.3889093	-0.8547680	1.0383304	-0.7146806	-1.3108579	1.0883804	-0.1449755	-0.9194428	1.0438004	-0.7327459	-1.3283399	1.1253704	-0.1920768	-0.9508133	1.2656004	-0.2890090	-0.9251243	1.5007004	-0.2685229	-1.3675146	0.2330604	-0.3655565	-1.0115393	0.1999504	-0.4125806	-0.7883655	0.2407304	-0.4305024	-1.1484310	0.2328004	-0.4373877	-1.1719375	1.7679604	-0.2699218	-1.0172576	1.5471604	-0.2701529	-0.9951958	1.5513604	-0.4346624	-0.8914183	1.3246404	-0.5221512	-0.8912965	1.1093804	-0.6704656	-1.0393236	1.5429504	-0.1056342	-1.0693884	1.2836104	-0.0241232	-1.2554340	1.1489604	-0.1311357	-1.0461454	1.0801204	-0.2965330	-1.0750309	1.0919804	-0.3906153	-1.2365189	0.6810604	-0.3769200	-1.2031491	0.2661104	-0.4158993	-1.0172600	1.0682504	-0.2024507	-0.9834277	0.6416104	-0.2896748	-0.8504032	0.2671804	-0.4195108	-1.1312729	1.7998004	-0.3027521	-1.1311463	1.7992704	-0.2358945	-1.0449344	1.7608804	-0.3383380	-1.0461965	1.7601104	-0.1993382	-1.0321340	0.1882004	-0.3967622	-0.9714060	0.1717204	-0.3481090	-0.7883655	0.2407304	-0.4305024	-1.3907376	0.2268104	-0.3652083	-1.3651614	0.2199704	-0.4448071	-1.1527333	0.2152304	-0.4386436
51	0.9433962	-1.1243109	1.5654004	-0.2593317	-1.0641253	1.6137004	-0.4029523	-1.0814306	1.6088304	-0.1108589	-0.9094067	1.3303104	-0.5221205	-1.0973392	1.2831104	0.0153970	-0.9218809	1.3144904	-0.4820478	-1.0693143	1.2704504	-0.0164974	-0.9559430	1.1161204	-0.6681714	-1.2899601	1.1545704	-0.1144983	-0.9141122	1.1110204	-0.6615970	-1.2845091	1.1279404	-0.0836438	-1.0061121	1.6214504	-0.2555328	-1.1762944	1.1465004	-0.3742035	-1.1242101	1.1164204	-0.1469167	-0.9822623	1.1646904	-0.3531273	-0.9542516	1.1542404	-0.2424277	-1.2697214	0.7065704	-0.3869960	-0.9883131	0.6628604	-0.2338379	-1.2176440	0.7004304	-0.2857182	-1.0153299	0.6882704	-0.3399253	-1.2790198	0.2637804	-0.3942669	-0.8401407	0.2668904	-0.3774422	-1.2770155	0.2579004	-0.3331871	-0.8671727	0.2719604	-0.4328364	-1.3766416	0.2179004	-0.4020862	-0.9043776	0.1873304	-0.3508262	-1.4116996	0.2367804	-0.3431837	-0.9668799	0.2019904	-0.3832044	-0.9002450	1.0288904	-0.7019359	-1.3333927	1.0685304	-0.1158393	-0.9650609	1.0351104	-0.7189416	-1.3539896	1.1039504	-0.1629808	-0.9862810	1.2575604	-0.2775220	-0.9606882	1.4926404	-0.2559775	-1.4389029	0.2343804	-0.3052899	-1.0062387	0.1950604	-0.4063905	-0.7854405	0.2455004	-0.4267662	-1.2216451	0.2126504	-0.3799256	-1.2085645	1.7586104	-0.2605864	-1.0522532	1.5386404	-0.2559632	-1.0330291	1.5431604	-0.4208471	-0.9316380	1.3155104	-0.5087314	-0.9352945	1.1004504	-0.6572961	-1.0714773	1.5341104	-0.0910793	-1.0943577	1.2743304	-0.0086014	-1.2797684	1.1313904	-0.1054757	-1.0803182	1.0716404	-0.2823569	-1.1120168	1.0830204	-0.3755883	-1.2661135	0.6691804	-0.3476222	-1.2728771	0.2513004	-0.3595480	-1.0486329	1.0602604	-0.1891206	-0.9954996	0.6369404	-0.2805629	-0.8482745	0.2692004	-0.4141378	-1.1672835	1.7900504	-0.2929638	-1.1689693	1.7909404	-0.2261238	-1.0797866	1.7512804	-0.3252841	-1.0846046	1.7532404	-0.1864198	-1.0260927	0.1822904	-0.3904805	-0.9641375	0.1674004	-0.3430867	-0.7854405	0.2455004	-0.4267662	-1.4624567	0.2298904	-0.3042795	-1.4388348	0.2175104	-0.3838518	-1.2273451	0.1954904	-0.3801009
52	0.9622641	-1.1559987	1.5625904	-0.2403336	-1.0963334	1.6106004	-0.3843292	-1.1110431	1.6048104	-0.0910586	-0.9434353	1.3255604	-0.5025037	-1.1162753	1.2787004	0.0360823	-0.9556998	1.3099704	-0.4622891	-1.0897340	1.2665704	0.0026133	-0.9948425	1.1121304	-0.6480233	-1.3129478	1.1421504	-0.0781916	-0.9529871	1.1064304	-0.6420223	-1.3043613	1.1162804	-0.0473646	-1.0374338	1.6176404	-0.2363970	-1.2127915	1.1420004	-0.3547116	-1.1563650	1.1124104	-0.1281474	-1.0186318	1.1615904	-0.3371508	-0.9885787	1.1516104	-0.2270216	-1.2981387	0.6986504	-0.3560348	-1.0072668	0.6628704	-0.2195273	-1.2444238	0.6965404	-0.2557368	-1.0370020	0.6877304	-0.3250617	-1.3194761	0.2563904	-0.3410372	-0.8398283	0.2762504	-0.3691205	-1.3176468	0.2530904	-0.2796529	-0.8675580	0.2811804	-0.4240125	-1.4179922	0.2129104	-0.3475303	-0.8994261	0.1922704	-0.3443134	-1.4529477	0.2345704	-0.2894626	-0.9628283	0.2045404	-0.3757320	-0.9410054	1.0238704	-0.6822694	-1.3535154	1.0546804	-0.0748866	-1.0060088	1.0311204	-0.6982812	-1.3785252	1.0885804	-0.1211067	-1.0213093	1.2541304	-0.2614167	-0.9931287	1.4881804	-0.2384889	-1.4805063	0.2338004	-0.2518008	-1.0019780	0.1964204	-0.3987985	-0.7846161	0.2590304	-0.4193532	-1.2632371	0.2047104	-0.3243788	-1.2390401	1.7550804	-0.2504348	-1.0829262	1.5346904	-0.2371539	-1.0656722	1.5397004	-0.4022613	-0.9655772	1.3109604	-0.4887860	-0.9742291	1.0961104	-0.6374512	-1.1001753	1.5296804	-0.0720331	-1.1145498	1.2697804	0.0119616	-1.3014446	1.1194304	-0.0696389	-1.1142495	1.0680904	-0.2642504	-1.1478684	1.0790004	-0.3568657	-1.2941280	0.6625604	-0.3155133	-1.3135011	0.2450204	-0.3055800	-1.0806396	1.0571704	-0.1716393	-1.0140407	0.6368504	-0.2663798	-0.8485148	0.2790604	-0.4054118	-1.1960822	1.7856804	-0.2813682	-1.2014345	1.7884504	-0.2147815	-1.1070207	1.7463604	-0.3076738	-1.1192055	1.7519904	-0.1694090	-1.0210582	0.1823504	-0.3830573	-0.9580871	0.1692404	-0.3366352	-0.7846161	0.2590304	-0.4193532	-1.5041779	0.2297604	-0.2508453	-1.4801263	0.2145304	-0.3297538	-1.2692824	0.1877304	-0.3239318
53	0.9811321	-1.1892849	1.5584904	-0.2185941	-1.1324303	1.6056504	-0.3639445	-1.1396631	1.6008004	-0.0696479	-0.9819764	1.3208304	-0.4859400	-1.1256101	1.2761304	0.0612117	-0.9937951	1.3048704	-0.4457823	-1.1018152	1.2643804	0.0254690	-1.0376152	1.1107004	-0.6343817	-1.3262630	1.1268104	-0.0263299	-0.9957310	1.1043404	-0.6289630	-1.3127484	1.1024104	0.0039375	-1.0705081	1.6132004	-0.2173834	-1.2492366	1.1363904	-0.3306936	-1.1889287	1.1075404	-0.1048573	-1.0551419	1.1572804	-0.3164954	-1.0232204	1.1478304	-0.2069182	-1.3266576	0.6902804	-0.3235542	-1.0280752	0.6618404	-0.1990862	-1.2721158	0.6916504	-0.2239409	-1.0603856	0.6859504	-0.3040670	-1.3660669	0.2504004	-0.2866960	-0.8410999	0.2866804	-0.3563846	-1.3649691	0.2497904	-0.2250680	-0.8693175	0.2916404	-0.4107980	-1.4653718	0.2089504	-0.2927514	-0.8956172	0.1981204	-0.3344274	-1.5006449	0.2334004	-0.2359904	-0.9596844	0.2077604	-0.3651300	-0.9853753	1.0221804	-0.6705973	-1.3616367	1.0376304	-0.0158252	-1.0505367	1.0306704	-0.6856788	-1.3935485	1.0688204	-0.0597138	-1.0565925	1.2498204	-0.2412153	-1.0267167	1.4831904	-0.2202665	-1.5287123	0.2343804	-0.1987754	-0.9983756	0.1984004	-0.3884461	-0.7854003	0.2742904	-0.4072838	-1.3111633	0.1983704	-0.2670081	-1.2730772	1.7493204	-0.2307998	-1.1144898	1.5300204	-0.2167186	-1.1022356	1.5345504	-0.3822486	-1.0039660	1.3062804	-0.4720520	-1.0170557	1.0941904	-0.6243092	-1.1267439	1.5254904	-0.0511885	-1.1259186	1.2666304	0.0371466	-1.3127713	1.1048904	-0.0186814	-1.1484911	1.0634404	-0.2416213	-1.1837899	1.0738504	-0.3336628	-1.3228206	0.6554504	-0.2820214	-1.3606553	0.2402504	-0.2504092	-1.1131965	1.0530404	-0.1495708	-1.0344444	0.6356704	-0.2460258	-0.8502816	0.2900804	-0.3923000	-1.2306143	1.7799604	-0.2623282	-1.2357170	1.7835904	-0.1957796	-1.1412174	1.7413404	-0.2884774	-1.1528217	1.7487504	-0.1502508	-1.0165932	0.1827904	-0.3732296	-0.9528261	0.1715604	-0.3274734	-0.7854003	0.2742904	-0.4072838	-1.5524601	0.2307704	-0.1979879	-1.5276210	0.2123804	-0.2759113	-1.3174960	0.1816404	-0.2659448
54	1.0000000	-1.2219573	1.5527604	-0.1907646	-1.1707765	1.6001304	-0.3377898	-1.1660469	1.5938804	-0.0430237	-1.0292469	1.3162004	-0.4725200	-1.1311717	1.2697804	0.0855848	-1.0391088	1.2992804	-0.4322994	-1.1109799	1.2588004	0.0473234	-1.1034278	1.1149304	-0.6248305	-1.3313391	1.1057204	0.0303890	-1.0615971	1.1065304	-0.6225151	-1.3119419	1.0833104	0.0589969	-1.1032078	1.6072804	-0.1943223	-1.2844526	1.1294204	-0.3016449	-1.2187859	1.1019704	-0.0769840	-1.0902964	1.1516604	-0.2922398	-1.0557206	1.1427504	-0.1834331	-1.3571122	0.6823404	-0.2852898	-1.0588186	0.6558204	-0.1692649	-1.3005151	0.6864604	-0.1872448	-1.0933320	0.6790604	-0.2734966	-1.3957048	0.2439104	-0.2344240	-0.8459577	0.3003804	-0.3404773	-1.3941153	0.2447104	-0.1726440	-0.8750494	0.3055504	-0.3941286	-1.4943629	0.2012104	-0.2390745	-0.8926754	0.2061204	-0.3230370	-1.5297122	0.2261004	-0.1824814	-0.9575046	0.2120404	-0.3524839	-1.0576856	1.0260104	-0.6683130	-1.3589831	1.0150004	0.0487129	-1.1234026	1.0381204	-0.6785117	-1.3987799	1.0425104	0.0090036	-1.0903409	1.2444804	-0.2177273	-1.0597548	1.4770104	-0.1992720	-1.5576902	0.2271504	-0.1452689	-0.9956020	0.2011004	-0.3760087	-0.7900960	0.2950504	-0.3923159	-1.3399558	0.1930804	-0.2139227	-1.3065006	1.7433504	-0.1972189	-1.1464230	1.5236304	-0.1919649	-1.1417991	1.5289804	-0.3579084	-1.0506520	1.3019104	-0.4577084	-1.0830061	1.0970604	-0.6168524	-1.1510603	1.5182804	-0.0260166	-1.1339601	1.2598104	0.0617977	-1.3155014	1.0849004	0.0364612	-1.1811764	1.0574804	-0.2145923	-1.2185924	1.0673204	-0.3058557	-1.3524395	0.6482804	-0.2431356	-1.3898285	0.2343304	-0.1976668	-1.1437646	1.0476404	-0.1233199	-1.0649396	0.6297304	-0.2162873	-0.8560630	0.3046504	-0.3758082	-1.2659201	1.7744804	-0.2306733	-1.2675781	1.7774804	-0.1639638	-1.1778073	1.7364404	-0.2619009	-1.1822393	1.7427204	-0.1231545	-1.0123779	0.1833504	-0.3615652	-0.9473552	0.1746204	-0.3171766	-0.7900960	0.2950504	-0.3923159	-1.5814089	0.2230604	-0.1444016	-1.5564248	0.2038904	-0.2219263	-1.3459749	0.1763804	-0.2125145
55	1.0188679	-1.2505569	1.5530904	-0.1802348	-1.2046439	1.5994004	-0.3286461	-1.1886584	1.5936104	-0.0340488	-1.0724427	1.3161104	-0.4743685	-1.1318889	1.2710804	0.0912638	-1.0811116	1.2982604	-0.4343640	-1.1152657	1.2606604	0.0510956	-1.1612673	1.1238904	-0.6298222	-1.3272940	1.0956304	0.0628388	-1.1198022	1.1136604	-0.6297517	-1.3031558	1.0748804	0.0889461	-1.1317575	1.6066804	-0.1885137	-1.3185018	1.1282004	-0.2885145	-1.2471823	1.1024004	-0.0653994	-1.1242596	1.1520704	-0.2841448	-1.0868888	1.1433304	-0.1761974	-1.3849645	0.6802304	-0.2704945	-1.1027579	0.6502504	-0.1455969	-1.3264594	0.6855604	-0.1738438	-1.1392260	0.6718004	-0.2489968	-1.3948054	0.2404004	-0.2224633	-0.8488675	0.3361004	-0.3413596	-1.3921386	0.2398804	-0.1603905	-0.8797251	0.3416504	-0.3934953	-1.4909496	0.1930504	-0.2268021	-0.8773586	0.2329804	-0.3355347	-1.5265123	0.2146704	-0.1688521	-0.9425763	0.2303004	-0.3633202	-1.1208026	1.0352104	-0.6789765	-1.3475409	1.0039604	0.0861458	-1.1867174	1.0503804	-0.6857697	-1.3933719	1.0284804	0.0515449	-1.1230090	1.2449004	-0.2102091	-1.0899438	1.4755804	-0.1946802	-1.5539997	0.2133104	-0.1313667	-0.9787487	0.2158704	-0.3877789	-0.7943150	0.3460204	-0.3937978	-1.3359198	0.1922504	-0.2040743	-1.3344512	1.7434404	-0.1817633	-1.1746048	1.5228804	-0.1841532	-1.1772388	1.5280204	-0.3501488	-1.0935408	1.3022204	-0.4589614	-1.1413324	1.1047504	-0.6234504	-1.1719576	1.5177504	-0.0181623	-1.1367354	1.2605504	0.0679624	-1.3098553	1.0755604	0.0670867	-1.2126939	1.0571504	-0.2039336	-1.2520127	1.0667104	-0.2944292	-1.3785714	0.6456204	-0.2285751	-1.3875523	0.2298204	-0.1855826	-1.1733751	1.0475904	-0.1134380	-1.1085575	0.6246704	-0.1926461	-0.8609074	0.3418304	-0.3754521	-1.2955174	1.7751304	-0.2167027	-1.2942557	1.7773904	-0.1500551	-1.2087675	1.7374804	-0.2522953	-1.2071903	1.7425004	-0.1135163	-0.9917385	0.1939204	-0.3754208	-0.9248879	0.1915704	-0.3335561	-0.7943150	0.3460204	-0.3937978	-1.5775276	0.2079004	-0.1303883	-1.5525574	0.1921104	-0.2084271	-1.3410110	0.1752604	-0.2030941
56	1.0377359	-1.2784535	1.5573304	-0.1659125	-1.2359141	1.6026704	-0.3151577	-1.2124007	1.5974604	-0.0207796	-1.1056470	1.3207404	-0.4656769	-1.1372490	1.2774704	0.1023800	-1.1137244	1.3024504	-0.4258049	-1.1232407	1.2670204	0.0611469	-1.1956068	1.1296204	-0.6214172	-1.3316687	1.0997604	0.0885709	-1.1540633	1.1197204	-0.6220825	-1.3053466	1.0793004	0.1125740	-1.1595589	1.6099504	-0.1769275	-1.3519499	1.1312104	-0.2728639	-1.2776208	1.1069204	-0.0506185	-1.1575520	1.1560304	-0.2711470	-1.1187924	1.1473204	-0.1636222	-1.4123081	0.6819204	-0.2555834	-1.1464427	0.6500204	-0.1152342	-1.3531035	0.6881304	-0.1593678	-1.1838079	0.6688904	-0.2185558	-1.3942306	0.2423204	-0.2133793	-0.8595458	0.3758604	-0.3246356	-1.3909711	0.2403604	-0.1510632	-0.8917364	0.3804204	-0.3756164	-1.4884231	0.1919604	-0.2183307	-0.8683258	0.2689204	-0.3296345	-1.5240882	0.2108704	-0.1593802	-0.9319661	0.2565804	-0.3573244	-1.1545020	1.0416204	-0.6717074	-1.3491313	1.0078704	0.1135734	-1.2210714	1.0560904	-0.6775701	-1.3978054	1.0319504	0.0829872	-1.1556315	1.2488504	-0.1975830	-1.1195390	1.4779904	-0.1839084	-1.5512874	0.2077004	-0.1218266	-0.9651159	0.2381104	-0.3831542	-0.8086244	0.3998204	-0.3758651	-1.3331864	0.1961204	-0.1967090	-1.3613983	1.7473304	-0.1660934	-1.2018186	1.5262604	-0.1715317	-1.2092692	1.5310904	-0.3373018	-1.1265867	1.3068504	-0.4500415	-1.1754485	1.1105004	-0.6155481	-1.1943680	1.5214404	-0.0057616	-1.1433647	1.2665904	0.0794578	-1.3139223	1.0796204	0.0914727	-1.2448090	1.0607904	-0.1894379	-1.2849330	1.0701404	-0.2796027	-1.4046192	0.6467004	-0.2138873	-1.3859915	0.2306904	-0.1764360	-1.2046850	1.0514304	-0.0992730	-1.1517752	0.6246404	-0.1620545	-0.8733344	0.3818704	-0.3577229	-1.3230567	1.7792404	-0.2015848	-1.3208405	1.7813804	-0.1350439	-1.2367971	1.7416204	-0.2385868	-1.2332336	1.7465304	-0.0999738	-0.9734999	0.2130204	-0.3730067	-0.9065017	0.2192804	-0.3322868	-0.8086244	0.3998204	-0.3758651	-1.5746781	0.2015504	-0.1209057	-1.5496773	0.1886404	-0.1992942	-1.3376332	0.1789104	-0.1962117
57	1.0566038	-1.3077425	1.5596704	-0.1514672	-1.2707880	1.6039804	-0.3017498	-1.2363808	1.6002504	-0.0088459	-1.1480991	1.3233204	-0.4610990	-1.1475696	1.2830704	0.1135333	-1.1545841	1.3044604	-0.4212347	-1.1355985	1.2720104	0.0717475	-1.2458528	1.1347504	-0.6150561	-1.3462134	1.1100304	0.1075525	-1.2043830	1.1248304	-0.6177639	-1.3194742	1.0888304	0.1302825	-1.1891815	1.6118204	-0.1669960	-1.3842566	1.1325704	-0.2568687	-1.3068160	1.1102604	-0.0355225	-1.1896704	1.1579404	-0.2579217	-1.1494629	1.1494304	-0.1507810	-1.4394477	0.6819804	-0.2392641	-1.1920979	0.6490304	-0.0839586	-1.3790961	0.6890404	-0.1436390	-1.2299482	0.6652304	-0.1875175	-1.3938137	0.2443904	-0.2051633	-0.8854801	0.4047404	-0.2997327	-1.3892318	0.2411704	-0.1427492	-0.9184582	0.4073104	-0.3500657	-1.4868153	0.1926104	-0.2094270	-0.8803920	0.2980504	-0.3095083	-1.5216881	0.2097004	-0.1493126	-0.9418425	0.2784104	-0.3372804	-1.2064350	1.0475204	-0.6683066	-1.3650266	1.0185704	0.1333927	-1.2735653	1.0618204	-0.6711207	-1.4143324	1.0440304	0.1052262	-1.1872167	1.2511604	-0.1849807	-1.1501822	1.4795904	-0.1746515	-1.5483248	0.2053204	-0.1114746	-0.9723300	0.2566804	-0.3637555	-0.8384912	0.4368504	-0.3501478	-1.3311759	0.1993004	-0.1907511	-1.3891744	1.7508404	-0.1488352	-1.2314081	1.5283004	-0.1597311	-1.2456211	1.5323104	-0.3251017	-1.1686731	1.3095904	-0.4446862	-1.2254260	1.1154804	-0.6103306	-1.2172041	1.5243004	0.0056353	-1.1546439	1.2720504	0.0908923	-1.3290067	1.0891904	0.1096951	-1.2760063	1.0628104	-0.1744259	-1.3169222	1.0718304	-0.2642649	-1.4301585	0.6464004	-0.1977817	-1.3843284	0.2318404	-0.1684554	-1.2350771	1.0538004	-0.0845917	-1.1975976	0.6236704	-0.1303493	-0.9004725	0.4099904	-0.3323442	-1.3518517	1.7824404	-0.1857616	-1.3472064	1.7846304	-0.1193899	-1.2673505	1.7438304	-0.2258785	-1.2587499	1.7489104	-0.0876090	-0.9771223	0.2302904	-0.3546143	-0.9110726	0.2438704	-0.3143920	-0.8384912	0.4368504	-0.3501478	-1.5716357	0.1987404	-0.1104172	-1.5474808	0.1879404	-0.1893106	-1.3353002	0.1819004	-0.1905669
58	1.0754717	-1.3370207	1.5601504	-0.1353176	-1.3062133	1.6038604	-0.2860944	-1.2602783	1.6008804	0.0046379	-1.2043514	1.3222404	-0.4574505	-1.1627565	1.2853604	0.1242380	-1.2092035	1.3028204	-0.4177516	-1.1531731	1.2737904	0.0820119	-1.3145087	1.1400604	-0.6105049	-1.3622561	1.1138804	0.1331067	-1.2735035	1.1292004	-0.6153162	-1.3342325	1.0927504	0.1542180	-1.2192537	1.6124904	-0.1555088	-1.4131487	1.1327804	-0.2403405	-1.3325585	1.1127704	-0.0199751	-1.2183429	1.1582104	-0.2443253	-1.1766101	1.1499304	-0.1375216	-1.4664658	0.6815604	-0.2227557	-1.2414985	0.6476904	-0.0504243	-1.4048505	0.6890704	-0.1277110	-1.2789196	0.6614404	-0.1546437	-1.3946860	0.2475504	-0.1986078	-0.9234230	0.4224904	-0.2661849	-1.3884234	0.2433304	-0.1362485	-0.9563069	0.4227804	-0.3165070	-1.4868408	0.1948504	-0.2013511	-0.9106781	0.3167704	-0.2755567	-1.5204137	0.2106804	-0.1400016	-0.9702884	0.2924504	-0.3032762	-1.2791464	1.0535004	-0.6677650	-1.3801133	1.0232104	0.1620078	-1.3462618	1.0693104	-0.6672510	-1.4309950	1.0487504	0.1370786	-1.2157117	1.2522804	-0.1719305	-1.1803411	1.4804504	-0.1642088	-1.5461827	0.2054204	-0.1016818	-0.9988657	0.2683504	-0.3297543	-0.8785818	0.4578304	-0.3166084	-1.3307476	0.2032604	-0.1867006	-1.4173729	1.7529404	-0.1300084	-1.2619329	1.5285304	-0.1464689	-1.2836990	1.5320604	-0.3112349	-1.2245512	1.3091704	-0.4402784	-1.2943837	1.1201804	-0.6068360	-1.2401758	1.5249904	0.0182930	-1.1710141	1.2740104	0.1021707	-1.3452232	1.0928704	0.1342967	-1.3041743	1.0635104	-0.1587406	-1.3458821	1.0721204	-0.2482538	-1.4556266	0.6456804	-0.1815215	-1.3838391	0.2342204	-0.1623352	-1.2624574	1.0548904	-0.0692232	-1.2475738	0.6221604	-0.0962669	-0.9387012	0.4265204	-0.2989407	-1.3811779	1.7841404	-0.1684207	-1.3740340	1.7865204	-0.1022962	-1.2986042	1.7444804	-0.2116211	-1.2847732	1.7500004	-0.0738255	-1.0016335	0.2417004	-0.3205298	-0.9368423	0.2603404	-0.2803536	-0.8785818	0.4578304	-0.3166084	-1.5694029	0.1984104	-0.1002511	-1.5467748	0.1891104	-0.1796799	-1.3346581	0.1856804	-0.1867146
59	1.0943396	-1.3659728	1.5600204	-0.1173829	-1.3428083	1.6037104	-0.2688770	-1.2834856	1.6011104	0.0193152	-1.2576840	1.3211804	-0.4473096	-1.1733675	1.2883204	0.1336008	-1.2600108	1.3018504	-0.4075366	-1.1670979	1.2765704	0.0909328	-1.3766570	1.1390304	-0.5937391	-1.3633910	1.1095004	0.1667271	-1.3360102	1.1284304	-0.6010235	-1.3323319	1.0901504	0.1851382	-1.2498094	1.6135604	-0.1427245	-1.4394401	1.1331604	-0.2237581	-1.3554218	1.1157104	-0.0044974	-1.2444539	1.1585304	-0.2308034	-1.2010363	1.1503504	-0.1243947	-1.4909753	0.6811104	-0.2074388	-1.2954346	0.6487004	-0.0137418	-1.4281586	0.6889004	-0.1127938	-1.3322421	0.6598504	-0.1187564	-1.3962456	0.2517704	-0.1937961	-0.9704225	0.4369404	-0.2274595	-1.3881833	0.2467604	-0.1315576	-1.0029017	0.4350704	-0.2778687	-1.4876803	0.1984504	-0.1945816	-0.9535695	0.3320404	-0.2341653	-1.5197855	0.2133304	-0.1320733	-1.0118433	0.3044504	-0.2614382	-1.3440025	1.0530304	-0.6534977	-1.3740228	1.0193704	0.2000566	-1.4113137	1.0684104	-0.6488490	-1.4283549	1.0420404	0.1803263	-1.2417655	1.2536304	-0.1589336	-1.2099477	1.4820604	-0.1531996	-1.5446820	0.2073904	-0.0932584	-1.0390467	0.2783004	-0.2874080	-0.9265620	0.4731204	-0.2784065	-1.3312616	0.2081204	-0.1843915	-1.4471138	1.7531204	-0.1075426	-1.2920416	1.5286504	-0.1318982	-1.3221480	1.5318704	-0.2955551	-1.2767103	1.3084304	-0.4291049	-1.3562726	1.1192804	-0.5910526	-1.2619401	1.5254204	0.0317453	-1.1831351	1.2763004	0.1125947	-1.3454692	1.0893504	0.1663895	-1.3298877	1.0642604	-0.1429479	-1.3723210	1.0724704	-0.2321594	-1.4787467	0.6449504	-0.1664394	-1.3840481	0.2377904	-0.1580302	-1.2874545	1.0560604	-0.0537364	-1.3026218	0.6229904	-0.0588561	-0.9856271	0.4396604	-0.2604678	-1.4129256	1.7845904	-0.1475196	-1.4026881	1.7868604	-0.0818062	-1.3323600	1.7452904	-0.1947900	-1.3120422	1.7506304	-0.0578203	-1.0405752	0.2517704	-0.2775283	-0.9769319	0.2744204	-0.2376116	-0.9265620	0.4731204	-0.2784065	-1.5678338	0.2000104	-0.0914537	-1.5467934	0.1918604	-0.1713581	-1.3350314	0.1903804	-0.1844943
60	1.1132076	-1.3898318	1.5613704	-0.1001959	-1.3701598	1.6051804	-0.2517959	-1.3048311	1.6021904	0.0353241	-1.2980609	1.3201904	-0.4322750	-1.1881495	1.2905404	0.1450460	-1.2987082	1.3010904	-0.3924360	-1.1842438	1.2787804	0.1021474	-1.4316244	1.1422304	-0.5713849	-1.3675406	1.1050704	0.1957860	-1.3918959	1.1302604	-0.5810064	-1.3341473	1.0873804	0.2116996	-1.2745939	1.6157304	-0.1274806	-1.4610956	1.1348304	-0.2077944	-1.3760764	1.1194804	0.0110945	-1.2659327	1.1598704	-0.2159049	-1.2219798	1.1520004	-0.1095555	-1.5101060	0.6814504	-0.1948547	-1.3322979	0.6534404	0.0178930	-1.4472372	0.6892804	-0.0999427	-1.3683154	0.6619604	-0.0878455	-1.3989573	0.2562704	-0.1890692	-1.0040221	0.4434504	-0.1888631	-1.3898651	0.2508504	-0.1269573	-1.0358338	0.4396304	-0.2395679	-1.4895205	0.2016404	-0.1885767	-0.9875167	0.3386304	-0.1904459	-1.5207978	0.2158104	-0.1254065	-1.0455764	0.3097904	-0.2169238	-1.4054393	1.0552504	-0.6329575	-1.3712449	1.0153904	0.2314852	-1.4718775	1.0730804	-0.6243600	-1.4280453	1.0353104	0.2162201	-1.2633786	1.2558004	-0.1445280	-1.2339623	1.4846304	-0.1392518	-1.5450593	0.2094404	-0.0862734	-1.0725137	0.2823004	-0.2418316	-0.9592768	0.4775104	-0.2408320	-1.3330869	0.2135304	-0.1811160	-1.4717193	1.7548704	-0.0898431	-1.3166429	1.5298804	-0.1161717	-1.3506293	1.5332704	-0.2792215	-1.3162737	1.3080604	-0.4131172	-1.4117869	1.1218204	-0.5697258	-1.2826565	1.5264904	0.0468781	-1.1990078	1.2780404	0.1248885	-1.3488834	1.0858204	0.1940370	-1.3515957	1.0662904	-0.1267770	-1.3940302	1.0739804	-0.2160332	-1.4970830	0.6451004	-0.1540918	-1.3859383	0.2420304	-0.1536926	-1.3091745	1.0586004	-0.0375160	-1.3399398	0.6270804	-0.0265065	-1.0186698	0.4448704	-0.2222848	-1.4381058	1.7862004	-0.1303859	-1.4271338	1.7889004	-0.0648045	-1.3580044	1.7468204	-0.1784355	-1.3360779	1.7530004	-0.0416977	-1.0740171	0.2562404	-0.2307045	-1.0107714	0.2809504	-0.1912600	-0.9592768	0.4775104	-0.2408320	-1.5681096	0.2016904	-0.0841897	-1.5481229	0.1941304	-0.1643426	-1.3366253	0.1956604	-0.1812654
61	1.1320755	-1.4094196	1.5645104	-0.0830584	-1.3938495	1.6089204	-0.2343092	-1.3212062	1.6048404	0.0506827	-1.3389239	1.3225804	-0.4186588	-1.1965124	1.2948904	0.1549827	-1.3374714	1.3034804	-0.3789218	-1.1948776	1.2831404	0.1119850	-1.4886968	1.1499904	-0.5481366	-1.3641437	1.1030904	0.2202320	-1.4502294	1.1367504	-0.5606853	-1.3288548	1.0869504	0.2336422	-1.2951569	1.6194804	-0.1127950	-1.4790679	1.1378904	-0.1922758	-1.3933939	1.1246304	0.0261791	-1.2838781	1.1629404	-0.2013668	-1.2395150	1.1555004	-0.0950689	-1.5241138	0.6830804	-0.1845491	-1.3609892	0.6603504	0.0452066	-1.4616212	0.6907704	-0.0891616	-1.3959594	0.6664804	-0.0611690	-1.4037109	0.2604504	-0.1840808	-1.0311828	0.4460904	-0.1520308	-1.3939185	0.2549104	-0.1220506	-1.0622201	0.4404704	-0.2030476	-1.4934443	0.2043104	-0.1825283	-1.0164556	0.3413504	-0.1481204	-1.5241379	0.2180104	-0.1189535	-1.0746631	0.3120704	-0.1737845	-1.4701309	1.0624504	-0.6116842	-1.3612754	1.0138404	0.2569328	-1.5351081	1.0825304	-0.5980802	-1.4198881	1.0311904	0.2459091	-1.2814426	1.2596104	-0.1307294	-1.2540648	1.4887704	-0.1262162	-1.5478000	0.2113904	-0.0794968	-1.1017825	0.2837004	-0.1974973	-0.9850217	0.4771604	-0.2049063	-1.3371255	0.2185804	-0.1769748	-1.4909844	1.7590704	-0.0702270	-1.3371586	1.5331504	-0.1009013	-1.3760527	1.5370904	-0.2629625	-1.3561227	1.3110704	-0.3984102	-1.4694512	1.1289704	-0.5478347	-1.2982694	1.5292104	0.0611466	-1.2082695	1.2819104	0.1356639	-1.3449202	1.0847104	0.2171030	-1.3695196	1.0699404	-0.1111256	-1.4119112	1.0770304	-0.2004501	-1.5106589	0.6465304	-0.1440262	-1.3901525	0.2461904	-0.1489382	-1.3271322	1.0628504	-0.0217921	-1.3688140	0.6332204	0.0014832	-1.0452048	0.4462904	-0.1858007	-1.4580870	1.7902604	-0.1114348	-1.4456718	1.7927904	-0.0460851	-1.3792940	1.7504704	-0.1613633	-1.3543284	1.7562904	-0.0250620	-1.1037512	0.2582504	-0.1850645	-1.0405057	0.2840604	-0.1461167	-0.9850217	0.4771604	-0.2049063	-1.5707167	0.2032804	-0.0771080	-1.5516574	0.1958504	-0.1574727	-1.3404041	0.2006304	-0.1771134
62	1.1509434	-1.4304982	1.5679304	-0.0669360	-1.4199795	1.6118304	-0.2177177	-1.3382499	1.6083904	0.0641627	-1.3908037	1.3225204	-0.4029967	-1.2051920	1.3007604	0.1624987	-1.3865861	1.3037604	-0.3634159	-1.2059441	1.2892304	0.1195797	-1.5610623	1.1570104	-0.5159433	-1.3524717	1.0978504	0.2420047	-1.5247406	1.1418704	-0.5320303	-1.3149581	1.0845704	0.2523477	-1.3172266	1.6228004	-0.1002022	-1.4994584	1.1406504	-0.1765167	-1.4127866	1.1296704	0.0414546	-1.3043088	1.1661504	-0.1867519	-1.2594390	1.1590804	-0.0805708	-1.5384563	0.6842704	-0.1747086	-1.3984628	0.6681904	0.0723530	-1.4763231	0.6919504	-0.0788817	-1.4321971	0.6723704	-0.0346379	-1.4090585	0.2644404	-0.1798769	-1.0691335	0.4480104	-0.1163130	-1.3985793	0.2586904	-0.1179237	-1.0995142	0.4408404	-0.1675311	-1.4980480	0.2072604	-0.1774590	-1.0564685	0.3436604	-0.1073177	-1.5282655	0.2204704	-0.1134856	-1.1148702	0.3142004	-0.1322338	-1.5531045	1.0684804	-0.5803330	-1.3396227	1.0094604	0.2785268	-1.6154344	1.0918604	-0.5605514	-1.4001219	1.0221004	0.2724714	-1.3021285	1.2633304	-0.1169396	-1.2763904	1.4923704	-0.1146364	-1.5515379	0.2135004	-0.0738471	-1.1422678	0.2851504	-0.1548296	-1.0216321	0.4761204	-0.1699096	-1.3418662	0.2232604	-0.1736465	-1.5108290	1.7641104	-0.0531541	-1.3599184	1.5363404	-0.0867104	-1.4051419	1.5398004	-0.2472655	-1.4065099	1.3120904	-0.3813349	-1.5428321	1.1351304	-0.5171080	-1.3146905	1.5328704	0.0738356	-1.2176490	1.2870404	0.1442549	-1.3323190	1.0811104	0.2371906	-1.3897144	1.0734604	-0.0954076	-1.4320366	1.0800104	-0.1848101	-1.5245080	0.6474504	-0.1344631	-1.3949523	0.2500604	-0.1449864	-1.3473922	1.0669204	-0.0060052	-1.4068390	0.6405804	0.0292441	-1.0826837	0.4471404	-0.1503374	-1.4785022	1.7946604	-0.0952679	-1.4645918	1.7974304	-0.0302141	-1.4013456	1.7536504	-0.1467981	-1.3732012	1.7599204	-0.0110668	-1.1448077	0.2603704	-0.1411956	-1.0814759	0.2869604	-0.1026930	-1.0216321	0.4761204	-0.1699096	-1.5743566	0.2050104	-0.0713134	-1.5558235	0.1979504	-0.1517800	-1.3449618	0.2052404	-0.1737990
63	1.1698113	-1.4658631	1.5706004	-0.0390822	-1.4631831	1.6161804	-0.1884105	-1.3672830	1.6090704	0.0881392	-1.4713743	1.3243204	-0.3724448	-1.2239582	1.3025604	0.1715564	-1.4618100	1.3056404	-0.3338243	-1.2277436	1.2922404	0.1286352	-1.6767919	1.1762004	-0.4454148	-1.3437953	1.0848304	0.2584415	-1.6462626	1.1572304	-0.4680095	-1.3041951	1.0750204	0.2645937	-1.3541697	1.6255704	-0.0768909	-1.5361739	1.1427104	-0.1540483	-1.4457008	1.1348404	0.0623965	-1.3411394	1.1696304	-0.1673493	-1.2945088	1.1622604	-0.0618918	-1.5565617	0.6823804	-0.1637318	-1.4712678	0.6818904	0.1076184	-1.4947093	0.6907204	-0.0677049	-1.5037855	0.6841804	0.0002899	-1.4115009	0.2681104	-0.1795373	-1.1645342	0.4224804	-0.0675636	-1.3995730	0.2620104	-0.1177802	-1.1955696	0.4139904	-0.1183478	-1.4994581	0.2100604	-0.1755236	-1.1634965	0.3193204	-0.0479251	-1.5288888	0.2226404	-0.1109185	-1.2248414	0.2940404	-0.0701973	-1.6914356	1.0874804	-0.5081624	-1.3190240	0.9971604	0.2905264	-1.7456699	1.1175604	-0.4768270	-1.3807532	1.0039304	0.2907053	-1.3385026	1.2669104	-0.0981848	-1.3143327	1.4957204	-0.0954764	-1.5517896	0.2150804	-0.0711068	-1.2554279	0.2660204	-0.0899769	-1.1142381	0.4402704	-0.1233437	-1.3434639	0.2277304	-0.1749763	-1.5449357	1.7685504	-0.0234556	-1.3980941	1.5389404	-0.0621754	-1.4529682	1.5442804	-0.2198049	-1.4837880	1.3154604	-0.3483319	-1.6613222	1.1524404	-0.4495328	-1.3432156	1.5335904	0.0954450	-1.2372721	1.2884104	0.1543694	-1.3227021	1.0703604	0.2510427	-1.4253048	1.0765704	-0.0741689	-1.4680118	1.0827904	-0.1634087	-1.5412409	0.6451204	-0.1241814	-1.3962590	0.2535104	-0.1451654	-1.3826021	1.0703604	0.0150800	-1.4821218	0.6536604	0.0656822	-1.1782837	0.4202604	-0.1015154	-1.5130839	1.7983704	-0.0664199	-1.4977092	1.8012704	-0.0016432	-1.4377112	1.7561304	-0.1195433	-1.4063723	1.7625104	0.0157026	-1.2606598	0.2431404	-0.0740012	-1.1946245	0.2664604	-0.0374157	-1.1142381	0.4402704	-0.1233437	-1.5745395	0.2059704	-0.0685078	-1.5563477	0.1997604	-0.1491888	-1.3464115	0.2095704	-0.1751150
64	1.1886793	-1.4894855	1.5705104	-0.0186402	-1.4892718	1.6172504	-0.1667022	-1.3884797	1.6078104	0.1069759	-1.5144292	1.3251204	-0.3489934	-1.2412460	1.3022704	0.1851101	-1.5023767	1.3062504	-0.3111656	-1.2465586	1.2922504	0.1422933	-1.7337228	1.1869904	-0.3989736	-1.3473159	1.0786304	0.2753145	-1.7068058	1.1663304	-0.4244224	-1.3069727	1.0705804	0.2793526	-1.3780552	1.6249004	-0.0577302	-1.5625300	1.1422804	-0.1359072	-1.4716927	1.1358204	0.0802771	-1.3673331	1.1690304	-0.1494856	-1.3205660	1.1615104	-0.0441079	-1.5739532	0.6801404	-0.1538124	-1.5143696	0.6881604	0.1318092	-1.5127973	0.6881604	-0.0572386	-1.5461678	0.6896104	0.0244522	-1.4152301	0.2714304	-0.1794667	-1.2294671	0.3983304	-0.0328533	-1.4024813	0.2648604	-0.1179558	-1.2612781	0.3897404	-0.0833703	-1.5014763	0.2106804	-0.1750524	-1.2393612	0.2976204	-0.0057670	-1.5303976	0.2219704	-0.1099781	-1.3031940	0.2773304	-0.0264188	-1.7597509	1.0989104	-0.4587215	-1.3169658	0.9917904	0.3049474	-1.8085840	1.1320604	-0.4220979	-1.3788922	0.9956304	0.3082231	-1.3643309	1.2663104	-0.0808679	-1.3393636	1.4950804	-0.0781186	-1.5526429	0.2137304	-0.0699158	-1.3367232	0.2512504	-0.0441943	-1.1775311	0.4070504	-0.0895238	-1.3460862	0.2328304	-0.1761439	-1.5674857	1.7698204	-0.0048638	-1.4228948	1.5389904	-0.0427794	-1.4812936	1.5456504	-0.1990734	-1.5250344	1.3168604	-0.3238606	-1.7199401	1.1624104	-0.4044190	-1.3645050	1.5323304	0.1135103	-1.2549953	1.2878104	0.1685256	-1.3259706	1.0652704	0.2666650	-1.4517842	1.0763604	-0.0559529	-1.4940719	1.0824404	-0.1454054	-1.5578075	0.6426104	-0.1148483	-1.3993027	0.2569304	-0.1455476	-1.4094964	1.0702804	0.0334997	-1.5266310	0.6594304	0.0905960	-1.2432976	0.3954404	-0.0668209	-1.5348945	1.7986904	-0.0479467	-1.5200092	1.8021804	0.0169329	-1.4596628	1.7549604	-0.1000104	-1.4292283	1.7624204	0.0355420	-1.3441675	0.2301804	-0.0266683	-1.2758369	0.2493404	0.0086152	-1.1775311	0.4070504	-0.0895238	-1.5752078	0.2040304	-0.0670982	-1.5578378	0.1986504	-0.1480520	-1.3485595	0.2145704	-0.1764477
65	1.2075472	-1.5228934	1.5756204	0.0020826	-1.5279203	1.6234904	-0.1455543	-1.4179308	1.6129704	0.1248213	-1.5603755	1.3257904	-0.3195307	-1.2602953	1.3095404	0.1888831	-1.5434276	1.3079904	-0.2829730	-1.2677072	1.3004104	0.1460252	-1.7888879	1.1923804	-0.3240915	-1.3533359	1.0794604	0.2778367	-1.7675213	1.1696004	-0.3527574	-1.3125138	1.0726304	0.2790969	-1.4129133	1.6306904	-0.0401442	-1.5961985	1.1461404	-0.1180092	-1.5042643	1.1428404	0.0975501	-1.4009630	1.1750704	-0.1318123	-1.3539368	1.1668904	-0.0267772	-1.5732713	0.6811704	-0.1521041	-1.5828465	0.7079904	0.1555213	-1.5148648	0.6899404	-0.0539878	-1.6125575	0.7084904	0.0480893	-1.4151520	0.2716004	-0.1808647	-1.3445423	0.3677204	0.0115213	-1.4019247	0.2650904	-0.1193623	-1.3778332	0.3601004	-0.0383065	-1.5001655	0.2087004	-0.1753790	-1.3696378	0.2726704	0.0474740	-1.5288257	0.2195304	-0.1100836	-1.4360587	0.2609704	0.0285393	-1.8277897	1.1026604	-0.3732918	-1.3185603	0.9923904	0.3020964	-1.8682091	1.1391104	-0.3303395	-1.3802922	0.9940704	0.3092143	-1.3978331	1.2722004	-0.0642495	-1.3741872	1.5012904	-0.0623812	-1.5506939	0.2109904	-0.0698125	-1.4736108	0.2392504	0.0128601	-1.2925762	0.3635004	-0.0456868	-1.3453085	0.2341804	-0.1778115	-1.6001673	1.7752004	0.0222993	-1.4568156	1.5448904	-0.0242930	-1.5205851	1.5519404	-0.1783688	-1.5674051	1.3184404	-0.2928851	-1.7770823	1.1670104	-0.3308340	-1.3930414	1.5378504	0.1297962	-1.2747041	1.2950204	0.1727192	-1.3319288	1.0671404	0.2675168	-1.4849815	1.0817404	-0.0381662	-1.5263022	1.0876404	-0.1280836	-1.5566701	0.6430304	-0.1136669	-1.3987473	0.2573304	-0.1469988	-1.4436566	1.0758404	0.0517422	-1.5976780	0.6791204	0.1155370	-1.3591544	0.3646104	-0.0220714	-1.5693073	1.8042604	-0.0219218	-1.5513218	1.8068304	0.0422959	-1.4968782	1.7607104	-0.0781501	-1.4601418	1.7662604	0.0561922	-1.4842111	0.2211704	0.0319486	-1.4133109	0.2323404	0.0661464	-1.2925762	0.3635004	-0.0456868	-1.5731253	0.2008404	-0.0668553	-1.5560266	0.1955904	-0.1480791	-1.3474847	0.2159104	-0.1780429
66	1.2264151	-1.5554873	1.5765804	0.0236152	-1.5673501	1.6258904	-0.1227075	-1.4447851	1.6139904	0.1417592	-1.6138031	1.3250704	-0.2894520	-1.2750110	1.3140604	0.1871959	-1.5921164	1.3076304	-0.2551534	-1.2854881	1.3057004	0.1446410	-1.8455484	1.2035504	-0.2459788	-1.3518660	1.0779304	0.2759623	-1.8310030	1.1782804	-0.2767220	-1.3107998	1.0724604	0.2733863	-1.4475426	1.6323104	-0.0230252	-1.6302269	1.1457704	-0.0995287	-1.5360191	1.1454004	0.1150826	-1.4350927	1.1769104	-0.1145818	-1.3872951	1.1681304	-0.0101359	-1.5707547	0.6816304	-0.1508755	-1.6446039	0.7235804	0.1746430	-1.5146490	0.6907104	-0.0514928	-1.6736043	0.7247104	0.0676749	-1.4130290	0.2712204	-0.1847075	-1.4751115	0.3358504	0.0493000	-1.3988842	0.2649204	-0.1233510	-1.5106489	0.3311504	0.0004327	-1.4963698	0.2055104	-0.1774377	-1.5165601	0.2503604	0.0932288	-1.5242325	0.2160004	-0.1117705	-1.5845107	0.2499904	0.0761075	-1.8975316	1.1142404	-0.2817492	-1.3125065	0.9910104	0.2936097	-1.9271425	1.1548404	-0.2342202	-1.3734702	0.9903904	0.3060841	-1.4314605	1.2738304	-0.0482853	-1.4092679	1.5033204	-0.0478671	-1.5452687	0.2074304	-0.0710120	-1.6259751	0.2347504	0.0624768	-1.4265758	0.3177704	-0.0081948	-1.3423636	0.2353504	-0.1823524	-1.6317517	1.7762504	0.0501617	-1.4902925	1.5469904	-0.0059305	-1.5618238	1.5546604	-0.1563986	-1.6169079	1.3186804	-0.2617817	-1.8365257	1.1771404	-0.2535444	-1.4187521	1.5393204	0.1445419	-1.2903512	1.2993604	0.1718225	-1.3308486	1.0666604	0.2634966	-1.5180870	1.0830004	-0.0204580	-1.5589305	1.0887404	-0.1105943	-1.5532434	0.6429104	-0.1131834	-1.3959092	0.2573804	-0.1510267	-1.4772387	1.0772604	0.0696915	-1.6627306	0.6953504	0.1358807	-1.4909626	0.3335204	0.0162108	-1.6028802	1.8054404	0.0047154	-1.5815553	1.8072204	0.0680186	-1.5336711	1.7620804	-0.0557287	-1.4900910	1.7659204	0.0769279	-1.6393449	0.2204504	0.0828669	-1.5666720	0.2209104	0.1157949	-1.4265758	0.3177704	-0.0081948	-1.5674957	0.1968704	-0.0676176	-1.5515226	0.1911704	-0.1492670	-1.3441295	0.2170604	-0.1824696
67	1.2452830	-1.5842356	1.5734904	0.0421304	-1.5966939	1.6234204	-0.1037197	-1.4725368	1.6108704	0.1599115	-1.6470633	1.3198804	-0.2657806	-1.2978757	1.3122704	0.1936142	-1.6229430	1.3024004	-0.2327966	-1.3099768	1.3046504	0.1510634	-1.8786113	1.2165704	-0.1861017	-1.3648923	1.0720004	0.2792888	-1.8699819	1.1884904	-0.2165804	-1.3237591	1.0676004	0.2744159	-1.4764639	1.6289504	-0.0051093	-1.6597510	1.1412404	-0.0812429	-1.5676634	1.1424704	0.1342004	-1.4645055	1.1734404	-0.0940263	-1.4179542	1.1645504	0.0106549	-1.5729906	0.6805304	-0.1469088	-1.6805362	0.7219804	0.1879546	-1.5200868	0.6888004	-0.0456759	-1.7088726	0.7244604	0.0813843	-1.4108404	0.2714304	-0.1869640	-1.5844580	0.3006804	0.0891740	-1.3965602	0.2651804	-0.1257319	-1.6209680	0.2993104	0.0404050	-1.4916727	0.2015604	-0.1792527	-1.6401416	0.2266404	0.1385249	-1.5194852	0.2112004	-0.1135510	-1.7073294	0.2369204	0.1209980	-1.9409788	1.1295004	-0.2078136	-1.3227160	0.9854004	0.2921260	-1.9607757	1.1750804	-0.1600114	-1.3830584	0.9828504	0.3075272	-1.4608592	1.2700604	-0.0290142	-1.4383028	1.4999304	-0.0301807	-1.5398688	0.2024704	-0.0724883	-1.7509684	0.2282004	0.1078428	-1.5406255	0.2707804	0.0329397	-1.3391715	0.2380204	-0.1847257	-1.6584873	1.7739104	0.0719325	-1.5185879	1.5444104	0.0119684	-1.5911871	1.5524004	-0.1377951	-1.6475811	1.3143004	-0.2375770	-1.8726736	1.1890304	-0.1931089	-1.4459887	1.5364204	0.1617318	-1.3138350	1.2975404	0.1785037	-1.3440976	1.0615304	0.2655497	-1.5480421	1.0795304	-0.0010823	-1.5873477	1.0851104	-0.0919137	-1.5550349	0.6413604	-0.1099805	-1.3934650	0.2581804	-0.1534288	-1.5087365	1.0739504	0.0897492	-1.7008754	0.6941304	0.1502459	-1.6007053	0.2993404	0.0561539	-1.6302388	1.8028804	0.0259529	-1.6073205	1.8039604	0.0887966	-1.5630384	1.7589004	-0.0364540	-1.5162773	1.7612904	0.0953909	-1.7665915	0.2175304	0.1287820	-1.6946040	0.2080204	0.1626593	-1.5406255	0.2707804	0.0329397	-1.5617823	0.1914904	-0.0687490	-1.5463627	0.1853404	-0.1506785	-1.3402493	0.2197104	-0.1848752
68	1.2641509	-1.6104185	1.5682104	0.0598999	-1.6218449	1.6191004	-0.0856787	-1.4982006	1.6047604	0.1780114	-1.6724944	1.3154604	-0.2493156	-1.3178623	1.3083004	0.2005801	-1.6476614	1.2970304	-0.2167716	-1.3310127	1.3013204	0.1579372	-1.9045217	1.2363804	-0.1459169	-1.3820148	1.0656104	0.2816982	-1.9009659	1.2058204	-0.1749328	-1.3408868	1.0615104	0.2756533	-1.5022262	1.6229204	0.0128232	-1.6880806	1.1346204	-0.0645958	-1.5990803	1.1366504	0.1519787	-1.4927146	1.1675104	-0.0742777	-1.4478747	1.1585904	0.0308082	-1.5806266	0.6780504	-0.1403295	-1.7087297	0.7139304	0.1992697	-1.5305496	0.6853604	-0.0374356	-1.7364588	0.7176104	0.0928170	-1.4087789	0.2731804	-0.1883088	-1.6827648	0.2754004	0.1304555	-1.3944631	0.2667104	-0.1272477	-1.7193764	0.2768504	0.0814074	-1.4865478	0.1990104	-0.1809675	-1.7490124	0.2127504	0.1831998	-1.5145440	0.2071304	-0.1152742	-1.8140614	0.2314504	0.1642097	-1.9759796	1.1542904	-0.1559901	-1.3392283	0.9786204	0.2906713	-1.9873351	1.2044604	-0.1103423	-1.3992731	0.9752604	0.3073036	-1.4892384	1.2636904	-0.0102496	-1.4648301	1.4936104	-0.0125718	-1.5344135	0.1978204	-0.0740600	-1.8584998	0.2281704	0.1506155	-1.6441430	0.2364904	0.0760725	-1.3360287	0.2426804	-0.1862834	-1.6820704	1.7692204	0.0925031	-1.5435977	1.5394504	0.0291153	-1.6159855	1.5484204	-0.1204392	-1.6715779	1.3103304	-0.2206859	-1.9019220	1.2078304	-0.1516339	-1.4712010	1.5304704	0.1786740	-1.3344215	1.2937104	0.1854548	-1.3612929	1.0554304	0.2672633	-1.5770830	1.0736204	0.0170427	-1.6147081	1.0791204	-0.0745057	-1.5621346	0.6386004	-0.1040779	-1.3911897	0.2604504	-0.1549718	-1.5394536	1.0681304	0.1085821	-1.7308278	0.6865104	0.1625172	-1.6989850	0.2748404	0.0972825	-1.6539966	1.7980404	0.0463538	-1.6300797	1.7982704	0.1089018	-1.5882760	1.7534204	-0.0173279	-1.5396634	1.7540804	0.1140011	-1.8757401	0.2207604	0.1716392	-1.8058839	0.2034604	0.2075790	-1.6441430	0.2364904	0.0760725	-1.5559336	0.1863204	-0.0701704	-1.5407001	0.1804804	-0.1523633	-1.3363236	0.2243304	-0.1865975
69	1.2830189	-1.6411141	1.5650204	0.0796807	-1.6545733	1.6164804	-0.0654666	-1.5268287	1.6008504	0.1963398	-1.7107200	1.3119904	-0.2261169	-1.3453751	1.3047304	0.2089686	-1.6842605	1.2932204	-0.1947895	-1.3603239	1.2983204	0.1666567	-1.9359686	1.2452704	-0.1005792	-1.3988433	1.0586404	0.2878308	-1.9362487	1.2137304	-0.1286804	-1.3578500	1.0560104	0.2796377	-1.5334818	1.6192704	0.0309416	-1.7207401	1.1302104	-0.0462825	-1.6335381	1.1328204	0.1709540	-1.5253784	1.1639704	-0.0541568	-1.4816023	1.1551404	0.0511281	-1.5947437	0.6788704	-0.1320609	-1.7356945	0.7059704	0.2119962	-1.5467191	0.6850704	-0.0278181	-1.7637837	0.7109204	0.1056294	-1.4080244	0.2816704	-0.1906602	-1.7766171	0.2641604	0.1733287	-1.3933094	0.2748404	-0.1298875	-1.8134631	0.2680304	0.1242154	-1.4820376	0.2030804	-0.1835647	-1.8501549	0.2128704	0.2292607	-1.5099769	0.2092104	-0.1177567	-1.9126240	0.2383804	0.2092338	-2.0114109	1.1662304	-0.1009248	-1.3530845	0.9728304	0.2922757	-2.0164174	1.2183404	-0.0565645	-1.4122345	0.9669804	0.3115320	-1.5221163	1.2596804	0.0089107	-1.4969111	1.4898004	0.0048086	-1.5292218	0.1989804	-0.0764388	-1.9573185	0.2397004	0.1955974	-1.7441707	0.2181504	0.1206893	-1.3341574	0.2545504	-0.1893499	-1.7102026	1.7658104	0.1170322	-1.5745983	1.5362104	0.0475622	-1.6493658	1.5458504	-0.1006745	-1.7079205	1.3070504	-0.1975029	-1.9352228	1.2164304	-0.1055386	-1.4998349	1.5265604	0.1958081	-1.3625033	1.2900304	0.1943062	-1.3785427	1.0494804	0.2722173	-1.6098371	1.0699904	0.0361505	-1.6464492	1.0753504	-0.0558193	-1.5752679	0.6392004	-0.0966415	-1.3899750	0.2693904	-0.1576714	-1.5732207	1.0646304	0.1281112	-1.7596150	0.6792404	0.1761703	-1.7930451	0.2641104	0.1400809	-1.6835776	1.7949404	0.0702514	-1.6573581	1.7942704	0.1319311	-1.6204622	1.7505204	0.0037328	-1.5671731	1.7493504	0.1333146	-1.9753200	0.2352904	0.2167627	-1.9076521	0.2118204	0.2539881	-1.7441707	0.2181504	0.1206893	-1.5503014	0.1868304	-0.0724761	-1.5352408	0.1818704	-0.1549372	-1.3335776	0.2362004	-0.1899071
70	1.3018868	-1.6723791	1.5604704	0.1005641	-1.6859583	1.6127104	-0.0440654	-1.5574522	1.5953304	0.2172907	-1.7426341	1.3089204	-0.2060657	-1.3748894	1.3000604	0.2238496	-1.7155700	1.2899004	-0.1753722	-1.3908246	1.2940904	0.1817839	-1.9643386	1.2430304	-0.0734578	-1.4186049	1.0508904	0.2994255	-1.9657388	1.2116404	-0.1016179	-1.3777098	1.0499004	0.2900942	-1.5645710	1.6142304	0.0518739	-1.7530030	1.1246804	-0.0270450	-1.6683073	1.1278704	0.1909758	-1.5575705	1.1590804	-0.0324920	-1.5151614	1.1504804	0.0731927	-1.6143353	0.6782804	-0.1214461	-1.7619432	0.6980404	0.2319418	-1.5680798	0.6829504	-0.0159649	-1.7904215	0.7027004	0.1254156	-1.4087794	0.2923104	-0.1919280	-1.8493866	0.2612104	0.2205382	-1.3936567	0.2849804	-0.1314617	-1.8860261	0.2662204	0.1711239	-1.4780740	0.2088904	-0.1856997	-1.9273436	0.2182904	0.2781388	-1.5058810	0.2124204	-0.1197968	-1.9875991	0.2476704	0.2566063	-2.0402145	1.1644504	-0.0711700	-1.3698211	0.9667004	0.3004593	-2.0433386	1.2164904	-0.0266821	-1.4282742	0.9581304	0.3209895	-1.5549375	1.2544504	0.0299843	-1.5287466	1.4846204	0.0251171	-1.5243145	0.2009504	-0.0784205	-2.0321156	0.2517504	0.2424462	-1.8212265	0.2106504	0.1698501	-1.3337206	0.2693004	-0.1913751	-1.7405596	1.7613804	0.1379087	-1.6056743	1.5316004	0.0679931	-1.6808653	1.5422004	-0.0798563	-1.7392384	1.3037304	-0.1775709	-1.9640072	1.2142404	-0.0785223	-1.5304834	1.5210004	0.2158425	-1.3921147	1.2851504	0.2093956	-1.3984701	1.0428404	0.2831499	-1.6425219	1.0650904	0.0566477	-1.6779036	1.0702104	-0.0358076	-1.5938882	0.6384204	-0.0868317	-1.3902794	0.2805104	-0.1593139	-1.6071311	1.0599804	0.1491072	-1.7870300	0.6715404	0.1969844	-1.8658062	0.2611204	0.1871067	-1.7136646	1.7903504	0.0911876	-1.6875725	1.7896204	0.1529514	-1.6505461	1.7455204	0.0249464	-1.5976061	1.7441704	0.1546853	-2.0505901	0.2494504	0.2634902	-1.9849202	0.2225704	0.3024210	-1.8212265	0.2106504	0.1698501	-1.5447978	0.1879604	-0.0744116	-1.5300261	0.1843304	-0.1571287	-1.3320898	0.2510004	-0.1922696
71	1.3207547	-1.7008014	1.5563204	0.1226628	-1.7147879	1.6086304	-0.0224655	-1.5854665	1.5897604	0.2397451	-1.7636476	1.3032404	-0.1846168	-1.4068383	1.2921404	0.2426267	-1.7362615	1.2847004	-0.1539277	-1.4234501	1.2868004	0.2006868	-1.9832596	1.2333904	-0.0504152	-1.4457827	1.0412004	0.3153298	-1.9843523	1.2020804	-0.0786196	-1.4050111	1.0411904	0.3052458	-1.5928000	1.6093004	0.0738421	-1.7837837	1.1196004	-0.0048103	-1.6999839	1.1231704	0.2133335	-1.5882803	1.1544604	-0.0092973	-1.5463695	1.1460904	0.0964860	-1.6402448	0.6767704	-0.1069365	-1.7864114	0.6914104	0.2563036	-1.5941559	0.6797004	-0.0010034	-1.8158400	0.6955304	0.1498750	-1.4134657	0.3062404	-0.1925024	-1.8982521	0.2600004	0.2620346	-1.3973995	0.2980904	-0.1325450	-1.9350003	0.2653804	0.2125697	-1.4763680	0.2173804	-0.1879384	-1.9778792	0.2209104	0.3205667	-1.5035744	0.2170704	-0.1218328	-2.0371985	0.2516004	0.2982571	-2.0576883	1.1534404	-0.0473974	-1.3953825	0.9580404	0.3137961	-2.0613712	1.2054104	-0.0028943	-1.4533320	0.9477504	0.3350687	-1.5858497	1.2494704	0.0528087	-1.5579845	1.4792904	0.0470009	-1.5207441	0.2035204	-0.0805402	-2.0816426	0.2565704	0.2837996	-1.8723015	0.2074804	0.2123464	-1.3371599	0.2884904	-0.1932988	-1.7670228	1.7571504	0.1617926	-1.6339590	1.5264804	0.0897257	-1.7087778	1.5378504	-0.0582591	-1.7601377	1.2978604	-0.1562012	-1.9826690	1.2047204	-0.0554912	-1.5591359	1.5151104	0.2377015	-1.4242938	1.2773204	0.2282640	-1.4258444	1.0339204	0.2985764	-1.6732022	1.0604104	0.0792823	-1.7081327	1.0653004	-0.0133598	-1.6185119	0.6367304	-0.0733997	-1.3941733	0.2948304	-0.1605228	-1.6382717	1.0555204	0.1719244	-1.8122526	0.6648604	0.2220647	-1.9148807	0.2596804	0.2284836	-1.7406848	1.7861804	0.1148228	-1.7137084	1.7851404	0.1762045	-1.6786897	1.7412304	0.0475833	-1.6239943	1.7392904	0.1765629	-2.1003038	0.2551304	0.3047235	-2.0354239	0.2272304	0.3445438	-1.8723015	0.2074804	0.2123464	-1.5403316	0.1892504	-0.0766542	-1.5261882	0.1883804	-0.1596091	-1.3342333	0.2703804	-0.1947477
72	1.3396226	-1.7262582	1.5509204	0.1442465	-1.7413378	1.6032504	-0.0015901	-1.6107879	1.5836404	0.2615354	-1.7786726	1.2958404	-0.1637297	-1.4350180	1.2842204	0.2634482	-1.7507054	1.2782904	-0.1330564	-1.4515345	1.2792704	0.2213983	-1.9947698	1.2156304	-0.0294228	-1.4759383	1.0332004	0.3350645	-1.9946151	1.1846504	-0.0579833	-1.4351049	1.0331204	0.3252741	-1.6185444	1.6041304	0.0952144	-1.8100506	1.1135704	0.0169253	-1.7260575	1.1179004	0.2347730	-1.6145369	1.1491704	0.0123217	-1.5725204	1.1411204	0.1180439	-1.6637196	0.6738004	-0.0917329	-1.8083995	0.6857704	0.2812150	-1.6169480	0.6752704	0.0141323	-1.8386732	0.6891404	0.1749661	-1.4195490	0.3185704	-0.1916427	-1.9283922	0.2566904	0.2952708	-1.4024058	0.3096204	-0.1322203	-1.9653929	0.2619804	0.2458978	-1.4766848	0.2256004	-0.1888916	-2.0081775	0.2180704	0.3542367	-1.5030153	0.2217804	-0.1226534	-2.0675077	0.2485804	0.3316903	-2.0655226	1.1323704	-0.0269529	-1.4257519	0.9499704	0.3333980	-2.0713995	1.1836104	0.0181381	-1.4838491	0.9395704	0.3541824	-1.6122151	1.2440104	0.0742115	-1.5837573	1.4739304	0.0681504	-1.5189006	0.2063004	-0.0815122	-2.1119652	0.2533804	0.3170721	-1.9029315	0.2038204	0.2458286	-1.3424298	0.3054104	-0.1937811	-1.7921572	1.7503704	0.1866602	-1.6593240	1.5205104	0.1108998	-1.7338215	1.5322104	-0.0372772	-1.7750304	1.2903304	-0.1353848	-1.9931444	1.1871704	-0.0347776	-1.5848132	1.5088004	0.2590720	-1.4525407	1.2696104	0.2489218	-1.4559298	1.0259904	0.3184210	-1.6989840	1.0549404	0.1009242	-1.7339193	1.0595104	0.0082688	-1.6406742	0.6336504	-0.0592833	-1.3994599	0.3074204	-0.1603068	-1.6640577	1.0503804	0.1935753	-1.8345535	0.6589804	0.2474813	-1.9452686	0.2561304	0.2616594	-1.7671139	1.7801604	0.1394619	-1.7388213	1.7787604	0.2002216	-1.7061288	1.7364404	0.0704604	-1.6487956	1.7338104	0.1982316	-2.1307364	0.2519704	0.3379006	-2.0658744	0.2243504	0.3780435	-1.9029315	0.2038204	0.2458286	-1.5376122	0.1909104	-0.0778246	-1.5243503	0.1928504	-0.1609478	-1.3384311	0.2875604	-0.1957783
73	1.3584906	-1.7548724	1.5435904	0.1688156	-1.7704236	1.5949204	0.0217660	-1.6397041	1.5758604	0.2865153	-1.7981889	1.2846604	-0.1374229	-1.4671615	1.2746404	0.2901671	-1.7701067	1.2680704	-0.1063098	-1.4834079	1.2698704	0.2480115	-2.0131595	1.2007704	-0.0038044	-1.5069978	1.0229704	0.3605235	-2.0121173	1.1696304	-0.0321387	-1.4660688	1.0234404	0.3511197	-1.6471574	1.5964904	0.1196626	-1.8404850	1.1051604	0.0436468	-1.7552773	1.1104604	0.2607588	-1.6449234	1.1416304	0.0378518	-1.6022509	1.1340504	0.1433503	-1.6967216	0.6672704	-0.0715491	-1.8362433	0.6791104	0.3105678	-1.6480443	0.6673804	0.0336601	-1.8669036	0.6816104	0.2045800	-1.4306863	0.3342004	-0.1886050	-1.9453314	0.2472104	0.3230552	-1.4121351	0.3245904	-0.1298831	-1.9827278	0.2515704	0.2737735	-1.4790112	0.2361304	-0.1887297	-2.0235098	0.2053904	0.3820532	-1.5041685	0.2276104	-0.1226174	-2.0839382	0.2337904	0.3597560	-2.0820348	1.1159504	-0.0012202	-1.4557252	0.9404504	0.3588229	-2.0894432	1.1673804	0.0434876	-1.5138830	0.9290104	0.3788618	-1.6425050	1.2362704	0.0996763	-1.6126880	1.4658904	0.0930904	-1.5183341	0.2095304	-0.0818990	-2.1285557	0.2370404	0.3451735	-1.9181914	0.1955804	0.2731823	-1.3528020	0.3277504	-0.1920527	-1.8204783	1.7423104	0.2118073	-1.6879552	1.5120504	0.1355051	-1.7616264	1.5233704	-0.0132135	-1.7945685	1.2793204	-0.1090550	-2.0110702	1.1724304	-0.0088767	-1.6142972	1.5007404	0.2842285	-1.4846371	1.2600704	0.2755634	-1.4867887	1.0161404	0.3440177	-1.7285160	1.0471904	0.1269409	-1.7639479	1.0513404	0.0344512	-1.6719048	0.6272404	-0.0404140	-1.4095952	0.3236604	-0.1580927	-1.6930933	1.0430304	0.2194264	-1.8620837	0.6517304	0.2770134	-1.9624713	0.2461204	0.2892989	-1.7962114	1.7723404	0.1643573	-1.7672749	1.7711704	0.2247772	-1.7356421	1.7290404	0.0947095	-1.6770187	1.7270004	0.2218907	-2.1473142	0.2347604	0.3659748	-2.0814435	0.2091104	0.4058709	-1.9181914	0.1955804	0.2731823	-1.5356140	0.1924504	-0.0787023	-1.5230837	0.1981504	-0.1617474	-1.3472781	0.3104304	-0.1947179
74	1.3773585	-1.7900801	1.5311604	0.2016086	-1.8052311	1.5813904	0.0533223	-1.6763015	1.5625404	0.3205141	-1.8213245	1.2696604	-0.1052236	-1.5066949	1.2598004	0.3305094	-1.7936064	1.2540304	-0.0733535	-1.5217525	1.2549104	0.2879812	-2.0364501	1.1764404	0.0212499	-1.5496568	1.0085404	0.4009198	-2.0333975	1.1458004	-0.0075150	-1.5084272	1.0090504	0.3930245	-1.6818659	1.5835004	0.1530416	-1.8779671	1.0920404	0.0788328	-1.7920478	1.0981704	0.2952947	-1.6820795	1.1286404	0.0720313	-1.6388796	1.1216004	0.1775109	-1.7525483	0.6516304	-0.0398749	-1.8800829	0.6707504	0.3486924	-1.7011847	0.6498304	0.0644244	-1.9090251	0.6721904	0.2425458	-1.4530039	0.3586904	-0.1769002	-1.9529819	0.2318904	0.3440048	-1.4333390	0.3480304	-0.1190051	-1.9902032	0.2341404	0.2942530	-1.4838817	0.2538504	-0.1847446	-2.0278041	0.1836004	0.4018866	-1.5073557	0.2362804	-0.1200652	-2.0899664	0.2077204	0.3794981	-2.1020714	1.0891104	0.0201215	-1.4980507	0.9262704	0.4016036	-2.1130265	1.1394104	0.0655257	-1.5567884	0.9145704	0.4195736	-1.6797752	1.2233404	0.1341005	-1.6478995	1.4524004	0.1272168	-1.5186395	0.2133404	-0.0809601	-2.1346027	0.2079904	0.3647193	-1.9212586	0.1832204	0.2935548	-1.3751492	0.3647504	-0.1799534	-1.8550954	1.7300204	0.2434524	-1.7234043	1.4982304	0.1689579	-1.7950309	1.5094104	0.0190963	-1.8181723	1.2642704	-0.0767982	-2.0333834	1.1484104	0.0159273	-1.6517644	1.4870404	0.3188147	-1.5238793	1.2452804	0.3155890	-1.5289014	1.0016904	0.3850881	-1.7656956	1.0342904	0.1615729	-1.8015527	1.0380204	0.0692380	-1.7258572	0.6121704	-0.0100615	-1.4311175	0.3492604	-0.1472418	-1.7298427	1.0305704	0.2539169	-1.9043986	0.6423804	0.3144477	-1.9699721	0.2295604	0.3096672	-1.8309222	1.7599204	0.1958483	-1.8020449	1.7592004	0.2562296	-1.7703190	1.7163104	0.1264591	-1.7118007	1.7153404	0.2537237	-2.1533377	0.2040204	0.3853991	-2.0859820	0.1822704	0.4252815	-1.9212586	0.1832204	0.2935548	-1.5328299	0.1933604	-0.0794674	-1.5205257	0.2068904	-0.1614594	-1.3669348	0.3489104	-0.1837032
75	1.3962264	-1.8117092	1.5296904	0.2105119	-1.8272132	1.5798704	0.0615865	-1.6986524	1.5596704	0.3301842	-1.8359544	1.2674004	-0.0967308	-1.5321863	1.2552204	0.3431286	-1.8081402	1.2523604	-0.0646172	-1.5461935	1.2505404	0.3002406	-2.0494884	1.1699604	0.0290506	-1.5807483	1.0044304	0.4119427	-2.0458021	1.1395604	0.0000625	-1.5392730	1.0044804	0.4055081	-1.7033693	1.5820504	0.1622904	-1.9011005	1.0906704	0.0878622	-1.8148177	1.0973504	0.3038757	-1.7048869	1.1267304	0.0803851	-1.6613342	1.1199904	0.1858418	-1.7893023	0.6488804	-0.0332247	-1.9072294	0.6722004	0.3601757	-1.7363524	0.6451504	0.0706777	-1.9349579	0.6728104	0.2537454	-1.4713743	0.3854604	-0.1838113	-1.9554192	0.2307804	0.3451853	-1.4509242	0.3734504	-0.1266535	-1.9922625	0.2316104	0.2950251	-1.4891611	0.2782504	-0.1988360	-2.0283011	0.1791404	0.4023610	-1.5103671	0.2534004	-0.1359679	-2.0910979	0.2008704	0.3795111	-2.1134909	1.0814804	0.0269115	-1.5300515	0.9216804	0.4143871	-2.1256420	1.1311604	0.0727511	-1.5894670	0.9105304	0.4303088	-1.7025094	1.2217604	0.1425105	-1.6696434	1.4507904	0.1361769	-1.5189280	0.2265604	-0.0987266	-2.1355561	0.1996504	0.3643740	-1.9209532	0.1837804	0.2947455	-1.3948453	0.4003904	-0.1857725	-1.8755907	1.7285204	0.2542305	-1.7455348	1.4958204	0.1780136	-1.8161926	1.5077204	0.0275887	-1.8327478	1.2620304	-0.0682800	-2.0460761	1.1421204	0.0236022	-1.6748861	1.4839304	0.3284343	-1.5492337	1.2409804	0.3278197	-1.5595632	0.9974004	0.3967748	-1.7889167	1.0329104	0.1703407	-1.8250486	1.0363604	0.0780983	-1.7616884	0.6097004	-0.0043492	-1.4490084	0.3764304	-0.1547790	-1.7527889	1.0294504	0.2625922	-1.9304838	0.6431504	0.3254769	-1.9721171	0.2274804	0.3104103	-1.8518060	1.7587904	0.2066549	-1.8224400	1.7576004	0.2667456	-1.7919195	1.7155304	0.1364129	-1.7323851	1.7137004	0.2632024	-2.1543582	0.1949804	0.3848901	-2.0866308	0.1752804	0.4252768	-1.9209532	0.1837804	0.2947455	-1.5305436	0.2049204	-0.0989461	-1.5194249	0.2255704	-0.1794608	-1.3848968	0.3860404	-0.1904018
76	1.4150943	-1.8371918	1.5319304	0.2224732	-1.8535829	1.5812304	0.0726817	-1.7243277	1.5611904	0.3421328	-1.8543590	1.2677704	-0.0842605	-1.5649371	1.2530404	0.3610462	-1.8265586	1.2537604	-0.0518334	-1.5779439	1.2482504	0.3179296	-2.0651433	1.1586204	0.0363814	-1.6245280	1.0051204	0.4319557	-2.0596007	1.1291104	0.0067252	-1.5829296	1.0036204	0.4269135	-1.7288967	1.5838404	0.1737563	-1.9280275	1.0929804	0.1019746	-1.8410585	1.0998704	0.3175577	-1.7314879	1.1279204	0.0934910	-1.6873414	1.1215704	0.1989045	-1.8359526	0.6482404	-0.0188866	-1.9379399	0.6761604	0.3746644	-1.7811011	0.6428004	0.0845344	-1.9643914	0.6766204	0.2678144	-1.5022637	0.4150604	-0.1797999	-1.9580083	0.2344304	0.3457213	-1.4811590	0.4017704	-0.1234071	-1.9945478	0.2337604	0.2952172	-1.5083000	0.3077704	-0.2019459	-2.0289951	0.1811004	0.4029973	-1.5268969	0.2765204	-0.1413367	-2.0924571	0.2008004	0.3798703	-2.1247524	1.0673104	0.0309727	-1.5769101	0.9208104	0.4373117	-2.1400391	1.1150204	0.0779761	-1.6371194	0.9119604	0.4515281	-1.7290447	1.2234304	0.1555698	-1.6956111	1.4522904	0.1482320	-1.5327411	0.2464004	-0.1061829	-2.1368790	0.1981404	0.3649157	-1.9212828	0.1884804	0.2956179	-1.4277356	0.4376404	-0.1800019	-1.8987022	1.7314704	0.2678271	-1.7717610	1.4969304	0.1901026	-1.8419193	1.5087404	0.0392927	-1.8514073	1.2623804	-0.0558072	-2.0604564	1.1312304	0.0304240	-1.7016028	1.4851304	0.3409124	-1.5819913	1.2391904	0.3454915	-1.6031795	0.9972104	0.4175260	-1.8160117	1.0349204	0.1840327	-1.8527194	1.0381504	0.0920073	-1.8077275	0.6095804	0.0094353	-1.4796218	0.4063004	-0.1513120	-1.7793174	1.0316904	0.2760629	-1.9600684	0.6466304	0.3392548	-1.9743910	0.2298304	0.3105306	-1.8756328	1.7618104	0.2199400	-1.8451379	1.7601304	0.2794316	-1.8175096	1.7182904	0.1483682	-1.7556407	1.7155804	0.2739844	-2.1555167	0.1929804	0.3855526	-2.0870880	0.1755104	0.4259022	-1.9212828	0.1884804	0.2956179	-1.5419128	0.2236604	-0.1081647	-1.5325026	0.2509204	-0.1866955	-1.4163839	0.4248204	-0.1853451
77	1.4339623	-1.8677827	1.5294204	0.2370839	-1.8855781	1.5762804	0.0859976	-1.7549614	1.5588804	0.3568118	-1.8752121	1.2608004	-0.0659477	-1.6064836	1.2457104	0.3841969	-1.8476731	1.2488804	-0.0329363	-1.6186948	1.2405904	0.3410541	-2.0785473	1.1248404	0.0393111	-1.6786954	1.0028104	0.4604977	-2.0685335	1.0980104	0.0082533	-1.6372194	0.9991904	0.4563805	-1.7596678	1.5808204	0.1876650	-1.9580932	1.0908504	0.1210671	-1.8696395	1.0978604	0.3361399	-1.7611518	1.1241604	0.1110827	-1.7160085	1.1180804	0.2164645	-1.8879198	0.6431104	0.0017661	-1.9784337	0.6784304	0.3947531	-1.8310947	0.6362504	0.1047171	-2.0032435	0.6791004	0.2872454	-1.5410917	0.4413804	-0.1671877	-1.9607828	0.2403504	0.3445490	-1.5190176	0.4269704	-0.1116669	-1.9968844	0.2381704	0.2936973	-1.5382613	0.3356404	-0.1955708	-2.0298955	0.1863404	0.4021361	-1.5538939	0.2992804	-0.1371542	-2.0940541	0.2042204	0.3788939	-2.1272697	1.0283004	0.0251316	-1.6353603	0.9167604	0.4695721	-2.1498523	1.0705104	0.0744594	-1.6960947	0.9113004	0.4830692	-1.7588003	1.2203604	0.1732401	-1.7263261	1.4490404	0.1638660	-1.5570352	0.2665004	-0.1041054	-2.1385217	0.2001504	0.3645579	-1.9217372	0.1953104	0.2950308	-1.4686197	0.4698904	-0.1660093	-1.9281906	1.7304704	0.2802154	-1.8032253	1.4927504	0.2053321	-1.8730387	1.5030604	0.0540430	-1.8731558	1.2552404	-0.0376802	-2.0705587	1.0987804	0.0322121	-1.7334070	1.4824304	0.3566344	-1.6235076	1.2322504	0.3686011	-1.6576761	0.9936404	0.4466317	-1.8463169	1.0321804	0.2025501	-1.8837856	1.0352804	0.1108319	-1.8592646	0.6051104	0.0297811	-1.5179493	0.4327504	-0.1393711	-1.8088391	1.0290704	0.2942726	-1.9993489	0.6487904	0.3582322	-1.9766297	0.2343004	0.3089902	-1.9052089	1.7602404	0.2319012	-1.8744894	1.7590604	0.2912659	-1.8477417	1.7155804	0.1605532	-1.7853715	1.7139404	0.2858515	-2.1567956	0.1946504	0.3855741	-2.0874832	0.1795704	0.4253538	-1.9217372	0.1953104	0.2950308	-1.5641674	0.2431404	-0.1077401	-1.5573349	0.2761904	-0.1840083	-1.4563052	0.4584104	-0.1719738
78	1.4528302	-1.8961923	1.5259504	0.2547308	-1.9153226	1.5711004	0.1027683	-1.7833378	1.5546604	0.3745294	-1.9001691	1.2537104	-0.0437557	-1.6494195	1.2359304	0.4118415	-1.8728143	1.2435204	-0.0104440	-1.6609583	1.2303304	0.3687475	-2.0937273	1.0957404	0.0486287	-1.7342034	0.9995104	0.4951562	-2.0803223	1.0718504	0.0164269	-1.6929767	0.9937304	0.4917393	-1.7879943	1.5766904	0.2049204	-1.9870638	1.0887804	0.1419281	-1.8965973	1.0949704	0.3564941	-1.7896982	1.1191804	0.1299457	-1.7432839	1.1133404	0.2351810	-1.9501993	0.6361304	0.0327264	-2.0147604	0.6776804	0.4142582	-1.8905544	0.6285804	0.1349069	-2.0385875	0.6795404	0.3060392	-1.5959786	0.4606904	-0.1423795	-1.9635797	0.2470304	0.3428806	-1.5726476	0.4454504	-0.0878505	-1.9994017	0.2439204	0.2917842	-1.5871852	0.3570904	-0.1758602	-2.0310262	0.1927704	0.4007041	-1.5996086	0.3168504	-0.1193566	-2.0958746	0.2094404	0.3777581	-2.1322942	0.9961304	0.0270808	-1.6953135	0.9120804	0.5080609	-2.1602929	1.0326104	0.0782745	-1.7563489	0.9101904	0.5211859	-1.7870700	1.2162304	0.1924088	-1.7552026	1.4447504	0.1819463	-1.6000846	0.2820204	-0.0883088	-2.1404827	0.2043104	0.3643386	-1.9228819	0.2029204	0.2935813	-1.5253417	0.4934804	-0.1405783	-1.9567512	1.7279404	0.2943053	-1.8333112	1.4874504	0.2236869	-1.9029918	1.4971604	0.0720185	-1.8987194	1.2479504	-0.0157490	-2.0829504	1.0712604	0.0405901	-1.7636353	1.4777504	0.3753421	-1.6665250	1.2229104	0.3963732	-1.7136999	0.9890704	0.4817339	-1.8757673	1.0287304	0.2227129	-1.9145058	1.0318804	0.1315170	-1.9216395	0.5990304	0.0610169	-1.5721821	0.4520904	-0.1153503	-1.8370156	1.0255904	0.3139040	-2.0347523	0.6482404	0.3764908	-1.9789839	0.2398204	0.3069876	-1.9332941	1.7571304	0.2458708	-1.9032987	1.7568204	0.3055818	-1.8750925	1.7115904	0.1758582	-1.8140885	1.7116904	0.3017441	-2.1582557	0.1985104	0.3858421	-2.0879849	0.1852504	0.4245130	-1.9228819	0.2029204	0.2935813	-1.6056403	0.2583704	-0.0933600	-1.6021673	0.2961504	-0.1673219	-1.5124571	0.4830904	-0.1471266
79	1.4716981	-1.9285283	1.5245104	0.2781712	-1.9477615	1.5693104	0.1252228	-1.8171802	1.5514504	0.3989996	-1.9251487	1.2516804	-0.0163333	-1.7068257	1.2261304	0.4505470	-1.8991710	1.2435804	0.0179913	-1.7169297	1.2203404	0.4074048	-2.0958502	1.0553604	0.0405220	-1.8048933	0.9968404	0.5392309	-2.0759325	1.0386604	0.0071312	-1.7640003	0.9889804	0.5368609	-1.8197029	1.5746904	0.2292161	-2.0194002	1.0897904	0.1660083	-1.9271757	1.0941304	0.3805665	-1.8216661	1.1160604	0.1521234	-1.7740973	1.1107204	0.2573674	-2.0331077	0.6326704	0.0843108	-2.0465834	0.6737804	0.4340429	-1.9695243	0.6257204	0.1852385	-2.0703430	0.6780604	0.3250168	-1.6776663	0.4720904	-0.0937677	-1.9652112	0.2533904	0.3416233	-1.6530458	0.4564804	-0.0401821	-2.0009022	0.2497604	0.2902460	-1.6676474	0.3700704	-0.1302077	-2.0312410	0.1992304	0.3995557	-1.6775508	0.3278104	-0.0748020	-2.0968251	0.2150904	0.3770280	-2.1131964	0.9544804	0.0036352	-1.7707161	0.9085204	0.5561610	-2.1512563	0.9778404	0.0561507	-1.8319481	0.9103204	0.5684772	-1.8188727	1.2141404	0.2153917	-1.7874785	1.4429604	0.2062753	-1.6760450	0.2917004	-0.0452355	-2.1416051	0.2090704	0.3646869	-1.9232973	0.2103304	0.2922952	-1.6078688	0.5066304	-0.0927220	-1.9893525	1.7271604	0.3150732	-1.8678494	1.4843704	0.2482299	-1.9355785	1.4947004	0.0954523	-1.9252863	1.2445604	0.0108891	-2.0800080	1.0348404	0.0312042	-1.8001252	1.4740504	0.4009943	-1.7235886	1.2136704	0.4350067	-1.7849496	0.9854204	0.5262756	-1.9090589	1.0276404	0.2465463	-1.9495171	1.0308604	0.1561042	-2.0053776	0.5970604	0.1140019	-1.6532563	0.4633904	-0.0675337	-1.8685966	1.0244304	0.3369793	-2.0657318	0.6447304	0.3947269	-1.9802223	0.2454104	0.3053840	-1.9649940	1.7559704	0.2668824	-1.9362666	1.7562604	0.3271829	-1.9054465	1.7099904	0.1986450	-1.8468866	1.7111004	0.3254656	-2.1588221	0.2030604	0.3867255	-2.0875869	0.1912204	0.4240145	-1.9232973	0.2103304	0.2922952	-1.6809758	0.2679004	-0.0511538	-1.6808400	0.3086304	-0.1233066	-1.5949130	0.4967404	-0.0997778
80	1.4905660	-1.9572824	1.5241704	0.2976215	-1.9751966	1.5685504	0.1435008	-1.8477335	1.5511404	0.4198950	-1.9426147	1.2511504	0.0052692	-1.7449922	1.2244304	0.4777124	-1.9183668	1.2442104	0.0409609	-1.7540673	1.2183604	0.4345644	-2.0962781	1.0363304	0.0379613	-1.8520437	1.0000904	0.5683417	-2.0721687	1.0240804	0.0053775	-1.8114531	0.9907904	0.5668569	-1.8480747	1.5749204	0.2502129	-2.0463383	1.0918704	0.1854448	-1.9525914	1.0945804	0.4000509	-1.8484367	1.1147004	0.1699940	-1.8000010	1.1097804	0.2752009	-2.0949576	0.6358704	0.1255894	-2.0713089	0.6704104	0.4484978	-2.0291857	0.6295904	0.2257280	-2.0949092	0.6766804	0.3389170	-1.7403453	0.4749304	-0.0491022	-1.9660002	0.2596404	0.3415643	-1.7155636	0.4594304	0.0043269	-2.0012884	0.2558204	0.2898673	-1.7347876	0.3727104	-0.0845882	-2.0308383	0.2041304	0.3987394	-1.7452858	0.3311604	-0.0286875	-2.0968133	0.2191904	0.3761508	-2.0991927	0.9369704	-0.0061647	-1.8212459	0.9111504	0.5876682	-2.1435366	0.9523104	0.0444466	-1.8825017	0.9155204	0.5991126	-1.8451809	1.2137704	0.2339744	-1.8148294	1.4436104	0.2273068	-1.7442060	0.2949204	0.0008459	-2.1414893	0.2125104	0.3640127	-1.9226956	0.2181704	0.2920462	-1.6694148	0.5075104	-0.0494922	-2.0193783	1.7273904	0.3323527	-1.8964632	1.4837104	0.2683967	-1.9618293	1.4936804	0.1145032	-1.9441691	1.2432504	0.0320516	-2.0774991	1.0184104	0.0290419	-1.8311062	1.4737304	0.4222860	-1.7614247	1.2122404	0.4619841	-1.8323959	0.9878604	0.5558554	-1.9366441	1.0280104	0.2658797	-1.9784806	1.0313304	0.1760748	-2.0680982	0.6012904	0.1566509	-1.7157420	0.4659304	-0.0231642	-1.8948075	1.0246904	0.3556846	-2.0895822	0.6417904	0.4079678	-1.9805564	0.2515604	0.3051068	-1.9939806	1.7559304	0.2845362	-1.9666050	1.7566404	0.3454641	-1.9329567	1.7096004	0.2181016	-1.8771459	1.7114504	0.3459905	-2.1585196	0.2061404	0.3861715	-2.0871190	0.1951704	0.4231293	-1.9226956	0.2181704	0.2920462	-1.7497747	0.2711104	-0.0050058	-1.7499404	0.3119004	-0.0770563	-1.6568422	0.4970604	-0.0566494
81	1.5094340	-1.9801857	1.5283304	0.3168762	-1.9955695	1.5723904	0.1615410	-1.8723255	1.5552904	0.4403813	-1.9534466	1.2557804	0.0258718	-1.7745645	1.2283204	0.5045490	-1.9313780	1.2495004	0.0630188	-1.7833327	1.2217604	0.4615000	-2.0906608	1.0282504	0.0364209	-1.8852088	1.0073604	0.5989316	-2.0629117	1.0197904	0.0055675	-1.8448043	0.9973504	0.5975145	-1.8700513	1.5786604	0.2712899	-2.0707723	1.0975904	0.2050008	-1.9766018	1.0985304	0.4198816	-1.8729047	1.1175604	0.1887949	-1.8241507	1.1129904	0.2940288	-2.1423741	0.6444204	0.1639549	-2.0860860	0.6667104	0.4596252	-2.0754208	0.6388004	0.2632872	-2.1099921	0.6752904	0.3499902	-1.7940331	0.4641204	-0.0041500	-1.9666608	0.2625504	0.3426024	-1.7699931	0.4485804	0.0496394	-2.0016434	0.2590404	0.2906286	-1.7967038	0.3612004	-0.0367313	-2.0307151	0.2054004	0.3986645	-1.8098714	0.3220104	0.0203742	-2.0969541	0.2200104	0.3760741	-2.0805644	0.9312204	-0.0115904	-1.8559222	0.9182104	0.6194401	-2.1301966	0.9401104	0.0355729	-1.9170335	0.9239604	0.6310953	-1.8687463	1.2170204	0.2532293	-1.8369032	1.4473004	0.2485923	-1.8110296	0.2863604	0.0506846	-2.1415213	0.2129104	0.3639867	-1.9224200	0.2226704	0.2926381	-1.7208901	0.4917404	-0.0059247	-2.0430335	1.7318704	0.3481563	-1.9186371	1.4875804	0.2883115	-1.9811852	1.4973304	0.1332494	-1.9564329	1.2470504	0.0521520	-2.0696427	1.0126104	0.0285678	-1.8560979	1.4778304	0.4433694	-1.7908695	1.2161304	0.4889022	-1.8658576	0.9947004	0.5865607	-1.9616260	1.0322304	0.2855222	-2.0044163	1.0356904	0.1961773	-2.1165317	0.6101804	0.1962744	-1.7698901	0.4543704	0.0219706	-1.9188266	1.0287804	0.3748714	-2.1036245	0.6384504	0.4181580	-1.9808770	0.2549204	0.3059835	-2.0160269	1.7599504	0.3009355	-1.9906772	1.7611804	0.3627062	-1.9529675	1.7130004	0.2371162	-1.9012660	1.7157904	0.3665535	-2.1584169	0.2060504	0.3861642	-2.0869366	0.1954504	0.4227620	-1.9224200	0.2226704	0.2926381	-1.8182504	0.2627804	0.0454417	-1.8163508	0.3019604	-0.0274885	-1.7091215	0.4801504	-0.0128719
82	1.5283019	-2.0019818	1.5362004	0.3350583	-2.0146813	1.5804304	0.1785805	-1.8960564	1.5631804	0.4598018	-1.9603205	1.2657204	0.0436416	-1.8020572	1.2358204	0.5280852	-1.9402415	1.2597604	0.0819793	-1.8104013	1.2289904	0.4850023	-2.0855784	1.0313104	0.0401922	-1.9176881	1.0181504	0.6240043	-2.0553724	1.0250404	0.0111685	-1.8774992	1.0072904	0.6228839	-1.8911746	1.5863704	0.2911760	-2.0933629	1.1066104	0.2234193	-1.9988534	1.1058104	0.4384250	-1.8957891	1.1246804	0.2064474	-1.8467475	1.1204404	0.3115617	-2.1798546	0.6566804	0.1983804	-2.0914489	0.6645304	0.4676949	-2.1119609	0.6517104	0.2965954	-2.1167678	0.6752904	0.3585816	-1.8431416	0.4463404	0.0387669	-1.9674843	0.2628404	0.3443920	-1.8202928	0.4309804	0.0931704	-2.0026982	0.2599004	0.2924648	-1.8560347	0.3431904	0.0104555	-2.0309570	0.2042204	0.3997985	-1.8726996	0.3078204	0.0692402	-2.0973983	0.2188704	0.3775000	-2.0666637	0.9358304	-0.0082972	-1.8903319	0.9286004	0.6454112	-2.1197858	0.9411204	0.0354182	-1.9513238	0.9358204	0.6568574	-1.8906302	1.2242904	0.2711498	-1.8576743	1.4550904	0.2685985	-1.8769469	0.2736404	0.1009458	-2.1419141	0.2117304	0.3654917	-1.9231809	0.2241204	0.2936074	-1.7677076	0.4671404	0.0356992	-2.0639610	1.7405204	0.3663682	-1.9392533	1.4955904	0.3069445	-1.9986302	1.5054704	0.1507130	-1.9644300	1.2563104	0.0695857	-2.0632853	1.0170204	0.0334853	-1.8798897	1.4857204	0.4631807	-1.8183290	1.2237904	0.5123436	-1.8985102	1.0050104	0.6118395	-1.9843731	1.0401504	0.3037795	-2.0281172	1.0437104	0.2148946	-2.1549911	0.6223904	0.2317109	-1.8198678	0.4357604	0.0653317	-1.9406332	1.0366004	0.3926734	-2.1086220	0.6364504	0.4256808	-1.9818062	0.2559604	0.3078342	-2.0362450	1.7683404	0.3194011	-2.0114438	1.7692704	0.3814014	-1.9730471	1.7208204	0.2562311	-1.9224807	1.7229704	0.3860439	-2.1587161	0.2045104	0.3876577	-2.0871852	0.1936504	0.4238156	-1.9231809	0.2241204	0.2936074	-1.8863585	0.2506104	0.0967336	-1.8814152	0.2865704	0.0222216	-1.7570679	0.4541604	0.0291855
83	1.5471698	-2.0295501	1.5479804	0.3543554	-2.0408374	1.5923304	0.1971680	-1.9249137	1.5762604	0.4794026	-1.9744317	1.2804404	0.0617882	-1.8337783	1.2485704	0.5511062	-1.9557757	1.2747604	0.1009298	-1.8413123	1.2416104	0.5078714	-2.0872661	1.0401204	0.0491591	-1.9572070	1.0346104	0.6455517	-2.0554618	1.0358204	0.0214875	-1.9173338	1.0226504	0.6454868	-1.9187391	1.5985804	0.3111038	-2.1196226	1.1197504	0.2445955	-2.0238604	1.1165104	0.4592807	-1.9227907	1.1361704	0.2256888	-1.8729331	1.1324504	0.3303781	-2.2266057	0.6776904	0.2396490	-2.0885567	0.6639404	0.4744832	-2.1569523	0.6721804	0.3356283	-2.1174632	0.6771304	0.3666982	-1.9182656	0.4170704	0.0911676	-1.9674308	0.2618004	0.3455314	-1.8970338	0.4018204	0.1463177	-2.0035701	0.2597304	0.2941216	-1.9464708	0.3156304	0.0688131	-2.0300324	0.2016004	0.4007261	-1.9673525	0.2866004	0.1298024	-2.0968739	0.2166004	0.3794989	-2.0609876	0.9461104	0.0011574	-1.9328597	0.9444904	0.6681816	-2.1162575	0.9482804	0.0422383	-1.9938404	0.9535604	0.6782317	-1.9164096	1.2359204	0.2905860	-1.8840593	1.4676704	0.2889550	-1.9757748	0.2553704	0.1635995	-2.1414760	0.2095304	0.3679358	-1.9239748	0.2242004	0.2932040	-1.8406554	0.4269204	0.0865328	-2.0911373	1.7527204	0.3872384	-1.9656839	1.5083604	0.3264521	-2.0230263	1.5177504	0.1695253	-1.9792087	1.2703904	0.0875312	-2.0640122	1.0271204	0.0432312	-1.9083415	1.4989704	0.4833789	-1.8498859	1.2368104	0.5349887	-1.9380579	1.0208904	0.6339693	-2.0104434	1.0520904	0.3240289	-2.0558909	1.0557804	0.2360048	-2.2033943	0.6427604	0.2739195	-1.8964869	0.4052304	0.1183594	-1.9649917	1.0484104	0.4120439	-2.1059238	0.6358504	0.4322462	-1.9823041	0.2559404	0.3092570	-2.0636715	1.7805204	0.3401215	-2.0383037	1.7810004	0.4019006	-2.0013069	1.7328904	0.2762540	-1.9495323	1.7341204	0.4055819	-2.1579668	0.2018404	0.3901917	-2.0861059	0.1904604	0.4251685	-1.9239748	0.2242004	0.2932040	-1.9883975	0.2337404	0.1610677	-1.9799111	0.2640404	0.0842577	-1.8320098	0.4121704	0.0807223
84	1.5660377	-2.0625702	1.5626104	0.3728978	-2.0728312	1.6068204	0.2152842	-1.9585308	1.5943204	0.4973797	-1.9926797	1.2991104	0.0786788	-1.8668819	1.2675604	0.5751044	-1.9754873	1.2935704	0.1186164	-1.8731667	1.2597804	0.5317460	-2.0893627	1.0526304	0.0562581	-2.0064322	1.0631304	0.6678251	-2.0561256	1.0508804	0.0299388	-1.9675055	1.0487604	0.6701214	-1.9520980	1.6143204	0.3298523	-2.1493678	1.1357904	0.2670703	-2.0514050	1.1298004	0.4809170	-1.9537275	1.1509904	0.2451585	-1.9026365	1.1479404	0.3491431	-2.2748487	0.7044304	0.2859154	-2.0767365	0.6665504	0.4764642	-2.2034895	0.6985804	0.3789939	-2.1110824	0.6818404	0.3708321	-2.0203669	0.3750004	0.1635383	-1.9659905	0.2599004	0.3458500	-2.0016158	0.3611904	0.2200804	-2.0034591	0.2589004	0.2953981	-2.0689862	0.2799004	0.1506758	-2.0275355	0.1976004	0.4009085	-2.0943328	0.2618204	0.2142834	-2.0947916	0.2132604	0.3812091	-2.0548023	0.9610904	0.0086207	-1.9890766	0.9723104	0.6937598	-2.1117947	0.9592104	0.0469123	-2.0497157	0.9855704	0.7005928	-1.9457194	1.2509404	0.3101633	-1.9153126	1.4839904	0.3086302	-2.1078844	0.2364304	0.2511062	-2.1395246	0.2065404	0.3702581	-1.9240430	0.2235504	0.2915282	-1.9423648	0.3689804	0.1583470	-2.1265429	1.7668804	0.4044367	-1.9968686	1.5251704	0.3451994	-2.0529370	1.5328904	0.1879067	-1.9981134	1.2882804	0.1042921	-2.0650749	1.0412804	0.0509999	-1.9407911	1.5174604	0.5024962	-1.8826834	1.2561004	0.5584015	-1.9875165	1.0479104	0.6576896	-2.0395342	1.0670804	0.3449111	-2.0873362	1.0708404	0.2581503	-2.2541669	0.6688004	0.3215882	-2.0009988	0.3622904	0.1920665	-1.9917232	1.0633204	0.4316761	-2.0947119	0.6382104	0.4343960	-1.9816931	0.2554004	0.3101709	-2.0990021	1.7944904	0.3572775	-2.0739303	1.7954704	0.4191944	-2.0359788	1.7469704	0.2941034	-1.9847256	1.7492104	0.4236737	-2.1556143	0.1984104	0.3926238	-2.0834445	0.1859804	0.4259682	-1.9240430	0.2235504	0.2915282	-2.1245280	0.2177904	0.2510689	-2.1123253	0.2379504	0.1712583	-1.9368970	0.3522904	0.1539565
85	1.5849057	-2.0878035	1.5700904	0.3880868	-2.0996020	1.6146604	0.2305286	-1.9823547	1.6035304	0.5107765	-2.0138248	1.3093604	0.0920337	-1.8870249	1.2773104	0.5884633	-1.9969610	1.3038104	0.1322264	-1.8933151	1.2692504	0.5450692	-2.1042579	1.0608904	0.0666685	-2.0340362	1.0780304	0.6804081	-2.0705186	1.0599904	0.0408813	-1.9957727	1.0622104	0.6833220	-1.9779775	1.6223804	0.3438242	-2.1754104	1.1436504	0.2850597	-2.0732695	1.1361604	0.4967611	-1.9809368	1.1589604	0.2587641	-1.9277951	1.1560504	0.3614981	-2.2995572	0.7136804	0.3108162	-2.0732129	0.6688204	0.4796741	-2.2269469	0.7083904	0.4017085	-2.1120880	0.6846404	0.3759463	-2.0886011	0.3451204	0.2093980	-1.9665947	0.2600204	0.3478081	-2.0702944	0.3333704	0.2667039	-2.0051196	0.2594704	0.2983201	-2.1488854	0.2560404	0.2048220	-2.0260786	0.1942004	0.4021616	-2.1747261	0.2462304	0.2701522	-2.0937681	0.2092004	0.3837939	-2.0668181	0.9702204	0.0194580	-2.0206984	0.9866904	0.7069849	-2.1243208	0.9670604	0.0565958	-2.0808165	1.0025004	0.7129134	-1.9708307	1.2587304	0.3235998	-1.9406648	1.4922604	0.3222521	-2.1900751	0.2256104	0.3091492	-2.1384406	0.2021904	0.3730917	-1.9253539	0.2258904	0.2916893	-2.0120412	0.3293704	0.2036556	-2.1525620	1.7738104	0.4200096	-2.0212951	1.5340104	0.3594626	-2.0789328	1.5411304	0.2028616	-2.0193468	1.2981804	0.1176942	-2.0796336	1.0500804	0.0616114	-1.9636441	1.5268904	0.5160589	-1.9028820	1.2660404	0.5715247	-2.0155137	1.0619404	0.6707844	-2.0637187	1.0746504	0.3601699	-2.1138468	1.0784804	0.2747298	-2.2801011	0.6776104	0.3469877	-2.0701643	0.3326204	0.2387167	-2.0135955	1.0708204	0.4455967	-2.0917977	0.6402804	0.4380610	-1.9830359	0.2565904	0.3127666	-2.1252932	1.8014804	0.3727236	-2.0999115	1.8024304	0.4345202	-2.0624488	1.7542204	0.3092233	-2.0104954	1.7563904	0.4385463	-2.1541557	0.1933904	0.3954114	-2.0816866	0.1809804	0.4275934	-1.9253539	0.2258904	0.2916893	-2.2087105	0.2093004	0.3110407	-2.1966509	0.2215304	0.2294311	-2.0087327	0.3118404	0.2004649
86	1.6037736	-2.1248334	1.5739704	0.4100225	-2.1365122	1.6189504	0.2522553	-2.0187609	1.6102704	0.5311383	-2.0362812	1.3198304	0.1107796	-1.9254847	1.2844404	0.6163524	-2.0208169	1.3139704	0.1516548	-1.9300895	1.2751404	0.5727513	-2.1117982	1.0676204	0.0760950	-2.0990639	1.1044704	0.7011716	-2.0768787	1.0690804	0.0517519	-2.0634163	1.0845204	0.7077315	-2.0153349	1.6271704	0.3652321	-2.2114924	1.1487804	0.3112330	-2.1055026	1.1389504	0.5208563	-2.0184481	1.1635404	0.2809277	-1.9633778	1.1607304	0.3823653	-2.3361715	0.7227004	0.3528727	-2.0696159	0.6691904	0.4840988	-2.2624819	0.7186904	0.4410244	-2.1145343	0.6857304	0.3831802	-2.2152409	0.3021604	0.3032289	-1.9672092	0.2589304	0.3474222	-2.1985402	0.2946104	0.3618492	-2.0069842	0.2595304	0.2993374	-2.2929967	0.2277604	0.3100688	-2.0250062	0.1897204	0.4004770	-2.3188632	0.2323004	0.3760930	-2.0932424	0.2048904	0.3842045	-2.0670918	0.9798904	0.0294152	-2.0988853	1.0132404	0.7311233	-2.1256804	0.9729104	0.0636524	-2.1569237	1.0362804	0.7317874	-2.0057261	1.2631704	0.3455487	-1.9767069	1.4975904	0.3441519	-2.3366774	0.2205204	0.4175375	-2.1379981	0.1979404	0.3742249	-1.9273857	0.2273004	0.2892082	-2.1436363	0.2705304	0.3004941	-2.1919527	1.7770204	0.4401935	-2.0566860	1.5401604	0.3811254	-2.1141715	1.5462404	0.2246947	-2.0425281	1.3077504	0.1362675	-2.0863557	1.0582604	0.0716732	-1.9992048	1.5340904	0.5375652	-1.9410008	1.2738704	0.5984695	-2.0816643	1.0858704	0.6936723	-2.0983552	1.0790504	0.3837403	-2.1509911	1.0830604	0.2998450	-2.3198520	0.6868604	0.3908255	-2.1990237	0.2906004	0.3343262	-2.0457102	1.0750504	0.4676397	-2.0890064	0.6402904	0.4431251	-1.9843733	0.2569704	0.3132684	-2.1646694	1.8044304	0.3927818	-2.1395879	1.8060904	0.4547253	-2.1010346	1.7573704	0.3300473	-2.0496158	1.7609004	0.4596175	-2.1530559	0.1882504	0.3965311	-2.0801337	0.1752604	0.4264638	-1.9273857	0.2273004	0.2892082	-2.3579038	0.2089804	0.4218620	-2.3466190	0.2076004	0.3390746	-2.1440208	0.2524804	0.2996859
87	1.6226415	-2.1646455	1.5772604	0.4308264	-2.1755674	1.6228204	0.2730921	-2.0578002	1.6156204	0.5505923	-2.0643040	1.3288004	0.1291586	-1.9609528	1.2918704	0.6427237	-2.0497880	1.3225504	0.1705294	-1.9647130	1.2809804	0.5990861	-2.1326417	1.0751604	0.0901754	-2.1529097	1.1293104	0.7223275	-2.0969867	1.0776804	0.0667159	-2.1198875	1.1063604	0.7315361	-2.0548160	1.6306704	0.3860358	-2.2532317	1.1523104	0.3361696	-2.1431116	1.1411904	0.5433716	-2.0615260	1.1672704	0.3018968	-2.0045321	1.1643504	0.4018592	-2.3652007	0.7218104	0.3817389	-2.0788739	0.6723904	0.4907493	-2.2915664	0.7206604	0.4686842	-2.1285455	0.6887404	0.3920498	-2.3317320	0.2802204	0.3910785	-1.9700655	0.2645304	0.3471826	-2.3158986	0.2778704	0.4505412	-2.0105948	0.2657604	0.3003129	-2.4209042	0.2213604	0.4071152	-2.0253229	0.1908504	0.3980564	-2.4449400	0.2384704	0.4718636	-2.0940418	0.2052304	0.3834345	-2.0842445	0.9888804	0.0443119	-2.1633793	1.0393504	0.7543865	-2.1433175	0.9801404	0.0767012	-2.2187813	1.0680704	0.7511714	-2.0460198	1.2665604	0.3660839	-2.0160599	1.5012504	0.3652250	-2.4635786	0.2347204	0.5144132	-2.1387063	0.1980304	0.3736851	-1.9307542	0.2363604	0.2872512	-2.2664118	0.2372904	0.3936334	-2.2338115	1.7796104	0.4571520	-2.0948248	1.5452504	0.4017717	-2.1521785	1.5506904	0.2455789	-2.0712004	1.3161804	0.1546195	-2.1067200	1.0664204	0.0860984	-2.0374621	1.5398104	0.5579686	-1.9762703	1.2816004	0.6242494	-2.1368297	1.1086604	0.7164749	-2.1381210	1.0824904	0.4059118	-2.1928849	1.0865704	0.3233855	-2.3517739	0.6871504	0.4215648	-2.3170664	0.2704904	0.4238466	-2.0833572	1.0784104	0.4884380	-2.0985102	0.6431804	0.4502789	-1.9877368	0.2638504	0.3139509	-2.2056420	1.8064804	0.4099219	-2.1819546	1.8092304	0.4724180	-2.1401851	1.7592504	0.3493611	-2.0916096	1.7648504	0.4799888	-2.1532742	0.1873504	0.3957453	-2.0800704	0.1744104	0.4241984	-1.9307542	0.2363604	0.2872512	-2.4860405	0.2273804	0.5201808	-2.4767969	0.2140604	0.4380084	-2.2697068	0.2196804	0.3951863
88	1.6415094	-2.1976193	1.5787904	0.4525349	-2.2095163	1.6244304	0.2948094	-2.0897172	1.6183704	0.5710283	-2.0934067	1.3325104	0.1504214	-1.9894714	1.2952704	0.6639169	-2.0793522	1.3260804	0.1920956	-1.9925140	1.2838204	0.6201836	-2.1582554	1.0786404	0.1081441	-2.1926673	1.1432804	0.7356317	-2.1220184	1.0816704	0.0855187	-2.1616086	1.1185204	0.7464956	-2.0881073	1.6326404	0.4069343	-2.2869429	1.1530804	0.3606900	-2.1729070	1.1420504	0.5658120	-2.0961179	1.1693904	0.3230054	-2.0374122	1.1666204	0.4217578	-2.3837964	0.7172204	0.4119397	-2.0922542	0.6751304	0.5025723	-2.3085780	0.7195404	0.4970969	-2.1451894	0.6914004	0.4054294	-2.3887838	0.2758304	0.4555255	-1.9730228	0.2730004	0.3489814	-2.3718763	0.2766604	0.5148381	-2.0142586	0.2743104	0.3031062	-2.4817391	0.2253004	0.4773563	-2.0245419	0.1947304	0.3974937	-2.5031509	0.2484404	0.5412099	-2.0939232	0.2069804	0.3843394	-2.1078463	0.9932004	0.0627222	-2.2101152	1.0542404	0.7673938	-2.1673928	0.9836304	0.0936660	-2.2634181	1.0863804	0.7614281	-2.0791849	1.2685304	0.3868537	-2.0491935	1.5033004	0.3859985	-2.5210831	0.2485704	0.5842323	-2.1383404	0.1985904	0.3747935	-1.9337796	0.2487804	0.2875397	-2.3267180	0.2286104	0.4603033	-2.2684212	1.7801504	0.4774468	-2.1271210	1.5476604	0.4229025	-2.1856713	1.5525604	0.2672882	-2.1007097	1.3196304	0.1759024	-2.1320762	1.0701304	0.1044851	-2.0685840	1.5427604	0.5785216	-2.0044375	1.2852904	0.6448782	-2.1775976	1.1214904	0.7307865	-2.1696720	1.0840604	0.4281183	-2.2260920	1.0879304	0.3467066	-2.3705927	0.6839004	0.4527648	-2.3739597	0.2673604	0.4888530	-2.1132472	1.0802004	0.5095434	-2.1119018	0.6458804	0.4621738	-1.9912376	0.2731004	0.3164892	-2.2402377	1.8070504	0.4302342	-2.2169007	1.8103504	0.4928428	-2.1739403	1.7603304	0.3703081	-2.1261162	1.7669104	0.5011040	-2.1522070	0.1867004	0.3966511	-2.0784055	0.1753904	0.4237279	-1.9337796	0.2487804	0.2875397	-2.5437677	0.2432104	0.5908559	-2.5373083	0.2242704	0.5094485	-2.3312124	0.2114904	0.4631507
89	1.6603774	-2.2254245	1.5777304	0.4716775	-2.2376476	1.6234504	0.3139653	-2.1168980	1.6187404	0.5891158	-2.1160640	1.3345604	0.1678709	-2.0130061	1.2970804	0.6846205	-2.1025930	1.3276604	0.2098027	-2.0151721	1.2848204	0.6408766	-2.1781634	1.0809604	0.1210939	-2.2265121	1.1558804	0.7475665	-2.1413891	1.0844504	0.0993039	-2.1975449	1.1296104	0.7603128	-2.1162025	1.6322404	0.4256106	-2.3145184	1.1513704	0.3820140	-2.1976236	1.1403904	0.5856665	-2.1243387	1.1690204	0.3419982	-2.0644353	1.1664004	0.4398858	-2.4001650	0.7118804	0.4367020	-2.1038905	0.6757904	0.5137079	-2.3239000	0.7168704	0.5207032	-2.1593947	0.6919804	0.4178386	-2.4261479	0.2739304	0.5037092	-1.9764861	0.2790604	0.3514158	-2.4086641	0.2770204	0.5628271	-2.0183264	0.2803804	0.3063401	-2.5209339	0.2284604	0.5286143	-2.0248650	0.1973904	0.3979499	-2.5407928	0.2553404	0.5915039	-2.0947515	0.2078704	0.3859503	-2.1261492	0.9963304	0.0758026	-2.2506109	1.0682104	0.7790629	-2.1862102	0.9860804	0.1052707	-2.3015954	1.1033304	0.7700185	-2.1066354	1.2680304	0.4057092	-2.0768622	1.5029204	0.4047302	-2.5582024	0.2580104	0.6346596	-2.1389501	0.1984604	0.3765505	-1.9374662	0.2580004	0.2888438	-2.3659741	0.2246304	0.5104625	-2.2985903	1.7772904	0.4961932	-2.1540823	1.5476604	0.4416551	-2.2131906	1.5519204	0.2864096	-2.1239059	1.3213004	0.1932771	-2.1517637	1.0725804	0.1178136	-2.0949606	1.5434004	0.5968959	-2.0275265	1.2872404	0.6650282	-2.2124722	1.1330404	0.7438410	-2.1955722	1.0831204	0.4477189	-2.2531821	1.0868004	0.3671315	-2.3868887	0.6796404	0.4782230	-2.4112409	0.2664704	0.5374505	-2.1379490	1.0794304	0.5283014	-2.1235019	0.6465104	0.4733263	-1.9951653	0.2796404	0.3194463	-2.2706575	1.8047604	0.4491396	-2.2475863	1.8082904	0.5118449	-2.2033264	1.7593704	0.3893865	-2.1561209	1.7663504	0.5203022	-2.1522229	0.1856104	0.3981995	-2.0779227	0.1757104	0.4242068	-1.9374662	0.2580004	0.2888438	-2.5809274	0.2539304	0.6417720	-2.5762589	0.2312904	0.5611294	-2.3710899	0.2078904	0.5141455
90	1.6792453	-2.2492258	1.5750704	0.4896638	-2.2617366	1.6209004	0.3319058	-2.1398508	1.6171104	0.6062289	-2.1337395	1.3356004	0.1839361	-2.0306438	1.2967604	0.7017404	-2.1207687	1.3281804	0.2260649	-2.0325785	1.2839404	0.6579500	-2.1945623	1.0825504	0.1334512	-2.2505387	1.1637204	0.7595998	-2.1573770	1.0862404	0.1122942	-2.2231118	1.1363504	0.7732830	-2.1403441	1.6301604	0.4430962	-2.3385861	1.1481104	0.4023697	-2.2190124	1.1371504	0.6046785	-2.1490196	1.1669104	0.3602144	-2.0879619	1.1644104	0.4572830	-2.4152273	0.7063504	0.4624487	-2.1163845	0.6746704	0.5255469	-2.3379677	0.7141404	0.5451925	-2.1739339	0.6909104	0.4307983	-2.4502717	0.2723504	0.5486993	-1.9808816	0.2842404	0.3537907	-2.4325735	0.2774804	0.6076413	-2.0233191	0.2856104	0.3094516	-2.5457961	0.2295504	0.5752351	-2.0262827	0.1997304	0.3984584	-2.5650820	0.2589204	0.6371561	-2.0965749	0.2085804	0.3876599	-2.1417464	0.9983304	0.0881917	-2.2792435	1.0771904	0.7906807	-2.2022131	0.9878404	0.1165659	-2.3283702	1.1144904	0.7800421	-2.1306367	1.2657604	0.4237457	-2.1007138	1.5006704	0.4221855	-2.5823188	0.2632804	0.6802490	-2.1405963	0.1982604	0.3785192	-1.9422299	0.2660704	0.2901864	-2.3908610	0.2224504	0.5573255	-2.3251989	1.7720104	0.5144262	-2.1768332	1.5458504	0.4591162	-2.2365649	1.5497204	0.3043081	-2.1420442	1.3219904	0.2092700	-2.1680127	1.0741104	0.1304173	-2.1171015	1.5419804	0.6139242	-2.0449807	1.2870304	0.6818256	-2.2374042	1.1400904	0.7564672	-2.2181802	1.0805004	0.4664823	-2.2769044	1.0840604	0.3866993	-2.4015405	0.6752304	0.5045804	-2.4352963	0.2659004	0.5828145	-2.1594559	1.0769404	0.5462653	-2.1359627	0.6454404	0.4850705	-2.0000222	0.2852004	0.3222902	-2.2978515	1.8003904	0.4675630	-2.2748872	1.8040504	0.5302847	-2.2294342	1.7569304	0.4076103	-2.1825411	1.7641304	0.5385569	-2.1532343	0.1845104	0.3999898	-2.0784306	0.1759304	0.4247754	-1.9422299	0.2660704	0.2901864	-2.6050473	0.2598704	0.6875583	-2.6010656	0.2345804	0.6076547	-2.3962105	0.2059704	0.5616279
91	1.6981132	-2.2747483	1.5705304	0.5137546	-2.2907889	1.6165704	0.3561602	-2.1619687	1.6129904	0.6273725	-2.1592147	1.3345604	0.2046837	-2.0472828	1.2929404	0.7195579	-2.1459079	1.3266604	0.2468258	-2.0503374	1.2789904	0.6757086	-2.2167615	1.0816604	0.1516219	-2.2794851	1.1837104	0.7764338	-2.1795677	1.0859504	0.1304467	-2.2556012	1.1535404	0.7906163	-2.1670980	1.6260304	0.4645274	-2.3659416	1.1433304	0.4281436	-2.2432723	1.1322104	0.6286409	-2.1771214	1.1627604	0.3830693	-2.1146311	1.1601804	0.4791951	-2.4372705	0.7008204	0.4932044	-2.1366782	0.6708904	0.5458309	-2.3588478	0.7105804	0.5744714	-2.1959376	0.6872704	0.4521937	-2.4744854	0.2697604	0.5922020	-1.9884440	0.2923404	0.3578224	-2.4564127	0.2762004	0.6509324	-2.0314317	0.2941104	0.3143081	-2.5700016	0.2277704	0.6198561	-2.0297147	0.2037404	0.3986014	-2.5888309	0.2584004	0.6812948	-2.1004251	0.2104204	0.3893622	-2.1630246	0.9986004	0.1051920	-2.3183517	1.1012804	0.8079399	-2.2232756	0.9870504	0.1336005	-2.3625864	1.1441304	0.7967248	-2.1578639	1.2615004	0.4461920	-2.1278394	1.4963004	0.4429469	-2.6056907	0.2635904	0.7244311	-2.1441341	0.1989704	0.3803562	-1.9500730	0.2787804	0.2929507	-2.4150605	0.2200204	0.6016734	-2.3505478	1.7659404	0.5435632	-2.2019751	1.5419104	0.4810894	-2.2654802	1.5457804	0.3280085	-2.1676123	1.3206404	0.2302170	-2.1900041	1.0734004	0.1483318	-2.1384833	1.5380304	0.6341752	-2.0619930	1.2836604	0.6994027	-2.2692442	1.1583504	0.7738276	-2.2442978	1.0760204	0.4902405	-2.3043067	1.0796004	0.4114142	-2.4230345	0.6704304	0.5356253	-2.4592133	0.2639304	0.6265328	-2.1842979	1.0724404	0.5690625	-2.1560747	0.6418404	0.5051302	-2.0080134	0.2939404	0.3268391	-2.3252206	1.7952904	0.4961110	-2.2998963	1.7982104	0.5579361	-2.2587442	1.7533404	0.4329142	-2.2070651	1.7590204	0.5620210	-2.1558817	0.1837604	0.4013372	-2.0804775	0.1767104	0.4243616	-1.9500730	0.2787804	0.2929507	-2.6283316	0.2604904	0.7320020	-2.6251242	0.2337704	0.6525759	-2.4203918	0.2036604	0.6063153
92	1.7169811	-2.2988166	1.5667804	0.5360520	-2.3175606	1.6135204	0.3787417	-2.1836368	1.6087004	0.6476224	-2.1840482	1.3339804	0.2237003	-2.0643543	1.2884904	0.7351324	-2.1702424	1.3256304	0.2657661	-2.0683345	1.2738604	0.6911383	-2.2429163	1.0818404	0.1700886	-2.3049395	1.1993704	0.7897543	-2.2058670	1.0859904	0.1485371	-2.2841915	1.1672004	0.8042731	-2.1920760	1.6225104	0.4849662	-2.3925126	1.1394504	0.4510283	-2.2669501	1.1281404	0.6496750	-2.2043965	1.1593504	0.4031101	-2.1405574	1.1565904	0.4983311	-2.4607323	0.6968004	0.5191940	-2.1596366	0.6672004	0.5665053	-2.3811888	0.7077004	0.5990748	-2.2200544	0.6833804	0.4736961	-2.4901972	0.2660004	0.6215186	-1.9975699	0.3018904	0.3637401	-2.4715567	0.2727604	0.6800725	-2.0409555	0.3038204	0.3208898	-2.5847031	0.2223304	0.6499638	-2.0339601	0.2090304	0.3997553	-2.6032242	0.2525204	0.7117118	-2.1048894	0.2128904	0.3916719	-2.1901972	0.9988404	0.1222682	-2.3517322	1.1209704	0.8211504	-2.2501925	0.9874204	0.1513587	-2.3914778	1.1679004	0.8095129	-2.1842987	1.2579704	0.4660398	-2.1534877	1.4925204	0.4624331	-2.6195360	0.2573804	0.7550925	-2.1481171	0.2001204	0.3824379	-1.9593418	0.2935104	0.2978970	-2.4297800	0.2173604	0.6303053	-2.3729704	1.7612404	0.5720566	-2.2260324	1.5384304	0.5016596	-2.2922660	1.5430804	0.3499104	-2.1924608	1.3199504	0.2495025	-2.2161627	1.0732704	0.1663333	-2.1597989	1.5337704	0.6534089	-2.0793057	1.2796504	0.7146661	-2.2972164	1.1728504	0.7875077	-2.2698309	1.0722904	0.5111597	-2.3309916	1.0759404	0.4332417	-2.4456845	0.6666304	0.5615301	-2.4743482	0.2603004	0.6558426	-2.2086653	1.0686304	0.5890909	-2.1787347	0.6383104	0.5255907	-2.0175337	0.3040204	0.3332239	-2.3496237	1.7915804	0.5241664	-2.3217836	1.7933404	0.5849027	-2.2856989	1.7509004	0.4574736	-2.2289652	1.7542604	0.5844246	-2.1589581	0.1833504	0.4027052	-2.0830939	0.1782504	0.4243883	-1.9593418	0.2935104	0.2978970	-2.6419847	0.2539904	0.7629848	-2.6395524	0.2275004	0.6835172	-2.4347626	0.2009204	0.6349331
93	1.7358491	-2.3284454	1.5633204	0.5557455	-2.3544017	1.6097104	0.3993973	-2.2075953	1.6043504	0.6613315	-2.2286974	1.3302704	0.2367758	-2.0803306	1.2844404	0.7401948	-2.2130505	1.3212204	0.2782768	-2.0867122	1.2687904	0.6962395	-2.2952039	1.0800004	0.1857260	-2.3283841	1.2235504	0.7963987	-2.2590607	1.0832904	0.1624500	-2.3118757	1.1892304	0.8111362	-2.2239423	1.6179104	0.4990704	-2.4293860	1.1353404	0.4729598	-2.2998112	1.1242904	0.6686336	-2.2423483	1.1554504	0.4206106	-2.1765178	1.1523104	0.5145424	-2.4972291	0.6934404	0.5418086	-2.2011411	0.6610104	0.5990543	-2.4158847	0.7042104	0.6198149	-2.2620675	0.6754604	0.5066259	-2.5035664	0.2593404	0.6319455	-2.0147391	0.3197904	0.3760692	-2.4833171	0.2646704	0.6902675	-2.0584954	0.3214204	0.3340612	-2.5955873	0.2113304	0.6612846	-2.0412667	0.2203704	0.4026705	-2.6129673	0.2388004	0.7246791	-2.1120562	0.2181804	0.3956123	-2.2467425	0.9963204	0.1345190	-2.3846636	1.1518504	0.8288549	-2.3057014	0.9858904	0.1664981	-2.4179850	1.2034704	0.8172118	-2.2210304	1.2537904	0.4828404	-2.1880112	1.4871504	0.4757286	-2.6278610	0.2418104	0.7687101	-2.1540385	0.2026904	0.3852930	-1.9768265	0.3210204	0.3094832	-2.4411639	0.2126704	0.6370899	-2.3944924	1.7588104	0.6022389	-2.2572464	1.5343604	0.5175355	-2.3309011	1.5392904	0.3694204	-2.2365903	1.3164404	0.2632617	-2.2687757	1.0705604	0.1805391	-2.1835874	1.5294204	0.6656415	-2.0960076	1.2760104	0.7196991	-2.3243515	1.1958304	0.7946601	-2.3055923	1.0681204	0.5302333	-2.3682328	1.0719704	0.4535011	-2.4807479	0.6625304	0.5833897	-2.4862700	0.2526704	0.6658631	-2.2429386	1.0642804	0.6069607	-2.2196973	0.6321104	0.5581607	-2.0353720	0.3224704	0.3462782	-2.3748905	1.7898504	0.5530328	-2.3415066	1.7894604	0.6108483	-2.3184714	1.7491104	0.4796733	-2.2504351	1.7482704	0.6007948	-2.1631087	0.1831904	0.4038923	-2.0867568	0.1825104	0.4241037	-1.9768265	0.3210204	0.3094832	-2.6498854	0.2374804	0.7772305	-2.6493774	0.2135804	0.6970863	-2.4454411	0.1958904	0.6411751
94	1.7547170	-2.3542004	1.5640504	0.5778742	-2.3874481	1.6092904	0.4227050	-2.2284109	1.6047904	0.6775765	-2.2710897	1.3287504	0.2535298	-2.0935182	1.2855404	0.7477713	-2.2531836	1.3192104	0.2942085	-2.1026050	1.2688304	0.7040332	-2.3499163	1.0810204	0.2102072	-2.3453537	1.2545704	0.8071879	-2.3151409	1.0824504	0.1846825	-2.3331949	1.2187804	0.8223798	-2.2523626	1.6177304	0.5156752	-2.4611654	1.1357404	0.4990871	-2.3266185	1.1254104	0.6910550	-2.2754849	1.1558204	0.4414378	-2.2072028	1.1522704	0.5337324	-2.5303168	0.6951304	0.5686831	-2.2456617	0.6589204	0.6425437	-2.4465801	0.7052404	0.6443513	-2.3070955	0.6711004	0.5503752	-2.5085737	0.2585604	0.6387796	-2.0335283	0.3492404	0.3991843	-2.4861003	0.2618104	0.6966382	-2.0777108	0.3496404	0.3581140	-2.5982335	0.2072104	0.6690653	-2.0462762	0.2447704	0.4145019	-2.6134792	0.2317704	0.7342715	-2.1159293	0.2339104	0.4077750	-2.3082931	0.9951904	0.1562970	-2.4098498	1.1911104	0.8420025	-2.3657623	0.9873304	0.1922036	-2.4362927	1.2464304	0.8301134	-2.2528484	1.2541204	0.5029694	-2.2186184	1.4862804	0.4921963	-2.6265833	0.2328704	0.7789605	-2.1556079	0.2143804	0.3958045	-1.9973706	0.3620104	0.3328833	-2.4447040	0.2133704	0.6393341	-2.4118662	1.7600904	0.6336052	-2.2850431	1.5343104	0.5363289	-2.3657668	1.5387404	0.3919681	-2.2782520	1.3155204	0.2808859	-2.3241682	1.0701204	0.2033791	-2.2043195	1.5298704	0.6806897	-2.1099485	1.2774304	0.7273768	-2.3452157	1.2261404	0.8061820	-2.3363233	1.0684004	0.5531422	-2.4006869	1.0724204	0.4778574	-2.5120356	0.6631904	0.6091726	-2.4895088	0.2504304	0.6719330	-2.2719597	1.0643804	0.6284271	-2.2640674	0.6301304	0.6019189	-2.0550962	0.3519404	0.3702151	-2.3964088	1.7918704	0.5833491	-2.3576783	1.7896404	0.6375782	-2.3481248	1.7513204	0.5040336	-2.2692019	1.7469504	0.6180172	-2.1617700	0.1919504	0.4121189	-2.0855893	0.1988004	0.4313014	-1.9973706	0.3620104	0.3328833	-2.6481508	0.2277904	0.7881573	-2.6504751	0.2069904	0.7073434	-2.4484667	0.1962504	0.6427654
95	1.7735849	-2.3813006	1.5673904	0.5987468	-2.4220878	1.6120404	0.4456670	-2.2507964	1.6071804	0.6928577	-2.3203576	1.3288204	0.2701450	-2.1112405	1.2875104	0.7524609	-2.2997394	1.3187904	0.3095506	-2.1231817	1.2703004	0.7090468	-2.4133814	1.0845904	0.2378893	-2.3626600	1.2823304	0.8174450	-2.3807430	1.0838604	0.2096358	-2.3540068	1.2457804	0.8330324	-2.2823169	1.6204304	0.5316419	-2.4934416	1.1391904	0.5224230	-2.3536388	1.1295404	0.7104311	-2.3092295	1.1588104	0.4593334	-2.2384009	1.1547604	0.5498583	-2.5627280	0.6990804	0.5933021	-2.2912548	0.6615104	0.6834586	-2.4765097	0.7087904	0.6664643	-2.3535718	0.6713304	0.5915514	-2.5136284	0.2627204	0.6409354	-2.0612478	0.3795904	0.4260463	-2.4889809	0.2639804	0.6981306	-2.1058324	0.3780304	0.3858146	-2.6016483	0.2097804	0.6719637	-2.0619251	0.2737604	0.4340058	-2.6146276	0.2320604	0.7385798	-2.1297421	0.2553804	0.4275061	-2.3806292	0.9962504	0.1817072	-2.4325754	1.2266204	0.8553156	-2.4354624	0.9916904	0.2225614	-2.4531723	1.2842704	0.8432175	-2.2851590	1.2572104	0.5202979	-2.2506258	1.4887004	0.5071946	-2.6261808	0.2316804	0.7837051	-2.1669919	0.2322104	0.4145387	-2.0279504	0.4005104	0.3603424	-2.4490422	0.2183004	0.6372560	-2.4315801	1.7651204	0.6595550	-2.3148736	1.5367304	0.5542070	-2.4028347	1.5413104	0.4139854	-2.3263017	1.3163504	0.2983671	-2.3887098	1.0721104	0.2291579	-2.2269259	1.5321504	0.6944335	-2.1285093	1.2797804	0.7323264	-2.3658263	1.2538004	0.8171601	-2.3676659	1.0715904	0.5733165	-2.4337858	1.0758104	0.4995739	-2.5424614	0.6663004	0.6326100	-2.4929477	0.2531204	0.6731320	-2.3015550	1.0673804	0.6470548	-2.3100566	0.6328104	0.6433994	-2.0836667	0.3815704	0.3976954	-2.4189684	1.7968804	0.6084685	-2.3765995	1.7935604	0.6597931	-2.3772323	1.7554704	0.5257797	-2.2909136	1.7489904	0.6338885	-2.1702081	0.2081404	0.4292917	-2.0949104	0.2223404	0.4475992	-2.0279504	0.4005104	0.3603424	-2.6474249	0.2261904	0.7934389	-2.6524177	0.2081004	0.7122192	-2.4525912	0.2008904	0.6401580
96	1.7924528	-2.4017950	1.5695804	0.6208570	-2.4512322	1.6147304	0.4709708	-2.2662120	1.6079004	0.7086196	-2.3669057	1.3292804	0.2892091	-2.1219091	1.2878104	0.7531685	-2.3432704	1.3188604	0.3268770	-2.1370659	1.2706504	0.7102851	-2.4671320	1.0870304	0.2666257	-2.3695423	1.3026904	0.8273769	-2.4371186	1.0855004	0.2356254	-2.3633713	1.2657804	0.8431530	-2.3064217	1.6227404	0.5488357	-2.5188660	1.1421204	0.5450259	-2.3732004	1.1329504	0.7283642	-2.3365285	1.1609004	0.4758763	-2.2628588	1.1562504	0.5642835	-2.5878283	0.7014404	0.6149969	-2.3286060	0.6652204	0.7219607	-2.4992504	0.7107004	0.6857727	-2.3924017	0.6729204	0.6306217	-2.5182960	0.2669604	0.6423558	-2.0904735	0.4033504	0.4544347	-2.4916038	0.2667004	0.6987392	-2.1355254	0.3998804	0.4151106	-2.6050711	0.2133004	0.6745715	-2.0832425	0.2979404	0.4593954	-2.6156704	0.2340404	0.7421650	-2.1494674	0.2746204	0.4538589	-2.4412621	0.9980304	0.2077639	-2.4423249	1.2535404	0.8688647	-2.4924389	0.9945904	0.2535781	-2.4583395	1.3126004	0.8568070	-2.3107178	1.2595304	0.5361848	-2.2766814	1.4910504	0.5220885	-2.6256836	0.2327404	0.7876553	-2.1850063	0.2489304	0.4409611	-2.0600439	0.4284204	0.3887287	-2.4535140	0.2229304	0.6350383	-2.4452332	1.7687804	0.6862788	-2.3385818	1.5384104	0.5728216	-2.4347053	1.5440204	0.4379186	-2.3710880	1.3172704	0.3180541	-2.4434608	1.0739104	0.2558279	-2.2424624	1.5328104	0.7077336	-2.1402023	1.2804504	0.7335272	-2.3753024	1.2744104	0.8277804	-2.3921598	1.0740804	0.5923149	-2.4602475	1.0785304	0.5204021	-2.5657600	0.6679904	0.6531148	-2.4962340	0.2562104	0.6735305	-2.3240812	1.0696304	0.6642234	-2.3483941	0.6365704	0.6828097	-2.1135743	0.4043704	0.4265051	-2.4353264	1.8005904	0.6346041	-2.3897752	1.7962304	0.6830322	-2.3998733	1.7586204	0.5492281	-2.3070512	1.7500104	0.6513880	-2.1860074	0.2242804	0.4550809	-2.1115715	0.2437004	0.4719714	-2.0600439	0.4284204	0.3887287	-2.6465850	0.2270904	0.7979793	-2.6544118	0.2108404	0.7166849	-2.4569736	0.2053104	0.6376069
97	1.8113207	-2.4183150	1.5728804	0.6423711	-2.4739243	1.6181704	0.4953333	-2.2796082	1.6113304	0.7255879	-2.4025309	1.3315804	0.3093393	-2.1281390	1.2929504	0.7565196	-2.3765230	1.3209304	0.3454212	-2.1457719	1.2758104	0.7142139	-2.5073386	1.0906504	0.2957527	-2.3713322	1.3179604	0.8399704	-2.4796312	1.0884604	0.2627171	-2.3661943	1.2809404	0.8557612	-2.3262147	1.6270104	0.5669809	-2.5352138	1.1461404	0.5667858	-2.3855336	1.1376804	0.7465785	-2.3543891	1.1644504	0.4933558	-2.2787358	1.1594104	0.5801833	-2.6033854	0.7035504	0.6303287	-2.3533877	0.6719104	0.7587548	-2.5138121	0.7122204	0.7003660	-2.4182127	0.6773304	0.6677303	-2.5232528	0.2705804	0.6444911	-2.1110089	0.4217804	0.4868314	-2.4954775	0.2695104	0.7003974	-2.1562679	0.4165604	0.4481169	-2.6092689	0.2162604	0.6774689	-2.0994988	0.3170904	0.4921986	-2.6184200	0.2363004	0.7455060	-2.1647066	0.2910204	0.4878646	-2.4870185	1.0009304	0.2356601	-2.4444920	1.2725004	0.8848462	-2.5347724	0.9985204	0.2852551	-2.4581656	1.3321604	0.8729974	-2.3276415	1.2635704	0.5530750	-2.2964235	1.4958104	0.5386575	-2.6273445	0.2347304	0.7912171	-2.1992865	0.2637404	0.4756787	-2.0822976	0.4478804	0.4206220	-2.4583590	0.2268604	0.6352065	-2.4567689	1.7740404	0.7109225	-2.3570997	1.5421104	0.5919475	-2.4589745	1.5477404	0.4612147	-2.4051767	1.3199404	0.3385808	-2.4845686	1.0770704	0.2834092	-2.2552297	1.5364804	0.7226670	-2.1472500	1.2856104	0.7374017	-2.3784599	1.2899004	0.8409167	-2.4079556	1.0779504	0.6115185	-2.4773333	1.0824704	0.5408579	-2.5804443	0.6695304	0.6676398	-2.5004781	0.2592004	0.6750602	-2.3385821	1.0734204	0.6821882	-2.3739277	0.6430704	0.7205773	-2.1344051	0.4217604	0.4590620	-2.4491682	1.8056104	0.6586800	-2.4010877	1.8006204	0.7045471	-2.4191358	1.7627604	0.5715597	-2.3211584	1.7528804	0.6685323	-2.1989954	0.2391604	0.4899377	-2.1251484	0.2617404	0.5054171	-2.0822976	0.4478804	0.4206220	-2.6479697	0.2290404	0.8019899	-2.6577695	0.2133804	0.7208567	-2.4617425	0.2091204	0.6376119
98	1.8301887	-2.4332210	1.5761804	0.6654874	-2.4956467	1.6220104	0.5222775	-2.2910523	1.6138404	0.7432679	-2.4430652	1.3329604	0.3335137	-2.1381266	1.2954904	0.7641429	-2.4141498	1.3221504	0.3672883	-2.1578833	1.2783804	0.7225350	-2.5525479	1.0936404	0.3331944	-2.3771329	1.3309904	0.8544451	-2.5282515	1.0906304	0.2976304	-2.3730014	1.2940904	0.8707376	-2.3444764	1.6307104	0.5864801	-2.5512303	1.1498204	0.5892076	-2.3971352	1.1422304	0.7650457	-2.3721311	1.1681104	0.5112436	-2.2943573	1.1626404	0.5962684	-2.6162654	0.7048304	0.6460481	-2.3784967	0.6798704	0.7961797	-2.5256274	0.7130804	0.7151034	-2.4447357	0.6832604	0.7057978	-2.5277299	0.2736704	0.6466624	-2.1375786	0.4357704	0.5202429	-2.4989260	0.2716604	0.7020664	-2.1833085	0.4290904	0.4824674	-2.6132348	0.2192404	0.6801765	-2.1240531	0.3318404	0.5279844	-2.6211171	0.2385204	0.7486398	-2.1888108	0.3045004	0.5257139	-2.5395766	1.0030304	0.2723452	-2.4506205	1.2893904	0.9023899	-2.5821482	1.0018204	0.3265855	-2.4621502	1.3493704	0.8899188	-2.3445029	1.2675304	0.5704467	-2.3157962	1.5001104	0.5561381	-2.6292641	0.2365104	0.7944817	-2.2230864	0.2762704	0.5150050	-2.1103828	0.4610804	0.4529297	-2.4629279	0.2299604	0.6354924	-2.4665349	1.7805704	0.7345157	-2.3751864	1.5453704	0.6129406	-2.4834737	1.5516804	0.4872282	-2.4435373	1.3218604	0.3630626	-2.5311789	1.0795804	0.3188625	-2.2668942	1.5390704	0.7386664	-2.1579478	1.2882804	0.7455545	-2.3854216	1.3032404	0.8561300	-2.4232359	1.0816704	0.6310839	-2.4939767	1.0862504	0.5617848	-2.5923780	0.6702804	0.6824654	-2.5043295	0.2615904	0.6765523	-2.3525042	1.0770904	0.7003788	-2.4002391	0.6509204	0.7591848	-2.1613783	0.4347904	0.4927709	-2.4604549	1.8111504	0.6814648	-2.4105669	1.8058404	0.7253721	-2.4350478	1.7662004	0.5938759	-2.3333515	1.7556304	0.6868010	-2.2220351	0.2520904	0.5299054	-2.1482709	0.2763504	0.5431725	-2.1103828	0.4610804	0.4529297	-2.6497430	0.2307604	0.8055323	-2.6610180	0.2160704	0.7244395	-2.4663290	0.2121104	0.6377462
99	1.8490566	-2.4448232	1.5775204	0.6818027	-2.5113882	1.6224704	0.5410099	-2.3006418	1.6139804	0.7567813	-2.4793735	1.3264104	0.3579484	-2.1507872	1.2937004	0.7702108	-2.4482754	1.3157204	0.3897397	-2.1712882	1.2774604	0.7287082	-2.5997750	1.0931304	0.3786546	-2.3885987	1.3282804	0.8642920	-2.5788532	1.0871604	0.3414067	-2.3841718	1.2912004	0.8800933	-2.3582475	1.6313004	0.6002062	-2.5639339	1.1509604	0.6072934	-2.4066952	1.1438204	0.7802942	-2.3861460	1.1689304	0.5260367	-2.3067983	1.1633004	0.6097210	-2.6292701	0.7054304	0.6614667	-2.3955636	0.6844104	0.8232204	-2.5377007	0.7131204	0.7295660	-2.4628482	0.6863904	0.7333771	-2.5319442	0.2768504	0.6489563	-2.1572972	0.4403104	0.5468416	-2.5024094	0.2739704	0.7039287	-2.2033507	0.4325004	0.5096654	-2.6170443	0.2221804	0.6825488	-2.1437947	0.3370404	0.5584893	-2.6240390	0.2406304	0.7514039	-2.2086733	0.3097404	0.5580161	-2.5968232	0.9992804	0.3214748	-2.4611690	1.2861404	0.9130618	-2.6345089	1.0029504	0.3791741	-2.4730809	1.3461604	0.9013393	-2.3577953	1.2685504	0.5848263	-2.3305195	1.5009704	0.5695636	-2.6316477	0.2380704	0.7972983	-2.2430971	0.2811604	0.5487608	-2.1305735	0.4633504	0.4782931	-2.4671903	0.2332604	0.6361860	-2.4723786	1.7860804	0.7487276	-2.3895562	1.5453104	0.6288260	-2.5019216	1.5516504	0.5062985	-2.4779553	1.3166204	0.3879155	-2.5803522	1.0773604	0.3633380	-2.2771908	1.5389704	0.7513536	-2.1709600	1.2869304	0.7518557	-2.3968572	1.3006004	0.8657703	-2.4354900	1.0827404	0.6471173	-2.5072702	1.0873604	0.5789113	-2.6045854	0.6705204	0.6970972	-2.5081090	0.2641304	0.6782214	-2.3636966	1.0781104	0.7153184	-2.4181056	0.6552204	0.7870885	-2.1812164	0.4384804	0.5194131	-2.4673682	1.8151204	0.6946814	-2.4160785	1.8095804	0.7370025	-2.4462895	1.7670804	0.6075015	-2.3416805	1.7561004	0.6971617	-2.2418878	0.2575404	0.5645293	-2.1678861	0.2821304	0.5761749	-2.1305735	0.4633504	0.4782931	-2.6520190	0.2321604	0.8085204	-2.6643145	0.2185804	0.7274152	-2.4705921	0.2153104	0.6382519
100	1.8679245	-2.4571607	1.5774104	0.6996950	-2.5280061	1.6226204	0.5623790	-2.3122445	1.6136804	0.7714413	-2.5192536	1.3228904	0.3821631	-2.1618116	1.2939304	0.7832758	-2.4855707	1.3119304	0.4109668	-2.1815630	1.2780504	0.7415380	-2.6467398	1.0963404	0.4266756	-2.4024948	1.3200404	0.8742635	-2.6307137	1.0879204	0.3875751	-2.3969534	1.2830404	0.8899225	-2.3734868	1.6315204	0.6155427	-2.5754169	1.1513204	0.6243705	-2.4148358	1.1448504	0.7944391	-2.3989632	1.1691204	0.5397993	-2.3180168	1.1632904	0.6220666	-2.6413455	0.7056404	0.6769987	-2.4173750	0.6898604	0.8514913	-2.5488346	0.7128304	0.7440253	-2.4856453	0.6908504	0.7622475	-2.5360009	0.2801104	0.6509595	-2.1862568	0.4396004	0.5761265	-2.5057093	0.2764004	0.7054684	-2.2329172	0.4309204	0.5398259	-2.6206793	0.2252704	0.6845942	-2.1740046	0.3371704	0.5926088	-2.6268541	0.2428604	0.7538206	-2.2392873	0.3108804	0.5943746	-2.6549987	1.0004404	0.3736138	-2.4742264	1.2750404	0.9216370	-2.6853093	1.0081704	0.4351604	-2.4883034	1.3344904	0.9099199	-2.3701058	1.2692004	0.5983067	-2.3458491	1.5020304	0.5837215	-2.6340592	0.2397404	0.7997487	-2.2742682	0.2824404	0.5870001	-2.1600700	0.4593304	0.5061028	-2.4713170	0.2366604	0.6366119	-2.4773267	1.7892404	0.7678809	-2.4052955	1.5453104	0.6466547	-2.5216538	1.5517804	0.5274842	-2.5152352	1.3141104	0.4121621	-2.6298746	1.0791804	0.4099346	-2.2889415	1.5388404	0.7658342	-2.1817228	1.2872204	0.7648330	-2.4096684	1.2921204	0.8753319	-2.4466238	1.0831304	0.6622387	-2.5193950	1.0878004	0.5950933	-2.6158902	0.6704504	0.7118520	-2.5117358	0.2668104	0.6795866	-2.3738393	1.0784504	0.7293793	-2.4411956	0.6606604	0.8163741	-2.2105095	0.4370204	0.5489397	-2.4744968	1.8175104	0.7132814	-2.4210131	1.8107904	0.7527196	-2.4600183	1.7677204	0.6255616	-2.3507949	1.7544404	0.7093960	-2.2731945	0.2595904	0.6038638	-2.1986225	0.2834804	0.6134583	-2.1600700	0.4593304	0.5061028	-2.6543834	0.2336304	0.8110590	-2.6674672	0.2211604	0.7299172	-2.4747321	0.2186104	0.6385171
101	1.8867924	-2.4645187	1.5781204	0.7126822	-2.5370895	1.6240504	0.5772207	-2.3195830	1.6140604	0.7828487	-2.5404952	1.3233004	0.3983750	-2.1685421	1.2948704	0.7954853	-2.5057489	1.3119704	0.4256554	-2.1876236	1.2790504	0.7535413	-2.6710995	1.1008404	0.4543540	-2.4114272	1.3162504	0.8828423	-2.6576236	1.0912604	0.4145940	-2.4054049	1.2793704	0.8985821	-2.3822093	1.6323104	0.6273861	-2.5832245	1.1523504	0.6369494	-2.4205760	1.1462204	0.8050691	-2.4076148	1.1699204	0.5503076	-2.3256918	1.1638904	0.6316399	-2.6483922	0.7057604	0.6864788	-2.4306693	0.6941104	0.8698974	-2.5554429	0.7125504	0.7530148	-2.4997726	0.6946704	0.7812803	-2.5402963	0.2816104	0.6529067	-2.2061425	0.4381004	0.5951332	-2.5096265	0.2773704	0.7071726	-2.2533676	0.4290204	0.5596175	-2.6246822	0.2263104	0.6864350	-2.1951187	0.3363504	0.6149597	-2.6303864	0.2433004	0.7558587	-2.2607773	0.3110904	0.6185252	-2.6848660	1.0041604	0.4038988	-2.4831858	1.2697904	0.9287356	-2.7112711	1.0138804	0.4669135	-2.4983251	1.3288404	0.9166226	-2.3781690	1.2702004	0.6085707	-2.3548074	1.5033404	0.5947928	-2.6372466	0.2398704	0.8018042	-2.2962537	0.2829204	0.6126630	-2.1804798	0.4552904	0.5241038	-2.4755824	0.2383704	0.6376903	-2.4792401	1.7920404	0.7816857	-2.4144182	1.5463504	0.6597348	-2.5324699	1.5533504	0.5421138	-2.5352492	1.3148904	0.4282733	-2.6556288	1.0830104	0.4370069	-2.2963664	1.5393504	0.7773558	-2.1881846	1.2881404	0.7768920	-2.4179358	1.2882004	0.8836912	-2.4542034	1.0841404	0.6735006	-2.5275960	1.0888804	0.6070253	-2.6225347	0.6703504	0.7208246	-2.5158385	0.2680304	0.6812153	-2.3808198	1.0794004	0.7399717	-2.4553874	0.6649204	0.8354981	-2.2307008	0.4350904	0.5682232	-2.4776766	1.8197904	0.7267494	-2.4229586	1.8120904	0.7643689	-2.4675224	1.7688704	0.6389330	-2.3557283	1.7536504	0.7191003	-2.2952480	0.2606604	0.6303115	-2.2201836	0.2838004	0.6381164	-2.1804798	0.4552904	0.5241038	-2.6575145	0.2336704	0.8132070	-2.6712279	0.2217904	0.7321137	-2.4789607	0.2202804	0.6394692
102	1.9056604	-2.4724791	1.5802204	0.7252339	-2.5472744	1.6249204	0.5917033	-2.3268053	1.6172504	0.7929421	-2.5671404	1.3189604	0.4213244	-2.1696447	1.3008104	0.7995060	-2.5307009	1.3073504	0.4463932	-2.1889913	1.2851704	0.7576811	-2.7070794	1.1142304	0.5132460	-2.4121946	1.3114504	0.8904508	-2.6984037	1.0992604	0.4738184	-2.4045722	1.2745404	0.9054803	-2.3920503	1.6340704	0.6380789	-2.5903692	1.1541004	0.6518455	-2.4256976	1.1486504	0.8178743	-2.4157745	1.1718404	0.5630974	-2.3329052	1.1657004	0.6433705	-2.6535738	0.7059204	0.6946330	-2.4438688	0.7005904	0.8922647	-2.5603007	0.7121904	0.7609006	-2.5135797	0.7002304	0.8041698	-2.5445633	0.2826504	0.6544146	-2.2251904	0.4374804	0.6200806	-2.5133923	0.2779604	0.7083626	-2.2728907	0.4280104	0.5853474	-2.6285886	0.2269804	0.6882104	-2.2152404	0.3363904	0.6430144	-2.6336608	0.2435104	0.7578406	-2.2811661	0.3122104	0.6480994	-2.7334797	1.0142904	0.4757341	-2.4816563	1.2615304	0.9364112	-2.7527264	1.0332504	0.5392512	-2.4992740	1.3200204	0.9252830	-2.3859102	1.2723204	0.6207944	-2.3645354	1.5053504	0.6056929	-2.6400721	0.2398004	0.8038410	-2.3171726	0.2844604	0.6434685	-2.2000614	0.4521704	0.5481845	-2.4798878	0.2395204	0.6382866	-2.4859680	1.7969304	0.7907187	-2.4238508	1.5484004	0.6722731	-2.5446530	1.5540004	0.5573087	-2.5596145	1.3123904	0.4513259	-2.6947753	1.0932704	0.4965849	-2.3030354	1.5428004	0.7872328	-2.1895420	1.2940204	0.7812463	-2.4176660	1.2830804	0.8909448	-2.4610749	1.0861204	0.6869353	-2.5350057	1.0908304	0.6210697	-2.6274639	0.6701004	0.7283903	-2.5198205	0.2687204	0.6823486	-2.3871442	1.0814004	0.7528008	-2.4693908	0.6712804	0.8587374	-2.2500482	0.4340404	0.5935054	-2.4851670	1.8231604	0.7350516	-2.4298162	1.8160604	0.7719291	-2.4769312	1.7697904	0.6484151	-2.3637759	1.7558404	0.7271538	-2.3163595	0.2627504	0.6617666	-2.2408115	0.2849104	0.6682742	-2.2000614	0.4521704	0.5481845	-2.6602337	0.2334604	0.8153705	-2.6747196	0.2220604	0.7343252	-2.4832329	0.2214004	0.6399707
103	1.9245283	-2.4767309	1.5820004	0.7336893	-2.5523371	1.6263304	0.6012590	-2.3311094	1.6199804	0.8001372	-2.5793799	1.3190304	0.4338007	-2.1697398	1.3057804	0.8068323	-2.5421106	1.3072304	0.4576344	-2.1889462	1.2897904	0.7650617	-2.7197076	1.1217704	0.5409662	-2.4127707	1.3122504	0.8973652	-2.7135160	1.1049104	0.5018257	-2.4045279	1.2755004	0.9125075	-2.3970791	1.6357104	0.6457636	-2.5940804	1.1557304	0.6619101	-2.4285718	1.1507004	0.8269721	-2.4199366	1.1733704	0.5722124	-2.3366778	1.1672204	0.6520051	-2.6558337	0.7063004	0.6991954	-2.4501256	0.7042604	0.9049488	-2.5625926	0.7119904	0.7656026	-2.5203069	0.7037004	0.8173187	-2.5489501	0.2827004	0.6556350	-2.2366646	0.4355704	0.6342048	-2.5176437	0.2776204	0.7094585	-2.2848044	0.4260404	0.6000830	-2.6328570	0.2265504	0.6893426	-2.2279572	0.3350304	0.6594720	-2.6375908	0.2426404	0.7590754	-2.2941785	0.3119704	0.6658535	-2.7507689	1.0211504	0.5092143	-2.4816048	1.2611304	0.9430444	-2.7661734	1.0433504	0.5727024	-2.5002919	1.3192204	0.9315831	-2.3897988	1.2739804	0.6294411	-2.3694174	1.5071604	0.6135122	-2.6436886	0.2387804	0.8050895	-2.3306607	0.2846704	0.6623139	-2.2119683	0.4482604	0.5616986	-2.4842958	0.2396904	0.6390558	-2.4902059	1.8003504	0.7968965	-2.4287423	1.5506204	0.6808936	-2.5506321	1.5554604	0.5670549	-2.5706409	1.3131004	0.4636617	-2.7088691	1.0997504	0.5245375	-2.3068573	1.5457804	0.7947190	-2.1896038	1.2987404	0.7886432	-2.4177087	1.2837404	0.8978982	-2.4647017	1.0878704	0.6963220	-2.5388541	1.0925304	0.6306951	-2.6297330	0.6701704	0.7326174	-2.5241892	0.2686104	0.6834119	-2.3905494	1.0832104	0.7619489	-2.4761754	0.6749304	0.8719147	-2.2617664	0.4319304	0.6078688	-2.4894939	1.8256204	0.7407576	-2.4340325	1.8189304	0.7775873	-2.4817532	1.7707304	0.6549936	-2.3683544	1.7576204	0.7336362	-2.3299544	0.2634004	0.6811248	-2.2539935	0.2846104	0.6863686	-2.2119683	0.4482604	0.5616986	-2.6637982	0.2324204	0.8167206	-2.6788418	0.2213304	0.7357352	-2.4876168	0.2215604	0.6406408
104	1.9433962	-2.4779372	1.5830804	0.7381692	-2.5528995	1.6272404	0.6057303	-2.3327796	1.6214504	0.8049967	-2.5818920	1.3193604	0.4392826	-2.1688391	1.3086304	0.8126146	-2.5443945	1.3073704	0.4627925	-2.1878946	1.2923404	0.7708041	-2.7234878	1.1274104	0.5545625	-2.4123017	1.3139304	0.9022512	-2.7184222	1.1093404	0.5158017	-2.4038654	1.2773004	0.9175940	-2.3979272	1.6364804	0.6504216	-2.5949904	1.1567704	0.6674109	-2.4296340	1.1518004	0.8324681	-2.4208098	1.1740804	0.5777525	-2.3376270	1.1679504	0.6575428	-2.6572955	0.7070604	0.7018569	-2.4528334	0.7055904	0.9108030	-2.5641951	0.7120804	0.7685185	-2.5229162	0.7052404	0.8231746	-2.5533532	0.2828004	0.6567485	-2.2414314	0.4339204	0.6413276	-2.5220656	0.2773604	0.7105412	-2.2897017	0.4246104	0.6073436	-2.6372463	0.2262004	0.6901425	-2.2338667	0.3335904	0.6676729	-2.6418611	0.2418204	0.7599750	-2.3003676	0.3114504	0.6744647	-2.7569736	1.0264604	0.5264245	-2.4810839	1.2624604	0.9477008	-2.7706673	1.0508104	0.5894856	-2.5001813	1.3203304	0.9357944	-2.3905434	1.2747904	0.6347763	-2.3701536	1.5080004	0.6184983	-2.6477891	0.2377404	0.8059800	-2.3372315	0.2846304	0.6713650	-2.2166512	0.4455304	0.5686178	-2.4886966	0.2398904	0.6399276	-2.4918944	1.8028904	0.7989558	-2.4297999	1.5519104	0.6857408	-2.5513630	1.5564504	0.5715800	-2.5727054	1.3138004	0.4691538	-2.7134358	1.1047004	0.5384953	-2.3082459	1.5473704	0.7998973	-2.1886597	1.3014404	0.7943796	-2.4170396	1.2853404	0.9028996	-2.4657537	1.0888504	0.7018669	-2.5398366	1.0935004	0.6361621	-2.6313869	0.6707104	0.7351231	-2.5286836	0.2685904	0.6844608	-2.3916750	1.0842104	0.7675808	-2.4790148	0.6763104	0.8778619	-2.2665592	0.4303004	0.6150236	-2.4905675	1.8272104	0.7423975	-2.4354648	1.8209204	0.7798544	-2.4822406	1.7708804	0.6576241	-2.3696068	1.7585604	0.7375760	-2.3367553	0.2635804	0.6904327	-2.2604876	0.2838504	0.6952789	-2.2166512	0.4455304	0.5686178	-2.6678576	0.2313604	0.8176413	-2.6832099	0.2206604	0.7366554	-2.4920031	0.2217704	0.6413869
105	1.9622641	-2.4769036	1.5836304	0.7401407	-2.5507997	1.6277404	0.6072611	-2.3323467	1.6218504	0.8080673	-2.5796326	1.3195104	0.4412520	-2.1679599	1.3093304	0.8174492	-2.5421423	1.3074004	0.4648247	-2.1866970	1.2928804	0.7755002	-2.7225915	1.1305904	0.5600229	-2.4121813	1.3151204	0.9050216	-2.7179040	1.1118704	0.5215051	-2.4038440	1.2785804	0.9206714	-2.3960416	1.6366204	0.6529560	-2.5940654	1.1574104	0.6696628	-2.4293257	1.1522504	0.8352379	-2.4195874	1.1742804	0.5805734	-2.3366885	1.1680804	0.6606175	-2.6579977	0.7079604	0.7030080	-2.4541551	0.7059004	0.9131878	-2.5650465	0.7123404	0.7699421	-2.5238737	0.7059304	0.8252990	-2.5575365	0.2828704	0.6575563	-2.2423248	0.4344604	0.6438349	-2.5263516	0.2771004	0.7113562	-2.2905190	0.4254804	0.6096878	-2.6416079	0.2262104	0.6906465	-2.2354222	0.3340204	0.6700149	-2.6461937	0.2414504	0.7605586	-2.3020755	0.3123604	0.6766364	-2.7571527	1.0294904	0.5336233	-2.4813454	1.2637904	0.9500836	-2.7702738	1.0549504	0.5963556	-2.5004587	1.3215404	0.9375959	-2.3892805	1.2750204	0.6376050	-2.3683621	1.5081804	0.6213528	-2.6520909	0.2371404	0.8065449	-2.3391520	0.2858504	0.6734485	-2.2172425	0.4460104	0.5712108	-2.4930032	0.2398604	0.6406448	-2.4910101	1.8048104	0.7985738	-2.4284882	1.5523804	0.6882281	-2.5491810	1.5569704	0.5731712	-2.5703687	1.3141204	0.4711702	-2.7129036	1.1075204	0.5442162	-2.3077954	1.5477804	0.8032851	-2.1876374	1.3021104	0.7990492	-2.4168793	1.2865104	0.9058211	-2.4651252	1.0893004	0.7045654	-2.5389690	1.0940004	0.6386079	-2.6323671	0.6714204	0.7362550	-2.5330058	0.2685104	0.6852589	-2.3912724	1.0846004	0.7705270	-2.4803088	0.6767704	0.8801162	-2.2673565	0.4310104	0.6174434	-2.4887753	1.8282504	0.7416775	-2.4342221	1.8222204	0.7799815	-2.4796156	1.7706004	0.6579103	-2.3681473	1.7587804	0.7395807	-2.3388860	0.2648004	0.6925176	-2.2624661	0.2844504	0.6975340	-2.2172425	0.4460104	0.5712108	-2.6721691	0.2307504	0.8181796	-2.6876343	0.2205104	0.7371521	-2.4963436	0.2217704	0.6420111
106	1.9811321	-2.4753386	1.5838604	0.7410912	-2.5481879	1.6280904	0.6077177	-2.3314139	1.6217804	0.8102787	-2.5757009	1.3198004	0.4415517	-2.1673353	1.3091804	0.8213154	-2.5383260	1.3076904	0.4653244	-2.1856436	1.2927204	0.7791802	-2.7194989	1.1316104	0.5605602	-2.4125452	1.3150204	0.9062753	-2.7147334	1.1127604	0.5221119	-2.4042870	1.2785604	0.9221419	-2.3936210	1.6366104	0.6546033	-2.5925695	1.1578804	0.6700514	-2.4286246	1.1524504	0.8363372	-2.4176539	1.1743204	0.5817508	-2.3351518	1.1680004	0.6621726	-2.6581155	0.7087804	0.7029531	-2.4554554	0.7060804	0.9142255	-2.5653309	0.7126404	0.7701736	-2.5246837	0.7064704	0.8259474	-2.5612252	0.2828204	0.6579657	-2.2420810	0.4360904	0.6447320	-2.5301731	0.2767904	0.7118141	-2.2900905	0.4274304	0.6103069	-2.6456156	0.2264604	0.6908410	-2.2355043	0.3354504	0.6702856	-2.6502310	0.2414804	0.7608166	-2.3022404	0.3139804	0.6764933	-2.7540714	1.0304104	0.5343981	-2.4820895	1.2636604	0.9506855	-2.7673122	1.0561004	0.5970083	-2.5012567	1.3212804	0.9376983	-2.3873965	1.2751104	0.6389360	-2.3659699	1.5082804	0.6231083	-2.6562140	0.2369904	0.8067739	-2.3393962	0.2876504	0.6730257	-2.2166181	0.4480004	0.5722854	-2.4968881	0.2395304	0.6410730	-2.4895000	1.8060904	0.7978436	-2.4266374	1.5525304	0.6896539	-2.5463645	1.5573504	0.5735909	-2.5665566	1.3144504	0.4715135	-2.7098400	1.1084704	0.5448394	-2.3069060	1.5477004	0.8057079	-2.1868394	1.3019704	0.8027093	-2.4171659	1.2864104	0.9071218	-2.4639704	1.0895404	0.7055672	-2.5375014	1.0943504	0.6392702	-2.6327966	0.6721004	0.7362533	-2.5368594	0.2683004	0.6856908	-2.3904304	1.0847404	0.7718685	-2.4815071	0.6771504	0.8809587	-2.2669642	0.4328504	0.6182111	-2.4863905	1.8288804	0.7407042	-2.4323789	1.8230004	0.7798148	-2.4764391	1.7702504	0.6577474	-2.3661037	1.7586904	0.7410191	-2.3392988	0.2665104	0.6919831	-2.2628455	0.2858004	0.6974012	-2.2166181	0.4480004	0.5722854	-2.6763435	0.2306504	0.8183295	-2.6917387	0.2208104	0.7372463	-2.5003192	0.2214604	0.6423971
107	2.0000000	-2.4729341	1.5840004	0.7414952	-2.5447312	1.6285104	0.6076635	-2.3294821	1.6213904	0.8118857	-2.5709925	1.3202504	0.4411323	-2.1661137	1.3084404	0.8236173	-2.5337238	1.3081104	0.4651092	-2.1841049	1.2920904	0.7812990	-2.7157231	1.1330404	0.5607210	-2.4120334	1.3141604	0.9066684	-2.7109280	1.1139904	0.5223748	-2.4038350	1.2777304	0.9226396	-2.3903288	1.6364704	0.6557302	-2.5906195	1.1582704	0.6697028	-2.4275395	1.1525004	0.8367549	-2.4152372	1.1743004	0.5822709	-2.3331585	1.1678204	0.6630800	-2.6575165	0.7094104	0.7019525	-2.4560347	0.7061104	0.9144740	-2.5649469	0.7128104	0.7694920	-2.5246976	0.7067604	0.8257644	-2.5643563	0.2825004	0.6579842	-2.2407385	0.4374304	0.6452366	-2.5334372	0.2762604	0.7118809	-2.2885149	0.4290304	0.6105010	-2.6490766	0.2265404	0.6907387	-2.2344163	0.3365704	0.6701530	-2.6537222	0.2414504	0.7607554	-2.3012106	0.3152204	0.6758702	-2.7503958	1.0317304	0.5349866	-2.4818346	1.2626504	0.9505175	-2.7637079	1.0577604	0.5974423	-2.5010720	1.3201904	0.9372548	-2.3850251	1.2750704	0.6396004	-2.3628964	1.5082004	0.6242546	-2.6598043	0.2368604	0.8066886	-2.3384250	0.2890504	0.6720552	-2.2148357	0.4497204	0.5730062	-2.5002452	0.2388704	0.6411737	-2.4869836	1.8072304	0.7966116	-2.4239270	1.5525404	0.6904433	-2.5427531	1.5578104	0.5734653	-2.5619496	1.3149304	0.4711460	-2.7061282	1.1098104	0.5451137	-2.3050968	1.5472704	0.8074122	-2.1854928	1.3013104	0.8048379	-2.4165828	1.2855504	0.9075041	-2.4623519	1.0896704	0.7058586	-2.5355531	1.0946004	0.6391857	-2.6325220	0.6726004	0.7353331	-2.5401416	0.2678404	0.6857491	-2.3891598	1.0847404	0.7725272	-2.4819131	0.6773304	0.8810011	-2.2654508	0.4343704	0.6185858	-2.4829535	1.8293804	0.7392726	-2.4295192	1.8236204	0.7791953	-2.4721972	1.7698104	0.6571215	-2.3630828	1.7584704	0.7420416	-2.3385010	0.2678004	0.6908875	-2.2620289	0.2868004	0.6968331	-2.2148357	0.4497204	0.5730062	-2.6799888	0.2305604	0.8181964	-2.6952964	0.2210104	0.7370438	-2.5037620	0.2208304	0.6424688
108	2.0188679	-2.4702458	1.5840804	0.7414799	-2.5411186	1.6288304	0.6072516	-2.3272072	1.6209404	0.8129465	-2.5662558	1.3205804	0.4404391	-2.1647273	1.3075604	0.8254003	-2.5290855	1.3084304	0.4645798	-2.1824322	1.2913104	0.7829176	-2.7116157	1.1340204	0.5604075	-2.4112981	1.3130904	0.9067244	-2.7067874	1.1148404	0.5221319	-2.4031287	1.2766904	0.9227814	-2.3868488	1.6362504	0.6563599	-2.5883779	1.1585504	0.6688944	-2.4261935	1.1524904	0.8367316	-2.4125416	1.1742304	0.5823583	-2.3308814	1.1676004	0.6635681	-2.6564422	0.7098904	0.7005004	-2.4561163	0.7060804	0.9142704	-2.5641057	0.7128904	0.7683506	-2.5242091	0.7069404	0.8251426	-2.5668333	0.2820804	0.6577118	-2.2389000	0.4382904	0.6457188	-2.5360380	0.2757004	0.7116611	-2.2864433	0.4301004	0.6106726	-2.6518811	0.2265604	0.6904350	-2.2328365	0.3372604	0.6701725	-2.6565393	0.2414404	0.7604789	-2.2996932	0.3160404	0.6754082	-2.7462763	1.0326004	0.5349546	-2.4812741	1.2613904	0.9500727	-2.7596404	1.0588404	0.5973087	-2.5006257	1.3188504	0.9365581	-2.3823971	1.2749804	0.6398328	-2.3596442	1.5080504	0.6248995	-2.6627023	0.2367904	0.8063964	-2.3369657	0.2900104	0.6712682	-2.2125483	0.4508604	0.5737087	-2.5029608	0.2381004	0.6410108	-2.4839689	1.8082304	0.7951155	-2.4209921	1.5524604	0.6907747	-2.5390034	1.5581504	0.5729960	-2.5573017	1.3152804	0.4704777	-2.7020589	1.1107304	0.5448818	-2.3029766	1.5467704	0.8085444	-2.1839941	1.3005004	0.8064746	-2.4157672	1.2844704	0.9075533	-2.4604417	1.0897204	0.7056901	-2.5332860	1.0947704	0.6386540	-2.6317721	0.6729604	0.7339615	-2.5427738	0.2673104	0.6855258	-2.3875926	1.0846704	0.7727394	-2.4818250	0.6774104	0.8806229	-2.2634546	0.4353704	0.6189429	-2.4791335	1.8298004	0.7376113	-2.4262035	1.8241004	0.7782368	-2.4677487	1.7693604	0.6561947	-2.3597231	1.7581404	0.7425269	-2.3372097	0.2686904	0.6900112	-2.2607277	0.2874304	0.6964799	-2.2125483	0.4508604	0.5737087	-2.6829419	0.2305504	0.8178566	-2.6981746	0.2212204	0.7366616	-2.5065761	0.2200904	0.6423041
109	2.0377358	-2.4681168	1.5841904	0.7414576	-2.5385681	1.6291704	0.6071059	-2.3252382	1.6205704	0.8134564	-2.5635995	1.3208104	0.4405634	-2.1639731	1.3066204	0.8264802	-2.5264509	1.3087104	0.4647270	-2.1814834	1.2904704	0.7839117	-2.7087783	1.1337004	0.5599542	-2.4109810	1.3121304	0.9067068	-2.7038980	1.1146904	0.5216145	-2.4028049	1.2757704	0.9228441	-2.3842589	1.6361204	0.6566739	-2.5867585	1.1588004	0.6680718	-2.4252131	1.1525404	0.8364274	-2.4106145	1.1742704	0.5821535	-2.3292509	1.1675004	0.6636443	-2.6551535	0.7101004	0.6988726	-2.4564964	0.7062804	0.9141153	-2.5629764	0.7128404	0.7669463	-2.5241421	0.7072304	0.8246442	-2.5686549	0.2815204	0.6571934	-2.2378710	0.4388404	0.6463752	-2.5378952	0.2750304	0.7111482	-2.2852416	0.4307704	0.6111005	-2.6539811	0.2265004	0.6900405	-2.2319930	0.3377204	0.6705878	-2.6585584	0.2414104	0.7601001	-2.2988854	0.3165904	0.6754979	-2.7431055	1.0322504	0.5340940	-2.4810459	1.2603304	0.9497488	-2.7565155	1.0581804	0.5965702	-2.5004839	1.3177104	0.9360174	-2.3805249	1.2749904	0.6397459	-2.3573201	1.5079904	0.6251447	-2.6647661	0.2367404	0.8060189	-2.3361906	0.2906604	0.6711442	-2.2111888	0.4515304	0.5745082	-2.5050270	0.2371804	0.6405438	-2.4813020	1.8090904	0.7939868	-2.4188577	1.5524204	0.6909535	-2.5365206	1.5584804	0.5728298	-2.5546725	1.3154904	0.4705893	-2.6991834	1.1105304	0.5443469	-2.3011949	1.5463504	0.8090773	-2.1831710	1.2996204	0.8074542	-2.4153600	1.2835404	0.9075556	-2.4590518	1.0898204	0.7053121	-2.5316400	1.0949604	0.6379871	-2.6307051	0.6730804	0.7324068	-2.5446800	0.2666704	0.6850231	-2.3864684	1.0846704	0.7726237	-2.4820831	0.6776904	0.8803481	-2.2622982	0.4360104	0.6195152	-2.4758886	1.8301904	0.7363550	-2.4233081	1.8245004	0.7774464	-2.4642420	1.7690804	0.6555128	-2.3569344	1.7578304	0.7427460	-2.3365609	0.2693004	0.6898503	-2.2600782	0.2878604	0.6966725	-2.2111888	0.4515304	0.5745082	-2.6850468	0.2305704	0.8174488	-2.7002891	0.2213804	0.7362273	-2.5087360	0.2192104	0.6418486
110	2.0566038	-2.4669902	1.5844304	0.7414312	-2.5371913	1.6296304	0.6070638	-2.3242498	1.6204404	0.8137739	-2.5623404	1.3212704	0.4406319	-2.1638985	1.3060904	0.8274087	-2.5251925	1.3091904	0.4647732	-2.1812318	1.2899904	0.7847683	-2.7071546	1.1334604	0.5594535	-2.4112921	1.3115004	0.9066168	-2.7022725	1.1146604	0.5210154	-2.4031045	1.2751904	0.9228478	-2.3828125	1.6361904	0.6568849	-2.5859896	1.1590504	0.6673931	-2.4248471	1.1527604	0.8360684	-2.4096287	1.1744904	0.5818850	-2.3284704	1.1676404	0.6635559	-2.6539336	0.7101304	0.6973450	-2.4572267	0.7067804	0.9142381	-2.5618562	0.7127604	0.7655377	-2.5245174	0.7077004	0.8245023	-2.5699455	0.2809404	0.6566247	-2.2373869	0.4395804	0.6472298	-2.5391677	0.2743804	0.7105879	-2.2846228	0.4315604	0.6118084	-2.6554764	0.2263604	0.6896743	-2.2315675	0.3384004	0.6712607	-2.6599323	0.2413204	0.7597574	-2.2984612	0.3173004	0.6759606	-2.7411321	1.0319904	0.5331274	-2.4814362	1.2595804	0.9493792	-2.7545106	1.0575304	0.5957728	-2.5009837	1.3168604	0.9354092	-2.3796176	1.2751804	0.6395511	-2.3561136	1.5081404	0.6252549	-2.6661491	0.2366304	0.8056719	-2.3357834	0.2914304	0.6714775	-2.2105004	0.4523904	0.5754691	-2.5065321	0.2363004	0.6399854	-2.4797080	1.8099604	0.7930530	-2.4177847	1.5525704	0.6910897	-2.5352253	1.5589504	0.5727497	-2.5534099	1.3159104	0.4706264	-2.6975180	1.1104204	0.5437332	-2.3003309	1.5461904	0.8094250	-2.1830137	1.2991104	0.8083000	-2.4155944	1.2829304	0.9074905	-2.4584006	1.0900404	0.7049095	-2.5307883	1.0952204	0.6373912	-2.6296187	0.6730404	0.7309052	-2.5460195	0.2660204	0.6844647	-2.3859997	1.0848604	0.7724230	-2.4827125	0.6782204	0.8803967	-2.2617391	0.4368104	0.6203276	-2.4738457	1.8306504	0.7353105	-2.4215419	1.8249704	0.7767584	-2.4620069	1.7689804	0.6549551	-2.3552881	1.7577104	0.7429068	-2.3362219	0.2700504	0.6901408	-2.2597555	0.2885004	0.6971871	-2.2105004	0.4523904	0.5754691	-2.6864521	0.2305104	0.8171024	-2.7017482	0.2214404	0.7358779	-2.5103298	0.2183504	0.6413150
111	2.0754717	-2.4662265	1.5845504	0.7415446	-2.5360797	1.6300004	0.6071408	-2.3237041	1.6202804	0.8142600	-2.5614923	1.3217804	0.4405640	-2.1638449	1.3057604	0.8287136	-2.5243407	1.3096604	0.4646738	-2.1809832	1.2896704	0.7860097	-2.7062212	1.1338304	0.5593922	-2.4116763	1.3108204	0.9068018	-2.7014346	1.1151404	0.5208985	-2.4034590	1.2745604	0.9231349	-2.3817329	1.6362004	0.6572670	-2.5854243	1.1591604	0.6667961	-2.4247541	1.1528604	0.8358691	-2.4088355	1.1746204	0.5817694	-2.3278952	1.1677404	0.6636476	-2.6530459	0.7100904	0.6961038	-2.4576828	0.7070504	0.9142461	-2.5610899	0.7126504	0.7644386	-2.5246316	0.7079104	0.8242504	-2.5707564	0.2805004	0.6560921	-2.2366876	0.4397404	0.6482621	-2.5399919	0.2738804	0.7100602	-2.2837840	0.4317304	0.6127071	-2.6564093	0.2261704	0.6892613	-2.2309667	0.3385404	0.6722912	-2.6608066	0.2411604	0.7593607	-2.2978792	0.3175004	0.6767947	-2.7401541	1.0323704	0.5328994	-2.4818694	1.2586904	0.9492434	-2.7533508	1.0577204	0.5956516	-2.5015752	1.3158804	0.9350451	-2.3789470	1.2753004	0.6395328	-2.3551886	1.5082204	0.6255428	-2.6670233	0.2364504	0.8052752	-2.3352177	0.2916804	0.6722047	-2.2095571	0.4525304	0.5765931	-2.5074855	0.2356604	0.6394746	-2.4784624	1.8105404	0.7926297	-2.4170343	1.5526904	0.6913735	-2.5341959	1.5593604	0.5727663	-2.5525400	1.3163704	0.4705355	-2.6966318	1.1108604	0.5435837	-2.2998728	1.5460204	0.8099806	-2.1828816	1.2987904	0.8095311	-2.4158705	1.2822604	0.9077038	-2.4579204	1.0901504	0.7046369	-2.5301215	1.0953504	0.6369077	-2.6288464	0.6729704	0.7296986	-2.5468793	0.2655404	0.6839424	-2.3857242	1.0849604	0.7723528	-2.4830497	0.6784904	0.8803388	-2.2609517	0.4369804	0.6213127	-2.4722437	1.8309604	0.7348328	-2.4201476	1.8252204	0.7765369	-2.4603426	1.7688904	0.6547933	-2.3540568	1.7574904	0.7432713	-2.3357456	0.2703104	0.6908704	-2.2592731	0.2886404	0.6981402	-2.2095571	0.4525304	0.5765931	-2.6873445	0.2303604	0.8166973	-2.7026769	0.2213704	0.7354559	-2.5113231	0.2177304	0.6408187
112	2.0943396	-2.4656362	1.5845904	0.7416985	-2.5350968	1.6303404	0.6072571	-2.3233530	1.6200904	0.8148320	-2.5604944	1.3223704	0.4402459	-2.1638953	1.3054404	0.8299811	-2.5233392	1.3102104	0.4643244	-2.1808209	1.2893804	0.7871997	-2.7051333	1.1342104	0.5589285	-2.4121765	1.3103104	0.9068334	-2.7004289	1.1156304	0.5203745	-2.4039526	1.2740904	0.9232468	-2.3808163	1.6362104	0.6577385	-2.5848512	1.1591904	0.6661585	-2.4246799	1.1529204	0.8356389	-2.4080339	1.1747304	0.5816356	-2.3273249	1.1678304	0.6637259	-2.6521377	0.7099904	0.6949606	-2.4580224	0.7072304	0.9140988	-2.5603157	0.7125104	0.7634645	-2.5246287	0.7080204	0.8238656	-2.5711462	0.2800904	0.6555794	-2.2360065	0.4395404	0.6492859	-2.5403992	0.2734504	0.7095613	-2.2829905	0.4315204	0.6135846	-2.6569048	0.2259604	0.6888096	-2.2304173	0.3383404	0.6734080	-2.6612749	0.2409604	0.7589217	-2.2973612	0.3173804	0.6777424	-2.7390047	1.0327704	0.5322327	-2.4824646	1.2580204	0.9489107	-2.7520460	1.0579104	0.5951015	-2.5022744	1.3151204	0.9345094	-2.3783037	1.2753904	0.6395018	-2.3543651	1.5083204	0.6258826	-2.6675050	0.2362304	0.8048410	-2.3347329	0.2916304	0.6730817	-2.2086506	0.4522304	0.5776779	-2.5079726	0.2351204	0.6390048	-2.4776107	1.8108704	0.7925304	-2.4163951	1.5528004	0.6916826	-2.5332251	1.5597604	0.5727666	-2.5515246	1.3169204	0.4702035	-2.6955911	1.1113104	0.5430318	-2.2995742	1.5458404	0.8105943	-2.1828451	1.2984804	0.8107067	-2.4162806	1.2817604	0.9077553	-2.4574457	1.0902204	0.7043287	-2.5294420	1.0954104	0.6363971	-2.6280396	0.6728604	0.7286073	-2.5473090	0.2651104	0.6834441	-2.3854403	1.0850304	0.7722645	-2.4832702	0.6786604	0.8801256	-2.2601956	0.4367804	0.6222942	-2.4710754	1.8311204	0.7346935	-2.4191780	1.8253204	0.7766580	-2.4589935	1.7688204	0.6548817	-2.3531414	1.7572804	0.7438637	-2.3353454	0.2702704	0.6917632	-2.2588674	0.2884904	0.6992342	-2.2086506	0.4522304	0.5776779	-2.6878442	0.2301604	0.8162547	-2.7031814	0.2212404	0.7349999	-2.5118549	0.2172004	0.6403501
113	2.1132075	-2.4658857	1.5847404	0.7417366	-2.5350732	1.6307504	0.6073012	-2.3237824	1.6201104	0.8151614	-2.5604220	1.3230704	0.4397832	-2.1645952	1.3053904	0.8308905	-2.5232596	1.3108604	0.4637987	-2.1813789	1.2893204	0.7880650	-2.7048180	1.1347704	0.5586783	-2.4131805	1.3100604	0.9069279	-2.7002447	1.1162704	0.5200742	-2.4049318	1.2738904	0.9234301	-2.3808397	1.6364004	0.6580255	-2.5849341	1.1592604	0.6655792	-2.4251391	1.1531304	0.8353696	-2.4079409	1.1749704	0.5814363	-2.3274107	1.1681004	0.6636970	-2.6514173	0.7098404	0.6939835	-2.4587105	0.7076304	0.9141310	-2.5596822	0.7124204	0.7625793	-2.5250492	0.7082904	0.8237026	-2.5712611	0.2797304	0.6551396	-2.2356860	0.4398504	0.6502077	-2.5405141	0.2730804	0.7091215	-2.2825740	0.4317804	0.6144188	-2.6570886	0.2257904	0.6884701	-2.2301089	0.3386404	0.6743794	-2.6614182	0.2408004	0.7585901	-2.2970558	0.3177004	0.6786020	-2.7386507	1.0333104	0.5319233	-2.4834922	1.2576104	0.9487956	-2.7514565	1.0583104	0.5949019	-2.5034326	1.3146204	0.9342010	-2.3783919	1.2756404	0.6393834	-2.3544418	1.5085804	0.6260234	-2.6676706	0.2360504	0.8045100	-2.3344246	0.2919604	0.6738876	-2.2081857	0.4525004	0.5786449	-2.5081678	0.2346504	0.6385717	-2.4778070	1.8112304	0.7923837	-2.4166059	1.5530604	0.6918270	-2.5332046	1.5602404	0.5726989	-2.5514039	1.3175604	0.4697081	-2.6953272	1.1119104	0.5427025	-2.3000205	1.5458804	0.8109600	-2.1834840	1.2984304	0.8115563	-2.4172031	1.2815104	0.9078879	-2.4575485	1.0904104	0.7040049	-2.5293884	1.0955504	0.6359035	-2.6273542	0.6727104	0.7276580	-2.5474414	0.2647504	0.6830182	-2.3856995	1.0852604	0.7721106	-2.4838520	0.6790304	0.8801191	-2.2598178	0.4370804	0.6231876	-2.4710217	1.8313504	0.7345309	-2.4192934	1.8255404	0.7766925	-2.4587561	1.7688804	0.6548932	-2.3532506	1.7573004	0.7442872	-2.3350770	0.2706204	0.6925835	-2.2586225	0.2887904	0.7001759	-2.2081857	0.4525004	0.5786449	-2.6880147	0.2299904	0.8159104	-2.7033567	0.2211504	0.7346423	-2.5120719	0.2167404	0.6399399
114	2.1320755	-2.4671042	1.5849204	0.7420070	-2.5359291	1.6311804	0.6075751	-2.3251385	1.6202304	0.8157979	-2.5609205	1.3238504	0.4393852	-2.1659814	1.3055204	0.8317337	-2.5237497	1.3116004	0.4633827	-2.1826944	1.2894404	0.7888749	-2.7051330	1.1351604	0.5579577	-2.4147112	1.3101104	0.9073948	-2.7006020	1.1167904	0.5192786	-2.4064341	1.2739704	0.9239543	-2.3817621	1.6366704	0.6586547	-2.5857891	1.1593104	0.6652357	-2.4263612	1.1533904	0.8353403	-2.4086326	1.1752604	0.5814999	-2.3282679	1.1684604	0.6639262	-2.6511232	0.7095804	0.6932820	-2.4602189	0.7080704	0.9144317	-2.5594969	0.7123204	0.7619926	-2.5262943	0.7086404	0.8238172	-2.5711222	0.2794304	0.6548181	-2.2361836	0.4406504	0.6509908	-2.5403879	0.2727704	0.7088273	-2.2829840	0.4325504	0.6151324	-2.6570029	0.2256404	0.6881681	-2.2305364	0.3394204	0.6751069	-2.6613500	0.2406404	0.7583019	-2.2974725	0.3184304	0.6792352	-2.7388075	1.0337004	0.5309344	-2.4850079	1.2575404	0.9491591	-2.7515026	1.0584504	0.5940308	-2.5050455	1.3144904	0.9344420	-2.3793053	1.2759504	0.6395202	-2.3553690	1.5089204	0.6264738	-2.6676429	0.2358504	0.8042140	-2.3348159	0.2926804	0.6744664	-2.2085745	0.4533504	0.5794787	-2.5080682	0.2342804	0.6382871	-2.4800056	1.8115304	0.7919874	-2.4176739	1.5533804	0.6922007	-2.5340104	1.5607404	0.5728417	-2.5518940	1.3182804	0.4692920	-2.6956403	1.1123704	0.5418834	-2.3013506	1.5460104	0.8115645	-2.1848400	1.2985504	0.8123584	-2.4186836	1.2815604	0.9083891	-2.4584003	1.0906204	0.7039387	-2.5300796	1.0956904	0.6356584	-2.6270638	0.6724804	0.7269880	-2.5473249	0.2644504	0.6826974	-2.3867120	1.0855604	0.7722232	-2.4852631	0.6794704	0.8803769	-2.2602622	0.4378704	0.6239513	-2.4726922	1.8314604	0.7341382	-2.4213830	1.8259504	0.7768435	-2.4594503	1.7687604	0.6548674	-2.3548186	1.7577404	0.7453546	-2.3354773	0.2713304	0.6931582	-2.2590470	0.2895404	0.7008497	-2.2085745	0.4533504	0.5794787	-2.6880099	0.2298004	0.8155926	-2.7032904	0.2210504	0.7342871	-2.5119946	0.2163804	0.6396560
115	2.1509434	-2.4688028	1.5850304	0.7423845	-2.5371016	1.6315604	0.6078890	-2.3270629	1.6203204	0.8167542	-2.5613441	1.3245804	0.4389449	-2.1675574	1.3057804	0.8325104	-2.5241992	1.3122904	0.4629744	-2.1841646	1.2897404	0.7895906	-2.7055995	1.1358004	0.5574202	-2.4164280	1.3099804	0.9077638	-2.7010915	1.1174804	0.5187194	-2.4080796	1.2738504	0.9243125	-2.3830347	1.6369604	0.6595618	-2.5868887	1.1593204	0.6647781	-2.4279319	1.1536204	0.8353251	-2.4095031	1.1755404	0.5815684	-2.3293649	1.1688204	0.6642201	-2.6511271	0.7093204	0.6926513	-2.4618180	0.7083804	0.9145246	-2.5596481	0.7122504	0.7615360	-2.5276040	0.7088804	0.8236919	-2.5708680	0.2791904	0.6546278	-2.2366757	0.4413004	0.6516440	-2.5401952	0.2725604	0.7086744	-2.2833940	0.4331804	0.6156804	-2.6567903	0.2254504	0.6879251	-2.2310122	0.3400604	0.6757014	-2.6611954	0.2404504	0.7580650	-2.2979339	0.3190504	0.6797042	-2.7392004	1.0343204	0.5303098	-2.4866577	1.2571804	0.9493608	-2.7518272	1.0589904	0.5934491	-2.5068349	1.3140704	0.9346116	-2.3804543	1.2762704	0.6397126	-2.3565952	1.5093104	0.6271157	-2.6675554	0.2356304	0.8039790	-2.3352701	0.2933004	0.6748725	-2.2089307	0.4540404	0.5801953	-2.5077982	0.2340404	0.6381813	-2.4834100	1.8117704	0.7913378	-2.4191049	1.5536804	0.6927140	-2.5350483	1.5612104	0.5730088	-2.5523309	1.3189704	0.4688566	-2.6961305	1.1130304	0.5413018	-2.3031657	1.5461404	0.8124283	-2.1863730	1.2988204	0.8130669	-2.4203292	1.2814204	0.9087472	-2.4594944	1.0908204	0.7038478	-2.5309829	1.0957904	0.6353475	-2.6270749	0.6722704	0.7264201	-2.5471008	0.2642304	0.6825481	-2.3880150	1.0858504	0.7723438	-2.4867390	0.6797704	0.8803948	-2.2606885	0.4385204	0.6245580	-2.4753088	1.8314404	0.7335028	-2.4246349	1.8264204	0.7770263	-2.4605123	1.7684504	0.6548025	-2.3572183	1.7583704	0.7469278	-2.3359629	0.2719404	0.6935606	-2.2595513	0.2901604	0.7013869	-2.2089307	0.4540404	0.5801953	-2.6879411	0.2295604	0.8153268	-2.7031153	0.2208804	0.7339826	-2.5117337	0.2161404	0.6395460
116	2.1698113	-2.4707546	1.5851604	0.7428315	-2.5384965	1.6319204	0.6082537	-2.3292658	1.6204704	0.8178344	-2.5618632	1.3252404	0.4386146	-2.1693078	1.3061704	0.8334485	-2.5247575	1.3129304	0.4626810	-2.1857877	1.2901604	0.7904447	-2.7062225	1.1364504	0.5570524	-2.4183635	1.3097304	0.9081522	-2.7017284	1.1181504	0.5183341	-2.4099299	1.2736204	0.9247075	-2.3845598	1.6372804	0.6605609	-2.5880940	1.1593204	0.6643816	-2.4296700	1.1538604	0.8354084	-2.4104733	1.1758504	0.5817560	-2.3305791	1.1692304	0.6646470	-2.6512529	0.7090804	0.6921403	-2.4634255	0.7086704	0.9146356	-2.5599255	0.7122104	0.7612080	-2.5288909	0.7090804	0.8235884	-2.5705569	0.2790104	0.6545522	-2.2370948	0.4419504	0.6523533	-2.5399548	0.2724104	0.7086320	-2.2836995	0.4338104	0.6162883	-2.6564907	0.2252804	0.6877559	-2.2314096	0.3407004	0.6763878	-2.6610027	0.2402704	0.7579121	-2.2983174	0.3196504	0.6802425	-2.7397351	1.0349304	0.5298949	-2.4885050	1.2566304	0.9495365	-2.7523209	1.0595604	0.5930644	-2.5088665	1.3134604	0.9347566	-2.3817385	1.2766204	0.6400296	-2.3580146	1.5097204	0.6278882	-2.6674304	0.2354104	0.8038055	-2.3356378	0.2939104	0.6753300	-2.2091867	0.4547204	0.5809807	-2.5074442	0.2338904	0.6382029	-2.4870953	1.8120204	0.7907227	-2.4207660	1.5540004	0.6933186	-2.5362818	1.5616604	0.5732170	-2.5528856	1.3196004	0.4685317	-2.6967540	1.1136904	0.5409117	-2.3052545	1.5463404	0.8134293	-2.1880716	1.2992004	0.8139409	-2.4221801	1.2811804	0.9091199	-2.4607069	1.0910204	0.7038451	-2.5319779	1.0958904	0.6351152	-2.6272079	0.6720904	0.7259719	-2.5468205	0.2640804	0.6824913	-2.3894359	1.0861604	0.7725750	-2.4881967	0.6800404	0.8804212	-2.2610369	0.4391704	0.6252341	-2.4781925	1.8314304	0.7329194	-2.4281853	1.8269204	0.7772575	-2.4618227	1.7681604	0.6548204	-2.3599159	1.7590404	0.7485718	-2.3363712	0.2725504	0.6940102	-2.2599909	0.2907704	0.7019984	-2.2091867	0.4547204	0.5809807	-2.6878439	0.2293204	0.8151183	-2.7028894	0.2207004	0.7337348	-2.5113887	0.2159804	0.6395634
117	2.1886792	-2.4727978	1.5852904	0.7428829	-2.5401808	1.6320504	0.6081744	-2.3315438	1.6207304	0.8182948	-2.5628365	1.3254104	0.4383594	-2.1711266	1.3066904	0.8341782	-2.5257429	1.3131104	0.4624752	-2.1874464	1.2906704	0.7911388	-2.7072423	1.1367604	0.5570624	-2.4203945	1.3093104	0.9083195	-2.7027656	1.1184404	0.5183580	-2.4118305	1.2732404	0.9249026	-2.3863666	1.6375004	0.6609100	-2.5894226	1.1592304	0.6640600	-2.4314261	1.1540304	0.8354832	-2.4116193	1.1760804	0.5818947	-2.3319298	1.1695804	0.6649881	-2.6516469	0.7088204	0.6918021	-2.4647944	0.7088204	0.9146372	-2.5604451	0.7121504	0.7610209	-2.5300315	0.7091404	0.8234316	-2.5702760	0.2788704	0.6545177	-2.2374438	0.4424504	0.6528415	-2.5397132	0.2723204	0.7086344	-2.2839791	0.4342604	0.6166986	-2.6561838	0.2250904	0.6876893	-2.2317187	0.3411804	0.6768616	-2.6607720	0.2400804	0.7578432	-2.2986163	0.3201004	0.6805997	-2.7406890	1.0351804	0.5300239	-2.4903705	1.2558504	0.9495383	-2.7532301	1.0598604	0.5931922	-2.5109984	1.3125604	0.9346672	-2.3831908	1.2768804	0.6402572	-2.3596608	1.5099904	0.6282240	-2.6672443	0.2351904	0.8037378	-2.3359296	0.2943504	0.6756242	-2.2094227	0.4552404	0.5815106	-2.5071168	0.2338004	0.6382342	-2.4899898	1.8122004	0.7902336	-2.4226128	1.5542304	0.6935167	-2.5378103	1.5618104	0.5731111	-2.5538631	1.3197704	0.4682855	-2.6977780	1.1139904	0.5409307	-2.3074201	1.5466404	0.8139091	-2.1898245	1.2996904	0.8146241	-2.4240722	1.2807504	0.9092969	-2.4620088	1.0911604	0.7038449	-2.5331149	1.0959104	0.6349271	-2.6275825	0.6718804	0.7256868	-2.5465523	0.2639804	0.6824839	-2.3909117	1.0864004	0.7727585	-2.4894509	0.6801704	0.8803660	-2.2613467	0.4396504	0.6256855	-2.4806973	1.8315004	0.7324466	-2.4310283	1.8272204	0.7771786	-2.4635813	1.7680804	0.6546402	-2.3623551	1.7594304	0.7491887	-2.3366810	0.2729804	0.6942961	-2.2603236	0.2912304	0.7024280	-2.2094227	0.4552404	0.5815106	-2.6876676	0.2290804	0.8150240	-2.7026110	0.2204804	0.7336109	-2.5110432	0.2158904	0.6396031
118	2.2075472	-2.4748686	1.5853704	0.7430647	-2.5419110	1.6321704	0.6082172	-2.3338804	1.6209404	0.8189045	-2.5636884	1.3256004	0.4381276	-2.1729520	1.3071904	0.8349931	-2.5266335	1.3133204	0.4623027	-2.1891208	1.2911604	0.7919137	-2.7081757	1.1370504	0.5569582	-2.4224225	1.3087104	0.9085986	-2.7036942	1.1187104	0.5182670	-2.4137013	1.2726804	0.9251998	-2.3882272	1.6377304	0.6614216	-2.5907360	1.1591304	0.6638006	-2.4331104	1.1541804	0.8355695	-2.4127646	1.1762904	0.5820557	-2.3332539	1.1699204	0.6653195	-2.6521133	0.7085904	0.6915956	-2.4660377	0.7089404	0.9146533	-2.5610069	0.7121104	0.7609244	-2.5310730	0.7091604	0.8232990	-2.5700162	0.2787704	0.6545284	-2.2377270	0.4429204	0.6532832	-2.5394751	0.2722704	0.7086681	-2.2841971	0.4346904	0.6170714	-2.6558842	0.2249404	0.6876856	-2.2319433	0.3416504	0.6773196	-2.6605213	0.2399304	0.7578497	-2.2988482	0.3205304	0.6809550	-2.7415444	1.0354104	0.5299891	-2.4921974	1.2548404	0.9496463	-2.7540813	1.0601304	0.5931483	-2.5131225	1.3114304	0.9347029	-2.3846291	1.2771304	0.6405023	-2.3613304	1.5102804	0.6286812	-2.6670250	0.2350104	0.8037408	-2.3361228	0.2947604	0.6759203	-2.2096062	0.4557204	0.5819988	-2.5068020	0.2337604	0.6382928	-2.4928340	1.8122904	0.7901100	-2.4244969	1.5544204	0.6938187	-2.5393538	1.5619604	0.5731085	-2.5547416	1.3199704	0.4680635	-2.6987247	1.1142804	0.5408313	-2.3096353	1.5468904	0.8145422	-2.1916022	1.3001504	0.8153840	-2.4259569	1.2801304	0.9095765	-2.4632877	1.0912704	0.7038664	-2.5342417	1.0959104	0.6347879	-2.6280254	0.6717004	0.7255245	-2.5462877	0.2639204	0.6825080	-2.3923428	1.0866304	0.7729408	-2.4905843	0.6802604	0.8803120	-2.2615725	0.4401004	0.6260987	-2.4832141	1.8315304	0.7323543	-2.4338181	1.8274204	0.7774114	-2.4654480	1.7680504	0.6547628	-2.3648125	1.7597304	0.7499627	-2.3369008	0.2733904	0.6946018	-2.2605718	0.2916804	0.7028419	-2.2096062	0.4557204	0.5819988	-2.6874489	0.2288604	0.8150046	-2.7023301	0.2202904	0.7335764	-2.5107060	0.2158504	0.6396610
119	2.2264151	-2.4763028	1.5852704	0.7431352	-2.5430153	1.6320104	0.6080774	-2.3356558	1.6210104	0.8194227	-2.5638141	1.3253904	0.4379476	-2.1742440	1.3075504	0.8360127	-2.5267839	1.3131504	0.4621995	-2.1902085	1.2915104	0.7928740	-2.7084191	1.1369704	0.5568888	-2.4239859	1.3078704	0.9088516	-2.7038966	1.1185804	0.5182278	-2.4150980	1.2719004	0.9254974	-2.3894885	1.6377604	0.6617603	-2.5913801	1.1589004	0.6634782	-2.4341422	1.1541204	0.8356290	-2.4132449	1.1763104	0.5821628	-2.3339081	1.1700404	0.6656103	-2.6525592	0.7084204	0.6914870	-2.4666800	0.7087804	0.9143980	-2.5615567	0.7120304	0.7609439	-2.5314954	0.7089604	0.8229034	-2.5697878	0.2787204	0.6545356	-2.2374907	0.4429604	0.6535810	-2.5392734	0.2722804	0.7086850	-2.2838738	0.4346804	0.6172773	-2.6555978	0.2247904	0.6876868	-2.2317275	0.3417004	0.6776850	-2.6602706	0.2397704	0.7578563	-2.2986264	0.3205804	0.6812129	-2.7416822	1.0352504	0.5300242	-2.4935464	1.2535904	0.9497235	-2.7542740	1.0600404	0.5931357	-2.5147881	1.3100304	0.9346545	-2.3853752	1.2771804	0.6407061	-2.3623356	1.5103504	0.6290621	-2.6667743	0.2348404	0.8037474	-2.3359022	0.2948104	0.6761335	-2.2092304	0.4557204	0.5823286	-2.5065235	0.2338004	0.6383344	-2.4945606	1.8121504	0.7902869	-2.4257571	1.5544104	0.6940366	-2.5402486	1.5618004	0.5729451	-2.5548981	1.3197704	0.4679022	-2.6989446	1.1141804	0.5408060	-2.3112747	1.5470104	0.8151239	-2.1928108	1.3004804	0.8163431	-2.4273457	1.2792804	0.9098337	-2.4639371	1.0912004	0.7038395	-2.5347298	1.0957504	0.6346044	-2.6284791	0.6715804	0.7254563	-2.5460726	0.2639204	0.6825200	-2.3931353	1.0866504	0.7730788	-2.4911118	0.6800704	0.8799998	-2.2612794	0.4401104	0.6263457	-2.4848277	1.8314404	0.7325728	-2.4355270	1.8273204	0.7777400	-2.4668604	1.7680204	0.6549759	-2.3664290	1.7596904	0.7504006	-2.3367159	0.2734504	0.6948205	-2.2604056	0.2917404	0.7031953	-2.2092304	0.4557204	0.5823286	-2.6871982	0.2286504	0.8150112	-2.7020528	0.2200704	0.7335733	-2.5104052	0.2158804	0.6397020
120	2.2452830	-2.4773418	1.5850904	0.7432575	-2.5437379	1.6317604	0.6079942	-2.3370227	1.6210204	0.8199880	-2.5634994	1.3250804	0.4378406	-2.1750949	1.3078804	0.8369620	-2.5264982	1.3129004	0.4621782	-2.1908420	1.2918304	0.7937592	-2.7081376	1.1367204	0.5568766	-2.4251156	1.3069804	0.9089317	-2.7035921	1.1183004	0.5182374	-2.4160833	1.2710604	0.9256227	-2.3903679	1.6377504	0.6621557	-2.5915421	1.1586604	0.6631157	-2.4347186	1.1539904	0.8356581	-2.4132424	1.1762804	0.5822522	-2.3341019	1.1700904	0.6658840	-2.6527827	0.7083004	0.6913276	-2.4669562	0.7085704	0.9141147	-2.5618841	0.7119504	0.7609126	-2.5315699	0.7087204	0.8224715	-2.5695075	0.2786904	0.6544788	-2.2369439	0.4429604	0.6537808	-2.5390196	0.2723004	0.7086378	-2.2832443	0.4346504	0.6173943	-2.6552813	0.2246604	0.6876468	-2.2312013	0.3417104	0.6779525	-2.6599854	0.2396504	0.7578127	-2.2981165	0.3206004	0.6813734	-2.7412732	1.0349304	0.5300935	-2.4944943	1.2523104	0.9495794	-2.7539284	1.0597704	0.5931755	-2.5160297	1.3086004	0.9344065	-2.3856427	1.2771904	0.6409013	-2.3629106	1.5104104	0.6294670	-2.6664668	0.2346904	0.8037032	-2.3353851	0.2948404	0.6762312	-2.2085301	0.4556804	0.5825779	-2.5062021	0.2338304	0.6383077	-2.4959481	1.8119104	0.7905887	-2.4266179	1.5543204	0.6942972	-2.5407343	1.5615704	0.5728510	-2.5546099	1.3194904	0.4678049	-2.6986534	1.1139304	0.5408205	-2.3125015	1.5470704	0.8157435	-2.1935742	1.3007604	0.8172229	-2.4283099	1.2783904	0.9099137	-2.4641311	1.0910804	0.7037821	-2.5347716	1.0955604	0.6343863	-2.6287329	0.6714804	0.7253380	-2.5458008	0.2639304	0.6824813	-2.3934905	1.0865904	0.7731779	-2.4912780	0.6798404	0.8796464	-2.2606577	0.4400904	0.6265032	-2.4861113	1.8312604	0.7329121	-2.4369019	1.8271404	0.7781802	-2.4679254	1.7679404	0.6552958	-2.3676854	1.7596004	0.7509181	-2.3362344	0.2734904	0.6949236	-2.2599421	0.2917604	0.7034555	-2.2085301	0.4556804	0.5825779	-2.6868774	0.2284704	0.8149622	-2.7017320	0.2199004	0.7335242	-2.5100747	0.2159204	0.6396796
121	2.2641509	-2.4780844	1.5849004	0.7430989	-2.5442974	1.6314404	0.6076561	-2.3380606	1.6210604	0.8201550	-2.5632088	1.3246104	0.4376671	-2.1756686	1.3082204	0.8375772	-2.5262155	1.3125104	0.4620452	-2.1912158	1.2921604	0.7943242	-2.7077050	1.1362804	0.5569900	-2.4259953	1.3061104	0.9086649	-2.7031499	1.1178304	0.5183774	-2.4168095	1.2702504	0.9254055	-2.3910615	1.6377104	0.6621523	-2.5914951	1.1584004	0.6627073	-2.4349941	1.1538604	0.8355628	-2.4130648	1.1762004	0.5822026	-2.3340675	1.1701004	0.6659994	-2.6528287	0.7081704	0.6911186	-2.4670873	0.7084104	0.9138991	-2.5619990	0.7118604	0.7608039	-2.5315343	0.7085304	0.8221350	-2.5691837	0.2786304	0.6543760	-2.2363053	0.4431604	0.6539021	-2.5387049	0.2722804	0.7085308	-2.2825405	0.4348204	0.6174466	-2.6549116	0.2245604	0.6875875	-2.2305482	0.3419104	0.6781136	-2.6596199	0.2395604	0.7577625	-2.2974616	0.3207804	0.6814360	-2.7407119	1.0344204	0.5303332	-2.4951831	1.2510504	0.9490926	-2.7533496	1.0593104	0.5934012	-2.5170085	1.3071904	0.9337846	-2.3856953	1.2771504	0.6409430	-2.3633062	1.5104104	0.6295583	-2.6660923	0.2345904	0.8036571	-2.3347181	0.2950204	0.6762443	-2.2077834	0.4558704	0.5827275	-2.5058602	0.2338004	0.6382133	-2.4967625	1.8116704	0.7907497	-2.4272540	1.5542004	0.6942654	-2.5411005	1.5612304	0.5725478	-2.5543236	1.3190604	0.4676405	-2.6982112	1.1135004	0.5409605	-2.3134076	1.5471604	0.8159830	-2.1940778	1.3010604	0.8177825	-2.4290240	1.2775104	0.9096469	-2.4641130	1.0909304	0.7036250	-2.5346273	1.0953604	0.6341005	-2.6288048	0.6713804	0.7251610	-2.5454770	0.2638904	0.6823785	-2.3935939	1.0865104	0.7731629	-2.4913300	0.6796704	0.8793794	-2.2599666	0.4402704	0.6265828	-2.4869782	1.8311204	0.7331148	-2.4377343	1.8269104	0.7783327	-2.4688629	1.7679304	0.6553661	-2.3685493	1.7594104	0.7509014	-2.3355898	0.2736604	0.6949373	-2.2593168	0.2919604	0.7035816	-2.2077834	0.4558704	0.5827275	-2.6864938	0.2283504	0.8149204	-2.7013532	0.2197704	0.7334691	-2.5097147	0.2158804	0.6395937
122	2.2830189	-2.4788009	1.5848504	0.7429082	-2.5450388	1.6311704	0.6073766	-2.3390199	1.6213104	0.8200828	-2.5633683	1.3241104	0.4377252	-2.1760014	1.3088504	0.8378413	-2.5263182	1.3121204	0.4620525	-2.1913087	1.2927904	0.7945236	-2.7071889	1.1356504	0.5577052	-2.4267356	1.3054404	0.9076025	-2.7027322	1.1171704	0.5190908	-2.4174411	1.2696404	0.9243937	-2.3918771	1.6377504	0.6619374	-2.5915532	1.1582304	0.6625479	-2.4352834	1.1538204	0.8356154	-2.4130358	1.1762004	0.5822823	-2.3341520	1.1701804	0.6661807	-2.6526832	0.7080004	0.6908775	-2.4672305	0.7083804	0.9138985	-2.5619005	0.7117304	0.7606401	-2.5315633	0.7084504	0.8220553	-2.5688213	0.2784904	0.6542140	-2.2358884	0.4434204	0.6540965	-2.5383201	0.2721804	0.7083681	-2.2820934	0.4350404	0.6176000	-2.6545111	0.2244104	0.6875094	-2.2300860	0.3421804	0.6783291	-2.6592061	0.2394404	0.7576796	-2.2970006	0.3210204	0.6816069	-2.7400428	1.0336704	0.5312410	-2.4958318	1.2499704	0.9476206	-2.7525054	1.0585804	0.5943356	-2.5179164	1.3059704	0.9321586	-2.3858626	1.2771704	0.6410415	-2.3638270	1.5104704	0.6294920	-2.6656603	0.2344804	0.8035827	-2.3342402	0.2952404	0.6763789	-2.2073260	0.4561404	0.5829297	-2.5054839	0.2336804	0.6380688	-2.4971158	1.8115604	0.7910814	-2.4279548	1.5542004	0.6941593	-2.5416926	1.5609304	0.5723269	-2.5544209	1.3186204	0.4676834	-2.6977131	1.1128704	0.5416672	-2.3142213	1.5474704	0.8160007	-2.1942965	1.3016504	0.8179674	-2.4296037	1.2768404	0.9085711	-2.4641668	1.0908804	0.7036220	-2.5345899	1.0952404	0.6339966	-2.6286587	0.6712204	0.7249423	-2.5451013	0.2637804	0.6822116	-2.3937388	1.0865204	0.7732608	-2.4914116	0.6796304	0.8793414	-2.2595280	0.4405104	0.6267542	-2.4875864	1.8311404	0.7334490	-2.4381167	1.8267404	0.7784192	-2.4699612	1.7681004	0.6554498	-2.3692007	1.7592004	0.7504763	-2.3351119	0.2738804	0.6950719	-2.2588552	0.2922104	0.7037748	-2.2073260	0.4561404	0.5829297	-2.6860486	0.2282304	0.8148411	-2.7009388	0.2196404	0.7334086	-2.5093384	0.2157504	0.6394492
123	2.3018868	-2.4794661	1.5848404	0.7426311	-2.5457783	1.6309404	0.6069986	-2.3398682	1.6215804	0.8198197	-2.5635526	1.3236504	0.4376944	-2.1762865	1.3094604	0.8378849	-2.5264493	1.3117704	0.4620024	-2.1914205	1.2934004	0.7945266	-2.7067641	1.1350204	0.5581901	-2.4273437	1.3050004	0.9066349	-2.7023702	1.1165404	0.5195685	-2.4179404	1.2692404	0.9234768	-2.3926614	1.6378104	0.6615607	-2.5916475	1.1580804	0.6623715	-2.4355299	1.1538304	0.8355998	-2.4130805	1.1762304	0.5822835	-2.3342661	1.1702804	0.6662599	-2.6524670	0.7078204	0.6906031	-2.4672498	0.7083704	0.9138454	-2.5617236	0.7116104	0.7604026	-2.5315126	0.7083804	0.8219465	-2.5684414	0.2783304	0.6540380	-2.2354432	0.4436804	0.6541827	-2.5379185	0.2720604	0.7081693	-2.2816173	0.4352604	0.6176675	-2.6540973	0.2242404	0.6874265	-2.2295863	0.3424504	0.6784407	-2.6587567	0.2393104	0.7575913	-2.2964834	0.3212604	0.6817046	-2.7394307	1.0329404	0.5318685	-2.4963457	1.2491904	0.9463328	-2.7517718	1.0578504	0.5949866	-2.5186442	1.3050604	0.9307379	-2.3860595	1.2772204	0.6410379	-2.3643647	1.5105504	0.6292965	-2.6651795	0.2343604	0.8034980	-2.3337098	0.2954604	0.6764718	-2.2068535	0.4564004	0.5830286	-2.5051178	0.2335304	0.6378754	-2.4972915	1.8115004	0.7913636	-2.4286146	1.5542304	0.6939178	-2.5422962	1.5606704	0.5720123	-2.5545472	1.3182104	0.4676466	-2.6972889	1.1122704	0.5421298	-2.3149330	1.5477904	0.8158233	-2.1944982	1.3022304	0.8179506	-2.4300595	1.2763804	0.9076083	-2.4642350	1.0908604	0.7035792	-2.5345978	1.0951504	0.6338715	-2.6284467	0.6710604	0.7246770	-2.5447129	0.2636504	0.6820176	-2.3938772	1.0865604	0.7732735	-2.4913869	0.6796104	0.8792647	-2.2590694	0.4407504	0.6268356	-2.4880576	1.8312204	0.7337258	-2.4383282	1.8265904	0.7783757	-2.4710396	1.7683204	0.6554435	-2.3697458	1.7590004	0.7498470	-2.3345814	0.2741004	0.6951648	-2.2583465	0.2924604	0.7038906	-2.2068535	0.4564004	0.5830286	-2.6855671	0.2281004	0.8147787	-2.7004930	0.2194904	0.7333517	-2.5089584	0.2156004	0.6392733
124	2.3207547	-2.4801676	1.5847904	0.7425026	-2.5465178	1.6308104	0.6067862	-2.3406850	1.6217204	0.8197257	-2.5635255	1.3235504	0.4373760	-2.1769473	1.3097304	0.8382608	-2.5264349	1.3117304	0.4617112	-2.1920360	1.2936004	0.7949237	-2.7064858	1.1344304	0.5574041	-2.4280045	1.3050104	0.9070108	-2.7020255	1.1160404	0.5187583	-2.4185226	1.2693104	0.9239446	-2.3934570	1.6379004	0.6614214	-2.5917865	1.1579504	0.6621963	-2.4357740	1.1538504	0.8355080	-2.4131989	1.1762604	0.5822062	-2.3344281	1.1704004	0.6662285	-2.6522248	0.7076304	0.6902968	-2.4670578	0.7083304	0.9136701	-2.5614941	0.7114804	0.7601235	-2.5312855	0.7082804	0.8217435	-2.5680488	0.2781404	0.6538349	-2.2348856	0.4438204	0.6541227	-2.5374944	0.2719104	0.7079698	-2.2810507	0.4353604	0.6176117	-2.6536702	0.2240404	0.6873388	-2.2289913	0.3426004	0.6784424	-2.6582716	0.2391604	0.7574975	-2.2958884	0.3213904	0.6817062	-2.7388498	1.0323004	0.5308595	-2.4968729	1.2491404	0.9468482	-2.7512749	1.0570504	0.5940156	-2.5193098	1.3049104	0.9311005	-2.3863211	1.2772904	0.6409601	-2.3649266	1.5106704	0.6292000	-2.6646582	0.2342204	0.8034211	-2.3331008	0.2955804	0.6764909	-2.2062869	0.4565104	0.5829729	-2.5047210	0.2333504	0.6376633	-2.4975783	1.8113304	0.7920023	-2.4292713	1.5542504	0.6937881	-2.5428702	1.5605404	0.5717998	-2.5545424	1.3180904	0.4673288	-2.6969533	1.1117404	0.5413153	-2.3156767	1.5479604	0.8157855	-2.1951458	1.3024504	0.8183217	-2.4306556	1.2764004	0.9080586	-2.4643456	1.0908504	0.7034614	-2.5346600	1.0950704	0.6337211	-2.6281822	0.6708904	0.7243700	-2.5443070	0.2635004	0.6818097	-2.3940179	1.0866204	0.7731968	-2.4911459	0.6795404	0.8790791	-2.2584937	0.4408704	0.6267841	-2.4886391	1.8312304	0.7343815	-2.4386670	1.8263704	0.7787474	-2.4721444	1.7685804	0.6557779	-2.3703566	1.7588004	0.7495953	-2.3339676	0.2742404	0.6951972	-2.2577508	0.2926204	0.7039146	-2.2062869	0.4565104	0.5829729	-2.6850276	0.2279604	0.8147103	-2.7000248	0.2193204	0.7332942	-2.5085610	0.2154204	0.6390835
125	2.3396226	-2.4807663	1.5848104	0.7423669	-2.5471335	1.6307204	0.6065212	-2.3413647	1.6219004	0.8195743	-2.5634797	1.3234604	0.4370885	-2.1776329	1.3099504	0.8387135	-2.5264102	1.3116604	0.4614690	-2.1927517	1.2937104	0.7954175	-2.7063839	1.1340304	0.5567124	-2.4285709	1.3053304	0.9078942	-2.7018439	1.1157004	0.5180375	-2.4190237	1.2697004	0.9249246	-2.3941240	1.6379904	0.6612428	-2.5919321	1.1578604	0.6621064	-2.4359806	1.1539004	0.8354779	-2.4133379	1.1763304	0.5821966	-2.3345930	1.1705404	0.6662509	-2.6519815	0.7074704	0.6900351	-2.4667829	0.7083104	0.9135776	-2.5612815	0.7113704	0.7598805	-2.5309883	0.7082004	0.8216503	-2.5676513	0.2779904	0.6536451	-2.2342283	0.4440604	0.6541093	-2.5370662	0.2718004	0.7077612	-2.2803801	0.4355604	0.6175934	-2.6532298	0.2238904	0.6872463	-2.2282971	0.3428404	0.6784681	-2.6577908	0.2390304	0.7574128	-2.2951894	0.3216204	0.6817453	-2.7385202	1.0318804	0.5299870	-2.4973009	1.2495404	0.9480499	-2.7510564	1.0565104	0.5931686	-2.5198182	1.3052304	0.9321434	-2.3865767	1.2773804	0.6409402	-2.3654166	1.5107604	0.6291149	-2.6641278	0.2341004	0.8033485	-2.3323879	0.2958004	0.6765475	-2.2056254	0.4567304	0.5829503	-2.5043284	0.2332104	0.6374602	-2.4978415	1.8112604	0.7923539	-2.4298302	1.5542904	0.6936379	-2.5433421	1.5604304	0.5715577	-2.5545371	1.3179904	0.4670334	-2.6968024	1.1113904	0.5406133	-2.3163093	1.5481504	0.8157222	-2.1958530	1.3026104	0.8187973	-2.4311882	1.2767304	0.9090350	-2.4644453	1.0908704	0.7034149	-2.5347380	1.0950304	0.6336517	-2.6279255	0.6707404	0.7241035	-2.5438962	0.2633804	0.6816150	-2.3941436	1.0867104	0.7731824	-2.4908396	0.6795104	0.8789902	-2.2578316	0.4410804	0.6267839	-2.4891344	1.8313004	0.7347574	-2.4389853	1.8262704	0.7788858	-2.4730578	1.7688004	0.6559147	-2.3708756	1.7587104	0.7492650	-2.3332499	0.2744604	0.6952671	-2.2570337	0.2928704	0.7039621	-2.2056254	0.4567304	0.5829503	-2.6844924	0.2278304	0.8146509	-2.6995609	0.2191704	0.7332457	-2.5081593	0.2152804	0.6388846
126	2.3584906	-2.4815142	1.5847304	0.7423381	-2.5478875	1.6306004	0.6064344	-2.3422050	1.6219604	0.8196017	-2.5635420	1.3234404	0.4367725	-2.1783541	1.3101204	0.8391716	-2.5264809	1.3116704	0.4611712	-2.1934765	1.2937904	0.7959071	-2.7063062	1.1336304	0.5559542	-2.4291838	1.3054104	0.9087118	-2.7017130	1.1153904	0.5172600	-2.4195672	1.2698404	0.9258298	-2.3949287	1.6380704	0.6612647	-2.5920935	1.1577304	0.6619318	-2.4361855	1.1539104	0.8353493	-2.4134974	1.1763604	0.5820891	-2.3347700	1.1706404	0.6661573	-2.6517834	0.7072804	0.6897523	-2.4666168	0.7082904	0.9134344	-2.5610961	0.7112504	0.7596249	-2.5308005	0.7081204	0.8214842	-2.5672442	0.2778304	0.6534819	-2.2337293	0.4442504	0.6540330	-2.5366373	0.2716704	0.7075750	-2.2798721	0.4357004	0.6175214	-2.6527930	0.2237304	0.6871851	-2.2277607	0.3430504	0.6784535	-2.6573093	0.2389104	0.7573504	-2.2946481	0.3218104	0.6817439	-2.7382468	1.0314704	0.5290221	-2.4977446	1.2496404	0.9491671	-2.7508537	1.0559704	0.5922370	-2.5203773	1.3052504	0.9331295	-2.3868522	1.2774404	0.6408448	-2.3659983	1.5109004	0.6291085	-2.6636149	0.2339804	0.8032897	-2.3318460	0.2959804	0.6765685	-2.2051264	0.4568904	0.5828741	-2.5039261	0.2330504	0.6372836	-2.4985518	1.8110404	0.7928834	-2.4305110	1.5542904	0.6936072	-2.5439402	1.5603204	0.5714443	-2.5546217	1.3179404	0.4667181	-2.6966764	1.1110404	0.5398225	-2.3170728	1.5482504	0.8157744	-2.1965917	1.3027304	0.8192694	-2.4317498	1.2768104	0.9099317	-2.4645475	1.0908504	0.7032790	-2.5348274	1.0949504	0.6334886	-2.6277093	0.6705804	0.7238292	-2.5434806	0.2632404	0.6814337	-2.3942675	1.0867504	0.7730694	-2.4906379	0.6794604	0.8788416	-2.2573235	0.4412504	0.6267119	-2.4900096	1.8312304	0.7353092	-2.4397216	1.8260904	0.7792817	-2.4741626	1.7689404	0.6562491	-2.3717075	1.7586304	0.7492743	-2.3327032	0.2746504	0.6953014	-2.2564918	0.2930904	0.7039831	-2.2051264	0.4568904	0.5828741	-2.6839656	0.2277104	0.8146097	-2.6990963	0.2190304	0.7332196	-2.5077612	0.2151204	0.6387171
127	2.3773585	-2.4821649	1.5847804	0.7421009	-2.5485322	1.6304804	0.6060896	-2.3429228	1.6222004	0.8193663	-2.5637275	1.3232504	0.4365315	-2.1789780	1.3104504	0.8395869	-2.5266834	1.3115004	0.4609664	-2.1940908	1.2940204	0.7963489	-2.7064875	1.1334204	0.5557041	-2.4297581	1.3056404	0.9093046	-2.7018810	1.1151804	0.5170051	-2.4200575	1.2701604	0.9265500	-2.3956163	1.6381404	0.6609883	-2.5923104	1.1576404	0.6618528	-2.4364501	1.1539704	0.8353252	-2.4137125	1.1764304	0.5820771	-2.3350068	1.1707804	0.6661683	-2.6516366	0.7071304	0.6895560	-2.4665075	0.7082904	0.9133419	-2.5609669	0.7111604	0.7594425	-2.5306870	0.7080704	0.8213826	-2.5668546	0.2777204	0.6533326	-2.2333029	0.4445604	0.6539229	-2.5362211	0.2716004	0.7074160	-2.2794365	0.4359704	0.6174155	-2.6523653	0.2236004	0.6871197	-2.2272889	0.3433504	0.6783645	-2.6568460	0.2388004	0.7572796	-2.2941624	0.3221004	0.6816725	-2.7383701	1.0312404	0.5287660	-2.4981636	1.2499104	0.9500420	-2.7509994	1.0557404	0.5919815	-2.5209220	1.3054204	0.9338244	-2.3871748	1.2775304	0.6408268	-2.3665481	1.5109604	0.6289624	-2.6631111	0.2338704	0.8032267	-2.3313555	0.2962504	0.6765104	-2.2046999	0.4571804	0.5827640	-2.5035322	0.2329604	0.6371252	-2.4991288	1.8110804	0.7927246	-2.4311122	1.5543404	0.6933821	-2.5444719	1.5601804	0.5711412	-2.5548206	1.3177604	0.4664819	-2.6968619	1.1108404	0.5395815	-2.3177435	1.5485004	0.8156272	-2.1972108	1.3030104	0.8196979	-2.4322630	1.2770604	0.9106302	-2.4647275	1.0908804	0.7032392	-2.5349857	1.0949204	0.6334258	-2.6275402	0.6704504	0.7236322	-2.5430777	0.2631504	0.6812795	-2.3944602	1.0868404	0.7730568	-2.4904977	0.6794504	0.8787304	-2.2568970	0.4415304	0.6266018	-2.4907074	1.8313004	0.7351493	-2.4403240	1.8261204	0.7790119	-2.4750369	1.7690404	0.6560180	-2.3723861	1.7586704	0.7488365	-2.3321945	0.2749304	0.6952517	-2.2559928	0.2933904	0.7039068	-2.2046999	0.4571804	0.5827640	-2.6834521	0.2275804	0.8145733	-2.6986456	0.2189104	0.7331760	-2.5073583	0.2150304	0.6385630
128	2.3962264	-2.4830560	1.5847504	0.7420715	-2.5494426	1.6303904	0.6060071	-2.3439069	1.6223504	0.8193708	-2.5641360	1.3232104	0.4363190	-2.1796406	1.3108104	0.8398958	-2.5270785	1.3114804	0.4607491	-2.1947172	1.2943204	0.7966747	-2.7067298	1.1332604	0.5555139	-2.4304153	1.3054504	0.9096491	-2.7021414	1.1150404	0.5168064	-2.4206011	1.2700304	0.9269586	-2.3965787	1.6382504	0.6609698	-2.5926270	1.1575604	0.6617272	-2.4368059	1.1540204	0.8352365	-2.4140230	1.1765104	0.5820095	-2.3353300	1.1709304	0.6661279	-2.6515038	0.7069704	0.6893421	-2.4666652	0.7083504	0.9133015	-2.5608425	0.7110704	0.7592467	-2.5308362	0.7080904	0.8213241	-2.5664553	0.2776004	0.6532098	-2.2332026	0.4449004	0.6538262	-2.5358085	0.2715104	0.7072884	-2.2793224	0.4362804	0.6173363	-2.6519461	0.2234904	0.6870725	-2.2271252	0.3437004	0.6782974	-2.6563862	0.2387204	0.7572402	-2.2939848	0.3224204	0.6816229	-2.7385593	1.0310604	0.5285565	-2.4986292	1.2495904	0.9505200	-2.7511390	1.0555304	0.5917840	-2.5215653	1.3049804	0.9341865	-2.3876013	1.2776404	0.6407714	-2.3673003	1.5111204	0.6289427	-2.6626423	0.2337904	0.8031915	-2.3311682	0.2965704	0.6764873	-2.2046087	0.4575204	0.5826631	-2.5031378	0.2328404	0.6369892	-2.5001250	1.8110004	0.7929442	-2.4319495	1.5543904	0.6933557	-2.5452615	1.5600904	0.5710599	-2.5552157	1.3177104	0.4662645	-2.6971049	1.1106904	0.5393689	-2.3186376	1.5486904	0.8156516	-2.1978735	1.3033204	0.8200068	-2.4328338	1.2768604	0.9110260	-2.4649982	1.0909104	0.7031571	-2.5352347	1.0948804	0.6333208	-2.6273802	0.6703004	0.7234310	-2.5426742	0.2630504	0.6811477	-2.3947617	1.0869304	0.7729935	-2.4906421	0.6795004	0.8786851	-2.2567920	0.4418604	0.6265184	-2.4918105	1.8312904	0.7353853	-2.4413534	1.8260804	0.7791608	-2.4762366	1.7691204	0.6561537	-2.3734385	1.7587104	0.7487981	-2.3319982	0.2752404	0.6952329	-2.2558062	0.2937404	0.7038615	-2.2046087	0.4575204	0.5826631	-2.6829700	0.2275004	0.8145333	-2.6982034	0.2188304	0.7331504	-2.5069633	0.2149104	0.6384493
129	2.4150943	-2.4844407	1.5849004	0.7419886	-2.5508901	1.6304504	0.6059170	-2.3453242	1.6226904	0.8192395	-2.5652126	1.3233404	0.4360487	-2.1807498	1.3113404	0.8400737	-2.5281292	1.3116304	0.4604467	-2.1957900	1.2947804	0.7968695	-2.7076245	1.1334104	0.5555160	-2.4315287	1.3055704	0.9098361	-2.7030990	1.1151804	0.5168013	-2.4216226	1.2702104	0.9272325	-2.3980358	1.6384704	0.6608530	-2.5935379	1.1575504	0.6617879	-2.4376511	1.1542304	0.8352506	-2.4149799	1.1767104	0.5820267	-2.3362610	1.1712204	0.6661130	-2.6514936	0.7067504	0.6892255	-2.4673272	0.7086604	0.9136327	-2.5608154	0.7110004	0.7590938	-2.5315332	0.7083104	0.8216831	-2.5660995	0.2774504	0.6531330	-2.2336533	0.4457004	0.6538699	-2.5353996	0.2714004	0.7071923	-2.2798075	0.4370304	0.6174301	-2.6515606	0.2233904	0.6870978	-2.2274073	0.3444904	0.6782872	-2.6559561	0.2386404	0.7572642	-2.2942427	0.3231304	0.6816792	-2.7394516	1.0311804	0.5286479	-2.4995866	1.2496204	0.9508459	-2.7519280	1.0556704	0.5918905	-2.5226786	1.3049004	0.9343735	-2.3886573	1.2778704	0.6407644	-2.3686179	1.5113704	0.6288579	-2.6621807	0.2337104	0.8032192	-2.3314026	0.2972304	0.6765877	-2.2051675	0.4583804	0.5826784	-2.5027826	0.2326904	0.6368900	-2.5016715	1.8111604	0.7928299	-2.4332943	1.5546104	0.6932583	-2.5466063	1.5601604	0.5709624	-2.5562615	1.3178504	0.4659755	-2.6980268	1.1108404	0.5393583	-2.3199733	1.5490504	0.8155584	-2.1989735	1.3038104	0.8201889	-2.4338650	1.2769804	0.9112734	-2.4658161	1.0910604	0.7031839	-2.5360659	1.0949604	0.6333524	-2.6273078	0.6701204	0.7232993	-2.5422785	0.2629304	0.6810563	-2.3955621	1.0871604	0.7730064	-2.4913036	0.6798004	0.8790387	-2.2572728	0.4426304	0.6266031	-2.4934024	1.8314404	0.7352498	-2.4429235	1.8262804	0.7790024	-2.4778370	1.7692604	0.6560363	-2.3749778	1.7589404	0.7486210	-2.3321746	0.2759004	0.6953272	-2.2560031	0.2944804	0.7038579	-2.2051675	0.4583804	0.5826784	-2.6825127	0.2274204	0.8145700	-2.6977817	0.2187604	0.7331926	-2.5066123	0.2147604	0.6383592
130	2.4339623	-2.4862826	1.5850704	0.7420344	-2.5527762	1.6306004	0.6059864	-2.3472163	1.6230304	0.8192510	-2.5666324	1.3237004	0.4356625	-2.1822636	1.3119304	0.8403387	-2.5295140	1.3120004	0.4600327	-2.1972501	1.2953104	0.7971376	-2.7087410	1.1337004	0.5554257	-2.4331018	1.3057504	0.9098970	-2.7042915	1.1154704	0.5167086	-2.4231268	1.2704504	0.9273586	-2.3999400	1.6387704	0.6609140	-2.5948682	1.1575704	0.6618958	-2.4388545	1.1544904	0.8352522	-2.4163664	1.1769704	0.5820423	-2.3375816	1.1715704	0.6660820	-2.6516791	0.7065104	0.6891500	-2.4682828	0.7090404	0.9140257	-2.5609664	0.7109504	0.7589682	-2.5325680	0.7085904	0.8221275	-2.5658179	0.2773104	0.6531208	-2.2345250	0.4465604	0.6538937	-2.5350649	0.2712904	0.7071607	-2.2807130	0.4378304	0.6175265	-2.6512271	0.2232704	0.6871871	-2.2280839	0.3453504	0.6782476	-2.6555779	0.2385504	0.7573523	-2.2948807	0.3238904	0.6817458	-2.7405613	1.0314404	0.5286380	-2.5010516	1.2497004	0.9509351	-2.7528891	1.0559304	0.5919168	-2.5242772	1.3048904	0.9343232	-2.3901296	1.2781704	0.6407510	-2.3703849	1.5117204	0.6288615	-2.6617844	0.2336204	0.8033157	-2.3320030	0.2979504	0.6767159	-2.2061613	0.4593104	0.5826563	-2.5024884	0.2325504	0.6368507	-2.5037811	1.8113204	0.7929054	-2.4350874	1.5548904	0.6932938	-2.5483951	1.5603404	0.5709889	-2.5576366	1.3182004	0.4655880	-2.6991662	1.1111304	0.5392463	-2.3217754	1.5494404	0.8155897	-2.2004517	1.3043504	0.8204486	-2.4353698	1.2771604	0.9113772	-2.4670232	1.0912604	0.7032169	-2.5373080	1.0950704	0.6334132	-2.6273996	0.6699204	0.7232123	-2.5419705	0.2628004	0.6810345	-2.3967383	1.0874604	0.7730206	-2.4922851	0.6801804	0.8794637	-2.2581838	0.4434704	0.6266638	-2.4955385	1.8316004	0.7353350	-2.4450464	1.8265004	0.7790827	-2.4799061	1.7694404	0.6561197	-2.3770427	1.7592204	0.7486953	-2.3327170	0.2766104	0.6954494	-2.2565716	0.2952904	0.7038466	-2.2061613	0.4593104	0.5826563	-2.6821115	0.2273304	0.8146798	-2.6974301	0.2186704	0.7332904	-2.5063133	0.2146204	0.6383331
131	2.4528302	-2.4878515	1.5849904	0.7420862	-2.5539651	1.6305304	0.6058623	-2.3491325	1.6231604	0.8196925	-2.5666834	1.3240304	0.4346125	-2.1833218	1.3125404	0.8412356	-2.5295952	1.3122604	0.4590238	-2.1981132	1.2958804	0.7979709	-2.7092200	1.1349404	0.5554119	-2.4344272	1.3054604	0.9098527	-2.7048890	1.1164904	0.5167831	-2.4243792	1.2701904	0.9273705	-2.4013632	1.6388504	0.6612213	-2.5957110	1.1574304	0.6618338	-2.4398452	1.1545004	0.8353419	-2.4171457	1.1769904	0.5821754	-2.3384310	1.1716804	0.6662708	-2.6522173	0.7063504	0.6892631	-2.4691443	0.7090604	0.9140984	-2.5615530	0.7108904	0.7591140	-2.5333721	0.7086004	0.8221718	-2.5655829	0.2773104	0.6532083	-2.2351605	0.4467004	0.6540497	-2.5348655	0.2713304	0.7072537	-2.2813352	0.4379504	0.6176777	-2.6509396	0.2231604	0.6872329	-2.2287309	0.3455004	0.6784755	-2.6553259	0.2384304	0.7574036	-2.2955318	0.3240604	0.6819828	-2.7413858	1.0326204	0.5292466	-2.5023028	1.2491204	0.9506606	-2.7535475	1.0575104	0.5923821	-2.5256970	1.3042004	0.9339370	-2.3910557	1.2782404	0.6409150	-2.3715303	1.5118504	0.6291880	-2.6615324	0.2335004	0.8033670	-2.3326633	0.2981204	0.6769487	-2.2067702	0.4593904	0.5828027	-2.5021990	0.2326404	0.6369635	-2.5058001	1.8112004	0.7930232	-2.4364255	1.5549904	0.6934423	-2.5493316	1.5603504	0.5707729	-2.5576871	1.3185304	0.4645604	-2.6997679	1.1122304	0.5393298	-2.3235193	1.5496404	0.8161116	-2.2014447	1.3049304	0.8212765	-2.4365878	1.2768304	0.9113389	-2.4678309	1.0912504	0.7032927	-2.5380637	1.0949704	0.6334249	-2.6279107	0.6698004	0.7233381	-2.5417445	0.2628504	0.6811178	-2.3976070	1.0875204	0.7731562	-2.4931158	0.6802004	0.8795177	-2.2588060	0.4435904	0.6268150	-2.4974584	1.8315104	0.7354769	-2.4470574	1.8264604	0.7793256	-2.4815794	1.7693804	0.6562773	-2.3788978	1.7592804	0.7490770	-2.3333857	0.2768004	0.6957003	-2.2572397	0.2954704	0.7041198	-2.2067702	0.4593904	0.5828027	-2.6818554	0.2271804	0.8147221	-2.6971649	0.2185004	0.7333368	-2.5060015	0.2147004	0.6384454
132	2.4716981	-2.4892694	1.5846504	0.7420981	-2.5550924	1.6301404	0.6057007	-2.3509260	1.6231904	0.8200368	-2.5666982	1.3240004	0.4335795	-2.1837227	1.3133704	0.8419534	-2.5296179	1.3122004	0.4580313	-2.1983051	1.2966504	0.7986427	-2.7096223	1.1359104	0.5555884	-2.4350332	1.3045804	0.9097798	-2.7054139	1.1172204	0.5170569	-2.4247876	1.2693804	0.9273235	-2.4027666	1.6387904	0.6614386	-2.5960584	1.1571404	0.6615615	-2.4404494	1.1543204	0.8353360	-2.4173819	1.1768304	0.5822087	-2.3388024	1.1716104	0.6664285	-2.6528950	0.7062604	0.6895098	-2.4700016	0.7089004	0.9139966	-2.5622911	0.7108404	0.7594429	-2.5340886	0.7084904	0.8219811	-2.5653654	0.2774304	0.6533098	-2.2356299	0.4468104	0.6540625	-2.5346836	0.2715004	0.7073606	-2.2817702	0.4380604	0.6176403	-2.6506792	0.2231404	0.6872660	-2.2292697	0.3456304	0.6785663	-2.6551284	0.2384004	0.7574295	-2.2960864	0.3242204	0.6819890	-2.7421455	1.0335204	0.5300950	-2.5026195	1.2477204	0.9503695	-2.7541230	1.0588504	0.5930958	-2.5263737	1.3026204	0.9335662	-2.3915093	1.2781504	0.6410124	-2.3724944	1.5118704	0.6294336	-2.6613349	0.2334504	0.8033929	-2.3332142	0.2982904	0.6769235	-2.2071357	0.4594604	0.5828529	-2.5019090	0.2328604	0.6370988	-2.5075089	1.8106704	0.7936828	-2.4376264	1.5549104	0.6935332	-2.5501744	1.5600304	0.5705454	-2.5576838	1.3185304	0.4635358	-2.7002795	1.1130604	0.5395988	-2.3250785	1.5497804	0.8165211	-2.2017665	1.3057004	0.8219429	-2.4369883	1.2759204	0.9112514	-2.4682211	1.0910504	0.7032541	-2.5383405	1.0947204	0.6332848	-2.6285963	0.6697504	0.7236253	-2.5415312	0.2630004	0.6812283	-2.3981018	1.0873904	0.7732234	-2.4939386	0.6800504	0.8793657	-2.2592361	0.4436904	0.6267910	-2.4993225	1.8311804	0.7361855	-2.4488219	1.8260504	0.7799151	-2.4835264	1.7693004	0.6567376	-2.3806364	1.7590804	0.7493035	-2.3339723	0.2769704	0.6956805	-2.2578456	0.2956304	0.7042124	-2.2071357	0.4594604	0.5828529	-2.6816536	0.2271004	0.8147389	-2.6969184	0.2184204	0.7333525	-2.5056849	0.2149104	0.6385709
133	2.4905660	-2.4906051	1.5842104	0.7421704	-2.5563720	1.6297004	0.6056999	-2.3525395	1.6231404	0.8202554	-2.5668695	1.3239404	0.4327162	-2.1840434	1.3140504	0.8421679	-2.5297667	1.3121304	0.4571674	-2.1984838	1.2972904	0.7988132	-2.7098313	1.1365204	0.5557999	-2.4354120	1.3035404	0.9096693	-2.7057412	1.1176504	0.5173566	-2.4249380	1.2684004	0.9272202	-2.4042611	1.6387504	0.6615913	-2.5962470	1.1568204	0.6612087	-2.4408028	1.1541004	0.8351712	-2.4175112	1.1766504	0.5820601	-2.3390012	1.1715004	0.6663579	-2.6534580	0.7061604	0.6896997	-2.4705103	0.7086704	0.9137152	-2.5628668	0.7107704	0.7596599	-2.5345182	0.7083204	0.8216484	-2.5652119	0.2775004	0.6533593	-2.2359387	0.4468504	0.6537310	-2.5345211	0.2716104	0.7074143	-2.2820621	0.4381104	0.6172725	-2.6504448	0.2230904	0.6873312	-2.2296570	0.3456904	0.6783084	-2.6549073	0.2383304	0.7574995	-2.2964883	0.3243204	0.6816913	-2.7425670	1.0340504	0.5308805	-2.5026340	1.2461804	0.9501641	-2.7543638	1.0597304	0.5937779	-2.5267646	1.3008904	0.9333398	-2.3918386	1.2780504	0.6409140	-2.3734809	1.5119304	0.6295142	-2.6611005	0.2333804	0.8034581	-2.3336209	0.2984004	0.6766125	-2.2073908	0.4594504	0.5825244	-2.5017017	0.2330104	0.6371513	-2.5089113	1.8098104	0.7950812	-2.4388063	1.5547604	0.6935789	-2.5511706	1.5596704	0.5704339	-2.5578012	1.3184804	0.4626756	-2.7005712	1.1135704	0.5398931	-2.3264371	1.5498404	0.8167371	-2.2020389	1.3063104	0.8221249	-2.4371617	1.2748504	0.9111264	-2.4684278	1.0908204	0.7030584	-2.5384819	1.0944304	0.6330203	-2.6291496	0.6696804	0.7238417	-2.5413687	0.2631104	0.6812820	-2.3983646	1.0872104	0.7731008	-2.4944172	0.6798504	0.8790432	-2.2595190	0.4437304	0.6264274	-2.5011429	1.8307104	0.7376758	-2.4503349	1.8253704	0.7810302	-2.4858133	1.7693804	0.6576904	-2.3822862	1.7587404	0.7495051	-2.3344146	0.2770804	0.6953750	-2.2582728	0.2957204	0.7039691	-2.2073908	0.4594504	0.5825244	-2.6814101	0.2270104	0.8148083	-2.6966840	0.2183104	0.7334176	-2.5054553	0.2150604	0.6386228
134	2.5094340	-2.4915264	1.5840004	0.7418511	-2.5573466	1.6292704	0.6052344	-2.3535721	1.6232304	0.8199615	-2.5669571	1.3232504	0.4326202	-2.1847817	1.3143004	0.8420002	-2.5298447	1.3115304	0.4570980	-2.1991859	1.2975204	0.7986623	-2.7098686	1.1362504	0.5564004	-2.4360771	1.3029104	0.9097233	-2.7057900	1.1172304	0.5180290	-2.4254322	1.2678304	0.9273098	-2.4053178	1.6387204	0.6612310	-2.5964005	1.1565704	0.6609937	-2.4410125	1.1539604	0.8350293	-2.4176762	1.1765404	0.5819170	-2.3391837	1.1714804	0.6662287	-2.6536653	0.7060004	0.6896472	-2.4700659	0.7083304	0.9131170	-2.5630873	0.7106404	0.7596122	-2.5341088	0.7079804	0.8210780	-2.5651086	0.2773904	0.6533743	-2.2357141	0.4461004	0.6532730	-2.5343828	0.2715504	0.7074016	-2.2818586	0.4373604	0.6168598	-2.6502677	0.2228804	0.6874248	-2.2295743	0.3449804	0.6780601	-2.6546855	0.2381604	0.7575919	-2.2964442	0.3237204	0.6815022	-2.7426247	1.0336804	0.5318797	-2.5029807	1.2453404	0.9504107	-2.7544065	1.0596104	0.5946738	-2.5273814	1.2999204	0.9335267	-2.3921292	1.2779904	0.6407564	-2.3742083	1.5119104	0.6292522	-2.6608201	0.2332104	0.8035668	-2.3336246	0.2978604	0.6764784	-2.2071716	0.4585204	0.5820307	-2.5015767	0.2329604	0.6371434	-2.5099448	1.8093104	0.7954047	-2.4396382	1.5546004	0.6932571	-2.5519247	1.5592204	0.5700161	-2.5578707	1.3178604	0.4625880	-2.7006284	1.1132304	0.5405836	-2.3273475	1.5499704	0.8164891	-2.2027856	1.3065304	0.8219753	-2.4377006	1.2742204	0.9112172	-2.4685577	1.0906704	0.7028875	-2.5386034	1.0942204	0.6328312	-2.6293526	0.6695404	0.7237802	-2.5412436	0.2630404	0.6812741	-2.3985078	1.0871204	0.7729347	-2.4939637	0.6794804	0.8784493	-2.2592986	0.4429604	0.6259785	-2.5024882	1.8304404	0.7380526	-2.4514640	1.8250104	0.7811326	-2.4874311	1.7694304	0.6577525	-2.3834620	1.7586404	0.7490451	-2.3344443	0.2765704	0.6952729	-2.2582770	0.2951004	0.7038126	-2.2071716	0.4585204	0.5820307	-2.6810977	0.2268304	0.8149429	-2.6964695	0.2180904	0.7335728	-2.5053031	0.2150004	0.6386276
135	2.5283019	-2.4922104	1.5838804	0.7415432	-2.5579327	1.6288904	0.6047404	-2.3544076	1.6233804	0.8198367	-2.5667034	1.3225904	0.4325730	-2.1854069	1.3145704	0.8422052	-2.5296115	1.3109504	0.4571184	-2.1997307	1.2977604	0.7988606	-2.7096975	1.1359204	0.5567671	-2.4366764	1.3023204	0.9098963	-2.7055996	1.1168004	0.5184488	-2.4258828	1.2673004	0.9275189	-2.4060048	1.6386804	0.6609768	-2.5964447	1.1563904	0.6608517	-2.4412173	1.1538604	0.8350662	-2.4176659	1.1764704	0.5819659	-2.3392429	1.1714804	0.6663556	-2.6537879	0.7059004	0.6895789	-2.4697307	0.7080704	0.9127768	-2.5632704	0.7105504	0.7596262	-2.5337470	0.7077104	0.8207281	-2.5649334	0.2773304	0.6534009	-2.2353100	0.4456304	0.6531635	-2.5342299	0.2715304	0.7074287	-2.2814593	0.4368904	0.6167371	-2.6500786	0.2227804	0.6874689	-2.2292783	0.3445304	0.6780878	-2.6544964	0.2380704	0.7576359	-2.2961880	0.3233604	0.6815444	-2.7424595	1.0332904	0.5325194	-2.5033220	1.2445404	0.9506929	-2.7542843	1.0594204	0.5952163	-2.5279576	1.2989804	0.9337214	-2.3922615	1.2779504	0.6408271	-2.3746264	1.5118704	0.6291787	-2.6606087	0.2331404	0.8036102	-2.3333992	0.2975404	0.6765393	-2.2067234	0.4579204	0.5818977	-2.5013876	0.2329404	0.6371874	-2.5109205	1.8090604	0.7952256	-2.4401995	1.5544704	0.6930175	-2.5523072	1.5588004	0.5696060	-2.5576345	1.3172604	0.4625547	-2.7004464	1.1128604	0.5410215	-2.3280870	1.5501404	0.8164422	-2.2033933	1.3067704	0.8221663	-2.4381874	1.2736304	0.9114094	-2.4685940	1.0905604	0.7028706	-2.5385829	1.0940604	0.6327635	-2.6295012	0.6694604	0.7237439	-2.5410908	0.2630104	0.6813013	-2.3986093	1.0870604	0.7729867	-2.4935977	0.6791904	0.8780903	-2.2588770	0.4424804	0.6258551	-2.5035660	1.8302704	0.7379031	-2.4524850	1.8248704	0.7809323	-2.4884848	1.7693804	0.6575039	-2.3843979	1.7586704	0.7486860	-2.3342449	0.2762704	0.6953659	-2.2580595	0.2947304	0.7039141	-2.2067234	0.4579204	0.5818977	-2.6808815	0.2267404	0.8149997	-2.6962755	0.2179804	0.7336302	-2.5051049	0.2149804	0.6386759
136	2.5471698	-2.4928212	1.5837904	0.7414570	-2.5585689	1.6285504	0.6045430	-2.3550311	1.6234404	0.8197776	-2.5670790	1.3218804	0.4330709	-2.1858890	1.3147304	0.8422452	-2.5299907	1.3103104	0.4576477	-2.2002031	1.2978904	0.7989272	-2.7100224	1.1351204	0.5571562	-2.4370146	1.3018104	0.9102902	-2.7058798	1.1160104	0.5188368	-2.4260766	1.2668504	0.9279582	-2.4066253	1.6385704	0.6608640	-2.5967111	1.1561804	0.6609261	-2.4415755	1.1537504	0.8352191	-2.4179208	1.1763804	0.5821339	-2.3395370	1.1714604	0.6665605	-2.6539704	0.7057104	0.6896152	-2.4696014	0.7078604	0.9127598	-2.5634739	0.7103904	0.7597078	-2.5336002	0.7074604	0.8206972	-2.5647323	0.2772304	0.6533954	-2.2349318	0.4455204	0.6532516	-2.5340330	0.2714504	0.7074323	-2.2810678	0.4367404	0.6168203	-2.6498539	0.2226704	0.6875075	-2.2289116	0.3444304	0.6782478	-2.6542674	0.2379904	0.7576655	-2.2958255	0.3232804	0.6817134	-2.7426969	1.0324804	0.5328391	-2.5033852	1.2438904	0.9513255	-2.7545796	1.0585704	0.5955420	-2.5282372	1.2982104	0.9342972	-2.3926100	1.2778604	0.6410066	-2.3751447	1.5117504	0.6292018	-2.6603706	0.2330504	0.8036440	-2.3330403	0.2974604	0.6767398	-2.2063410	0.4577604	0.5819767	-2.5011683	0.2328504	0.6371904	-2.5118401	1.8090104	0.7948078	-2.4407602	1.5542904	0.6929657	-2.5528642	1.5583904	0.5695228	-2.5580192	1.3165904	0.4630484	-2.7007441	1.1120804	0.5414234	-2.3286561	1.5502004	0.8164085	-2.2038748	1.3068804	0.8222287	-2.4384392	1.2731304	0.9118547	-2.4688362	1.0904304	0.7030114	-2.5387949	1.0938804	0.6328633	-2.6296746	0.6692804	0.7237845	-2.5408763	0.2629204	0.6812909	-2.3988733	1.0869804	0.7731505	-2.4934328	0.6789504	0.8780679	-2.2584897	0.4423404	0.6259474	-2.5044415	1.8301604	0.7374617	-2.4534034	1.8248804	0.7805592	-2.4891917	1.7691804	0.6571742	-2.3851954	1.7587204	0.7484796	-2.3338854	0.2762104	0.6955887	-2.2577006	0.2946604	0.7041145	-2.2063410	0.4577604	0.5819767	-2.6806344	0.2266504	0.8150376	-2.6960417	0.2178904	0.7336730	-2.5048856	0.2148904	0.6386788
137	2.5660377	-2.4935262	1.5836904	0.7415255	-2.5593470	1.6282304	0.6045553	-2.3557228	1.6234504	0.8198413	-2.5677017	1.3212404	0.4336964	-2.1862563	1.3149004	0.8420629	-2.5306079	1.3097304	0.4583088	-2.2006055	1.2980504	0.7987727	-2.7106245	1.1344404	0.5577140	-2.4372253	1.3013104	0.9106002	-2.7064463	1.1153504	0.5193891	-2.4261308	1.2664104	0.9282639	-2.4073756	1.6384804	0.6609114	-2.5971327	1.1559804	0.6610495	-2.4420448	1.1536404	0.8353975	-2.4183321	1.1763004	0.5823062	-2.3399743	1.1714404	0.6667648	-2.6542627	0.7055204	0.6897217	-2.4696171	0.7077004	0.9128408	-2.5637923	0.7102504	0.7598462	-2.5336117	0.7072404	0.8207691	-2.5644997	0.2771704	0.6533935	-2.2346049	0.4455704	0.6534261	-2.5337961	0.2714104	0.7074213	-2.2807319	0.4367604	0.6169991	-2.6496116	0.2226104	0.6875322	-2.2285563	0.3445004	0.6784797	-2.6540210	0.2379404	0.7576811	-2.2954654	0.3233304	0.6819586	-2.7432338	1.0318004	0.5333280	-2.5032993	1.2432404	0.9518510	-2.7551745	1.0578604	0.5960370	-2.5283621	1.2974604	0.9348016	-2.3931193	1.2777904	0.6411995	-2.3758038	1.5116504	0.6293137	-2.6601193	0.2330004	0.8036729	-2.3326711	0.2975004	0.6769892	-2.2059959	0.4577804	0.5821597	-2.5009357	0.2328104	0.6371885	-2.5128286	1.8090104	0.7944903	-2.4414295	1.5541204	0.6930287	-2.5535777	1.5580204	0.5696094	-2.5586461	1.3159904	0.4636829	-2.7013148	1.1114104	0.5419848	-2.3292814	1.5502204	0.8164480	-2.2042681	1.3070204	0.8220784	-2.4385509	1.2726504	0.9121889	-2.4692167	1.0903104	0.7031650	-2.5391670	1.0937104	0.6329987	-2.6299488	0.6691004	0.7238993	-2.5406437	0.2628704	0.6812890	-2.3992756	1.0869004	0.7733271	-2.4934128	0.6787604	0.8781434	-2.2581495	0.4423704	0.6261171	-2.5053502	1.8300604	0.7371152	-2.4543858	1.8249104	0.7802998	-2.4899354	1.7689504	0.6569709	-2.3860683	1.7587404	0.7484587	-2.3335156	0.2762704	0.6958604	-2.2573308	0.2947404	0.7043863	-2.2059959	0.4577804	0.5821597	-2.6803788	0.2265904	0.8150575	-2.6957904	0.2178204	0.7337019	-2.5046440	0.2148404	0.6386812
138	2.5849057	-2.4942306	1.5836504	0.7416163	-2.5601420	1.6279504	0.6046039	-2.3564103	1.6235004	0.8198959	-2.5684336	1.3206204	0.4344143	-2.1866647	1.3151104	0.8420159	-2.5313442	1.3091704	0.4590358	-2.2010399	1.2982304	0.7987577	-2.7113052	1.1337404	0.5583455	-2.4374795	1.3010104	0.9109561	-2.7070913	1.1146704	0.5200152	-2.4262679	1.2661604	0.9286524	-2.4081126	1.6383804	0.6609539	-2.5976105	1.1558104	0.6612460	-2.4425703	1.1535604	0.8356490	-2.4188311	1.1762404	0.5825480	-2.3404769	1.1714404	0.6670380	-2.6545412	0.7053204	0.6898456	-2.4696938	0.7075404	0.9129816	-2.5640967	0.7101004	0.7600022	-2.5336757	0.7070304	0.8208827	-2.5642586	0.2770904	0.6533735	-2.2343384	0.4456104	0.6536828	-2.5335593	0.2713604	0.7074104	-2.2804479	0.4367604	0.6172418	-2.6493518	0.2225204	0.6875429	-2.2282565	0.3445604	0.6788070	-2.6537564	0.2378804	0.7577052	-2.2951657	0.3233804	0.6822860	-2.7438541	1.0311004	0.5338773	-2.5033329	1.2428504	0.9524201	-2.7558304	1.0571104	0.5965917	-2.5285667	1.2969704	0.9353351	-2.3936985	1.2777404	0.6414480	-2.3764846	1.5115504	0.6294486	-2.6598414	0.2329404	0.8036921	-2.3323708	0.2975404	0.6773389	-2.2057119	0.4577904	0.5824024	-2.5006856	0.2327504	0.6371727	-2.5137482	1.8091304	0.7940725	-2.4421248	1.5539904	0.6931237	-2.5543346	1.5576904	0.5697419	-2.5593871	1.3154004	0.4643966	-2.7019641	1.1107304	0.5426199	-2.3299199	1.5502804	0.8164923	-2.2046892	1.3071804	0.8220586	-2.4387459	1.2723604	0.9125834	-2.4696668	1.0902104	0.7033965	-2.5395995	1.0935704	0.6332163	-2.6302098	0.6689104	0.7240094	-2.5403894	0.2628104	0.6812642	-2.3997431	1.0868604	0.7735725	-2.4934496	0.6785804	0.8782697	-2.2578607	0.4423904	0.6263731	-2.5061949	1.8300304	0.7366551	-2.4552902	1.8250204	0.7799442	-2.4906049	1.7687204	0.6567028	-2.3868888	1.7587804	0.7483961	-2.3332013	0.2763104	0.6962276	-2.2570256	0.2948204	0.7047493	-2.2057119	0.4577904	0.5824024	-2.6801051	0.2265104	0.8150858	-2.6955167	0.2177404	0.7337302	-2.5043848	0.2147804	0.6386696
139	2.6037736	-2.4950171	1.5836404	0.7418123	-2.5609642	1.6278404	0.6048053	-2.3572934	1.6236304	0.8201571	-2.5691065	1.3203804	0.4348398	-2.1868484	1.3156204	0.8420075	-2.5319687	1.3089804	0.4594287	-2.2010864	1.2987804	0.7986919	-2.7116016	1.1334404	0.5591231	-2.4378943	1.3007104	0.9100235	-2.7074638	1.1143704	0.5207904	-2.4266421	1.2658804	0.9277276	-2.4089299	1.6384204	0.6611686	-2.5980859	1.1557104	0.6613663	-2.4431158	1.1535804	0.8358249	-2.4192865	1.1762804	0.5827439	-2.3409764	1.1715404	0.6672574	-2.6546668	0.7051604	0.6898311	-2.4698556	0.7075504	0.9131157	-2.5642791	0.7100104	0.7600385	-2.5338110	0.7069604	0.8210072	-2.5640387	0.2770004	0.6533988	-2.2343044	0.4453304	0.6542724	-2.5333569	0.2713004	0.7074496	-2.2804006	0.4364204	0.6178266	-2.6490963	0.2223704	0.6875628	-2.2282491	0.3443204	0.6795718	-2.6535413	0.2377504	0.7577172	-2.2951666	0.3231704	0.6830689	-2.7441347	1.0307804	0.5347395	-2.5037387	1.2423004	0.9511607	-2.7559806	1.0567904	0.5974817	-2.5290728	1.2963604	0.9340068	-2.3942476	1.2777904	0.6416553	-2.3771944	1.5116304	0.6296694	-2.6596354	0.2328304	0.8036999	-2.3323929	0.2973504	0.6781672	-2.2056471	0.4573704	0.5829733	-2.5004288	0.2327004	0.6372373	-2.5146550	1.8093104	0.7939586	-2.4429017	1.5540104	0.6933463	-2.5551114	1.5575804	0.5699645	-2.5600153	1.3151904	0.4648209	-2.7022877	1.1104404	0.5433848	-2.3306877	1.5504504	0.8167190	-2.2048028	1.3076904	0.8219946	-2.4390851	1.2720604	0.9116308	-2.4701095	1.0902104	0.7035652	-2.5400163	1.0935204	0.6333530	-2.6303306	0.6687704	0.7240082	-2.5401779	0.2627404	0.6813076	-2.4002118	1.0869104	0.7737732	-2.4935843	0.6785504	0.8784165	-2.2578134	0.4420604	0.6269579	-2.5070135	1.8300804	0.7364941	-2.4561650	1.8251404	0.7798563	-2.4913655	1.7685904	0.6567012	-2.3877532	1.7588004	0.7485226	-2.3332403	0.2761704	0.6970921	-2.2570514	0.2946404	0.7056089	-2.2056471	0.4573704	0.5829733	-2.6798901	0.2264004	0.8150978	-2.6952884	0.2175804	0.7337374	-2.5041280	0.2147204	0.6387342
140	2.6226415	-2.4958586	1.5836304	0.7419605	-2.5618238	1.6277104	0.6049451	-2.3582623	1.6237604	0.8203894	-2.5697504	1.3201304	0.4351795	-2.1870901	1.3161704	0.8420051	-2.5325643	1.3088004	0.4597357	-2.2011777	1.2993604	0.7986273	-2.7118938	1.1332104	0.5598917	-2.4383736	1.3004304	0.9090166	-2.7078321	1.1141104	0.5215565	-2.4270900	1.2656104	0.9267243	-2.4097974	1.6384604	0.6613489	-2.5985758	1.1556204	0.6614468	-2.4436794	1.1535904	0.8359924	-2.4197649	1.1763204	0.5829180	-2.3414808	1.1716404	0.6674636	-2.6548239	0.7050004	0.6898130	-2.4700531	0.7075704	0.9132554	-2.5644839	0.7099204	0.7600754	-2.5339735	0.7068904	0.8211190	-2.5638406	0.2769004	0.6534471	-2.2342788	0.4450504	0.6548801	-2.5331763	0.2712504	0.7075118	-2.2803617	0.4360904	0.6184295	-2.6488715	0.2222204	0.6876014	-2.2282543	0.3440904	0.6803639	-2.6533528	0.2376304	0.7577389	-2.2951845	0.3229804	0.6838881	-2.7444238	1.0305104	0.5356198	-2.5042194	1.2417604	0.9497780	-2.7561350	1.0565404	0.5983806	-2.5296538	1.2957504	0.9325553	-2.3948106	1.2778504	0.6418452	-2.3779362	1.5117104	0.6298641	-2.6594511	0.2327204	0.8037307	-2.3324234	0.2971704	0.6790135	-2.2055950	0.4569604	0.5835714	-2.5001938	0.2326504	0.6373248	-2.5156259	1.8094804	0.7937928	-2.4437196	1.5540404	0.6935386	-2.5559034	1.5574504	0.5701248	-2.5606145	1.3149804	0.4651594	-2.7025937	1.1102004	0.5441358	-2.3315406	1.5506304	0.8169392	-2.2049568	1.3082204	0.8219227	-2.4394896	1.2717804	0.9105816	-2.4705620	1.0902104	0.7037073	-2.5404337	1.0934704	0.6334673	-2.6304786	0.6686404	0.7239943	-2.5399749	0.2626704	0.6813692	-2.4006945	1.0869604	0.7739564	-2.4937546	0.6785204	0.8785688	-2.2577788	0.4417504	0.6275699	-2.5079228	1.8301304	0.7362908	-2.4571262	1.8252604	0.7797170	-2.4922076	1.7684504	0.6566616	-2.3886992	1.7588104	0.7486111	-2.3333011	0.2760304	0.6979796	-2.2570898	0.2944604	0.7064958	-2.2055950	0.4569604	0.5835714	-2.6797106	0.2262704	0.8151153	-2.6950642	0.2174104	0.7337536	-2.5038749	0.2146704	0.6388302
141	2.6415094	-2.4966995	1.5834704	0.7419656	-2.5623694	1.6275404	0.6047900	-2.3593098	1.6237104	0.8206954	-2.5693253	1.3202404	0.4343626	-2.1875261	1.3164604	0.8424197	-2.5321821	1.3088504	0.4589871	-2.2015606	1.2996104	0.7990225	-2.7120267	1.1341704	0.5597745	-2.4388321	1.3004404	0.9092662	-2.7079982	1.1148804	0.5215342	-2.4275116	1.2656404	0.9270132	-2.4105029	1.6384004	0.6615605	-2.5988532	1.1554504	0.6612844	-2.4441754	1.1535104	0.8360149	-2.4199643	1.1762404	0.5829906	-2.3417853	1.1716204	0.6676195	-2.6551483	0.7049004	0.6898935	-2.4702923	0.7074904	0.9133424	-2.5648687	0.7098704	0.7602380	-2.5341118	0.7067504	0.8211317	-2.5636321	0.2769204	0.6535443	-2.2339241	0.4452204	0.6552552	-2.5330162	0.2712904	0.7076416	-2.2799545	0.4362204	0.6187629	-2.6486565	0.2221704	0.6876134	-2.2278753	0.3442804	0.6808054	-2.6532048	0.2375704	0.7577527	-2.2948074	0.3231504	0.6842625	-2.7448206	1.0314404	0.5359975	-2.5046150	1.2416804	0.9500348	-2.7564684	1.0578204	0.5986224	-2.5301183	1.2956204	0.9327469	-2.3951567	1.2778004	0.6419486	-2.3784532	1.5117004	0.6300975	-2.6593478	0.2326604	0.8037458	-2.3320288	0.2973404	0.6793741	-2.2051635	0.4571004	0.5839712	-2.4999255	0.2327204	0.6374830	-2.5167514	1.8093904	0.7936983	-2.4443491	1.5539804	0.6935872	-2.5562267	1.5573304	0.5699189	-2.5602112	1.3151104	0.4643654	-2.7027997	1.1110404	0.5441280	-2.3324757	1.5506304	0.8172645	-2.2053754	1.3084904	0.8223234	-2.4399069	1.2717704	0.9108614	-2.4708658	1.0901104	0.7037201	-2.5406639	1.0933204	0.6333930	-2.6308108	0.6685604	0.7241153	-2.5397931	0.2627104	0.6814761	-2.4010769	1.0869004	0.7740429	-2.4939231	0.6784204	0.8786226	-2.2573800	0.4419004	0.6279213	-2.5089407	1.8299904	0.7362023	-2.4582263	1.8251804	0.7797336	-2.4930311	1.7682604	0.6566528	-2.3897087	1.7587304	0.7488355	-2.3329331	0.2762004	0.6983498	-2.2567374	0.2946604	0.7069470	-2.2051635	0.4571004	0.5839712	-2.6796079	0.2262004	0.8151080	-2.6948993	0.2173304	0.7337312	-2.5036066	0.2147404	0.6389884
142	2.6603774	-2.4974921	1.5832804	0.7419380	-2.5628533	1.6273404	0.6045975	-2.3602999	1.6236304	0.8209729	-2.5688085	1.3203404	0.4334671	-2.1880002	1.3166604	0.8429158	-2.5316900	1.3088904	0.4581684	-2.2020039	1.2997604	0.7994999	-2.7119887	1.1351404	0.5596929	-2.4393074	1.3004104	0.9097176	-2.7080248	1.1156504	0.5215439	-2.4279368	1.2656404	0.9274990	-2.4111601	1.6383104	0.6617395	-2.5991045	1.1552604	0.6610899	-2.4446623	1.1534004	0.8360417	-2.4201056	1.1761204	0.5830571	-2.3420444	1.1715704	0.6677966	-2.6554950	0.7048004	0.6899745	-2.4705581	0.7073904	0.9134392	-2.5652982	0.7098004	0.7604019	-2.5342767	0.7065904	0.8211541	-2.5634321	0.2769504	0.6536596	-2.2336020	0.4454604	0.6555819	-2.5328784	0.2713404	0.7077721	-2.2795889	0.4364204	0.6190437	-2.6484547	0.2221404	0.6876303	-2.2275297	0.3445204	0.6811762	-2.6530924	0.2375404	0.7577720	-2.2944588	0.3233804	0.6845796	-2.7450591	1.0323604	0.5364379	-2.5050033	1.2415804	0.9505599	-2.7566393	1.0591104	0.5989178	-2.5305887	1.2954604	0.9332116	-2.3954400	1.2777204	0.6420592	-2.3789310	1.5116504	0.6302939	-2.6592759	0.2326304	0.8037572	-2.3316633	0.2975504	0.6796549	-2.2047605	0.4573204	0.5843136	-2.4996880	0.2327804	0.6376600	-2.5178582	1.8092204	0.7936345	-2.4449345	1.5538804	0.6936121	-2.5564974	1.5571804	0.5696713	-2.5597070	1.3152104	0.4634972	-2.7028487	1.1118804	0.5441383	-2.3333667	1.5505904	0.8175662	-2.2058501	1.3086704	0.8227972	-2.4403502	1.2717104	0.9113388	-2.4711431	1.0899804	0.7037232	-2.5408451	1.0931504	0.6333085	-2.6311835	0.6684904	0.7242283	-2.5396239	0.2627604	0.6816101	-2.4014411	1.0868204	0.7741378	-2.4941316	0.6783004	0.8786910	-2.2570228	0.4421104	0.6282203	-2.5099665	1.8298104	0.7361542	-2.4593168	1.8250604	0.7797768	-2.4938454	1.7680604	0.6566482	-2.3906921	1.7586504	0.7490279	-2.3325808	0.2764204	0.6986355	-2.2564099	0.2949104	0.7073094	-2.2047605	0.4573204	0.5843136	-2.6795457	0.2261604	0.8150929	-2.6947525	0.2172804	0.7337004	-2.5033468	0.2148004	0.6391647
143	2.6792453	-2.4982817	1.5830904	0.7418567	-2.5634062	1.6270904	0.6043397	-2.3612531	1.6235604	0.8211243	-2.5683792	1.3203404	0.4326412	-2.1885957	1.3168004	0.8433884	-2.5312860	1.3088604	0.4573968	-2.2025680	1.2998404	0.7999761	-2.7118914	1.1358804	0.5596500	-2.4398503	1.3002404	0.9103140	-2.7079879	1.1162104	0.5215831	-2.4283933	1.2655204	0.9281468	-2.4118603	1.6382204	0.6618213	-2.5993601	1.1550704	0.6609045	-2.4451401	1.1532904	0.8360726	-2.4202826	1.1760004	0.5831290	-2.3423174	1.1715004	0.6679562	-2.6558599	0.7046804	0.6900471	-2.4708016	0.7072804	0.9135353	-2.5657319	0.7097304	0.7605748	-2.5344543	0.7064404	0.8212037	-2.5632726	0.2769604	0.6537671	-2.2333373	0.4457504	0.6557715	-2.5327630	0.2713904	0.7079031	-2.2792983	0.4366804	0.6192013	-2.6482837	0.2221104	0.6876659	-2.2272463	0.3448204	0.6813966	-2.6529975	0.2375204	0.7578052	-2.2941585	0.3236504	0.6847638	-2.7451992	1.0330604	0.5368802	-2.5053855	1.2413504	0.9513085	-2.7566796	1.0601304	0.5992411	-2.5310978	1.2951504	0.9339011	-2.3957554	1.2776304	0.6421439	-2.3794379	1.5115804	0.6304107	-2.6592215	0.2326004	0.8037826	-2.3313545	0.2978104	0.6798209	-2.2044463	0.4576104	0.5845153	-2.4994820	0.2328304	0.6378333	-2.5189927	1.8090004	0.7935358	-2.4455440	1.5537604	0.6935706	-2.5568406	1.5569704	0.5693899	-2.5592861	1.3152304	0.4626893	-2.7028251	1.1125204	0.5441824	-2.3342426	1.5505504	0.8177646	-2.2064456	1.3087904	0.8232698	-2.4408339	1.2715304	0.9119739	-2.4714337	1.0898504	0.7037311	-2.5410488	1.0929704	0.6332246	-2.6315562	0.6684004	0.7243414	-2.5394728	0.2627904	0.6817357	-2.4018144	1.0867304	0.7742285	-2.4943261	0.6781804	0.8787768	-2.2567364	0.4423804	0.6283869	-2.5110383	1.8296004	0.7360627	-2.4604580	1.8249104	0.7797633	-2.4947420	1.7678704	0.6565832	-2.3917052	1.7586004	0.7491182	-2.3322762	0.2766904	0.6988106	-2.2561217	0.2952104	0.7075431	-2.2044463	0.4576104	0.5845153	-2.6794962	0.2261204	0.8151050	-2.6946184	0.2172304	0.7336967	-2.5031274	0.2148504	0.6393332
144	2.6981132	-2.4990979	1.5829204	0.7417851	-2.5640424	1.6268404	0.6041423	-2.3622106	1.6235204	0.8212846	-2.5681184	1.3202504	0.4320345	-2.1891411	1.3170004	0.8437299	-2.5310331	1.3087704	0.4568307	-2.2030512	1.3000004	0.8003025	-2.7117930	1.1363104	0.5596518	-2.4403553	1.2998204	0.9106634	-2.7079414	1.1165204	0.5216490	-2.4287992	1.2651404	0.9285202	-2.4126100	1.6381404	0.6618910	-2.5996592	1.1549004	0.6607651	-2.4456355	1.1531904	0.8361175	-2.4204995	1.1758904	0.5832155	-2.3426303	1.1714504	0.6681303	-2.6562024	0.7045704	0.6901191	-2.4710444	0.7071804	0.9136538	-2.5661439	0.7096604	0.7607247	-2.5346313	0.7062904	0.8212757	-2.5631264	0.2769504	0.6538794	-2.2331307	0.4460004	0.6559672	-2.5326699	0.2714104	0.7080348	-2.2790608	0.4369004	0.6193782	-2.6481435	0.2220604	0.6877202	-2.2270070	0.3450804	0.6816406	-2.6529160	0.2374804	0.7578433	-2.2939246	0.3239004	0.6849721	-2.7452516	1.0334604	0.5372530	-2.5056910	1.2407604	0.9517509	-2.7566675	1.0607704	0.5995226	-2.5315792	1.2944604	0.9342945	-2.3961015	1.2775504	0.6422473	-2.3799985	1.5115304	0.6305244	-2.6591623	0.2325604	0.8038212	-2.3311116	0.2980404	0.6800335	-2.2041943	0.4578304	0.5847321	-2.4993031	0.2328604	0.6379939	-2.5201581	1.8088004	0.7934558	-2.4462019	1.5536404	0.6935617	-2.5572847	1.5567404	0.5691828	-2.5590163	1.3151604	0.4620869	-2.7027695	1.1128804	0.5442525	-2.3351191	1.5505404	0.8179407	-2.2069868	1.3089604	0.8236022	-2.4412621	1.2711004	0.9123479	-2.4717551	1.0897304	0.7037578	-2.5412916	1.0928104	0.6331776	-2.6319205	0.6683104	0.7244364	-2.5393532	0.2628004	0.6818577	-2.4022053	1.0866504	0.7743332	-2.4945248	0.6780604	0.8788717	-2.2565032	0.4426004	0.6285729	-2.5121674	1.8294104	0.7359996	-2.4616257	1.8247904	0.7797594	-2.4956784	1.7677004	0.6565328	-2.3927455	1.7585704	0.7491959	-2.3320375	0.2769204	0.6990322	-2.2558956	0.2954704	0.7077919	-2.2041943	0.4578304	0.5847321	-2.6794418	0.2260704	0.8151303	-2.6945151	0.2171804	0.7337118	-2.5029395	0.2148704	0.6394980
145	2.7169811	-2.4999491	1.5828404	0.7417412	-2.5647939	1.6266204	0.6039794	-2.3632189	1.6236004	0.8213882	-2.5681360	1.3200804	0.4317174	-2.1896310	1.3173904	0.8439759	-2.5310326	1.3086304	0.4565220	-2.2034257	1.3004004	0.8005140	-2.7116641	1.1365304	0.5601091	-2.4409540	1.2991704	0.9103621	-2.7079050	1.1166204	0.5221625	-2.4292807	1.2645404	0.9282515	-2.4134461	1.6381204	0.6619094	-2.6000404	1.1547804	0.6607308	-2.4461864	1.1531604	0.8362578	-2.4208081	1.1758504	0.5833805	-2.3430217	1.1714604	0.6683781	-2.6565057	0.7044604	0.6901543	-2.4713754	0.7071404	0.9138194	-2.5665117	0.7096004	0.7608511	-2.5349182	0.7062104	0.8214177	-2.5630073	0.2769404	0.6539790	-2.2331276	0.4461804	0.6562445	-2.5325859	0.2714204	0.7081622	-2.2790402	0.4370404	0.6196416	-2.6480167	0.2220004	0.6877794	-2.2269755	0.3452804	0.6819753	-2.6528519	0.2374304	0.7578952	-2.2938931	0.3240904	0.6853068	-2.7452375	1.0336304	0.5380981	-2.5061056	1.2398204	0.9513148	-2.7565120	1.0611504	0.6003013	-2.5322100	1.2934004	0.9338017	-2.3965304	1.2775404	0.6424335	-2.3806533	1.5115304	0.6306273	-2.6591297	0.2325204	0.8038695	-2.3310710	0.2982204	0.6803724	-2.2041646	0.4579804	0.5849997	-2.4991418	0.2328804	0.6381685	-2.5211900	1.8087404	0.7933498	-2.4469535	1.5535904	0.6935644	-2.5578701	1.5565204	0.5690422	-2.5590025	1.3150204	0.4617734	-2.7026974	1.1130304	0.5447605	-2.3360277	1.5506604	0.8180908	-2.2074284	1.3093304	0.8238156	-2.4417359	1.2704404	0.9120388	-2.4721411	1.0896804	0.7038757	-2.5416082	1.0927104	0.6332175	-2.6322364	0.6682204	0.7244987	-2.5392559	0.2628004	0.6819804	-2.4026788	1.0866404	0.7745206	-2.4948201	0.6780104	0.8790319	-2.2564826	0.4427604	0.6288363	-2.5132083	1.8293404	0.7358894	-2.4626751	1.8247504	0.7796673	-2.4966782	1.7676104	0.6564527	-2.3937538	1.7585704	0.7491340	-2.3320012	0.2771104	0.6993802	-2.2558677	0.2956904	0.7081580	-2.2041646	0.4579804	0.5849997	-2.6794231	0.2260104	0.8151611	-2.6944251	0.2171004	0.7337317	-2.5027781	0.2148904	0.6396726
146	2.7358491	-2.5009652	1.5827304	0.7418853	-2.5658608	1.6264204	0.6040667	-2.3643280	1.6236804	0.8215662	-2.5683868	1.3199904	0.4315453	-2.1902949	1.3177104	0.8440746	-2.5312785	1.3085804	0.4563632	-2.2040364	1.3007204	0.8005933	-2.7117807	1.1365404	0.5602644	-2.4415926	1.2985804	0.9104064	-2.7080342	1.1165804	0.5223449	-2.4297852	1.2639904	0.9282922	-2.4145788	1.6381704	0.6620432	-2.6004736	1.1546804	0.6607605	-2.4466890	1.1531604	0.8363655	-2.4212207	1.1758604	0.5835081	-2.3434560	1.1715304	0.6685286	-2.6567679	0.7043604	0.6902196	-2.4716611	0.7071704	0.9140061	-2.5668174	0.7095504	0.7609623	-2.5352130	0.7061804	0.8216002	-2.5629330	0.2769104	0.6540799	-2.2332961	0.4462804	0.6564639	-2.5325381	0.2714304	0.7082728	-2.2792038	0.4371104	0.6198742	-2.6479067	0.2219004	0.6878748	-2.2271324	0.3454004	0.6822883	-2.6527734	0.2373504	0.7579870	-2.2940495	0.3242204	0.6856421	-2.7453358	1.0336004	0.5384274	-2.5064983	1.2389704	0.9513524	-2.7565802	1.0612204	0.6005894	-2.5328178	1.2924404	0.9338273	-2.3970595	1.2775904	0.6425509	-2.3815353	1.5116304	0.6307677	-2.6590602	0.2324504	0.8039571	-2.3312262	0.2983504	0.6807525	-2.2043470	0.4580304	0.5852015	-2.4990354	0.2328904	0.6382953	-2.5221044	1.8085704	0.7939385	-2.4478989	1.5535604	0.6936752	-2.5587678	1.5563504	0.5690980	-2.5592442	1.3149504	0.4616055	-2.7028267	1.1130204	0.5449430	-2.3370341	1.5507804	0.8182614	-2.2080880	1.3096304	0.8239052	-2.4422494	1.2698504	0.9120752	-2.4725591	1.0896504	0.7039676	-2.5419912	1.0926504	0.6332817	-2.6324980	0.6681404	0.7245864	-2.5391857	0.2627904	0.6820903	-2.4031271	1.0866604	0.7746536	-2.4951058	0.6780204	0.8792186	-2.2566462	0.4428304	0.6290690	-2.5143191	1.8292804	0.7364968	-2.4636259	1.8246004	0.7800735	-2.4980941	1.7676804	0.6568627	-2.3948400	1.7584604	0.7491681	-2.3321557	0.2772604	0.6997826	-2.2560229	0.2958404	0.7085380	-2.2043470	0.4580304	0.5852015	-2.6793493	0.2259304	0.8152396	-2.6943290	0.2169904	0.7338096	-2.5026537	0.2148904	0.6398079
147	2.7547170	-2.5021625	1.5825904	0.7422759	-2.5672737	1.6262604	0.6044230	-2.3655736	1.6237804	0.8218239	-2.5688556	1.3200804	0.4314149	-2.1911370	1.3180404	0.8442005	-2.5317340	1.3087204	0.4562280	-2.2048779	1.3010304	0.8007416	-2.7119735	1.1363804	0.5600862	-2.4422654	1.2981904	0.9109974	-2.7082095	1.1164304	0.5221529	-2.4303057	1.2636504	0.9288880	-2.4160522	1.6383204	0.6623161	-2.6009339	1.1546004	0.6609431	-2.4470835	1.1531804	0.8365015	-2.4217178	1.1759304	0.5836514	-2.3439314	1.1716404	0.6686490	-2.6570022	0.7042604	0.6903199	-2.4718247	0.7072304	0.9142388	-2.5670518	0.7094904	0.7610627	-2.5354334	0.7061904	0.8218836	-2.5629082	0.2768504	0.6541687	-2.2336391	0.4461904	0.6566790	-2.5325049	0.2714104	0.7083435	-2.2795855	0.4369804	0.6201486	-2.6478275	0.2217704	0.6879889	-2.2274936	0.3453504	0.6826605	-2.6526942	0.2372404	0.7581012	-2.2944215	0.3242004	0.6861086	-2.7453903	1.0333904	0.5382365	-2.5068841	1.2384004	0.9521324	-2.7566527	1.0609804	0.6003901	-2.5334229	1.2917504	0.9346044	-2.3976552	1.2777104	0.6426924	-2.3826704	1.5118504	0.6309777	-2.6589629	0.2323504	0.8040797	-2.3316145	0.2983304	0.6812776	-2.2047402	0.4578204	0.5853823	-2.4989840	0.2328804	0.6383744	-2.5228663	1.8080504	0.7956906	-2.4490593	1.5535804	0.6939395	-2.5599675	1.5562204	0.5693992	-2.5596955	1.3150204	0.4614613	-2.7030019	1.1128804	0.5447509	-2.3381511	1.5509404	0.8184798	-2.2089428	1.3099304	0.8240583	-2.4428189	1.2694504	0.9126813	-2.4729711	1.0896604	0.7041176	-2.5424249	1.0926104	0.6334546	-2.6327191	0.6680504	0.7246819	-2.5391525	0.2627704	0.6821610	-2.4035215	1.0867204	0.7747897	-2.4952822	0.6780604	0.8794785	-2.2570110	0.4427104	0.6293071	-2.5156519	1.8291404	0.7383138	-2.4645347	1.8241604	0.7813600	-2.5002300	1.7680404	0.6581066	-2.3960790	1.7582604	0.7493406	-2.3325295	0.2772704	0.7003475	-2.2563858	0.2958504	0.7090087	-2.2047402	0.4578204	0.5853823	-2.6792339	0.2258204	0.8153707	-2.6942492	0.2168504	0.7339461	-2.5025842	0.2148904	0.6398955
148	2.7735849	-2.5033120	1.5824904	0.7426115	-2.5687006	1.6261004	0.6047617	-2.3667202	1.6239404	0.8219402	-2.5695008	1.3201404	0.4313789	-2.1919719	1.3183804	0.8442636	-2.5323575	1.3088104	0.4561690	-2.2057478	1.3013204	0.8008325	-2.7123106	1.1361804	0.5600283	-2.4429050	1.2979104	0.9116591	-2.7085466	1.1162504	0.5220950	-2.4307925	1.2634304	0.9295768	-2.4175334	1.6384804	0.6624639	-2.6014406	1.1545304	0.6612253	-2.4474326	1.1532204	0.8366587	-2.4223135	1.1760204	0.5837929	-2.3444485	1.1717904	0.6687168	-2.6572535	0.7041704	0.6904565	-2.4718772	0.7073004	0.9144460	-2.5672813	0.7094304	0.7611763	-2.5356001	0.7062104	0.8221700	-2.5629203	0.2768104	0.6542183	-2.2340390	0.4460304	0.6567794	-2.5324680	0.2714004	0.7083827	-2.2800374	0.4367804	0.6203131	-2.6477659	0.2216404	0.6881170	-2.2279158	0.3452304	0.6829270	-2.6525878	0.2371204	0.7582280	-2.2948406	0.3241204	0.6864869	-2.7456066	1.0331504	0.5381798	-2.5072167	1.2379804	0.9530586	-2.7568642	1.0607204	0.6003467	-2.5339657	1.2912204	0.9355319	-2.3983094	1.2778404	0.6428177	-2.3838260	1.5120604	0.6310898	-2.6588161	0.2322404	0.8042144	-2.3320577	0.2982604	0.6817549	-2.2052223	0.4575304	0.5854223	-2.4989653	0.2328904	0.6384052	-2.5234874	1.8074904	0.7975195	-2.4502041	1.5536204	0.6941229	-2.5612216	1.5561004	0.5696751	-2.5603232	1.3150504	0.4614113	-2.7033300	1.1127004	0.5446973	-2.3391865	1.5511404	0.8185708	-2.2098037	1.3102304	0.8241534	-2.4433545	1.2691704	0.9133804	-2.4734048	1.0896904	0.7042905	-2.5429154	1.0926004	0.6336782	-2.6329305	0.6679704	0.7248040	-2.5391380	0.2627504	0.6822008	-2.4038852	1.0867804	0.7749070	-2.4953739	0.6781104	0.8797226	-2.2574502	0.4425204	0.6294444	-2.5169236	1.8290004	0.7402365	-2.4653136	1.8237004	0.7826518	-2.5024189	1.7684804	0.6593699	-2.3972461	1.7580804	0.7493591	-2.3329541	0.2772304	0.7008557	-2.2567959	0.2958004	0.7093913	-2.2052223	0.4575304	0.5854223	-2.6790732	0.2257004	0.8155229	-2.6941507	0.2167004	0.7341134	-2.5025521	0.2148904	0.6399214
149	2.7924528	-2.5042417	1.5824504	0.7428069	-2.5698417	1.6259504	0.6049137	-2.3676548	1.6241104	0.8219568	-2.5700807	1.3200204	0.4314395	-2.1927759	1.3186604	0.8444734	-2.5329284	1.3087304	0.4562338	-2.2065778	1.3015404	0.8010744	-2.7127370	1.1359904	0.5601384	-2.4435627	1.2977004	0.9123124	-2.7089640	1.1160504	0.5222093	-2.4313330	1.2632804	0.9302627	-2.4187006	1.6385904	0.6624824	-2.6019365	1.1544604	0.6615789	-2.4477841	1.1532404	0.8368920	-2.4229024	1.1760904	0.5840148	-2.3449632	1.1719104	0.6688740	-2.6575434	0.7040804	0.6906524	-2.4719346	0.7073204	0.9146400	-2.5675452	0.7093604	0.7613401	-2.5357583	0.7062004	0.8224383	-2.5629051	0.2767804	0.6542805	-2.2343852	0.4458804	0.6568828	-2.5324311	0.2713904	0.7084220	-2.2804264	0.4365904	0.6204848	-2.6476867	0.2215304	0.6882312	-2.2282625	0.3451204	0.6831736	-2.6524954	0.2370204	0.7583373	-2.2952024	0.3240404	0.6868368	-2.7459829	1.0329404	0.5383243	-2.5076302	1.2377004	0.9539692	-2.7572363	1.0605104	0.6004821	-2.5345599	1.2908204	0.9363802	-2.3989394	1.2779304	0.6430094	-2.3847853	1.5121604	0.6311831	-2.6586698	0.2321304	0.8043267	-2.3324171	0.2981804	0.6821942	-2.2056416	0.4572704	0.5854695	-2.4989333	0.2329104	0.6384312	-2.5239528	1.8070604	0.7988251	-2.4511404	1.5536404	0.6942380	-2.5622238	1.5559404	0.5698367	-2.5608898	1.3149404	0.4614671	-2.7037474	1.1125104	0.5448116	-2.3400619	1.5513504	0.8186260	-2.2106427	1.3104604	0.8243910	-2.4439349	1.2689704	0.9140807	-2.4738276	1.0897004	0.7045347	-2.5433950	1.0925704	0.6339732	-2.6331896	0.6678904	0.7249811	-2.5391011	0.2627504	0.6822401	-2.4042560	1.0868304	0.7750871	-2.4954615	0.6781104	0.8799576	-2.2578271	0.4423404	0.6295665	-2.5179285	1.8289004	0.7416106	-2.4659254	1.8233604	0.7835141	-2.5041755	1.7688404	0.6602500	-2.3981808	1.7579804	0.7492102	-2.3333079	0.2771804	0.7013307	-2.2571353	0.2957404	0.7097406	-2.2056416	0.4572704	0.5854695	-2.6789221	0.2255904	0.8156485	-2.6940576	0.2165804	0.7342451	-2.5025020	0.2149004	0.6399558
150	2.8113208	-2.5050778	1.5823904	0.7429908	-2.5707424	1.6257504	0.6050233	-2.3685410	1.6242104	0.8221063	-2.5704945	1.3198404	0.4315223	-2.1935213	1.3188704	0.8448651	-2.5333283	1.3085804	0.4563342	-2.2072869	1.3017204	0.8014829	-2.7130529	1.1358304	0.5603662	-2.4442814	1.2974004	0.9126944	-2.7092974	1.1158704	0.5224510	-2.4319563	1.2630304	0.9307002	-2.4196460	1.6386104	0.6625932	-2.6024330	1.1543504	0.6619101	-2.4481882	1.1532104	0.8371670	-2.4234497	1.1761104	0.5842893	-2.3454579	1.1719704	0.6691068	-2.6578901	0.7039704	0.6908989	-2.4720541	0.7072704	0.9148490	-2.5678835	0.7092804	0.7615686	-2.5359569	0.7061204	0.8226988	-2.5628453	0.2767704	0.6543415	-2.2346075	0.4458904	0.6569336	-2.5323580	0.2714004	0.7084781	-2.2806831	0.4365704	0.6205857	-2.6475864	0.2214704	0.6883000	-2.2284600	0.3451604	0.6833132	-2.6523860	0.2369504	0.7584104	-2.2954065	0.3240804	0.6870616	-2.7463145	1.0327804	0.5386331	-2.5081804	1.2373104	0.9544629	-2.7575461	1.0604004	0.6007679	-2.5352376	1.2903304	0.9367924	-2.3995272	1.2779604	0.6432759	-2.3855676	1.5121804	0.6313700	-2.6585514	0.2320504	0.8044040	-2.3326242	0.2982104	0.6824728	-2.2059273	0.4572204	0.5854908	-2.4988336	0.2329404	0.6384777	-2.5245737	1.8068304	0.7995176	-2.4519547	1.5536004	0.6943989	-2.5630164	1.5557404	0.5699747	-2.5612994	1.3147704	0.4615409	-2.7040717	1.1123404	0.5450575	-2.3408931	1.5514704	0.8188232	-2.2113657	1.3106404	0.8247821	-2.4445679	1.2686704	0.9144917	-2.4742589	1.0896704	0.7047970	-2.5438655	1.0925004	0.6342724	-2.6335146	0.6677904	0.7252047	-2.5390371	0.2627604	0.6822920	-2.4046523	1.0868304	0.7753216	-2.4955985	0.6780504	0.8801806	-2.2580663	0.4423304	0.6296536	-2.5188302	1.8288204	0.7423376	-2.4666109	1.8231804	0.7839668	-2.5054639	1.7689704	0.6607415	-2.3990543	1.7579104	0.7491669	-2.3334830	0.2772304	0.7016352	-2.2573129	0.2958104	0.7099557	-2.2059273	0.4572204	0.5854908	-2.6787904	0.2254904	0.8157210	-2.6939482	0.2164904	0.7343182	-2.5023932	0.2149404	0.6400066
151	2.8301887	-2.5058166	1.5823604	0.7431318	-2.5714970	1.6255804	0.6050797	-2.3693372	1.6242804	0.8222757	-2.5708044	1.3196204	0.4316427	-2.1941531	1.3190304	0.8451553	-2.5336515	1.3083904	0.4564593	-2.2078740	1.3018704	0.8017719	-2.7133259	1.1357204	0.5606913	-2.4448976	1.2970104	0.9129036	-2.7095879	1.1157304	0.5227900	-2.4324957	1.2627004	0.9309342	-2.4204210	1.6386004	0.6627173	-2.6028921	1.1542604	0.6621374	-2.4486207	1.1531804	0.8373846	-2.4239269	1.1761104	0.5845081	-2.3459308	1.1720104	0.6693165	-2.6582030	0.7038704	0.6910730	-2.4722776	0.7072204	0.9150206	-2.5682097	0.7092104	0.7617475	-2.5362070	0.7060504	0.8228801	-2.5627492	0.2767704	0.6544194	-2.2347355	0.4460404	0.6569953	-2.5322710	0.2714204	0.7085518	-2.2808238	0.4366904	0.6206746	-2.6474728	0.2214304	0.6883640	-2.2285470	0.3453204	0.6834051	-2.6522905	0.2369104	0.7584659	-2.2954832	0.3242304	0.6872024	-2.7466248	1.0326604	0.5390621	-2.5086431	1.2368104	0.9547216	-2.7578257	1.0603404	0.6011782	-2.5358405	1.2897404	0.9369968	-2.4000575	1.2779704	0.6435141	-2.3862333	1.5121804	0.6315672	-2.6584650	0.2320004	0.8044553	-2.3326997	0.2983504	0.6826583	-2.2060916	0.4573504	0.5855355	-2.4987236	0.2329704	0.6385731	-2.5252659	1.8067904	0.7997245	-2.4526531	1.5535504	0.6945477	-2.5636579	1.5555504	0.5700727	-2.5616093	1.3145704	0.4616612	-2.7043532	1.1122104	0.5454008	-2.3416482	1.5515404	0.8190228	-2.2119885	1.3107804	0.8250765	-2.4451254	1.2682904	0.9147172	-2.4746781	1.0896304	0.7050098	-2.5442889	1.0924304	0.6344942	-2.6338051	0.6677004	0.7253782	-2.5389410	0.2627704	0.6823699	-2.4050582	1.0868304	0.7755296	-2.4958087	0.6779904	0.8803474	-2.2582077	0.4424604	0.6297201	-2.5196209	1.8288004	0.7425426	-2.4673413	1.8231404	0.7840896	-2.5063900	1.7689604	0.6609055	-2.3998331	1.7578904	0.7491569	-2.3335404	0.2773704	0.7018291	-2.2573763	0.2959804	0.7100916	-2.2060916	0.4573504	0.5855355	-2.6787040	0.2254304	0.8157723	-2.6938395	0.2164404	0.7343689	-2.5022700	0.2149604	0.6400971
152	2.8490566	-2.5065934	1.5822504	0.7433544	-2.5722660	1.6253904	0.6052617	-2.3701967	1.6242604	0.8225810	-2.5711820	1.3194604	0.4317424	-2.1947692	1.3191604	0.8455300	-2.5340066	1.3082604	0.4565585	-2.2084146	1.3020004	0.8021267	-2.7136128	1.1356504	0.5609989	-2.4455669	1.2966804	0.9129666	-2.7099013	1.1156304	0.5231073	-2.4331149	1.2623904	0.9310316	-2.4212238	1.6385704	0.6629719	-2.6032998	1.1541404	0.6622783	-2.4490544	1.1531204	0.8375575	-2.4243425	1.1760904	0.5846895	-2.3463416	1.1720304	0.6695112	-2.6585165	0.7037504	0.6912248	-2.4725011	0.7071604	0.9151923	-2.5685401	0.7091304	0.7619355	-2.5364438	0.7059704	0.8230565	-2.5626392	0.2767504	0.6545148	-2.2348702	0.4461004	0.6571421	-2.5321828	0.2714204	0.7086702	-2.2809627	0.4367304	0.6208305	-2.6473550	0.2213904	0.6884189	-2.2286665	0.3454104	0.6836142	-2.6522174	0.2368704	0.7585221	-2.2956015	0.3243204	0.6874562	-2.7469715	1.0325904	0.5394742	-2.5092237	1.2363804	0.9547598	-2.7581192	1.0603304	0.6015710	-2.5365171	1.2892404	0.9369571	-2.4005396	1.2779604	0.6437197	-2.3868929	1.5121904	0.6318223	-2.6584052	0.2319704	0.8045163	-2.3328216	0.2984404	0.6829435	-2.2062360	0.4573804	0.5856558	-2.4985858	0.2329804	0.6387036	-2.5260875	1.8067504	0.7999482	-2.4533846	1.5534604	0.6947914	-2.5643333	1.5553704	0.5702433	-2.5619645	1.3144204	0.4617604	-2.7046575	1.1121204	0.5457223	-2.3424407	1.5515504	0.8193263	-2.2125829	1.3109004	0.8254283	-2.4457362	1.2679504	0.9147965	-2.4750671	1.0895704	0.7051815	-2.5446695	1.0923404	0.6346478	-2.6341005	0.6676004	0.7255383	-2.5388352	0.2627704	0.6824744	-2.4054605	1.0868004	0.7757061	-2.4960322	0.6779204	0.8805190	-2.2583423	0.4425104	0.6298669	-2.5204697	1.8287404	0.7427537	-2.4681640	1.8230904	0.7842687	-2.5072876	1.7688604	0.6611269	-2.4006830	1.7578204	0.7493233	-2.3336575	0.2774804	0.7021276	-2.2574898	0.2960904	0.7103587	-2.2062360	0.4573804	0.5856558	-2.6786490	0.2253904	0.8158200	-2.6937489	0.2163904	0.7344111	-2.5021231	0.2149704	0.6402318
153	2.8679245	-2.5072332	1.5823104	0.7433539	-2.5728641	1.6252604	0.6051483	-2.3708927	1.6243804	0.8226537	-2.5713765	1.3192204	0.4318283	-2.1953231	1.3193704	0.8457241	-2.5342090	1.3080504	0.4566848	-2.2089329	1.3022004	0.8023153	-2.7138453	1.1356004	0.5613319	-2.4460997	1.2964304	0.9131154	-2.7101465	1.1155204	0.5234674	-2.4335752	1.2621804	0.9312142	-2.4218413	1.6385604	0.6629709	-2.6037692	1.1540804	0.6624566	-2.4495582	1.1531404	0.8377860	-2.4247925	1.1761204	0.5849210	-2.3468224	1.1721004	0.6697614	-2.6587642	0.7036604	0.6913299	-2.4727838	0.7071404	0.9153253	-2.5688312	0.7090904	0.7620866	-2.5367264	0.7059304	0.8231895	-2.5625377	0.2767404	0.6546283	-2.2349988	0.4461604	0.6573470	-2.5321211	0.2714304	0.7087983	-2.2810914	0.4367704	0.6210353	-2.6472456	0.2213304	0.6884920	-2.2287800	0.3454904	0.6838812	-2.6521618	0.2368304	0.7585922	-2.2957192	0.3244004	0.6877323	-2.7472450	1.0325204	0.5399425	-2.5096296	1.2360304	0.9549678	-2.7583758	1.0603604	0.6020030	-2.5370275	1.2888104	0.9371053	-2.4010475	1.2779904	0.6439572	-2.3874577	1.5121804	0.6319451	-2.6583677	0.2319204	0.8045780	-2.3329339	0.2985204	0.6832552	-2.2063694	0.4574004	0.5858473	-2.4984474	0.2330004	0.6388564	-2.5267219	1.8069404	0.7996524	-2.4539832	1.5534404	0.6948212	-2.5648444	1.5552104	0.5702036	-2.5621723	1.3142104	0.4618511	-2.7049027	1.1120504	0.5460824	-2.3431088	1.5516704	0.8194340	-2.2131235	1.3111004	0.8256175	-2.4462103	1.2677004	0.9149616	-2.4755044	1.0895804	0.7053858	-2.5450935	1.0923104	0.6348473	-2.6343481	0.6675204	0.7256435	-2.5387512	0.2627604	0.6826018	-2.4059105	1.0868404	0.7759376	-2.4963058	0.6778904	0.8806562	-2.2584619	0.4425504	0.6300760	-2.5210872	1.8288304	0.7424216	-2.4687942	1.8232304	0.7839638	-2.5079244	1.7688104	0.6609072	-2.4013325	1.7578704	0.7491308	-2.3337649	0.2775704	0.7024527	-2.2575978	0.2961904	0.7106614	-2.2063694	0.4574004	0.5858473	-2.6786163	0.2253304	0.8158683	-2.6936673	0.2163304	0.7344492	-2.5019805	0.2149804	0.6403756
154	2.8867925	-2.5080541	1.5821804	0.7436001	-2.5736947	1.6250704	0.6053679	-2.3717830	1.6243404	0.8229778	-2.5718084	1.3191004	0.4319027	-2.1958589	1.3195304	0.8459267	-2.5346276	1.3079404	0.4567544	-2.2094288	1.3023604	0.8025033	-2.7142179	1.1355804	0.5616105	-2.4466640	1.2961404	0.9130950	-2.7105367	1.1154704	0.5237599	-2.4340899	1.2619204	0.9312059	-2.4227014	1.6385304	0.6632538	-2.6041697	1.1539604	0.6625347	-2.4500064	1.1530904	0.8379190	-2.4251821	1.1760804	0.5850703	-2.3472338	1.1721104	0.6699337	-2.6590601	0.7035404	0.6914678	-2.4730864	0.7071404	0.9155483	-2.5691664	0.7090204	0.7622613	-2.5370290	0.7058804	0.8234125	-2.5624446	0.2767104	0.6547600	-2.2352887	0.4460204	0.6577083	-2.5320546	0.2714304	0.7089396	-2.2813806	0.4366004	0.6214190	-2.6471447	0.2212804	0.6885832	-2.2291019	0.3453904	0.6843821	-2.6521056	0.2368004	0.7586846	-2.2960441	0.3243404	0.6882870	-2.7476775	1.0325004	0.5403256	-2.5101099	1.2356504	0.9549093	-2.7587551	1.0604004	0.6023668	-2.5375936	1.2883704	0.9370179	-2.4015217	1.2779804	0.6441223	-2.3881621	1.5122004	0.6322015	-2.6583429	0.2319004	0.8046668	-2.3332756	0.2984704	0.6838462	-2.2066551	0.4571504	0.5861996	-2.4983308	0.2330004	0.6390321	-2.5276165	1.8069304	0.7998200	-2.4547504	1.5533504	0.6950703	-2.5655723	1.5550304	0.5704158	-2.5625861	1.3140904	0.4619339	-2.7052838	1.1120104	0.5463791	-2.3439285	1.5516604	0.8197248	-2.2136418	1.3112504	0.8258062	-2.4467257	1.2674104	0.9149310	-2.4758898	1.0895104	0.7055261	-2.5454529	1.0922104	0.6349555	-2.6346393	0.6674204	0.7257946	-2.5386624	0.2627504	0.6827426	-2.4063224	1.0868104	0.7760876	-2.4965993	0.6778604	0.8808834	-2.2587469	0.4423804	0.6304506	-2.5219867	1.8287704	0.7425760	-2.4696804	1.8232004	0.7841133	-2.5088227	1.7686604	0.6611062	-2.4022392	1.7577904	0.7493479	-2.3341236	0.2775504	0.7030799	-2.2579396	0.2961504	0.7112523	-2.2066551	0.4571504	0.5861996	-2.6785873	0.2253004	0.8159481	-2.6935936	0.2162704	0.7345277	-2.5018548	0.2149804	0.6405555
155	2.9056604	-2.5086975	1.5822204	0.7436311	-2.5742819	1.6249804	0.6053258	-2.3724826	1.6244504	0.8230819	-2.5720368	1.3189804	0.4318955	-2.1963971	1.3197404	0.8462053	-2.5348596	1.3078404	0.4567786	-2.2099139	1.3025604	0.8027626	-2.7144359	1.1355804	0.5618177	-2.4472349	1.2960304	0.9131598	-2.7107722	1.1154404	0.5239811	-2.4346239	1.2618504	0.9313100	-2.4233128	1.6385404	0.6633108	-2.6046137	1.1539104	0.6626587	-2.4505023	1.1531104	0.8381071	-2.4256152	1.1761204	0.5852656	-2.3476886	1.1721904	0.6701519	-2.6592951	0.7034604	0.6915458	-2.4733648	0.7071404	0.9156722	-2.5694491	0.7089804	0.7623943	-2.5372900	0.7058504	0.8235226	-2.5623691	0.2766904	0.6549056	-2.2354463	0.4459604	0.6579990	-2.5320141	0.2714404	0.7091130	-2.2815424	0.4365004	0.6217187	-2.6470613	0.2212104	0.6886883	-2.2292745	0.3453504	0.6847761	-2.6520808	0.2367304	0.7587734	-2.2962294	0.3243304	0.6887081	-2.7479329	1.0325004	0.5406368	-2.5106179	1.2354704	0.9549813	-2.7589846	1.0604604	0.6026460	-2.5381754	1.2881304	0.9370114	-2.4020128	1.2780204	0.6443236	-2.3887220	1.5122104	0.6323375	-2.6583405	0.2318404	0.8047562	-2.3334646	0.2984704	0.6842987	-2.2068042	0.4570104	0.5864721	-2.4982135	0.2330104	0.6392302	-2.5282757	1.8070904	0.7996009	-2.4553436	1.5533504	0.6951357	-2.5660828	1.5549304	0.5703985	-2.5628187	1.3139904	0.4619358	-2.7055194	1.1119904	0.5466003	-2.3446045	1.5517804	0.8198730	-2.2141582	1.3114404	0.8260619	-2.4472555	1.2673004	0.9150260	-2.4763102	1.0895204	0.7056941	-2.5458649	1.0921904	0.6351054	-2.6348827	0.6673504	0.7258908	-2.5386043	0.2627504	0.6829021	-2.4067688	1.0868604	0.7762876	-2.4968555	0.6778504	0.8810068	-2.2588912	0.4423004	0.6307364	-2.5226108	1.8288404	0.7423291	-2.4703305	1.8233204	0.7838984	-2.5094396	1.7686104	0.6609620	-2.4028947	1.7578304	0.7492629	-2.3343162	0.2775704	0.7035638	-2.2581195	0.2961504	0.7117091	-2.2068042	0.4570104	0.5864721	-2.6785897	0.2252304	0.8160242	-2.6935428	0.2161904	0.7345845	-2.5017285	0.2149904	0.6407579
156	2.9245283	-2.5094103	1.5821604	0.7437400	-2.5749875	1.6248404	0.6053719	-2.3732606	1.6244704	0.8232597	-2.5723666	1.3188404	0.4319403	-2.1969432	1.3199004	0.8463589	-2.5351846	1.3077204	0.4568367	-2.2104201	1.3027204	0.8029017	-2.7147385	1.1355504	0.5620408	-2.4477798	1.2958204	0.9131926	-2.7110966	1.1153804	0.5242271	-2.4351144	1.2616604	0.9313681	-2.4240383	1.6385304	0.6634470	-2.6050106	1.1538304	0.6627053	-2.4509602	1.1531004	0.8382135	-2.4259921	1.1761104	0.5853877	-2.3480915	1.1722204	0.6703061	-2.6595700	0.7033704	0.6916383	-2.4736167	0.7071304	0.9157865	-2.5697675	0.7089404	0.7625327	-2.5375419	0.7058004	0.8236368	-2.5623020	0.2766804	0.6550693	-2.2356262	0.4458404	0.6582902	-2.5319869	0.2714504	0.7092912	-2.2817224	0.4363604	0.6220099	-2.6469912	0.2211504	0.6887982	-2.2294822	0.3452704	0.6851978	-2.6520554	0.2366904	0.7588845	-2.2964365	0.3242704	0.6891522	-2.7482911	1.0324704	0.5409553	-2.5110776	1.2351804	0.9550207	-2.7593119	1.0604904	0.6029457	-2.5387076	1.2877804	0.9370170	-2.4024701	1.2780304	0.6444524	-2.3893352	1.5122304	0.6324930	-2.6583465	0.2317904	0.8048637	-2.3336837	0.2984204	0.6847923	-2.2069757	0.4568004	0.5867452	-2.4981138	0.2330304	0.6394423	-2.5291172	1.8071204	0.7995836	-2.4560069	1.5533104	0.6952568	-2.5667026	1.5547904	0.5704735	-2.5631485	1.3138604	0.4619806	-2.7058346	1.1119404	0.5468505	-2.3453246	1.5518204	0.8200448	-2.2146910	1.3115904	0.8262106	-2.4477508	1.2670904	0.9150708	-2.4766920	1.0894904	0.7058030	-2.5462207	1.0921304	0.6351823	-2.6351569	0.6672804	0.7260056	-2.5385547	0.2627604	0.6830796	-2.4071723	1.0868604	0.7764195	-2.4971025	0.6778204	0.8811343	-2.2590712	0.4421604	0.6310276	-2.5234397	1.8288204	0.7422846	-2.4711721	1.8233404	0.7838811	-2.5102310	1.7685004	0.6609792	-2.4037115	1.7578304	0.7493344	-2.3345347	0.2775504	0.7040798	-2.2583386	0.2961204	0.7122027	-2.2069757	0.4568004	0.5867452	-2.6786006	0.2251704	0.8161184	-2.6934999	0.2161104	0.7346817	-2.5016197	0.2150104	0.6409741
157	2.9433962	-2.5101219	1.5821104	0.7438937	-2.5756556	1.6247304	0.6054796	-2.3740411	1.6244904	0.8235137	-2.5725599	1.3188004	0.4319054	-2.1974440	1.3200704	0.8465337	-2.5353954	1.3077004	0.4568157	-2.2108762	1.3029004	0.8030753	-2.7149174	1.1355304	0.5620456	-2.4482794	1.2955504	0.9132465	-2.7112663	1.1153404	0.5242362	-2.4355603	1.2614104	0.9314250	-2.4247439	1.6385304	0.6636586	-2.6054153	1.1537504	0.6627924	-2.4514169	1.1531004	0.8383647	-2.4263859	1.1761104	0.5855461	-2.3485071	1.1722704	0.6704875	-2.6598219	0.7032804	0.6917525	-2.4739513	0.7071604	0.9159835	-2.5700628	0.7089004	0.7626929	-2.5378499	0.7057904	0.8238242	-2.5622524	0.2766504	0.6552469	-2.2359143	0.4456604	0.6587186	-2.5319548	0.2714504	0.7094827	-2.2820189	0.4361404	0.6224565	-2.6469247	0.2210904	0.6889396	-2.2298065	0.3451304	0.6857748	-2.6520475	0.2366504	0.7590096	-2.2967777	0.3241704	0.6897655	-2.7484644	1.0324304	0.5409958	-2.5114703	1.2348004	0.9550583	-2.7594811	1.0604804	0.6029772	-2.5391952	1.2873404	0.9370214	-2.4029262	1.2780504	0.6446260	-2.3899332	1.5122704	0.6327106	-2.6583609	0.2317704	0.8049894	-2.3340460	0.2983304	0.6854509	-2.2072553	0.4565004	0.5871555	-2.4980316	0.2330304	0.6396682	-2.5298796	1.8071504	0.7996805	-2.4566509	1.5532704	0.6954309	-2.5672680	1.5546904	0.5705740	-2.5633509	1.3138304	0.4619414	-2.7060044	1.1119104	0.5468596	-2.3460428	1.5518604	0.8202837	-2.2151785	1.3117604	0.8263805	-2.4481924	1.2668204	0.9151187	-2.4770907	1.0894804	0.7059481	-2.5465886	1.0920704	0.6353086	-2.6354130	0.6672104	0.7261290	-2.5385094	0.2627504	0.6832663	-2.4075885	1.0868804	0.7765785	-2.4974148	0.6778204	0.8813307	-2.2593502	0.4419504	0.6314603	-2.5241845	1.8288104	0.7423676	-2.4719211	1.8233504	0.7839732	-2.5109837	1.7684304	0.6611026	-2.4044768	1.7578004	0.7494851	-2.3349006	0.2775004	0.7047698	-2.2586918	0.2960404	0.7128655	-2.2072553	0.4565004	0.5871555	-2.6786108	0.2251404	0.8162350	-2.6934612	0.2160504	0.7347880	-2.5015284	0.2150004	0.6412043
158	2.9622642	-2.5108311	1.5820904	0.7439712	-2.5763576	1.6245804	0.6054943	-2.3747986	1.6245504	0.8236239	-2.5730009	1.3186204	0.4319756	-2.1980281	1.3202504	0.8467688	-2.5358183	1.3075404	0.4568943	-2.2114246	1.3030504	0.8033050	-2.7153432	1.1355004	0.5623436	-2.4488810	1.2954404	0.9133301	-2.7117139	1.1152704	0.5245571	-2.4361160	1.2613304	0.9315521	-2.4254712	1.6385104	0.6637277	-2.6058641	1.1536704	0.6629031	-2.4519134	1.1531004	0.8385304	-2.4268197	1.1761104	0.5857190	-2.3489716	1.1723104	0.6706791	-2.6601577	0.7032004	0.6919049	-2.4742944	0.7071804	0.9161987	-2.5704422	0.7088704	0.7628912	-2.5381972	0.7057604	0.8240484	-2.5622028	0.2766504	0.6554245	-2.2362041	0.4455804	0.6590800	-2.5319493	0.2714804	0.7096838	-2.2823039	0.4360304	0.6228311	-2.6468672	0.2210504	0.6890767	-2.2301150	0.3450904	0.6862709	-2.6520438	0.2366204	0.7591437	-2.2970941	0.3241604	0.6903020	-2.7489543	1.0324104	0.5414074	-2.5119995	1.2346304	0.9551757	-2.7599358	1.0605204	0.6033609	-2.5397890	1.2871204	0.9370644	-2.4034402	1.2780604	0.6448055	-2.3905784	1.5122604	0.6328401	-2.6583796	0.2317404	0.8051241	-2.3343660	0.2983304	0.6860189	-2.2075409	0.4563404	0.5875078	-2.4979493	0.2330704	0.6398941	-2.5306650	1.8072004	0.7995901	-2.4573329	1.5532404	0.6955212	-2.5678933	1.5545404	0.5706134	-2.5637738	1.3136704	0.4620201	-2.7064520	1.1118604	0.5471805	-2.3467683	1.5519304	0.8204198	-2.2157451	1.3119204	0.8266018	-2.4487579	1.2667104	0.9152191	-2.4775250	1.0894504	0.7060986	-2.5470054	1.0920104	0.6354453	-2.6357483	0.6671504	0.7263036	-2.5384815	0.2627704	0.6834669	-2.4080488	1.0868904	0.7767611	-2.4977530	0.6778204	0.8815592	-2.2596443	0.4418504	0.6318307	-2.5249705	1.8288004	0.7422548	-2.4727114	1.8233904	0.7838695	-2.5117545	1.7683404	0.6610521	-2.4052562	1.7578104	0.7494527	-2.3352285	0.2775204	0.7053783	-2.2590118	0.2960504	0.7134335	-2.2075409	0.4563404	0.5875078	-2.6786343	0.2251004	0.8163565	-2.6934358	0.2159904	0.7348992	-2.5014461	0.2150404	0.6414302
159	2.9811321	-2.5114920	1.5820504	0.7440161	-2.5769974	1.6244504	0.6054939	-2.3754939	1.6245904	0.8237189	-2.5733308	1.3184604	0.4320204	-2.1985434	1.3203904	0.8469037	-2.5361566	1.3073904	0.4569572	-2.2119266	1.3031804	0.8034350	-2.7156730	1.1354404	0.5625539	-2.4493746	1.2952804	0.9134420	-2.7120570	1.1151904	0.5247723	-2.4365685	1.2612004	0.9316942	-2.4261315	1.6384904	0.6637949	-2.6062695	1.1535904	0.6629678	-2.4523798	1.1530804	0.8386550	-2.4272183	1.1760904	0.5858641	-2.3493920	1.1723304	0.6708472	-2.6604803	0.7031304	0.6920524	-2.4745644	0.7071504	0.9163045	-2.5707991	0.7088404	0.7630888	-2.5384630	0.7057104	0.8241452	-2.5621750	0.2766604	0.6556250	-2.2363986	0.4454904	0.6593313	-2.5319480	0.2715104	0.7098941	-2.2825116	0.4359004	0.6230873	-2.6468231	0.2210104	0.6892186	-2.2303378	0.3450204	0.6866304	-2.6520535	0.2365804	0.7592826	-2.2973205	0.3241204	0.6906930	-2.7493221	1.0323504	0.5416993	-2.5124066	1.2344204	0.9553389	-2.7602819	1.0605204	0.6036299	-2.5402777	1.2868404	0.9371896	-2.4038927	1.2780604	0.6449476	-2.3911571	1.5122504	0.6329454	-2.6584164	0.2317004	0.8052504	-2.3346003	0.2982904	0.6864503	-2.2077408	0.4561504	0.5877235	-2.4978846	0.2331104	0.6401339	-2.5314274	1.8072204	0.7995215	-2.4579443	1.5531904	0.6955781	-2.5684696	1.5544004	0.5706426	-2.5641169	1.3135204	0.4620697	-2.7067860	1.1117904	0.5473999	-2.3474231	1.5519904	0.8205227	-2.2162604	1.3120504	0.8267367	-2.4492194	1.2665504	0.9153570	-2.4779243	1.0894204	0.7062214	-2.5473787	1.0919504	0.6355360	-2.6360660	0.6670904	0.7264644	-2.5384579	0.2627904	0.6836765	-2.4084699	1.0868904	0.7769068	-2.4980140	0.6777804	0.8816692	-2.2598387	0.4417204	0.6320821	-2.5257378	1.8287704	0.7421729	-2.4734696	1.8234204	0.7837918	-2.5124892	1.7682504	0.6610185	-2.4059902	1.7578104	0.7494414	-2.3354621	0.2775104	0.7058320	-2.2592461	0.2960304	0.7138649	-2.2077408	0.4561504	0.5877235	-2.6786802	0.2250404	0.8164785	-2.6934237	0.2159304	0.7350152	-2.5013591	0.2150804	0.6416694
160	3.0000000	-2.5121602	1.5820104	0.7441238	-2.5776226	1.6243404	0.6055334	-2.3762273	1.6246104	0.8238955	-2.5735380	1.3184104	0.4319679	-2.1990701	1.3205404	0.8471105	-2.5363723	1.3073604	0.4569229	-2.2124044	1.3033304	0.8036315	-2.7158579	1.1353904	0.5625008	-2.4499098	1.2950404	0.9135013	-2.7122461	1.1151204	0.5247282	-2.4370451	1.2609904	0.9317698	-2.4267942	1.6384904	0.6639383	-2.6066790	1.1535204	0.6630417	-2.4528461	1.1530804	0.8387795	-2.4276086	1.1760904	0.5859911	-2.3498082	1.1723704	0.6710062	-2.6607636	0.7030504	0.6921630	-2.4748550	0.7071804	0.9164779	-2.5711259	0.7088004	0.7632454	-2.5387493	0.7056804	0.8243096	-2.5621429	0.2766404	0.6558165	-2.2366431	0.4453304	0.6597138	-2.5319600	0.2715204	0.7101091	-2.2827556	0.4357104	0.6234922	-2.6467874	0.2209504	0.6893787	-2.2306053	0.3449004	0.6871567	-2.6520673	0.2365404	0.7594307	-2.2976049	0.3240304	0.6912555	-2.7495245	1.0322904	0.5416601	-2.5128482	1.2340904	0.9553868	-2.7604710	1.0604704	0.6035858	-2.5408009	1.2864604	0.9371994	-2.4043542	1.2780704	0.6450855	-2.3917297	1.5122704	0.6331087	-2.6584526	0.2316704	0.8053990	-2.3348968	0.2982204	0.6870624	-2.2079812	0.4558904	0.5880969	-2.4978241	0.2331204	0.6403828	-2.5321638	1.8072204	0.7995863	-2.4585538	1.5531604	0.6957022	-2.5690097	1.5543004	0.5706887	-2.5643332	1.3134704	0.4620130	-2.7069793	1.1117304	0.5473649	-2.3481027	1.5520204	0.8207023	-2.2167696	1.3121904	0.8269296	-2.4497008	1.2663104	0.9154194	-2.4783145	1.0894004	0.7063484	-2.5477472	1.0919004	0.6356400	-2.6363487	0.6670304	0.7265974	-2.5384434	0.2628004	0.6838819	-2.4088818	1.0869004	0.7770567	-2.4982954	0.6777804	0.8818469	-2.2600784	0.4415404	0.6324778	-2.5264700	1.8287504	0.7422287	-2.4742193	1.8234104	0.7838615	-2.5132159	1.7681904	0.6611099	-2.4067302	1.7578004	0.7495377	-2.3357712	0.2774604	0.7064713	-2.2595426	0.2959604	0.7144770	-2.2079812	0.4558904	0.5880969	-2.6787212	0.2250104	0.8166138	-2.6934158	0.2158604	0.7351402	-2.5012895	0.2150904	0.6419225
161	3.0188679	-2.5128029	1.5819804	0.7441772	-2.5782443	1.6242304	0.6055414	-2.3769268	1.6246604	0.8239997	-2.5738509	1.3183004	0.4319764	-2.1996059	1.3207004	0.8473130	-2.5366804	1.3072604	0.4569447	-2.2129046	1.3034704	0.8038286	-2.7161720	1.1353504	0.5626302	-2.4504444	1.2948804	0.9135830	-2.7125644	1.1150604	0.5248667	-2.4375477	1.2608604	0.9318775	-2.4274412	1.6384904	0.6640007	-2.6071019	1.1534504	0.6631203	-2.4533167	1.1530904	0.8389132	-2.4280205	1.1760804	0.5861410	-2.3502377	1.1724104	0.6711700	-2.6610644	0.7029704	0.6922876	-2.4751545	0.7071904	0.9166472	-2.5714702	0.7087804	0.7634158	-2.5390489	0.7056504	0.8244788	-2.5621241	0.2766304	0.6560129	-2.2368980	0.4452204	0.6600474	-2.5319721	0.2715404	0.7103242	-2.2830147	0.4355704	0.6238348	-2.6467608	0.2209004	0.6895346	-2.2308746	0.3448304	0.6876159	-2.6520945	0.2365104	0.7595835	-2.2978820	0.3239904	0.6917552	-2.7498639	1.0322604	0.5418438	-2.5133061	1.2338704	0.9554932	-2.7608020	1.0604704	0.6037514	-2.5413319	1.2861704	0.9372497	-2.4048199	1.2780804	0.6452324	-2.3922994	1.5122804	0.6332182	-2.6585021	0.2316404	0.8055524	-2.3351817	0.2981804	0.6876026	-2.2082275	0.4556904	0.5884124	-2.4977636	0.2331504	0.6406317	-2.5328713	1.8072404	0.7995654	-2.4591603	1.5531404	0.6957724	-2.5695594	1.5541804	0.5707082	-2.5646461	1.3133704	0.4620215	-2.7072934	1.1116704	0.5474943	-2.3487660	1.5520904	0.8208233	-2.2172921	1.3123304	0.8271273	-2.4501992	1.2661504	0.9155180	-2.4787271	1.0893804	0.7064760	-2.5481380	1.0918504	0.6357447	-2.6366580	0.6669804	0.7267401	-2.5384330	0.2628104	0.6840964	-2.4093161	1.0869204	0.7772073	-2.4985902	0.6777704	0.8820294	-2.2603333	0.4414104	0.6328114	-2.5271955	1.8287404	0.7421993	-2.4749315	1.8234304	0.7838273	-2.5139318	1.7681404	0.6611071	-2.4074413	1.7578104	0.7495482	-2.3360598	0.2774504	0.7070429	-2.2598233	0.2959404	0.7150081	-2.2082275	0.4556904	0.5884124	-2.6787665	0.2249704	0.8167582	-2.6934121	0.2158004	0.7352743	-2.5012290	0.2151104	0.6421714
162	3.0377358	-2.5134620	1.5819404	0.7442892	-2.5789088	1.6241304	0.6056177	-2.3776252	1.6246804	0.8241485	-2.5742218	1.3182304	0.4319910	-2.2001206	1.3208304	0.8474702	-2.5370422	1.3072104	0.4569635	-2.2133836	1.3036004	0.8039804	-2.7164728	1.1353104	0.5627547	-2.4509664	1.2946704	0.9136376	-2.7128785	1.1150104	0.5249960	-2.4380153	1.2606904	0.9319574	-2.4281220	1.6384804	0.6641357	-2.6075344	1.1533804	0.6631724	-2.4537879	1.1530904	0.8390245	-2.4284289	1.1760804	0.5862596	-2.3506811	1.1724404	0.6713164	-2.6613694	0.7029004	0.6924212	-2.4755031	0.7072204	0.9168267	-2.5718103	0.7087504	0.7635772	-2.5393974	0.7056404	0.8246583	-2.5621005	0.2766204	0.6562225	-2.2372241	0.4451104	0.6603918	-2.5319792	0.2715704	0.7105526	-2.2833360	0.4354204	0.6241925	-2.6467384	0.2208604	0.6896995	-2.2312194	0.3447604	0.6880951	-2.6521258	0.2364904	0.7597454	-2.2982304	0.3239404	0.6922658	-2.7501859	1.0322204	0.5420137	-2.5137332	1.2335904	0.9555809	-2.7610883	1.0604604	0.6039159	-2.5418454	1.2858404	0.9372861	-2.4052953	1.2781004	0.6453528	-2.3928950	1.5123004	0.6333597	-2.6585558	0.2316304	0.8057150	-2.3355422	0.2981404	0.6881627	-2.2085543	0.4554704	0.5887345	-2.4977207	0.2331604	0.6408944	-2.5335931	1.8072204	0.7996701	-2.4597879	1.5531104	0.6958880	-2.5701520	1.5540904	0.5707960	-2.5649989	1.3133104	0.4620446	-2.7075985	1.1116304	0.5476279	-2.3494196	1.5521204	0.8209709	-2.2177935	1.3124504	0.8272796	-2.4506668	1.2659504	0.9155979	-2.4791445	1.0893704	0.7065903	-2.5485337	1.0918004	0.6358360	-2.6369582	0.6669204	0.7268870	-2.5384269	0.2628204	0.6843199	-2.4097511	1.0869304	0.7773355	-2.4989297	0.6777804	0.8822132	-2.2606503	0.4412704	0.6331601	-2.5279355	1.8287104	0.7422956	-2.4756540	1.8234204	0.7839096	-2.5146802	1.7680904	0.6612215	-2.4081638	1.7578004	0.7496306	-2.3364240	0.2774404	0.7076344	-2.2601838	0.2959204	0.7155682	-2.2085543	0.4554704	0.5887345	-2.6788299	0.2249504	0.8168942	-2.6934084	0.2157604	0.7354085	-2.5011770	0.2151304	0.6424384
163	3.0566038	-2.5139786	1.5819604	0.7442138	-2.5793740	1.6240104	0.6054560	-2.3781719	1.6247804	0.8241142	-2.5743692	1.3180104	0.4319995	-2.2005549	1.3210004	0.8476208	-2.5372108	1.3070104	0.4570174	-2.2138089	1.3037404	0.8041352	-2.7166848	1.1351904	0.5628545	-2.4513790	1.2945704	0.9137652	-2.7130857	1.1148704	0.5251091	-2.4383867	1.2606204	0.9321152	-2.4286210	1.6384604	0.6640464	-2.6079120	1.1533304	0.6632722	-2.4542264	1.1530904	0.8391841	-2.4287913	1.1760704	0.5864216	-2.3510743	1.1724804	0.6714971	-2.6616576	0.7028304	0.6925185	-2.4756227	0.7071704	0.9168702	-2.5721504	0.7087204	0.7637387	-2.5395080	0.7055504	0.8247061	-2.5621083	0.2766104	0.6564285	-2.2372271	0.4449704	0.6606111	-2.5320269	0.2715804	0.7107731	-2.2833480	0.4352504	0.6244076	-2.6467250	0.2207904	0.6898602	-2.2312507	0.3446504	0.6884225	-2.6521620	0.2364204	0.7598940	-2.2982702	0.3238504	0.6926113	-2.7504275	1.0321004	0.5421769	-2.5140594	1.2334404	0.9557599	-2.7613396	1.0603904	0.6040525	-2.5422446	1.2856204	0.9374089	-2.4057115	1.2780904	0.6455118	-2.3933505	1.5122604	0.6333901	-2.6586102	0.2315604	0.8058551	-2.3355856	0.2980604	0.6885397	-2.2085530	0.4552504	0.5889447	-2.4976825	0.2331904	0.6411439	-2.5341412	1.8072904	0.7994256	-2.4602592	1.5530804	0.6958337	-2.5705532	1.5539404	0.5706861	-2.5651729	1.3131104	0.4620628	-2.7078189	1.1115004	0.5477458	-2.3499519	1.5522204	0.8209765	-2.2182236	1.3126004	0.8274211	-2.4510522	1.2658404	0.9157381	-2.4795117	1.0893504	0.7067390	-2.5488792	1.0917504	0.6359618	-2.6372547	0.6668704	0.7270025	-2.5384389	0.2628304	0.6845349	-2.4101401	1.0869504	0.7775072	-2.4990311	0.6777004	0.8822652	-2.2606533	0.4411004	0.6333793	-2.5284842	1.8287204	0.7420287	-2.4762069	1.8234804	0.7836518	-2.5152319	1.7680304	0.6610084	-2.4087063	1.7578304	0.7494217	-2.3364710	0.2773904	0.7080428	-2.2602224	0.2958504	0.7159585	-2.2085530	0.4552504	0.5889447	-2.6788842	0.2248704	0.8170344	-2.6934271	0.2156604	0.7355432	-2.5011298	0.2151504	0.6426921
164	3.0754717	-2.5145530	1.5819504	0.7443100	-2.5799008	1.6239904	0.6054972	-2.3788201	1.6248004	0.8242974	-2.5745469	1.3180804	0.4318836	-2.2010514	1.3211104	0.8477865	-2.5373969	1.3070904	0.4569195	-2.2142474	1.3038604	0.8042948	-2.7168957	1.1352404	0.5626679	-2.4518846	1.2942704	0.9137611	-2.7132966	1.1149204	0.5249225	-2.4388338	1.2603404	0.9321274	-2.4291894	1.6385204	0.6642006	-2.6082793	1.1533004	0.6632554	-2.4546547	1.1531404	0.8392271	-2.4291477	1.1761004	0.5864761	-2.3514525	1.1725504	0.6715746	-2.6618678	0.7027804	0.6925198	-2.4758081	0.7072204	0.9169603	-2.5724083	0.7087304	0.7637949	-2.5396892	0.7055404	0.8247871	-2.5621070	0.2765804	0.6566387	-2.2373351	0.4448604	0.6609138	-2.5320564	0.2715904	0.7110021	-2.2834554	0.4351004	0.6247326	-2.6467202	0.2207404	0.6900390	-2.2313775	0.3445804	0.6888599	-2.6522067	0.2364004	0.7600608	-2.2984006	0.3238104	0.6930802	-2.7506481	1.0321704	0.5419637	-2.5144804	1.2330404	0.9557400	-2.7615735	1.0604504	0.6038441	-2.5427382	1.2851704	0.9373553	-2.4061126	1.2781404	0.6455675	-2.3938302	1.5123404	0.6335195	-2.6586995	0.2315504	0.8060231	-2.3357280	0.2980204	0.6890580	-2.2086659	0.4550504	0.5892341	-2.4976480	0.2331804	0.6414248	-2.5348068	1.8072504	0.7996228	-2.4607799	1.5530904	0.6959330	-2.5709996	1.5539404	0.5707207	-2.5653638	1.3131704	0.4619517	-2.7080298	1.1115504	0.5475592	-2.3505511	1.5522504	0.8211495	-2.2186977	1.3127004	0.8275862	-2.4515040	1.2655404	0.9157371	-2.4798688	1.0893704	0.7067711	-2.5492187	1.0917504	0.6359800	-2.6374644	0.6668404	0.7270261	-2.5384594	0.2628204	0.6847681	-2.4105188	1.0870004	0.7775622	-2.4992033	0.6777304	0.8823504	-2.2607523	0.4409604	0.6336863	-2.5291541	1.8287104	0.7422349	-2.4768768	1.8234604	0.7838580	-2.5158891	1.7680504	0.6611874	-2.4093636	1.7578504	0.7496007	-2.3366128	0.2773704	0.7085835	-2.2603606	0.2958304	0.7164678	-2.2086659	0.4550504	0.5892341	-2.6789694	0.2248604	0.8171933	-2.6934500	0.2156104	0.7356870	-2.5010862	0.2151504	0.6429772
165	3.0943396	-2.5150370	1.5819704	0.7442830	-2.5803467	1.6239104	0.6053886	-2.3793475	1.6248704	0.8243163	-2.5746683	1.3179604	0.4318601	-2.2014845	1.3212604	0.8479817	-2.5375310	1.3069804	0.4569232	-2.2146539	1.3039904	0.8044804	-2.7170654	1.1351804	0.5626770	-2.4523298	1.2941104	0.9138404	-2.7134573	1.1148404	0.5249358	-2.4392331	1.2602204	0.9322501	-2.4296594	1.6385204	0.6641911	-2.6086309	1.1532604	0.6633232	-2.4550673	1.1531504	0.8393547	-2.4294884	1.1761104	0.5866151	-2.3518149	1.1725904	0.6717366	-2.6620895	0.7027204	0.6925929	-2.4759265	0.7072104	0.9170486	-2.5726825	0.7087004	0.7639098	-2.5398076	0.7054804	0.8248753	-2.5621057	0.2765504	0.6568490	-2.2373362	0.4447404	0.6612002	-2.5320902	0.2715904	0.7112401	-2.2834608	0.4349504	0.6250280	-2.6467110	0.2206704	0.6902088	-2.2313846	0.3444904	0.6892538	-2.6522737	0.2363504	0.7602282	-2.2984155	0.3237404	0.6935145	-2.7508438	1.0321104	0.5420048	-2.5148350	1.2328304	0.9558616	-2.7617740	1.0604204	0.6038720	-2.5431750	1.2849004	0.9374164	-2.4064980	1.2781504	0.6457078	-2.3942536	1.5123304	0.6335758	-2.6587756	0.2315104	0.8061863	-2.3357466	0.2979604	0.6895238	-2.2086586	0.4548504	0.5895023	-2.4976183	0.2331804	0.6416925	-2.5353113	1.8073004	0.7994979	-2.4612276	1.5530804	0.6959228	-2.5713730	1.5538404	0.5706459	-2.5654986	1.3130604	0.4619330	-2.7082038	1.1114804	0.5475774	-2.3510731	1.5523304	0.8212040	-2.2191266	1.3128304	0.8277724	-2.4519082	1.2653904	0.9158465	-2.4802143	1.0893704	0.7068969	-2.5495425	1.0917204	0.6360828	-2.6376945	0.6667904	0.7271174	-2.5384756	0.2628104	0.6849923	-2.4108861	1.0870304	0.7777110	-2.4992945	0.6776904	0.8824513	-2.2607576	0.4408204	0.6339817	-2.5296634	1.8287304	0.7420967	-2.4773728	1.8235004	0.7837150	-2.5164020	1.7680304	0.6610807	-2.4098674	1.7578704	0.7494982	-2.3366440	0.2773404	0.7090765	-2.2603792	0.2957904	0.7169336	-2.2086586	0.4548504	0.5895023	-2.6790593	0.2248104	0.8173389	-2.6934862	0.2155404	0.7358356	-2.5010475	0.2151404	0.6432491
166	3.1132075	-2.5155637	1.5819504	0.7443242	-2.5808348	1.6238204	0.6053706	-2.3799220	1.6249104	0.8244126	-2.5748743	1.3178704	0.4318523	-2.2019104	1.3213904	0.8481142	-2.5377454	1.3069004	0.4569335	-2.2150351	1.3041204	0.8046116	-2.7173107	1.1351604	0.5627060	-2.4527400	1.2938904	0.9138918	-2.7136977	1.1148104	0.5249782	-2.4395889	1.2600304	0.9323270	-2.4301814	1.6385204	0.6642456	-2.6089698	1.1532104	0.6633637	-2.4554539	1.1531704	0.8394503	-2.4298122	1.1761104	0.5867179	-2.3521604	1.1726304	0.6718623	-2.6623468	0.7026704	0.6926715	-2.4760890	0.7072204	0.9171604	-2.5729876	0.7087004	0.7640434	-2.5399658	0.7054404	0.8249781	-2.5621220	0.2765504	0.6570731	-2.2373772	0.4446904	0.6615010	-2.5321372	0.2716204	0.7114830	-2.2834927	0.4348604	0.6253331	-2.6467194	0.2206404	0.6903924	-2.2314226	0.3444704	0.6896665	-2.6523316	0.2363304	0.7603997	-2.2984529	0.3237304	0.6939495	-2.7511283	1.0320904	0.5420707	-2.5151503	1.2325404	0.9559463	-2.7620501	1.0604304	0.6039198	-2.5435767	1.2845404	0.9374498	-2.4068713	1.2781704	0.6457985	-2.3947031	1.5123504	0.6336641	-2.6588650	0.2315104	0.8063542	-2.3357966	0.2979504	0.6899860	-2.2086911	0.4547104	0.5897851	-2.4975929	0.2332004	0.6419691	-2.5359015	1.8073004	0.7995095	-2.4617048	1.5530604	0.6959761	-2.5718025	1.5537504	0.5706442	-2.5657046	1.3129804	0.4619252	-2.7084485	1.1114504	0.5476288	-2.3516071	1.5523804	0.8213081	-2.2195392	1.3129504	0.8279000	-2.4522688	1.2651704	0.9159101	-2.4805429	1.0893704	0.7069864	-2.5498494	1.0916804	0.6361493	-2.6379603	0.6667604	0.7272141	-2.5385003	0.2628304	0.6852345	-2.4112322	1.0870604	0.7778144	-2.4994479	0.6776804	0.8825674	-2.2607853	0.4407404	0.6342777	-2.5302627	1.8287204	0.7421042	-2.4779721	1.8235104	0.7837224	-2.5169965	1.7679904	0.6611014	-2.4104486	1.7578804	0.7495140	-2.3366886	0.2773504	0.7095743	-2.2604243	0.2958004	0.7174090	-2.2086911	0.4547104	0.5897851	-2.6791445	0.2248004	0.8174978	-2.6935224	0.2155004	0.7359842	-2.5010220	0.2151604	0.6435258
167	3.1320755	-2.5160785	1.5819504	0.7443159	-2.5813332	1.6237204	0.6053037	-2.3804584	1.6249604	0.8244272	-2.5751196	1.3177104	0.4318814	-2.2023284	1.3215204	0.8482061	-2.5380076	1.3067604	0.4569989	-2.2154398	1.3042304	0.8046987	-2.7176067	1.1351104	0.5628439	-2.4531315	1.2937004	0.9139741	-2.7140112	1.1147304	0.5251299	-2.4399260	1.2598704	0.9324346	-2.4306961	1.6385204	0.6642373	-2.6093353	1.1531604	0.6634140	-2.4558720	1.1531804	0.8395422	-2.4301583	1.1761104	0.5868213	-2.3525325	1.1726604	0.6719978	-2.6626041	0.7026104	0.6927502	-2.4762605	0.7072204	0.9172680	-2.5732884	0.7086804	0.7641679	-2.5401331	0.7053904	0.8250766	-2.5621249	0.2765304	0.6572924	-2.2374188	0.4446104	0.6617795	-2.5321843	0.2716304	0.7117258	-2.2835385	0.4347504	0.6256207	-2.6467236	0.2205804	0.6905670	-2.2314744	0.3444304	0.6900616	-2.6523896	0.2363004	0.7605713	-2.2985041	0.3237004	0.6943670	-2.7514629	1.0320504	0.5422678	-2.5154373	1.2322904	0.9560883	-2.7623853	1.0604304	0.6040945	-2.5439452	1.2842204	0.9375538	-2.4072664	1.2781804	0.6459122	-2.3951670	1.5123404	0.6337126	-2.6589543	0.2314804	0.8065222	-2.3358466	0.2979204	0.6904482	-2.2087327	0.4545604	0.5900636	-2.4975807	0.2332104	0.6422507	-2.5364543	1.8073304	0.7994172	-2.4621881	1.5530304	0.6959715	-2.5722508	1.5536304	0.5706117	-2.5659673	1.3128304	0.4619682	-2.7087619	1.1113804	0.5477805	-2.3521163	1.5524404	0.8213354	-2.2199530	1.3130704	0.8279829	-2.4526149	1.2649804	0.9160135	-2.4808939	1.0893604	0.7070765	-2.5501828	1.0916404	0.6362256	-2.6382261	0.6667204	0.7273108	-2.5385250	0.2628304	0.6854768	-2.4116092	1.0870804	0.7779365	-2.4996013	0.6776504	0.8826834	-2.2608312	0.4406404	0.6345653	-2.5308336	1.8287204	0.7420034	-2.4785388	1.8235404	0.7836126	-2.5175710	1.7679504	0.6610321	-2.4110147	1.7579004	0.7494266	-2.3367470	0.2773504	0.7100546	-2.2604834	0.2958004	0.7178670	-2.2087327	0.4545604	0.5900636	-2.6792387	0.2247604	0.8176525	-2.6935587	0.2154404	0.7361328	-2.5009917	0.2151704	0.6438157
168	3.1509434	-2.5165787	1.5819604	0.7443475	-2.5818389	1.6236604	0.6052996	-2.3809810	1.6250204	0.8244594	-2.5754718	1.3176204	0.4319268	-2.2027507	1.3216404	0.8483071	-2.5383507	1.3066704	0.4570485	-2.2158439	1.3043404	0.8048081	-2.7179915	1.1351304	0.5630065	-2.4535320	1.2935304	0.9140522	-2.7144002	1.1147304	0.5253016	-2.4402902	1.2597304	0.9325296	-2.4312102	1.6385204	0.6642513	-2.6097183	1.1531204	0.6634781	-2.4562936	1.1532004	0.8396656	-2.4305262	1.1761104	0.5869477	-2.3529312	1.1727004	0.6721429	-2.6628609	0.7025504	0.6928511	-2.4764894	0.7072304	0.9174039	-2.5735795	0.7086704	0.7643190	-2.5403621	0.7053704	0.8252126	-2.5621279	0.2765204	0.6575117	-2.2375813	0.4445604	0.6620569	-2.5322313	0.2716404	0.7119687	-2.2837009	0.4346604	0.6258981	-2.6467320	0.2205504	0.6907507	-2.2316338	0.3444204	0.6904507	-2.6524475	0.2362804	0.7607429	-2.2986762	0.3237004	0.6947833	-2.7519087	1.0320804	0.5424902	-2.5157562	1.2320604	0.9562044	-2.7628003	1.0605004	0.6042982	-2.5443324	1.2839404	0.9376270	-2.4076838	1.2781904	0.6460265	-2.3956485	1.5123404	0.6337750	-2.6590437	0.2314704	0.8066902	-2.3360133	0.2979204	0.6909001	-2.2088957	0.4544304	0.5903186	-2.4975553	0.2332204	0.6425273	-2.5369600	1.8073604	0.7994132	-2.4626659	1.5530304	0.6960024	-2.5727111	1.5535604	0.5706288	-2.5663062	1.3127504	0.4620087	-2.7091509	1.1113904	0.5479522	-2.3526159	1.5525004	0.8213893	-2.2203704	1.3131804	0.8280972	-2.4529883	1.2648104	0.9161042	-2.4812708	1.0893604	0.7071986	-2.5505380	1.0916204	0.6363247	-2.6384822	0.6666804	0.7274342	-2.5385455	0.2628404	0.6857100	-2.4120036	1.0871004	0.7780726	-2.4998212	0.6776504	0.8828236	-2.2609845	0.4405604	0.6348469	-2.5313574	1.8287304	0.7419909	-2.4790366	1.8235704	0.7835681	-2.5181304	1.7679404	0.6610250	-2.4115306	1.7579204	0.7493736	-2.3369130	0.2773704	0.7105289	-2.2606367	0.2958204	0.7183141	-2.2088957	0.4544304	0.5903186	-2.6793329	0.2247504	0.8178072	-2.6935949	0.2154004	0.7362815	-2.5009663	0.2151704	0.6440924
169	3.1698113	-2.5171151	1.5819304	0.7443621	-2.5823324	1.6235304	0.6052460	-2.3815518	1.6250604	0.8245242	-2.5756730	1.3174604	0.4319323	-2.2031844	1.3217704	0.8484800	-2.5385646	1.3065304	0.4570812	-2.2162511	1.3044604	0.8049714	-2.7182337	1.1351104	0.5631473	-2.4539639	1.2933604	0.9141266	-2.7146642	1.1146804	0.5254654	-2.4406720	1.2596004	0.9326384	-2.4317328	1.6384904	0.6642835	-2.6100825	1.1530604	0.6635731	-2.4567104	1.1531904	0.8398023	-2.4308844	1.1760804	0.5871006	-2.3533069	1.1727104	0.6723097	-2.6631876	0.7025004	0.6930077	-2.4767347	0.7072404	0.9175985	-2.5739498	0.7086504	0.7645215	-2.5406073	0.7053304	0.8254072	-2.5621441	0.2765304	0.6577358	-2.2377237	0.4445104	0.6624097	-2.5322784	0.2716804	0.7122116	-2.2838386	0.4345704	0.6262642	-2.6467404	0.2205204	0.6909343	-2.2317822	0.3444004	0.6909111	-2.6525145	0.2362704	0.7609103	-2.2988282	0.3237004	0.6952751	-2.7522113	1.0320604	0.5427133	-2.5160975	1.2318504	0.9563211	-2.7630854	1.0605404	0.6045073	-2.5447559	1.2836604	0.9376833	-2.4080825	1.2781804	0.6461716	-2.3961070	1.5123104	0.6338591	-2.6591240	0.2314604	0.8068624	-2.3361690	0.2979204	0.6914233	-2.2090388	0.4543004	0.5906491	-2.4975389	0.2332604	0.6427998	-2.5375666	1.8073704	0.7993179	-2.4631480	1.5529904	0.6960424	-2.5731413	1.5534204	0.5706047	-2.5665207	1.3126104	0.4620191	-2.7094149	1.1113504	0.5481160	-2.3531638	1.5525504	0.8214759	-2.2207957	1.3132904	0.8282520	-2.4533749	1.2646504	0.9161998	-2.4816296	1.0893304	0.7073292	-2.5508793	1.0915604	0.6364414	-2.6388174	0.6666404	0.7276088	-2.5385702	0.2628704	0.6859523	-2.4123751	1.0871004	0.7782303	-2.5000573	0.6776304	0.8830225	-2.2611270	0.4404804	0.6351997	-2.5319555	1.8287104	0.7418775	-2.4796432	1.8235804	0.7834728	-2.5187050	1.7678604	0.6609557	-2.4121221	1.7579304	0.7493405	-2.3370724	0.2773904	0.7110835	-2.2607966	0.2958504	0.7188464	-2.2090388	0.4543004	0.5906491	-2.6794180	0.2247204	0.8179661	-2.6936311	0.2153604	0.7364301	-2.5009408	0.2152204	0.6443691
170	3.1886792	-2.5176938	1.5818904	0.7444674	-2.5828900	1.6234604	0.6053060	-2.3821783	1.6250604	0.8246845	-2.5759418	1.3174304	0.4319172	-2.2036809	1.3218504	0.8486457	-2.5388419	1.3065004	0.4570843	-2.2167162	1.3045304	0.8051407	-2.7185744	1.1351104	0.5631208	-2.4544345	1.2931204	0.9142602	-2.7149916	1.1146804	0.5254341	-2.4410972	1.2593804	0.9327932	-2.4323193	1.6385004	0.6644293	-2.6104528	1.1530004	0.6636101	-2.4571109	1.1532104	0.8398803	-2.4312402	1.1760804	0.5871775	-2.3536712	1.1727404	0.6724047	-2.6634528	0.7024304	0.6931268	-2.4770862	0.7073204	0.9178318	-2.5742585	0.7086304	0.7646865	-2.5409588	0.7053504	0.8256405	-2.5621465	0.2765304	0.6579775	-2.2380208	0.4444404	0.6628339	-2.5323115	0.2717004	0.7124720	-2.2841351	0.4344604	0.6267107	-2.6467531	0.2205104	0.6911270	-2.2320799	0.3443704	0.6914784	-2.6525719	0.2362804	0.7611042	-2.2991205	0.3236904	0.6958781	-2.7525834	1.0320804	0.5426832	-2.5164774	1.2315404	0.9564970	-2.7634714	1.0605704	0.6044597	-2.5452041	1.2833004	0.9378163	-2.4084872	1.2781904	0.6462587	-2.3966223	1.5123304	0.6339940	-2.6592218	0.2314704	0.8070485	-2.3364690	0.2979004	0.6920668	-2.2093359	0.4541504	0.5910733	-2.4975128	0.2332704	0.6430988	-2.5382117	1.8073404	0.7994474	-2.4636953	1.5529504	0.6961513	-2.5736270	1.5533504	0.5706762	-2.5668028	1.3125704	0.4620089	-2.7097466	1.1113504	0.5480937	-2.3537546	1.5525604	0.8216307	-2.2212831	1.3133604	0.8284219	-2.4538050	1.2644104	0.9163413	-2.4819897	1.0893204	0.7074151	-2.5512267	1.0915204	0.6365001	-2.6390862	0.6666004	0.7277594	-2.5385901	0.2628804	0.6862078	-2.4127527	1.0871204	0.7783301	-2.5004040	0.6776804	0.8832690	-2.2614193	0.4403904	0.6356372	-2.5326140	1.8286704	0.7420118	-2.4802974	1.8235504	0.7835981	-2.5193634	1.7678304	0.6610900	-2.4127630	1.7579104	0.7494610	-2.3373718	0.2774104	0.7117494	-2.2610925	0.2958704	0.7194808	-2.2093359	0.4541504	0.5910733	-2.6795207	0.2247304	0.8181389	-2.6936715	0.2153504	0.7365878	-2.5009148	0.2152204	0.6446681
171	3.2075472	-2.5182242	1.5818704	0.7445401	-2.5834035	1.6233504	0.6053424	-2.3827304	1.6251004	0.8247801	-2.5762915	1.3172804	0.4320521	-2.2041629	1.3219504	0.8488512	-2.5391959	1.3063704	0.4572282	-2.2171668	1.3046104	0.8053498	-2.7189066	1.1349504	0.5632418	-2.4549147	1.2929404	0.9143673	-2.7153238	1.1145204	0.5255550	-2.4415406	1.2592404	0.9329395	-2.4328497	1.6384804	0.6645019	-2.6108521	1.1529404	0.6637328	-2.4575404	1.1532104	0.8400441	-2.4316201	1.1760604	0.5873534	-2.3540728	1.1727604	0.6726035	-2.6637748	0.7023704	0.6932966	-2.4773707	0.7073404	0.9180633	-2.5746106	0.7086104	0.7648975	-2.5412433	0.7053304	0.8258720	-2.5621669	0.2765304	0.6582107	-2.2382787	0.4443404	0.6632212	-2.5323628	0.2717304	0.7127239	-2.2844014	0.4343304	0.6271162	-2.6467615	0.2204804	0.6913107	-2.2323522	0.3443104	0.6919914	-2.6526340	0.2362604	0.7612849	-2.2994097	0.3236504	0.6964273	-2.7529338	1.0319304	0.5427956	-2.5168942	1.2313204	0.9566337	-2.7638127	1.0604204	0.6045764	-2.5456850	1.2830204	0.9379011	-2.4089209	1.2781804	0.6464316	-2.3971019	1.5123204	0.6341234	-2.6593021	0.2314604	0.8072207	-2.3367570	0.2978704	0.6926607	-2.2095944	0.4539504	0.5914382	-2.4975006	0.2333004	0.6433803	-2.5388116	1.8073504	0.7994324	-2.4641985	1.5529204	0.6962367	-2.5741042	1.5532404	0.5707295	-2.5671526	1.3124304	0.4621437	-2.7100788	1.1111904	0.5482147	-2.3542929	1.5526004	0.8217438	-2.2217519	1.3134404	0.8286226	-2.4542532	1.2642404	0.9164743	-2.4823744	1.0893004	0.7075778	-2.5515891	1.0914704	0.6366621	-2.6394033	0.6665504	0.7279425	-2.5386148	0.2629004	0.6864501	-2.4131550	1.0871204	0.7785067	-2.5006836	0.6776904	0.8835138	-2.2616771	0.4402604	0.6360245	-2.5332096	1.8286504	0.7419878	-2.4808973	1.8235704	0.7835831	-2.5199313	1.7677704	0.6611010	-2.4133484	1.7579204	0.7494859	-2.3376634	0.2774004	0.7123747	-2.2613805	0.2958604	0.7200747	-2.2095944	0.4539504	0.5914382	-2.6796100	0.2247104	0.8183069	-2.6937029	0.2153104	0.7367497	-2.5008893	0.2152504	0.6449448
172	3.2264151	-2.5187703	1.5819104	0.7446937	-2.5841761	1.6232804	0.6055558	-2.3831696	1.6251704	0.8247518	-2.5774778	1.3169104	0.4328450	-2.2047369	1.3219604	0.8488043	-2.5403604	1.3060504	0.4579982	-2.2177758	1.3046104	0.8053307	-2.7198315	1.1340004	0.5634505	-2.4554100	1.2927904	0.9145777	-2.7161925	1.1137004	0.5256906	-2.4419773	1.2591304	0.9331662	-2.4335203	1.6384904	0.6645203	-2.6113837	1.1529104	0.6639263	-2.4580019	1.1532504	0.8401820	-2.4322121	1.1760904	0.5874635	-2.3546165	1.1728204	0.6726810	-2.6640526	0.7022804	0.6934429	-2.4776346	0.7073904	0.9182271	-2.5749060	0.7085704	0.7650577	-2.5415688	0.7053304	0.8260732	-2.5621880	0.2764904	0.6584215	-2.2387408	0.4440804	0.6635023	-2.5323972	0.2717204	0.7129396	-2.2848894	0.4340304	0.6274292	-2.6467735	0.2204104	0.6915258	-2.2328505	0.3441004	0.6924211	-2.6526733	0.2362104	0.7614873	-2.2999055	0.3234804	0.6969464	-2.7536860	1.0310104	0.5426104	-2.5172784	1.2311904	0.9569842	-2.7646247	1.0592504	0.6044956	-2.5461331	1.2828304	0.9381996	-2.4095178	1.2782204	0.6465285	-2.3977858	1.5123204	0.6341465	-2.6593546	0.2314204	0.8074279	-2.3372818	0.2977104	0.6932656	-2.2100933	0.4535604	0.5916800	-2.4975078	0.2332804	0.6436087	-2.5393306	1.8074504	0.7994332	-2.4648485	1.5528904	0.6963528	-2.5749511	1.5531104	0.5710076	-2.5683437	1.3120604	0.4629234	-2.7109384	1.1103204	0.5483545	-2.3547369	1.5526604	0.8217023	-2.2223385	1.3134304	0.8286028	-2.4547032	1.2641104	0.9167058	-2.4828667	1.0893104	0.7077344	-2.5521122	1.0914604	0.6368375	-2.6396721	0.6664804	0.7280930	-2.5386401	0.2628704	0.6866700	-2.4136213	1.0871704	0.7786312	-2.5009693	0.6777104	0.8837005	-2.2621518	0.4399704	0.6363327	-2.5337697	1.8287004	0.7419584	-2.4814223	1.8236504	0.7835259	-2.5205481	1.7677404	0.6611224	-2.4139000	1.7579704	0.7494383	-2.3381737	0.2772804	0.7130195	-2.2618666	0.2957104	0.7206204	-2.2100933	0.4535604	0.5916800	-2.6796583	0.2246704	0.8185050	-2.6937288	0.2152404	0.7369472	-2.5008917	0.2152304	0.6451865
173	3.2452830	-2.5193436	1.5819604	0.7448346	-2.5848920	1.6232104	0.6057186	-2.3836837	1.6252604	0.8247659	-2.5784388	1.3165904	0.4335334	-2.2053422	1.3220204	0.8489193	-2.5413346	1.3057904	0.4586914	-2.2183762	1.3046604	0.8054589	-2.7206000	1.1330004	0.5633238	-2.4559833	1.2926504	0.9147186	-2.7168776	1.1128604	0.5255035	-2.4425137	1.2590304	0.9333464	-2.4341588	1.6385104	0.6645645	-2.6119497	1.1528804	0.6641699	-2.4584404	1.1532904	0.8403416	-2.4328349	1.1761204	0.5875924	-2.3551868	1.1728904	0.6727682	-2.6643208	0.7021904	0.6936158	-2.4778357	0.7074404	0.9183981	-2.5751790	0.7085304	0.7652172	-2.5418491	0.7053304	0.8262956	-2.5622272	0.2764404	0.6586239	-2.2391986	0.4437704	0.6637743	-2.5324406	0.2716904	0.7131510	-2.2853859	0.4336804	0.6277605	-2.6467855	0.2203404	0.6917408	-2.2333349	0.3438504	0.6928683	-2.6526943	0.2361604	0.7616981	-2.3004050	0.3232704	0.6974969	-2.7542480	1.0300404	0.5420173	-2.5177779	1.2310404	0.9572036	-2.7653226	1.0580004	0.6040047	-2.5466925	1.2826304	0.9383581	-2.4101364	1.2782604	0.6466483	-2.3984279	1.5123404	0.6342222	-2.6593757	0.2313704	0.8076387	-2.3377969	0.2975204	0.6938971	-2.2106013	0.4531204	0.5919176	-2.4975241	0.2332504	0.6438328	-2.5399365	1.8075604	0.7993603	-2.4654804	1.5528704	0.6964775	-2.5757056	1.5529904	0.5712295	-2.5693360	1.3117304	0.4636081	-2.7116368	1.1094104	0.5481722	-2.3552552	1.5527504	0.8217254	-2.2229347	1.3134704	0.8287220	-2.4552577	1.2639904	0.9168775	-2.4833633	1.0893304	0.7079000	-2.5526613	1.0914504	0.6370449	-2.6399179	0.6663904	0.7282652	-2.5386702	0.2628404	0.6868766	-2.4140744	1.0872204	0.7787510	-2.5011874	0.6777304	0.8839078	-2.2626314	0.4396304	0.6366277	-2.5343762	1.8287504	0.7418631	-2.4820373	1.8237604	0.7834488	-2.5211438	1.7677104	0.6610984	-2.4145041	1.7580404	0.7494325	-2.3386695	0.2771304	0.7137041	-2.2623522	0.2955404	0.7211884	-2.2106013	0.4531204	0.5919176	-2.6796703	0.2246104	0.8187201	-2.6937360	0.2151604	0.7371756	-2.5008988	0.2152104	0.6454148
174	3.2641509	-2.5197339	1.5820104	0.7447960	-2.5851633	1.6231504	0.6056141	-2.3841120	1.6253304	0.8248089	-2.5788308	1.3163704	0.4337588	-2.2057402	1.3221404	0.8492522	-2.5417568	1.3055704	0.4589579	-2.2187205	1.3047604	0.8057949	-2.7212102	1.1327604	0.5632600	-2.4564569	1.2926604	0.9147405	-2.7174480	1.1126604	0.5254251	-2.4429813	1.2590704	0.9334263	-2.4344355	1.6384704	0.6645900	-2.6123719	1.1528404	0.6642709	-2.4589195	1.1533104	0.8404934	-2.4332288	1.1761104	0.5877507	-2.3556157	1.1729104	0.6729544	-2.6646343	0.7021304	0.6937675	-2.4782114	0.7074604	0.9185650	-2.5755402	0.7085304	0.7654239	-2.5422073	0.7053104	0.8264486	-2.5622115	0.2764504	0.6588740	-2.2395060	0.4436704	0.6641495	-2.5324689	0.2717304	0.7134247	-2.2856842	0.4335504	0.6281399	-2.6467716	0.2203304	0.6919239	-2.2336573	0.3437804	0.6933468	-2.6527523	0.2361504	0.7618697	-2.3007268	0.3232204	0.6979978	-2.7548842	1.0298504	0.5418199	-2.5182654	1.2310604	0.9572080	-2.7660120	1.0577504	0.6038267	-2.5471783	1.2826104	0.9382640	-2.4105568	1.2782404	0.6468163	-2.3987559	1.5122804	0.6343341	-2.6594741	0.2313704	0.8078025	-2.3381266	0.2974804	0.6944385	-2.2109002	0.4529404	0.5922747	-2.4974708	0.2333004	0.6441446	-2.5407426	1.8077604	0.7986754	-2.4658374	1.5528604	0.6965096	-2.5760016	1.5529104	0.5712018	-2.5697546	1.3115304	0.4638433	-2.7122205	1.1091904	0.5480987	-2.3556823	1.5528104	0.8218131	-2.2233062	1.3135704	0.8290453	-2.4557126	1.2640104	0.9169302	-2.4837843	1.0893204	0.7080458	-2.5530515	1.0914204	0.6371719	-2.6402308	0.6663604	0.7284393	-2.5386720	0.2628704	0.6871406	-2.4145081	1.0872304	0.7789239	-2.5015540	0.6777404	0.8840789	-2.2629255	0.4395104	0.6369981	-2.5349419	1.8287704	0.7411359	-2.4827884	1.8239704	0.7829772	-2.5212641	1.7675104	0.6606230	-2.4150127	1.7581904	0.7494822	-2.3390028	0.2771204	0.7142769	-2.2626728	0.2955104	0.7217340	-2.2109002	0.4529404	0.5922747	-2.6797826	0.2246004	0.8188663	-2.6937595	0.2151304	0.7372970	-2.5008456	0.2152504	0.6457265
175	3.2830189	-2.5200426	1.5820604	0.7446300	-2.5853343	1.6231204	0.6054130	-2.3844582	1.6253904	0.8247468	-2.5791528	1.3162304	0.4337632	-2.2060198	1.3222704	0.8494970	-2.5421048	1.3054204	0.4589943	-2.2189373	1.3048604	0.8060469	-2.7217328	1.1326804	0.5631266	-2.4568092	1.2926904	0.9146204	-2.7179621	1.1125904	0.5252736	-2.4433456	1.2591204	0.9333557	-2.4345944	1.6384104	0.6645049	-2.6127833	1.1527904	0.6642777	-2.4593919	1.1533104	0.8405600	-2.4336202	1.1760704	0.5878330	-2.3560288	1.1729104	0.6730596	-2.6649351	0.7020604	0.6938920	-2.4785666	0.7074604	0.9186642	-2.5758803	0.7085104	0.7655853	-2.5425492	0.7052804	0.8265429	-2.5621999	0.2764504	0.6591332	-2.2397892	0.4435504	0.6644257	-2.5325015	0.2717504	0.7137075	-2.2859717	0.4334004	0.6284252	-2.6467667	0.2203004	0.6921027	-2.2339466	0.3437004	0.6937305	-2.6528235	0.2361404	0.7620461	-2.3010287	0.3231604	0.6984087	-2.7554805	1.0298204	0.5416081	-2.5186455	1.2310804	0.9570528	-2.7666216	1.0576904	0.6036197	-2.5475704	1.2825904	0.9379928	-2.4109706	1.2782004	0.6468992	-2.3990066	1.5121804	0.6343275	-2.6595900	0.2313604	0.8079801	-2.3384406	0.2974204	0.6948989	-2.2111793	0.4527404	0.5925418	-2.4974260	0.2333204	0.6444744	-2.5415512	1.8079804	0.7977357	-2.4661081	1.5528504	0.6964275	-2.5761980	1.5528504	0.5710551	-2.5701074	1.3113904	0.4638663	-2.7127479	1.1091104	0.5479520	-2.3560315	1.5528604	0.8218048	-2.2235459	1.3136904	0.8292755	-2.4560552	1.2640404	0.9168367	-2.4841806	1.0893004	0.7081147	-2.5534351	1.0913704	0.6372136	-2.6405310	0.6663104	0.7285862	-2.5386821	0.2628904	0.6874227	-2.4149352	1.0872304	0.7790116	-2.5019002	0.6777204	0.8841823	-2.2632039	0.4393704	0.6372876	-2.5354388	1.8287904	0.7401429	-2.4835226	1.8242004	0.7823038	-2.5212196	1.7672504	0.6599596	-2.4154743	1.7583704	0.7494545	-2.3393162	0.2770904	0.7147597	-2.2629826	0.2954704	0.7221854	-2.2111793	0.4527404	0.5925418	-2.6799082	0.2245704	0.8190174	-2.6938047	0.2150904	0.7374414	-2.5007875	0.2152604	0.6460515
176	3.3018868	-2.5202903	1.5820804	0.7447352	-2.5854152	1.6232504	0.6055629	-2.3847209	1.6253204	0.8249553	-2.5794978	1.3165404	0.4335802	-2.2061816	1.3222804	0.8497967	-2.5424329	1.3056804	0.4587751	-2.2190592	1.3048604	0.8063321	-2.7219291	1.1330004	0.5631454	-2.4570895	1.2927304	0.9145117	-2.7182708	1.1129304	0.5252731	-2.4436652	1.2591704	0.9332839	-2.4346771	1.6383804	0.6647532	-2.6131863	1.1527704	0.6642663	-2.4598951	1.1533204	0.8406453	-2.4339664	1.1760504	0.5879364	-2.3564366	1.1729104	0.6732005	-2.6652226	0.7020104	0.6940117	-2.4790590	0.7075004	0.9188208	-2.5762330	0.7085204	0.7657739	-2.5430065	0.7053004	0.8266717	-2.5621877	0.2764704	0.6594147	-2.2401727	0.4434804	0.6647985	-2.5325509	0.2717904	0.7140265	-2.2863552	0.4333004	0.6287980	-2.6467660	0.2202904	0.6922906	-2.2343500	0.3436604	0.6941934	-2.6529080	0.2361304	0.7622274	-2.3014225	0.3231404	0.6988981	-2.7558061	1.0301704	0.5416438	-2.5190092	1.2311204	0.9568391	-2.7667672	1.0580104	0.6036952	-2.5478913	1.2826304	0.9377108	-2.4113391	1.2781704	0.6470032	-2.3992211	1.5121504	0.6345034	-2.6597332	0.2313504	0.8081451	-2.3388380	0.2974104	0.6954198	-2.2115586	0.4526004	0.5929056	-2.4973715	0.2333604	0.6448308	-2.5424413	1.8081504	0.7970889	-2.4663274	1.5529004	0.6965901	-2.5763472	1.5530004	0.5711621	-2.5704259	1.3116804	0.4636737	-2.7129944	1.1094204	0.5479364	-2.3563033	1.5527904	0.8220090	-2.2236860	1.3137004	0.8295523	-2.4563440	1.2640804	0.9167462	-2.4846035	1.0893004	0.7081934	-2.5538054	1.0913404	0.6372506	-2.6408312	0.6662904	0.7287331	-2.5386869	0.2629204	0.6877405	-2.4153924	1.0872504	0.7791404	-2.5023743	0.6777504	0.8843474	-2.2635875	0.4392804	0.6376604	-2.5359495	1.8287504	0.7394634	-2.4843400	1.8244204	0.7820219	-2.5210318	1.7669604	0.6596279	-2.4159224	1.7585604	0.7499186	-2.3397262	0.2771004	0.7153077	-2.2633842	0.2954704	0.7227153	-2.2115586	0.4526004	0.5929056	-2.6800653	0.2245504	0.8191648	-2.6938506	0.2150704	0.7375635	-2.5007330	0.2153104	0.6464080
177	3.3207547	-2.5205712	1.5821304	0.7446042	-2.5856683	1.6232504	0.6054669	-2.3849530	1.6253604	0.8248140	-2.5801598	1.3164104	0.4337459	-2.2064275	1.3223304	0.8498034	-2.5430823	1.3055504	0.4589136	-2.2192870	1.3049004	0.8063473	-2.7224135	1.1327904	0.5634271	-2.4573421	1.2927204	0.9144381	-2.7188096	1.1127404	0.5255294	-2.4439032	1.2591804	0.9332501	-2.4348723	1.6383304	0.6646511	-2.6135947	1.1527404	0.6642193	-2.4603645	1.1533504	0.8406582	-2.4343596	1.1760204	0.5879516	-2.3568601	1.1729004	0.6732568	-2.6654981	0.7019504	0.6940819	-2.4794715	0.7075604	0.9189484	-2.5765604	0.7085304	0.7659081	-2.5434100	0.7053104	0.8268035	-2.5621804	0.2764604	0.6596829	-2.2405804	0.4433504	0.6651049	-2.5326010	0.2718104	0.7143231	-2.2867713	0.4331404	0.6291226	-2.6467738	0.2202704	0.6924966	-2.2347903	0.3435704	0.6946170	-2.6530010	0.2361304	0.7624268	-2.3018706	0.3230804	0.6993622	-2.7563141	1.0299804	0.5418814	-2.5192479	1.2311104	0.9567830	-2.7671888	1.0577704	0.6039841	-2.5481493	1.2825804	0.9376015	-2.4117505	1.2781504	0.6470100	-2.3995274	1.5120804	0.6344268	-2.6598666	0.2313504	0.8083366	-2.3393073	0.2973704	0.6959292	-2.2119801	0.4523704	0.5931945	-2.4973443	0.2333704	0.6451745	-2.5432680	1.8083604	0.7961407	-2.4666252	1.5529004	0.6964953	-2.5766885	1.5529804	0.5711132	-2.5710614	1.3115504	0.4638298	-2.7134975	1.1092304	0.5481873	-2.3565661	1.5528204	0.8218865	-2.2239228	1.3137404	0.8295632	-2.4565917	1.2640704	0.9166858	-2.4850143	1.0892904	0.7082225	-2.5541993	1.0913204	0.6372435	-2.6411013	0.6662504	0.7288389	-2.5387104	0.2629304	0.6880275	-2.4158340	1.0872704	0.7791883	-2.5027869	0.6777904	0.8844750	-2.2639994	0.4391304	0.6379759	-2.5364687	1.8287504	0.7384710	-2.4851057	1.8246704	0.7813449	-2.5209825	1.7666904	0.6589778	-2.4163791	1.7587804	0.7499042	-2.3401900	0.2770904	0.7158528	-2.2638359	0.2954304	0.7232108	-2.2119801	0.4523704	0.5931945	-2.6802126	0.2245504	0.8193389	-2.6938953	0.2150404	0.7377302	-2.5006967	0.2153204	0.6467559
178	3.3396226	-2.5209591	1.5821404	0.7444895	-2.5860744	1.6231504	0.6053437	-2.3852968	1.6253804	0.8246757	-2.5808647	1.3160304	0.4341455	-2.2068323	1.3223204	0.8497250	-2.5437781	1.3052004	0.4593174	-2.2197093	1.3048704	0.8062827	-2.7231015	1.1322804	0.5636248	-2.4577178	1.2926104	0.9144394	-2.7194711	1.1122804	0.5257175	-2.4442561	1.2591004	0.9332732	-2.4352203	1.6382604	0.6645220	-2.6140466	1.1526804	0.6642183	-2.4608556	1.1533504	0.8406939	-2.4347928	1.1759504	0.5879814	-2.3573107	1.1728704	0.6733004	-2.6658346	0.7018604	0.6942119	-2.4798877	0.7075904	0.9191074	-2.5769452	0.7085004	0.7660708	-2.5438352	0.7052904	0.8269583	-2.5621954	0.2764404	0.6599518	-2.2410056	0.4432104	0.6654253	-2.5326510	0.2718204	0.7146197	-2.2872008	0.4329704	0.6294519	-2.6467900	0.2202504	0.6927207	-2.2352390	0.3434704	0.6950588	-2.6530759	0.2361204	0.7626346	-2.3023272	0.3230104	0.6998445	-2.7569702	1.0295004	0.5419396	-2.5195632	1.2310004	0.9568676	-2.7678798	1.0572104	0.6040701	-2.5485154	1.2824404	0.9376294	-2.4122108	1.2780904	0.6470271	-2.3999412	1.5119904	0.6343441	-2.6599862	0.2313504	0.8085457	-2.3397717	0.2973104	0.6964519	-2.2124060	0.4521404	0.5934925	-2.4973260	0.2333804	0.6455141	-2.5440318	1.8085104	0.7953652	-2.4670258	1.5528304	0.6964078	-2.5771416	1.5528304	0.5710675	-2.5717795	1.3111904	0.4642341	-2.7141548	1.1087504	0.5483663	-2.3569141	1.5528204	0.8217573	-2.2243318	1.3137104	0.8294939	-2.4569487	1.2639704	0.9167179	-2.4854607	1.0892504	0.7082571	-2.5546325	1.0912504	0.6372732	-2.6414462	0.6661804	0.7289870	-2.5387381	0.2629304	0.6883235	-2.4163022	1.0872504	0.7792458	-2.5031983	0.6778004	0.8846473	-2.2644246	0.4389604	0.6382962	-2.5370187	1.8287204	0.7376628	-2.4858241	1.8248304	0.7807561	-2.5211403	1.7664404	0.6584408	-2.4168921	1.7589004	0.7497975	-2.3406581	0.2770604	0.7164069	-2.2642961	0.2953804	0.7237245	-2.2124060	0.4521404	0.5934925	-2.6803419	0.2245504	0.8195214	-2.6939442	0.2150104	0.7379061	-2.5006784	0.2153204	0.6470954
179	3.3584906	-2.5213965	1.5821604	0.7443628	-2.5864949	1.6230404	0.6051808	-2.3857203	1.6254104	0.8245665	-2.5813908	1.3156304	0.4345401	-2.2073283	1.3223404	0.8497475	-2.5443344	1.3048304	0.4597531	-2.2201914	1.3048704	0.8063227	-2.7237618	1.1317804	0.5636921	-2.4582047	1.2925304	0.9144661	-2.7200691	1.1118204	0.5257696	-2.4447152	1.2590504	0.9333349	-2.4356082	1.6381904	0.6644073	-2.6145244	1.1526204	0.6642492	-2.4613637	1.1533604	0.8407660	-2.4352561	1.1759004	0.5880522	-2.3577867	1.1728504	0.6733985	-2.6662067	0.7017804	0.6943473	-2.4803160	0.7076304	0.9193159	-2.5773559	0.7084804	0.7662654	-2.5442683	0.7052804	0.8271536	-2.5622105	0.2764404	0.6602206	-2.2414242	0.4430704	0.6658259	-2.5327101	0.2718504	0.7149121	-2.2876235	0.4328104	0.6298616	-2.6468063	0.2202204	0.6929449	-2.2356811	0.3433704	0.6955809	-2.6531549	0.2361104	0.7628515	-2.3027861	0.3229504	0.7004028	-2.7575901	1.0290304	0.5418491	-2.5199993	1.2309404	0.9569511	-2.7685933	1.0566704	0.6039912	-2.5489842	1.2823304	0.9376646	-2.4126923	1.2780404	0.6470894	-2.4003629	1.5119004	0.6343020	-2.6601057	0.2313504	0.8087548	-2.3402294	0.2972504	0.6970549	-2.2128203	0.4519104	0.5938841	-2.4973126	0.2334004	0.6458403	-2.5447038	1.8086704	0.7946767	-2.4674620	1.5527504	0.6963258	-2.5775869	1.5526604	0.5709812	-2.5723322	1.3108104	0.4646384	-2.7147704	1.1082704	0.5484323	-2.3573413	1.5528504	0.8216795	-2.2248230	1.3137104	0.8295297	-2.4574169	1.2639104	0.9167755	-2.4859416	1.0892204	0.7083418	-2.5550825	1.0911904	0.6373392	-2.6418128	0.6661304	0.7291581	-2.5387706	0.2629504	0.6886062	-2.4167873	1.0872504	0.7793396	-2.5036308	0.6778204	0.8848649	-2.2648341	0.4388004	0.6387011	-2.5375173	1.8287304	0.7369338	-2.4864611	1.8249804	0.7802053	-2.5213507	1.7662504	0.6579455	-2.4174014	1.7589804	0.7496593	-2.3411285	0.2770304	0.7170371	-2.2647538	0.2953404	0.7243275	-2.2128203	0.4519104	0.5938841	-2.6804662	0.2245304	0.8197171	-2.6939930	0.2149704	0.7380819	-2.5006560	0.2153404	0.6474259
180	3.3773585	-2.5218853	1.5821304	0.7443224	-2.5869534	1.6229304	0.6050993	-2.3862078	1.6254004	0.8245709	-2.5818438	1.3153504	0.4348254	-2.2077971	1.3223504	0.8497827	-2.5448176	1.3045604	0.4600795	-2.2206511	1.3048704	0.8063622	-2.7244167	1.1314304	0.5636294	-2.4586560	1.2923904	0.9144874	-2.7206485	1.1115004	0.5256870	-2.4451344	1.2589404	0.9333822	-2.4360601	1.6381404	0.6644062	-2.6149503	1.1525504	0.6642161	-2.4618282	1.1533604	0.8407921	-2.4356536	1.1758304	0.5880765	-2.3582102	1.1728204	0.6734548	-2.6665612	0.7017104	0.6944688	-2.4807720	0.7076704	0.9194894	-2.5777540	0.7084604	0.7664329	-2.5447111	0.7052704	0.8273223	-2.5622388	0.2764304	0.6604943	-2.2418560	0.4429104	0.6662314	-2.5327735	0.2718804	0.7152136	-2.2880505	0.4326104	0.6302804	-2.6468358	0.2201904	0.6931738	-2.2361449	0.3432504	0.6961259	-2.6532473	0.2361104	0.7630733	-2.3032626	0.3228604	0.7009751	-2.7582136	1.0287004	0.5416246	-2.5203998	1.2307904	0.9570292	-2.7693238	1.0562904	0.6037830	-2.5494264	1.2821404	0.9376901	-2.4131212	1.2779904	0.6471101	-2.4008051	1.5118504	0.6343275	-2.6602386	0.2313604	0.8089687	-2.3407137	0.2971704	0.6976677	-2.2132437	0.4516404	0.5942714	-2.4973077	0.2334204	0.6461846	-2.5454259	1.8087304	0.7942849	-2.4679229	1.5526804	0.6963205	-2.5780352	1.5525304	0.5709487	-2.5728299	1.3105404	0.4649249	-2.7153938	1.1079304	0.5483733	-2.3578155	1.5528304	0.8216790	-2.2252875	1.3137104	0.8295558	-2.4578452	1.2637804	0.9168185	-2.4863566	1.0891804	0.7083800	-2.5554849	1.0911204	0.6373502	-2.6421710	0.6660704	0.7293110	-2.5388116	0.2629604	0.6889071	-2.4172331	1.0872304	0.7793965	-2.5040820	0.6778404	0.8850517	-2.2652610	0.4386104	0.6391199	-2.5380877	1.8286904	0.7365244	-2.4871438	1.8250404	0.7799421	-2.5216976	1.7660804	0.6576955	-2.4179686	1.7590104	0.7496927	-2.3416164	0.2769804	0.7176813	-2.2652333	0.2952804	0.7249535	-2.2132437	0.4516404	0.5942714	-2.6806039	0.2245304	0.8199177	-2.6940504	0.2149404	0.7382758	-2.5006420	0.2153604	0.6477744
181	3.3962264	-2.5223662	1.5821404	0.7442416	-2.5873915	1.6228104	0.6049502	-2.3866972	1.6254604	0.8245082	-2.5822660	1.3150004	0.4350920	-2.2083045	1.3224104	0.8498771	-2.5452651	1.3042304	0.4604004	-2.2211446	1.3049104	0.8064741	-2.7250583	1.1311604	0.5637275	-2.4591550	1.2924104	0.9145637	-2.7212538	1.1112204	0.5258020	-2.4456140	1.2589904	0.9335116	-2.4365011	1.6380804	0.6643109	-2.6154046	1.1524904	0.6642912	-2.4623302	1.1533604	0.8409221	-2.4360928	1.1757804	0.5882137	-2.3586711	1.1728004	0.6736150	-2.6669363	0.7016404	0.6946580	-2.4812668	0.7077104	0.9197222	-2.5781726	0.7084404	0.7666680	-2.5451883	0.7052704	0.8275411	-2.5622671	0.2764404	0.6607680	-2.2423404	0.4427404	0.6666786	-2.5328368	0.2719104	0.7155151	-2.2885391	0.4324104	0.6307367	-2.6468478	0.2201604	0.6933889	-2.2366479	0.3431404	0.6967078	-2.6533312	0.2360904	0.7632769	-2.3037784	0.3227704	0.7015842	-2.7588878	1.0284604	0.5416743	-2.5208698	1.2308304	0.9571852	-2.7700656	1.0560404	0.6038122	-2.5499163	1.2821404	0.9377706	-2.4135966	1.2779504	0.6472304	-2.4012570	1.5117704	0.6343264	-2.6603581	0.2313404	0.8091777	-2.3412506	0.2970904	0.6983221	-2.2137238	0.4513804	0.5947096	-2.4972943	0.2334604	0.6465108	-2.5460253	1.8088504	0.7937957	-2.4683809	1.5526204	0.6962614	-2.5784623	1.5523704	0.5708709	-2.5732871	1.3102104	0.4652193	-2.7160305	1.1076604	0.5484846	-2.3583085	1.5528804	0.8216478	-2.2257768	1.3137504	0.8296586	-2.4583387	1.2638004	0.9169304	-2.4868139	1.0891404	0.7085088	-2.5559156	1.0910604	0.6374693	-2.6425503	0.6660204	0.7295093	-2.5388484	0.2629904	0.6891989	-2.4177073	1.0872304	0.7795616	-2.5045676	0.6778604	0.8852886	-2.2657454	0.4384204	0.6395671	-2.5385851	1.8287004	0.7360056	-2.4877190	1.8251504	0.7795194	-2.5220342	1.7659404	0.6573289	-2.4184786	1.7590504	0.7495321	-2.3421479	0.2769304	0.7183713	-2.2657611	0.2952204	0.7256122	-2.2137238	0.4513804	0.5947096	-2.6807241	0.2245004	0.8201044	-2.6940993	0.2148904	0.7384516	-2.5006286	0.2154004	0.6481007
182	3.4150943	-2.5228217	1.5821204	0.7442720	-2.5877811	1.6227704	0.6049341	-2.3872040	1.6254504	0.8246249	-2.5824485	1.3149504	0.4351283	-2.2086941	1.3224904	0.8500264	-2.5454735	1.3041904	0.4604687	-2.2214853	1.3049804	0.8066131	-2.7253646	1.1310404	0.5634853	-2.4595827	1.2922704	0.9144635	-2.7215203	1.1111204	0.5255453	-2.4460279	1.2588704	0.9334290	-2.4369052	1.6380804	0.6644204	-2.6157502	1.1524504	0.6642514	-2.4627459	1.1533904	0.8409380	-2.4364142	1.1757604	0.5882404	-2.3590233	1.1728104	0.6736604	-2.6671985	0.7015804	0.6947234	-2.4815899	0.7077604	0.9198473	-2.5784915	0.7084404	0.7667841	-2.5455115	0.7052804	0.8276662	-2.5622954	0.2764304	0.6610416	-2.2426743	0.4425304	0.6670635	-2.5329092	0.2719304	0.7158123	-2.2888816	0.4321704	0.6311397	-2.6468774	0.2201204	0.6936179	-2.2370314	0.3429704	0.6972462	-2.6534236	0.2360704	0.7634986	-2.3041654	0.3226504	0.7021540	-2.7591881	1.0283604	0.5413246	-2.5212807	1.2306604	0.9570488	-2.7704330	1.0559004	0.6034643	-2.5503604	1.2819304	0.9375635	-2.4139494	1.2779504	0.6472535	-2.4016394	1.5117804	0.6344129	-2.6604777	0.2313304	0.8093868	-2.3416588	0.2969904	0.6989372	-2.2140402	0.4510504	0.5950806	-2.4972985	0.2334704	0.6468510	-2.5466506	1.8088804	0.7936696	-2.4688043	1.5526104	0.6963178	-2.5788115	1.5523304	0.5708625	-2.5735010	1.3101604	0.4652520	-2.7163145	1.1075504	0.5482419	-2.3587930	1.5528804	0.8217639	-2.2261489	1.3138204	0.8297940	-2.4587483	1.2636704	0.9168387	-2.4871709	1.0891404	0.7085409	-2.5562466	1.0910304	0.6374694	-2.6428252	0.6659904	0.7296018	-2.5388984	0.2630004	0.6894955	-2.4180819	1.0872404	0.7796076	-2.5048860	0.6778904	0.8854271	-2.2660746	0.4381904	0.6399653	-2.5391077	1.8286704	0.7358722	-2.4883238	1.8251704	0.7794912	-2.5223930	1.7658604	0.6572940	-2.4190065	1.7590604	0.7496942	-2.3425687	0.2768704	0.7190136	-2.2661693	0.2951204	0.7262273	-2.2140402	0.4510504	0.5950806	-2.6808618	0.2244904	0.8203051	-2.6941566	0.2148404	0.7386456	-2.5006146	0.2154104	0.6484492
183	3.4339623	-2.5233908	1.5820704	0.7442383	-2.5882717	1.6226304	0.6048267	-2.3878069	1.6254604	0.8246638	-2.5827191	1.3147104	0.4352117	-2.2092148	1.3225504	0.8501256	-2.5457737	1.3039504	0.4606156	-2.2219970	1.3050304	0.8067166	-2.7259537	1.1309104	0.5633762	-2.4600708	1.2921004	0.9146111	-2.7220375	1.1109904	0.5254476	-2.4464707	1.2587304	0.9335976	-2.4374465	1.6380204	0.6644217	-2.6161737	1.1523604	0.6643077	-2.4632080	1.1533704	0.8410535	-2.4368092	1.1756904	0.5883541	-2.3594443	1.1727704	0.6738061	-2.6676086	0.7015204	0.6949404	-2.4821819	0.7078104	0.9201230	-2.5789319	0.7084204	0.7670422	-2.5460726	0.7052904	0.8279232	-2.5623370	0.2764504	0.6613201	-2.2432246	0.4424204	0.6675573	-2.5329816	0.2719804	0.7161096	-2.2894227	0.4320304	0.6316377	-2.6469027	0.2201004	0.6938378	-2.2376051	0.3429004	0.6978614	-2.6535117	0.2360604	0.7637113	-2.3047519	0.3226004	0.7027963	-2.7597874	1.0282504	0.5411665	-2.5216684	1.2304504	0.9572652	-2.7711315	1.0558204	0.6032821	-2.5508207	1.2816704	0.9377461	-2.4143892	1.2779004	0.6473684	-2.4021251	1.5117204	0.6344843	-2.6606015	0.2313204	0.8096049	-2.3422446	0.2969504	0.6996019	-2.2145862	0.4508404	0.5955652	-2.4972984	0.2335304	0.6471820	-2.5473853	1.8088404	0.7934705	-2.4693100	1.5525304	0.6963137	-2.5792471	1.5521704	0.5708029	-2.5738157	1.3099304	0.4653590	-2.7168806	1.1074204	0.5481544	-2.3593687	1.5529004	0.8218154	-2.2266697	1.3138704	0.8298933	-2.4591911	1.2635104	0.9170074	-2.4875883	1.0890804	0.7086552	-2.5566423	1.0909504	0.6375608	-2.6432257	0.6659404	0.7298454	-2.5389442	0.2630404	0.6897831	-2.4185343	1.0872104	0.7797497	-2.5054731	0.6779304	0.8857160	-2.2666205	0.4380504	0.6404499	-2.5397843	1.8286004	0.7356670	-2.4890524	1.8251604	0.7793500	-2.5229470	1.7657304	0.6571570	-2.4196602	1.7590604	0.7496762	-2.3431624	0.2768504	0.7197188	-2.2667545	0.2951004	0.7269144	-2.2145862	0.4508404	0.5955652	-2.6809862	0.2244604	0.8205008	-2.6942188	0.2148004	0.7388262	-2.5006145	0.2154604	0.6487803
184	3.4528302	-2.5237297	1.5820404	0.7442789	-2.5885357	1.6226204	0.6048249	-2.3881977	1.6254404	0.8247684	-2.5828502	1.3147304	0.4351616	-2.2094963	1.3226104	0.8503033	-2.5459399	1.3039604	0.4605933	-2.2222428	1.3050804	0.8068888	-2.7262044	1.1309404	0.5632041	-2.4603844	1.2919504	0.9145973	-2.7222973	1.1110304	0.5252713	-2.4467564	1.2586104	0.9336189	-2.4377347	1.6380004	0.6645191	-2.6164516	1.1523204	0.6642884	-2.4635602	1.1533704	0.8410989	-2.4370672	1.1756504	0.5884104	-2.3597373	1.1727704	0.6738902	-2.6678611	0.7014704	0.6950323	-2.4824507	0.7078504	0.9202735	-2.5792411	0.7084204	0.7671848	-2.5463372	0.7052804	0.8280646	-2.5623653	0.2764404	0.6615938	-2.2434619	0.4423304	0.6678769	-2.5330631	0.2720004	0.7164026	-2.2896600	0.4319104	0.6319573	-2.6469413	0.2200704	0.6940625	-2.2378708	0.3428504	0.6982892	-2.6536089	0.2360504	0.7639197	-2.3050302	0.3225804	0.7032513	-2.7601065	1.0283204	0.5409515	-2.5219596	1.2302804	0.9572507	-2.7714414	1.0558604	0.6030713	-2.5511360	1.2814404	0.9376653	-2.4146828	1.2778804	0.6474301	-2.4024048	1.5117104	0.6345635	-2.6607391	0.2313204	0.8098055	-2.3425266	0.2969304	0.7000883	-2.2148060	0.4506604	0.5958710	-2.4973025	0.2335404	0.6475221	-2.5478166	1.8088504	0.7934017	-2.4696084	1.5525204	0.6963621	-2.5794845	1.5521604	0.5707915	-2.5739692	1.3099404	0.4653095	-2.7171405	1.1074504	0.5479781	-2.3597414	1.5528804	0.8219285	-2.2269336	1.3139104	0.8300571	-2.4594775	1.2633604	0.9170062	-2.4878777	1.0890604	0.7087079	-2.5569057	1.0909004	0.6375814	-2.6434999	0.6659204	0.7299603	-2.5390034	0.2630504	0.6900755	-2.4188496	1.0872104	0.7798344	-2.5057419	0.6779404	0.8858665	-2.2668488	0.4379304	0.6407738	-2.5401396	1.8285804	0.7356007	-2.4894638	1.8251604	0.7793568	-2.5231845	1.7656704	0.6571456	-2.4200323	1.7590504	0.7498117	-2.3434571	0.2768704	0.7202324	-2.2670407	0.2950904	0.7274098	-2.2148060	0.4506604	0.5958710	-2.6811287	0.2244504	0.8206881	-2.6942852	0.2147704	0.7390159	-2.5006096	0.2154804	0.6491247
185	3.4716981	-2.5243223	1.5820304	0.7442011	-2.5891302	1.6224504	0.6046801	-2.3887904	1.6255104	0.8246907	-2.5832211	1.3143804	0.4353417	-2.2100020	1.3227404	0.8502992	-2.5463144	1.3036504	0.4608049	-2.2227436	1.3051804	0.8068980	-2.7266436	1.1307404	0.5635068	-2.4608302	1.2918304	0.9146542	-2.7227225	1.1107904	0.5255916	-2.4471654	1.2585304	0.9337151	-2.4383370	1.6379504	0.6644147	-2.6169234	1.1522504	0.6643774	-2.4640839	1.1533704	0.8412519	-2.4375148	1.1756004	0.5885658	-2.3602109	1.1727504	0.6740776	-2.6682761	0.7014104	0.6952360	-2.4829418	0.7078504	0.9204748	-2.5796905	0.7084004	0.7674387	-2.5468150	0.7052604	0.8282611	-2.5624033	0.2764704	0.6618409	-2.2439131	0.4422104	0.6682292	-2.5331361	0.2720604	0.7166775	-2.2901154	0.4317804	0.6323187	-2.6469581	0.2200504	0.6942643	-2.2383679	0.3427704	0.6987636	-2.6536886	0.2360304	0.7641143	-2.3055224	0.3225304	0.7037390	-2.7605570	1.0281004	0.5413262	-2.5223136	1.2301304	0.9573946	-2.7719198	1.0557204	0.6034110	-2.5515716	1.2812304	0.9377711	-2.4151666	1.2778404	0.6475686	-2.4029593	1.5116404	0.6345697	-2.6608502	0.2313004	0.8099965	-2.3430357	0.2969004	0.7006122	-2.2152530	0.4504604	0.5962143	-2.4972988	0.2336104	0.6478218	-2.5484812	1.8088704	0.7931470	-2.4701648	1.5524604	0.6963012	-2.5800276	1.5519604	0.5707258	-2.5743533	1.3096304	0.4654945	-2.7175699	1.1072304	0.5483075	-2.3603063	1.5529504	0.8218858	-2.2274302	1.3140204	0.8300572	-2.4598955	1.2632504	0.9170982	-2.4883476	1.0890204	0.7088639	-2.5573539	1.0908404	0.6377144	-2.6439143	0.6658804	0.7301863	-2.5390498	0.2631004	0.6903407	-2.4193371	1.0872004	0.7800043	-2.5062239	0.6779404	0.8860721	-2.2673000	0.4378004	0.6411262	-2.5408000	1.8285504	0.7353369	-2.4901242	1.8251904	0.7790930	-2.5238255	1.7655804	0.6569349	-2.4206727	1.7590704	0.7496234	-2.3439656	0.2768504	0.7207787	-2.2675450	0.2950704	0.7279470	-2.2152530	0.4504604	0.5962143	-2.6812446	0.2244204	0.8208658	-2.6943389	0.2147304	0.7391784	-2.5005968	0.2155404	0.6494285
186	3.4905660	-2.5247416	1.5819804	0.7442484	-2.5894613	1.6224104	0.6046802	-2.3892652	1.6254704	0.8248334	-2.5833220	1.3144104	0.4352505	-2.2104000	1.3227504	0.8504667	-2.5464280	1.3036704	0.4607409	-2.2231018	1.3052004	0.8070510	-2.7268478	1.1307304	0.5632351	-2.4612555	1.2916404	0.9146434	-2.7229044	1.1108004	0.5253192	-2.4475677	1.2583604	0.9337260	-2.4387097	1.6379404	0.6645278	-2.6172152	1.1522004	0.6643406	-2.4644409	1.1533604	0.8412840	-2.4377866	1.1755604	0.5886045	-2.3605087	1.1727404	0.6741484	-2.6685419	0.7013604	0.6953327	-2.4832649	0.7078804	0.9205999	-2.5799998	0.7083904	0.7675814	-2.5471206	0.7052504	0.8283723	-2.5624364	0.2764604	0.6621013	-2.2442138	0.4420904	0.6685193	-2.5332001	0.2720804	0.7169566	-2.2904204	0.4316304	0.6326179	-2.6469883	0.2200104	0.6944709	-2.2387012	0.3426904	0.6991708	-2.6537816	0.2360104	0.7643137	-2.3058685	0.3224904	0.7041734	-2.7607855	1.0281204	0.5409880	-2.5226942	1.2299104	0.9573827	-2.7721839	1.0557104	0.6030782	-2.5519897	1.2809704	0.9376975	-2.4154832	1.2778204	0.6476086	-2.4033012	1.5116404	0.6346641	-2.6609746	0.2312904	0.8101922	-2.3433854	0.2968604	0.7010781	-2.2155495	0.4502504	0.5964953	-2.4973035	0.2336204	0.6481396	-2.5490394	1.8088104	0.7931846	-2.4705345	1.5524304	0.6963606	-2.5803188	1.5519404	0.5707114	-2.5744718	1.3096404	0.4654172	-2.7177742	1.1072304	0.5480357	-2.3607502	1.5529304	0.8220097	-2.2278108	1.3140304	0.8302108	-2.4602936	1.2630604	0.9171001	-2.4886466	1.0889904	0.7088899	-2.5576312	1.0907904	0.6377175	-2.6441837	0.6658504	0.7303145	-2.5390914	0.2631104	0.6906193	-2.4196712	1.0871904	0.7800582	-2.5065380	0.6779504	0.8862014	-2.2676007	0.4376604	0.6414162	-2.5413044	1.8284804	0.7353775	-2.4906896	1.8251404	0.7791934	-2.5242218	1.7655204	0.6570039	-2.4211644	1.7590504	0.7498023	-2.3443279	0.2768404	0.7212718	-2.2678989	0.2950404	0.7284220	-2.2155495	0.4502504	0.5964953	-2.6813738	0.2244104	0.8210483	-2.6944101	0.2146904	0.7393549	-2.5005925	0.2155604	0.6497505
187	3.5094340	-2.5251892	1.5819604	0.7442382	-2.5898660	1.6222904	0.6046018	-2.3897213	1.6255004	0.8248414	-2.5835962	1.3141804	0.4353654	-2.2108048	1.3228204	0.8505538	-2.5467324	1.3034404	0.4608968	-2.2235059	1.3052504	0.8071604	-2.7273570	1.1307304	0.5634279	-2.4615937	1.2913904	0.9148719	-2.7233997	1.1107604	0.5255296	-2.4478341	1.2581404	0.9339660	-2.4391441	1.6378804	0.6645129	-2.6175879	1.1521304	0.6644537	-2.4648662	1.1533504	0.8414388	-2.4381309	1.1755104	0.5887750	-2.3608838	1.1727104	0.6743376	-2.6689031	0.7013004	0.6955394	-2.4837355	0.7079204	0.9208991	-2.5804003	0.7083704	0.7678249	-2.5475827	0.7052604	0.8286534	-2.5624696	0.2764904	0.6623617	-2.2446088	0.4420804	0.6689641	-2.5332731	0.2721204	0.7172315	-2.2908196	0.4315904	0.6330717	-2.6470233	0.2200004	0.6946643	-2.2391028	0.3427104	0.6997008	-2.6538703	0.2360004	0.7645040	-2.3062876	0.3225204	0.7047173	-2.7613690	1.0281404	0.5412455	-2.5229001	1.2295904	0.9577059	-2.7727861	1.0558004	0.6033049	-2.5522995	1.2805804	0.9379834	-2.4158680	1.2777804	0.6477712	-2.4037066	1.5115604	0.6347288	-2.6610948	0.2312804	0.8103789	-2.3438039	0.2968904	0.7016443	-2.2159403	0.4501804	0.5969310	-2.4973131	0.2336804	0.6484440	-2.5495409	1.8088204	0.7930059	-2.4709459	1.5523704	0.6963673	-2.5806819	1.5517904	0.5706855	-2.5747635	1.3094304	0.4655460	-2.7182870	1.1072004	0.5482600	-2.3612009	1.5529504	0.8220534	-2.2282239	1.3140804	0.8303160	-2.4605914	1.2628104	0.9173364	-2.4890224	1.0889504	0.7090568	-2.5579852	1.0907304	0.6378614	-2.6445491	0.6658104	0.7305303	-2.5391511	0.2631504	0.6908893	-2.4200686	1.0871704	0.7802480	-2.5070128	0.6779804	0.8865097	-2.2679866	0.4376304	0.6418652	-2.5417884	1.8284604	0.7351849	-2.4911772	1.8251604	0.7790323	-2.5246592	1.7654404	0.6568772	-2.4216411	1.7590604	0.7497125	-2.3447458	0.2769004	0.7218603	-2.2683216	0.2950904	0.7289972	-2.2159403	0.4501804	0.5969310	-2.6814946	0.2243804	0.8212126	-2.6944638	0.2146604	0.7395174	-2.5005888	0.2156104	0.6500502
188	3.5283019	-2.5256357	1.5819504	0.7442728	-2.5902334	1.6222604	0.6045850	-2.3902233	1.6255004	0.8249714	-2.5836379	1.3141804	0.4353129	-2.2112995	1.3228404	0.8507865	-2.5467868	1.3034504	0.4608715	-2.2239565	1.3052704	0.8073696	-2.7274163	1.1306604	0.5632237	-2.4621356	1.2912904	0.9148509	-2.7234457	1.1107104	0.5253206	-2.4483747	1.2580704	0.9339897	-2.4395530	1.6378904	0.6646090	-2.6179232	1.1521004	0.6644629	-2.4652534	1.1533604	0.8415120	-2.4384463	1.1755004	0.5888596	-2.3612209	1.1727304	0.6744452	-2.6691556	0.7012604	0.6956313	-2.4840272	0.7079504	0.9210279	-2.5806914	0.7083704	0.7679761	-2.5478745	0.7052604	0.8287822	-2.5625076	0.2764904	0.6626088	-2.2449053	0.4419604	0.6692451	-2.5333510	0.2721404	0.7174931	-2.2911204	0.4314504	0.6333618	-2.6470534	0.2199604	0.6948709	-2.2394362	0.3426304	0.7001080	-2.6539633	0.2359704	0.7647034	-2.3066203	0.3224704	0.7051469	-2.7614253	1.0280804	0.5409876	-2.5234378	1.2294904	0.9576759	-2.7728780	1.0557204	0.6030524	-2.5528432	1.2804404	0.9378953	-2.4162147	1.2777804	0.6478523	-2.4040751	1.5115804	0.6348329	-2.6612059	0.2312604	0.8105699	-2.3441535	0.2968604	0.7021102	-2.2162326	0.4499704	0.5972029	-2.4973184	0.2337004	0.6487395	-2.5501179	1.8087904	0.7930127	-2.4713471	1.5523604	0.6964230	-2.5809912	1.5517704	0.5706626	-2.5748276	1.3094204	0.4654940	-2.7183463	1.1071404	0.5480558	-2.3616938	1.5529604	0.8221876	-2.2286969	1.3141004	0.8305258	-2.4611103	1.2627204	0.9173372	-2.4893649	1.0889404	0.7091288	-2.5582927	1.0907004	0.6379056	-2.6448094	0.6657804	0.7306626	-2.5391976	0.2631604	0.6911545	-2.4204329	1.0871904	0.7803429	-2.5072954	0.6779904	0.8866427	-2.2682874	0.4374904	0.6421553	-2.5423248	1.8284204	0.7351996	-2.4917571	1.8251504	0.7790929	-2.5250924	1.7654004	0.6569069	-2.4221606	1.7590704	0.7498564	-2.3451081	0.2768904	0.7223534	-2.2686713	0.2950604	0.7294631	-2.2162326	0.4499704	0.5972029	-2.6816106	0.2243504	0.8213903	-2.6945308	0.2146104	0.7396848	-2.5005893	0.2156304	0.6503589
189	3.5471698	-2.5254694	1.5823104	0.7446262	-2.5895578	1.6231404	0.6049110	-2.3902744	1.6255504	0.8258854	-2.5821635	1.3157404	0.4344226	-2.2124838	1.3222504	0.8521431	-2.5453039	1.3049704	0.4599630	-2.2249161	1.3048104	0.8085993	-2.7254103	1.1316204	0.5621400	-2.4639881	1.2920004	0.9141857	-2.7214905	1.1117604	0.5241800	-2.4505788	1.2586704	0.9333923	-2.4389837	1.6383804	0.6654703	-2.6178211	1.1525004	0.6642677	-2.4653531	1.1537904	0.8414655	-2.4382396	1.1759404	0.5888898	-2.3611109	1.1731504	0.6745406	-2.6681856	0.7013604	0.6949472	-2.4837064	0.7083904	0.9209789	-2.5798657	0.7085404	0.7674122	-2.5475398	0.7056104	0.8287506	-2.5625800	0.2762004	0.6629060	-2.2448973	0.4415204	0.6697012	-2.5335158	0.2718904	0.7178466	-2.2911553	0.4309804	0.6338861	-2.6472086	0.2196904	0.6950854	-2.2395212	0.3422304	0.7007635	-2.6541862	0.2357404	0.7648974	-2.3067246	0.3221904	0.7059148	-2.7593251	1.0290504	0.5397491	-2.5259761	1.2305104	0.9564702	-2.7706776	1.0565304	0.6018828	-2.5549436	1.2816604	0.9365077	-2.4160208	1.2782104	0.6479096	-2.4036079	1.5121304	0.6353927	-2.6614692	0.2310704	0.8107560	-2.3443176	0.2966604	0.7029826	-2.2162748	0.4493304	0.5976246	-2.4973775	0.2333904	0.6491974	-2.5508634	1.8091704	0.7929078	-2.4710334	1.5528804	0.6969334	-2.5802318	1.5527704	0.5707850	-2.5733447	1.3109004	0.4645856	-2.7163427	1.1081304	0.5468826	-2.3618349	1.5529904	0.8230818	-2.2297689	1.3136304	0.8317362	-2.4631380	1.2634004	0.9166455	-2.4892682	1.0893704	0.7090635	-2.5581175	1.0911204	0.6377666	-2.6439010	0.6659004	0.7300160	-2.5393310	0.2629104	0.6915116	-2.4204190	1.0876304	0.7803604	-2.5069644	0.6783804	0.8866426	-2.2683054	0.4370304	0.6426434	-2.5424922	1.8286904	0.7351326	-2.4923973	1.8256404	0.7795667	-2.5242393	1.7655904	0.6571834	-2.4223064	1.7596604	0.7512338	-2.3452933	0.2767404	0.7232711	-2.2688106	0.2947704	0.7302588	-2.2162748	0.4493304	0.5976246	-2.6818830	0.2241904	0.8215722	-2.6947543	0.2143804	0.7398564	-2.5006574	0.2153304	0.6508126
190	3.5660377	-2.5253769	1.5826604	0.7449010	-2.5889772	1.6238204	0.6052038	-2.3903605	1.6257204	0.8266618	-2.5810335	1.3170404	0.4335372	-2.2130030	1.3221604	0.8531147	-2.5441050	1.3062204	0.4589774	-2.2252554	1.3048104	0.8094451	-2.7236250	1.1332804	0.5626415	-2.4649905	1.2924304	0.9135197	-2.7199951	1.1132904	0.5247118	-2.4517769	1.2590304	0.9327673	-2.4384893	1.6387704	0.6662084	-2.6176846	1.1528604	0.6641879	-2.4654751	1.1541704	0.8415852	-2.4379744	1.1763304	0.5891018	-2.3609773	1.1735304	0.6748457	-2.6674940	0.7015204	0.6943870	-2.4837667	0.7089204	0.9213921	-2.5793390	0.7087304	0.7670399	-2.5475602	0.7060504	0.8291494	-2.5626337	0.2760804	0.6632341	-2.2450904	0.4415204	0.6704938	-2.5336975	0.2717904	0.7182363	-2.2913653	0.4309704	0.6347151	-2.6473560	0.2195904	0.6952594	-2.2397909	0.3422604	0.7016970	-2.6544731	0.2356804	0.7650394	-2.3070107	0.3223204	0.7069068	-2.7578012	1.0306704	0.5408349	-2.5273943	1.2310104	0.9553234	-2.7687024	1.0583604	0.6029473	-2.5561141	1.2822604	0.9352557	-2.4158213	1.2785804	0.6481681	-2.4032127	1.5125604	0.6359412	-2.6618323	0.2310404	0.8108957	-2.3446471	0.2968404	0.7040206	-2.2164908	0.4491904	0.5983955	-2.4974172	0.2332404	0.6497085	-2.5521257	1.8096704	0.7918999	-2.4707704	1.5533604	0.6973870	-2.5795884	1.5535604	0.5709196	-2.5721035	1.3121704	0.4636748	-2.7147096	1.1097004	0.5473793	-2.3619525	1.5531704	0.8238545	-2.2302108	1.3136304	0.8325893	-2.4642310	1.2637904	0.9159371	-2.4891758	1.0897504	0.7091728	-2.5579073	1.0915004	0.6377653	-2.6433061	0.6660604	0.7295210	-2.5394589	0.2628004	0.6919043	-2.4204443	1.0880104	0.7805803	-2.5070283	0.6788704	0.8870872	-2.2685118	0.4370104	0.6434409	-2.5429981	1.8288904	0.7341353	-2.4935495	1.8263204	0.7793163	-2.5233398	1.7654404	0.6568635	-2.4227573	1.7604304	0.7524138	-2.3456446	0.2769504	0.7243320	-2.2691450	0.2948704	0.7312835	-2.2164908	0.4491904	0.5983955	-2.6822647	0.2241804	0.8216811	-2.6949978	0.2143204	0.7399525	-2.5007014	0.2151804	0.6513327
191	3.5849057	-2.5253406	1.5828304	0.7452490	-2.5885192	1.6243004	0.6055940	-2.3904992	1.6257604	0.8274798	-2.5800786	1.3181204	0.4327908	-2.2132722	1.3221004	0.8539050	-2.5430638	1.3072404	0.4581168	-2.2253754	1.3048504	0.8101284	-2.7219677	1.1347404	0.5633701	-2.4655754	1.2925104	0.9130704	-2.7186187	1.1146204	0.5254750	-2.4524960	1.2590504	0.9323217	-2.4381048	1.6390304	0.6670166	-2.6175167	1.1530904	0.6641117	-2.4655959	1.1543904	0.8417495	-2.4376722	1.1765804	0.5893530	-2.3608201	1.1737804	0.6751948	-2.6669951	0.7016104	0.6939796	-2.4839237	0.7093004	0.9218706	-2.5790008	0.7088504	0.7668114	-2.5476290	0.7063604	0.8295807	-2.5626783	0.2759704	0.6635664	-2.2451422	0.4417404	0.6712200	-2.5338702	0.2717004	0.7186303	-2.2914170	0.4311804	0.6354412	-2.6474943	0.2195104	0.6954377	-2.2398849	0.3425004	0.7025138	-2.6547552	0.2356204	0.7651948	-2.3071089	0.3226104	0.7077327	-2.7563781	1.0320804	0.5421605	-2.5282276	1.2310304	0.9544603	-2.7668057	1.0599904	0.6042510	-2.5568272	1.2823504	0.9343714	-2.4156031	1.2788304	0.6484574	-2.4028965	1.5128704	0.6365410	-2.6621953	0.2310004	0.8110353	-2.3447629	0.2971704	0.7048603	-2.2165292	0.4493404	0.5991168	-2.4974346	0.2330904	0.6502190	-2.5535783	1.8099604	0.7909688	-2.4705685	1.5536804	0.6979005	-2.5790627	1.5541404	0.5711647	-2.5710242	1.3132304	0.4628982	-2.7131822	1.1110804	0.5481026	-2.3620876	1.5532204	0.8246411	-2.2304197	1.3136504	0.8332974	-2.4648619	1.2638404	0.9154444	-2.4890646	1.0899904	0.7093130	-2.5576831	1.0917304	0.6377816	-2.6428906	0.6661604	0.7291741	-2.5395736	0.2627004	0.6922922	-2.4204509	1.0882404	0.7808311	-2.5071538	0.6792304	0.8875694	-2.2685593	0.4372204	0.6441580	-2.5436937	1.8288904	0.7332372	-2.4949094	1.8268104	0.7791566	-2.5225763	1.7651404	0.6566458	-2.4233846	1.7610804	0.7536881	-2.3457960	0.2773004	0.7251772	-2.2692824	0.2951504	0.7321462	-2.2165292	0.4493404	0.5991168	-2.6826465	0.2241404	0.8217899	-2.6952460	0.2142704	0.7400354	-2.5007320	0.2150404	0.6518481
192	3.6037736	-2.5253985	1.5829404	0.7454206	-2.5882056	1.6245404	0.6057733	-2.3906592	1.6257904	0.8280121	-2.5794160	1.3187004	0.4323164	-2.2136115	1.3220104	0.8545853	-2.5423275	1.3078104	0.4575553	-2.2256223	1.3048104	0.8107526	-2.7207375	1.1357304	0.5641866	-2.4660853	1.2923604	0.9130754	-2.7176199	1.1154904	0.5263380	-2.4530415	1.2588804	0.9323321	-2.4378492	1.6391404	0.6675331	-2.6174726	1.1531904	0.6640882	-2.4658272	1.1545004	0.8419617	-2.4375030	1.1767104	0.5896526	-2.3607868	1.1739004	0.6755965	-2.6667765	0.7016504	0.6937947	-2.4841440	0.7095104	0.9223195	-2.5789211	0.7089204	0.7667824	-2.5477787	0.7065304	0.8299964	-2.5627054	0.2759104	0.6638847	-2.2451493	0.4420504	0.6717794	-2.5340078	0.2716404	0.7189964	-2.2914017	0.4314904	0.6360000	-2.6476108	0.2194804	0.6955930	-2.2399174	0.3428204	0.7031276	-2.6549883	0.2355904	0.7653398	-2.3071552	0.3229504	0.7083290	-2.7553434	1.0330304	0.5435146	-2.5288100	1.2308104	0.9542660	-2.7654049	1.0611504	0.6055773	-2.5573922	1.2821404	0.9341632	-2.4155269	1.2789404	0.6487909	-2.4027194	1.5130004	0.6369656	-2.6625094	0.2309604	0.8111647	-2.3448183	0.2975304	0.7054524	-2.2165091	0.4496204	0.5996889	-2.4974580	0.2330204	0.6506715	-2.5548605	1.8101604	0.7898854	-2.4704881	1.5538504	0.6982249	-2.5787063	1.5544504	0.5712757	-2.5702595	1.3138204	0.4623941	-2.7120722	1.1119904	0.5489402	-2.3622608	1.5532504	0.8251782	-2.2307245	1.3136004	0.8339276	-2.4653681	1.2636704	0.9154179	-2.4890730	1.0901004	0.7094966	-2.5575780	1.0918404	0.6378637	-2.6427462	0.6662104	0.7290539	-2.5396756	0.2626404	0.6926529	-2.4205770	1.0883604	0.7811253	-2.5073518	0.6794304	0.8880177	-2.2685531	0.4375204	0.6447126	-2.5443266	1.8288304	0.7321808	-2.4961202	1.8272004	0.7787244	-2.5219837	1.7647904	0.6562270	-2.4239837	1.7616004	0.7545232	-2.3458647	0.2776704	0.7257741	-2.2693548	0.2954904	0.7327745	-2.2165091	0.4496204	0.5996889	-2.6829884	0.2241204	0.8218843	-2.6954544	0.2142504	0.7401037	-2.5007512	0.2149704	0.6522915
193	3.6226415	-2.5255942	1.5829404	0.7456272	-2.5880938	1.6246304	0.6059358	-2.3909889	1.6257504	0.8285535	-2.5788029	1.3190604	0.4319954	-2.2140801	1.3218804	0.8552826	-2.5416842	1.3081704	0.4571933	-2.2259937	1.3047304	0.8114069	-2.7197127	1.1362804	0.5646865	-2.4666561	1.2920104	0.9133057	-2.7167196	1.1159604	0.5268681	-2.4535990	1.2585204	0.9325576	-2.4378085	1.6391804	0.6680375	-2.6174720	1.1532104	0.6641105	-2.4660845	1.1545304	0.8422058	-2.4373917	1.1767504	0.5899582	-2.3607891	1.1739504	0.6760037	-2.6667330	0.7016604	0.6937488	-2.4843451	0.7096404	0.9228216	-2.5790038	0.7089304	0.7668652	-2.5479096	0.7066004	0.8304429	-2.5627288	0.2758704	0.6641717	-2.2451370	0.4422904	0.6723920	-2.5341328	0.2716104	0.7193353	-2.2913677	0.4317104	0.6365896	-2.6477050	0.2194604	0.6957477	-2.2399214	0.3430804	0.7037988	-2.6551901	0.2355704	0.7654885	-2.3071641	0.3232204	0.7089869	-2.7543766	1.0335404	0.5443517	-2.5293573	1.2303504	0.9543749	-2.7642375	1.0618004	0.6063864	-2.5579709	1.2816704	0.9342685	-2.4155087	1.2789804	0.6491304	-2.4026758	1.5130604	0.6374163	-2.6627921	0.2309404	0.8112977	-2.3448362	0.2978104	0.7061060	-2.2164564	0.4498104	0.6003094	-2.4974645	0.2329704	0.6510877	-2.5560563	1.8102104	0.7891844	-2.4705460	1.5539004	0.6985620	-2.5785195	1.5545804	0.5713959	-2.5695933	1.3141804	0.4620538	-2.7110922	1.1125004	0.5494413	-2.3625815	1.5532204	0.8257238	-2.2311720	1.3135104	0.8345796	-2.4659172	1.2633004	0.9156253	-2.4891297	1.0901304	0.7097129	-2.5575212	1.0918604	0.6379785	-2.6427643	0.6662204	0.7290454	-2.5397426	0.2626104	0.6929858	-2.4207382	1.0884004	0.7814473	-2.5075263	0.6795504	0.8885101	-2.2685191	0.4377404	0.6453022	-2.5450112	1.8287004	0.7315195	-2.4972705	1.8274004	0.7785411	-2.5216980	1.7644904	0.6560402	-2.4246601	1.7619404	0.7553112	-2.3459092	0.2779604	0.7264375	-2.2693896	0.2957704	0.7334644	-2.2164564	0.4498104	0.6003094	-2.6832808	0.2241004	0.8219907	-2.6956133	0.2142404	0.7401841	-2.5007668	0.2149204	0.6527035
194	3.6415094	-2.5258485	1.5829404	0.7458176	-2.5880635	1.6246504	0.6060602	-2.3913602	1.6257304	0.8290423	-2.5782484	1.3192404	0.4318237	-2.2146224	1.3217704	0.8560669	-2.5411255	1.3083704	0.4570125	-2.2264429	1.3046504	0.8121574	-2.7188892	1.1365904	0.5650263	-2.4672680	1.2916404	0.9136714	-2.7159625	1.1162104	0.5272322	-2.4542060	1.2581704	0.9329366	-2.4378501	1.6391904	0.6684816	-2.6175185	1.1531904	0.6642102	-2.4663580	1.1545304	0.8425085	-2.4373373	1.1767604	0.5903146	-2.3608530	1.1739804	0.6764484	-2.6667548	0.7016304	0.6937717	-2.4845104	0.7097204	0.9233182	-2.5791294	0.7089204	0.7670163	-2.5480219	0.7066304	0.8309202	-2.5627571	0.2758304	0.6644454	-2.2450583	0.4425204	0.6729804	-2.5342317	0.2715804	0.7196423	-2.2912848	0.4319304	0.6371690	-2.6477768	0.2194404	0.6959017	-2.2398548	0.3433304	0.7044367	-2.6553652	0.2355404	0.7656275	-2.3071023	0.3234804	0.7096115	-2.7535826	1.0338104	0.5449205	-2.5299445	1.2299004	0.9546638	-2.7633324	1.0621604	0.6069299	-2.5586124	1.2811804	0.9345321	-2.4155473	1.2789904	0.6495206	-2.4026907	1.5130804	0.6378507	-2.6630210	0.2309104	0.8114337	-2.3447786	0.2980704	0.7067397	-2.2163553	0.4500104	0.6008971	-2.4974681	0.2329304	0.6514502	-2.5570418	1.8102304	0.7886476	-2.4706715	1.5539104	0.6988786	-2.5783957	1.5546204	0.5715088	-2.5690212	1.3143704	0.4618682	-2.7103037	1.1127704	0.5498090	-2.3629516	1.5532004	0.8262574	-2.2316792	1.3134204	0.8353361	-2.4665025	1.2629304	0.9159813	-2.4892208	1.0901304	0.7099793	-2.5575205	1.0918504	0.6381663	-2.6428296	0.6662004	0.7291143	-2.5398059	0.2625704	0.6932873	-2.4209164	1.0884104	0.7818056	-2.5076645	0.6796204	0.8890194	-2.2684361	0.4379604	0.6458815	-2.5455931	1.8286004	0.7310164	-2.4982178	1.8275404	0.7784194	-2.5215313	1.7642404	0.6559193	-2.4252646	1.7621704	0.7559451	-2.3458607	0.2782304	0.7270670	-2.2693489	0.2960304	0.7341344	-2.2163553	0.4500104	0.6008971	-2.6835152	0.2240604	0.8220910	-2.6957540	0.2142204	0.7402729	-2.5007703	0.2148804	0.6530660
195	3.6603774	-2.5262157	1.5829304	0.7459663	-2.5882181	1.6246304	0.6061316	-2.3918416	1.6257404	0.8294357	-2.5779101	1.3193004	0.4317607	-2.2152263	1.3217204	0.8567232	-2.5407691	1.3084504	0.4569580	-2.2269846	1.3046104	0.8127985	-2.7183261	1.1367104	0.5653331	-2.4679240	1.2913304	0.9140606	-2.7154392	1.1162804	0.5275534	-2.4548348	1.2578604	0.9333385	-2.4380644	1.6392004	0.6688229	-2.6176858	1.1531704	0.6643087	-2.4666999	1.1545504	0.8427684	-2.4374181	1.1767804	0.5906300	-2.3610214	1.1740104	0.6768332	-2.6668351	0.7015904	0.6937784	-2.4847350	0.7098004	0.9237762	-2.5792961	0.7089004	0.7671371	-2.5482072	0.7066604	0.8313413	-2.5627728	0.2757904	0.6646919	-2.2451046	0.4426304	0.6735767	-2.5343090	0.2715604	0.7199262	-2.2913178	0.4320104	0.6377604	-2.6478306	0.2194104	0.6960642	-2.2399120	0.3434604	0.7051272	-2.6554999	0.2355204	0.7657743	-2.3071595	0.3236204	0.7103020	-2.7530110	1.0338904	0.5453746	-2.5305479	1.2295104	0.9550114	-2.7627034	1.0623104	0.6073556	-2.5592702	1.2807504	0.9348543	-2.4157127	1.2790104	0.6498518	-2.4028689	1.5131004	0.6382089	-2.6631962	0.2308904	0.8115727	-2.3448400	0.2982204	0.7074393	-2.2163836	0.4500604	0.6015019	-2.4974589	0.2328904	0.6517855	-2.5579602	1.8102504	0.7882745	-2.4709421	1.5539104	0.6991276	-2.5784651	1.5546104	0.5715868	-2.5686739	1.3144404	0.4618095	-2.7097538	1.1128704	0.5501206	-2.3634233	1.5532104	0.8266774	-2.2322657	1.3133704	0.8359784	-2.4671186	1.2626104	0.9163561	-2.4894153	1.0901304	0.7102307	-2.5576322	1.0918404	0.6383349	-2.6429492	0.6661704	0.7291578	-2.5398566	0.2625304	0.6935616	-2.4211893	1.0884304	0.7821307	-2.5078625	0.6796904	0.8894677	-2.2684692	0.4380504	0.6464730	-2.5462155	1.8285304	0.7306710	-2.4991143	1.8276404	0.7783544	-2.5216184	1.7640804	0.6558457	-2.4259181	1.7623404	0.7564237	-2.3459347	0.2784004	0.7277937	-2.2694230	0.2962004	0.7348612	-2.2163836	0.4500604	0.6015019	-2.6837133	0.2240404	0.8222083	-2.6958585	0.2141904	0.7403787	-2.5007744	0.2148404	0.6534061
196	3.6792453	-2.5265474	1.5829404	0.7461096	-2.5883335	1.6245704	0.6061660	-2.3922837	1.6257704	0.8297923	-2.5775156	1.3192504	0.4317902	-2.2158272	1.3217004	0.8574912	-2.5403915	1.3084404	0.4570237	-2.2275100	1.3045804	0.8135466	-2.7178820	1.1367304	0.5655402	-2.4685739	1.2911004	0.9145079	-2.7149945	1.1162704	0.5277829	-2.4554744	1.2576604	0.9338347	-2.4382577	1.6392004	0.6691190	-2.6178319	1.1531404	0.6645275	-2.4669946	1.1545504	0.8431165	-2.4374972	1.1767804	0.5910125	-2.3611747	1.1740404	0.6772803	-2.6668997	0.7015404	0.6938697	-2.4849053	0.7098604	0.9242596	-2.5794477	0.7088604	0.7673202	-2.5483375	0.7066604	0.8318102	-2.5627800	0.2757504	0.6649202	-2.2451322	0.4427104	0.6742038	-2.5343778	0.2715204	0.7201921	-2.2913322	0.4320604	0.6383827	-2.6478668	0.2193604	0.6962129	-2.2399329	0.3435804	0.7058347	-2.6556031	0.2354804	0.7659248	-2.3071756	0.3237404	0.7110228	-2.7525463	1.0339004	0.5456796	-2.5311621	1.2292304	0.9554532	-2.7622526	1.0623704	0.6076430	-2.5599219	1.2804304	0.9352344	-2.4158582	1.2790104	0.6502584	-2.4030156	1.5130904	0.6385709	-2.6633490	0.2308504	0.8117111	-2.3448513	0.2983304	0.7081733	-2.2163846	0.4500804	0.6021193	-2.4974552	0.2328404	0.6520851	-2.5586350	1.8103004	0.7879708	-2.4711680	1.5539004	0.6993753	-2.5784856	1.5545504	0.5716545	-2.5682884	1.3144104	0.4618347	-2.7093001	1.1128704	0.5503542	-2.3638636	1.5532404	0.8271010	-2.2328448	1.3133504	0.8367235	-2.4677365	1.2623804	0.9168293	-2.4895765	1.0901204	0.7105528	-2.5577324	1.0918204	0.6385971	-2.6430579	0.6661204	0.7292726	-2.5398988	0.2624904	0.6938177	-2.4214248	1.0884304	0.7825174	-2.5080146	0.6797304	0.8899595	-2.2684793	0.4381104	0.6470862	-2.5466614	1.8285004	0.7303969	-2.4997650	1.8277304	0.7782827	-2.5216782	1.7639704	0.6557847	-2.4264049	1.7624504	0.7567815	-2.3459502	0.2785304	0.7285368	-2.2694427	0.2963404	0.7356133	-2.2163846	0.4500804	0.6021193	-2.6838709	0.2240004	0.8223334	-2.6959406	0.2141404	0.7404838	-2.5007707	0.2148004	0.6537058
197	3.6981132	-2.5268965	1.5829504	0.7462668	-2.5885329	1.6245104	0.6062386	-2.3927265	1.6258204	0.8301265	-2.5772666	1.3191804	0.4318953	-2.2163822	1.3217004	0.8581372	-2.5401419	1.3083904	0.4571511	-2.2279937	1.3045804	0.8141817	-2.7175563	1.1367204	0.5658355	-2.4691573	1.2908904	0.9149309	-2.7146682	1.1162304	0.5281005	-2.4560349	1.2574704	0.9342795	-2.4385053	1.6392104	0.6693897	-2.6179702	1.1531204	0.6647057	-2.4672772	1.1545704	0.8434150	-2.4375955	1.1768004	0.5913417	-2.3613341	1.1740804	0.6776694	-2.6669692	0.7015004	0.6939476	-2.4850368	0.7099204	0.9246837	-2.5795866	0.7088304	0.7674761	-2.5484516	0.7066704	0.8322204	-2.5627920	0.2757004	0.6651353	-2.2451309	0.4427904	0.6747451	-2.5344430	0.2714904	0.7204265	-2.2913217	0.4321004	0.6389282	-2.6479072	0.2193204	0.6963706	-2.2399200	0.3436804	0.7064696	-2.6557022	0.2354504	0.7660662	-2.3071669	0.3238504	0.7116668	-2.7522176	1.0338704	0.5460867	-2.5317009	1.2289804	0.9558750	-2.7619202	1.0624104	0.6080187	-2.5605156	1.2801204	0.9356086	-2.4160188	1.2790304	0.6506028	-2.4032124	1.5131004	0.6388984	-2.6634885	0.2308204	0.8118446	-2.3448420	0.2984404	0.7088397	-2.2163699	0.4501004	0.6026557	-2.4974563	0.2328004	0.6523715	-2.5592561	1.8103404	0.7878357	-2.4714434	1.5538804	0.6996110	-2.5785992	1.5544804	0.5717560	-2.5680437	1.3143504	0.4619488	-2.7089647	1.1128504	0.5506761	-2.3642918	1.5532904	0.8274751	-2.2333690	1.3133504	0.8373507	-2.4682927	1.2621704	0.9172650	-2.4897432	1.0901304	0.7108392	-2.5578423	1.0918004	0.6388328	-2.6431581	0.6660804	0.7293693	-2.5399325	0.2624504	0.6940557	-2.4216392	1.0884504	0.7828588	-2.5081371	0.6797704	0.8903879	-2.2684688	0.4381604	0.6476317	-2.5471079	1.8284904	0.7302659	-2.5003727	1.8277904	0.7783082	-2.5218522	1.7639004	0.6558028	-2.4268972	1.7625404	0.7571036	-2.3459404	0.2786504	0.7292255	-2.2694377	0.2964704	0.7362887	-2.2163699	0.4501004	0.6026557	-2.6840153	0.2239704	0.8224536	-2.6960137	0.2141104	0.7405932	-2.5007676	0.2147604	0.6539830
198	3.7169811	-2.5272426	1.5829604	0.7463702	-2.5887473	1.6244304	0.6062489	-2.3931668	1.6258704	0.8303846	-2.5770135	1.3190604	0.4319913	-2.2169167	1.3217204	0.8587155	-2.5399057	1.3083104	0.4572834	-2.2284835	1.3045904	0.8147587	-2.7172910	1.1366604	0.5660474	-2.4697329	1.2907404	0.9153135	-2.7143800	1.1161304	0.5283343	-2.4565918	1.2573504	0.9346929	-2.4387680	1.6392104	0.6695982	-2.6181393	1.1530904	0.6649027	-2.4675557	1.1545804	0.8437045	-2.4377120	1.1768104	0.5916626	-2.3615031	1.1741104	0.6780320	-2.6670296	0.7014404	0.6940298	-2.4851865	0.7099804	0.9250994	-2.5797164	0.7087904	0.7676363	-2.5485838	0.7066804	0.8326222	-2.5628040	0.2756504	0.6653504	-2.2452002	0.4427604	0.6753196	-2.5344991	0.2714404	0.7206651	-2.2914085	0.4320404	0.6395166	-2.6479386	0.2192704	0.6965325	-2.2399996	0.3437004	0.7071607	-2.6557873	0.2354004	0.7662251	-2.3072459	0.3238704	0.7123802	-2.7519281	1.0338004	0.5463651	-2.5322312	1.2288104	0.9562787	-2.7616537	1.0623804	0.6082754	-2.5610883	1.2799004	0.9359374	-2.4162065	1.2790304	0.6509345	-2.4034195	1.5131004	0.6391769	-2.6636051	0.2307804	0.8119999	-2.3449246	0.2984604	0.7095846	-2.2164483	0.4500004	0.6032261	-2.4974580	0.2327504	0.6526355	-2.5597926	1.8103804	0.7876848	-2.4717158	1.5538704	0.6997929	-2.5787188	1.5543904	0.5717995	-2.5678129	1.3142504	0.4620454	-2.7086897	1.1127804	0.5509147	-2.3647128	1.5533504	0.8277863	-2.2338902	1.3133604	0.8379242	-2.4688412	1.2620304	0.9176603	-2.4899189	1.0901304	0.7111213	-2.5579745	1.0917804	0.6390690	-2.6432536	0.6660304	0.7294793	-2.5399711	0.2624104	0.6942805	-2.4218632	1.0884704	0.7831737	-2.5082687	0.6798104	0.8908120	-2.2685472	0.4381004	0.6482020	-2.5475139	1.8284804	0.7301428	-2.5008923	1.8278404	0.7782866	-2.5220539	1.7638404	0.6557860	-2.4273430	1.7625904	0.7573261	-2.3460223	0.2787004	0.7299928	-2.2695112	0.2965204	0.7370378	-2.2164483	0.4500004	0.6032261	-2.6841324	0.2239204	0.8225866	-2.6960819	0.2140604	0.7407158	-2.5007645	0.2147104	0.6542603
199	3.7358491	-2.5276624	1.5829104	0.7465606	-2.5890578	1.6243404	0.6063469	-2.3936899	1.6258504	0.8307255	-2.5768944	1.3189904	0.4320909	-2.2174403	1.3217204	0.8591995	-2.5398035	1.3082604	0.4574193	-2.2289316	1.3046004	0.8152228	-2.7172130	1.1366104	0.5661169	-2.4702681	1.2904204	0.9155384	-2.7142839	1.1160704	0.5284122	-2.4571040	1.2570504	0.9349395	-2.4391316	1.6392104	0.6698811	-2.6183549	1.1530304	0.6650339	-2.4678583	1.1545704	0.8439275	-2.4378932	1.1767904	0.5919091	-2.3617326	1.1741204	0.6783111	-2.6671745	0.7013804	0.6941277	-2.4853924	0.7100104	0.9254227	-2.5799133	0.7087504	0.7677982	-2.5487722	0.7066704	0.8329315	-2.5628027	0.2756104	0.6655606	-2.2452900	0.4427704	0.6757963	-2.5345419	0.2714204	0.7208989	-2.2914761	0.4320204	0.6399927	-2.6479566	0.2192204	0.6966896	-2.2400870	0.3437404	0.7077268	-2.6558640	0.2353704	0.7663659	-2.3073242	0.3239104	0.7129506	-2.7518586	1.0337504	0.5464527	-2.5327223	1.2284204	0.9564800	-2.7616253	1.0623504	0.6083328	-2.5616253	1.2794704	0.9360952	-2.4164366	1.2790304	0.6511913	-2.4037064	1.5131104	0.6394845	-2.6637131	0.2307504	0.8121371	-2.3450066	0.2985004	0.7101863	-2.2165158	0.4499504	0.6037021	-2.4974417	0.2327204	0.6529079	-2.5603659	1.8103304	0.7878258	-2.4720806	1.5538204	0.7000310	-2.5789393	1.5543004	0.5719174	-2.5677162	1.3141904	0.4621457	-2.7085979	1.1127204	0.5510016	-2.3652177	1.5533304	0.8281357	-2.2343921	1.3133504	0.8383853	-2.4693449	1.2617104	0.9178888	-2.4901411	1.0901004	0.7113377	-2.5581666	1.0917404	0.6392443	-2.6434070	0.6659704	0.7295953	-2.5399916	0.2623704	0.6945137	-2.4221247	1.0884604	0.7834269	-2.5084655	0.6798204	0.8911395	-2.2686190	0.4380904	0.6486871	-2.5480110	1.8284404	0.7302861	-2.5014589	1.8278104	0.7785079	-2.5224200	1.7638004	0.6559794	-2.4278618	1.7625804	0.7576579	-2.3460994	0.2787504	0.7306078	-2.2695974	0.2965904	0.7376486	-2.2165158	0.4499504	0.6037021	-2.6842496	0.2238904	0.8227195	-2.6961369	0.2140104	0.7408337	-2.5007530	0.2146704	0.6545195
200	3.7547170	-2.5278805	1.5829704	0.7466024	-2.5891400	1.6242704	0.6062865	-2.3939677	1.6259604	0.8308717	-2.5766793	1.3187904	0.4322684	-2.2178805	1.3217704	0.8597887	-2.5396053	1.3080804	0.4576331	-2.2293313	1.3046204	0.8158198	-2.7171006	1.1366004	0.5664673	-2.4707586	1.2903904	0.9159276	-2.7141485	1.1160104	0.5287843	-2.4575793	1.2570504	0.9353909	-2.4392723	1.6391904	0.6699699	-2.6184902	1.1530104	0.6653239	-2.4680678	1.1545904	0.8442821	-2.4379994	1.1768004	0.5922788	-2.3618690	1.1741504	0.6787220	-2.6672331	0.7013404	0.6942769	-2.4854835	0.7100504	0.9258546	-2.5800281	0.7087104	0.7680206	-2.5488633	0.7066804	0.8333635	-2.5628196	0.2755804	0.6657624	-2.2453207	0.4428004	0.6763116	-2.5345986	0.2713904	0.7211152	-2.2915242	0.4320104	0.6405219	-2.6479928	0.2191804	0.6968382	-2.2401061	0.3438004	0.7083358	-2.6559449	0.2353304	0.7665157	-2.3073561	0.3239704	0.7135867	-2.7517926	1.0337304	0.5469027	-2.5331801	1.2284104	0.9569176	-2.7615690	1.0624204	0.6087562	-2.5621169	1.2793904	0.9364397	-2.4165833	1.2790304	0.6515532	-2.4038211	1.5130704	0.6397068	-2.6638164	0.2307104	0.8122876	-2.3450287	0.2985504	0.7108491	-2.2165604	0.4499104	0.6041999	-2.4974440	0.2326904	0.6531496	-2.5605828	1.8104604	0.7875811	-2.4722340	1.5538204	0.7001471	-2.5789658	1.5542004	0.5719271	-2.5675186	1.3140104	0.4623371	-2.7084890	1.1126804	0.5513834	-2.3655022	1.5534404	0.8283671	-2.2348190	1.3134004	0.8389696	-2.4698076	1.2616804	0.9183130	-2.4902794	1.0901104	0.7116815	-2.5582656	1.0917304	0.6395512	-2.6434830	0.6659304	0.7297585	-2.5400260	0.2623404	0.6947294	-2.4222889	1.0884904	0.7838027	-2.5085566	0.6798504	0.8915715	-2.2686587	0.4380904	0.6491982	-2.5481338	1.8285104	0.7300524	-2.5016559	1.8279104	0.7783388	-2.5224684	1.7637904	0.6558465	-2.4280497	1.7626304	0.7576586	-2.3461210	0.2788304	0.7312929	-2.2696195	0.2966804	0.7383114	-2.2165604	0.4499104	0.6041999	-2.6843534	0.2238304	0.8228476	-2.6961960	0.2139604	0.7409606	-2.5007595	0.2146404	0.6547702
201	3.7735849	-2.5282508	1.5829604	0.7466393	-2.5894807	1.6241504	0.6062600	-2.3943724	1.6260004	0.8309589	-2.5767463	1.3185604	0.4324358	-2.2183215	1.3218004	0.8600244	-2.5396808	1.3078904	0.4578186	-2.2297409	1.3046404	0.8160592	-2.7171391	1.1365204	0.5668575	-2.4711826	1.2901904	0.9161271	-2.7141997	1.1158804	0.5292017	-2.4579713	1.2568904	0.9356164	-2.4396288	1.6391704	0.6700244	-2.6187113	1.1529604	0.6654194	-2.4683632	1.1545904	0.8444423	-2.4381957	1.1767804	0.5924632	-2.3620961	1.1741604	0.6789250	-2.6673611	0.7012704	0.6943386	-2.4856683	0.7100904	0.9261326	-2.5802038	0.7086704	0.7681372	-2.5490438	0.7066704	0.8336324	-2.5628364	0.2755304	0.6659642	-2.2454656	0.4427404	0.6767406	-2.5346420	0.2713604	0.7213267	-2.2916643	0.4319204	0.6409642	-2.6480152	0.2191204	0.6970043	-2.2402570	0.3437804	0.7088723	-2.6560077	0.2352904	0.7666740	-2.3074973	0.3239604	0.7141498	-2.7518680	1.0336404	0.5474193	-2.5335310	1.2281804	0.9571732	-2.7616275	1.0624104	0.6092365	-2.5625271	1.2791204	0.9366567	-2.4168334	1.2790204	0.6517345	-2.4041310	1.5130504	0.6398272	-2.6639064	0.2306804	0.8124332	-2.3451735	0.2985404	0.7114436	-2.2167010	0.4497804	0.6046198	-2.4974415	0.2326504	0.6534045	-2.5610505	1.8104704	0.7874955	-2.4725765	1.5537704	0.7002191	-2.5792516	1.5540604	0.5719483	-2.5675947	1.3138204	0.4625003	-2.7085312	1.1125804	0.5518051	-2.3658973	1.5534704	0.8284808	-2.2352509	1.3134204	0.8392096	-2.4702044	1.2614904	0.9185252	-2.4905077	1.0900904	0.7118398	-2.5584631	1.0916904	0.6396908	-2.6436328	0.6658704	0.7298431	-2.5400603	0.2623004	0.6949451	-2.4225474	1.0884904	0.7840021	-2.5087365	0.6798704	0.8918627	-2.2688035	0.4380104	0.6496272	-2.5485567	1.8284904	0.7299655	-2.5021180	1.8279204	0.7782888	-2.5228139	1.7637404	0.6558067	-2.4284822	1.7626404	0.7577106	-2.3462743	0.2788404	0.7319055	-2.2697644	0.2967004	0.7389059	-2.2167010	0.4497804	0.6046198	-2.6844615	0.2238004	0.8229848	-2.6962461	0.2139104	0.7410917	-2.5007480	0.2146004	0.6550294
202	3.7924528	-2.5285970	1.5829304	0.7467427	-2.5897574	1.6240504	0.6062855	-2.3947874	1.6260004	0.8311626	-2.5766937	1.3184204	0.4325596	-2.2187503	1.3218104	0.8603762	-2.5396451	1.3077704	0.4579786	-2.2301298	1.3046504	0.8163964	-2.7171524	1.1364604	0.5670279	-2.4716248	1.2899604	0.9163181	-2.7141990	1.1158004	0.5293896	-2.4583815	1.2566804	0.9358334	-2.4399374	1.6391504	0.6701894	-2.6189088	1.1529104	0.6655590	-2.4686217	1.1545804	0.8446418	-2.4383732	1.1767604	0.5926783	-2.3623087	1.1741604	0.6791679	-2.6674922	0.7012104	0.6944540	-2.4858483	0.7101204	0.9264238	-2.5803917	0.7086304	0.7683034	-2.5492147	0.7066504	0.8339279	-2.5628442	0.2754804	0.6661702	-2.2455923	0.4426904	0.6771780	-2.5346849	0.2713304	0.7215605	-2.2917819	0.4318404	0.6414058	-2.6480332	0.2190704	0.6971614	-2.2403632	0.3437704	0.7094076	-2.6560795	0.2352504	0.7668281	-2.3076161	0.3239604	0.7147123	-2.7519023	1.0335904	0.5476349	-2.5339194	1.2279104	0.9573672	-2.7616939	1.0624004	0.6094262	-2.5629662	1.2787904	0.9367940	-2.4170466	1.2790104	0.6519551	-2.4043895	1.5130304	0.6400266	-2.6640006	0.2306404	0.8125879	-2.3452960	0.2985304	0.7120374	-2.2168235	0.4496604	0.6050482	-2.4974390	0.2326104	0.6536595	-2.5614655	1.8104504	0.7875337	-2.4728725	1.5537204	0.7003569	-2.5794515	1.5539504	0.5719985	-2.5675554	1.3136904	0.4626289	-2.7085438	1.1125104	0.5519978	-2.3662935	1.5534804	0.8287153	-2.2356622	1.3134204	0.8395474	-2.4706194	1.2612604	0.9187289	-2.4907034	1.0900604	0.7120465	-2.5586328	1.0916404	0.6398655	-2.6437814	0.6658104	0.7299724	-2.5400857	0.2622704	0.6951650	-2.4227830	1.0884804	0.7842233	-2.5089026	0.6798804	0.8921715	-2.2689122	0.4379304	0.6500731	-2.5489221	1.8284704	0.7300157	-2.5025228	1.8279004	0.7783759	-2.5231293	1.7637104	0.6558914	-2.4288718	1.7626204	0.7578600	-2.3463919	0.2788504	0.7325127	-2.2698735	0.2967204	0.7394949	-2.2168235	0.4496604	0.6050482	-2.6845606	0.2237604	0.8231262	-2.6962962	0.2138604	0.7412228	-2.5007413	0.2145604	0.6552753
